threshold_id,threshold_label,min_usd,hourly_fraction,threshold_passed,symbol,cohort,pump_ts,pump_utc,pump_episode_end_ts,support,pump_high,correction_ts,correction_utc,liq_window_start_ts,liq_window_end_ts,long_liq_notional_usd,hour_futures_notional_usd,liq_threshold_usd,flow_ts,flow_utc,flow_notional_usd,flow_baseline_median_usd,flow_threshold_usd,outcome_ts,outcome_utc,support_retest_ts,support_retest_utc,outcome,reason
soft_25k_0_5pct,"$25,000 / 0.5%",25000.0,0.005,False,WLDUSDT,primary,1780342200,2026-06-01T19:30:00+00:00,1780344000,,0.4458,,,,,,,,,,,,,,,,,not_reached,correction_not_found_in_12h
soft_25k_0_5pct,"$25,000 / 0.5%",25000.0,0.005,False,WLDUSDT,primary,1780348500,2026-06-01T21:15:00+00:00,1780352100,0.4056,0.4463,1780388100,2026-06-02T08:15:00+00:00,1780388100,1780391700,7622.2046000014325,1999824.9456,25000.0,,,,,,,,,,not_reached,long_liquidation_threshold_not_met
soft_25k_0_5pct,"$25,000 / 0.5%",25000.0,0.005,False,WLDUSDT,primary,1780353900,2026-06-01T22:45:00+00:00,1780353900,0.4056,0.4463,1780388100,2026-06-02T08:15:00+00:00,1780388100,1780391700,7622.2046000014325,1999824.9456,25000.0,,,,,,,,,,not_reached,long_liquidation_threshold_not_met
soft_25k_0_5pct,"$25,000 / 0.5%",25000.0,0.005,False,WLDUSDT,primary,1780470900,2026-06-03T07:15:00+00:00,1780472700,,0.4589,,,,,,,,,,,,,,,,,not_reached,correction_not_found_in_12h
soft_25k_0_5pct,"$25,000 / 0.5%",25000.0,0.005,False,WLDUSDT,primary,1780476300,2026-06-03T08:45:00+00:00,1780477200,,0.4663,,,,,,,,,,,,,,,,,not_reached,correction_not_found_in_12h
soft_25k_0_5pct,"$25,000 / 0.5%",25000.0,0.005,True,WLDUSDT,primary,1780479000,2026-06-03T09:30:00+00:00,1780501500,0.4705,0.5393,1780538400,2026-06-04T02:00:00+00:00,1780538400,1780542000,46622.920700003764,7860041.491999999,39300.20746,,,,,,,,,,not_reached,missing_5m_coverage:candle_fetch_error:Gate request failed for /candlesticks: 400 Client Error: Bad Request for url: https://api.gateio.ws/api/v4/futures/usdt/candlesticks?contract=WLD_USDT&interval=5m&from=1780455600&to=1780563599
soft_25k_0_5pct,"$25,000 / 0.5%",25000.0,0.005,False,ENAUSDT,primary,1780481700,2026-06-03T10:15:00+00:00,1780486200,,0.10743,,,,,,,,,,,,,,,,,not_reached,correction_not_found_in_12h
soft_25k_0_5pct,"$25,000 / 0.5%",25000.0,0.005,False,ENAUSDT,primary,1780495200,2026-06-03T14:00:00+00:00,1780495200,0.10019,0.1136,1780538400,2026-06-04T02:00:00+00:00,1780538400,1780542000,3694.4408700013323,1328270.4748,25000.0,,,,,,,,,,not_reached,long_liquidation_threshold_not_met
soft_25k_0_5pct,"$25,000 / 0.5%",25000.0,0.005,True,WLDUSDT,primary,1780503300,2026-06-03T16:15:00+00:00,1780505100,0.4705,0.543,1780538400,2026-06-04T02:00:00+00:00,1780538400,1780542000,46622.920700003764,7860041.491999999,39300.20746,,,,,,,,,,not_reached,missing_5m_coverage:candle_fetch_error:Gate request failed for /candlesticks: 400 Client Error: Bad Request for url: https://api.gateio.ws/api/v4/futures/usdt/candlesticks?contract=WLD_USDT&interval=5m&from=1780455600&to=1780563599
soft_25k_0_5pct,"$25,000 / 0.5%",25000.0,0.005,False,PROMUSDT,primary,1780512300,2026-06-03T18:45:00+00:00,1780512300,,1.049,,,,,,,,,,,,,,,,,not_reached,correction_not_found_in_12h
soft_25k_0_5pct,"$25,000 / 0.5%",25000.0,0.005,False,WLDUSDT,primary,1780590600,2026-06-04T16:30:00+00:00,1780593300,0.5467,0.6313,1780594200,2026-06-04T17:30:00+00:00,1780594200,1780597800,14084.793199999316,6763504.667199999,33817.523336,,,,,,,,,,not_reached,long_liquidation_threshold_not_met
soft_25k_0_5pct,"$25,000 / 0.5%",25000.0,0.005,True,WLDUSDT,primary,1780596900,2026-06-04T18:15:00+00:00,1780599600,0.5383,0.6313,1780600500,2026-06-04T19:15:00+00:00,1780600500,1780604100,45536.53070602886,2446223.9756,25000.0,,,,,,,,,,not_reached,missing_5m_coverage:candle_fetch_error:Gate request failed for /candlesticks: 400 Client Error: Bad Request for url: https://api.gateio.ws/api/v4/futures/usdt/candlesticks?contract=WLD_USDT&interval=5m&from=1780517700&to=1780625699
soft_25k_0_5pct,"$25,000 / 0.5%",25000.0,0.005,True,WLDUSDT,primary,1780601400,2026-06-04T19:30:00+00:00,1780603200,0.521,0.6313,1780604100,2026-06-04T20:15:00+00:00,1780604100,1780607700,28085.01649995832,2563824.7533,25000.0,,,,,,,,,,not_reached,missing_5m_coverage:candle_fetch_error:Gate request failed for /candlesticks: 400 Client Error: Bad Request for url: https://api.gateio.ws/api/v4/futures/usdt/candlesticks?contract=WLD_USDT&interval=5m&from=1780521300&to=1780629299
soft_25k_0_5pct,"$25,000 / 0.5%",25000.0,0.005,True,ZECUSDT,primary,1780671600,2026-06-05T15:00:00+00:00,1780671600,320.75,357.96,1780672500,2026-06-05T15:15:00+00:00,1780672500,1780676100,1783745.4799999995,7159993.2817,35799.966408500004,,,,,,,,,,not_reached,missing_5m_candle:1780676100
soft_25k_0_5pct,"$25,000 / 0.5%",25000.0,0.005,True,ZECUSDT,primary,1780689600,2026-06-05T20:00:00+00:00,1780696800,351.28,383.33,1780720200,2026-06-06T04:30:00+00:00,1780720200,1780723800,2165417.2299999995,7819433.1625,39097.165812499996,,,,,,,,,,not_reached,missing_5m_candle:1780723800
soft_25k_0_5pct,"$25,000 / 0.5%",25000.0,0.005,True,ZECUSDT,primary,1780702200,2026-06-05T23:30:00+00:00,1780705800,356.19,399.75,1780715700,2026-06-06T03:15:00+00:00,1780715700,1780719300,871437.6300000001,4402257.7926,25000.0,,,,,,,,,,not_reached,missing_5m_candle:1780719300
soft_25k_0_5pct,"$25,000 / 0.5%",25000.0,0.005,True,ZECUSDT,primary,1780712100,2026-06-06T02:15:00+00:00,1780712100,356.19,399.75,1780715700,2026-06-06T03:15:00+00:00,1780715700,1780719300,871437.6300000001,4402257.7926,25000.0,,,,,,,,,,not_reached,missing_5m_candle:1780719300
soft_25k_0_5pct,"$25,000 / 0.5%",25000.0,0.005,True,ZECUSDT,primary,1780713900,2026-06-06T02:45:00+00:00,1780714800,356.19,399.75,1780715700,2026-06-06T03:15:00+00:00,1780715700,1780719300,871437.6300000001,4402257.7926,25000.0,,,,,,,,,,not_reached,missing_5m_candle:1780719300
soft_25k_0_5pct,"$25,000 / 0.5%",25000.0,0.005,False,WLDUSDT,primary,1780794900,2026-06-07T01:15:00+00:00,1780796700,0.4153,0.4731,1780823700,2026-06-07T09:15:00+00:00,1780823700,1780827300,11590.576400001937,2218779.9820999997,25000.0,,,,,,,,,,not_reached,long_liquidation_threshold_not_met
soft_25k_0_5pct,"$25,000 / 0.5%",25000.0,0.005,False,ZECUSDT,primary,1780812900,2026-06-07T06:15:00+00:00,1780814700,,416.29,,,,,,,,,,,,,,,,,not_reached,correction_not_found_in_12h
soft_25k_0_5pct,"$25,000 / 0.5%",25000.0,0.005,False,WLDUSDT,primary,1780855200,2026-06-07T18:00:00+00:00,1780855200,0.4576,0.5133,1780858800,2026-06-07T19:00:00+00:00,1780858800,1780862400,5276.906400001304,1608730.2192,25000.0,,,,,,,,,,not_reached,long_liquidation_threshold_not_met
soft_25k_0_5pct,"$25,000 / 0.5%",25000.0,0.005,False,SOXLUSDT,primary,1780930800,2026-06-08T15:00:00+00:00,1780930800,,220.15,,,,,,,,,,,,,,,,,not_reached,correction_not_found_in_12h
soft_25k_0_5pct,"$25,000 / 0.5%",25000.0,0.005,True,WLDUSDT,primary,1780941600,2026-06-08T18:00:00+00:00,1780949700,0.5032,0.5788,1780953300,2026-06-08T21:15:00+00:00,1780953300,1780956900,200798.22096678597,2413383.6825,25000.0,,,,,,,,,,not_reached,missing_5m_candle:1780956900
soft_25k_0_5pct,"$25,000 / 0.5%",25000.0,0.005,False,SOXLUSDT,primary,1781049600,2026-06-10T00:00:00+00:00,1781052300,186.64,205.01,1781065800,2026-06-10T04:30:00+00:00,1781065800,1781069400,0,110396.9566,25000.0,,,,,,,,,,not_reached,long_liquidation_threshold_not_met
soft_25k_0_5pct,"$25,000 / 0.5%",25000.0,0.005,False,SOXLUSDT,primary,1781208900,2026-06-11T20:15:00+00:00,1781208900,,225.46,,,,,,,,,,,,,,,,,not_reached,correction_not_found_in_12h
soft_25k_0_5pct,"$25,000 / 0.5%",25000.0,0.005,False,SOXLUSDT,primary,1781212500,2026-06-11T21:15:00+00:00,1781212500,,225.46,,,,,,,,,,,,,,,,,not_reached,correction_not_found_in_12h
soft_25k_0_5pct,"$25,000 / 0.5%",25000.0,0.005,False,SOXLUSDT,primary,1781217900,2026-06-11T22:45:00+00:00,1781217900,,228.83,,,,,,,,,,,,,,,,,not_reached,correction_not_found_in_12h
soft_25k_0_5pct,"$25,000 / 0.5%",25000.0,0.005,False,SOXLUSDT,primary,1781223300,2026-06-12T00:15:00+00:00,1781223300,210.94,231.12,1781247600,2026-06-12T07:00:00+00:00,1781247600,1781251200,2553.12,154819.2561,25000.0,,,,,,,,,,not_reached,long_liquidation_threshold_not_met
soft_25k_0_5pct,"$25,000 / 0.5%",25000.0,0.005,False,SOXLUSDT,primary,1781225100,2026-06-12T00:45:00+00:00,1781226000,210.94,234.0,1781247600,2026-06-12T07:00:00+00:00,1781247600,1781251200,2553.12,154819.2561,25000.0,,,,,,,,,,not_reached,long_liquidation_threshold_not_met
soft_25k_0_5pct,"$25,000 / 0.5%",25000.0,0.005,True,TRUMPUSDT,primary,1781256600,2026-06-12T09:30:00+00:00,1781270100,2.002,2.217,1781271000,2026-06-12T13:30:00+00:00,1781271000,1781274600,56676.84400000287,2213937.4229,25000.0,,,,,,,,,,not_reached,missing_5m_coverage:candle_fetch_error:Gate request failed for /candlesticks: 400 Client Error: Bad Request for url: https://api.gateio.ws/api/v4/futures/usdt/candlesticks?contract=TRUMP_USDT&interval=5m&from=1781188200&to=1781296199
soft_25k_0_5pct,"$25,000 / 0.5%",25000.0,0.005,False,TRUMPUSDT,primary,1781271900,2026-06-12T13:45:00+00:00,1781271900,1.967,2.217,1781272800,2026-06-12T14:00:00+00:00,1781272800,1781276400,15580.682000000452,2126505.3287,25000.0,,,,,,,,,,not_reached,long_liquidation_threshold_not_met
soft_25k_0_5pct,"$25,000 / 0.5%",25000.0,0.005,True,TRUMPUSDT,primary,1781275500,2026-06-12T14:45:00+00:00,1781278200,1.996,2.217,1781288100,2026-06-12T18:15:00+00:00,1781288100,1781291700,45775.075,989658.6259999999,25000.0,,,,,,,,,,not_reached,missing_5m_coverage:candle_fetch_error:Gate request failed for /candlesticks: 400 Client Error: Bad Request for url: https://api.gateio.ws/api/v4/futures/usdt/candlesticks?contract=TRUMP_USDT&interval=5m&from=1781205300&to=1781313299
soft_25k_0_5pct,"$25,000 / 0.5%",25000.0,0.005,False,TAOUSDT,primary,1781349300,2026-06-13T11:15:00+00:00,1781349300,,249.3,,,,,,,,,,,,,,,,,not_reached,correction_not_found_in_12h
soft_25k_0_5pct,"$25,000 / 0.5%",25000.0,0.005,False,TAOUSDT,primary,1781356500,2026-06-13T13:15:00+00:00,1781362800,,269.1,,,,,,,,,,,,,,,,,not_reached,correction_not_found_in_12h
soft_25k_0_5pct,"$25,000 / 0.5%",25000.0,0.005,False,ZHIPUUSDT,primary,1781487000,2026-06-15T01:30:00+00:00,1781514900,169.54,189.69,1781516700,2026-06-15T09:45:00+00:00,1781516700,1781520300,6063.049999999999,1291.1358,25000.0,,,,,,,,,,not_reached,long_liquidation_threshold_not_met
soft_25k_0_5pct,"$25,000 / 0.5%",25000.0,0.005,False,WLDUSDT,primary,1781492400,2026-06-15T03:00:00+00:00,1781500500,,0.6091,,,,,,,,,,,,,,,,,not_reached,correction_not_found_in_12h
soft_25k_0_5pct,"$25,000 / 0.5%",25000.0,0.005,False,WLDUSDT,primary,1781502300,2026-06-15T05:45:00+00:00,1781502300,,0.6091,,,,,,,,,,,,,,,,,not_reached,correction_not_found_in_12h
soft_25k_0_5pct,"$25,000 / 0.5%",25000.0,0.005,False,SPCXUSDT,primary,1781561700,2026-06-15T22:15:00+00:00,1781561700,,197.71,,,,,,,,,,,,,,,,,not_reached,correction_not_found_in_12h
soft_25k_0_5pct,"$25,000 / 0.5%",25000.0,0.005,False,SPCXUSDT,primary,1781565300,2026-06-15T23:15:00+00:00,1781566200,,202.06,,,,,,,,,,,,,,,,,not_reached,correction_not_found_in_12h
soft_25k_0_5pct,"$25,000 / 0.5%",25000.0,0.005,True,SPCXUSDT,primary,1781568900,2026-06-16T00:15:00+00:00,1781572500,209.03,227.92,1781573400,2026-06-16T01:30:00+00:00,1781573400,1781577000,1398361.520000001,6391954.4496,31959.772248,,,,,,,,,,not_reached,missing_5m_candle:1781577000
soft_25k_0_5pct,"$25,000 / 0.5%",25000.0,0.005,True,SPCXUSDT,primary,1781575200,2026-06-16T02:00:00+00:00,1781577000,206.09,227.92,1781587800,2026-06-16T05:30:00+00:00,1781587800,1781591400,382669.79000000027,2567695.0038,25000.0,,,,,,,,,,not_reached,missing_5m_candle:1781591400
soft_25k_0_5pct,"$25,000 / 0.5%",25000.0,0.005,True,SPCXUSDT,primary,1781578800,2026-06-16T03:00:00+00:00,1781579700,206.09,227.92,1781587800,2026-06-16T05:30:00+00:00,1781587800,1781591400,382669.79000000027,2567695.0038,25000.0,,,,,,,,,,not_reached,missing_5m_candle:1781591400
soft_25k_0_5pct,"$25,000 / 0.5%",25000.0,0.005,False,ZHIPUUSDT,primary,1781674200,2026-06-17T05:30:00+00:00,1781676000,192.28,220.0,1781676900,2026-06-17T06:15:00+00:00,1781676900,1781680500,0,69204.66589999999,25000.0,,,,,,,,,,not_reached,long_liquidation_threshold_not_met
soft_25k_0_5pct,"$25,000 / 0.5%",25000.0,0.005,False,ZHIPUUSDT,primary,1781678700,2026-06-17T06:45:00+00:00,1781681400,200.39,220.0,1781682300,2026-06-17T07:45:00+00:00,1781682300,1781685900,0,32572.146299999997,25000.0,,,,,,,,,,not_reached,long_liquidation_threshold_not_met
soft_25k_0_5pct,"$25,000 / 0.5%",25000.0,0.005,False,ZHIPUUSDT,primary,1781748000,2026-06-18T02:00:00+00:00,1781774100,,259.27,,,,,,,,,,,,,,,,,not_reached,correction_not_found_in_12h
soft_25k_0_5pct,"$25,000 / 0.5%",25000.0,0.005,False,AKEUSDT,primary,1781960400,2026-06-20T13:00:00+00:00,1781960400,,0.0004034,,,,,,,,,,,,,,,,,not_reached,correction_not_found_in_12h
soft_25k_0_5pct,"$25,000 / 0.5%",25000.0,0.005,False,BTRUSDT,primary,1782006300,2026-06-21T01:45:00+00:00,1782033300,0.02363,0.02833,1782034200,2026-06-21T09:30:00+00:00,1782034200,1782037800,0,45453.788,25000.0,,,,,,,,,,not_reached,long_liquidation_threshold_not_met
soft_25k_0_5pct,"$25,000 / 0.5%",25000.0,0.005,True,ZHIPUUSDT,primary,1782091800,2026-06-22T01:30:00+00:00,1782091800,303.0,364.83,1782092700,2026-06-22T01:45:00+00:00,1782092700,1782096300,33178.720000000016,79068.3528,25000.0,,,,,,,,,,not_reached,missing_5m_coverage:candle_fetch_error:Gate request failed for /candlesticks: 400 Client Error: Bad Request for url: https://api.gateio.ws/api/v4/futures/usdt/candlesticks?contract=ZHIPU_USDT&interval=5m&from=1782009900&to=1782117899
soft_25k_0_5pct,"$25,000 / 0.5%",25000.0,0.005,True,ZHIPUUSDT,primary,1782093600,2026-06-22T02:00:00+00:00,1782094500,306.89,370.58,1782095400,2026-06-22T02:30:00+00:00,1782095400,1782099000,114617.41000000003,60868.888300000006,25000.0,,,,,,,,,,not_reached,missing_5m_candle:1782099000
soft_25k_0_5pct,"$25,000 / 0.5%",25000.0,0.005,False,ZHIPUUSDT,primary,1782099000,2026-06-22T03:30:00+00:00,1782099000,314.68,370.58,1782099900,2026-06-22T03:45:00+00:00,1782099900,1782103500,0,52904.6858,25000.0,,,,,,,,,,not_reached,long_liquidation_threshold_not_met
soft_25k_0_5pct,"$25,000 / 0.5%",25000.0,0.005,False,ZHIPUUSDT,primary,1782100800,2026-06-22T04:00:00+00:00,1782103500,304.54,370.58,1782104400,2026-06-22T05:00:00+00:00,1782104400,1782108000,2857.59,33149.8842,25000.0,,,,,,,,,,not_reached,long_liquidation_threshold_not_met
soft_25k_0_5pct,"$25,000 / 0.5%",25000.0,0.005,False,ZHIPUUSDT,primary,1782112500,2026-06-22T07:15:00+00:00,1782112500,306.66,370.58,1782113400,2026-06-22T07:30:00+00:00,1782113400,1782117000,0,10264.6624,25000.0,,,,,,,,,,not_reached,long_liquidation_threshold_not_met
soft_25k_0_5pct,"$25,000 / 0.5%",25000.0,0.005,False,ZHIPUUSDT,primary,1782118800,2026-06-22T09:00:00+00:00,1782119700,311.59,370.58,1782120600,2026-06-22T09:30:00+00:00,1782120600,1782124200,0,92328.68590000001,25000.0,,,,,,,,,,not_reached,long_liquidation_threshold_not_met
soft_25k_0_5pct,"$25,000 / 0.5%",25000.0,0.005,False,SOXLUSDT,primary,1782336600,2026-06-24T21:30:00+00:00,1782336600,,265.84,,,,,,,,,,,,,,,,,not_reached,correction_not_found_in_12h
soft_25k_0_5pct,"$25,000 / 0.5%",25000.0,0.005,False,MUUSDT,primary,1782342000,2026-06-24T23:00:00+00:00,1782345600,,1226.15,,,,,,,,,,,,,,,,,not_reached,correction_not_found_in_12h
soft_25k_0_5pct,"$25,000 / 0.5%",25000.0,0.005,False,SOXLUSDT,primary,1782343800,2026-06-24T23:30:00+00:00,1782343800,,265.84,,,,,,,,,,,,,,,,,not_reached,correction_not_found_in_12h
soft_25k_0_5pct,"$25,000 / 0.5%",25000.0,0.005,False,MUUSDT,primary,1782349200,2026-06-25T01:00:00+00:00,1782359100,,1226.15,,,,,,,,,,,,,,,,,not_reached,correction_not_found_in_12h
soft_25k_0_5pct,"$25,000 / 0.5%",25000.0,0.005,True,SOXLUSDT,primary,1782350100,2026-06-25T01:15:00+00:00,1782351900,225.77,265.84,1782395100,2026-06-25T13:45:00+00:00,1782395100,1782398700,35343558.14064079,6687736.2798,33438.681399,,,,,,,,,,not_reached,missing_5m_candle:1782398700
soft_25k_0_5pct,"$25,000 / 0.5%",25000.0,0.005,True,SOXLUSDT,primary,1782355500,2026-06-25T02:45:00+00:00,1782358200,225.77,265.84,1782395100,2026-06-25T13:45:00+00:00,1782395100,1782398700,35343558.14064079,6687736.2798,33438.681399,,,,,,,,,,not_reached,missing_5m_candle:1782398700
soft_25k_0_5pct,"$25,000 / 0.5%",25000.0,0.005,False,DRAMUSDT,primary,1782356400,2026-06-25T03:00:00+00:00,1782356400,73.66,81.55,1782395100,2026-06-25T13:45:00+00:00,1782395100,1782398700,4884.22,1177681.5750000002,25000.0,,,,,,,,,,not_reached,long_liquidation_threshold_not_met
soft_25k_0_5pct,"$25,000 / 0.5%",25000.0,0.005,False,SOXLUSDT,primary,1782770400,2026-06-29T22:00:00+00:00,1782770400,,239.08,,,,,,,,,,,,,,,,,not_reached,correction_not_found_in_12h
soft_25k_0_5pct,"$25,000 / 0.5%",25000.0,0.005,False,UNIUSDT,primary,1783012500,2026-07-02T17:15:00+00:00,1783012500,,3.287,,,,,,,,,,,,,,,,,not_reached,correction_not_found_in_12h
soft_25k_0_5pct,"$25,000 / 0.5%",25000.0,0.005,False,ZHIPUUSDT,primary,1783042200,2026-07-03T01:30:00+00:00,1783057500,229.45,262.36,1783058400,2026-07-03T06:00:00+00:00,1783058400,1783062000,0,12853.6645,25000.0,,,,,,,,,,not_reached,long_liquidation_threshold_not_met
soft_25k_0_5pct,"$25,000 / 0.5%",25000.0,0.005,False,AKEUSDT,primary,1783074600,2026-07-03T10:30:00+00:00,1783090800,0.0004693,0.0005135,1783094400,2026-07-03T16:00:00+00:00,1783094400,1783098000,0,72799.69369999999,25000.0,,,,,,,,,,not_reached,long_liquidation_threshold_not_met
soft_25k_0_5pct,"$25,000 / 0.5%",25000.0,0.005,False,ZHIPUUSDT,primary,1783476000,2026-07-08T02:00:00+00:00,1783477800,,234.77,,,,,,,,,,,,,,,,,not_reached,correction_not_found_in_12h
soft_25k_0_5pct,"$25,000 / 0.5%",25000.0,0.005,False,ZHIPUUSDT,primary,1783479600,2026-07-08T03:00:00+00:00,1783503000,216.67,242.56,1783509300,2026-07-08T11:15:00+00:00,1783509300,1783512900,0,37421.1388,25000.0,,,,,,,,,,not_reached,long_liquidation_threshold_not_met
soft_25k_0_5pct,"$25,000 / 0.5%",25000.0,0.005,False,SOXLUSDT,primary,1783530000,2026-07-08T17:00:00+00:00,1783530900,,176.59,,,,,,,,,,,,,,,,,not_reached,correction_not_found_in_12h
soft_25k_0_5pct,"$25,000 / 0.5%",25000.0,0.005,False,SOXLUSDT,primary,1783533600,2026-07-08T18:00:00+00:00,1783533600,,176.97,,,,,,,,,,,,,,,,,not_reached,correction_not_found_in_12h
soft_25k_0_5pct,"$25,000 / 0.5%",25000.0,0.005,False,SOXLUSDT,primary,1783538100,2026-07-08T19:15:00+00:00,1783538100,,176.97,,,,,,,,,,,,,,,,,not_reached,correction_not_found_in_12h
soft_25k_0_5pct,"$25,000 / 0.5%",25000.0,0.005,False,ZHIPUUSDT,primary,1783560600,2026-07-09T01:30:00+00:00,1783563300,241.0,277.59,1783564200,2026-07-09T02:30:00+00:00,1783564200,1783567800,0,130216.1679,25000.0,,,,,,,,,,not_reached,long_liquidation_threshold_not_met
soft_25k_0_5pct,"$25,000 / 0.5%",25000.0,0.005,False,ZHIPUUSDT,primary,1783567800,2026-07-09T03:30:00+00:00,1783568700,247.97,277.59,1783569600,2026-07-09T04:00:00+00:00,1783569600,1783573200,0,11915.3888,25000.0,,,,,,,,,,not_reached,long_liquidation_threshold_not_met
soft_25k_0_5pct,"$25,000 / 0.5%",25000.0,0.005,False,ZHIPUUSDT,primary,1783571400,2026-07-09T04:30:00+00:00,1783573200,236.77,277.59,1783574100,2026-07-09T05:15:00+00:00,1783574100,1783577700,0,29688.0795,25000.0,,,,,,,,,,not_reached,long_liquidation_threshold_not_met
soft_25k_0_5pct,"$25,000 / 0.5%",25000.0,0.005,False,ZHIPUUSDT,primary,1783584000,2026-07-09T08:00:00+00:00,1783586700,248.2,277.59,1783587600,2026-07-09T09:00:00+00:00,1783587600,1783591200,0,14049.8604,25000.0,,,,,,,,,,not_reached,long_liquidation_threshold_not_met
soft_25k_0_5pct,"$25,000 / 0.5%",25000.0,0.005,False,PUMPUSDT,primary,1784080800,2026-07-15T02:00:00+00:00,1784080800,,0.001664,,,,,,,,,,,,,,,,,not_reached,correction_not_found_in_12h
soft_25k_0_5pct,"$25,000 / 0.5%",25000.0,0.005,False,PUMPUSDT,primary,1784087100,2026-07-15T03:45:00+00:00,1784088000,,0.001668,,,,,,,,,,,,,,,,,not_reached,correction_not_found_in_12h
soft_25k_0_5pct,"$25,000 / 0.5%",25000.0,0.005,False,PUMPUSDT,primary,1784089800,2026-07-15T04:30:00+00:00,1784090700,,0.001669,,,,,,,,,,,,,,,,,not_reached,correction_not_found_in_12h
soft_25k_0_5pct,"$25,000 / 0.5%",25000.0,0.005,False,AKEUSDT,primary,1784090700,2026-07-15T04:45:00+00:00,1784131200,0.0006025,0.0009199,1784132100,2026-07-15T16:15:00+00:00,1784132100,1784135700,32.922578174689,6031570.052300001,30157.850261500003,,,,,,,,,,not_reached,long_liquidation_threshold_not_met
soft_25k_0_5pct,"$25,000 / 0.5%",25000.0,0.005,False,AKEUSDT,primary,1784138400,2026-07-15T18:00:00+00:00,1784139300,0.0005626,0.0009199,1784140200,2026-07-15T18:30:00+00:00,1784140200,1784143800,9.908369898703,5606781.868600001,28033.909343000003,,,,,,,,,,not_reached,long_liquidation_threshold_not_met
soft_25k_0_5pct,"$25,000 / 0.5%",25000.0,0.005,False,AKEUSDT,primary,1784143800,2026-07-15T19:30:00+00:00,1784146500,0.0006713,0.0009199,1784147400,2026-07-15T20:30:00+00:00,1784147400,1784151000,0,1592667.9592,25000.0,,,,,,,,,,not_reached,long_liquidation_threshold_not_met
soft_25k_0_5pct,"$25,000 / 0.5%",25000.0,0.005,False,AKEUSDT,primary,1784169000,2026-07-16T02:30:00+00:00,1784169900,0.0007016,0.000786,1784181600,2026-07-16T06:00:00+00:00,1784181600,1784185200,128.07845742639955,6647925.0806,33239.625403,,,,,,,,,,not_reached,long_liquidation_threshold_not_met
soft_25k_0_5pct,"$25,000 / 0.5%",25000.0,0.005,False,AKEUSDT,primary,1784171700,2026-07-16T03:15:00+00:00,1784171700,0.0007016,0.000786,1784181600,2026-07-16T06:00:00+00:00,1784181600,1784185200,128.07845742639955,6647925.0806,33239.625403,,,,,,,,,,not_reached,long_liquidation_threshold_not_met
soft_25k_0_5pct,"$25,000 / 0.5%",25000.0,0.005,False,AKEUSDT,primary,1784174400,2026-07-16T04:00:00+00:00,1784176200,0.0007016,0.0008103,1784181600,2026-07-16T06:00:00+00:00,1784181600,1784185200,128.07845742639955,6647925.0806,33239.625403,,,,,,,,,,not_reached,long_liquidation_threshold_not_met
soft_25k_0_5pct,"$25,000 / 0.5%",25000.0,0.005,False,AKEUSDT,primary,1784179800,2026-07-16T05:30:00+00:00,1784194200,0.000764,0.00095,1784195100,2026-07-16T09:45:00+00:00,1784195100,1784198700,7.639782901846665,7522848.506399999,37614.242532,,,,,,,,,,not_reached,long_liquidation_threshold_not_met
soft_25k_0_5pct,"$25,000 / 0.5%",25000.0,0.005,False,AKEUSDT,primary,1784196900,2026-07-16T10:15:00+00:00,1784211300,0.0008909,0.00099,1784221200,2026-07-16T17:00:00+00:00,1784221200,1784224800,4.013843700235,6482475.2077,32412.376038500002,,,,,,,,,,not_reached,long_liquidation_threshold_not_met
soft_25k_0_5pct,"$25,000 / 0.5%",25000.0,0.005,False,AKEUSDT,primary,1784213100,2026-07-16T14:45:00+00:00,1784213100,0.0008909,0.00099,1784221200,2026-07-16T17:00:00+00:00,1784221200,1784224800,4.013843700235,6482475.2077,32412.376038500002,,,,,,,,,,not_reached,long_liquidation_threshold_not_met
soft_25k_0_5pct,"$25,000 / 0.5%",25000.0,0.005,False,AKEUSDT,primary,1784214900,2026-07-16T15:15:00+00:00,1784216700,0.0008909,0.00099,1784221200,2026-07-16T17:00:00+00:00,1784221200,1784224800,4.013843700235,6482475.2077,32412.376038500002,,,,,,,,,,not_reached,long_liquidation_threshold_not_met
soft_25k_0_5pct,"$25,000 / 0.5%",25000.0,0.005,False,AKEUSDT,primary,1784223900,2026-07-16T17:45:00+00:00,1784224800,0.0008223,0.0011731,1784225700,2026-07-16T18:15:00+00:00,1784225700,1784229300,36.78466198489898,8895225.513199998,44476.12756599999,,,,,,,,,,not_reached,long_liquidation_threshold_not_met
soft_25k_0_5pct,"$25,000 / 0.5%",25000.0,0.005,False,AKEUSDT,primary,1784276100,2026-07-17T08:15:00+00:00,1784303100,0.0012284,0.0014,1784304000,2026-07-17T16:00:00+00:00,1784304000,1784307600,0,3074631.8962,25000.0,,,,,,,,,,not_reached,long_liquidation_threshold_not_met
soft_25k_0_5pct,"$25,000 / 0.5%",25000.0,0.005,False,AKEUSDT,primary,1784306700,2026-07-17T16:45:00+00:00,1784306700,0.0012059,0.0014,1784327400,2026-07-17T22:30:00+00:00,1784327400,1784331000,27.076813905767,6191045.6324000005,30955.228162000003,,,,,,,,,,not_reached,long_liquidation_threshold_not_met
soft_25k_0_5pct,"$25,000 / 0.5%",25000.0,0.005,False,AKEUSDT,primary,1784308500,2026-07-17T17:15:00+00:00,1784308500,0.0012059,0.0014,1784327400,2026-07-17T22:30:00+00:00,1784327400,1784331000,27.076813905767,6191045.6324000005,30955.228162000003,,,,,,,,,,not_reached,long_liquidation_threshold_not_met
soft_25k_0_5pct,"$25,000 / 0.5%",25000.0,0.005,False,AKEUSDT,primary,1784310300,2026-07-17T17:45:00+00:00,1784311200,0.0012059,0.0014,1784327400,2026-07-17T22:30:00+00:00,1784327400,1784331000,27.076813905767,6191045.6324000005,30955.228162000003,,,,,,,,,,not_reached,long_liquidation_threshold_not_met
soft_25k_0_5pct,"$25,000 / 0.5%",25000.0,0.005,False,AKEUSDT,primary,1784313000,2026-07-17T18:30:00+00:00,1784326500,0.0012059,0.0019474,1784327400,2026-07-17T22:30:00+00:00,1784327400,1784331000,27.076813905767,6191045.6324000005,30955.228162000003,,,,,,,,,,not_reached,long_liquidation_threshold_not_met
soft_25k_0_5pct,"$25,000 / 0.5%",25000.0,0.005,False,AKEUSDT,primary,1784328300,2026-07-17T22:45:00+00:00,1784333700,0.0013742,0.0019474,1784334600,2026-07-18T00:30:00+00:00,1784334600,1784338200,4.438224298960999,2048173.0451,25000.0,,,,,,,,,,not_reached,long_liquidation_threshold_not_met
soft_25k_0_5pct,"$25,000 / 0.5%",25000.0,0.005,False,AKEUSDT,primary,1784340000,2026-07-18T02:00:00+00:00,1784340900,0.0015242,0.0019474,1784341800,2026-07-18T02:30:00+00:00,1784341800,1784345400,2.4232072003000003,2737796.4225999997,25000.0,,,,,,,,,,not_reached,long_liquidation_threshold_not_met
soft_25k_0_5pct,"$25,000 / 0.5%",25000.0,0.005,False,AKEUSDT,primary,1784348100,2026-07-18T04:15:00+00:00,1784348100,0.0016668,0.0019474,1784349000,2026-07-18T04:30:00+00:00,1784349000,1784352600,5.484982098133999,6781802.987799999,33909.014939,,,,,,,,,,not_reached,long_liquidation_threshold_not_met
soft_25k_0_5pct,"$25,000 / 0.5%",25000.0,0.005,False,AKEUSDT,primary,1784354400,2026-07-18T06:00:00+00:00,1784367000,0.001422,0.0021,1784367900,2026-07-18T09:45:00+00:00,1784367900,1784371500,690.0194495683874,13834024.822900001,69170.12411450001,,,,,,,,,,not_reached,long_liquidation_threshold_not_met
soft_25k_0_5pct,"$25,000 / 0.5%",25000.0,0.005,False,AKEUSDT,primary,1784370600,2026-07-18T10:30:00+00:00,1784372400,0.0016874,0.0021,1784373300,2026-07-18T11:15:00+00:00,1784373300,1784376900,5.5225628001330005,5915077.0031,29575.385015500004,,,,,,,,,,not_reached,long_liquidation_threshold_not_met
soft_25k_0_5pct,"$25,000 / 0.5%",25000.0,0.005,False,AKEUSDT,primary,1784403900,2026-07-18T19:45:00+00:00,1784403900,0.0018797,0.0020899,1784404800,2026-07-18T20:00:00+00:00,1784404800,1784408400,7.423017599476,6232189.9088,31160.949544000003,,,,,,,,,,not_reached,long_liquidation_threshold_not_met
soft_25k_0_5pct,"$25,000 / 0.5%",25000.0,0.005,False,AKEUSDT,primary,1784405700,2026-07-18T20:15:00+00:00,1784406600,0.0018038,0.0020899,1784409300,2026-07-18T21:15:00+00:00,1784409300,1784412900,89.10995735126504,3599085.8614,25000.0,,,,,,,,,,not_reached,long_liquidation_threshold_not_met
soft_25k_0_5pct,"$25,000 / 0.5%",25000.0,0.005,False,AKEUSDT,primary,1784413800,2026-07-18T22:30:00+00:00,1784413800,0.0019161,0.00211,1784414700,2026-07-18T22:45:00+00:00,1784414700,1784418300,0.0688765,1995787.6586,25000.0,,,,,,,,,,not_reached,long_liquidation_threshold_not_met
soft_25k_0_5pct,"$25,000 / 0.5%",25000.0,0.005,False,AKEUSDT,primary,1784415600,2026-07-18T23:00:00+00:00,1784421000,0.0019413,0.002161,1784422800,2026-07-19T01:00:00+00:00,1784422800,1784426400,11.107455302022,3379551.3189,25000.0,,,,,,,,,,not_reached,long_liquidation_threshold_not_met
soft_25k_0_5pct,"$25,000 / 0.5%",25000.0,0.005,False,AKEUSDT,primary,1784423700,2026-07-19T01:15:00+00:00,1784427300,0.001829,0.002161,1784428200,2026-07-19T02:30:00+00:00,1784428200,1784431800,13.363921099176002,5322230.241,26611.151205000002,,,,,,,,,,not_reached,long_liquidation_threshold_not_met
soft_25k_0_5pct,"$25,000 / 0.5%",25000.0,0.005,False,PROMUSDT,primary,1784486700,2026-07-19T18:45:00+00:00,1784486700,,1.602,,,,,,,,,,,,,,,,,not_reached,correction_not_found_in_12h
soft_25k_0_5pct,"$25,000 / 0.5%",25000.0,0.005,False,PROMUSDT,primary,1784488500,2026-07-19T19:15:00+00:00,1784488500,,1.633,,,,,,,,,,,,,,,,,not_reached,correction_not_found_in_12h
soft_25k_0_5pct,"$25,000 / 0.5%",25000.0,0.005,False,PROMUSDT,primary,1784490300,2026-07-19T19:45:00+00:00,1784500200,1.524,1.792,1784501100,2026-07-19T22:45:00+00:00,1784501100,1784504700,9454.888000000194,146294.0016,25000.0,,,,,,,,,,not_reached,long_liquidation_threshold_not_met
soft_25k_0_5pct,"$25,000 / 0.5%",25000.0,0.005,False,PUMPUSDT,primary,1784495700,2026-07-19T21:15:00+00:00,1784495700,,0.001919,,,,,,,,,,,,,,,,,not_reached,correction_not_found_in_12h
soft_25k_0_5pct,"$25,000 / 0.5%",25000.0,0.005,False,PUMPUSDT,primary,1784497500,2026-07-19T21:45:00+00:00,1784497500,,0.00194,,,,,,,,,,,,,,,,,not_reached,correction_not_found_in_12h
soft_25k_0_5pct,"$25,000 / 0.5%",25000.0,0.005,False,PUMPUSDT,primary,1784499300,2026-07-19T22:15:00+00:00,1784515500,,0.002071,,,,,,,,,,,,,,,,,not_reached,correction_not_found_in_12h
soft_25k_0_5pct,"$25,000 / 0.5%",25000.0,0.005,False,PROMUSDT,primary,1784502000,2026-07-19T23:00:00+00:00,1784502000,1.587,1.792,1784502900,2026-07-19T23:15:00+00:00,1784502900,1784506500,2968.4819999990937,52426.463800000005,25000.0,,,,,,,,,,not_reached,long_liquidation_threshold_not_met
soft_25k_0_5pct,"$25,000 / 0.5%",25000.0,0.005,False,AKEUSDT,primary,1784507400,2026-07-20T00:30:00+00:00,1784510100,0.001432,0.0024879,1784511000,2026-07-20T01:30:00+00:00,1784511000,1784514600,60.02538149937885,11867668.4816,59338.342408,,,,,,,,,,not_reached,long_liquidation_threshold_not_met
soft_25k_0_5pct,"$25,000 / 0.5%",25000.0,0.005,False,PROMUSDT,primary,1784552400,2026-07-20T13:00:00+00:00,1784571300,2.051,2.58,1784572200,2026-07-20T18:30:00+00:00,1784572200,1784575800,0,443765.84929999994,25000.0,,,,,,,,,,not_reached,long_liquidation_threshold_not_met
soft_25k_0_5pct,"$25,000 / 0.5%",25000.0,0.005,False,PROMUSDT,primary,1784574000,2026-07-20T19:00:00+00:00,1784577600,2.021,2.58,1784578500,2026-07-20T20:15:00+00:00,1784578500,1784582100,0,305342.84500000003,25000.0,,,,,,,,,,not_reached,long_liquidation_threshold_not_met
soft_25k_0_5pct,"$25,000 / 0.5%",25000.0,0.005,False,AKEUSDT,primary,1784601000,2026-07-21T02:30:00+00:00,1784601000,0.0017124,0.00199,1784602800,2026-07-21T03:00:00+00:00,1784602800,1784606400,2.2887313995080003,2221094.4906,25000.0,,,,,,,,,,not_reached,long_liquidation_threshold_not_met
soft_25k_0_5pct,"$25,000 / 0.5%",25000.0,0.005,False,ZHIPUUSDT,primary,1784602800,2026-07-21T03:00:00+00:00,1784629800,,158.64,,,,,,,,,,,,,,,,,not_reached,correction_not_found_in_12h
soft_25k_0_5pct,"$25,000 / 0.5%",25000.0,0.005,False,PROMUSDT,primary,1784718900,2026-07-22T11:15:00+00:00,1784722500,1.58,1.768,1784723400,2026-07-22T12:30:00+00:00,1784723400,1784727000,397.964,139233.75710000002,25000.0,,,,,,,,,,not_reached,long_liquidation_threshold_not_met
soft_25k_0_5pct,"$25,000 / 0.5%",25000.0,0.005,False,PROMUSDT,primary,1784727900,2026-07-22T13:45:00+00:00,1784729700,1.544,1.768,1784730600,2026-07-22T14:30:00+00:00,1784730600,1784734200,14925.677999999745,40347.87329999999,25000.0,,,,,,,,,,not_reached,long_liquidation_threshold_not_met
soft_25k_0_5pct,"$25,000 / 0.5%",25000.0,0.005,False,AKEUSDT,primary,1784801700,2026-07-23T10:15:00+00:00,1784801700,,0.0020697,,,,,,,,,,,,,,,,,not_reached,correction_not_found_in_12h
soft_25k_0_5pct,"$25,000 / 0.5%",25000.0,0.005,False,AKEUSDT,primary,1784805300,2026-07-23T11:15:00+00:00,1784805300,,0.0020697,,,,,,,,,,,,,,,,,not_reached,correction_not_found_in_12h
soft_25k_0_5pct,"$25,000 / 0.5%",25000.0,0.005,False,AKEUSDT,primary,1784817900,2026-07-23T14:45:00+00:00,1784817900,0.001855,0.0021258,1784860200,2026-07-24T02:30:00+00:00,1784860200,1784863800,26.437518844270002,5724366.852899999,28621.834264499998,,,,,,,,,,not_reached,long_liquidation_threshold_not_met
soft_25k_0_5pct,"$25,000 / 0.5%",25000.0,0.005,False,AKEUSDT,primary,1784822400,2026-07-23T16:00:00+00:00,1784829600,0.00206,0.00274,1784830500,2026-07-23T18:15:00+00:00,1784830500,1784834100,26.40110235643182,7669768.1359,38348.840679500005,,,,,,,,,,not_reached,long_liquidation_threshold_not_met
soft_25k_0_5pct,"$25,000 / 0.5%",25000.0,0.005,False,AKEUSDT,primary,1784831400,2026-07-23T18:30:00+00:00,1784832300,0.0021068,0.00274,1784833200,2026-07-23T19:00:00+00:00,1784833200,1784836800,18.2028049549448,3648501.9561,25000.0,,,,,,,,,,not_reached,long_liquidation_threshold_not_met
soft_25k_0_5pct,"$25,000 / 0.5%",25000.0,0.005,True,PROMUSDT,primary,1784835900,2026-07-23T19:45:00+00:00,1784835900,1.526,1.809,1784864700,2026-07-24T03:45:00+00:00,1784864700,1784868300,197137.28600000206,634125.0527000001,25000.0,,,,,,,,,,not_reached,missing_5m_candle:1784868300
soft_25k_0_5pct,"$25,000 / 0.5%",25000.0,0.005,False,AKEUSDT,primary,1784836800,2026-07-23T20:00:00+00:00,1784850300,0.002255,0.00274,1784851200,2026-07-24T00:00:00+00:00,1784851200,1784854800,11.963519501018,3605627.1984,25000.0,,,,,,,,,,not_reached,long_liquidation_threshold_not_met
soft_25k_0_5pct,"$25,000 / 0.5%",25000.0,0.005,True,PROMUSDT,primary,1784837700,2026-07-23T20:15:00+00:00,1784837700,1.526,1.819,1784864700,2026-07-24T03:45:00+00:00,1784864700,1784868300,197137.28600000206,634125.0527000001,25000.0,,,,,,,,,,not_reached,missing_5m_candle:1784868300
soft_25k_0_5pct,"$25,000 / 0.5%",25000.0,0.005,False,AKEUSDT,primary,1784888100,2026-07-24T10:15:00+00:00,1784896200,0.0025412,0.0029092,1784897100,2026-07-24T12:45:00+00:00,1784897100,1784900700,18.514788900331144,2881639.7496,25000.0,,,,,,,,,,not_reached,long_liquidation_threshold_not_met
soft_25k_0_5pct,"$25,000 / 0.5%",25000.0,0.005,False,AKEUSDT,primary,1784910600,2026-07-24T16:30:00+00:00,1784917800,0.0022567,0.0031949,1784918700,2026-07-24T18:45:00+00:00,1784918700,1784922300,32.24695060033101,9498297.8534,47491.489267,,,,,,,,,,not_reached,long_liquidation_threshold_not_met
soft_25k_0_5pct,"$25,000 / 0.5%",25000.0,0.005,False,PROMUSDT,primary,1784916000,2026-07-24T18:00:00+00:00,1784921400,,1.859,,,,,,,,,,,,,,,,,not_reached,correction_not_found_in_12h
soft_25k_0_5pct,"$25,000 / 0.5%",25000.0,0.005,False,PROMUSDT,primary,1784923200,2026-07-24T20:00:00+00:00,1784923200,1.736,1.915,1784936700,2026-07-24T23:45:00+00:00,1784936700,1784940300,10504.42300000299,72152.51280000001,25000.0,,,,,,,,,,not_reached,long_liquidation_threshold_not_met
soft_25k_0_5pct,"$25,000 / 0.5%",25000.0,0.005,False,AKEUSDT,primary,1784958300,2026-07-25T05:45:00+00:00,1784958300,,0.003139,,,,,,,,,,,,,,,,,not_reached,correction_not_found_in_12h
soft_25k_0_5pct,"$25,000 / 0.5%",25000.0,0.005,False,AKEUSDT,primary,1784961000,2026-07-25T06:30:00+00:00,1784961900,0.0030056,0.0033328,1784972700,2026-07-25T09:45:00+00:00,1784972700,1784976300,0.7716358000000001,4072029.6462,25000.0,,,,,,,,,,not_reached,long_liquidation_threshold_not_met
soft_25k_0_5pct,"$25,000 / 0.5%",25000.0,0.005,False,AKEUSDT,primary,1784964600,2026-07-25T07:30:00+00:00,1784965500,0.0030056,0.0033328,1784972700,2026-07-25T09:45:00+00:00,1784972700,1784976300,0.7716358000000001,4072029.6462,25000.0,,,,,,,,,,not_reached,long_liquidation_threshold_not_met
soft_25k_0_5pct,"$25,000 / 0.5%",25000.0,0.005,False,AKEUSDT,primary,1784967300,2026-07-25T08:15:00+00:00,1784969100,0.0030056,0.0034559,1784970000,2026-07-25T09:00:00+00:00,1784970000,1784973600,0.850819,3883685.8181999996,25000.0,,,,,,,,,,not_reached,long_liquidation_threshold_not_met
soft_25k_0_5pct,"$25,000 / 0.5%",25000.0,0.005,False,AKEUSDT,primary,1784970900,2026-07-25T09:15:00+00:00,1784970900,0.0030056,0.0034559,1784971800,2026-07-25T09:30:00+00:00,1784971800,1784975400,0.8720918000000002,3981353.2543,25000.0,,,,,,,,,,not_reached,long_liquidation_threshold_not_met
soft_25k_0_5pct,"$25,000 / 0.5%",25000.0,0.005,False,AKEUSDT,primary,1784972700,2026-07-25T09:45:00+00:00,1784985300,0.00315,0.0034559,1784986200,2026-07-25T13:30:00+00:00,1784986200,1784989800,0.0158285,2583648.0066,25000.0,,,,,,,,,,not_reached,long_liquidation_threshold_not_met
soft_25k_0_5pct,"$25,000 / 0.5%",25000.0,0.005,False,PROMUSDT,primary,1784979900,2026-07-25T11:45:00+00:00,1784979900,1.966,2.164,1784980800,2026-07-25T12:00:00+00:00,1784980800,1784984400,0,285124.69899999996,25000.0,,,,,,,,,,not_reached,long_liquidation_threshold_not_met
soft_25k_0_5pct,"$25,000 / 0.5%",25000.0,0.005,False,AKEUSDT,primary,1785132000,2026-07-27T06:00:00+00:00,1785138300,0.003351,0.0059854,1785139200,2026-07-27T08:00:00+00:00,1785139200,1785142800,56.934864772393006,10949523.5364,54747.617682,,,,,,,,,,not_reached,long_liquidation_threshold_not_met
soft_25k_0_5pct,"$25,000 / 0.5%",25000.0,0.005,False,AKEUSDT,primary,1785141000,2026-07-27T08:30:00+00:00,1785159900,0.00415,0.0059854,1785160800,2026-07-27T14:00:00+00:00,1785160800,1785164400,2.65004239985,1780177.1675999998,25000.0,,,,,,,,,,not_reached,long_liquidation_threshold_not_met
soft_25k_0_5pct,"$25,000 / 0.5%",25000.0,0.005,False,AKEUSDT,primary,1785168000,2026-07-27T16:00:00+00:00,1785168900,0.0041734,0.0046,1785173400,2026-07-27T17:30:00+00:00,1785173400,1785177000,2.209759999832,1576812.94,25000.0,,,,,,,,,,not_reached,long_liquidation_threshold_not_met
soft_25k_0_5pct,"$25,000 / 0.5%",25000.0,0.005,False,AKEUSDT,primary,1785189600,2026-07-27T22:00:00+00:00,1785189600,0.004021,0.0049464,1785190500,2026-07-27T22:15:00+00:00,1785190500,1785194100,55.546357370462964,10101436.3375,50507.1816875,,,,,,,,,,not_reached,long_liquidation_threshold_not_met
soft_25k_0_5pct,"$25,000 / 0.5%",25000.0,0.005,False,AKEUSDT,primary,1785222900,2026-07-28T07:15:00+00:00,1785223800,0.0043496,0.0049369,1785224700,2026-07-28T07:45:00+00:00,1785224700,1785228300,14.618138399965002,7762512.3694,38812.561847000004,,,,,,,,,,not_reached,long_liquidation_threshold_not_met
soft_25k_0_5pct,"$25,000 / 0.5%",25000.0,0.005,False,AKEUSDT,primary,1785226500,2026-07-28T08:15:00+00:00,1785227400,0.0044352,0.00532,1785228300,2026-07-28T08:45:00+00:00,1785228300,1785231900,2.876231199895,1925550.0645,25000.0,,,,,,,,,,not_reached,long_liquidation_threshold_not_met
soft_25k_0_5pct,"$25,000 / 0.5%",25000.0,0.005,False,AKEUSDT,primary,1785330900,2026-07-29T13:15:00+00:00,1785332700,0.0040049,0.0046649,1785333600,2026-07-29T14:00:00+00:00,1785333600,1785337200,0.0040118,1810687.3756,25000.0,,,,,,,,,,not_reached,long_liquidation_threshold_not_met
soft_25k_0_5pct,"$25,000 / 0.5%",25000.0,0.005,False,AKEUSDT,primary,1785334500,2026-07-29T14:15:00+00:00,1785334500,0.0039712,0.0046649,1785335400,2026-07-29T14:30:00+00:00,1785335400,1785339000,2.53348950026,2121494.668,25000.0,,,,,,,,,,not_reached,long_liquidation_threshold_not_met
soft_25k_0_5pct,"$25,000 / 0.5%",25000.0,0.005,False,AKEUSDT,primary,1785336300,2026-07-29T14:45:00+00:00,1785336300,0.0039712,0.0046649,1785337200,2026-07-29T15:00:00+00:00,1785337200,1785340800,2.52947770026,1747502.9221,25000.0,,,,,,,,,,not_reached,long_liquidation_threshold_not_met
soft_25k_0_5pct,"$25,000 / 0.5%",25000.0,0.005,False,AKEUSDT,primary,1785339900,2026-07-29T15:45:00+00:00,1785341700,0.003614,0.0046649,1785342600,2026-07-29T16:30:00+00:00,1785342600,1785346200,22.819198600516906,2454116.7893000003,25000.0,,,,,,,,,,not_reached,long_liquidation_threshold_not_met
soft_25k_0_5pct,"$25,000 / 0.5%",25000.0,0.005,False,AKEUSDT,primary,1785344400,2026-07-29T17:00:00+00:00,1785344400,0.00363,0.0046649,1785345300,2026-07-29T17:15:00+00:00,1785345300,1785348900,0.1043475,1074930.2454000001,25000.0,,,,,,,,,,not_reached,long_liquidation_threshold_not_met
soft_25k_0_5pct,"$25,000 / 0.5%",25000.0,0.005,False,AKEUSDT,primary,1785414600,2026-07-30T12:30:00+00:00,1785414600,0.004198,0.0047389,1785416400,2026-07-30T13:00:00+00:00,1785416400,1785420000,3.3620100001360003,4380653.771,25000.0,,,,,,,,,,not_reached,long_liquidation_threshold_not_met
soft_25k_0_5pct,"$25,000 / 0.5%",25000.0,0.005,False,SOXLUSDT,primary,1785417300,2026-07-30T13:15:00+00:00,1785438000,,117.98,,,,,,,,,,,,,,,,,not_reached,correction_not_found_in_12h
soft_25k_0_5pct,"$25,000 / 0.5%",25000.0,0.005,False,SNDKUSDT,primary,1785418200,2026-07-30T13:30:00+00:00,1785446100,,1346.65,,,,,,,,,,,,,,,,,not_reached,correction_not_found_in_12h
soft_25k_0_5pct,"$25,000 / 0.5%",25000.0,0.005,False,DRAMUSDT,primary,1785420900,2026-07-30T14:15:00+00:00,1785421800,,51.22,,,,,,,,,,,,,,,,,not_reached,correction_not_found_in_12h
soft_25k_0_5pct,"$25,000 / 0.5%",25000.0,0.005,False,INTCUSDT,primary,1785420900,2026-07-30T14:15:00+00:00,1785420900,,93.83,,,,,,,,,,,,,,,,,not_reached,correction_not_found_in_12h
soft_25k_0_5pct,"$25,000 / 0.5%",25000.0,0.005,False,MUUSDT,primary,1785420900,2026-07-30T14:15:00+00:00,1785438900,,882.45,,,,,,,,,,,,,,,,,not_reached,correction_not_found_in_12h
soft_25k_0_5pct,"$25,000 / 0.5%",25000.0,0.005,False,DRAMUSDT,primary,1785424500,2026-07-30T15:15:00+00:00,1785434400,,51.91,,,,,,,,,,,,,,,,,not_reached,correction_not_found_in_12h
soft_25k_0_5pct,"$25,000 / 0.5%",25000.0,0.005,False,INTCUSDT,primary,1785426300,2026-07-30T15:45:00+00:00,1785427200,,94.09,,,,,,,,,,,,,,,,,not_reached,correction_not_found_in_12h
soft_25k_0_5pct,"$25,000 / 0.5%",25000.0,0.005,False,INTCUSDT,primary,1785429900,2026-07-30T16:45:00+00:00,1785429900,,94.09,,,,,,,,,,,,,,,,,not_reached,correction_not_found_in_12h
soft_25k_0_5pct,"$25,000 / 0.5%",25000.0,0.005,False,SOXLUSDT,primary,1785439800,2026-07-30T19:30:00+00:00,1785439800,,117.98,,,,,,,,,,,,,,,,,not_reached,correction_not_found_in_12h
soft_25k_0_5pct,"$25,000 / 0.5%",25000.0,0.005,False,MUUSDT,primary,1785442500,2026-07-30T20:15:00+00:00,1785442500,,894.06,,,,,,,,,,,,,,,,,not_reached,correction_not_found_in_12h
soft_25k_0_5pct,"$25,000 / 0.5%",25000.0,0.005,False,SOXLUSDT,primary,1785442500,2026-07-30T20:15:00+00:00,1785443400,,119.65,,,,,,,,,,,,,,,,,not_reached,correction_not_found_in_12h
soft_25k_0_5pct,"$25,000 / 0.5%",25000.0,0.005,False,ZHIPUUSDT,primary,1785462300,2026-07-31T01:45:00+00:00,1785462300,129.62,141.99,1785465000,2026-07-31T02:30:00+00:00,1785465000,1785468600,0,208322.05529999998,25000.0,,,,,,,,,,not_reached,long_liquidation_threshold_not_met
soft_25k_0_5pct,"$25,000 / 0.5%",25000.0,0.005,False,AKEUSDT,primary,1785528000,2026-07-31T20:00:00+00:00,1785528900,0.004026,0.00442,1785557700,2026-08-01T04:15:00+00:00,1785557700,1785561300,0,756285.7171,25000.0,,,,,,,,,,not_reached,long_liquidation_threshold_not_met
soft_25k_0_5pct,"$25,000 / 0.5%",25000.0,0.005,False,AKEUSDT,primary,1785530700,2026-07-31T20:45:00+00:00,1785530700,0.004026,0.0044536,1785557700,2026-08-01T04:15:00+00:00,1785557700,1785561300,0,756285.7171,25000.0,,,,,,,,,,not_reached,long_liquidation_threshold_not_met
soft_25k_0_5pct,"$25,000 / 0.5%",25000.0,0.005,False,AKEUSDT,primary,1785536100,2026-07-31T22:15:00+00:00,1785536100,0.004026,0.0044536,1785557700,2026-08-01T04:15:00+00:00,1785557700,1785561300,0,756285.7171,25000.0,,,,,,,,,,not_reached,long_liquidation_threshold_not_met
soft_25k_0_5pct,"$25,000 / 0.5%",25000.0,0.005,False,AKEUSDT,primary,1785596400,2026-08-01T15:00:00+00:00,1785599100,0.0042216,0.0046631,1785634200,2026-08-02T01:30:00+00:00,1785634200,1785637800,27.582646300115012,17675344.3739,88376.7218695,,,,,,,,,,not_reached,long_liquidation_threshold_not_met
soft_25k_0_5pct,"$25,000 / 0.5%",25000.0,0.005,False,AKEUSDT,primary,1785600900,2026-08-01T16:15:00+00:00,1785632400,0.0042216,0.00655,1785633300,2026-08-02T01:15:00+00:00,1785633300,1785636900,49.19831206198398,16533092.3268,82665.461634,,,,,,,,,,not_reached,long_liquidation_threshold_not_met
soft_25k_0_5pct,"$25,000 / 0.5%",25000.0,0.005,False,AKEUSDT,primary,1785635100,2026-08-02T01:45:00+00:00,1785635100,0.004366,0.00655,1785636000,2026-08-02T02:00:00+00:00,1785636000,1785639600,14.682862300615,12137805.5687,60689.02784350001,,,,,,,,,,not_reached,long_liquidation_threshold_not_met
soft_25k_0_5pct,"$25,000 / 0.5%",25000.0,0.005,False,AKEUSDT,primary,1785681900,2026-08-02T14:45:00+00:00,1785681900,0.0043121,0.0047173,1785690900,2026-08-02T17:15:00+00:00,1785690900,1785694500,20.52295402092121,2275006.5851,25000.0,,,,,,,,,,not_reached,long_liquidation_threshold_not_met
soft_25k_0_5pct,"$25,000 / 0.5%",25000.0,0.005,False,AKEUSDT,primary,1785683700,2026-08-02T15:15:00+00:00,1785686400,0.0043509,0.0052412,1785687300,2026-08-02T16:15:00+00:00,1785687300,1785690900,23.587661077295003,5864613.8616,29323.069308000002,,,,,,,,,,not_reached,long_liquidation_threshold_not_met
soft_25k_0_5pct,"$25,000 / 0.5%",25000.0,0.005,False,AKEUSDT,primary,1785706200,2026-08-02T21:30:00+00:00,1785706200,0.0046677,0.0052412,1785707100,2026-08-02T21:45:00+00:00,1785707100,1785710700,0,733160.2779,25000.0,,,,,,,,,,not_reached,long_liquidation_threshold_not_met
soft_25k_0_5pct,"$25,000 / 0.5%",25000.0,0.005,False,ZHIPUUSDT,primary,1786068900,2026-08-07T02:15:00+00:00,1786086000,,164.71,,,,,,,,,,,,,,,,,not_reached,correction_not_found_in_12h
soft_25k_0_5pct,"$25,000 / 0.5%",25000.0,0.005,False,ZHIPUUSDT,primary,1786087800,2026-08-07T07:30:00+00:00,1786088700,,164.71,,,,,,,,,,,,,,,,,not_reached,correction_not_found_in_12h
soft_25k_0_5pct,"$25,000 / 0.5%",25000.0,0.005,False,ZHIPUUSDT,primary,1786090500,2026-08-07T08:15:00+00:00,1786092300,,164.71,,,,,,,,,,,,,,,,,not_reached,correction_not_found_in_12h
soft_25k_0_5pct,"$25,000 / 0.5%",25000.0,0.005,False,SPCXUSDT,primary,1786131900,2026-08-07T19:45:00+00:00,1786137300,,134.26,,,,,,,,,,,,,,,,,not_reached,correction_not_found_in_12h
soft_25k_0_5pct,"$25,000 / 0.5%",25000.0,0.005,True,PROMUSDT,primary,1786404600,2026-08-10T23:30:00+00:00,1786413600,1.606,2.818,1786414500,2026-08-11T02:15:00+00:00,1786414500,1786418100,1127307.689999991,2466592.4852000005,25000.0,1786418100,2026-08-11T03:15:00+00:00,71887.6262,895.4811,2686.4433,1786419000,2026-08-11T03:30:00+00:00,,,success_continuation,continuation_high_above_large_flow_candle
soft_25k_0_5pct,"$25,000 / 0.5%",25000.0,0.005,False,BTRUSDT,primary,1786422600,2026-08-11T04:30:00+00:00,1786450500,0.03098,0.03388,1786451400,2026-08-11T12:30:00+00:00,1786451400,1786455000,1.92812,424141.30779999995,25000.0,,,,,,,,,,not_reached,long_liquidation_threshold_not_met
soft_25k_0_5pct,"$25,000 / 0.5%",25000.0,0.005,False,PROMUSDT,primary,1786444200,2026-08-11T10:30:00+00:00,1786444200,2.006,2.409,1786445100,2026-08-11T10:45:00+00:00,1786445100,1786448700,0,189505.5705,25000.0,,,,,,,,,,not_reached,long_liquidation_threshold_not_met
soft_25k_0_5pct,"$25,000 / 0.5%",25000.0,0.005,False,PROMUSDT,primary,1786496400,2026-08-12T01:00:00+00:00,1786528800,2.988,3.464,1786529700,2026-08-12T10:15:00+00:00,1786529700,1786533300,376.56,1367081.619,25000.0,,,,,,,,,,not_reached,long_liquidation_threshold_not_met
soft_25k_0_5pct,"$25,000 / 0.5%",25000.0,0.005,True,PROMUSDT,primary,1786534200,2026-08-12T11:30:00+00:00,1786549500,2.56,3.335,1786550400,2026-08-12T16:00:00+00:00,1786550400,1786554000,108117.38699999829,2038205.6025999999,25000.0,1786555800,2026-08-12T17:30:00+00:00,271356.9589,69676.1352,209028.4056,1786556700,2026-08-12T17:45:00+00:00,,,success_continuation,continuation_high_above_large_flow_candle
soft_25k_0_5pct,"$25,000 / 0.5%",25000.0,0.005,False,AKEUSDT,primary,1786616100,2026-08-13T10:15:00+00:00,1786657500,0.006221,0.0106012,1786658400,2026-08-13T22:00:00+00:00,1786658400,1786662000,0.8127043999699999,2484074.2169999997,25000.0,,,,,,,,,,not_reached,long_liquidation_threshold_not_met
soft_25k_0_5pct,"$25,000 / 0.5%",25000.0,0.005,False,SNDKUSDT,primary,1786634100,2026-08-13T15:15:00+00:00,1786634100,,1575.17,,,,,,,,,,,,,,,,,not_reached,correction_not_found_in_12h
soft_25k_0_5pct,"$25,000 / 0.5%",25000.0,0.005,False,SNDKUSDT,primary,1786636800,2026-08-13T16:00:00+00:00,1786638600,,1575.17,,,,,,,,,,,,,,,,,not_reached,correction_not_found_in_12h
soft_25k_0_5pct,"$25,000 / 0.5%",25000.0,0.005,False,SNDKUSDT,primary,1786640400,2026-08-13T17:00:00+00:00,1786643100,,1575.17,,,,,,,,,,,,,,,,,not_reached,correction_not_found_in_12h
soft_25k_0_5pct,"$25,000 / 0.5%",25000.0,0.005,False,SNDKUSDT,primary,1786644900,2026-08-13T18:15:00+00:00,1786645800,,1575.17,,,,,,,,,,,,,,,,,not_reached,correction_not_found_in_12h
soft_25k_0_5pct,"$25,000 / 0.5%",25000.0,0.005,False,SNDKUSDT,primary,1786655700,2026-08-13T21:15:00+00:00,1786655700,,1575.17,,,,,,,,,,,,,,,,,not_reached,correction_not_found_in_12h
soft_25k_0_5pct,"$25,000 / 0.5%",25000.0,0.005,False,PROMUSDT,primary,1786664700,2026-08-13T23:45:00+00:00,1786668300,2.457,2.781,1786669200,2026-08-14T01:00:00+00:00,1786669200,1786672800,495.48699999999997,352114.4756,25000.0,,,,,,,,,,not_reached,long_liquidation_threshold_not_met
soft_25k_0_5pct,"$25,000 / 0.5%",25000.0,0.005,False,AKEUSDT,primary,1786671000,2026-08-14T01:30:00+00:00,1786672800,0.0071295,0.0106012,1786673700,2026-08-14T02:15:00+00:00,1786673700,1786677300,0,2404686.2476,25000.0,,,,,,,,,,not_reached,long_liquidation_threshold_not_met
soft_25k_0_5pct,"$25,000 / 0.5%",25000.0,0.005,False,PROMUSDT,primary,1786671900,2026-08-14T01:45:00+00:00,1786671900,2.538,2.781,1786674600,2026-08-14T02:30:00+00:00,1786674600,1786678200,18629.957000001763,142379.47950000002,25000.0,,,,,,,,,,not_reached,long_liquidation_threshold_not_met
soft_25k_0_5pct,"$25,000 / 0.5%",25000.0,0.005,False,AKEUSDT,primary,1786674600,2026-08-14T02:30:00+00:00,1786674600,0.0070625,0.0106012,1786675500,2026-08-14T02:45:00+00:00,1786675500,1786679100,3.461996799885,3086549.5478,25000.0,,,,,,,,,,not_reached,long_liquidation_threshold_not_met
soft_25k_0_5pct,"$25,000 / 0.5%",25000.0,0.005,False,AKEUSDT,primary,1786685400,2026-08-14T05:30:00+00:00,1786692600,0.0073168,0.0083575,1786693500,2026-08-14T07:45:00+00:00,1786693500,1786697100,11.517170100299998,4461992.698000001,25000.0,,,,,,,,,,not_reached,long_liquidation_threshold_not_met
soft_25k_0_5pct,"$25,000 / 0.5%",25000.0,0.005,False,AKEUSDT,primary,1786694400,2026-08-14T08:00:00+00:00,1786694400,0.0073168,0.0083575,1786695300,2026-08-14T08:15:00+00:00,1786695300,1786698900,9.0171733003,3515960.0756,25000.0,,,,,,,,,,not_reached,long_liquidation_threshold_not_met
soft_25k_0_5pct,"$25,000 / 0.5%",25000.0,0.005,False,AKEUSDT,primary,1786696200,2026-08-14T08:30:00+00:00,1786697100,0.0076162,0.0083575,1786698900,2026-08-14T09:15:00+00:00,1786698900,1786702500,7.239128200137001,7298669.0284,36493.345142,,,,,,,,,,not_reached,long_liquidation_threshold_not_met
soft_25k_0_5pct,"$25,000 / 0.5%",25000.0,0.005,False,AKEUSDT,primary,1786701600,2026-08-14T10:00:00+00:00,1786731300,0.0077146,0.0165899,1786732200,2026-08-14T18:30:00+00:00,1786732200,1786735800,94.83035540008099,14457726.755199999,72288.63377599999,,,,,,,,,,not_reached,long_liquidation_threshold_not_met
soft_25k_0_5pct,"$25,000 / 0.5%",25000.0,0.005,False,AKEUSDT,primary,1787058000,2026-08-18T13:00:00+00:00,1787058900,0.0090468,0.0100745,1787067900,2026-08-18T15:45:00+00:00,1787067900,1787071500,1.0497767,1519893.6422000001,25000.0,,,,,,,,,,not_reached,long_liquidation_threshold_not_met
soft_25k_0_5pct,"$25,000 / 0.5%",25000.0,0.005,False,AKEUSDT,primary,1787061600,2026-08-18T14:00:00+00:00,1787065200,0.0090468,0.0101917,1787067900,2026-08-18T15:45:00+00:00,1787067900,1787071500,1.0497767,1519893.6422000001,25000.0,,,,,,,,,,not_reached,long_liquidation_threshold_not_met
soft_25k_0_5pct,"$25,000 / 0.5%",25000.0,0.005,False,MSTRXUSDT,primary,1787156100,2026-08-19T16:15:00+00:00,1787156100,,106.74,,,,,,,,,,,,,,,,,not_reached,correction_not_found_in_12h
soft_25k_0_5pct,"$25,000 / 0.5%",25000.0,0.005,False,HYPEUSDT,primary,1787166000,2026-08-19T19:00:00+00:00,1787181300,,72.637,,,,,,,,,,,,,,,,,not_reached,correction_not_found_in_12h
soft_25k_0_5pct,"$25,000 / 0.5%",25000.0,0.005,False,BMNRUSDT,primary,1787173200,2026-08-19T21:00:00+00:00,1787176800,,22.11,,,,,,,,,,,,,,,,,not_reached,correction_not_found_in_12h
soft_25k_0_5pct,"$25,000 / 0.5%",25000.0,0.005,False,ETHUSDT,control,1787173200,2026-08-19T21:00:00+00:00,1787178600,,2337.8,,,,,,,,,,,,,,,,,not_reached,correction_not_found_in_12h
soft_25k_0_5pct,"$25,000 / 0.5%",25000.0,0.005,False,TRUMPUSDT,primary,1787173200,2026-08-19T21:00:00+00:00,1787195700,1.656,1.863,1787196600,2026-08-20T03:30:00+00:00,1787196600,1787200200,3847.155999999466,1086002.6607,25000.0,,,,,,,,,,not_reached,long_liquidation_threshold_not_met
soft_25k_0_5pct,"$25,000 / 0.5%",25000.0,0.005,False,WLDUSDT,primary,1787175900,2026-08-19T21:45:00+00:00,1787175900,,0.3723,,,,,,,,,,,,,,,,,not_reached,correction_not_found_in_12h
soft_25k_0_5pct,"$25,000 / 0.5%",25000.0,0.005,False,PUMPUSDT,primary,1787238000,2026-08-20T15:00:00+00:00,1787238000,,0.003778,,,,,,,,,,,,,,,,,not_reached,correction_not_found_in_12h
soft_25k_0_5pct,"$25,000 / 0.5%",25000.0,0.005,False,PROMUSDT,primary,1787240700,2026-08-20T15:45:00+00:00,1787241600,,2.152,,,,,,,,,,,,,,,,,not_reached,correction_not_found_in_12h
soft_25k_0_5pct,"$25,000 / 0.5%",25000.0,0.005,False,PROMUSDT,primary,1787244300,2026-08-20T16:45:00+00:00,1787244300,,2.152,,,,,,,,,,,,,,,,,not_reached,correction_not_found_in_12h
soft_25k_0_5pct,"$25,000 / 0.5%",25000.0,0.005,False,XRPUSDT,primary,1787247000,2026-08-20T17:30:00+00:00,1787247000,1.2232,1.3436,1787251500,2026-08-20T18:45:00+00:00,1787251500,1787255100,7834.084959999943,13358466.4682,66792.332341,,,,,,,,,,not_reached,long_liquidation_threshold_not_met
soft_25k_0_5pct,"$25,000 / 0.5%",25000.0,0.005,False,ENAUSDT,primary,1787262300,2026-08-20T21:45:00+00:00,1787268600,,0.11883,,,,,,,,,,,,,,,,,not_reached,correction_not_found_in_12h
soft_25k_0_5pct,"$25,000 / 0.5%",25000.0,0.005,False,ENAUSDT,primary,1787270400,2026-08-21T00:00:00+00:00,1787273100,,0.11989,,,,,,,,,,,,,,,,,not_reached,correction_not_found_in_12h
soft_25k_0_5pct,"$25,000 / 0.5%",25000.0,0.005,False,ENAUSDT,primary,1787283900,2026-08-21T03:45:00+00:00,1787283900,,0.12548,,,,,,,,,,,,,,,,,not_reached,correction_not_found_in_12h
soft_25k_0_5pct,"$25,000 / 0.5%",25000.0,0.005,False,PROMUSDT,primary,1787284800,2026-08-21T04:00:00+00:00,1787284800,2.177,2.411,1787290200,2026-08-21T05:30:00+00:00,1787290200,1787293800,0,38188.9906,25000.0,,,,,,,,,,not_reached,long_liquidation_threshold_not_met
soft_25k_0_5pct,"$25,000 / 0.5%",25000.0,0.005,False,ENAUSDT,primary,1787285700,2026-08-21T04:15:00+00:00,1787285700,,0.12628,,,,,,,,,,,,,,,,,not_reached,correction_not_found_in_12h
soft_25k_0_5pct,"$25,000 / 0.5%",25000.0,0.005,False,ENAUSDT,primary,1787291100,2026-08-21T05:45:00+00:00,1787291100,,0.13072,,,,,,,,,,,,,,,,,not_reached,correction_not_found_in_12h
soft_25k_0_5pct,"$25,000 / 0.5%",25000.0,0.005,False,ENAUSDT,primary,1787301000,2026-08-21T08:30:00+00:00,1787301900,0.13102,0.14489,1787302800,2026-08-21T09:00:00+00:00,1787302800,1787306400,357.037579999637,5029187.453399999,25145.937266999998,,,,,,,,,,not_reached,long_liquidation_threshold_not_met
soft_25k_0_5pct,"$25,000 / 0.5%",25000.0,0.005,False,ZECUSDT,primary,1787309100,2026-08-21T10:45:00+00:00,1787310000,,666.0,,,,,,,,,,,,,,,,,not_reached,correction_not_found_in_12h
soft_25k_0_5pct,"$25,000 / 0.5%",25000.0,0.005,False,ENAUSDT,primary,1787310000,2026-08-21T11:00:00+00:00,1787310900,,0.14489,,,,,,,,,,,,,,,,,not_reached,correction_not_found_in_12h
soft_25k_0_5pct,"$25,000 / 0.5%",25000.0,0.005,False,PROMUSDT,primary,1787320800,2026-08-21T14:00:00+00:00,1787322600,,2.621,,,,,,,,,,,,,,,,,not_reached,correction_not_found_in_12h
soft_25k_0_5pct,"$25,000 / 0.5%",25000.0,0.005,False,PROMUSDT,primary,1787324400,2026-08-21T15:00:00+00:00,1787325300,2.574,2.8,1787327100,2026-08-21T15:45:00+00:00,1787327100,1787330700,6657.244,413871.3439,25000.0,,,,,,,,,,not_reached,long_liquidation_threshold_not_met
soft_25k_0_5pct,"$25,000 / 0.5%",25000.0,0.005,False,ENAUSDT,primary,1787325300,2026-08-21T15:15:00+00:00,1787325300,0.135,0.15489,1787337900,2026-08-21T18:45:00+00:00,1787337900,1787341500,3855.8591700055654,5216790.3730999995,26083.9518655,,,,,,,,,,not_reached,long_liquidation_threshold_not_met
soft_25k_0_5pct,"$25,000 / 0.5%",25000.0,0.005,True,PROMUSDT,primary,1787329800,2026-08-21T16:30:00+00:00,1787329800,2.627,2.927,1787330700,2026-08-21T16:45:00+00:00,1787330700,1787334300,32725.115,584446.2457,25000.0,1787337300,2026-08-21T18:35:00+00:00,19277.7337,5307.986800000001,15923.960400000002,1787337900,2026-08-21T18:45:00+00:00,1787337900,2026-08-21T18:45:00+00:00,success_retest_hold,flush_low_retested_and_15m_closed_above
soft_25k_0_5pct,"$25,000 / 0.5%",25000.0,0.005,True,ZECUSDT,primary,1787363100,2026-08-22T01:45:00+00:00,1787373900,696.92,859.39,1787374800,2026-08-22T05:00:00+00:00,1787374800,1787378400,48412580.63,35407550.7801,177037.7539005,1787387400,2026-08-22T08:30:00+00:00,1514111.3933,479932.2058,1439796.6173999999,1787388300,2026-08-22T08:45:00+00:00,,,success_continuation,continuation_high_above_large_flow_candle
soft_25k_0_5pct,"$25,000 / 0.5%",25000.0,0.005,True,TRUMPUSDT,primary,1787364900,2026-08-22T02:15:00+00:00,1787396400,2.602,3.679,1787397300,2026-08-22T11:15:00+00:00,1787397300,1787400900,100770.12700000274,7734520.9037,38672.6045185,1787405700,2026-08-22T13:35:00+00:00,1157140.0579,257305.30174999998,771915.90525,1787406300,2026-08-22T13:45:00+00:00,,,success_continuation,continuation_high_above_large_flow_candle
soft_25k_0_5pct,"$25,000 / 0.5%",25000.0,0.005,False,ENAUSDT,primary,1787371200,2026-08-22T04:00:00+00:00,1787373900,0.13636,0.16568,1787374800,2026-08-22T05:00:00+00:00,1787374800,1787378400,20181.262530023352,4848630.7573,25000.0,,,,,,,,,,not_reached,long_liquidation_threshold_not_met
soft_25k_0_5pct,"$25,000 / 0.5%",25000.0,0.005,True,SUIUSDT,primary,1787371200,2026-08-22T04:00:00+00:00,1787371200,0.7645,0.9388,1787374800,2026-08-22T05:00:00+00:00,1787374800,1787378400,157016.11980000784,13731983.5636,68659.917818,1787382000,2026-08-22T07:00:00+00:00,378739.0193,114246.21265,342738.63795,1787382900,2026-08-22T07:15:00+00:00,,,success_continuation,continuation_high_above_large_flow_candle
soft_25k_0_5pct,"$25,000 / 0.5%",25000.0,0.005,True,WLDUSDT,primary,1787371200,2026-08-22T04:00:00+00:00,1787373900,0.3365,0.4632,1787374800,2026-08-22T05:00:00+00:00,1787374800,1787378400,228285.18650002146,11880351.2059,59401.7560295,,,,,,,,,,not_reached,large_5m_flow_not_found
soft_25k_0_5pct,"$25,000 / 0.5%",25000.0,0.005,False,XRPUSDT,primary,1787371200,2026-08-22T04:00:00+00:00,1787373900,1.3712,1.6743,1787374800,2026-08-22T05:00:00+00:00,1787374800,1787378400,374725.55422359926,140621114.56890002,703105.5728445001,,,,,,,,,,not_reached,long_liquidation_threshold_not_met
soft_25k_0_5pct,"$25,000 / 0.5%",25000.0,0.005,False,PEPEUSDT,primary,1787372100,2026-08-22T04:15:00+00:00,1787373000,3.619e-06,4.558e-06,1787374800,2026-08-22T05:00:00+00:00,1787374800,1787378400,0.0366158224486,16977320.335,84886.60167500001,,,,,,,,,,not_reached,long_liquidation_threshold_not_met
soft_25k_0_5pct,"$25,000 / 0.5%",25000.0,0.005,False,ADAUSDT,primary,1787373000,2026-08-22T04:30:00+00:00,1787373900,0.2049,0.2588,1787374800,2026-08-22T05:00:00+00:00,1787374800,1787378400,22479.708399995063,12327498.555,61637.492775,,,,,,,,,,not_reached,long_liquidation_threshold_not_met
soft_25k_0_5pct,"$25,000 / 0.5%",25000.0,0.005,True,DOGEUSDT,primary,1787373000,2026-08-22T04:30:00+00:00,1787373000,0.08213,0.10091,1787374800,2026-08-22T05:00:00+00:00,1787374800,1787378400,555946.8139328976,42183673.3394,210918.36669700002,1787394300,2026-08-22T10:25:00+00:00,1801932.2934,471584.037,1414752.111,1787394600,2026-08-22T10:30:00+00:00,,,success_continuation,continuation_high_above_large_flow_candle
soft_25k_0_5pct,"$25,000 / 0.5%",25000.0,0.005,True,SUIUSDT,primary,1787373000,2026-08-22T04:30:00+00:00,1787373900,0.7645,0.9547,1787374800,2026-08-22T05:00:00+00:00,1787374800,1787378400,157016.11980000784,13731983.5636,68659.917818,1787382000,2026-08-22T07:00:00+00:00,378739.0193,114246.21265,342738.63795,1787382900,2026-08-22T07:15:00+00:00,,,success_continuation,continuation_high_above_large_flow_candle
soft_25k_0_5pct,"$25,000 / 0.5%",25000.0,0.005,False,PUMPUSDT,primary,1787382000,2026-08-22T07:00:00+00:00,1787382000,0.004337,0.004757,1787387400,2026-08-22T08:30:00+00:00,1787387400,1787391000,0.047971,1608143.367,25000.0,,,,,,,,,,not_reached,long_liquidation_threshold_not_met
soft_25k_0_5pct,"$25,000 / 0.5%",25000.0,0.005,False,PUMPUSDT,primary,1787384700,2026-08-22T07:45:00+00:00,1787384700,0.004337,0.004757,1787387400,2026-08-22T08:30:00+00:00,1787387400,1787391000,0.047971,1608143.367,25000.0,,,,,,,,,,not_reached,long_liquidation_threshold_not_met
soft_25k_0_5pct,"$25,000 / 0.5%",25000.0,0.005,True,TRUMPUSDT,primary,1787398200,2026-08-22T11:30:00+00:00,1787398200,2.512,3.679,1787399100,2026-08-22T11:45:00+00:00,1787399100,1787402700,249181.93799999746,7427362.564499999,37136.8128225,1787405700,2026-08-22T13:35:00+00:00,1157140.0579,257305.30174999998,771915.90525,1787406300,2026-08-22T13:45:00+00:00,,,success_continuation,continuation_high_above_large_flow_candle
soft_25k_0_5pct,"$25,000 / 0.5%",25000.0,0.005,False,ENAUSDT,primary,1787479200,2026-08-23T10:00:00+00:00,1787480100,0.16549,0.18144,1787495400,2026-08-23T14:30:00+00:00,1787495400,1787499000,408.035619999975,2762361.8954,25000.0,,,,,,,,,,not_reached,long_liquidation_threshold_not_met
soft_25k_0_5pct,"$25,000 / 0.5%",25000.0,0.005,False,ENAUSDT,primary,1787482800,2026-08-23T11:00:00+00:00,1787490000,0.16549,0.18346,1787492700,2026-08-23T13:45:00+00:00,1787492700,1787496300,856.646629999393,2852339.9317999994,25000.0,,,,,,,,,,not_reached,long_liquidation_threshold_not_met
soft_25k_0_5pct,"$25,000 / 0.5%",25000.0,0.005,False,TRUMPUSDT,primary,1787483700,2026-08-23T11:15:00+00:00,1787484600,,2.645,,,,,,,,,,,,,,,,,not_reached,correction_not_found_in_12h
soft_25k_0_5pct,"$25,000 / 0.5%",25000.0,0.005,False,TRUMPUSDT,primary,1787489100,2026-08-23T12:45:00+00:00,1787489100,,2.645,,,,,,,,,,,,,,,,,not_reached,correction_not_found_in_12h
soft_25k_0_5pct,"$25,000 / 0.5%",25000.0,0.005,True,TRUMPUSDT,primary,1787491800,2026-08-23T13:30:00+00:00,1787491800,2.518,2.75,1787530500,2026-08-24T00:15:00+00:00,1787530500,1787534100,95982.32799999998,4073192.9836,25000.0,1787536800,2026-08-24T02:00:00+00:00,1076071.2432,353148.68085,1059446.04255,1787537700,2026-08-24T02:15:00+00:00,,,success_continuation,continuation_high_above_large_flow_candle
soft_25k_0_5pct,"$25,000 / 0.5%",25000.0,0.005,True,TRUMPUSDT,primary,1787494500,2026-08-23T14:15:00+00:00,1787494500,2.55,2.936,1787495400,2026-08-23T14:30:00+00:00,1787495400,1787499000,1115929.248999984,18718152.657,93590.76328500001,,,,,,,,,,not_reached,large_5m_flow_not_found
soft_25k_0_5pct,"$25,000 / 0.5%",25000.0,0.005,True,PROMUSDT,primary,1787546700,2026-08-24T04:45:00+00:00,1787573700,3.484,4.054,1787574600,2026-08-24T12:30:00+00:00,1787574600,1787578200,57901.17500000694,1379784.5277999998,25000.0,1787578200,2026-08-24T13:30:00+00:00,132131.0263,9464.77755,28394.332650000004,1787582700,2026-08-24T14:45:00+00:00,,,success_continuation,continuation_high_above_large_flow_candle
soft_25k_0_5pct,"$25,000 / 0.5%",25000.0,0.005,False,BTRUSDT,primary,1787553000,2026-08-24T06:30:00+00:00,1787563800,0.03225,0.03633,1787564700,2026-08-24T09:45:00+00:00,1787564700,1787568300,1.21068,105865.1549,25000.0,,,,,,,,,,not_reached,long_liquidation_threshold_not_met
soft_25k_0_5pct,"$25,000 / 0.5%",25000.0,0.005,False,BTRUSDT,primary,1787566500,2026-08-24T10:15:00+00:00,1787566500,0.03107,0.03633,1787567400,2026-08-24T10:30:00+00:00,1787567400,1787571000,1.21329,28966.913099999998,25000.0,,,,,,,,,,not_reached,long_liquidation_threshold_not_met
soft_25k_0_5pct,"$25,000 / 0.5%",25000.0,0.005,True,PROMUSDT,primary,1787627700,2026-08-25T03:15:00+00:00,1787640300,4.045,4.985,1787641200,2026-08-25T07:00:00+00:00,1787641200,1787644800,236764.27099999826,1610850.5432,25000.0,1787647800,2026-08-25T08:50:00+00:00,182378.2174,53909.5613,161728.6839,1787648400,2026-08-25T09:00:00+00:00,,,success_continuation,continuation_high_above_large_flow_candle
soft_25k_0_5pct,"$25,000 / 0.5%",25000.0,0.005,False,BTRUSDT,primary,1787645700,2026-08-25T08:15:00+00:00,1787645700,0.03195,0.0348,1787665500,2026-08-25T13:45:00+00:00,1787665500,1787669100,0,16410.2734,25000.0,,,,,,,,,,not_reached,long_liquidation_threshold_not_met
soft_25k_0_5pct,"$25,000 / 0.5%",25000.0,0.005,False,BTRUSDT,primary,1787715900,2026-08-26T03:45:00+00:00,1787776200,0.133,0.155,1787777100,2026-08-26T20:45:00+00:00,1787777100,1787780700,220.52465999993203,4959281.7352,25000.0,,,,,,,,,,not_reached,long_liquidation_threshold_not_met
soft_25k_0_5pct,"$25,000 / 0.5%",25000.0,0.005,False,BTRUSDT,primary,1787778000,2026-08-26T21:00:00+00:00,1787778900,0.11775,0.155,1787779800,2026-08-26T21:30:00+00:00,1787779800,1787783400,1971.5600500024022,5116648.6981,25583.243490499997,,,,,,,,,,not_reached,long_liquidation_threshold_not_met
soft_25k_0_5pct,"$25,000 / 0.5%",25000.0,0.005,False,PROMUSDT,primary,1787795100,2026-08-27T01:45:00+00:00,1787796000,4.113,4.648,1787796900,2026-08-27T02:15:00+00:00,1787796900,1787800500,10184.06199999955,994416.6774,25000.0,,,,,,,,,,not_reached,long_liquidation_threshold_not_met
soft_25k_0_5pct,"$25,000 / 0.5%",25000.0,0.005,False,AKEUSDT,primary,1787799600,2026-08-27T03:00:00+00:00,1787799600,0.0077763,0.0087934,1787800500,2026-08-27T03:15:00+00:00,1787800500,1787804100,2.9259241000859997,365698.6923,25000.0,,,,,,,,,,not_reached,long_liquidation_threshold_not_met
soft_25k_0_5pct,"$25,000 / 0.5%",25000.0,0.005,False,BTRUSDT,primary,1787805000,2026-08-27T04:30:00+00:00,1787806800,0.13905,0.17888,1787807700,2026-08-27T05:15:00+00:00,1787807700,1787811300,5404.3258100012845,8983134.234000001,44915.67117000001,,,,,,,,,,not_reached,long_liquidation_threshold_not_met
soft_25k_0_5pct,"$25,000 / 0.5%",25000.0,0.005,False,BTRUSDT,primary,1787811300,2026-08-27T06:15:00+00:00,1787821200,0.14112,0.17888,1787822100,2026-08-27T09:15:00+00:00,1787822100,1787825700,288.34053000023994,7678151.111,38390.755554999996,,,,,,,,,,not_reached,long_liquidation_threshold_not_met
soft_25k_0_5pct,"$25,000 / 0.5%",25000.0,0.005,False,PROMUSDT,primary,1787811300,2026-08-27T06:15:00+00:00,1787811300,4.523,4.93,1787812200,2026-08-27T06:30:00+00:00,1787812200,1787815800,1593.894,1236238.5163,25000.0,,,,,,,,,,not_reached,long_liquidation_threshold_not_met
soft_25k_0_5pct,"$25,000 / 0.5%",25000.0,0.005,False,BTRUSDT,primary,1787823000,2026-08-27T09:30:00+00:00,1787823000,0.14112,0.17888,1787823900,2026-08-27T09:45:00+00:00,1787823900,1787827500,251.20911000024,6593120.3185,32965.6015925,,,,,,,,,,not_reached,long_liquidation_threshold_not_met
soft_25k_0_5pct,"$25,000 / 0.5%",25000.0,0.005,True,TRUMPUSDT,primary,1787843700,2026-08-27T15:15:00+00:00,1787850000,2.501,2.821,1787851800,2026-08-27T17:30:00+00:00,1787851800,1787855400,961496.5501220796,8663741.2485,43318.706242500004,1787855700,2026-08-27T18:35:00+00:00,361809.2121,107474.22205000001,322422.66615000006,1787856300,2026-08-27T18:45:00+00:00,,,success_continuation,continuation_high_above_large_flow_candle
soft_25k_0_5pct,"$25,000 / 0.5%",25000.0,0.005,False,ENAUSDT,primary,1787862600,2026-08-27T20:30:00+00:00,1787866200,0.15665,0.17289,1787890500,2026-08-28T04:15:00+00:00,1787890500,1787894100,5048.8108587634115,2100259.1853,25000.0,,,,,,,,,,not_reached,long_liquidation_threshold_not_met
soft_25k_0_5pct,"$25,000 / 0.5%",25000.0,0.005,False,AKEUSDT,primary,1787895900,2026-08-28T05:45:00+00:00,1787913000,0.0079202,0.0086659,1787913900,2026-08-28T10:45:00+00:00,1787913900,1787917500,0,177228.0689,25000.0,,,,,,,,,,not_reached,long_liquidation_threshold_not_met
soft_25k_0_5pct,"$25,000 / 0.5%",25000.0,0.005,False,PROMUSDT,primary,1787912100,2026-08-28T10:15:00+00:00,1787913000,4.964,5.469,1787915700,2026-08-28T11:15:00+00:00,1787915700,1787919300,15610.463,2336632.3691000002,25000.0,,,,,,,,,,not_reached,long_liquidation_threshold_not_met
soft_25k_0_5pct,"$25,000 / 0.5%",25000.0,0.005,False,AKEUSDT,primary,1787944500,2026-08-28T19:15:00+00:00,1787976900,0.008112,0.0119104,1787977800,2026-08-29T04:30:00+00:00,1787977800,1787981400,166.31077224612704,9835729.546,49178.647730000004,,,,,,,,,,not_reached,long_liquidation_threshold_not_met
soft_25k_0_5pct,"$25,000 / 0.5%",25000.0,0.005,True,TRUMPUSDT,primary,1787981400,2026-08-29T05:30:00+00:00,1787981400,2.633,3.073,1787983200,2026-08-29T06:00:00+00:00,1787983200,1787986800,4378723.798238859,14139631.115500001,70698.1555775,,,,,,,,,,not_reached,large_5m_flow_not_found
soft_25k_0_5pct,"$25,000 / 0.5%",25000.0,0.005,False,BTRUSDT,primary,1788005700,2026-08-29T12:15:00+00:00,1788011100,0.15435,0.22288,1788012000,2026-08-29T14:00:00+00:00,1788012000,1788015600,10489.865402501908,13295481.0792,66477.405396,,,,,,,,,,not_reached,long_liquidation_threshold_not_met
soft_50k_1pct,"$50,000 / 1%",50000.0,0.01,False,WLDUSDT,primary,1780342200,2026-06-01T19:30:00+00:00,1780344000,,0.4458,,,,,,,,,,,,,,,,,not_reached,correction_not_found_in_12h
soft_50k_1pct,"$50,000 / 1%",50000.0,0.01,False,WLDUSDT,primary,1780348500,2026-06-01T21:15:00+00:00,1780352100,0.4056,0.4463,1780388100,2026-06-02T08:15:00+00:00,1780388100,1780391700,7622.2046000014325,1999824.9456,50000.0,,,,,,,,,,not_reached,long_liquidation_threshold_not_met
soft_50k_1pct,"$50,000 / 1%",50000.0,0.01,False,WLDUSDT,primary,1780353900,2026-06-01T22:45:00+00:00,1780353900,0.4056,0.4463,1780388100,2026-06-02T08:15:00+00:00,1780388100,1780391700,7622.2046000014325,1999824.9456,50000.0,,,,,,,,,,not_reached,long_liquidation_threshold_not_met
soft_50k_1pct,"$50,000 / 1%",50000.0,0.01,False,WLDUSDT,primary,1780470900,2026-06-03T07:15:00+00:00,1780472700,,0.4589,,,,,,,,,,,,,,,,,not_reached,correction_not_found_in_12h
soft_50k_1pct,"$50,000 / 1%",50000.0,0.01,False,WLDUSDT,primary,1780476300,2026-06-03T08:45:00+00:00,1780477200,,0.4663,,,,,,,,,,,,,,,,,not_reached,correction_not_found_in_12h
soft_50k_1pct,"$50,000 / 1%",50000.0,0.01,False,WLDUSDT,primary,1780479000,2026-06-03T09:30:00+00:00,1780501500,0.4705,0.5393,1780538400,2026-06-04T02:00:00+00:00,1780538400,1780542000,46622.920700003764,7860041.491999999,78600.41492,,,,,,,,,,not_reached,long_liquidation_threshold_not_met
soft_50k_1pct,"$50,000 / 1%",50000.0,0.01,False,ENAUSDT,primary,1780481700,2026-06-03T10:15:00+00:00,1780486200,,0.10743,,,,,,,,,,,,,,,,,not_reached,correction_not_found_in_12h
soft_50k_1pct,"$50,000 / 1%",50000.0,0.01,False,ENAUSDT,primary,1780495200,2026-06-03T14:00:00+00:00,1780495200,0.10019,0.1136,1780538400,2026-06-04T02:00:00+00:00,1780538400,1780542000,3694.4408700013323,1328270.4748,50000.0,,,,,,,,,,not_reached,long_liquidation_threshold_not_met
soft_50k_1pct,"$50,000 / 1%",50000.0,0.01,False,WLDUSDT,primary,1780503300,2026-06-03T16:15:00+00:00,1780505100,0.4705,0.543,1780538400,2026-06-04T02:00:00+00:00,1780538400,1780542000,46622.920700003764,7860041.491999999,78600.41492,,,,,,,,,,not_reached,long_liquidation_threshold_not_met
soft_50k_1pct,"$50,000 / 1%",50000.0,0.01,False,PROMUSDT,primary,1780512300,2026-06-03T18:45:00+00:00,1780512300,,1.049,,,,,,,,,,,,,,,,,not_reached,correction_not_found_in_12h
soft_50k_1pct,"$50,000 / 1%",50000.0,0.01,False,WLDUSDT,primary,1780590600,2026-06-04T16:30:00+00:00,1780593300,0.5467,0.6313,1780594200,2026-06-04T17:30:00+00:00,1780594200,1780597800,14084.793199999316,6763504.667199999,67635.046672,,,,,,,,,,not_reached,long_liquidation_threshold_not_met
soft_50k_1pct,"$50,000 / 1%",50000.0,0.01,False,WLDUSDT,primary,1780596900,2026-06-04T18:15:00+00:00,1780599600,0.5383,0.6313,1780600500,2026-06-04T19:15:00+00:00,1780600500,1780604100,45536.53070602886,2446223.9756,50000.0,,,,,,,,,,not_reached,long_liquidation_threshold_not_met
soft_50k_1pct,"$50,000 / 1%",50000.0,0.01,False,WLDUSDT,primary,1780601400,2026-06-04T19:30:00+00:00,1780603200,0.521,0.6313,1780604100,2026-06-04T20:15:00+00:00,1780604100,1780607700,28085.01649995832,2563824.7533,50000.0,,,,,,,,,,not_reached,long_liquidation_threshold_not_met
soft_50k_1pct,"$50,000 / 1%",50000.0,0.01,True,ZECUSDT,primary,1780671600,2026-06-05T15:00:00+00:00,1780671600,320.75,357.96,1780672500,2026-06-05T15:15:00+00:00,1780672500,1780676100,1783745.4799999995,7159993.2817,71599.93281700001,,,,,,,,,,not_reached,missing_5m_candle:1780676100
soft_50k_1pct,"$50,000 / 1%",50000.0,0.01,True,ZECUSDT,primary,1780689600,2026-06-05T20:00:00+00:00,1780696800,351.28,383.33,1780720200,2026-06-06T04:30:00+00:00,1780720200,1780723800,2165417.2299999995,7819433.1625,78194.33162499999,,,,,,,,,,not_reached,missing_5m_candle:1780723800
soft_50k_1pct,"$50,000 / 1%",50000.0,0.01,True,ZECUSDT,primary,1780702200,2026-06-05T23:30:00+00:00,1780705800,356.19,399.75,1780715700,2026-06-06T03:15:00+00:00,1780715700,1780719300,871437.6300000001,4402257.7926,50000.0,,,,,,,,,,not_reached,missing_5m_candle:1780719300
soft_50k_1pct,"$50,000 / 1%",50000.0,0.01,True,ZECUSDT,primary,1780712100,2026-06-06T02:15:00+00:00,1780712100,356.19,399.75,1780715700,2026-06-06T03:15:00+00:00,1780715700,1780719300,871437.6300000001,4402257.7926,50000.0,,,,,,,,,,not_reached,missing_5m_candle:1780719300
soft_50k_1pct,"$50,000 / 1%",50000.0,0.01,True,ZECUSDT,primary,1780713900,2026-06-06T02:45:00+00:00,1780714800,356.19,399.75,1780715700,2026-06-06T03:15:00+00:00,1780715700,1780719300,871437.6300000001,4402257.7926,50000.0,,,,,,,,,,not_reached,missing_5m_candle:1780719300
soft_50k_1pct,"$50,000 / 1%",50000.0,0.01,False,WLDUSDT,primary,1780794900,2026-06-07T01:15:00+00:00,1780796700,0.4153,0.4731,1780823700,2026-06-07T09:15:00+00:00,1780823700,1780827300,11590.576400001937,2218779.9820999997,50000.0,,,,,,,,,,not_reached,long_liquidation_threshold_not_met
soft_50k_1pct,"$50,000 / 1%",50000.0,0.01,False,ZECUSDT,primary,1780812900,2026-06-07T06:15:00+00:00,1780814700,,416.29,,,,,,,,,,,,,,,,,not_reached,correction_not_found_in_12h
soft_50k_1pct,"$50,000 / 1%",50000.0,0.01,False,WLDUSDT,primary,1780855200,2026-06-07T18:00:00+00:00,1780855200,0.4576,0.5133,1780858800,2026-06-07T19:00:00+00:00,1780858800,1780862400,5276.906400001304,1608730.2192,50000.0,,,,,,,,,,not_reached,long_liquidation_threshold_not_met
soft_50k_1pct,"$50,000 / 1%",50000.0,0.01,False,SOXLUSDT,primary,1780930800,2026-06-08T15:00:00+00:00,1780930800,,220.15,,,,,,,,,,,,,,,,,not_reached,correction_not_found_in_12h
soft_50k_1pct,"$50,000 / 1%",50000.0,0.01,True,WLDUSDT,primary,1780941600,2026-06-08T18:00:00+00:00,1780949700,0.5032,0.5788,1780953300,2026-06-08T21:15:00+00:00,1780953300,1780956900,200798.22096678597,2413383.6825,50000.0,,,,,,,,,,not_reached,missing_5m_candle:1780956900
soft_50k_1pct,"$50,000 / 1%",50000.0,0.01,False,SOXLUSDT,primary,1781049600,2026-06-10T00:00:00+00:00,1781052300,186.64,205.01,1781065800,2026-06-10T04:30:00+00:00,1781065800,1781069400,0,110396.9566,50000.0,,,,,,,,,,not_reached,long_liquidation_threshold_not_met
soft_50k_1pct,"$50,000 / 1%",50000.0,0.01,False,SOXLUSDT,primary,1781208900,2026-06-11T20:15:00+00:00,1781208900,,225.46,,,,,,,,,,,,,,,,,not_reached,correction_not_found_in_12h
soft_50k_1pct,"$50,000 / 1%",50000.0,0.01,False,SOXLUSDT,primary,1781212500,2026-06-11T21:15:00+00:00,1781212500,,225.46,,,,,,,,,,,,,,,,,not_reached,correction_not_found_in_12h
soft_50k_1pct,"$50,000 / 1%",50000.0,0.01,False,SOXLUSDT,primary,1781217900,2026-06-11T22:45:00+00:00,1781217900,,228.83,,,,,,,,,,,,,,,,,not_reached,correction_not_found_in_12h
soft_50k_1pct,"$50,000 / 1%",50000.0,0.01,False,SOXLUSDT,primary,1781223300,2026-06-12T00:15:00+00:00,1781223300,210.94,231.12,1781247600,2026-06-12T07:00:00+00:00,1781247600,1781251200,2553.12,154819.2561,50000.0,,,,,,,,,,not_reached,long_liquidation_threshold_not_met
soft_50k_1pct,"$50,000 / 1%",50000.0,0.01,False,SOXLUSDT,primary,1781225100,2026-06-12T00:45:00+00:00,1781226000,210.94,234.0,1781247600,2026-06-12T07:00:00+00:00,1781247600,1781251200,2553.12,154819.2561,50000.0,,,,,,,,,,not_reached,long_liquidation_threshold_not_met
soft_50k_1pct,"$50,000 / 1%",50000.0,0.01,True,TRUMPUSDT,primary,1781256600,2026-06-12T09:30:00+00:00,1781270100,2.002,2.217,1781271000,2026-06-12T13:30:00+00:00,1781271000,1781274600,56676.84400000287,2213937.4229,50000.0,,,,,,,,,,not_reached,missing_5m_coverage:candle_fetch_error:Gate request failed for /candlesticks: 400 Client Error: Bad Request for url: https://api.gateio.ws/api/v4/futures/usdt/candlesticks?contract=TRUMP_USDT&interval=5m&from=1781188200&to=1781296199
soft_50k_1pct,"$50,000 / 1%",50000.0,0.01,False,TRUMPUSDT,primary,1781271900,2026-06-12T13:45:00+00:00,1781271900,1.967,2.217,1781272800,2026-06-12T14:00:00+00:00,1781272800,1781276400,15580.682000000452,2126505.3287,50000.0,,,,,,,,,,not_reached,long_liquidation_threshold_not_met
soft_50k_1pct,"$50,000 / 1%",50000.0,0.01,False,TRUMPUSDT,primary,1781275500,2026-06-12T14:45:00+00:00,1781278200,1.996,2.217,1781288100,2026-06-12T18:15:00+00:00,1781288100,1781291700,45775.075,989658.6259999999,50000.0,,,,,,,,,,not_reached,long_liquidation_threshold_not_met
soft_50k_1pct,"$50,000 / 1%",50000.0,0.01,False,TAOUSDT,primary,1781349300,2026-06-13T11:15:00+00:00,1781349300,,249.3,,,,,,,,,,,,,,,,,not_reached,correction_not_found_in_12h
soft_50k_1pct,"$50,000 / 1%",50000.0,0.01,False,TAOUSDT,primary,1781356500,2026-06-13T13:15:00+00:00,1781362800,,269.1,,,,,,,,,,,,,,,,,not_reached,correction_not_found_in_12h
soft_50k_1pct,"$50,000 / 1%",50000.0,0.01,False,ZHIPUUSDT,primary,1781487000,2026-06-15T01:30:00+00:00,1781514900,169.54,189.69,1781516700,2026-06-15T09:45:00+00:00,1781516700,1781520300,6063.049999999999,1291.1358,50000.0,,,,,,,,,,not_reached,long_liquidation_threshold_not_met
soft_50k_1pct,"$50,000 / 1%",50000.0,0.01,False,WLDUSDT,primary,1781492400,2026-06-15T03:00:00+00:00,1781500500,,0.6091,,,,,,,,,,,,,,,,,not_reached,correction_not_found_in_12h
soft_50k_1pct,"$50,000 / 1%",50000.0,0.01,False,WLDUSDT,primary,1781502300,2026-06-15T05:45:00+00:00,1781502300,,0.6091,,,,,,,,,,,,,,,,,not_reached,correction_not_found_in_12h
soft_50k_1pct,"$50,000 / 1%",50000.0,0.01,False,SPCXUSDT,primary,1781561700,2026-06-15T22:15:00+00:00,1781561700,,197.71,,,,,,,,,,,,,,,,,not_reached,correction_not_found_in_12h
soft_50k_1pct,"$50,000 / 1%",50000.0,0.01,False,SPCXUSDT,primary,1781565300,2026-06-15T23:15:00+00:00,1781566200,,202.06,,,,,,,,,,,,,,,,,not_reached,correction_not_found_in_12h
soft_50k_1pct,"$50,000 / 1%",50000.0,0.01,True,SPCXUSDT,primary,1781568900,2026-06-16T00:15:00+00:00,1781572500,209.03,227.92,1781573400,2026-06-16T01:30:00+00:00,1781573400,1781577000,1398361.520000001,6391954.4496,63919.544496,,,,,,,,,,not_reached,missing_5m_candle:1781577000
soft_50k_1pct,"$50,000 / 1%",50000.0,0.01,True,SPCXUSDT,primary,1781575200,2026-06-16T02:00:00+00:00,1781577000,206.09,227.92,1781587800,2026-06-16T05:30:00+00:00,1781587800,1781591400,382669.79000000027,2567695.0038,50000.0,,,,,,,,,,not_reached,missing_5m_candle:1781591400
soft_50k_1pct,"$50,000 / 1%",50000.0,0.01,True,SPCXUSDT,primary,1781578800,2026-06-16T03:00:00+00:00,1781579700,206.09,227.92,1781587800,2026-06-16T05:30:00+00:00,1781587800,1781591400,382669.79000000027,2567695.0038,50000.0,,,,,,,,,,not_reached,missing_5m_candle:1781591400
soft_50k_1pct,"$50,000 / 1%",50000.0,0.01,False,ZHIPUUSDT,primary,1781674200,2026-06-17T05:30:00+00:00,1781676000,192.28,220.0,1781676900,2026-06-17T06:15:00+00:00,1781676900,1781680500,0,69204.66589999999,50000.0,,,,,,,,,,not_reached,long_liquidation_threshold_not_met
soft_50k_1pct,"$50,000 / 1%",50000.0,0.01,False,ZHIPUUSDT,primary,1781678700,2026-06-17T06:45:00+00:00,1781681400,200.39,220.0,1781682300,2026-06-17T07:45:00+00:00,1781682300,1781685900,0,32572.146299999997,50000.0,,,,,,,,,,not_reached,long_liquidation_threshold_not_met
soft_50k_1pct,"$50,000 / 1%",50000.0,0.01,False,ZHIPUUSDT,primary,1781748000,2026-06-18T02:00:00+00:00,1781774100,,259.27,,,,,,,,,,,,,,,,,not_reached,correction_not_found_in_12h
soft_50k_1pct,"$50,000 / 1%",50000.0,0.01,False,AKEUSDT,primary,1781960400,2026-06-20T13:00:00+00:00,1781960400,,0.0004034,,,,,,,,,,,,,,,,,not_reached,correction_not_found_in_12h
soft_50k_1pct,"$50,000 / 1%",50000.0,0.01,False,BTRUSDT,primary,1782006300,2026-06-21T01:45:00+00:00,1782033300,0.02363,0.02833,1782034200,2026-06-21T09:30:00+00:00,1782034200,1782037800,0,45453.788,50000.0,,,,,,,,,,not_reached,long_liquidation_threshold_not_met
soft_50k_1pct,"$50,000 / 1%",50000.0,0.01,False,ZHIPUUSDT,primary,1782091800,2026-06-22T01:30:00+00:00,1782091800,303.0,364.83,1782092700,2026-06-22T01:45:00+00:00,1782092700,1782096300,33178.720000000016,79068.3528,50000.0,,,,,,,,,,not_reached,long_liquidation_threshold_not_met
soft_50k_1pct,"$50,000 / 1%",50000.0,0.01,True,ZHIPUUSDT,primary,1782093600,2026-06-22T02:00:00+00:00,1782094500,306.89,370.58,1782095400,2026-06-22T02:30:00+00:00,1782095400,1782099000,114617.41000000003,60868.888300000006,50000.0,,,,,,,,,,not_reached,missing_5m_candle:1782099000
soft_50k_1pct,"$50,000 / 1%",50000.0,0.01,False,ZHIPUUSDT,primary,1782099000,2026-06-22T03:30:00+00:00,1782099000,314.68,370.58,1782099900,2026-06-22T03:45:00+00:00,1782099900,1782103500,0,52904.6858,50000.0,,,,,,,,,,not_reached,long_liquidation_threshold_not_met
soft_50k_1pct,"$50,000 / 1%",50000.0,0.01,False,ZHIPUUSDT,primary,1782100800,2026-06-22T04:00:00+00:00,1782103500,304.54,370.58,1782104400,2026-06-22T05:00:00+00:00,1782104400,1782108000,2857.59,33149.8842,50000.0,,,,,,,,,,not_reached,long_liquidation_threshold_not_met
soft_50k_1pct,"$50,000 / 1%",50000.0,0.01,False,ZHIPUUSDT,primary,1782112500,2026-06-22T07:15:00+00:00,1782112500,306.66,370.58,1782113400,2026-06-22T07:30:00+00:00,1782113400,1782117000,0,10264.6624,50000.0,,,,,,,,,,not_reached,long_liquidation_threshold_not_met
soft_50k_1pct,"$50,000 / 1%",50000.0,0.01,False,ZHIPUUSDT,primary,1782118800,2026-06-22T09:00:00+00:00,1782119700,311.59,370.58,1782120600,2026-06-22T09:30:00+00:00,1782120600,1782124200,0,92328.68590000001,50000.0,,,,,,,,,,not_reached,long_liquidation_threshold_not_met
soft_50k_1pct,"$50,000 / 1%",50000.0,0.01,False,SOXLUSDT,primary,1782336600,2026-06-24T21:30:00+00:00,1782336600,,265.84,,,,,,,,,,,,,,,,,not_reached,correction_not_found_in_12h
soft_50k_1pct,"$50,000 / 1%",50000.0,0.01,False,MUUSDT,primary,1782342000,2026-06-24T23:00:00+00:00,1782345600,,1226.15,,,,,,,,,,,,,,,,,not_reached,correction_not_found_in_12h
soft_50k_1pct,"$50,000 / 1%",50000.0,0.01,False,SOXLUSDT,primary,1782343800,2026-06-24T23:30:00+00:00,1782343800,,265.84,,,,,,,,,,,,,,,,,not_reached,correction_not_found_in_12h
soft_50k_1pct,"$50,000 / 1%",50000.0,0.01,False,MUUSDT,primary,1782349200,2026-06-25T01:00:00+00:00,1782359100,,1226.15,,,,,,,,,,,,,,,,,not_reached,correction_not_found_in_12h
soft_50k_1pct,"$50,000 / 1%",50000.0,0.01,True,SOXLUSDT,primary,1782350100,2026-06-25T01:15:00+00:00,1782351900,225.77,265.84,1782395100,2026-06-25T13:45:00+00:00,1782395100,1782398700,35343558.14064079,6687736.2798,66877.362798,,,,,,,,,,not_reached,missing_5m_candle:1782398700
soft_50k_1pct,"$50,000 / 1%",50000.0,0.01,True,SOXLUSDT,primary,1782355500,2026-06-25T02:45:00+00:00,1782358200,225.77,265.84,1782395100,2026-06-25T13:45:00+00:00,1782395100,1782398700,35343558.14064079,6687736.2798,66877.362798,,,,,,,,,,not_reached,missing_5m_candle:1782398700
soft_50k_1pct,"$50,000 / 1%",50000.0,0.01,False,DRAMUSDT,primary,1782356400,2026-06-25T03:00:00+00:00,1782356400,73.66,81.55,1782395100,2026-06-25T13:45:00+00:00,1782395100,1782398700,4884.22,1177681.5750000002,50000.0,,,,,,,,,,not_reached,long_liquidation_threshold_not_met
soft_50k_1pct,"$50,000 / 1%",50000.0,0.01,False,SOXLUSDT,primary,1782770400,2026-06-29T22:00:00+00:00,1782770400,,239.08,,,,,,,,,,,,,,,,,not_reached,correction_not_found_in_12h
soft_50k_1pct,"$50,000 / 1%",50000.0,0.01,False,UNIUSDT,primary,1783012500,2026-07-02T17:15:00+00:00,1783012500,,3.287,,,,,,,,,,,,,,,,,not_reached,correction_not_found_in_12h
soft_50k_1pct,"$50,000 / 1%",50000.0,0.01,False,ZHIPUUSDT,primary,1783042200,2026-07-03T01:30:00+00:00,1783057500,229.45,262.36,1783058400,2026-07-03T06:00:00+00:00,1783058400,1783062000,0,12853.6645,50000.0,,,,,,,,,,not_reached,long_liquidation_threshold_not_met
soft_50k_1pct,"$50,000 / 1%",50000.0,0.01,False,AKEUSDT,primary,1783074600,2026-07-03T10:30:00+00:00,1783090800,0.0004693,0.0005135,1783094400,2026-07-03T16:00:00+00:00,1783094400,1783098000,0,72799.69369999999,50000.0,,,,,,,,,,not_reached,long_liquidation_threshold_not_met
soft_50k_1pct,"$50,000 / 1%",50000.0,0.01,False,ZHIPUUSDT,primary,1783476000,2026-07-08T02:00:00+00:00,1783477800,,234.77,,,,,,,,,,,,,,,,,not_reached,correction_not_found_in_12h
soft_50k_1pct,"$50,000 / 1%",50000.0,0.01,False,ZHIPUUSDT,primary,1783479600,2026-07-08T03:00:00+00:00,1783503000,216.67,242.56,1783509300,2026-07-08T11:15:00+00:00,1783509300,1783512900,0,37421.1388,50000.0,,,,,,,,,,not_reached,long_liquidation_threshold_not_met
soft_50k_1pct,"$50,000 / 1%",50000.0,0.01,False,SOXLUSDT,primary,1783530000,2026-07-08T17:00:00+00:00,1783530900,,176.59,,,,,,,,,,,,,,,,,not_reached,correction_not_found_in_12h
soft_50k_1pct,"$50,000 / 1%",50000.0,0.01,False,SOXLUSDT,primary,1783533600,2026-07-08T18:00:00+00:00,1783533600,,176.97,,,,,,,,,,,,,,,,,not_reached,correction_not_found_in_12h
soft_50k_1pct,"$50,000 / 1%",50000.0,0.01,False,SOXLUSDT,primary,1783538100,2026-07-08T19:15:00+00:00,1783538100,,176.97,,,,,,,,,,,,,,,,,not_reached,correction_not_found_in_12h
soft_50k_1pct,"$50,000 / 1%",50000.0,0.01,False,ZHIPUUSDT,primary,1783560600,2026-07-09T01:30:00+00:00,1783563300,241.0,277.59,1783564200,2026-07-09T02:30:00+00:00,1783564200,1783567800,0,130216.1679,50000.0,,,,,,,,,,not_reached,long_liquidation_threshold_not_met
soft_50k_1pct,"$50,000 / 1%",50000.0,0.01,False,ZHIPUUSDT,primary,1783567800,2026-07-09T03:30:00+00:00,1783568700,247.97,277.59,1783569600,2026-07-09T04:00:00+00:00,1783569600,1783573200,0,11915.3888,50000.0,,,,,,,,,,not_reached,long_liquidation_threshold_not_met
soft_50k_1pct,"$50,000 / 1%",50000.0,0.01,False,ZHIPUUSDT,primary,1783571400,2026-07-09T04:30:00+00:00,1783573200,236.77,277.59,1783574100,2026-07-09T05:15:00+00:00,1783574100,1783577700,0,29688.0795,50000.0,,,,,,,,,,not_reached,long_liquidation_threshold_not_met
soft_50k_1pct,"$50,000 / 1%",50000.0,0.01,False,ZHIPUUSDT,primary,1783584000,2026-07-09T08:00:00+00:00,1783586700,248.2,277.59,1783587600,2026-07-09T09:00:00+00:00,1783587600,1783591200,0,14049.8604,50000.0,,,,,,,,,,not_reached,long_liquidation_threshold_not_met
soft_50k_1pct,"$50,000 / 1%",50000.0,0.01,False,PUMPUSDT,primary,1784080800,2026-07-15T02:00:00+00:00,1784080800,,0.001664,,,,,,,,,,,,,,,,,not_reached,correction_not_found_in_12h
soft_50k_1pct,"$50,000 / 1%",50000.0,0.01,False,PUMPUSDT,primary,1784087100,2026-07-15T03:45:00+00:00,1784088000,,0.001668,,,,,,,,,,,,,,,,,not_reached,correction_not_found_in_12h
soft_50k_1pct,"$50,000 / 1%",50000.0,0.01,False,PUMPUSDT,primary,1784089800,2026-07-15T04:30:00+00:00,1784090700,,0.001669,,,,,,,,,,,,,,,,,not_reached,correction_not_found_in_12h
soft_50k_1pct,"$50,000 / 1%",50000.0,0.01,False,AKEUSDT,primary,1784090700,2026-07-15T04:45:00+00:00,1784131200,0.0006025,0.0009199,1784132100,2026-07-15T16:15:00+00:00,1784132100,1784135700,32.922578174689,6031570.052300001,60315.70052300001,,,,,,,,,,not_reached,long_liquidation_threshold_not_met
soft_50k_1pct,"$50,000 / 1%",50000.0,0.01,False,AKEUSDT,primary,1784138400,2026-07-15T18:00:00+00:00,1784139300,0.0005626,0.0009199,1784140200,2026-07-15T18:30:00+00:00,1784140200,1784143800,9.908369898703,5606781.868600001,56067.818686000006,,,,,,,,,,not_reached,long_liquidation_threshold_not_met
soft_50k_1pct,"$50,000 / 1%",50000.0,0.01,False,AKEUSDT,primary,1784143800,2026-07-15T19:30:00+00:00,1784146500,0.0006713,0.0009199,1784147400,2026-07-15T20:30:00+00:00,1784147400,1784151000,0,1592667.9592,50000.0,,,,,,,,,,not_reached,long_liquidation_threshold_not_met
soft_50k_1pct,"$50,000 / 1%",50000.0,0.01,False,AKEUSDT,primary,1784169000,2026-07-16T02:30:00+00:00,1784169900,0.0007016,0.000786,1784181600,2026-07-16T06:00:00+00:00,1784181600,1784185200,128.07845742639955,6647925.0806,66479.250806,,,,,,,,,,not_reached,long_liquidation_threshold_not_met
soft_50k_1pct,"$50,000 / 1%",50000.0,0.01,False,AKEUSDT,primary,1784171700,2026-07-16T03:15:00+00:00,1784171700,0.0007016,0.000786,1784181600,2026-07-16T06:00:00+00:00,1784181600,1784185200,128.07845742639955,6647925.0806,66479.250806,,,,,,,,,,not_reached,long_liquidation_threshold_not_met
soft_50k_1pct,"$50,000 / 1%",50000.0,0.01,False,AKEUSDT,primary,1784174400,2026-07-16T04:00:00+00:00,1784176200,0.0007016,0.0008103,1784181600,2026-07-16T06:00:00+00:00,1784181600,1784185200,128.07845742639955,6647925.0806,66479.250806,,,,,,,,,,not_reached,long_liquidation_threshold_not_met
soft_50k_1pct,"$50,000 / 1%",50000.0,0.01,False,AKEUSDT,primary,1784179800,2026-07-16T05:30:00+00:00,1784194200,0.000764,0.00095,1784195100,2026-07-16T09:45:00+00:00,1784195100,1784198700,7.639782901846665,7522848.506399999,75228.485064,,,,,,,,,,not_reached,long_liquidation_threshold_not_met
soft_50k_1pct,"$50,000 / 1%",50000.0,0.01,False,AKEUSDT,primary,1784196900,2026-07-16T10:15:00+00:00,1784211300,0.0008909,0.00099,1784221200,2026-07-16T17:00:00+00:00,1784221200,1784224800,4.013843700235,6482475.2077,64824.752077000005,,,,,,,,,,not_reached,long_liquidation_threshold_not_met
soft_50k_1pct,"$50,000 / 1%",50000.0,0.01,False,AKEUSDT,primary,1784213100,2026-07-16T14:45:00+00:00,1784213100,0.0008909,0.00099,1784221200,2026-07-16T17:00:00+00:00,1784221200,1784224800,4.013843700235,6482475.2077,64824.752077000005,,,,,,,,,,not_reached,long_liquidation_threshold_not_met
soft_50k_1pct,"$50,000 / 1%",50000.0,0.01,False,AKEUSDT,primary,1784214900,2026-07-16T15:15:00+00:00,1784216700,0.0008909,0.00099,1784221200,2026-07-16T17:00:00+00:00,1784221200,1784224800,4.013843700235,6482475.2077,64824.752077000005,,,,,,,,,,not_reached,long_liquidation_threshold_not_met
soft_50k_1pct,"$50,000 / 1%",50000.0,0.01,False,AKEUSDT,primary,1784223900,2026-07-16T17:45:00+00:00,1784224800,0.0008223,0.0011731,1784225700,2026-07-16T18:15:00+00:00,1784225700,1784229300,36.78466198489898,8895225.513199998,88952.25513199998,,,,,,,,,,not_reached,long_liquidation_threshold_not_met
soft_50k_1pct,"$50,000 / 1%",50000.0,0.01,False,AKEUSDT,primary,1784276100,2026-07-17T08:15:00+00:00,1784303100,0.0012284,0.0014,1784304000,2026-07-17T16:00:00+00:00,1784304000,1784307600,0,3074631.8962,50000.0,,,,,,,,,,not_reached,long_liquidation_threshold_not_met
soft_50k_1pct,"$50,000 / 1%",50000.0,0.01,False,AKEUSDT,primary,1784306700,2026-07-17T16:45:00+00:00,1784306700,0.0012059,0.0014,1784327400,2026-07-17T22:30:00+00:00,1784327400,1784331000,27.076813905767,6191045.6324000005,61910.456324000006,,,,,,,,,,not_reached,long_liquidation_threshold_not_met
soft_50k_1pct,"$50,000 / 1%",50000.0,0.01,False,AKEUSDT,primary,1784308500,2026-07-17T17:15:00+00:00,1784308500,0.0012059,0.0014,1784327400,2026-07-17T22:30:00+00:00,1784327400,1784331000,27.076813905767,6191045.6324000005,61910.456324000006,,,,,,,,,,not_reached,long_liquidation_threshold_not_met
soft_50k_1pct,"$50,000 / 1%",50000.0,0.01,False,AKEUSDT,primary,1784310300,2026-07-17T17:45:00+00:00,1784311200,0.0012059,0.0014,1784327400,2026-07-17T22:30:00+00:00,1784327400,1784331000,27.076813905767,6191045.6324000005,61910.456324000006,,,,,,,,,,not_reached,long_liquidation_threshold_not_met
soft_50k_1pct,"$50,000 / 1%",50000.0,0.01,False,AKEUSDT,primary,1784313000,2026-07-17T18:30:00+00:00,1784326500,0.0012059,0.0019474,1784327400,2026-07-17T22:30:00+00:00,1784327400,1784331000,27.076813905767,6191045.6324000005,61910.456324000006,,,,,,,,,,not_reached,long_liquidation_threshold_not_met
soft_50k_1pct,"$50,000 / 1%",50000.0,0.01,False,AKEUSDT,primary,1784328300,2026-07-17T22:45:00+00:00,1784333700,0.0013742,0.0019474,1784334600,2026-07-18T00:30:00+00:00,1784334600,1784338200,4.438224298960999,2048173.0451,50000.0,,,,,,,,,,not_reached,long_liquidation_threshold_not_met
soft_50k_1pct,"$50,000 / 1%",50000.0,0.01,False,AKEUSDT,primary,1784340000,2026-07-18T02:00:00+00:00,1784340900,0.0015242,0.0019474,1784341800,2026-07-18T02:30:00+00:00,1784341800,1784345400,2.4232072003000003,2737796.4225999997,50000.0,,,,,,,,,,not_reached,long_liquidation_threshold_not_met
soft_50k_1pct,"$50,000 / 1%",50000.0,0.01,False,AKEUSDT,primary,1784348100,2026-07-18T04:15:00+00:00,1784348100,0.0016668,0.0019474,1784349000,2026-07-18T04:30:00+00:00,1784349000,1784352600,5.484982098133999,6781802.987799999,67818.029878,,,,,,,,,,not_reached,long_liquidation_threshold_not_met
soft_50k_1pct,"$50,000 / 1%",50000.0,0.01,False,AKEUSDT,primary,1784354400,2026-07-18T06:00:00+00:00,1784367000,0.001422,0.0021,1784367900,2026-07-18T09:45:00+00:00,1784367900,1784371500,690.0194495683874,13834024.822900001,138340.24822900002,,,,,,,,,,not_reached,long_liquidation_threshold_not_met
soft_50k_1pct,"$50,000 / 1%",50000.0,0.01,False,AKEUSDT,primary,1784370600,2026-07-18T10:30:00+00:00,1784372400,0.0016874,0.0021,1784373300,2026-07-18T11:15:00+00:00,1784373300,1784376900,5.5225628001330005,5915077.0031,59150.77003100001,,,,,,,,,,not_reached,long_liquidation_threshold_not_met
soft_50k_1pct,"$50,000 / 1%",50000.0,0.01,False,AKEUSDT,primary,1784403900,2026-07-18T19:45:00+00:00,1784403900,0.0018797,0.0020899,1784404800,2026-07-18T20:00:00+00:00,1784404800,1784408400,7.423017599476,6232189.9088,62321.899088000006,,,,,,,,,,not_reached,long_liquidation_threshold_not_met
soft_50k_1pct,"$50,000 / 1%",50000.0,0.01,False,AKEUSDT,primary,1784405700,2026-07-18T20:15:00+00:00,1784406600,0.0018038,0.0020899,1784409300,2026-07-18T21:15:00+00:00,1784409300,1784412900,89.10995735126504,3599085.8614,50000.0,,,,,,,,,,not_reached,long_liquidation_threshold_not_met
soft_50k_1pct,"$50,000 / 1%",50000.0,0.01,False,AKEUSDT,primary,1784413800,2026-07-18T22:30:00+00:00,1784413800,0.0019161,0.00211,1784414700,2026-07-18T22:45:00+00:00,1784414700,1784418300,0.0688765,1995787.6586,50000.0,,,,,,,,,,not_reached,long_liquidation_threshold_not_met
soft_50k_1pct,"$50,000 / 1%",50000.0,0.01,False,AKEUSDT,primary,1784415600,2026-07-18T23:00:00+00:00,1784421000,0.0019413,0.002161,1784422800,2026-07-19T01:00:00+00:00,1784422800,1784426400,11.107455302022,3379551.3189,50000.0,,,,,,,,,,not_reached,long_liquidation_threshold_not_met
soft_50k_1pct,"$50,000 / 1%",50000.0,0.01,False,AKEUSDT,primary,1784423700,2026-07-19T01:15:00+00:00,1784427300,0.001829,0.002161,1784428200,2026-07-19T02:30:00+00:00,1784428200,1784431800,13.363921099176002,5322230.241,53222.302410000004,,,,,,,,,,not_reached,long_liquidation_threshold_not_met
soft_50k_1pct,"$50,000 / 1%",50000.0,0.01,False,PROMUSDT,primary,1784486700,2026-07-19T18:45:00+00:00,1784486700,,1.602,,,,,,,,,,,,,,,,,not_reached,correction_not_found_in_12h
soft_50k_1pct,"$50,000 / 1%",50000.0,0.01,False,PROMUSDT,primary,1784488500,2026-07-19T19:15:00+00:00,1784488500,,1.633,,,,,,,,,,,,,,,,,not_reached,correction_not_found_in_12h
soft_50k_1pct,"$50,000 / 1%",50000.0,0.01,False,PROMUSDT,primary,1784490300,2026-07-19T19:45:00+00:00,1784500200,1.524,1.792,1784501100,2026-07-19T22:45:00+00:00,1784501100,1784504700,9454.888000000194,146294.0016,50000.0,,,,,,,,,,not_reached,long_liquidation_threshold_not_met
soft_50k_1pct,"$50,000 / 1%",50000.0,0.01,False,PUMPUSDT,primary,1784495700,2026-07-19T21:15:00+00:00,1784495700,,0.001919,,,,,,,,,,,,,,,,,not_reached,correction_not_found_in_12h
soft_50k_1pct,"$50,000 / 1%",50000.0,0.01,False,PUMPUSDT,primary,1784497500,2026-07-19T21:45:00+00:00,1784497500,,0.00194,,,,,,,,,,,,,,,,,not_reached,correction_not_found_in_12h
soft_50k_1pct,"$50,000 / 1%",50000.0,0.01,False,PUMPUSDT,primary,1784499300,2026-07-19T22:15:00+00:00,1784515500,,0.002071,,,,,,,,,,,,,,,,,not_reached,correction_not_found_in_12h
soft_50k_1pct,"$50,000 / 1%",50000.0,0.01,False,PROMUSDT,primary,1784502000,2026-07-19T23:00:00+00:00,1784502000,1.587,1.792,1784502900,2026-07-19T23:15:00+00:00,1784502900,1784506500,2968.4819999990937,52426.463800000005,50000.0,,,,,,,,,,not_reached,long_liquidation_threshold_not_met
soft_50k_1pct,"$50,000 / 1%",50000.0,0.01,False,AKEUSDT,primary,1784507400,2026-07-20T00:30:00+00:00,1784510100,0.001432,0.0024879,1784511000,2026-07-20T01:30:00+00:00,1784511000,1784514600,60.02538149937885,11867668.4816,118676.684816,,,,,,,,,,not_reached,long_liquidation_threshold_not_met
soft_50k_1pct,"$50,000 / 1%",50000.0,0.01,False,PROMUSDT,primary,1784552400,2026-07-20T13:00:00+00:00,1784571300,2.051,2.58,1784572200,2026-07-20T18:30:00+00:00,1784572200,1784575800,0,443765.84929999994,50000.0,,,,,,,,,,not_reached,long_liquidation_threshold_not_met
soft_50k_1pct,"$50,000 / 1%",50000.0,0.01,False,PROMUSDT,primary,1784574000,2026-07-20T19:00:00+00:00,1784577600,2.021,2.58,1784578500,2026-07-20T20:15:00+00:00,1784578500,1784582100,0,305342.84500000003,50000.0,,,,,,,,,,not_reached,long_liquidation_threshold_not_met
soft_50k_1pct,"$50,000 / 1%",50000.0,0.01,False,AKEUSDT,primary,1784601000,2026-07-21T02:30:00+00:00,1784601000,0.0017124,0.00199,1784602800,2026-07-21T03:00:00+00:00,1784602800,1784606400,2.2887313995080003,2221094.4906,50000.0,,,,,,,,,,not_reached,long_liquidation_threshold_not_met
soft_50k_1pct,"$50,000 / 1%",50000.0,0.01,False,ZHIPUUSDT,primary,1784602800,2026-07-21T03:00:00+00:00,1784629800,,158.64,,,,,,,,,,,,,,,,,not_reached,correction_not_found_in_12h
soft_50k_1pct,"$50,000 / 1%",50000.0,0.01,False,PROMUSDT,primary,1784718900,2026-07-22T11:15:00+00:00,1784722500,1.58,1.768,1784723400,2026-07-22T12:30:00+00:00,1784723400,1784727000,397.964,139233.75710000002,50000.0,,,,,,,,,,not_reached,long_liquidation_threshold_not_met
soft_50k_1pct,"$50,000 / 1%",50000.0,0.01,False,PROMUSDT,primary,1784727900,2026-07-22T13:45:00+00:00,1784729700,1.544,1.768,1784730600,2026-07-22T14:30:00+00:00,1784730600,1784734200,14925.677999999745,40347.87329999999,50000.0,,,,,,,,,,not_reached,long_liquidation_threshold_not_met
soft_50k_1pct,"$50,000 / 1%",50000.0,0.01,False,AKEUSDT,primary,1784801700,2026-07-23T10:15:00+00:00,1784801700,,0.0020697,,,,,,,,,,,,,,,,,not_reached,correction_not_found_in_12h
soft_50k_1pct,"$50,000 / 1%",50000.0,0.01,False,AKEUSDT,primary,1784805300,2026-07-23T11:15:00+00:00,1784805300,,0.0020697,,,,,,,,,,,,,,,,,not_reached,correction_not_found_in_12h
soft_50k_1pct,"$50,000 / 1%",50000.0,0.01,False,AKEUSDT,primary,1784817900,2026-07-23T14:45:00+00:00,1784817900,0.001855,0.0021258,1784860200,2026-07-24T02:30:00+00:00,1784860200,1784863800,26.437518844270002,5724366.852899999,57243.668528999995,,,,,,,,,,not_reached,long_liquidation_threshold_not_met
soft_50k_1pct,"$50,000 / 1%",50000.0,0.01,False,AKEUSDT,primary,1784822400,2026-07-23T16:00:00+00:00,1784829600,0.00206,0.00274,1784830500,2026-07-23T18:15:00+00:00,1784830500,1784834100,26.40110235643182,7669768.1359,76697.68135900001,,,,,,,,,,not_reached,long_liquidation_threshold_not_met
soft_50k_1pct,"$50,000 / 1%",50000.0,0.01,False,AKEUSDT,primary,1784831400,2026-07-23T18:30:00+00:00,1784832300,0.0021068,0.00274,1784833200,2026-07-23T19:00:00+00:00,1784833200,1784836800,18.2028049549448,3648501.9561,50000.0,,,,,,,,,,not_reached,long_liquidation_threshold_not_met
soft_50k_1pct,"$50,000 / 1%",50000.0,0.01,True,PROMUSDT,primary,1784835900,2026-07-23T19:45:00+00:00,1784835900,1.526,1.809,1784864700,2026-07-24T03:45:00+00:00,1784864700,1784868300,197137.28600000206,634125.0527000001,50000.0,,,,,,,,,,not_reached,missing_5m_candle:1784868300
soft_50k_1pct,"$50,000 / 1%",50000.0,0.01,False,AKEUSDT,primary,1784836800,2026-07-23T20:00:00+00:00,1784850300,0.002255,0.00274,1784851200,2026-07-24T00:00:00+00:00,1784851200,1784854800,11.963519501018,3605627.1984,50000.0,,,,,,,,,,not_reached,long_liquidation_threshold_not_met
soft_50k_1pct,"$50,000 / 1%",50000.0,0.01,True,PROMUSDT,primary,1784837700,2026-07-23T20:15:00+00:00,1784837700,1.526,1.819,1784864700,2026-07-24T03:45:00+00:00,1784864700,1784868300,197137.28600000206,634125.0527000001,50000.0,,,,,,,,,,not_reached,missing_5m_candle:1784868300
soft_50k_1pct,"$50,000 / 1%",50000.0,0.01,False,AKEUSDT,primary,1784888100,2026-07-24T10:15:00+00:00,1784896200,0.0025412,0.0029092,1784897100,2026-07-24T12:45:00+00:00,1784897100,1784900700,18.514788900331144,2881639.7496,50000.0,,,,,,,,,,not_reached,long_liquidation_threshold_not_met
soft_50k_1pct,"$50,000 / 1%",50000.0,0.01,False,AKEUSDT,primary,1784910600,2026-07-24T16:30:00+00:00,1784917800,0.0022567,0.0031949,1784918700,2026-07-24T18:45:00+00:00,1784918700,1784922300,32.24695060033101,9498297.8534,94982.978534,,,,,,,,,,not_reached,long_liquidation_threshold_not_met
soft_50k_1pct,"$50,000 / 1%",50000.0,0.01,False,PROMUSDT,primary,1784916000,2026-07-24T18:00:00+00:00,1784921400,,1.859,,,,,,,,,,,,,,,,,not_reached,correction_not_found_in_12h
soft_50k_1pct,"$50,000 / 1%",50000.0,0.01,False,PROMUSDT,primary,1784923200,2026-07-24T20:00:00+00:00,1784923200,1.736,1.915,1784936700,2026-07-24T23:45:00+00:00,1784936700,1784940300,10504.42300000299,72152.51280000001,50000.0,,,,,,,,,,not_reached,long_liquidation_threshold_not_met
soft_50k_1pct,"$50,000 / 1%",50000.0,0.01,False,AKEUSDT,primary,1784958300,2026-07-25T05:45:00+00:00,1784958300,,0.003139,,,,,,,,,,,,,,,,,not_reached,correction_not_found_in_12h
soft_50k_1pct,"$50,000 / 1%",50000.0,0.01,False,AKEUSDT,primary,1784961000,2026-07-25T06:30:00+00:00,1784961900,0.0030056,0.0033328,1784972700,2026-07-25T09:45:00+00:00,1784972700,1784976300,0.7716358000000001,4072029.6462,50000.0,,,,,,,,,,not_reached,long_liquidation_threshold_not_met
soft_50k_1pct,"$50,000 / 1%",50000.0,0.01,False,AKEUSDT,primary,1784964600,2026-07-25T07:30:00+00:00,1784965500,0.0030056,0.0033328,1784972700,2026-07-25T09:45:00+00:00,1784972700,1784976300,0.7716358000000001,4072029.6462,50000.0,,,,,,,,,,not_reached,long_liquidation_threshold_not_met
soft_50k_1pct,"$50,000 / 1%",50000.0,0.01,False,AKEUSDT,primary,1784967300,2026-07-25T08:15:00+00:00,1784969100,0.0030056,0.0034559,1784970000,2026-07-25T09:00:00+00:00,1784970000,1784973600,0.850819,3883685.8181999996,50000.0,,,,,,,,,,not_reached,long_liquidation_threshold_not_met
soft_50k_1pct,"$50,000 / 1%",50000.0,0.01,False,AKEUSDT,primary,1784970900,2026-07-25T09:15:00+00:00,1784970900,0.0030056,0.0034559,1784971800,2026-07-25T09:30:00+00:00,1784971800,1784975400,0.8720918000000002,3981353.2543,50000.0,,,,,,,,,,not_reached,long_liquidation_threshold_not_met
soft_50k_1pct,"$50,000 / 1%",50000.0,0.01,False,AKEUSDT,primary,1784972700,2026-07-25T09:45:00+00:00,1784985300,0.00315,0.0034559,1784986200,2026-07-25T13:30:00+00:00,1784986200,1784989800,0.0158285,2583648.0066,50000.0,,,,,,,,,,not_reached,long_liquidation_threshold_not_met
soft_50k_1pct,"$50,000 / 1%",50000.0,0.01,False,PROMUSDT,primary,1784979900,2026-07-25T11:45:00+00:00,1784979900,1.966,2.164,1784980800,2026-07-25T12:00:00+00:00,1784980800,1784984400,0,285124.69899999996,50000.0,,,,,,,,,,not_reached,long_liquidation_threshold_not_met
soft_50k_1pct,"$50,000 / 1%",50000.0,0.01,False,AKEUSDT,primary,1785132000,2026-07-27T06:00:00+00:00,1785138300,0.003351,0.0059854,1785139200,2026-07-27T08:00:00+00:00,1785139200,1785142800,56.934864772393006,10949523.5364,109495.235364,,,,,,,,,,not_reached,long_liquidation_threshold_not_met
soft_50k_1pct,"$50,000 / 1%",50000.0,0.01,False,AKEUSDT,primary,1785141000,2026-07-27T08:30:00+00:00,1785159900,0.00415,0.0059854,1785160800,2026-07-27T14:00:00+00:00,1785160800,1785164400,2.65004239985,1780177.1675999998,50000.0,,,,,,,,,,not_reached,long_liquidation_threshold_not_met
soft_50k_1pct,"$50,000 / 1%",50000.0,0.01,False,AKEUSDT,primary,1785168000,2026-07-27T16:00:00+00:00,1785168900,0.0041734,0.0046,1785173400,2026-07-27T17:30:00+00:00,1785173400,1785177000,2.209759999832,1576812.94,50000.0,,,,,,,,,,not_reached,long_liquidation_threshold_not_met
soft_50k_1pct,"$50,000 / 1%",50000.0,0.01,False,AKEUSDT,primary,1785189600,2026-07-27T22:00:00+00:00,1785189600,0.004021,0.0049464,1785190500,2026-07-27T22:15:00+00:00,1785190500,1785194100,55.546357370462964,10101436.3375,101014.363375,,,,,,,,,,not_reached,long_liquidation_threshold_not_met
soft_50k_1pct,"$50,000 / 1%",50000.0,0.01,False,AKEUSDT,primary,1785222900,2026-07-28T07:15:00+00:00,1785223800,0.0043496,0.0049369,1785224700,2026-07-28T07:45:00+00:00,1785224700,1785228300,14.618138399965002,7762512.3694,77625.12369400001,,,,,,,,,,not_reached,long_liquidation_threshold_not_met
soft_50k_1pct,"$50,000 / 1%",50000.0,0.01,False,AKEUSDT,primary,1785226500,2026-07-28T08:15:00+00:00,1785227400,0.0044352,0.00532,1785228300,2026-07-28T08:45:00+00:00,1785228300,1785231900,2.876231199895,1925550.0645,50000.0,,,,,,,,,,not_reached,long_liquidation_threshold_not_met
soft_50k_1pct,"$50,000 / 1%",50000.0,0.01,False,AKEUSDT,primary,1785330900,2026-07-29T13:15:00+00:00,1785332700,0.0040049,0.0046649,1785333600,2026-07-29T14:00:00+00:00,1785333600,1785337200,0.0040118,1810687.3756,50000.0,,,,,,,,,,not_reached,long_liquidation_threshold_not_met
soft_50k_1pct,"$50,000 / 1%",50000.0,0.01,False,AKEUSDT,primary,1785334500,2026-07-29T14:15:00+00:00,1785334500,0.0039712,0.0046649,1785335400,2026-07-29T14:30:00+00:00,1785335400,1785339000,2.53348950026,2121494.668,50000.0,,,,,,,,,,not_reached,long_liquidation_threshold_not_met
soft_50k_1pct,"$50,000 / 1%",50000.0,0.01,False,AKEUSDT,primary,1785336300,2026-07-29T14:45:00+00:00,1785336300,0.0039712,0.0046649,1785337200,2026-07-29T15:00:00+00:00,1785337200,1785340800,2.52947770026,1747502.9221,50000.0,,,,,,,,,,not_reached,long_liquidation_threshold_not_met
soft_50k_1pct,"$50,000 / 1%",50000.0,0.01,False,AKEUSDT,primary,1785339900,2026-07-29T15:45:00+00:00,1785341700,0.003614,0.0046649,1785342600,2026-07-29T16:30:00+00:00,1785342600,1785346200,22.819198600516906,2454116.7893000003,50000.0,,,,,,,,,,not_reached,long_liquidation_threshold_not_met
soft_50k_1pct,"$50,000 / 1%",50000.0,0.01,False,AKEUSDT,primary,1785344400,2026-07-29T17:00:00+00:00,1785344400,0.00363,0.0046649,1785345300,2026-07-29T17:15:00+00:00,1785345300,1785348900,0.1043475,1074930.2454000001,50000.0,,,,,,,,,,not_reached,long_liquidation_threshold_not_met
soft_50k_1pct,"$50,000 / 1%",50000.0,0.01,False,AKEUSDT,primary,1785414600,2026-07-30T12:30:00+00:00,1785414600,0.004198,0.0047389,1785416400,2026-07-30T13:00:00+00:00,1785416400,1785420000,3.3620100001360003,4380653.771,50000.0,,,,,,,,,,not_reached,long_liquidation_threshold_not_met
soft_50k_1pct,"$50,000 / 1%",50000.0,0.01,False,SOXLUSDT,primary,1785417300,2026-07-30T13:15:00+00:00,1785438000,,117.98,,,,,,,,,,,,,,,,,not_reached,correction_not_found_in_12h
soft_50k_1pct,"$50,000 / 1%",50000.0,0.01,False,SNDKUSDT,primary,1785418200,2026-07-30T13:30:00+00:00,1785446100,,1346.65,,,,,,,,,,,,,,,,,not_reached,correction_not_found_in_12h
soft_50k_1pct,"$50,000 / 1%",50000.0,0.01,False,DRAMUSDT,primary,1785420900,2026-07-30T14:15:00+00:00,1785421800,,51.22,,,,,,,,,,,,,,,,,not_reached,correction_not_found_in_12h
soft_50k_1pct,"$50,000 / 1%",50000.0,0.01,False,INTCUSDT,primary,1785420900,2026-07-30T14:15:00+00:00,1785420900,,93.83,,,,,,,,,,,,,,,,,not_reached,correction_not_found_in_12h
soft_50k_1pct,"$50,000 / 1%",50000.0,0.01,False,MUUSDT,primary,1785420900,2026-07-30T14:15:00+00:00,1785438900,,882.45,,,,,,,,,,,,,,,,,not_reached,correction_not_found_in_12h
soft_50k_1pct,"$50,000 / 1%",50000.0,0.01,False,DRAMUSDT,primary,1785424500,2026-07-30T15:15:00+00:00,1785434400,,51.91,,,,,,,,,,,,,,,,,not_reached,correction_not_found_in_12h
soft_50k_1pct,"$50,000 / 1%",50000.0,0.01,False,INTCUSDT,primary,1785426300,2026-07-30T15:45:00+00:00,1785427200,,94.09,,,,,,,,,,,,,,,,,not_reached,correction_not_found_in_12h
soft_50k_1pct,"$50,000 / 1%",50000.0,0.01,False,INTCUSDT,primary,1785429900,2026-07-30T16:45:00+00:00,1785429900,,94.09,,,,,,,,,,,,,,,,,not_reached,correction_not_found_in_12h
soft_50k_1pct,"$50,000 / 1%",50000.0,0.01,False,SOXLUSDT,primary,1785439800,2026-07-30T19:30:00+00:00,1785439800,,117.98,,,,,,,,,,,,,,,,,not_reached,correction_not_found_in_12h
soft_50k_1pct,"$50,000 / 1%",50000.0,0.01,False,MUUSDT,primary,1785442500,2026-07-30T20:15:00+00:00,1785442500,,894.06,,,,,,,,,,,,,,,,,not_reached,correction_not_found_in_12h
soft_50k_1pct,"$50,000 / 1%",50000.0,0.01,False,SOXLUSDT,primary,1785442500,2026-07-30T20:15:00+00:00,1785443400,,119.65,,,,,,,,,,,,,,,,,not_reached,correction_not_found_in_12h
soft_50k_1pct,"$50,000 / 1%",50000.0,0.01,False,ZHIPUUSDT,primary,1785462300,2026-07-31T01:45:00+00:00,1785462300,129.62,141.99,1785465000,2026-07-31T02:30:00+00:00,1785465000,1785468600,0,208322.05529999998,50000.0,,,,,,,,,,not_reached,long_liquidation_threshold_not_met
soft_50k_1pct,"$50,000 / 1%",50000.0,0.01,False,AKEUSDT,primary,1785528000,2026-07-31T20:00:00+00:00,1785528900,0.004026,0.00442,1785557700,2026-08-01T04:15:00+00:00,1785557700,1785561300,0,756285.7171,50000.0,,,,,,,,,,not_reached,long_liquidation_threshold_not_met
soft_50k_1pct,"$50,000 / 1%",50000.0,0.01,False,AKEUSDT,primary,1785530700,2026-07-31T20:45:00+00:00,1785530700,0.004026,0.0044536,1785557700,2026-08-01T04:15:00+00:00,1785557700,1785561300,0,756285.7171,50000.0,,,,,,,,,,not_reached,long_liquidation_threshold_not_met
soft_50k_1pct,"$50,000 / 1%",50000.0,0.01,False,AKEUSDT,primary,1785536100,2026-07-31T22:15:00+00:00,1785536100,0.004026,0.0044536,1785557700,2026-08-01T04:15:00+00:00,1785557700,1785561300,0,756285.7171,50000.0,,,,,,,,,,not_reached,long_liquidation_threshold_not_met
soft_50k_1pct,"$50,000 / 1%",50000.0,0.01,False,AKEUSDT,primary,1785596400,2026-08-01T15:00:00+00:00,1785599100,0.0042216,0.0046631,1785634200,2026-08-02T01:30:00+00:00,1785634200,1785637800,27.582646300115012,17675344.3739,176753.443739,,,,,,,,,,not_reached,long_liquidation_threshold_not_met
soft_50k_1pct,"$50,000 / 1%",50000.0,0.01,False,AKEUSDT,primary,1785600900,2026-08-01T16:15:00+00:00,1785632400,0.0042216,0.00655,1785633300,2026-08-02T01:15:00+00:00,1785633300,1785636900,49.19831206198398,16533092.3268,165330.923268,,,,,,,,,,not_reached,long_liquidation_threshold_not_met
soft_50k_1pct,"$50,000 / 1%",50000.0,0.01,False,AKEUSDT,primary,1785635100,2026-08-02T01:45:00+00:00,1785635100,0.004366,0.00655,1785636000,2026-08-02T02:00:00+00:00,1785636000,1785639600,14.682862300615,12137805.5687,121378.05568700001,,,,,,,,,,not_reached,long_liquidation_threshold_not_met
soft_50k_1pct,"$50,000 / 1%",50000.0,0.01,False,AKEUSDT,primary,1785681900,2026-08-02T14:45:00+00:00,1785681900,0.0043121,0.0047173,1785690900,2026-08-02T17:15:00+00:00,1785690900,1785694500,20.52295402092121,2275006.5851,50000.0,,,,,,,,,,not_reached,long_liquidation_threshold_not_met
soft_50k_1pct,"$50,000 / 1%",50000.0,0.01,False,AKEUSDT,primary,1785683700,2026-08-02T15:15:00+00:00,1785686400,0.0043509,0.0052412,1785687300,2026-08-02T16:15:00+00:00,1785687300,1785690900,23.587661077295003,5864613.8616,58646.138616000004,,,,,,,,,,not_reached,long_liquidation_threshold_not_met
soft_50k_1pct,"$50,000 / 1%",50000.0,0.01,False,AKEUSDT,primary,1785706200,2026-08-02T21:30:00+00:00,1785706200,0.0046677,0.0052412,1785707100,2026-08-02T21:45:00+00:00,1785707100,1785710700,0,733160.2779,50000.0,,,,,,,,,,not_reached,long_liquidation_threshold_not_met
soft_50k_1pct,"$50,000 / 1%",50000.0,0.01,False,ZHIPUUSDT,primary,1786068900,2026-08-07T02:15:00+00:00,1786086000,,164.71,,,,,,,,,,,,,,,,,not_reached,correction_not_found_in_12h
soft_50k_1pct,"$50,000 / 1%",50000.0,0.01,False,ZHIPUUSDT,primary,1786087800,2026-08-07T07:30:00+00:00,1786088700,,164.71,,,,,,,,,,,,,,,,,not_reached,correction_not_found_in_12h
soft_50k_1pct,"$50,000 / 1%",50000.0,0.01,False,ZHIPUUSDT,primary,1786090500,2026-08-07T08:15:00+00:00,1786092300,,164.71,,,,,,,,,,,,,,,,,not_reached,correction_not_found_in_12h
soft_50k_1pct,"$50,000 / 1%",50000.0,0.01,False,SPCXUSDT,primary,1786131900,2026-08-07T19:45:00+00:00,1786137300,,134.26,,,,,,,,,,,,,,,,,not_reached,correction_not_found_in_12h
soft_50k_1pct,"$50,000 / 1%",50000.0,0.01,True,PROMUSDT,primary,1786404600,2026-08-10T23:30:00+00:00,1786413600,1.606,2.818,1786414500,2026-08-11T02:15:00+00:00,1786414500,1786418100,1127307.689999991,2466592.4852000005,50000.0,1786418100,2026-08-11T03:15:00+00:00,71887.6262,895.4811,2686.4433,1786419000,2026-08-11T03:30:00+00:00,,,success_continuation,continuation_high_above_large_flow_candle
soft_50k_1pct,"$50,000 / 1%",50000.0,0.01,False,BTRUSDT,primary,1786422600,2026-08-11T04:30:00+00:00,1786450500,0.03098,0.03388,1786451400,2026-08-11T12:30:00+00:00,1786451400,1786455000,1.92812,424141.30779999995,50000.0,,,,,,,,,,not_reached,long_liquidation_threshold_not_met
soft_50k_1pct,"$50,000 / 1%",50000.0,0.01,False,PROMUSDT,primary,1786444200,2026-08-11T10:30:00+00:00,1786444200,2.006,2.409,1786445100,2026-08-11T10:45:00+00:00,1786445100,1786448700,0,189505.5705,50000.0,,,,,,,,,,not_reached,long_liquidation_threshold_not_met
soft_50k_1pct,"$50,000 / 1%",50000.0,0.01,False,PROMUSDT,primary,1786496400,2026-08-12T01:00:00+00:00,1786528800,2.988,3.464,1786529700,2026-08-12T10:15:00+00:00,1786529700,1786533300,376.56,1367081.619,50000.0,,,,,,,,,,not_reached,long_liquidation_threshold_not_met
soft_50k_1pct,"$50,000 / 1%",50000.0,0.01,True,PROMUSDT,primary,1786534200,2026-08-12T11:30:00+00:00,1786549500,2.56,3.335,1786550400,2026-08-12T16:00:00+00:00,1786550400,1786554000,108117.38699999829,2038205.6025999999,50000.0,1786555800,2026-08-12T17:30:00+00:00,271356.9589,69676.1352,209028.4056,1786556700,2026-08-12T17:45:00+00:00,,,success_continuation,continuation_high_above_large_flow_candle
soft_50k_1pct,"$50,000 / 1%",50000.0,0.01,False,AKEUSDT,primary,1786616100,2026-08-13T10:15:00+00:00,1786657500,0.006221,0.0106012,1786658400,2026-08-13T22:00:00+00:00,1786658400,1786662000,0.8127043999699999,2484074.2169999997,50000.0,,,,,,,,,,not_reached,long_liquidation_threshold_not_met
soft_50k_1pct,"$50,000 / 1%",50000.0,0.01,False,SNDKUSDT,primary,1786634100,2026-08-13T15:15:00+00:00,1786634100,,1575.17,,,,,,,,,,,,,,,,,not_reached,correction_not_found_in_12h
soft_50k_1pct,"$50,000 / 1%",50000.0,0.01,False,SNDKUSDT,primary,1786636800,2026-08-13T16:00:00+00:00,1786638600,,1575.17,,,,,,,,,,,,,,,,,not_reached,correction_not_found_in_12h
soft_50k_1pct,"$50,000 / 1%",50000.0,0.01,False,SNDKUSDT,primary,1786640400,2026-08-13T17:00:00+00:00,1786643100,,1575.17,,,,,,,,,,,,,,,,,not_reached,correction_not_found_in_12h
soft_50k_1pct,"$50,000 / 1%",50000.0,0.01,False,SNDKUSDT,primary,1786644900,2026-08-13T18:15:00+00:00,1786645800,,1575.17,,,,,,,,,,,,,,,,,not_reached,correction_not_found_in_12h
soft_50k_1pct,"$50,000 / 1%",50000.0,0.01,False,SNDKUSDT,primary,1786655700,2026-08-13T21:15:00+00:00,1786655700,,1575.17,,,,,,,,,,,,,,,,,not_reached,correction_not_found_in_12h
soft_50k_1pct,"$50,000 / 1%",50000.0,0.01,False,PROMUSDT,primary,1786664700,2026-08-13T23:45:00+00:00,1786668300,2.457,2.781,1786669200,2026-08-14T01:00:00+00:00,1786669200,1786672800,495.48699999999997,352114.4756,50000.0,,,,,,,,,,not_reached,long_liquidation_threshold_not_met
soft_50k_1pct,"$50,000 / 1%",50000.0,0.01,False,AKEUSDT,primary,1786671000,2026-08-14T01:30:00+00:00,1786672800,0.0071295,0.0106012,1786673700,2026-08-14T02:15:00+00:00,1786673700,1786677300,0,2404686.2476,50000.0,,,,,,,,,,not_reached,long_liquidation_threshold_not_met
soft_50k_1pct,"$50,000 / 1%",50000.0,0.01,False,PROMUSDT,primary,1786671900,2026-08-14T01:45:00+00:00,1786671900,2.538,2.781,1786674600,2026-08-14T02:30:00+00:00,1786674600,1786678200,18629.957000001763,142379.47950000002,50000.0,,,,,,,,,,not_reached,long_liquidation_threshold_not_met
soft_50k_1pct,"$50,000 / 1%",50000.0,0.01,False,AKEUSDT,primary,1786674600,2026-08-14T02:30:00+00:00,1786674600,0.0070625,0.0106012,1786675500,2026-08-14T02:45:00+00:00,1786675500,1786679100,3.461996799885,3086549.5478,50000.0,,,,,,,,,,not_reached,long_liquidation_threshold_not_met
soft_50k_1pct,"$50,000 / 1%",50000.0,0.01,False,AKEUSDT,primary,1786685400,2026-08-14T05:30:00+00:00,1786692600,0.0073168,0.0083575,1786693500,2026-08-14T07:45:00+00:00,1786693500,1786697100,11.517170100299998,4461992.698000001,50000.0,,,,,,,,,,not_reached,long_liquidation_threshold_not_met
soft_50k_1pct,"$50,000 / 1%",50000.0,0.01,False,AKEUSDT,primary,1786694400,2026-08-14T08:00:00+00:00,1786694400,0.0073168,0.0083575,1786695300,2026-08-14T08:15:00+00:00,1786695300,1786698900,9.0171733003,3515960.0756,50000.0,,,,,,,,,,not_reached,long_liquidation_threshold_not_met
soft_50k_1pct,"$50,000 / 1%",50000.0,0.01,False,AKEUSDT,primary,1786696200,2026-08-14T08:30:00+00:00,1786697100,0.0076162,0.0083575,1786698900,2026-08-14T09:15:00+00:00,1786698900,1786702500,7.239128200137001,7298669.0284,72986.690284,,,,,,,,,,not_reached,long_liquidation_threshold_not_met
soft_50k_1pct,"$50,000 / 1%",50000.0,0.01,False,AKEUSDT,primary,1786701600,2026-08-14T10:00:00+00:00,1786731300,0.0077146,0.0165899,1786732200,2026-08-14T18:30:00+00:00,1786732200,1786735800,94.83035540008099,14457726.755199999,144577.26755199998,,,,,,,,,,not_reached,long_liquidation_threshold_not_met
soft_50k_1pct,"$50,000 / 1%",50000.0,0.01,False,AKEUSDT,primary,1787058000,2026-08-18T13:00:00+00:00,1787058900,0.0090468,0.0100745,1787067900,2026-08-18T15:45:00+00:00,1787067900,1787071500,1.0497767,1519893.6422000001,50000.0,,,,,,,,,,not_reached,long_liquidation_threshold_not_met
soft_50k_1pct,"$50,000 / 1%",50000.0,0.01,False,AKEUSDT,primary,1787061600,2026-08-18T14:00:00+00:00,1787065200,0.0090468,0.0101917,1787067900,2026-08-18T15:45:00+00:00,1787067900,1787071500,1.0497767,1519893.6422000001,50000.0,,,,,,,,,,not_reached,long_liquidation_threshold_not_met
soft_50k_1pct,"$50,000 / 1%",50000.0,0.01,False,MSTRXUSDT,primary,1787156100,2026-08-19T16:15:00+00:00,1787156100,,106.74,,,,,,,,,,,,,,,,,not_reached,correction_not_found_in_12h
soft_50k_1pct,"$50,000 / 1%",50000.0,0.01,False,HYPEUSDT,primary,1787166000,2026-08-19T19:00:00+00:00,1787181300,,72.637,,,,,,,,,,,,,,,,,not_reached,correction_not_found_in_12h
soft_50k_1pct,"$50,000 / 1%",50000.0,0.01,False,BMNRUSDT,primary,1787173200,2026-08-19T21:00:00+00:00,1787176800,,22.11,,,,,,,,,,,,,,,,,not_reached,correction_not_found_in_12h
soft_50k_1pct,"$50,000 / 1%",50000.0,0.01,False,ETHUSDT,control,1787173200,2026-08-19T21:00:00+00:00,1787178600,,2337.8,,,,,,,,,,,,,,,,,not_reached,correction_not_found_in_12h
soft_50k_1pct,"$50,000 / 1%",50000.0,0.01,False,TRUMPUSDT,primary,1787173200,2026-08-19T21:00:00+00:00,1787195700,1.656,1.863,1787196600,2026-08-20T03:30:00+00:00,1787196600,1787200200,3847.155999999466,1086002.6607,50000.0,,,,,,,,,,not_reached,long_liquidation_threshold_not_met
soft_50k_1pct,"$50,000 / 1%",50000.0,0.01,False,WLDUSDT,primary,1787175900,2026-08-19T21:45:00+00:00,1787175900,,0.3723,,,,,,,,,,,,,,,,,not_reached,correction_not_found_in_12h
soft_50k_1pct,"$50,000 / 1%",50000.0,0.01,False,PUMPUSDT,primary,1787238000,2026-08-20T15:00:00+00:00,1787238000,,0.003778,,,,,,,,,,,,,,,,,not_reached,correction_not_found_in_12h
soft_50k_1pct,"$50,000 / 1%",50000.0,0.01,False,PROMUSDT,primary,1787240700,2026-08-20T15:45:00+00:00,1787241600,,2.152,,,,,,,,,,,,,,,,,not_reached,correction_not_found_in_12h
soft_50k_1pct,"$50,000 / 1%",50000.0,0.01,False,PROMUSDT,primary,1787244300,2026-08-20T16:45:00+00:00,1787244300,,2.152,,,,,,,,,,,,,,,,,not_reached,correction_not_found_in_12h
soft_50k_1pct,"$50,000 / 1%",50000.0,0.01,False,XRPUSDT,primary,1787247000,2026-08-20T17:30:00+00:00,1787247000,1.2232,1.3436,1787251500,2026-08-20T18:45:00+00:00,1787251500,1787255100,7834.084959999943,13358466.4682,133584.664682,,,,,,,,,,not_reached,long_liquidation_threshold_not_met
soft_50k_1pct,"$50,000 / 1%",50000.0,0.01,False,ENAUSDT,primary,1787262300,2026-08-20T21:45:00+00:00,1787268600,,0.11883,,,,,,,,,,,,,,,,,not_reached,correction_not_found_in_12h
soft_50k_1pct,"$50,000 / 1%",50000.0,0.01,False,ENAUSDT,primary,1787270400,2026-08-21T00:00:00+00:00,1787273100,,0.11989,,,,,,,,,,,,,,,,,not_reached,correction_not_found_in_12h
soft_50k_1pct,"$50,000 / 1%",50000.0,0.01,False,ENAUSDT,primary,1787283900,2026-08-21T03:45:00+00:00,1787283900,,0.12548,,,,,,,,,,,,,,,,,not_reached,correction_not_found_in_12h
soft_50k_1pct,"$50,000 / 1%",50000.0,0.01,False,PROMUSDT,primary,1787284800,2026-08-21T04:00:00+00:00,1787284800,2.177,2.411,1787290200,2026-08-21T05:30:00+00:00,1787290200,1787293800,0,38188.9906,50000.0,,,,,,,,,,not_reached,long_liquidation_threshold_not_met
soft_50k_1pct,"$50,000 / 1%",50000.0,0.01,False,ENAUSDT,primary,1787285700,2026-08-21T04:15:00+00:00,1787285700,,0.12628,,,,,,,,,,,,,,,,,not_reached,correction_not_found_in_12h
soft_50k_1pct,"$50,000 / 1%",50000.0,0.01,False,ENAUSDT,primary,1787291100,2026-08-21T05:45:00+00:00,1787291100,,0.13072,,,,,,,,,,,,,,,,,not_reached,correction_not_found_in_12h
soft_50k_1pct,"$50,000 / 1%",50000.0,0.01,False,ENAUSDT,primary,1787301000,2026-08-21T08:30:00+00:00,1787301900,0.13102,0.14489,1787302800,2026-08-21T09:00:00+00:00,1787302800,1787306400,357.037579999637,5029187.453399999,50291.874533999995,,,,,,,,,,not_reached,long_liquidation_threshold_not_met
soft_50k_1pct,"$50,000 / 1%",50000.0,0.01,False,ZECUSDT,primary,1787309100,2026-08-21T10:45:00+00:00,1787310000,,666.0,,,,,,,,,,,,,,,,,not_reached,correction_not_found_in_12h
soft_50k_1pct,"$50,000 / 1%",50000.0,0.01,False,ENAUSDT,primary,1787310000,2026-08-21T11:00:00+00:00,1787310900,,0.14489,,,,,,,,,,,,,,,,,not_reached,correction_not_found_in_12h
soft_50k_1pct,"$50,000 / 1%",50000.0,0.01,False,PROMUSDT,primary,1787320800,2026-08-21T14:00:00+00:00,1787322600,,2.621,,,,,,,,,,,,,,,,,not_reached,correction_not_found_in_12h
soft_50k_1pct,"$50,000 / 1%",50000.0,0.01,False,PROMUSDT,primary,1787324400,2026-08-21T15:00:00+00:00,1787325300,2.574,2.8,1787327100,2026-08-21T15:45:00+00:00,1787327100,1787330700,6657.244,413871.3439,50000.0,,,,,,,,,,not_reached,long_liquidation_threshold_not_met
soft_50k_1pct,"$50,000 / 1%",50000.0,0.01,False,ENAUSDT,primary,1787325300,2026-08-21T15:15:00+00:00,1787325300,0.135,0.15489,1787337900,2026-08-21T18:45:00+00:00,1787337900,1787341500,3855.8591700055654,5216790.3730999995,52167.903731,,,,,,,,,,not_reached,long_liquidation_threshold_not_met
soft_50k_1pct,"$50,000 / 1%",50000.0,0.01,False,PROMUSDT,primary,1787329800,2026-08-21T16:30:00+00:00,1787329800,2.627,2.927,1787330700,2026-08-21T16:45:00+00:00,1787330700,1787334300,32725.115,584446.2457,50000.0,,,,,,,,,,not_reached,long_liquidation_threshold_not_met
soft_50k_1pct,"$50,000 / 1%",50000.0,0.01,True,ZECUSDT,primary,1787363100,2026-08-22T01:45:00+00:00,1787373900,696.92,859.39,1787374800,2026-08-22T05:00:00+00:00,1787374800,1787378400,48412580.63,35407550.7801,354075.507801,1787387400,2026-08-22T08:30:00+00:00,1514111.3933,479932.2058,1439796.6173999999,1787388300,2026-08-22T08:45:00+00:00,,,success_continuation,continuation_high_above_large_flow_candle
soft_50k_1pct,"$50,000 / 1%",50000.0,0.01,True,TRUMPUSDT,primary,1787364900,2026-08-22T02:15:00+00:00,1787396400,2.602,3.679,1787397300,2026-08-22T11:15:00+00:00,1787397300,1787400900,100770.12700000274,7734520.9037,77345.209037,1787405700,2026-08-22T13:35:00+00:00,1157140.0579,257305.30174999998,771915.90525,1787406300,2026-08-22T13:45:00+00:00,,,success_continuation,continuation_high_above_large_flow_candle
soft_50k_1pct,"$50,000 / 1%",50000.0,0.01,False,ENAUSDT,primary,1787371200,2026-08-22T04:00:00+00:00,1787373900,0.13636,0.16568,1787374800,2026-08-22T05:00:00+00:00,1787374800,1787378400,20181.262530023352,4848630.7573,50000.0,,,,,,,,,,not_reached,long_liquidation_threshold_not_met
soft_50k_1pct,"$50,000 / 1%",50000.0,0.01,True,SUIUSDT,primary,1787371200,2026-08-22T04:00:00+00:00,1787371200,0.7645,0.9388,1787374800,2026-08-22T05:00:00+00:00,1787374800,1787378400,157016.11980000784,13731983.5636,137319.835636,1787382000,2026-08-22T07:00:00+00:00,378739.0193,114246.21265,342738.63795,1787382900,2026-08-22T07:15:00+00:00,,,success_continuation,continuation_high_above_large_flow_candle
soft_50k_1pct,"$50,000 / 1%",50000.0,0.01,True,WLDUSDT,primary,1787371200,2026-08-22T04:00:00+00:00,1787373900,0.3365,0.4632,1787374800,2026-08-22T05:00:00+00:00,1787374800,1787378400,228285.18650002146,11880351.2059,118803.512059,,,,,,,,,,not_reached,large_5m_flow_not_found
soft_50k_1pct,"$50,000 / 1%",50000.0,0.01,False,XRPUSDT,primary,1787371200,2026-08-22T04:00:00+00:00,1787373900,1.3712,1.6743,1787374800,2026-08-22T05:00:00+00:00,1787374800,1787378400,374725.55422359926,140621114.56890002,1406211.1456890001,,,,,,,,,,not_reached,long_liquidation_threshold_not_met
soft_50k_1pct,"$50,000 / 1%",50000.0,0.01,False,PEPEUSDT,primary,1787372100,2026-08-22T04:15:00+00:00,1787373000,3.619e-06,4.558e-06,1787374800,2026-08-22T05:00:00+00:00,1787374800,1787378400,0.0366158224486,16977320.335,169773.20335000003,,,,,,,,,,not_reached,long_liquidation_threshold_not_met
soft_50k_1pct,"$50,000 / 1%",50000.0,0.01,False,ADAUSDT,primary,1787373000,2026-08-22T04:30:00+00:00,1787373900,0.2049,0.2588,1787374800,2026-08-22T05:00:00+00:00,1787374800,1787378400,22479.708399995063,12327498.555,123274.98555,,,,,,,,,,not_reached,long_liquidation_threshold_not_met
soft_50k_1pct,"$50,000 / 1%",50000.0,0.01,True,DOGEUSDT,primary,1787373000,2026-08-22T04:30:00+00:00,1787373000,0.08213,0.10091,1787374800,2026-08-22T05:00:00+00:00,1787374800,1787378400,555946.8139328976,42183673.3394,421836.73339400004,1787394300,2026-08-22T10:25:00+00:00,1801932.2934,471584.037,1414752.111,1787394600,2026-08-22T10:30:00+00:00,,,success_continuation,continuation_high_above_large_flow_candle
soft_50k_1pct,"$50,000 / 1%",50000.0,0.01,True,SUIUSDT,primary,1787373000,2026-08-22T04:30:00+00:00,1787373900,0.7645,0.9547,1787374800,2026-08-22T05:00:00+00:00,1787374800,1787378400,157016.11980000784,13731983.5636,137319.835636,1787382000,2026-08-22T07:00:00+00:00,378739.0193,114246.21265,342738.63795,1787382900,2026-08-22T07:15:00+00:00,,,success_continuation,continuation_high_above_large_flow_candle
soft_50k_1pct,"$50,000 / 1%",50000.0,0.01,False,PUMPUSDT,primary,1787382000,2026-08-22T07:00:00+00:00,1787382000,0.004337,0.004757,1787387400,2026-08-22T08:30:00+00:00,1787387400,1787391000,0.047971,1608143.367,50000.0,,,,,,,,,,not_reached,long_liquidation_threshold_not_met
soft_50k_1pct,"$50,000 / 1%",50000.0,0.01,False,PUMPUSDT,primary,1787384700,2026-08-22T07:45:00+00:00,1787384700,0.004337,0.004757,1787387400,2026-08-22T08:30:00+00:00,1787387400,1787391000,0.047971,1608143.367,50000.0,,,,,,,,,,not_reached,long_liquidation_threshold_not_met
soft_50k_1pct,"$50,000 / 1%",50000.0,0.01,True,TRUMPUSDT,primary,1787398200,2026-08-22T11:30:00+00:00,1787398200,2.512,3.679,1787399100,2026-08-22T11:45:00+00:00,1787399100,1787402700,249181.93799999746,7427362.564499999,74273.625645,1787405700,2026-08-22T13:35:00+00:00,1157140.0579,257305.30174999998,771915.90525,1787406300,2026-08-22T13:45:00+00:00,,,success_continuation,continuation_high_above_large_flow_candle
soft_50k_1pct,"$50,000 / 1%",50000.0,0.01,False,ENAUSDT,primary,1787479200,2026-08-23T10:00:00+00:00,1787480100,0.16549,0.18144,1787495400,2026-08-23T14:30:00+00:00,1787495400,1787499000,408.035619999975,2762361.8954,50000.0,,,,,,,,,,not_reached,long_liquidation_threshold_not_met
soft_50k_1pct,"$50,000 / 1%",50000.0,0.01,False,ENAUSDT,primary,1787482800,2026-08-23T11:00:00+00:00,1787490000,0.16549,0.18346,1787492700,2026-08-23T13:45:00+00:00,1787492700,1787496300,856.646629999393,2852339.9317999994,50000.0,,,,,,,,,,not_reached,long_liquidation_threshold_not_met
soft_50k_1pct,"$50,000 / 1%",50000.0,0.01,False,TRUMPUSDT,primary,1787483700,2026-08-23T11:15:00+00:00,1787484600,,2.645,,,,,,,,,,,,,,,,,not_reached,correction_not_found_in_12h
soft_50k_1pct,"$50,000 / 1%",50000.0,0.01,False,TRUMPUSDT,primary,1787489100,2026-08-23T12:45:00+00:00,1787489100,,2.645,,,,,,,,,,,,,,,,,not_reached,correction_not_found_in_12h
soft_50k_1pct,"$50,000 / 1%",50000.0,0.01,True,TRUMPUSDT,primary,1787491800,2026-08-23T13:30:00+00:00,1787491800,2.518,2.75,1787530500,2026-08-24T00:15:00+00:00,1787530500,1787534100,95982.32799999998,4073192.9836,50000.0,1787536800,2026-08-24T02:00:00+00:00,1076071.2432,353148.68085,1059446.04255,1787537700,2026-08-24T02:15:00+00:00,,,success_continuation,continuation_high_above_large_flow_candle
soft_50k_1pct,"$50,000 / 1%",50000.0,0.01,True,TRUMPUSDT,primary,1787494500,2026-08-23T14:15:00+00:00,1787494500,2.55,2.936,1787495400,2026-08-23T14:30:00+00:00,1787495400,1787499000,1115929.248999984,18718152.657,187181.52657000002,,,,,,,,,,not_reached,large_5m_flow_not_found
soft_50k_1pct,"$50,000 / 1%",50000.0,0.01,True,PROMUSDT,primary,1787546700,2026-08-24T04:45:00+00:00,1787573700,3.484,4.054,1787574600,2026-08-24T12:30:00+00:00,1787574600,1787578200,57901.17500000694,1379784.5277999998,50000.0,1787578200,2026-08-24T13:30:00+00:00,132131.0263,9464.77755,28394.332650000004,1787582700,2026-08-24T14:45:00+00:00,,,success_continuation,continuation_high_above_large_flow_candle
soft_50k_1pct,"$50,000 / 1%",50000.0,0.01,False,BTRUSDT,primary,1787553000,2026-08-24T06:30:00+00:00,1787563800,0.03225,0.03633,1787564700,2026-08-24T09:45:00+00:00,1787564700,1787568300,1.21068,105865.1549,50000.0,,,,,,,,,,not_reached,long_liquidation_threshold_not_met
soft_50k_1pct,"$50,000 / 1%",50000.0,0.01,False,BTRUSDT,primary,1787566500,2026-08-24T10:15:00+00:00,1787566500,0.03107,0.03633,1787567400,2026-08-24T10:30:00+00:00,1787567400,1787571000,1.21329,28966.913099999998,50000.0,,,,,,,,,,not_reached,long_liquidation_threshold_not_met
soft_50k_1pct,"$50,000 / 1%",50000.0,0.01,True,PROMUSDT,primary,1787627700,2026-08-25T03:15:00+00:00,1787640300,4.045,4.985,1787641200,2026-08-25T07:00:00+00:00,1787641200,1787644800,236764.27099999826,1610850.5432,50000.0,1787647800,2026-08-25T08:50:00+00:00,182378.2174,53909.5613,161728.6839,1787648400,2026-08-25T09:00:00+00:00,,,success_continuation,continuation_high_above_large_flow_candle
soft_50k_1pct,"$50,000 / 1%",50000.0,0.01,False,BTRUSDT,primary,1787645700,2026-08-25T08:15:00+00:00,1787645700,0.03195,0.0348,1787665500,2026-08-25T13:45:00+00:00,1787665500,1787669100,0,16410.2734,50000.0,,,,,,,,,,not_reached,long_liquidation_threshold_not_met
soft_50k_1pct,"$50,000 / 1%",50000.0,0.01,False,BTRUSDT,primary,1787715900,2026-08-26T03:45:00+00:00,1787776200,0.133,0.155,1787777100,2026-08-26T20:45:00+00:00,1787777100,1787780700,220.52465999993203,4959281.7352,50000.0,,,,,,,,,,not_reached,long_liquidation_threshold_not_met
soft_50k_1pct,"$50,000 / 1%",50000.0,0.01,False,BTRUSDT,primary,1787778000,2026-08-26T21:00:00+00:00,1787778900,0.11775,0.155,1787779800,2026-08-26T21:30:00+00:00,1787779800,1787783400,1971.5600500024022,5116648.6981,51166.486980999995,,,,,,,,,,not_reached,long_liquidation_threshold_not_met
soft_50k_1pct,"$50,000 / 1%",50000.0,0.01,False,PROMUSDT,primary,1787795100,2026-08-27T01:45:00+00:00,1787796000,4.113,4.648,1787796900,2026-08-27T02:15:00+00:00,1787796900,1787800500,10184.06199999955,994416.6774,50000.0,,,,,,,,,,not_reached,long_liquidation_threshold_not_met
soft_50k_1pct,"$50,000 / 1%",50000.0,0.01,False,AKEUSDT,primary,1787799600,2026-08-27T03:00:00+00:00,1787799600,0.0077763,0.0087934,1787800500,2026-08-27T03:15:00+00:00,1787800500,1787804100,2.9259241000859997,365698.6923,50000.0,,,,,,,,,,not_reached,long_liquidation_threshold_not_met
soft_50k_1pct,"$50,000 / 1%",50000.0,0.01,False,BTRUSDT,primary,1787805000,2026-08-27T04:30:00+00:00,1787806800,0.13905,0.17888,1787807700,2026-08-27T05:15:00+00:00,1787807700,1787811300,5404.3258100012845,8983134.234000001,89831.34234000002,,,,,,,,,,not_reached,long_liquidation_threshold_not_met
soft_50k_1pct,"$50,000 / 1%",50000.0,0.01,False,BTRUSDT,primary,1787811300,2026-08-27T06:15:00+00:00,1787821200,0.14112,0.17888,1787822100,2026-08-27T09:15:00+00:00,1787822100,1787825700,288.34053000023994,7678151.111,76781.51110999999,,,,,,,,,,not_reached,long_liquidation_threshold_not_met
soft_50k_1pct,"$50,000 / 1%",50000.0,0.01,False,PROMUSDT,primary,1787811300,2026-08-27T06:15:00+00:00,1787811300,4.523,4.93,1787812200,2026-08-27T06:30:00+00:00,1787812200,1787815800,1593.894,1236238.5163,50000.0,,,,,,,,,,not_reached,long_liquidation_threshold_not_met
soft_50k_1pct,"$50,000 / 1%",50000.0,0.01,False,BTRUSDT,primary,1787823000,2026-08-27T09:30:00+00:00,1787823000,0.14112,0.17888,1787823900,2026-08-27T09:45:00+00:00,1787823900,1787827500,251.20911000024,6593120.3185,65931.203185,,,,,,,,,,not_reached,long_liquidation_threshold_not_met
soft_50k_1pct,"$50,000 / 1%",50000.0,0.01,True,TRUMPUSDT,primary,1787843700,2026-08-27T15:15:00+00:00,1787850000,2.501,2.821,1787851800,2026-08-27T17:30:00+00:00,1787851800,1787855400,961496.5501220796,8663741.2485,86637.41248500001,1787855700,2026-08-27T18:35:00+00:00,361809.2121,107474.22205000001,322422.66615000006,1787856300,2026-08-27T18:45:00+00:00,,,success_continuation,continuation_high_above_large_flow_candle
soft_50k_1pct,"$50,000 / 1%",50000.0,0.01,False,ENAUSDT,primary,1787862600,2026-08-27T20:30:00+00:00,1787866200,0.15665,0.17289,1787890500,2026-08-28T04:15:00+00:00,1787890500,1787894100,5048.8108587634115,2100259.1853,50000.0,,,,,,,,,,not_reached,long_liquidation_threshold_not_met
soft_50k_1pct,"$50,000 / 1%",50000.0,0.01,False,AKEUSDT,primary,1787895900,2026-08-28T05:45:00+00:00,1787913000,0.0079202,0.0086659,1787913900,2026-08-28T10:45:00+00:00,1787913900,1787917500,0,177228.0689,50000.0,,,,,,,,,,not_reached,long_liquidation_threshold_not_met
soft_50k_1pct,"$50,000 / 1%",50000.0,0.01,False,PROMUSDT,primary,1787912100,2026-08-28T10:15:00+00:00,1787913000,4.964,5.469,1787915700,2026-08-28T11:15:00+00:00,1787915700,1787919300,15610.463,2336632.3691000002,50000.0,,,,,,,,,,not_reached,long_liquidation_threshold_not_met
soft_50k_1pct,"$50,000 / 1%",50000.0,0.01,False,AKEUSDT,primary,1787944500,2026-08-28T19:15:00+00:00,1787976900,0.008112,0.0119104,1787977800,2026-08-29T04:30:00+00:00,1787977800,1787981400,166.31077224612704,9835729.546,98357.29546000001,,,,,,,,,,not_reached,long_liquidation_threshold_not_met
soft_50k_1pct,"$50,000 / 1%",50000.0,0.01,True,TRUMPUSDT,primary,1787981400,2026-08-29T05:30:00+00:00,1787981400,2.633,3.073,1787983200,2026-08-29T06:00:00+00:00,1787983200,1787986800,4378723.798238859,14139631.115500001,141396.311155,,,,,,,,,,not_reached,large_5m_flow_not_found
soft_50k_1pct,"$50,000 / 1%",50000.0,0.01,False,BTRUSDT,primary,1788005700,2026-08-29T12:15:00+00:00,1788011100,0.15435,0.22288,1788012000,2026-08-29T14:00:00+00:00,1788012000,1788015600,10489.865402501908,13295481.0792,132954.810792,,,,,,,,,,not_reached,long_liquidation_threshold_not_met
baseline_100k_2pct,"$100,000 / 2% (baseline)",100000.0,0.02,False,WLDUSDT,primary,1780342200,2026-06-01T19:30:00+00:00,1780344000,,0.4458,,,,,,,,,,,,,,,,,not_reached,correction_not_found_in_12h
baseline_100k_2pct,"$100,000 / 2% (baseline)",100000.0,0.02,False,WLDUSDT,primary,1780348500,2026-06-01T21:15:00+00:00,1780352100,0.4056,0.4463,1780388100,2026-06-02T08:15:00+00:00,1780388100,1780391700,7622.2046000014325,1999824.9456,100000.0,,,,,,,,,,not_reached,long_liquidation_threshold_not_met
baseline_100k_2pct,"$100,000 / 2% (baseline)",100000.0,0.02,False,WLDUSDT,primary,1780353900,2026-06-01T22:45:00+00:00,1780353900,0.4056,0.4463,1780388100,2026-06-02T08:15:00+00:00,1780388100,1780391700,7622.2046000014325,1999824.9456,100000.0,,,,,,,,,,not_reached,long_liquidation_threshold_not_met
baseline_100k_2pct,"$100,000 / 2% (baseline)",100000.0,0.02,False,WLDUSDT,primary,1780470900,2026-06-03T07:15:00+00:00,1780472700,,0.4589,,,,,,,,,,,,,,,,,not_reached,correction_not_found_in_12h
baseline_100k_2pct,"$100,000 / 2% (baseline)",100000.0,0.02,False,WLDUSDT,primary,1780476300,2026-06-03T08:45:00+00:00,1780477200,,0.4663,,,,,,,,,,,,,,,,,not_reached,correction_not_found_in_12h
baseline_100k_2pct,"$100,000 / 2% (baseline)",100000.0,0.02,False,WLDUSDT,primary,1780479000,2026-06-03T09:30:00+00:00,1780501500,0.4705,0.5393,1780538400,2026-06-04T02:00:00+00:00,1780538400,1780542000,46622.920700003764,7860041.491999999,157200.82984,,,,,,,,,,not_reached,long_liquidation_threshold_not_met
baseline_100k_2pct,"$100,000 / 2% (baseline)",100000.0,0.02,False,ENAUSDT,primary,1780481700,2026-06-03T10:15:00+00:00,1780486200,,0.10743,,,,,,,,,,,,,,,,,not_reached,correction_not_found_in_12h
baseline_100k_2pct,"$100,000 / 2% (baseline)",100000.0,0.02,False,ENAUSDT,primary,1780495200,2026-06-03T14:00:00+00:00,1780495200,0.10019,0.1136,1780538400,2026-06-04T02:00:00+00:00,1780538400,1780542000,3694.4408700013323,1328270.4748,100000.0,,,,,,,,,,not_reached,long_liquidation_threshold_not_met
baseline_100k_2pct,"$100,000 / 2% (baseline)",100000.0,0.02,False,WLDUSDT,primary,1780503300,2026-06-03T16:15:00+00:00,1780505100,0.4705,0.543,1780538400,2026-06-04T02:00:00+00:00,1780538400,1780542000,46622.920700003764,7860041.491999999,157200.82984,,,,,,,,,,not_reached,long_liquidation_threshold_not_met
baseline_100k_2pct,"$100,000 / 2% (baseline)",100000.0,0.02,False,PROMUSDT,primary,1780512300,2026-06-03T18:45:00+00:00,1780512300,,1.049,,,,,,,,,,,,,,,,,not_reached,correction_not_found_in_12h
baseline_100k_2pct,"$100,000 / 2% (baseline)",100000.0,0.02,False,WLDUSDT,primary,1780590600,2026-06-04T16:30:00+00:00,1780593300,0.5467,0.6313,1780594200,2026-06-04T17:30:00+00:00,1780594200,1780597800,14084.793199999316,6763504.667199999,135270.093344,,,,,,,,,,not_reached,long_liquidation_threshold_not_met
baseline_100k_2pct,"$100,000 / 2% (baseline)",100000.0,0.02,False,WLDUSDT,primary,1780596900,2026-06-04T18:15:00+00:00,1780599600,0.5383,0.6313,1780600500,2026-06-04T19:15:00+00:00,1780600500,1780604100,45536.53070602886,2446223.9756,100000.0,,,,,,,,,,not_reached,long_liquidation_threshold_not_met
baseline_100k_2pct,"$100,000 / 2% (baseline)",100000.0,0.02,False,WLDUSDT,primary,1780601400,2026-06-04T19:30:00+00:00,1780603200,0.521,0.6313,1780604100,2026-06-04T20:15:00+00:00,1780604100,1780607700,28085.01649995832,2563824.7533,100000.0,,,,,,,,,,not_reached,long_liquidation_threshold_not_met
baseline_100k_2pct,"$100,000 / 2% (baseline)",100000.0,0.02,True,ZECUSDT,primary,1780671600,2026-06-05T15:00:00+00:00,1780671600,320.75,357.96,1780672500,2026-06-05T15:15:00+00:00,1780672500,1780676100,1783745.4799999995,7159993.2817,143199.86563400002,,,,,,,,,,not_reached,missing_5m_candle:1780676100
baseline_100k_2pct,"$100,000 / 2% (baseline)",100000.0,0.02,True,ZECUSDT,primary,1780689600,2026-06-05T20:00:00+00:00,1780696800,351.28,383.33,1780720200,2026-06-06T04:30:00+00:00,1780720200,1780723800,2165417.2299999995,7819433.1625,156388.66324999998,,,,,,,,,,not_reached,missing_5m_candle:1780723800
baseline_100k_2pct,"$100,000 / 2% (baseline)",100000.0,0.02,True,ZECUSDT,primary,1780702200,2026-06-05T23:30:00+00:00,1780705800,356.19,399.75,1780715700,2026-06-06T03:15:00+00:00,1780715700,1780719300,871437.6300000001,4402257.7926,100000.0,,,,,,,,,,not_reached,missing_5m_candle:1780719300
baseline_100k_2pct,"$100,000 / 2% (baseline)",100000.0,0.02,True,ZECUSDT,primary,1780712100,2026-06-06T02:15:00+00:00,1780712100,356.19,399.75,1780715700,2026-06-06T03:15:00+00:00,1780715700,1780719300,871437.6300000001,4402257.7926,100000.0,,,,,,,,,,not_reached,missing_5m_candle:1780719300
baseline_100k_2pct,"$100,000 / 2% (baseline)",100000.0,0.02,True,ZECUSDT,primary,1780713900,2026-06-06T02:45:00+00:00,1780714800,356.19,399.75,1780715700,2026-06-06T03:15:00+00:00,1780715700,1780719300,871437.6300000001,4402257.7926,100000.0,,,,,,,,,,not_reached,missing_5m_candle:1780719300
baseline_100k_2pct,"$100,000 / 2% (baseline)",100000.0,0.02,False,WLDUSDT,primary,1780794900,2026-06-07T01:15:00+00:00,1780796700,0.4153,0.4731,1780823700,2026-06-07T09:15:00+00:00,1780823700,1780827300,11590.576400001937,2218779.9820999997,100000.0,,,,,,,,,,not_reached,long_liquidation_threshold_not_met
baseline_100k_2pct,"$100,000 / 2% (baseline)",100000.0,0.02,False,ZECUSDT,primary,1780812900,2026-06-07T06:15:00+00:00,1780814700,,416.29,,,,,,,,,,,,,,,,,not_reached,correction_not_found_in_12h
baseline_100k_2pct,"$100,000 / 2% (baseline)",100000.0,0.02,False,WLDUSDT,primary,1780855200,2026-06-07T18:00:00+00:00,1780855200,0.4576,0.5133,1780858800,2026-06-07T19:00:00+00:00,1780858800,1780862400,5276.906400001304,1608730.2192,100000.0,,,,,,,,,,not_reached,long_liquidation_threshold_not_met
baseline_100k_2pct,"$100,000 / 2% (baseline)",100000.0,0.02,False,SOXLUSDT,primary,1780930800,2026-06-08T15:00:00+00:00,1780930800,,220.15,,,,,,,,,,,,,,,,,not_reached,correction_not_found_in_12h
baseline_100k_2pct,"$100,000 / 2% (baseline)",100000.0,0.02,True,WLDUSDT,primary,1780941600,2026-06-08T18:00:00+00:00,1780949700,0.5032,0.5788,1780953300,2026-06-08T21:15:00+00:00,1780953300,1780956900,200798.22096678597,2413383.6825,100000.0,,,,,,,,,,not_reached,missing_5m_candle:1780956900
baseline_100k_2pct,"$100,000 / 2% (baseline)",100000.0,0.02,False,SOXLUSDT,primary,1781049600,2026-06-10T00:00:00+00:00,1781052300,186.64,205.01,1781065800,2026-06-10T04:30:00+00:00,1781065800,1781069400,0,110396.9566,100000.0,,,,,,,,,,not_reached,long_liquidation_threshold_not_met
baseline_100k_2pct,"$100,000 / 2% (baseline)",100000.0,0.02,False,SOXLUSDT,primary,1781208900,2026-06-11T20:15:00+00:00,1781208900,,225.46,,,,,,,,,,,,,,,,,not_reached,correction_not_found_in_12h
baseline_100k_2pct,"$100,000 / 2% (baseline)",100000.0,0.02,False,SOXLUSDT,primary,1781212500,2026-06-11T21:15:00+00:00,1781212500,,225.46,,,,,,,,,,,,,,,,,not_reached,correction_not_found_in_12h
baseline_100k_2pct,"$100,000 / 2% (baseline)",100000.0,0.02,False,SOXLUSDT,primary,1781217900,2026-06-11T22:45:00+00:00,1781217900,,228.83,,,,,,,,,,,,,,,,,not_reached,correction_not_found_in_12h
baseline_100k_2pct,"$100,000 / 2% (baseline)",100000.0,0.02,False,SOXLUSDT,primary,1781223300,2026-06-12T00:15:00+00:00,1781223300,210.94,231.12,1781247600,2026-06-12T07:00:00+00:00,1781247600,1781251200,2553.12,154819.2561,100000.0,,,,,,,,,,not_reached,long_liquidation_threshold_not_met
baseline_100k_2pct,"$100,000 / 2% (baseline)",100000.0,0.02,False,SOXLUSDT,primary,1781225100,2026-06-12T00:45:00+00:00,1781226000,210.94,234.0,1781247600,2026-06-12T07:00:00+00:00,1781247600,1781251200,2553.12,154819.2561,100000.0,,,,,,,,,,not_reached,long_liquidation_threshold_not_met
baseline_100k_2pct,"$100,000 / 2% (baseline)",100000.0,0.02,False,TRUMPUSDT,primary,1781256600,2026-06-12T09:30:00+00:00,1781270100,2.002,2.217,1781271000,2026-06-12T13:30:00+00:00,1781271000,1781274600,56676.84400000287,2213937.4229,100000.0,,,,,,,,,,not_reached,long_liquidation_threshold_not_met
baseline_100k_2pct,"$100,000 / 2% (baseline)",100000.0,0.02,False,TRUMPUSDT,primary,1781271900,2026-06-12T13:45:00+00:00,1781271900,1.967,2.217,1781272800,2026-06-12T14:00:00+00:00,1781272800,1781276400,15580.682000000452,2126505.3287,100000.0,,,,,,,,,,not_reached,long_liquidation_threshold_not_met
baseline_100k_2pct,"$100,000 / 2% (baseline)",100000.0,0.02,False,TRUMPUSDT,primary,1781275500,2026-06-12T14:45:00+00:00,1781278200,1.996,2.217,1781288100,2026-06-12T18:15:00+00:00,1781288100,1781291700,45775.075,989658.6259999999,100000.0,,,,,,,,,,not_reached,long_liquidation_threshold_not_met
baseline_100k_2pct,"$100,000 / 2% (baseline)",100000.0,0.02,False,TAOUSDT,primary,1781349300,2026-06-13T11:15:00+00:00,1781349300,,249.3,,,,,,,,,,,,,,,,,not_reached,correction_not_found_in_12h
baseline_100k_2pct,"$100,000 / 2% (baseline)",100000.0,0.02,False,TAOUSDT,primary,1781356500,2026-06-13T13:15:00+00:00,1781362800,,269.1,,,,,,,,,,,,,,,,,not_reached,correction_not_found_in_12h
baseline_100k_2pct,"$100,000 / 2% (baseline)",100000.0,0.02,False,ZHIPUUSDT,primary,1781487000,2026-06-15T01:30:00+00:00,1781514900,169.54,189.69,1781516700,2026-06-15T09:45:00+00:00,1781516700,1781520300,6063.049999999999,1291.1358,100000.0,,,,,,,,,,not_reached,long_liquidation_threshold_not_met
baseline_100k_2pct,"$100,000 / 2% (baseline)",100000.0,0.02,False,WLDUSDT,primary,1781492400,2026-06-15T03:00:00+00:00,1781500500,,0.6091,,,,,,,,,,,,,,,,,not_reached,correction_not_found_in_12h
baseline_100k_2pct,"$100,000 / 2% (baseline)",100000.0,0.02,False,WLDUSDT,primary,1781502300,2026-06-15T05:45:00+00:00,1781502300,,0.6091,,,,,,,,,,,,,,,,,not_reached,correction_not_found_in_12h
baseline_100k_2pct,"$100,000 / 2% (baseline)",100000.0,0.02,False,SPCXUSDT,primary,1781561700,2026-06-15T22:15:00+00:00,1781561700,,197.71,,,,,,,,,,,,,,,,,not_reached,correction_not_found_in_12h
baseline_100k_2pct,"$100,000 / 2% (baseline)",100000.0,0.02,False,SPCXUSDT,primary,1781565300,2026-06-15T23:15:00+00:00,1781566200,,202.06,,,,,,,,,,,,,,,,,not_reached,correction_not_found_in_12h
baseline_100k_2pct,"$100,000 / 2% (baseline)",100000.0,0.02,True,SPCXUSDT,primary,1781568900,2026-06-16T00:15:00+00:00,1781572500,209.03,227.92,1781573400,2026-06-16T01:30:00+00:00,1781573400,1781577000,1398361.520000001,6391954.4496,127839.088992,,,,,,,,,,not_reached,missing_5m_candle:1781577000
baseline_100k_2pct,"$100,000 / 2% (baseline)",100000.0,0.02,True,SPCXUSDT,primary,1781575200,2026-06-16T02:00:00+00:00,1781577000,206.09,227.92,1781587800,2026-06-16T05:30:00+00:00,1781587800,1781591400,382669.79000000027,2567695.0038,100000.0,,,,,,,,,,not_reached,missing_5m_candle:1781591400
baseline_100k_2pct,"$100,000 / 2% (baseline)",100000.0,0.02,True,SPCXUSDT,primary,1781578800,2026-06-16T03:00:00+00:00,1781579700,206.09,227.92,1781587800,2026-06-16T05:30:00+00:00,1781587800,1781591400,382669.79000000027,2567695.0038,100000.0,,,,,,,,,,not_reached,missing_5m_candle:1781591400
baseline_100k_2pct,"$100,000 / 2% (baseline)",100000.0,0.02,False,ZHIPUUSDT,primary,1781674200,2026-06-17T05:30:00+00:00,1781676000,192.28,220.0,1781676900,2026-06-17T06:15:00+00:00,1781676900,1781680500,0,69204.66589999999,100000.0,,,,,,,,,,not_reached,long_liquidation_threshold_not_met
baseline_100k_2pct,"$100,000 / 2% (baseline)",100000.0,0.02,False,ZHIPUUSDT,primary,1781678700,2026-06-17T06:45:00+00:00,1781681400,200.39,220.0,1781682300,2026-06-17T07:45:00+00:00,1781682300,1781685900,0,32572.146299999997,100000.0,,,,,,,,,,not_reached,long_liquidation_threshold_not_met
baseline_100k_2pct,"$100,000 / 2% (baseline)",100000.0,0.02,False,ZHIPUUSDT,primary,1781748000,2026-06-18T02:00:00+00:00,1781774100,,259.27,,,,,,,,,,,,,,,,,not_reached,correction_not_found_in_12h
baseline_100k_2pct,"$100,000 / 2% (baseline)",100000.0,0.02,False,AKEUSDT,primary,1781960400,2026-06-20T13:00:00+00:00,1781960400,,0.0004034,,,,,,,,,,,,,,,,,not_reached,correction_not_found_in_12h
baseline_100k_2pct,"$100,000 / 2% (baseline)",100000.0,0.02,False,BTRUSDT,primary,1782006300,2026-06-21T01:45:00+00:00,1782033300,0.02363,0.02833,1782034200,2026-06-21T09:30:00+00:00,1782034200,1782037800,0,45453.788,100000.0,,,,,,,,,,not_reached,long_liquidation_threshold_not_met
baseline_100k_2pct,"$100,000 / 2% (baseline)",100000.0,0.02,False,ZHIPUUSDT,primary,1782091800,2026-06-22T01:30:00+00:00,1782091800,303.0,364.83,1782092700,2026-06-22T01:45:00+00:00,1782092700,1782096300,33178.720000000016,79068.3528,100000.0,,,,,,,,,,not_reached,long_liquidation_threshold_not_met
baseline_100k_2pct,"$100,000 / 2% (baseline)",100000.0,0.02,True,ZHIPUUSDT,primary,1782093600,2026-06-22T02:00:00+00:00,1782094500,306.89,370.58,1782095400,2026-06-22T02:30:00+00:00,1782095400,1782099000,114617.41000000003,60868.888300000006,100000.0,,,,,,,,,,not_reached,missing_5m_candle:1782099000
baseline_100k_2pct,"$100,000 / 2% (baseline)",100000.0,0.02,False,ZHIPUUSDT,primary,1782099000,2026-06-22T03:30:00+00:00,1782099000,314.68,370.58,1782099900,2026-06-22T03:45:00+00:00,1782099900,1782103500,0,52904.6858,100000.0,,,,,,,,,,not_reached,long_liquidation_threshold_not_met
baseline_100k_2pct,"$100,000 / 2% (baseline)",100000.0,0.02,False,ZHIPUUSDT,primary,1782100800,2026-06-22T04:00:00+00:00,1782103500,304.54,370.58,1782104400,2026-06-22T05:00:00+00:00,1782104400,1782108000,2857.59,33149.8842,100000.0,,,,,,,,,,not_reached,long_liquidation_threshold_not_met
baseline_100k_2pct,"$100,000 / 2% (baseline)",100000.0,0.02,False,ZHIPUUSDT,primary,1782112500,2026-06-22T07:15:00+00:00,1782112500,306.66,370.58,1782113400,2026-06-22T07:30:00+00:00,1782113400,1782117000,0,10264.6624,100000.0,,,,,,,,,,not_reached,long_liquidation_threshold_not_met
baseline_100k_2pct,"$100,000 / 2% (baseline)",100000.0,0.02,False,ZHIPUUSDT,primary,1782118800,2026-06-22T09:00:00+00:00,1782119700,311.59,370.58,1782120600,2026-06-22T09:30:00+00:00,1782120600,1782124200,0,92328.68590000001,100000.0,,,,,,,,,,not_reached,long_liquidation_threshold_not_met
baseline_100k_2pct,"$100,000 / 2% (baseline)",100000.0,0.02,False,SOXLUSDT,primary,1782336600,2026-06-24T21:30:00+00:00,1782336600,,265.84,,,,,,,,,,,,,,,,,not_reached,correction_not_found_in_12h
baseline_100k_2pct,"$100,000 / 2% (baseline)",100000.0,0.02,False,MUUSDT,primary,1782342000,2026-06-24T23:00:00+00:00,1782345600,,1226.15,,,,,,,,,,,,,,,,,not_reached,correction_not_found_in_12h
baseline_100k_2pct,"$100,000 / 2% (baseline)",100000.0,0.02,False,SOXLUSDT,primary,1782343800,2026-06-24T23:30:00+00:00,1782343800,,265.84,,,,,,,,,,,,,,,,,not_reached,correction_not_found_in_12h
baseline_100k_2pct,"$100,000 / 2% (baseline)",100000.0,0.02,False,MUUSDT,primary,1782349200,2026-06-25T01:00:00+00:00,1782359100,,1226.15,,,,,,,,,,,,,,,,,not_reached,correction_not_found_in_12h
baseline_100k_2pct,"$100,000 / 2% (baseline)",100000.0,0.02,True,SOXLUSDT,primary,1782350100,2026-06-25T01:15:00+00:00,1782351900,225.77,265.84,1782395100,2026-06-25T13:45:00+00:00,1782395100,1782398700,35343558.14064079,6687736.2798,133754.725596,,,,,,,,,,not_reached,missing_5m_candle:1782398700
baseline_100k_2pct,"$100,000 / 2% (baseline)",100000.0,0.02,True,SOXLUSDT,primary,1782355500,2026-06-25T02:45:00+00:00,1782358200,225.77,265.84,1782395100,2026-06-25T13:45:00+00:00,1782395100,1782398700,35343558.14064079,6687736.2798,133754.725596,,,,,,,,,,not_reached,missing_5m_candle:1782398700
baseline_100k_2pct,"$100,000 / 2% (baseline)",100000.0,0.02,False,DRAMUSDT,primary,1782356400,2026-06-25T03:00:00+00:00,1782356400,73.66,81.55,1782395100,2026-06-25T13:45:00+00:00,1782395100,1782398700,4884.22,1177681.5750000002,100000.0,,,,,,,,,,not_reached,long_liquidation_threshold_not_met
baseline_100k_2pct,"$100,000 / 2% (baseline)",100000.0,0.02,False,SOXLUSDT,primary,1782770400,2026-06-29T22:00:00+00:00,1782770400,,239.08,,,,,,,,,,,,,,,,,not_reached,correction_not_found_in_12h
baseline_100k_2pct,"$100,000 / 2% (baseline)",100000.0,0.02,False,UNIUSDT,primary,1783012500,2026-07-02T17:15:00+00:00,1783012500,,3.287,,,,,,,,,,,,,,,,,not_reached,correction_not_found_in_12h
baseline_100k_2pct,"$100,000 / 2% (baseline)",100000.0,0.02,False,ZHIPUUSDT,primary,1783042200,2026-07-03T01:30:00+00:00,1783057500,229.45,262.36,1783058400,2026-07-03T06:00:00+00:00,1783058400,1783062000,0,12853.6645,100000.0,,,,,,,,,,not_reached,long_liquidation_threshold_not_met
baseline_100k_2pct,"$100,000 / 2% (baseline)",100000.0,0.02,False,AKEUSDT,primary,1783074600,2026-07-03T10:30:00+00:00,1783090800,0.0004693,0.0005135,1783094400,2026-07-03T16:00:00+00:00,1783094400,1783098000,0,72799.69369999999,100000.0,,,,,,,,,,not_reached,long_liquidation_threshold_not_met
baseline_100k_2pct,"$100,000 / 2% (baseline)",100000.0,0.02,False,ZHIPUUSDT,primary,1783476000,2026-07-08T02:00:00+00:00,1783477800,,234.77,,,,,,,,,,,,,,,,,not_reached,correction_not_found_in_12h
baseline_100k_2pct,"$100,000 / 2% (baseline)",100000.0,0.02,False,ZHIPUUSDT,primary,1783479600,2026-07-08T03:00:00+00:00,1783503000,216.67,242.56,1783509300,2026-07-08T11:15:00+00:00,1783509300,1783512900,0,37421.1388,100000.0,,,,,,,,,,not_reached,long_liquidation_threshold_not_met
baseline_100k_2pct,"$100,000 / 2% (baseline)",100000.0,0.02,False,SOXLUSDT,primary,1783530000,2026-07-08T17:00:00+00:00,1783530900,,176.59,,,,,,,,,,,,,,,,,not_reached,correction_not_found_in_12h
baseline_100k_2pct,"$100,000 / 2% (baseline)",100000.0,0.02,False,SOXLUSDT,primary,1783533600,2026-07-08T18:00:00+00:00,1783533600,,176.97,,,,,,,,,,,,,,,,,not_reached,correction_not_found_in_12h
baseline_100k_2pct,"$100,000 / 2% (baseline)",100000.0,0.02,False,SOXLUSDT,primary,1783538100,2026-07-08T19:15:00+00:00,1783538100,,176.97,,,,,,,,,,,,,,,,,not_reached,correction_not_found_in_12h
baseline_100k_2pct,"$100,000 / 2% (baseline)",100000.0,0.02,False,ZHIPUUSDT,primary,1783560600,2026-07-09T01:30:00+00:00,1783563300,241.0,277.59,1783564200,2026-07-09T02:30:00+00:00,1783564200,1783567800,0,130216.1679,100000.0,,,,,,,,,,not_reached,long_liquidation_threshold_not_met
baseline_100k_2pct,"$100,000 / 2% (baseline)",100000.0,0.02,False,ZHIPUUSDT,primary,1783567800,2026-07-09T03:30:00+00:00,1783568700,247.97,277.59,1783569600,2026-07-09T04:00:00+00:00,1783569600,1783573200,0,11915.3888,100000.0,,,,,,,,,,not_reached,long_liquidation_threshold_not_met
baseline_100k_2pct,"$100,000 / 2% (baseline)",100000.0,0.02,False,ZHIPUUSDT,primary,1783571400,2026-07-09T04:30:00+00:00,1783573200,236.77,277.59,1783574100,2026-07-09T05:15:00+00:00,1783574100,1783577700,0,29688.0795,100000.0,,,,,,,,,,not_reached,long_liquidation_threshold_not_met
baseline_100k_2pct,"$100,000 / 2% (baseline)",100000.0,0.02,False,ZHIPUUSDT,primary,1783584000,2026-07-09T08:00:00+00:00,1783586700,248.2,277.59,1783587600,2026-07-09T09:00:00+00:00,1783587600,1783591200,0,14049.8604,100000.0,,,,,,,,,,not_reached,long_liquidation_threshold_not_met
baseline_100k_2pct,"$100,000 / 2% (baseline)",100000.0,0.02,False,PUMPUSDT,primary,1784080800,2026-07-15T02:00:00+00:00,1784080800,,0.001664,,,,,,,,,,,,,,,,,not_reached,correction_not_found_in_12h
baseline_100k_2pct,"$100,000 / 2% (baseline)",100000.0,0.02,False,PUMPUSDT,primary,1784087100,2026-07-15T03:45:00+00:00,1784088000,,0.001668,,,,,,,,,,,,,,,,,not_reached,correction_not_found_in_12h
baseline_100k_2pct,"$100,000 / 2% (baseline)",100000.0,0.02,False,PUMPUSDT,primary,1784089800,2026-07-15T04:30:00+00:00,1784090700,,0.001669,,,,,,,,,,,,,,,,,not_reached,correction_not_found_in_12h
baseline_100k_2pct,"$100,000 / 2% (baseline)",100000.0,0.02,False,AKEUSDT,primary,1784090700,2026-07-15T04:45:00+00:00,1784131200,0.0006025,0.0009199,1784132100,2026-07-15T16:15:00+00:00,1784132100,1784135700,32.922578174689,6031570.052300001,120631.40104600001,,,,,,,,,,not_reached,long_liquidation_threshold_not_met
baseline_100k_2pct,"$100,000 / 2% (baseline)",100000.0,0.02,False,AKEUSDT,primary,1784138400,2026-07-15T18:00:00+00:00,1784139300,0.0005626,0.0009199,1784140200,2026-07-15T18:30:00+00:00,1784140200,1784143800,9.908369898703,5606781.868600001,112135.63737200001,,,,,,,,,,not_reached,long_liquidation_threshold_not_met
baseline_100k_2pct,"$100,000 / 2% (baseline)",100000.0,0.02,False,AKEUSDT,primary,1784143800,2026-07-15T19:30:00+00:00,1784146500,0.0006713,0.0009199,1784147400,2026-07-15T20:30:00+00:00,1784147400,1784151000,0,1592667.9592,100000.0,,,,,,,,,,not_reached,long_liquidation_threshold_not_met
baseline_100k_2pct,"$100,000 / 2% (baseline)",100000.0,0.02,False,AKEUSDT,primary,1784169000,2026-07-16T02:30:00+00:00,1784169900,0.0007016,0.000786,1784181600,2026-07-16T06:00:00+00:00,1784181600,1784185200,128.07845742639955,6647925.0806,132958.501612,,,,,,,,,,not_reached,long_liquidation_threshold_not_met
baseline_100k_2pct,"$100,000 / 2% (baseline)",100000.0,0.02,False,AKEUSDT,primary,1784171700,2026-07-16T03:15:00+00:00,1784171700,0.0007016,0.000786,1784181600,2026-07-16T06:00:00+00:00,1784181600,1784185200,128.07845742639955,6647925.0806,132958.501612,,,,,,,,,,not_reached,long_liquidation_threshold_not_met
baseline_100k_2pct,"$100,000 / 2% (baseline)",100000.0,0.02,False,AKEUSDT,primary,1784174400,2026-07-16T04:00:00+00:00,1784176200,0.0007016,0.0008103,1784181600,2026-07-16T06:00:00+00:00,1784181600,1784185200,128.07845742639955,6647925.0806,132958.501612,,,,,,,,,,not_reached,long_liquidation_threshold_not_met
baseline_100k_2pct,"$100,000 / 2% (baseline)",100000.0,0.02,False,AKEUSDT,primary,1784179800,2026-07-16T05:30:00+00:00,1784194200,0.000764,0.00095,1784195100,2026-07-16T09:45:00+00:00,1784195100,1784198700,7.639782901846665,7522848.506399999,150456.970128,,,,,,,,,,not_reached,long_liquidation_threshold_not_met
baseline_100k_2pct,"$100,000 / 2% (baseline)",100000.0,0.02,False,AKEUSDT,primary,1784196900,2026-07-16T10:15:00+00:00,1784211300,0.0008909,0.00099,1784221200,2026-07-16T17:00:00+00:00,1784221200,1784224800,4.013843700235,6482475.2077,129649.50415400001,,,,,,,,,,not_reached,long_liquidation_threshold_not_met
baseline_100k_2pct,"$100,000 / 2% (baseline)",100000.0,0.02,False,AKEUSDT,primary,1784213100,2026-07-16T14:45:00+00:00,1784213100,0.0008909,0.00099,1784221200,2026-07-16T17:00:00+00:00,1784221200,1784224800,4.013843700235,6482475.2077,129649.50415400001,,,,,,,,,,not_reached,long_liquidation_threshold_not_met
baseline_100k_2pct,"$100,000 / 2% (baseline)",100000.0,0.02,False,AKEUSDT,primary,1784214900,2026-07-16T15:15:00+00:00,1784216700,0.0008909,0.00099,1784221200,2026-07-16T17:00:00+00:00,1784221200,1784224800,4.013843700235,6482475.2077,129649.50415400001,,,,,,,,,,not_reached,long_liquidation_threshold_not_met
baseline_100k_2pct,"$100,000 / 2% (baseline)",100000.0,0.02,False,AKEUSDT,primary,1784223900,2026-07-16T17:45:00+00:00,1784224800,0.0008223,0.0011731,1784225700,2026-07-16T18:15:00+00:00,1784225700,1784229300,36.78466198489898,8895225.513199998,177904.51026399995,,,,,,,,,,not_reached,long_liquidation_threshold_not_met
baseline_100k_2pct,"$100,000 / 2% (baseline)",100000.0,0.02,False,AKEUSDT,primary,1784276100,2026-07-17T08:15:00+00:00,1784303100,0.0012284,0.0014,1784304000,2026-07-17T16:00:00+00:00,1784304000,1784307600,0,3074631.8962,100000.0,,,,,,,,,,not_reached,long_liquidation_threshold_not_met
baseline_100k_2pct,"$100,000 / 2% (baseline)",100000.0,0.02,False,AKEUSDT,primary,1784306700,2026-07-17T16:45:00+00:00,1784306700,0.0012059,0.0014,1784327400,2026-07-17T22:30:00+00:00,1784327400,1784331000,27.076813905767,6191045.6324000005,123820.91264800001,,,,,,,,,,not_reached,long_liquidation_threshold_not_met
baseline_100k_2pct,"$100,000 / 2% (baseline)",100000.0,0.02,False,AKEUSDT,primary,1784308500,2026-07-17T17:15:00+00:00,1784308500,0.0012059,0.0014,1784327400,2026-07-17T22:30:00+00:00,1784327400,1784331000,27.076813905767,6191045.6324000005,123820.91264800001,,,,,,,,,,not_reached,long_liquidation_threshold_not_met
baseline_100k_2pct,"$100,000 / 2% (baseline)",100000.0,0.02,False,AKEUSDT,primary,1784310300,2026-07-17T17:45:00+00:00,1784311200,0.0012059,0.0014,1784327400,2026-07-17T22:30:00+00:00,1784327400,1784331000,27.076813905767,6191045.6324000005,123820.91264800001,,,,,,,,,,not_reached,long_liquidation_threshold_not_met
baseline_100k_2pct,"$100,000 / 2% (baseline)",100000.0,0.02,False,AKEUSDT,primary,1784313000,2026-07-17T18:30:00+00:00,1784326500,0.0012059,0.0019474,1784327400,2026-07-17T22:30:00+00:00,1784327400,1784331000,27.076813905767,6191045.6324000005,123820.91264800001,,,,,,,,,,not_reached,long_liquidation_threshold_not_met
baseline_100k_2pct,"$100,000 / 2% (baseline)",100000.0,0.02,False,AKEUSDT,primary,1784328300,2026-07-17T22:45:00+00:00,1784333700,0.0013742,0.0019474,1784334600,2026-07-18T00:30:00+00:00,1784334600,1784338200,4.438224298960999,2048173.0451,100000.0,,,,,,,,,,not_reached,long_liquidation_threshold_not_met
baseline_100k_2pct,"$100,000 / 2% (baseline)",100000.0,0.02,False,AKEUSDT,primary,1784340000,2026-07-18T02:00:00+00:00,1784340900,0.0015242,0.0019474,1784341800,2026-07-18T02:30:00+00:00,1784341800,1784345400,2.4232072003000003,2737796.4225999997,100000.0,,,,,,,,,,not_reached,long_liquidation_threshold_not_met
baseline_100k_2pct,"$100,000 / 2% (baseline)",100000.0,0.02,False,AKEUSDT,primary,1784348100,2026-07-18T04:15:00+00:00,1784348100,0.0016668,0.0019474,1784349000,2026-07-18T04:30:00+00:00,1784349000,1784352600,5.484982098133999,6781802.987799999,135636.059756,,,,,,,,,,not_reached,long_liquidation_threshold_not_met
baseline_100k_2pct,"$100,000 / 2% (baseline)",100000.0,0.02,False,AKEUSDT,primary,1784354400,2026-07-18T06:00:00+00:00,1784367000,0.001422,0.0021,1784367900,2026-07-18T09:45:00+00:00,1784367900,1784371500,690.0194495683874,13834024.822900001,276680.49645800004,,,,,,,,,,not_reached,long_liquidation_threshold_not_met
baseline_100k_2pct,"$100,000 / 2% (baseline)",100000.0,0.02,False,AKEUSDT,primary,1784370600,2026-07-18T10:30:00+00:00,1784372400,0.0016874,0.0021,1784373300,2026-07-18T11:15:00+00:00,1784373300,1784376900,5.5225628001330005,5915077.0031,118301.54006200001,,,,,,,,,,not_reached,long_liquidation_threshold_not_met
baseline_100k_2pct,"$100,000 / 2% (baseline)",100000.0,0.02,False,AKEUSDT,primary,1784403900,2026-07-18T19:45:00+00:00,1784403900,0.0018797,0.0020899,1784404800,2026-07-18T20:00:00+00:00,1784404800,1784408400,7.423017599476,6232189.9088,124643.79817600001,,,,,,,,,,not_reached,long_liquidation_threshold_not_met
baseline_100k_2pct,"$100,000 / 2% (baseline)",100000.0,0.02,False,AKEUSDT,primary,1784405700,2026-07-18T20:15:00+00:00,1784406600,0.0018038,0.0020899,1784409300,2026-07-18T21:15:00+00:00,1784409300,1784412900,89.10995735126504,3599085.8614,100000.0,,,,,,,,,,not_reached,long_liquidation_threshold_not_met
baseline_100k_2pct,"$100,000 / 2% (baseline)",100000.0,0.02,False,AKEUSDT,primary,1784413800,2026-07-18T22:30:00+00:00,1784413800,0.0019161,0.00211,1784414700,2026-07-18T22:45:00+00:00,1784414700,1784418300,0.0688765,1995787.6586,100000.0,,,,,,,,,,not_reached,long_liquidation_threshold_not_met
baseline_100k_2pct,"$100,000 / 2% (baseline)",100000.0,0.02,False,AKEUSDT,primary,1784415600,2026-07-18T23:00:00+00:00,1784421000,0.0019413,0.002161,1784422800,2026-07-19T01:00:00+00:00,1784422800,1784426400,11.107455302022,3379551.3189,100000.0,,,,,,,,,,not_reached,long_liquidation_threshold_not_met
baseline_100k_2pct,"$100,000 / 2% (baseline)",100000.0,0.02,False,AKEUSDT,primary,1784423700,2026-07-19T01:15:00+00:00,1784427300,0.001829,0.002161,1784428200,2026-07-19T02:30:00+00:00,1784428200,1784431800,13.363921099176002,5322230.241,106444.60482000001,,,,,,,,,,not_reached,long_liquidation_threshold_not_met
baseline_100k_2pct,"$100,000 / 2% (baseline)",100000.0,0.02,False,PROMUSDT,primary,1784486700,2026-07-19T18:45:00+00:00,1784486700,,1.602,,,,,,,,,,,,,,,,,not_reached,correction_not_found_in_12h
baseline_100k_2pct,"$100,000 / 2% (baseline)",100000.0,0.02,False,PROMUSDT,primary,1784488500,2026-07-19T19:15:00+00:00,1784488500,,1.633,,,,,,,,,,,,,,,,,not_reached,correction_not_found_in_12h
baseline_100k_2pct,"$100,000 / 2% (baseline)",100000.0,0.02,False,PROMUSDT,primary,1784490300,2026-07-19T19:45:00+00:00,1784500200,1.524,1.792,1784501100,2026-07-19T22:45:00+00:00,1784501100,1784504700,9454.888000000194,146294.0016,100000.0,,,,,,,,,,not_reached,long_liquidation_threshold_not_met
baseline_100k_2pct,"$100,000 / 2% (baseline)",100000.0,0.02,False,PUMPUSDT,primary,1784495700,2026-07-19T21:15:00+00:00,1784495700,,0.001919,,,,,,,,,,,,,,,,,not_reached,correction_not_found_in_12h
baseline_100k_2pct,"$100,000 / 2% (baseline)",100000.0,0.02,False,PUMPUSDT,primary,1784497500,2026-07-19T21:45:00+00:00,1784497500,,0.00194,,,,,,,,,,,,,,,,,not_reached,correction_not_found_in_12h
baseline_100k_2pct,"$100,000 / 2% (baseline)",100000.0,0.02,False,PUMPUSDT,primary,1784499300,2026-07-19T22:15:00+00:00,1784515500,,0.002071,,,,,,,,,,,,,,,,,not_reached,correction_not_found_in_12h
baseline_100k_2pct,"$100,000 / 2% (baseline)",100000.0,0.02,False,PROMUSDT,primary,1784502000,2026-07-19T23:00:00+00:00,1784502000,1.587,1.792,1784502900,2026-07-19T23:15:00+00:00,1784502900,1784506500,2968.4819999990937,52426.463800000005,100000.0,,,,,,,,,,not_reached,long_liquidation_threshold_not_met
baseline_100k_2pct,"$100,000 / 2% (baseline)",100000.0,0.02,False,AKEUSDT,primary,1784507400,2026-07-20T00:30:00+00:00,1784510100,0.001432,0.0024879,1784511000,2026-07-20T01:30:00+00:00,1784511000,1784514600,60.02538149937885,11867668.4816,237353.369632,,,,,,,,,,not_reached,long_liquidation_threshold_not_met
baseline_100k_2pct,"$100,000 / 2% (baseline)",100000.0,0.02,False,PROMUSDT,primary,1784552400,2026-07-20T13:00:00+00:00,1784571300,2.051,2.58,1784572200,2026-07-20T18:30:00+00:00,1784572200,1784575800,0,443765.84929999994,100000.0,,,,,,,,,,not_reached,long_liquidation_threshold_not_met
baseline_100k_2pct,"$100,000 / 2% (baseline)",100000.0,0.02,False,PROMUSDT,primary,1784574000,2026-07-20T19:00:00+00:00,1784577600,2.021,2.58,1784578500,2026-07-20T20:15:00+00:00,1784578500,1784582100,0,305342.84500000003,100000.0,,,,,,,,,,not_reached,long_liquidation_threshold_not_met
baseline_100k_2pct,"$100,000 / 2% (baseline)",100000.0,0.02,False,AKEUSDT,primary,1784601000,2026-07-21T02:30:00+00:00,1784601000,0.0017124,0.00199,1784602800,2026-07-21T03:00:00+00:00,1784602800,1784606400,2.2887313995080003,2221094.4906,100000.0,,,,,,,,,,not_reached,long_liquidation_threshold_not_met
baseline_100k_2pct,"$100,000 / 2% (baseline)",100000.0,0.02,False,ZHIPUUSDT,primary,1784602800,2026-07-21T03:00:00+00:00,1784629800,,158.64,,,,,,,,,,,,,,,,,not_reached,correction_not_found_in_12h
baseline_100k_2pct,"$100,000 / 2% (baseline)",100000.0,0.02,False,PROMUSDT,primary,1784718900,2026-07-22T11:15:00+00:00,1784722500,1.58,1.768,1784723400,2026-07-22T12:30:00+00:00,1784723400,1784727000,397.964,139233.75710000002,100000.0,,,,,,,,,,not_reached,long_liquidation_threshold_not_met
baseline_100k_2pct,"$100,000 / 2% (baseline)",100000.0,0.02,False,PROMUSDT,primary,1784727900,2026-07-22T13:45:00+00:00,1784729700,1.544,1.768,1784730600,2026-07-22T14:30:00+00:00,1784730600,1784734200,14925.677999999745,40347.87329999999,100000.0,,,,,,,,,,not_reached,long_liquidation_threshold_not_met
baseline_100k_2pct,"$100,000 / 2% (baseline)",100000.0,0.02,False,AKEUSDT,primary,1784801700,2026-07-23T10:15:00+00:00,1784801700,,0.0020697,,,,,,,,,,,,,,,,,not_reached,correction_not_found_in_12h
baseline_100k_2pct,"$100,000 / 2% (baseline)",100000.0,0.02,False,AKEUSDT,primary,1784805300,2026-07-23T11:15:00+00:00,1784805300,,0.0020697,,,,,,,,,,,,,,,,,not_reached,correction_not_found_in_12h
baseline_100k_2pct,"$100,000 / 2% (baseline)",100000.0,0.02,False,AKEUSDT,primary,1784817900,2026-07-23T14:45:00+00:00,1784817900,0.001855,0.0021258,1784860200,2026-07-24T02:30:00+00:00,1784860200,1784863800,26.437518844270002,5724366.852899999,114487.33705799999,,,,,,,,,,not_reached,long_liquidation_threshold_not_met
baseline_100k_2pct,"$100,000 / 2% (baseline)",100000.0,0.02,False,AKEUSDT,primary,1784822400,2026-07-23T16:00:00+00:00,1784829600,0.00206,0.00274,1784830500,2026-07-23T18:15:00+00:00,1784830500,1784834100,26.40110235643182,7669768.1359,153395.36271800002,,,,,,,,,,not_reached,long_liquidation_threshold_not_met
baseline_100k_2pct,"$100,000 / 2% (baseline)",100000.0,0.02,False,AKEUSDT,primary,1784831400,2026-07-23T18:30:00+00:00,1784832300,0.0021068,0.00274,1784833200,2026-07-23T19:00:00+00:00,1784833200,1784836800,18.2028049549448,3648501.9561,100000.0,,,,,,,,,,not_reached,long_liquidation_threshold_not_met
baseline_100k_2pct,"$100,000 / 2% (baseline)",100000.0,0.02,True,PROMUSDT,primary,1784835900,2026-07-23T19:45:00+00:00,1784835900,1.526,1.809,1784864700,2026-07-24T03:45:00+00:00,1784864700,1784868300,197137.28600000206,634125.0527000001,100000.0,,,,,,,,,,not_reached,missing_5m_candle:1784868300
baseline_100k_2pct,"$100,000 / 2% (baseline)",100000.0,0.02,False,AKEUSDT,primary,1784836800,2026-07-23T20:00:00+00:00,1784850300,0.002255,0.00274,1784851200,2026-07-24T00:00:00+00:00,1784851200,1784854800,11.963519501018,3605627.1984,100000.0,,,,,,,,,,not_reached,long_liquidation_threshold_not_met
baseline_100k_2pct,"$100,000 / 2% (baseline)",100000.0,0.02,True,PROMUSDT,primary,1784837700,2026-07-23T20:15:00+00:00,1784837700,1.526,1.819,1784864700,2026-07-24T03:45:00+00:00,1784864700,1784868300,197137.28600000206,634125.0527000001,100000.0,,,,,,,,,,not_reached,missing_5m_candle:1784868300
baseline_100k_2pct,"$100,000 / 2% (baseline)",100000.0,0.02,False,AKEUSDT,primary,1784888100,2026-07-24T10:15:00+00:00,1784896200,0.0025412,0.0029092,1784897100,2026-07-24T12:45:00+00:00,1784897100,1784900700,18.514788900331144,2881639.7496,100000.0,,,,,,,,,,not_reached,long_liquidation_threshold_not_met
baseline_100k_2pct,"$100,000 / 2% (baseline)",100000.0,0.02,False,AKEUSDT,primary,1784910600,2026-07-24T16:30:00+00:00,1784917800,0.0022567,0.0031949,1784918700,2026-07-24T18:45:00+00:00,1784918700,1784922300,32.24695060033101,9498297.8534,189965.957068,,,,,,,,,,not_reached,long_liquidation_threshold_not_met
baseline_100k_2pct,"$100,000 / 2% (baseline)",100000.0,0.02,False,PROMUSDT,primary,1784916000,2026-07-24T18:00:00+00:00,1784921400,,1.859,,,,,,,,,,,,,,,,,not_reached,correction_not_found_in_12h
baseline_100k_2pct,"$100,000 / 2% (baseline)",100000.0,0.02,False,PROMUSDT,primary,1784923200,2026-07-24T20:00:00+00:00,1784923200,1.736,1.915,1784936700,2026-07-24T23:45:00+00:00,1784936700,1784940300,10504.42300000299,72152.51280000001,100000.0,,,,,,,,,,not_reached,long_liquidation_threshold_not_met
baseline_100k_2pct,"$100,000 / 2% (baseline)",100000.0,0.02,False,AKEUSDT,primary,1784958300,2026-07-25T05:45:00+00:00,1784958300,,0.003139,,,,,,,,,,,,,,,,,not_reached,correction_not_found_in_12h
baseline_100k_2pct,"$100,000 / 2% (baseline)",100000.0,0.02,False,AKEUSDT,primary,1784961000,2026-07-25T06:30:00+00:00,1784961900,0.0030056,0.0033328,1784972700,2026-07-25T09:45:00+00:00,1784972700,1784976300,0.7716358000000001,4072029.6462,100000.0,,,,,,,,,,not_reached,long_liquidation_threshold_not_met
baseline_100k_2pct,"$100,000 / 2% (baseline)",100000.0,0.02,False,AKEUSDT,primary,1784964600,2026-07-25T07:30:00+00:00,1784965500,0.0030056,0.0033328,1784972700,2026-07-25T09:45:00+00:00,1784972700,1784976300,0.7716358000000001,4072029.6462,100000.0,,,,,,,,,,not_reached,long_liquidation_threshold_not_met
baseline_100k_2pct,"$100,000 / 2% (baseline)",100000.0,0.02,False,AKEUSDT,primary,1784967300,2026-07-25T08:15:00+00:00,1784969100,0.0030056,0.0034559,1784970000,2026-07-25T09:00:00+00:00,1784970000,1784973600,0.850819,3883685.8181999996,100000.0,,,,,,,,,,not_reached,long_liquidation_threshold_not_met
baseline_100k_2pct,"$100,000 / 2% (baseline)",100000.0,0.02,False,AKEUSDT,primary,1784970900,2026-07-25T09:15:00+00:00,1784970900,0.0030056,0.0034559,1784971800,2026-07-25T09:30:00+00:00,1784971800,1784975400,0.8720918000000002,3981353.2543,100000.0,,,,,,,,,,not_reached,long_liquidation_threshold_not_met
baseline_100k_2pct,"$100,000 / 2% (baseline)",100000.0,0.02,False,AKEUSDT,primary,1784972700,2026-07-25T09:45:00+00:00,1784985300,0.00315,0.0034559,1784986200,2026-07-25T13:30:00+00:00,1784986200,1784989800,0.0158285,2583648.0066,100000.0,,,,,,,,,,not_reached,long_liquidation_threshold_not_met
baseline_100k_2pct,"$100,000 / 2% (baseline)",100000.0,0.02,False,PROMUSDT,primary,1784979900,2026-07-25T11:45:00+00:00,1784979900,1.966,2.164,1784980800,2026-07-25T12:00:00+00:00,1784980800,1784984400,0,285124.69899999996,100000.0,,,,,,,,,,not_reached,long_liquidation_threshold_not_met
baseline_100k_2pct,"$100,000 / 2% (baseline)",100000.0,0.02,False,AKEUSDT,primary,1785132000,2026-07-27T06:00:00+00:00,1785138300,0.003351,0.0059854,1785139200,2026-07-27T08:00:00+00:00,1785139200,1785142800,56.934864772393006,10949523.5364,218990.470728,,,,,,,,,,not_reached,long_liquidation_threshold_not_met
baseline_100k_2pct,"$100,000 / 2% (baseline)",100000.0,0.02,False,AKEUSDT,primary,1785141000,2026-07-27T08:30:00+00:00,1785159900,0.00415,0.0059854,1785160800,2026-07-27T14:00:00+00:00,1785160800,1785164400,2.65004239985,1780177.1675999998,100000.0,,,,,,,,,,not_reached,long_liquidation_threshold_not_met
baseline_100k_2pct,"$100,000 / 2% (baseline)",100000.0,0.02,False,AKEUSDT,primary,1785168000,2026-07-27T16:00:00+00:00,1785168900,0.0041734,0.0046,1785173400,2026-07-27T17:30:00+00:00,1785173400,1785177000,2.209759999832,1576812.94,100000.0,,,,,,,,,,not_reached,long_liquidation_threshold_not_met
baseline_100k_2pct,"$100,000 / 2% (baseline)",100000.0,0.02,False,AKEUSDT,primary,1785189600,2026-07-27T22:00:00+00:00,1785189600,0.004021,0.0049464,1785190500,2026-07-27T22:15:00+00:00,1785190500,1785194100,55.546357370462964,10101436.3375,202028.72675,,,,,,,,,,not_reached,long_liquidation_threshold_not_met
baseline_100k_2pct,"$100,000 / 2% (baseline)",100000.0,0.02,False,AKEUSDT,primary,1785222900,2026-07-28T07:15:00+00:00,1785223800,0.0043496,0.0049369,1785224700,2026-07-28T07:45:00+00:00,1785224700,1785228300,14.618138399965002,7762512.3694,155250.24738800002,,,,,,,,,,not_reached,long_liquidation_threshold_not_met
baseline_100k_2pct,"$100,000 / 2% (baseline)",100000.0,0.02,False,AKEUSDT,primary,1785226500,2026-07-28T08:15:00+00:00,1785227400,0.0044352,0.00532,1785228300,2026-07-28T08:45:00+00:00,1785228300,1785231900,2.876231199895,1925550.0645,100000.0,,,,,,,,,,not_reached,long_liquidation_threshold_not_met
baseline_100k_2pct,"$100,000 / 2% (baseline)",100000.0,0.02,False,AKEUSDT,primary,1785330900,2026-07-29T13:15:00+00:00,1785332700,0.0040049,0.0046649,1785333600,2026-07-29T14:00:00+00:00,1785333600,1785337200,0.0040118,1810687.3756,100000.0,,,,,,,,,,not_reached,long_liquidation_threshold_not_met
baseline_100k_2pct,"$100,000 / 2% (baseline)",100000.0,0.02,False,AKEUSDT,primary,1785334500,2026-07-29T14:15:00+00:00,1785334500,0.0039712,0.0046649,1785335400,2026-07-29T14:30:00+00:00,1785335400,1785339000,2.53348950026,2121494.668,100000.0,,,,,,,,,,not_reached,long_liquidation_threshold_not_met
baseline_100k_2pct,"$100,000 / 2% (baseline)",100000.0,0.02,False,AKEUSDT,primary,1785336300,2026-07-29T14:45:00+00:00,1785336300,0.0039712,0.0046649,1785337200,2026-07-29T15:00:00+00:00,1785337200,1785340800,2.52947770026,1747502.9221,100000.0,,,,,,,,,,not_reached,long_liquidation_threshold_not_met
baseline_100k_2pct,"$100,000 / 2% (baseline)",100000.0,0.02,False,AKEUSDT,primary,1785339900,2026-07-29T15:45:00+00:00,1785341700,0.003614,0.0046649,1785342600,2026-07-29T16:30:00+00:00,1785342600,1785346200,22.819198600516906,2454116.7893000003,100000.0,,,,,,,,,,not_reached,long_liquidation_threshold_not_met
baseline_100k_2pct,"$100,000 / 2% (baseline)",100000.0,0.02,False,AKEUSDT,primary,1785344400,2026-07-29T17:00:00+00:00,1785344400,0.00363,0.0046649,1785345300,2026-07-29T17:15:00+00:00,1785345300,1785348900,0.1043475,1074930.2454000001,100000.0,,,,,,,,,,not_reached,long_liquidation_threshold_not_met
baseline_100k_2pct,"$100,000 / 2% (baseline)",100000.0,0.02,False,AKEUSDT,primary,1785414600,2026-07-30T12:30:00+00:00,1785414600,0.004198,0.0047389,1785416400,2026-07-30T13:00:00+00:00,1785416400,1785420000,3.3620100001360003,4380653.771,100000.0,,,,,,,,,,not_reached,long_liquidation_threshold_not_met
baseline_100k_2pct,"$100,000 / 2% (baseline)",100000.0,0.02,False,SOXLUSDT,primary,1785417300,2026-07-30T13:15:00+00:00,1785438000,,117.98,,,,,,,,,,,,,,,,,not_reached,correction_not_found_in_12h
baseline_100k_2pct,"$100,000 / 2% (baseline)",100000.0,0.02,False,SNDKUSDT,primary,1785418200,2026-07-30T13:30:00+00:00,1785446100,,1346.65,,,,,,,,,,,,,,,,,not_reached,correction_not_found_in_12h
baseline_100k_2pct,"$100,000 / 2% (baseline)",100000.0,0.02,False,DRAMUSDT,primary,1785420900,2026-07-30T14:15:00+00:00,1785421800,,51.22,,,,,,,,,,,,,,,,,not_reached,correction_not_found_in_12h
baseline_100k_2pct,"$100,000 / 2% (baseline)",100000.0,0.02,False,INTCUSDT,primary,1785420900,2026-07-30T14:15:00+00:00,1785420900,,93.83,,,,,,,,,,,,,,,,,not_reached,correction_not_found_in_12h
baseline_100k_2pct,"$100,000 / 2% (baseline)",100000.0,0.02,False,MUUSDT,primary,1785420900,2026-07-30T14:15:00+00:00,1785438900,,882.45,,,,,,,,,,,,,,,,,not_reached,correction_not_found_in_12h
baseline_100k_2pct,"$100,000 / 2% (baseline)",100000.0,0.02,False,DRAMUSDT,primary,1785424500,2026-07-30T15:15:00+00:00,1785434400,,51.91,,,,,,,,,,,,,,,,,not_reached,correction_not_found_in_12h
baseline_100k_2pct,"$100,000 / 2% (baseline)",100000.0,0.02,False,INTCUSDT,primary,1785426300,2026-07-30T15:45:00+00:00,1785427200,,94.09,,,,,,,,,,,,,,,,,not_reached,correction_not_found_in_12h
baseline_100k_2pct,"$100,000 / 2% (baseline)",100000.0,0.02,False,INTCUSDT,primary,1785429900,2026-07-30T16:45:00+00:00,1785429900,,94.09,,,,,,,,,,,,,,,,,not_reached,correction_not_found_in_12h
baseline_100k_2pct,"$100,000 / 2% (baseline)",100000.0,0.02,False,SOXLUSDT,primary,1785439800,2026-07-30T19:30:00+00:00,1785439800,,117.98,,,,,,,,,,,,,,,,,not_reached,correction_not_found_in_12h
baseline_100k_2pct,"$100,000 / 2% (baseline)",100000.0,0.02,False,MUUSDT,primary,1785442500,2026-07-30T20:15:00+00:00,1785442500,,894.06,,,,,,,,,,,,,,,,,not_reached,correction_not_found_in_12h
baseline_100k_2pct,"$100,000 / 2% (baseline)",100000.0,0.02,False,SOXLUSDT,primary,1785442500,2026-07-30T20:15:00+00:00,1785443400,,119.65,,,,,,,,,,,,,,,,,not_reached,correction_not_found_in_12h
baseline_100k_2pct,"$100,000 / 2% (baseline)",100000.0,0.02,False,ZHIPUUSDT,primary,1785462300,2026-07-31T01:45:00+00:00,1785462300,129.62,141.99,1785465000,2026-07-31T02:30:00+00:00,1785465000,1785468600,0,208322.05529999998,100000.0,,,,,,,,,,not_reached,long_liquidation_threshold_not_met
baseline_100k_2pct,"$100,000 / 2% (baseline)",100000.0,0.02,False,AKEUSDT,primary,1785528000,2026-07-31T20:00:00+00:00,1785528900,0.004026,0.00442,1785557700,2026-08-01T04:15:00+00:00,1785557700,1785561300,0,756285.7171,100000.0,,,,,,,,,,not_reached,long_liquidation_threshold_not_met
baseline_100k_2pct,"$100,000 / 2% (baseline)",100000.0,0.02,False,AKEUSDT,primary,1785530700,2026-07-31T20:45:00+00:00,1785530700,0.004026,0.0044536,1785557700,2026-08-01T04:15:00+00:00,1785557700,1785561300,0,756285.7171,100000.0,,,,,,,,,,not_reached,long_liquidation_threshold_not_met
baseline_100k_2pct,"$100,000 / 2% (baseline)",100000.0,0.02,False,AKEUSDT,primary,1785536100,2026-07-31T22:15:00+00:00,1785536100,0.004026,0.0044536,1785557700,2026-08-01T04:15:00+00:00,1785557700,1785561300,0,756285.7171,100000.0,,,,,,,,,,not_reached,long_liquidation_threshold_not_met
baseline_100k_2pct,"$100,000 / 2% (baseline)",100000.0,0.02,False,AKEUSDT,primary,1785596400,2026-08-01T15:00:00+00:00,1785599100,0.0042216,0.0046631,1785634200,2026-08-02T01:30:00+00:00,1785634200,1785637800,27.582646300115012,17675344.3739,353506.887478,,,,,,,,,,not_reached,long_liquidation_threshold_not_met
baseline_100k_2pct,"$100,000 / 2% (baseline)",100000.0,0.02,False,AKEUSDT,primary,1785600900,2026-08-01T16:15:00+00:00,1785632400,0.0042216,0.00655,1785633300,2026-08-02T01:15:00+00:00,1785633300,1785636900,49.19831206198398,16533092.3268,330661.846536,,,,,,,,,,not_reached,long_liquidation_threshold_not_met
baseline_100k_2pct,"$100,000 / 2% (baseline)",100000.0,0.02,False,AKEUSDT,primary,1785635100,2026-08-02T01:45:00+00:00,1785635100,0.004366,0.00655,1785636000,2026-08-02T02:00:00+00:00,1785636000,1785639600,14.682862300615,12137805.5687,242756.11137400003,,,,,,,,,,not_reached,long_liquidation_threshold_not_met
baseline_100k_2pct,"$100,000 / 2% (baseline)",100000.0,0.02,False,AKEUSDT,primary,1785681900,2026-08-02T14:45:00+00:00,1785681900,0.0043121,0.0047173,1785690900,2026-08-02T17:15:00+00:00,1785690900,1785694500,20.52295402092121,2275006.5851,100000.0,,,,,,,,,,not_reached,long_liquidation_threshold_not_met
baseline_100k_2pct,"$100,000 / 2% (baseline)",100000.0,0.02,False,AKEUSDT,primary,1785683700,2026-08-02T15:15:00+00:00,1785686400,0.0043509,0.0052412,1785687300,2026-08-02T16:15:00+00:00,1785687300,1785690900,23.587661077295003,5864613.8616,117292.27723200001,,,,,,,,,,not_reached,long_liquidation_threshold_not_met
baseline_100k_2pct,"$100,000 / 2% (baseline)",100000.0,0.02,False,AKEUSDT,primary,1785706200,2026-08-02T21:30:00+00:00,1785706200,0.0046677,0.0052412,1785707100,2026-08-02T21:45:00+00:00,1785707100,1785710700,0,733160.2779,100000.0,,,,,,,,,,not_reached,long_liquidation_threshold_not_met
baseline_100k_2pct,"$100,000 / 2% (baseline)",100000.0,0.02,False,ZHIPUUSDT,primary,1786068900,2026-08-07T02:15:00+00:00,1786086000,,164.71,,,,,,,,,,,,,,,,,not_reached,correction_not_found_in_12h
baseline_100k_2pct,"$100,000 / 2% (baseline)",100000.0,0.02,False,ZHIPUUSDT,primary,1786087800,2026-08-07T07:30:00+00:00,1786088700,,164.71,,,,,,,,,,,,,,,,,not_reached,correction_not_found_in_12h
baseline_100k_2pct,"$100,000 / 2% (baseline)",100000.0,0.02,False,ZHIPUUSDT,primary,1786090500,2026-08-07T08:15:00+00:00,1786092300,,164.71,,,,,,,,,,,,,,,,,not_reached,correction_not_found_in_12h
baseline_100k_2pct,"$100,000 / 2% (baseline)",100000.0,0.02,False,SPCXUSDT,primary,1786131900,2026-08-07T19:45:00+00:00,1786137300,,134.26,,,,,,,,,,,,,,,,,not_reached,correction_not_found_in_12h
baseline_100k_2pct,"$100,000 / 2% (baseline)",100000.0,0.02,True,PROMUSDT,primary,1786404600,2026-08-10T23:30:00+00:00,1786413600,1.606,2.818,1786414500,2026-08-11T02:15:00+00:00,1786414500,1786418100,1127307.689999991,2466592.4852000005,100000.0,1786418100,2026-08-11T03:15:00+00:00,71887.6262,895.4811,2686.4433,1786419000,2026-08-11T03:30:00+00:00,,,success_continuation,continuation_high_above_large_flow_candle
baseline_100k_2pct,"$100,000 / 2% (baseline)",100000.0,0.02,False,BTRUSDT,primary,1786422600,2026-08-11T04:30:00+00:00,1786450500,0.03098,0.03388,1786451400,2026-08-11T12:30:00+00:00,1786451400,1786455000,1.92812,424141.30779999995,100000.0,,,,,,,,,,not_reached,long_liquidation_threshold_not_met
baseline_100k_2pct,"$100,000 / 2% (baseline)",100000.0,0.02,False,PROMUSDT,primary,1786444200,2026-08-11T10:30:00+00:00,1786444200,2.006,2.409,1786445100,2026-08-11T10:45:00+00:00,1786445100,1786448700,0,189505.5705,100000.0,,,,,,,,,,not_reached,long_liquidation_threshold_not_met
baseline_100k_2pct,"$100,000 / 2% (baseline)",100000.0,0.02,False,PROMUSDT,primary,1786496400,2026-08-12T01:00:00+00:00,1786528800,2.988,3.464,1786529700,2026-08-12T10:15:00+00:00,1786529700,1786533300,376.56,1367081.619,100000.0,,,,,,,,,,not_reached,long_liquidation_threshold_not_met
baseline_100k_2pct,"$100,000 / 2% (baseline)",100000.0,0.02,True,PROMUSDT,primary,1786534200,2026-08-12T11:30:00+00:00,1786549500,2.56,3.335,1786550400,2026-08-12T16:00:00+00:00,1786550400,1786554000,108117.38699999829,2038205.6025999999,100000.0,1786555800,2026-08-12T17:30:00+00:00,271356.9589,69676.1352,209028.4056,1786556700,2026-08-12T17:45:00+00:00,,,success_continuation,continuation_high_above_large_flow_candle
baseline_100k_2pct,"$100,000 / 2% (baseline)",100000.0,0.02,False,AKEUSDT,primary,1786616100,2026-08-13T10:15:00+00:00,1786657500,0.006221,0.0106012,1786658400,2026-08-13T22:00:00+00:00,1786658400,1786662000,0.8127043999699999,2484074.2169999997,100000.0,,,,,,,,,,not_reached,long_liquidation_threshold_not_met
baseline_100k_2pct,"$100,000 / 2% (baseline)",100000.0,0.02,False,SNDKUSDT,primary,1786634100,2026-08-13T15:15:00+00:00,1786634100,,1575.17,,,,,,,,,,,,,,,,,not_reached,correction_not_found_in_12h
baseline_100k_2pct,"$100,000 / 2% (baseline)",100000.0,0.02,False,SNDKUSDT,primary,1786636800,2026-08-13T16:00:00+00:00,1786638600,,1575.17,,,,,,,,,,,,,,,,,not_reached,correction_not_found_in_12h
baseline_100k_2pct,"$100,000 / 2% (baseline)",100000.0,0.02,False,SNDKUSDT,primary,1786640400,2026-08-13T17:00:00+00:00,1786643100,,1575.17,,,,,,,,,,,,,,,,,not_reached,correction_not_found_in_12h
baseline_100k_2pct,"$100,000 / 2% (baseline)",100000.0,0.02,False,SNDKUSDT,primary,1786644900,2026-08-13T18:15:00+00:00,1786645800,,1575.17,,,,,,,,,,,,,,,,,not_reached,correction_not_found_in_12h
baseline_100k_2pct,"$100,000 / 2% (baseline)",100000.0,0.02,False,SNDKUSDT,primary,1786655700,2026-08-13T21:15:00+00:00,1786655700,,1575.17,,,,,,,,,,,,,,,,,not_reached,correction_not_found_in_12h
baseline_100k_2pct,"$100,000 / 2% (baseline)",100000.0,0.02,False,PROMUSDT,primary,1786664700,2026-08-13T23:45:00+00:00,1786668300,2.457,2.781,1786669200,2026-08-14T01:00:00+00:00,1786669200,1786672800,495.48699999999997,352114.4756,100000.0,,,,,,,,,,not_reached,long_liquidation_threshold_not_met
baseline_100k_2pct,"$100,000 / 2% (baseline)",100000.0,0.02,False,AKEUSDT,primary,1786671000,2026-08-14T01:30:00+00:00,1786672800,0.0071295,0.0106012,1786673700,2026-08-14T02:15:00+00:00,1786673700,1786677300,0,2404686.2476,100000.0,,,,,,,,,,not_reached,long_liquidation_threshold_not_met
baseline_100k_2pct,"$100,000 / 2% (baseline)",100000.0,0.02,False,PROMUSDT,primary,1786671900,2026-08-14T01:45:00+00:00,1786671900,2.538,2.781,1786674600,2026-08-14T02:30:00+00:00,1786674600,1786678200,18629.957000001763,142379.47950000002,100000.0,,,,,,,,,,not_reached,long_liquidation_threshold_not_met
baseline_100k_2pct,"$100,000 / 2% (baseline)",100000.0,0.02,False,AKEUSDT,primary,1786674600,2026-08-14T02:30:00+00:00,1786674600,0.0070625,0.0106012,1786675500,2026-08-14T02:45:00+00:00,1786675500,1786679100,3.461996799885,3086549.5478,100000.0,,,,,,,,,,not_reached,long_liquidation_threshold_not_met
baseline_100k_2pct,"$100,000 / 2% (baseline)",100000.0,0.02,False,AKEUSDT,primary,1786685400,2026-08-14T05:30:00+00:00,1786692600,0.0073168,0.0083575,1786693500,2026-08-14T07:45:00+00:00,1786693500,1786697100,11.517170100299998,4461992.698000001,100000.0,,,,,,,,,,not_reached,long_liquidation_threshold_not_met
baseline_100k_2pct,"$100,000 / 2% (baseline)",100000.0,0.02,False,AKEUSDT,primary,1786694400,2026-08-14T08:00:00+00:00,1786694400,0.0073168,0.0083575,1786695300,2026-08-14T08:15:00+00:00,1786695300,1786698900,9.0171733003,3515960.0756,100000.0,,,,,,,,,,not_reached,long_liquidation_threshold_not_met
baseline_100k_2pct,"$100,000 / 2% (baseline)",100000.0,0.02,False,AKEUSDT,primary,1786696200,2026-08-14T08:30:00+00:00,1786697100,0.0076162,0.0083575,1786698900,2026-08-14T09:15:00+00:00,1786698900,1786702500,7.239128200137001,7298669.0284,145973.380568,,,,,,,,,,not_reached,long_liquidation_threshold_not_met
baseline_100k_2pct,"$100,000 / 2% (baseline)",100000.0,0.02,False,AKEUSDT,primary,1786701600,2026-08-14T10:00:00+00:00,1786731300,0.0077146,0.0165899,1786732200,2026-08-14T18:30:00+00:00,1786732200,1786735800,94.83035540008099,14457726.755199999,289154.53510399995,,,,,,,,,,not_reached,long_liquidation_threshold_not_met
baseline_100k_2pct,"$100,000 / 2% (baseline)",100000.0,0.02,False,AKEUSDT,primary,1787058000,2026-08-18T13:00:00+00:00,1787058900,0.0090468,0.0100745,1787067900,2026-08-18T15:45:00+00:00,1787067900,1787071500,1.0497767,1519893.6422000001,100000.0,,,,,,,,,,not_reached,long_liquidation_threshold_not_met
baseline_100k_2pct,"$100,000 / 2% (baseline)",100000.0,0.02,False,AKEUSDT,primary,1787061600,2026-08-18T14:00:00+00:00,1787065200,0.0090468,0.0101917,1787067900,2026-08-18T15:45:00+00:00,1787067900,1787071500,1.0497767,1519893.6422000001,100000.0,,,,,,,,,,not_reached,long_liquidation_threshold_not_met
baseline_100k_2pct,"$100,000 / 2% (baseline)",100000.0,0.02,False,MSTRXUSDT,primary,1787156100,2026-08-19T16:15:00+00:00,1787156100,,106.74,,,,,,,,,,,,,,,,,not_reached,correction_not_found_in_12h
baseline_100k_2pct,"$100,000 / 2% (baseline)",100000.0,0.02,False,HYPEUSDT,primary,1787166000,2026-08-19T19:00:00+00:00,1787181300,,72.637,,,,,,,,,,,,,,,,,not_reached,correction_not_found_in_12h
baseline_100k_2pct,"$100,000 / 2% (baseline)",100000.0,0.02,False,BMNRUSDT,primary,1787173200,2026-08-19T21:00:00+00:00,1787176800,,22.11,,,,,,,,,,,,,,,,,not_reached,correction_not_found_in_12h
baseline_100k_2pct,"$100,000 / 2% (baseline)",100000.0,0.02,False,ETHUSDT,control,1787173200,2026-08-19T21:00:00+00:00,1787178600,,2337.8,,,,,,,,,,,,,,,,,not_reached,correction_not_found_in_12h
baseline_100k_2pct,"$100,000 / 2% (baseline)",100000.0,0.02,False,TRUMPUSDT,primary,1787173200,2026-08-19T21:00:00+00:00,1787195700,1.656,1.863,1787196600,2026-08-20T03:30:00+00:00,1787196600,1787200200,3847.155999999466,1086002.6607,100000.0,,,,,,,,,,not_reached,long_liquidation_threshold_not_met
baseline_100k_2pct,"$100,000 / 2% (baseline)",100000.0,0.02,False,WLDUSDT,primary,1787175900,2026-08-19T21:45:00+00:00,1787175900,,0.3723,,,,,,,,,,,,,,,,,not_reached,correction_not_found_in_12h
baseline_100k_2pct,"$100,000 / 2% (baseline)",100000.0,0.02,False,PUMPUSDT,primary,1787238000,2026-08-20T15:00:00+00:00,1787238000,,0.003778,,,,,,,,,,,,,,,,,not_reached,correction_not_found_in_12h
baseline_100k_2pct,"$100,000 / 2% (baseline)",100000.0,0.02,False,PROMUSDT,primary,1787240700,2026-08-20T15:45:00+00:00,1787241600,,2.152,,,,,,,,,,,,,,,,,not_reached,correction_not_found_in_12h
baseline_100k_2pct,"$100,000 / 2% (baseline)",100000.0,0.02,False,PROMUSDT,primary,1787244300,2026-08-20T16:45:00+00:00,1787244300,,2.152,,,,,,,,,,,,,,,,,not_reached,correction_not_found_in_12h
baseline_100k_2pct,"$100,000 / 2% (baseline)",100000.0,0.02,False,XRPUSDT,primary,1787247000,2026-08-20T17:30:00+00:00,1787247000,1.2232,1.3436,1787251500,2026-08-20T18:45:00+00:00,1787251500,1787255100,7834.084959999943,13358466.4682,267169.329364,,,,,,,,,,not_reached,long_liquidation_threshold_not_met
baseline_100k_2pct,"$100,000 / 2% (baseline)",100000.0,0.02,False,ENAUSDT,primary,1787262300,2026-08-20T21:45:00+00:00,1787268600,,0.11883,,,,,,,,,,,,,,,,,not_reached,correction_not_found_in_12h
baseline_100k_2pct,"$100,000 / 2% (baseline)",100000.0,0.02,False,ENAUSDT,primary,1787270400,2026-08-21T00:00:00+00:00,1787273100,,0.11989,,,,,,,,,,,,,,,,,not_reached,correction_not_found_in_12h
baseline_100k_2pct,"$100,000 / 2% (baseline)",100000.0,0.02,False,ENAUSDT,primary,1787283900,2026-08-21T03:45:00+00:00,1787283900,,0.12548,,,,,,,,,,,,,,,,,not_reached,correction_not_found_in_12h
baseline_100k_2pct,"$100,000 / 2% (baseline)",100000.0,0.02,False,PROMUSDT,primary,1787284800,2026-08-21T04:00:00+00:00,1787284800,2.177,2.411,1787290200,2026-08-21T05:30:00+00:00,1787290200,1787293800,0,38188.9906,100000.0,,,,,,,,,,not_reached,long_liquidation_threshold_not_met
baseline_100k_2pct,"$100,000 / 2% (baseline)",100000.0,0.02,False,ENAUSDT,primary,1787285700,2026-08-21T04:15:00+00:00,1787285700,,0.12628,,,,,,,,,,,,,,,,,not_reached,correction_not_found_in_12h
baseline_100k_2pct,"$100,000 / 2% (baseline)",100000.0,0.02,False,ENAUSDT,primary,1787291100,2026-08-21T05:45:00+00:00,1787291100,,0.13072,,,,,,,,,,,,,,,,,not_reached,correction_not_found_in_12h
baseline_100k_2pct,"$100,000 / 2% (baseline)",100000.0,0.02,False,ENAUSDT,primary,1787301000,2026-08-21T08:30:00+00:00,1787301900,0.13102,0.14489,1787302800,2026-08-21T09:00:00+00:00,1787302800,1787306400,357.037579999637,5029187.453399999,100583.74906799999,,,,,,,,,,not_reached,long_liquidation_threshold_not_met
baseline_100k_2pct,"$100,000 / 2% (baseline)",100000.0,0.02,False,ZECUSDT,primary,1787309100,2026-08-21T10:45:00+00:00,1787310000,,666.0,,,,,,,,,,,,,,,,,not_reached,correction_not_found_in_12h
baseline_100k_2pct,"$100,000 / 2% (baseline)",100000.0,0.02,False,ENAUSDT,primary,1787310000,2026-08-21T11:00:00+00:00,1787310900,,0.14489,,,,,,,,,,,,,,,,,not_reached,correction_not_found_in_12h
baseline_100k_2pct,"$100,000 / 2% (baseline)",100000.0,0.02,False,PROMUSDT,primary,1787320800,2026-08-21T14:00:00+00:00,1787322600,,2.621,,,,,,,,,,,,,,,,,not_reached,correction_not_found_in_12h
baseline_100k_2pct,"$100,000 / 2% (baseline)",100000.0,0.02,False,PROMUSDT,primary,1787324400,2026-08-21T15:00:00+00:00,1787325300,2.574,2.8,1787327100,2026-08-21T15:45:00+00:00,1787327100,1787330700,6657.244,413871.3439,100000.0,,,,,,,,,,not_reached,long_liquidation_threshold_not_met
baseline_100k_2pct,"$100,000 / 2% (baseline)",100000.0,0.02,False,ENAUSDT,primary,1787325300,2026-08-21T15:15:00+00:00,1787325300,0.135,0.15489,1787337900,2026-08-21T18:45:00+00:00,1787337900,1787341500,3855.8591700055654,5216790.3730999995,104335.807462,,,,,,,,,,not_reached,long_liquidation_threshold_not_met
baseline_100k_2pct,"$100,000 / 2% (baseline)",100000.0,0.02,False,PROMUSDT,primary,1787329800,2026-08-21T16:30:00+00:00,1787329800,2.627,2.927,1787330700,2026-08-21T16:45:00+00:00,1787330700,1787334300,32725.115,584446.2457,100000.0,,,,,,,,,,not_reached,long_liquidation_threshold_not_met
baseline_100k_2pct,"$100,000 / 2% (baseline)",100000.0,0.02,True,ZECUSDT,primary,1787363100,2026-08-22T01:45:00+00:00,1787373900,696.92,859.39,1787374800,2026-08-22T05:00:00+00:00,1787374800,1787378400,48412580.63,35407550.7801,708151.015602,1787387400,2026-08-22T08:30:00+00:00,1514111.3933,479932.2058,1439796.6173999999,1787388300,2026-08-22T08:45:00+00:00,,,success_continuation,continuation_high_above_large_flow_candle
baseline_100k_2pct,"$100,000 / 2% (baseline)",100000.0,0.02,False,TRUMPUSDT,primary,1787364900,2026-08-22T02:15:00+00:00,1787396400,2.602,3.679,1787397300,2026-08-22T11:15:00+00:00,1787397300,1787400900,100770.12700000274,7734520.9037,154690.418074,,,,,,,,,,not_reached,long_liquidation_threshold_not_met
baseline_100k_2pct,"$100,000 / 2% (baseline)",100000.0,0.02,False,ENAUSDT,primary,1787371200,2026-08-22T04:00:00+00:00,1787373900,0.13636,0.16568,1787374800,2026-08-22T05:00:00+00:00,1787374800,1787378400,20181.262530023352,4848630.7573,100000.0,,,,,,,,,,not_reached,long_liquidation_threshold_not_met
baseline_100k_2pct,"$100,000 / 2% (baseline)",100000.0,0.02,False,SUIUSDT,primary,1787371200,2026-08-22T04:00:00+00:00,1787371200,0.7645,0.9388,1787374800,2026-08-22T05:00:00+00:00,1787374800,1787378400,157016.11980000784,13731983.5636,274639.671272,,,,,,,,,,not_reached,long_liquidation_threshold_not_met
baseline_100k_2pct,"$100,000 / 2% (baseline)",100000.0,0.02,False,WLDUSDT,primary,1787371200,2026-08-22T04:00:00+00:00,1787373900,0.3365,0.4632,1787374800,2026-08-22T05:00:00+00:00,1787374800,1787378400,228285.18650002146,11880351.2059,237607.024118,,,,,,,,,,not_reached,long_liquidation_threshold_not_met
baseline_100k_2pct,"$100,000 / 2% (baseline)",100000.0,0.02,False,XRPUSDT,primary,1787371200,2026-08-22T04:00:00+00:00,1787373900,1.3712,1.6743,1787374800,2026-08-22T05:00:00+00:00,1787374800,1787378400,374725.55422359926,140621114.56890002,2812422.2913780003,,,,,,,,,,not_reached,long_liquidation_threshold_not_met
baseline_100k_2pct,"$100,000 / 2% (baseline)",100000.0,0.02,False,PEPEUSDT,primary,1787372100,2026-08-22T04:15:00+00:00,1787373000,3.619e-06,4.558e-06,1787374800,2026-08-22T05:00:00+00:00,1787374800,1787378400,0.0366158224486,16977320.335,339546.40670000005,,,,,,,,,,not_reached,long_liquidation_threshold_not_met
baseline_100k_2pct,"$100,000 / 2% (baseline)",100000.0,0.02,False,ADAUSDT,primary,1787373000,2026-08-22T04:30:00+00:00,1787373900,0.2049,0.2588,1787374800,2026-08-22T05:00:00+00:00,1787374800,1787378400,22479.708399995063,12327498.555,246549.9711,,,,,,,,,,not_reached,long_liquidation_threshold_not_met
baseline_100k_2pct,"$100,000 / 2% (baseline)",100000.0,0.02,False,DOGEUSDT,primary,1787373000,2026-08-22T04:30:00+00:00,1787373000,0.08213,0.10091,1787374800,2026-08-22T05:00:00+00:00,1787374800,1787378400,555946.8139328976,42183673.3394,843673.4667880001,,,,,,,,,,not_reached,long_liquidation_threshold_not_met
baseline_100k_2pct,"$100,000 / 2% (baseline)",100000.0,0.02,False,SUIUSDT,primary,1787373000,2026-08-22T04:30:00+00:00,1787373900,0.7645,0.9547,1787374800,2026-08-22T05:00:00+00:00,1787374800,1787378400,157016.11980000784,13731983.5636,274639.671272,,,,,,,,,,not_reached,long_liquidation_threshold_not_met
baseline_100k_2pct,"$100,000 / 2% (baseline)",100000.0,0.02,False,PUMPUSDT,primary,1787382000,2026-08-22T07:00:00+00:00,1787382000,0.004337,0.004757,1787387400,2026-08-22T08:30:00+00:00,1787387400,1787391000,0.047971,1608143.367,100000.0,,,,,,,,,,not_reached,long_liquidation_threshold_not_met
baseline_100k_2pct,"$100,000 / 2% (baseline)",100000.0,0.02,False,PUMPUSDT,primary,1787384700,2026-08-22T07:45:00+00:00,1787384700,0.004337,0.004757,1787387400,2026-08-22T08:30:00+00:00,1787387400,1787391000,0.047971,1608143.367,100000.0,,,,,,,,,,not_reached,long_liquidation_threshold_not_met
baseline_100k_2pct,"$100,000 / 2% (baseline)",100000.0,0.02,True,TRUMPUSDT,primary,1787398200,2026-08-22T11:30:00+00:00,1787398200,2.512,3.679,1787399100,2026-08-22T11:45:00+00:00,1787399100,1787402700,249181.93799999746,7427362.564499999,148547.25129,1787405700,2026-08-22T13:35:00+00:00,1157140.0579,257305.30174999998,771915.90525,1787406300,2026-08-22T13:45:00+00:00,,,success_continuation,continuation_high_above_large_flow_candle
baseline_100k_2pct,"$100,000 / 2% (baseline)",100000.0,0.02,False,ENAUSDT,primary,1787479200,2026-08-23T10:00:00+00:00,1787480100,0.16549,0.18144,1787495400,2026-08-23T14:30:00+00:00,1787495400,1787499000,408.035619999975,2762361.8954,100000.0,,,,,,,,,,not_reached,long_liquidation_threshold_not_met
baseline_100k_2pct,"$100,000 / 2% (baseline)",100000.0,0.02,False,ENAUSDT,primary,1787482800,2026-08-23T11:00:00+00:00,1787490000,0.16549,0.18346,1787492700,2026-08-23T13:45:00+00:00,1787492700,1787496300,856.646629999393,2852339.9317999994,100000.0,,,,,,,,,,not_reached,long_liquidation_threshold_not_met
baseline_100k_2pct,"$100,000 / 2% (baseline)",100000.0,0.02,False,TRUMPUSDT,primary,1787483700,2026-08-23T11:15:00+00:00,1787484600,,2.645,,,,,,,,,,,,,,,,,not_reached,correction_not_found_in_12h
baseline_100k_2pct,"$100,000 / 2% (baseline)",100000.0,0.02,False,TRUMPUSDT,primary,1787489100,2026-08-23T12:45:00+00:00,1787489100,,2.645,,,,,,,,,,,,,,,,,not_reached,correction_not_found_in_12h
baseline_100k_2pct,"$100,000 / 2% (baseline)",100000.0,0.02,False,TRUMPUSDT,primary,1787491800,2026-08-23T13:30:00+00:00,1787491800,2.518,2.75,1787530500,2026-08-24T00:15:00+00:00,1787530500,1787534100,95982.32799999998,4073192.9836,100000.0,,,,,,,,,,not_reached,long_liquidation_threshold_not_met
baseline_100k_2pct,"$100,000 / 2% (baseline)",100000.0,0.02,True,TRUMPUSDT,primary,1787494500,2026-08-23T14:15:00+00:00,1787494500,2.55,2.936,1787495400,2026-08-23T14:30:00+00:00,1787495400,1787499000,1115929.248999984,18718152.657,374363.05314000003,,,,,,,,,,not_reached,large_5m_flow_not_found
baseline_100k_2pct,"$100,000 / 2% (baseline)",100000.0,0.02,False,PROMUSDT,primary,1787546700,2026-08-24T04:45:00+00:00,1787573700,3.484,4.054,1787574600,2026-08-24T12:30:00+00:00,1787574600,1787578200,57901.17500000694,1379784.5277999998,100000.0,,,,,,,,,,not_reached,long_liquidation_threshold_not_met
baseline_100k_2pct,"$100,000 / 2% (baseline)",100000.0,0.02,False,BTRUSDT,primary,1787553000,2026-08-24T06:30:00+00:00,1787563800,0.03225,0.03633,1787564700,2026-08-24T09:45:00+00:00,1787564700,1787568300,1.21068,105865.1549,100000.0,,,,,,,,,,not_reached,long_liquidation_threshold_not_met
baseline_100k_2pct,"$100,000 / 2% (baseline)",100000.0,0.02,False,BTRUSDT,primary,1787566500,2026-08-24T10:15:00+00:00,1787566500,0.03107,0.03633,1787567400,2026-08-24T10:30:00+00:00,1787567400,1787571000,1.21329,28966.913099999998,100000.0,,,,,,,,,,not_reached,long_liquidation_threshold_not_met
baseline_100k_2pct,"$100,000 / 2% (baseline)",100000.0,0.02,True,PROMUSDT,primary,1787627700,2026-08-25T03:15:00+00:00,1787640300,4.045,4.985,1787641200,2026-08-25T07:00:00+00:00,1787641200,1787644800,236764.27099999826,1610850.5432,100000.0,1787647800,2026-08-25T08:50:00+00:00,182378.2174,53909.5613,161728.6839,1787648400,2026-08-25T09:00:00+00:00,,,success_continuation,continuation_high_above_large_flow_candle
baseline_100k_2pct,"$100,000 / 2% (baseline)",100000.0,0.02,False,BTRUSDT,primary,1787645700,2026-08-25T08:15:00+00:00,1787645700,0.03195,0.0348,1787665500,2026-08-25T13:45:00+00:00,1787665500,1787669100,0,16410.2734,100000.0,,,,,,,,,,not_reached,long_liquidation_threshold_not_met
baseline_100k_2pct,"$100,000 / 2% (baseline)",100000.0,0.02,False,BTRUSDT,primary,1787715900,2026-08-26T03:45:00+00:00,1787776200,0.133,0.155,1787777100,2026-08-26T20:45:00+00:00,1787777100,1787780700,220.52465999993203,4959281.7352,100000.0,,,,,,,,,,not_reached,long_liquidation_threshold_not_met
baseline_100k_2pct,"$100,000 / 2% (baseline)",100000.0,0.02,False,BTRUSDT,primary,1787778000,2026-08-26T21:00:00+00:00,1787778900,0.11775,0.155,1787779800,2026-08-26T21:30:00+00:00,1787779800,1787783400,1971.5600500024022,5116648.6981,102332.97396199999,,,,,,,,,,not_reached,long_liquidation_threshold_not_met
baseline_100k_2pct,"$100,000 / 2% (baseline)",100000.0,0.02,False,PROMUSDT,primary,1787795100,2026-08-27T01:45:00+00:00,1787796000,4.113,4.648,1787796900,2026-08-27T02:15:00+00:00,1787796900,1787800500,10184.06199999955,994416.6774,100000.0,,,,,,,,,,not_reached,long_liquidation_threshold_not_met
baseline_100k_2pct,"$100,000 / 2% (baseline)",100000.0,0.02,False,AKEUSDT,primary,1787799600,2026-08-27T03:00:00+00:00,1787799600,0.0077763,0.0087934,1787800500,2026-08-27T03:15:00+00:00,1787800500,1787804100,2.9259241000859997,365698.6923,100000.0,,,,,,,,,,not_reached,long_liquidation_threshold_not_met
baseline_100k_2pct,"$100,000 / 2% (baseline)",100000.0,0.02,False,BTRUSDT,primary,1787805000,2026-08-27T04:30:00+00:00,1787806800,0.13905,0.17888,1787807700,2026-08-27T05:15:00+00:00,1787807700,1787811300,5404.3258100012845,8983134.234000001,179662.68468000003,,,,,,,,,,not_reached,long_liquidation_threshold_not_met
baseline_100k_2pct,"$100,000 / 2% (baseline)",100000.0,0.02,False,BTRUSDT,primary,1787811300,2026-08-27T06:15:00+00:00,1787821200,0.14112,0.17888,1787822100,2026-08-27T09:15:00+00:00,1787822100,1787825700,288.34053000023994,7678151.111,153563.02221999998,,,,,,,,,,not_reached,long_liquidation_threshold_not_met
baseline_100k_2pct,"$100,000 / 2% (baseline)",100000.0,0.02,False,PROMUSDT,primary,1787811300,2026-08-27T06:15:00+00:00,1787811300,4.523,4.93,1787812200,2026-08-27T06:30:00+00:00,1787812200,1787815800,1593.894,1236238.5163,100000.0,,,,,,,,,,not_reached,long_liquidation_threshold_not_met
baseline_100k_2pct,"$100,000 / 2% (baseline)",100000.0,0.02,False,BTRUSDT,primary,1787823000,2026-08-27T09:30:00+00:00,1787823000,0.14112,0.17888,1787823900,2026-08-27T09:45:00+00:00,1787823900,1787827500,251.20911000024,6593120.3185,131862.40637,,,,,,,,,,not_reached,long_liquidation_threshold_not_met
baseline_100k_2pct,"$100,000 / 2% (baseline)",100000.0,0.02,True,TRUMPUSDT,primary,1787843700,2026-08-27T15:15:00+00:00,1787850000,2.501,2.821,1787851800,2026-08-27T17:30:00+00:00,1787851800,1787855400,961496.5501220796,8663741.2485,173274.82497000002,1787855700,2026-08-27T18:35:00+00:00,361809.2121,107474.22205000001,322422.66615000006,1787856300,2026-08-27T18:45:00+00:00,,,success_continuation,continuation_high_above_large_flow_candle
baseline_100k_2pct,"$100,000 / 2% (baseline)",100000.0,0.02,False,ENAUSDT,primary,1787862600,2026-08-27T20:30:00+00:00,1787866200,0.15665,0.17289,1787890500,2026-08-28T04:15:00+00:00,1787890500,1787894100,5048.8108587634115,2100259.1853,100000.0,,,,,,,,,,not_reached,long_liquidation_threshold_not_met
baseline_100k_2pct,"$100,000 / 2% (baseline)",100000.0,0.02,False,AKEUSDT,primary,1787895900,2026-08-28T05:45:00+00:00,1787913000,0.0079202,0.0086659,1787913900,2026-08-28T10:45:00+00:00,1787913900,1787917500,0,177228.0689,100000.0,,,,,,,,,,not_reached,long_liquidation_threshold_not_met
baseline_100k_2pct,"$100,000 / 2% (baseline)",100000.0,0.02,False,PROMUSDT,primary,1787912100,2026-08-28T10:15:00+00:00,1787913000,4.964,5.469,1787915700,2026-08-28T11:15:00+00:00,1787915700,1787919300,15610.463,2336632.3691000002,100000.0,,,,,,,,,,not_reached,long_liquidation_threshold_not_met
baseline_100k_2pct,"$100,000 / 2% (baseline)",100000.0,0.02,False,AKEUSDT,primary,1787944500,2026-08-28T19:15:00+00:00,1787976900,0.008112,0.0119104,1787977800,2026-08-29T04:30:00+00:00,1787977800,1787981400,166.31077224612704,9835729.546,196714.59092000002,,,,,,,,,,not_reached,long_liquidation_threshold_not_met
baseline_100k_2pct,"$100,000 / 2% (baseline)",100000.0,0.02,True,TRUMPUSDT,primary,1787981400,2026-08-29T05:30:00+00:00,1787981400,2.633,3.073,1787983200,2026-08-29T06:00:00+00:00,1787983200,1787986800,4378723.798238859,14139631.115500001,282792.62231,,,,,,,,,,not_reached,large_5m_flow_not_found
baseline_100k_2pct,"$100,000 / 2% (baseline)",100000.0,0.02,False,BTRUSDT,primary,1788005700,2026-08-29T12:15:00+00:00,1788011100,0.15435,0.22288,1788012000,2026-08-29T14:00:00+00:00,1788012000,1788015600,10489.865402501908,13295481.0792,265909.621584,,,,,,,,,,not_reached,long_liquidation_threshold_not_met
strict_150k_3pct,"$150,000 / 3%",150000.0,0.03,False,WLDUSDT,primary,1780342200,2026-06-01T19:30:00+00:00,1780344000,,0.4458,,,,,,,,,,,,,,,,,not_reached,correction_not_found_in_12h
strict_150k_3pct,"$150,000 / 3%",150000.0,0.03,False,WLDUSDT,primary,1780348500,2026-06-01T21:15:00+00:00,1780352100,0.4056,0.4463,1780388100,2026-06-02T08:15:00+00:00,1780388100,1780391700,7622.2046000014325,1999824.9456,150000.0,,,,,,,,,,not_reached,long_liquidation_threshold_not_met
strict_150k_3pct,"$150,000 / 3%",150000.0,0.03,False,WLDUSDT,primary,1780353900,2026-06-01T22:45:00+00:00,1780353900,0.4056,0.4463,1780388100,2026-06-02T08:15:00+00:00,1780388100,1780391700,7622.2046000014325,1999824.9456,150000.0,,,,,,,,,,not_reached,long_liquidation_threshold_not_met
strict_150k_3pct,"$150,000 / 3%",150000.0,0.03,False,WLDUSDT,primary,1780470900,2026-06-03T07:15:00+00:00,1780472700,,0.4589,,,,,,,,,,,,,,,,,not_reached,correction_not_found_in_12h
strict_150k_3pct,"$150,000 / 3%",150000.0,0.03,False,WLDUSDT,primary,1780476300,2026-06-03T08:45:00+00:00,1780477200,,0.4663,,,,,,,,,,,,,,,,,not_reached,correction_not_found_in_12h
strict_150k_3pct,"$150,000 / 3%",150000.0,0.03,False,WLDUSDT,primary,1780479000,2026-06-03T09:30:00+00:00,1780501500,0.4705,0.5393,1780538400,2026-06-04T02:00:00+00:00,1780538400,1780542000,46622.920700003764,7860041.491999999,235801.24475999994,,,,,,,,,,not_reached,long_liquidation_threshold_not_met
strict_150k_3pct,"$150,000 / 3%",150000.0,0.03,False,ENAUSDT,primary,1780481700,2026-06-03T10:15:00+00:00,1780486200,,0.10743,,,,,,,,,,,,,,,,,not_reached,correction_not_found_in_12h
strict_150k_3pct,"$150,000 / 3%",150000.0,0.03,False,ENAUSDT,primary,1780495200,2026-06-03T14:00:00+00:00,1780495200,0.10019,0.1136,1780538400,2026-06-04T02:00:00+00:00,1780538400,1780542000,3694.4408700013323,1328270.4748,150000.0,,,,,,,,,,not_reached,long_liquidation_threshold_not_met
strict_150k_3pct,"$150,000 / 3%",150000.0,0.03,False,WLDUSDT,primary,1780503300,2026-06-03T16:15:00+00:00,1780505100,0.4705,0.543,1780538400,2026-06-04T02:00:00+00:00,1780538400,1780542000,46622.920700003764,7860041.491999999,235801.24475999994,,,,,,,,,,not_reached,long_liquidation_threshold_not_met
strict_150k_3pct,"$150,000 / 3%",150000.0,0.03,False,PROMUSDT,primary,1780512300,2026-06-03T18:45:00+00:00,1780512300,,1.049,,,,,,,,,,,,,,,,,not_reached,correction_not_found_in_12h
strict_150k_3pct,"$150,000 / 3%",150000.0,0.03,False,WLDUSDT,primary,1780590600,2026-06-04T16:30:00+00:00,1780593300,0.5467,0.6313,1780594200,2026-06-04T17:30:00+00:00,1780594200,1780597800,14084.793199999316,6763504.667199999,202905.14001599996,,,,,,,,,,not_reached,long_liquidation_threshold_not_met
strict_150k_3pct,"$150,000 / 3%",150000.0,0.03,False,WLDUSDT,primary,1780596900,2026-06-04T18:15:00+00:00,1780599600,0.5383,0.6313,1780600500,2026-06-04T19:15:00+00:00,1780600500,1780604100,45536.53070602886,2446223.9756,150000.0,,,,,,,,,,not_reached,long_liquidation_threshold_not_met
strict_150k_3pct,"$150,000 / 3%",150000.0,0.03,False,WLDUSDT,primary,1780601400,2026-06-04T19:30:00+00:00,1780603200,0.521,0.6313,1780604100,2026-06-04T20:15:00+00:00,1780604100,1780607700,28085.01649995832,2563824.7533,150000.0,,,,,,,,,,not_reached,long_liquidation_threshold_not_met
strict_150k_3pct,"$150,000 / 3%",150000.0,0.03,True,ZECUSDT,primary,1780671600,2026-06-05T15:00:00+00:00,1780671600,320.75,357.96,1780672500,2026-06-05T15:15:00+00:00,1780672500,1780676100,1783745.4799999995,7159993.2817,214799.798451,,,,,,,,,,not_reached,missing_5m_candle:1780676100
strict_150k_3pct,"$150,000 / 3%",150000.0,0.03,True,ZECUSDT,primary,1780689600,2026-06-05T20:00:00+00:00,1780696800,351.28,383.33,1780720200,2026-06-06T04:30:00+00:00,1780720200,1780723800,2165417.2299999995,7819433.1625,234582.99487499997,,,,,,,,,,not_reached,missing_5m_candle:1780723800
strict_150k_3pct,"$150,000 / 3%",150000.0,0.03,True,ZECUSDT,primary,1780702200,2026-06-05T23:30:00+00:00,1780705800,356.19,399.75,1780715700,2026-06-06T03:15:00+00:00,1780715700,1780719300,871437.6300000001,4402257.7926,150000.0,,,,,,,,,,not_reached,missing_5m_candle:1780719300
strict_150k_3pct,"$150,000 / 3%",150000.0,0.03,True,ZECUSDT,primary,1780712100,2026-06-06T02:15:00+00:00,1780712100,356.19,399.75,1780715700,2026-06-06T03:15:00+00:00,1780715700,1780719300,871437.6300000001,4402257.7926,150000.0,,,,,,,,,,not_reached,missing_5m_candle:1780719300
strict_150k_3pct,"$150,000 / 3%",150000.0,0.03,True,ZECUSDT,primary,1780713900,2026-06-06T02:45:00+00:00,1780714800,356.19,399.75,1780715700,2026-06-06T03:15:00+00:00,1780715700,1780719300,871437.6300000001,4402257.7926,150000.0,,,,,,,,,,not_reached,missing_5m_candle:1780719300
strict_150k_3pct,"$150,000 / 3%",150000.0,0.03,False,WLDUSDT,primary,1780794900,2026-06-07T01:15:00+00:00,1780796700,0.4153,0.4731,1780823700,2026-06-07T09:15:00+00:00,1780823700,1780827300,11590.576400001937,2218779.9820999997,150000.0,,,,,,,,,,not_reached,long_liquidation_threshold_not_met
strict_150k_3pct,"$150,000 / 3%",150000.0,0.03,False,ZECUSDT,primary,1780812900,2026-06-07T06:15:00+00:00,1780814700,,416.29,,,,,,,,,,,,,,,,,not_reached,correction_not_found_in_12h
strict_150k_3pct,"$150,000 / 3%",150000.0,0.03,False,WLDUSDT,primary,1780855200,2026-06-07T18:00:00+00:00,1780855200,0.4576,0.5133,1780858800,2026-06-07T19:00:00+00:00,1780858800,1780862400,5276.906400001304,1608730.2192,150000.0,,,,,,,,,,not_reached,long_liquidation_threshold_not_met
strict_150k_3pct,"$150,000 / 3%",150000.0,0.03,False,SOXLUSDT,primary,1780930800,2026-06-08T15:00:00+00:00,1780930800,,220.15,,,,,,,,,,,,,,,,,not_reached,correction_not_found_in_12h
strict_150k_3pct,"$150,000 / 3%",150000.0,0.03,True,WLDUSDT,primary,1780941600,2026-06-08T18:00:00+00:00,1780949700,0.5032,0.5788,1780953300,2026-06-08T21:15:00+00:00,1780953300,1780956900,200798.22096678597,2413383.6825,150000.0,,,,,,,,,,not_reached,missing_5m_candle:1780956900
strict_150k_3pct,"$150,000 / 3%",150000.0,0.03,False,SOXLUSDT,primary,1781049600,2026-06-10T00:00:00+00:00,1781052300,186.64,205.01,1781065800,2026-06-10T04:30:00+00:00,1781065800,1781069400,0,110396.9566,150000.0,,,,,,,,,,not_reached,long_liquidation_threshold_not_met
strict_150k_3pct,"$150,000 / 3%",150000.0,0.03,False,SOXLUSDT,primary,1781208900,2026-06-11T20:15:00+00:00,1781208900,,225.46,,,,,,,,,,,,,,,,,not_reached,correction_not_found_in_12h
strict_150k_3pct,"$150,000 / 3%",150000.0,0.03,False,SOXLUSDT,primary,1781212500,2026-06-11T21:15:00+00:00,1781212500,,225.46,,,,,,,,,,,,,,,,,not_reached,correction_not_found_in_12h
strict_150k_3pct,"$150,000 / 3%",150000.0,0.03,False,SOXLUSDT,primary,1781217900,2026-06-11T22:45:00+00:00,1781217900,,228.83,,,,,,,,,,,,,,,,,not_reached,correction_not_found_in_12h
strict_150k_3pct,"$150,000 / 3%",150000.0,0.03,False,SOXLUSDT,primary,1781223300,2026-06-12T00:15:00+00:00,1781223300,210.94,231.12,1781247600,2026-06-12T07:00:00+00:00,1781247600,1781251200,2553.12,154819.2561,150000.0,,,,,,,,,,not_reached,long_liquidation_threshold_not_met
strict_150k_3pct,"$150,000 / 3%",150000.0,0.03,False,SOXLUSDT,primary,1781225100,2026-06-12T00:45:00+00:00,1781226000,210.94,234.0,1781247600,2026-06-12T07:00:00+00:00,1781247600,1781251200,2553.12,154819.2561,150000.0,,,,,,,,,,not_reached,long_liquidation_threshold_not_met
strict_150k_3pct,"$150,000 / 3%",150000.0,0.03,False,TRUMPUSDT,primary,1781256600,2026-06-12T09:30:00+00:00,1781270100,2.002,2.217,1781271000,2026-06-12T13:30:00+00:00,1781271000,1781274600,56676.84400000287,2213937.4229,150000.0,,,,,,,,,,not_reached,long_liquidation_threshold_not_met
strict_150k_3pct,"$150,000 / 3%",150000.0,0.03,False,TRUMPUSDT,primary,1781271900,2026-06-12T13:45:00+00:00,1781271900,1.967,2.217,1781272800,2026-06-12T14:00:00+00:00,1781272800,1781276400,15580.682000000452,2126505.3287,150000.0,,,,,,,,,,not_reached,long_liquidation_threshold_not_met
strict_150k_3pct,"$150,000 / 3%",150000.0,0.03,False,TRUMPUSDT,primary,1781275500,2026-06-12T14:45:00+00:00,1781278200,1.996,2.217,1781288100,2026-06-12T18:15:00+00:00,1781288100,1781291700,45775.075,989658.6259999999,150000.0,,,,,,,,,,not_reached,long_liquidation_threshold_not_met
strict_150k_3pct,"$150,000 / 3%",150000.0,0.03,False,TAOUSDT,primary,1781349300,2026-06-13T11:15:00+00:00,1781349300,,249.3,,,,,,,,,,,,,,,,,not_reached,correction_not_found_in_12h
strict_150k_3pct,"$150,000 / 3%",150000.0,0.03,False,TAOUSDT,primary,1781356500,2026-06-13T13:15:00+00:00,1781362800,,269.1,,,,,,,,,,,,,,,,,not_reached,correction_not_found_in_12h
strict_150k_3pct,"$150,000 / 3%",150000.0,0.03,False,ZHIPUUSDT,primary,1781487000,2026-06-15T01:30:00+00:00,1781514900,169.54,189.69,1781516700,2026-06-15T09:45:00+00:00,1781516700,1781520300,6063.049999999999,1291.1358,150000.0,,,,,,,,,,not_reached,long_liquidation_threshold_not_met
strict_150k_3pct,"$150,000 / 3%",150000.0,0.03,False,WLDUSDT,primary,1781492400,2026-06-15T03:00:00+00:00,1781500500,,0.6091,,,,,,,,,,,,,,,,,not_reached,correction_not_found_in_12h
strict_150k_3pct,"$150,000 / 3%",150000.0,0.03,False,WLDUSDT,primary,1781502300,2026-06-15T05:45:00+00:00,1781502300,,0.6091,,,,,,,,,,,,,,,,,not_reached,correction_not_found_in_12h
strict_150k_3pct,"$150,000 / 3%",150000.0,0.03,False,SPCXUSDT,primary,1781561700,2026-06-15T22:15:00+00:00,1781561700,,197.71,,,,,,,,,,,,,,,,,not_reached,correction_not_found_in_12h
strict_150k_3pct,"$150,000 / 3%",150000.0,0.03,False,SPCXUSDT,primary,1781565300,2026-06-15T23:15:00+00:00,1781566200,,202.06,,,,,,,,,,,,,,,,,not_reached,correction_not_found_in_12h
strict_150k_3pct,"$150,000 / 3%",150000.0,0.03,True,SPCXUSDT,primary,1781568900,2026-06-16T00:15:00+00:00,1781572500,209.03,227.92,1781573400,2026-06-16T01:30:00+00:00,1781573400,1781577000,1398361.520000001,6391954.4496,191758.633488,,,,,,,,,,not_reached,missing_5m_candle:1781577000
strict_150k_3pct,"$150,000 / 3%",150000.0,0.03,True,SPCXUSDT,primary,1781575200,2026-06-16T02:00:00+00:00,1781577000,206.09,227.92,1781587800,2026-06-16T05:30:00+00:00,1781587800,1781591400,382669.79000000027,2567695.0038,150000.0,,,,,,,,,,not_reached,missing_5m_candle:1781591400
strict_150k_3pct,"$150,000 / 3%",150000.0,0.03,True,SPCXUSDT,primary,1781578800,2026-06-16T03:00:00+00:00,1781579700,206.09,227.92,1781587800,2026-06-16T05:30:00+00:00,1781587800,1781591400,382669.79000000027,2567695.0038,150000.0,,,,,,,,,,not_reached,missing_5m_candle:1781591400
strict_150k_3pct,"$150,000 / 3%",150000.0,0.03,False,ZHIPUUSDT,primary,1781674200,2026-06-17T05:30:00+00:00,1781676000,192.28,220.0,1781676900,2026-06-17T06:15:00+00:00,1781676900,1781680500,0,69204.66589999999,150000.0,,,,,,,,,,not_reached,long_liquidation_threshold_not_met
strict_150k_3pct,"$150,000 / 3%",150000.0,0.03,False,ZHIPUUSDT,primary,1781678700,2026-06-17T06:45:00+00:00,1781681400,200.39,220.0,1781682300,2026-06-17T07:45:00+00:00,1781682300,1781685900,0,32572.146299999997,150000.0,,,,,,,,,,not_reached,long_liquidation_threshold_not_met
strict_150k_3pct,"$150,000 / 3%",150000.0,0.03,False,ZHIPUUSDT,primary,1781748000,2026-06-18T02:00:00+00:00,1781774100,,259.27,,,,,,,,,,,,,,,,,not_reached,correction_not_found_in_12h
strict_150k_3pct,"$150,000 / 3%",150000.0,0.03,False,AKEUSDT,primary,1781960400,2026-06-20T13:00:00+00:00,1781960400,,0.0004034,,,,,,,,,,,,,,,,,not_reached,correction_not_found_in_12h
strict_150k_3pct,"$150,000 / 3%",150000.0,0.03,False,BTRUSDT,primary,1782006300,2026-06-21T01:45:00+00:00,1782033300,0.02363,0.02833,1782034200,2026-06-21T09:30:00+00:00,1782034200,1782037800,0,45453.788,150000.0,,,,,,,,,,not_reached,long_liquidation_threshold_not_met
strict_150k_3pct,"$150,000 / 3%",150000.0,0.03,False,ZHIPUUSDT,primary,1782091800,2026-06-22T01:30:00+00:00,1782091800,303.0,364.83,1782092700,2026-06-22T01:45:00+00:00,1782092700,1782096300,33178.720000000016,79068.3528,150000.0,,,,,,,,,,not_reached,long_liquidation_threshold_not_met
strict_150k_3pct,"$150,000 / 3%",150000.0,0.03,False,ZHIPUUSDT,primary,1782093600,2026-06-22T02:00:00+00:00,1782094500,306.89,370.58,1782095400,2026-06-22T02:30:00+00:00,1782095400,1782099000,114617.41000000003,60868.888300000006,150000.0,,,,,,,,,,not_reached,long_liquidation_threshold_not_met
strict_150k_3pct,"$150,000 / 3%",150000.0,0.03,False,ZHIPUUSDT,primary,1782099000,2026-06-22T03:30:00+00:00,1782099000,314.68,370.58,1782099900,2026-06-22T03:45:00+00:00,1782099900,1782103500,0,52904.6858,150000.0,,,,,,,,,,not_reached,long_liquidation_threshold_not_met
strict_150k_3pct,"$150,000 / 3%",150000.0,0.03,False,ZHIPUUSDT,primary,1782100800,2026-06-22T04:00:00+00:00,1782103500,304.54,370.58,1782104400,2026-06-22T05:00:00+00:00,1782104400,1782108000,2857.59,33149.8842,150000.0,,,,,,,,,,not_reached,long_liquidation_threshold_not_met
strict_150k_3pct,"$150,000 / 3%",150000.0,0.03,False,ZHIPUUSDT,primary,1782112500,2026-06-22T07:15:00+00:00,1782112500,306.66,370.58,1782113400,2026-06-22T07:30:00+00:00,1782113400,1782117000,0,10264.6624,150000.0,,,,,,,,,,not_reached,long_liquidation_threshold_not_met
strict_150k_3pct,"$150,000 / 3%",150000.0,0.03,False,ZHIPUUSDT,primary,1782118800,2026-06-22T09:00:00+00:00,1782119700,311.59,370.58,1782120600,2026-06-22T09:30:00+00:00,1782120600,1782124200,0,92328.68590000001,150000.0,,,,,,,,,,not_reached,long_liquidation_threshold_not_met
strict_150k_3pct,"$150,000 / 3%",150000.0,0.03,False,SOXLUSDT,primary,1782336600,2026-06-24T21:30:00+00:00,1782336600,,265.84,,,,,,,,,,,,,,,,,not_reached,correction_not_found_in_12h
strict_150k_3pct,"$150,000 / 3%",150000.0,0.03,False,MUUSDT,primary,1782342000,2026-06-24T23:00:00+00:00,1782345600,,1226.15,,,,,,,,,,,,,,,,,not_reached,correction_not_found_in_12h
strict_150k_3pct,"$150,000 / 3%",150000.0,0.03,False,SOXLUSDT,primary,1782343800,2026-06-24T23:30:00+00:00,1782343800,,265.84,,,,,,,,,,,,,,,,,not_reached,correction_not_found_in_12h
strict_150k_3pct,"$150,000 / 3%",150000.0,0.03,False,MUUSDT,primary,1782349200,2026-06-25T01:00:00+00:00,1782359100,,1226.15,,,,,,,,,,,,,,,,,not_reached,correction_not_found_in_12h
strict_150k_3pct,"$150,000 / 3%",150000.0,0.03,True,SOXLUSDT,primary,1782350100,2026-06-25T01:15:00+00:00,1782351900,225.77,265.84,1782395100,2026-06-25T13:45:00+00:00,1782395100,1782398700,35343558.14064079,6687736.2798,200632.088394,,,,,,,,,,not_reached,missing_5m_candle:1782398700
strict_150k_3pct,"$150,000 / 3%",150000.0,0.03,True,SOXLUSDT,primary,1782355500,2026-06-25T02:45:00+00:00,1782358200,225.77,265.84,1782395100,2026-06-25T13:45:00+00:00,1782395100,1782398700,35343558.14064079,6687736.2798,200632.088394,,,,,,,,,,not_reached,missing_5m_candle:1782398700
strict_150k_3pct,"$150,000 / 3%",150000.0,0.03,False,DRAMUSDT,primary,1782356400,2026-06-25T03:00:00+00:00,1782356400,73.66,81.55,1782395100,2026-06-25T13:45:00+00:00,1782395100,1782398700,4884.22,1177681.5750000002,150000.0,,,,,,,,,,not_reached,long_liquidation_threshold_not_met
strict_150k_3pct,"$150,000 / 3%",150000.0,0.03,False,SOXLUSDT,primary,1782770400,2026-06-29T22:00:00+00:00,1782770400,,239.08,,,,,,,,,,,,,,,,,not_reached,correction_not_found_in_12h
strict_150k_3pct,"$150,000 / 3%",150000.0,0.03,False,UNIUSDT,primary,1783012500,2026-07-02T17:15:00+00:00,1783012500,,3.287,,,,,,,,,,,,,,,,,not_reached,correction_not_found_in_12h
strict_150k_3pct,"$150,000 / 3%",150000.0,0.03,False,ZHIPUUSDT,primary,1783042200,2026-07-03T01:30:00+00:00,1783057500,229.45,262.36,1783058400,2026-07-03T06:00:00+00:00,1783058400,1783062000,0,12853.6645,150000.0,,,,,,,,,,not_reached,long_liquidation_threshold_not_met
strict_150k_3pct,"$150,000 / 3%",150000.0,0.03,False,AKEUSDT,primary,1783074600,2026-07-03T10:30:00+00:00,1783090800,0.0004693,0.0005135,1783094400,2026-07-03T16:00:00+00:00,1783094400,1783098000,0,72799.69369999999,150000.0,,,,,,,,,,not_reached,long_liquidation_threshold_not_met
strict_150k_3pct,"$150,000 / 3%",150000.0,0.03,False,ZHIPUUSDT,primary,1783476000,2026-07-08T02:00:00+00:00,1783477800,,234.77,,,,,,,,,,,,,,,,,not_reached,correction_not_found_in_12h
strict_150k_3pct,"$150,000 / 3%",150000.0,0.03,False,ZHIPUUSDT,primary,1783479600,2026-07-08T03:00:00+00:00,1783503000,216.67,242.56,1783509300,2026-07-08T11:15:00+00:00,1783509300,1783512900,0,37421.1388,150000.0,,,,,,,,,,not_reached,long_liquidation_threshold_not_met
strict_150k_3pct,"$150,000 / 3%",150000.0,0.03,False,SOXLUSDT,primary,1783530000,2026-07-08T17:00:00+00:00,1783530900,,176.59,,,,,,,,,,,,,,,,,not_reached,correction_not_found_in_12h
strict_150k_3pct,"$150,000 / 3%",150000.0,0.03,False,SOXLUSDT,primary,1783533600,2026-07-08T18:00:00+00:00,1783533600,,176.97,,,,,,,,,,,,,,,,,not_reached,correction_not_found_in_12h
strict_150k_3pct,"$150,000 / 3%",150000.0,0.03,False,SOXLUSDT,primary,1783538100,2026-07-08T19:15:00+00:00,1783538100,,176.97,,,,,,,,,,,,,,,,,not_reached,correction_not_found_in_12h
strict_150k_3pct,"$150,000 / 3%",150000.0,0.03,False,ZHIPUUSDT,primary,1783560600,2026-07-09T01:30:00+00:00,1783563300,241.0,277.59,1783564200,2026-07-09T02:30:00+00:00,1783564200,1783567800,0,130216.1679,150000.0,,,,,,,,,,not_reached,long_liquidation_threshold_not_met
strict_150k_3pct,"$150,000 / 3%",150000.0,0.03,False,ZHIPUUSDT,primary,1783567800,2026-07-09T03:30:00+00:00,1783568700,247.97,277.59,1783569600,2026-07-09T04:00:00+00:00,1783569600,1783573200,0,11915.3888,150000.0,,,,,,,,,,not_reached,long_liquidation_threshold_not_met
strict_150k_3pct,"$150,000 / 3%",150000.0,0.03,False,ZHIPUUSDT,primary,1783571400,2026-07-09T04:30:00+00:00,1783573200,236.77,277.59,1783574100,2026-07-09T05:15:00+00:00,1783574100,1783577700,0,29688.0795,150000.0,,,,,,,,,,not_reached,long_liquidation_threshold_not_met
strict_150k_3pct,"$150,000 / 3%",150000.0,0.03,False,ZHIPUUSDT,primary,1783584000,2026-07-09T08:00:00+00:00,1783586700,248.2,277.59,1783587600,2026-07-09T09:00:00+00:00,1783587600,1783591200,0,14049.8604,150000.0,,,,,,,,,,not_reached,long_liquidation_threshold_not_met
strict_150k_3pct,"$150,000 / 3%",150000.0,0.03,False,PUMPUSDT,primary,1784080800,2026-07-15T02:00:00+00:00,1784080800,,0.001664,,,,,,,,,,,,,,,,,not_reached,correction_not_found_in_12h
strict_150k_3pct,"$150,000 / 3%",150000.0,0.03,False,PUMPUSDT,primary,1784087100,2026-07-15T03:45:00+00:00,1784088000,,0.001668,,,,,,,,,,,,,,,,,not_reached,correction_not_found_in_12h
strict_150k_3pct,"$150,000 / 3%",150000.0,0.03,False,PUMPUSDT,primary,1784089800,2026-07-15T04:30:00+00:00,1784090700,,0.001669,,,,,,,,,,,,,,,,,not_reached,correction_not_found_in_12h
strict_150k_3pct,"$150,000 / 3%",150000.0,0.03,False,AKEUSDT,primary,1784090700,2026-07-15T04:45:00+00:00,1784131200,0.0006025,0.0009199,1784132100,2026-07-15T16:15:00+00:00,1784132100,1784135700,32.922578174689,6031570.052300001,180947.10156900002,,,,,,,,,,not_reached,long_liquidation_threshold_not_met
strict_150k_3pct,"$150,000 / 3%",150000.0,0.03,False,AKEUSDT,primary,1784138400,2026-07-15T18:00:00+00:00,1784139300,0.0005626,0.0009199,1784140200,2026-07-15T18:30:00+00:00,1784140200,1784143800,9.908369898703,5606781.868600001,168203.456058,,,,,,,,,,not_reached,long_liquidation_threshold_not_met
strict_150k_3pct,"$150,000 / 3%",150000.0,0.03,False,AKEUSDT,primary,1784143800,2026-07-15T19:30:00+00:00,1784146500,0.0006713,0.0009199,1784147400,2026-07-15T20:30:00+00:00,1784147400,1784151000,0,1592667.9592,150000.0,,,,,,,,,,not_reached,long_liquidation_threshold_not_met
strict_150k_3pct,"$150,000 / 3%",150000.0,0.03,False,AKEUSDT,primary,1784169000,2026-07-16T02:30:00+00:00,1784169900,0.0007016,0.000786,1784181600,2026-07-16T06:00:00+00:00,1784181600,1784185200,128.07845742639955,6647925.0806,199437.752418,,,,,,,,,,not_reached,long_liquidation_threshold_not_met
strict_150k_3pct,"$150,000 / 3%",150000.0,0.03,False,AKEUSDT,primary,1784171700,2026-07-16T03:15:00+00:00,1784171700,0.0007016,0.000786,1784181600,2026-07-16T06:00:00+00:00,1784181600,1784185200,128.07845742639955,6647925.0806,199437.752418,,,,,,,,,,not_reached,long_liquidation_threshold_not_met
strict_150k_3pct,"$150,000 / 3%",150000.0,0.03,False,AKEUSDT,primary,1784174400,2026-07-16T04:00:00+00:00,1784176200,0.0007016,0.0008103,1784181600,2026-07-16T06:00:00+00:00,1784181600,1784185200,128.07845742639955,6647925.0806,199437.752418,,,,,,,,,,not_reached,long_liquidation_threshold_not_met
strict_150k_3pct,"$150,000 / 3%",150000.0,0.03,False,AKEUSDT,primary,1784179800,2026-07-16T05:30:00+00:00,1784194200,0.000764,0.00095,1784195100,2026-07-16T09:45:00+00:00,1784195100,1784198700,7.639782901846665,7522848.506399999,225685.45519199996,,,,,,,,,,not_reached,long_liquidation_threshold_not_met
strict_150k_3pct,"$150,000 / 3%",150000.0,0.03,False,AKEUSDT,primary,1784196900,2026-07-16T10:15:00+00:00,1784211300,0.0008909,0.00099,1784221200,2026-07-16T17:00:00+00:00,1784221200,1784224800,4.013843700235,6482475.2077,194474.256231,,,,,,,,,,not_reached,long_liquidation_threshold_not_met
strict_150k_3pct,"$150,000 / 3%",150000.0,0.03,False,AKEUSDT,primary,1784213100,2026-07-16T14:45:00+00:00,1784213100,0.0008909,0.00099,1784221200,2026-07-16T17:00:00+00:00,1784221200,1784224800,4.013843700235,6482475.2077,194474.256231,,,,,,,,,,not_reached,long_liquidation_threshold_not_met
strict_150k_3pct,"$150,000 / 3%",150000.0,0.03,False,AKEUSDT,primary,1784214900,2026-07-16T15:15:00+00:00,1784216700,0.0008909,0.00099,1784221200,2026-07-16T17:00:00+00:00,1784221200,1784224800,4.013843700235,6482475.2077,194474.256231,,,,,,,,,,not_reached,long_liquidation_threshold_not_met
strict_150k_3pct,"$150,000 / 3%",150000.0,0.03,False,AKEUSDT,primary,1784223900,2026-07-16T17:45:00+00:00,1784224800,0.0008223,0.0011731,1784225700,2026-07-16T18:15:00+00:00,1784225700,1784229300,36.78466198489898,8895225.513199998,266856.76539599994,,,,,,,,,,not_reached,long_liquidation_threshold_not_met
strict_150k_3pct,"$150,000 / 3%",150000.0,0.03,False,AKEUSDT,primary,1784276100,2026-07-17T08:15:00+00:00,1784303100,0.0012284,0.0014,1784304000,2026-07-17T16:00:00+00:00,1784304000,1784307600,0,3074631.8962,150000.0,,,,,,,,,,not_reached,long_liquidation_threshold_not_met
strict_150k_3pct,"$150,000 / 3%",150000.0,0.03,False,AKEUSDT,primary,1784306700,2026-07-17T16:45:00+00:00,1784306700,0.0012059,0.0014,1784327400,2026-07-17T22:30:00+00:00,1784327400,1784331000,27.076813905767,6191045.6324000005,185731.368972,,,,,,,,,,not_reached,long_liquidation_threshold_not_met
strict_150k_3pct,"$150,000 / 3%",150000.0,0.03,False,AKEUSDT,primary,1784308500,2026-07-17T17:15:00+00:00,1784308500,0.0012059,0.0014,1784327400,2026-07-17T22:30:00+00:00,1784327400,1784331000,27.076813905767,6191045.6324000005,185731.368972,,,,,,,,,,not_reached,long_liquidation_threshold_not_met
strict_150k_3pct,"$150,000 / 3%",150000.0,0.03,False,AKEUSDT,primary,1784310300,2026-07-17T17:45:00+00:00,1784311200,0.0012059,0.0014,1784327400,2026-07-17T22:30:00+00:00,1784327400,1784331000,27.076813905767,6191045.6324000005,185731.368972,,,,,,,,,,not_reached,long_liquidation_threshold_not_met
strict_150k_3pct,"$150,000 / 3%",150000.0,0.03,False,AKEUSDT,primary,1784313000,2026-07-17T18:30:00+00:00,1784326500,0.0012059,0.0019474,1784327400,2026-07-17T22:30:00+00:00,1784327400,1784331000,27.076813905767,6191045.6324000005,185731.368972,,,,,,,,,,not_reached,long_liquidation_threshold_not_met
strict_150k_3pct,"$150,000 / 3%",150000.0,0.03,False,AKEUSDT,primary,1784328300,2026-07-17T22:45:00+00:00,1784333700,0.0013742,0.0019474,1784334600,2026-07-18T00:30:00+00:00,1784334600,1784338200,4.438224298960999,2048173.0451,150000.0,,,,,,,,,,not_reached,long_liquidation_threshold_not_met
strict_150k_3pct,"$150,000 / 3%",150000.0,0.03,False,AKEUSDT,primary,1784340000,2026-07-18T02:00:00+00:00,1784340900,0.0015242,0.0019474,1784341800,2026-07-18T02:30:00+00:00,1784341800,1784345400,2.4232072003000003,2737796.4225999997,150000.0,,,,,,,,,,not_reached,long_liquidation_threshold_not_met
strict_150k_3pct,"$150,000 / 3%",150000.0,0.03,False,AKEUSDT,primary,1784348100,2026-07-18T04:15:00+00:00,1784348100,0.0016668,0.0019474,1784349000,2026-07-18T04:30:00+00:00,1784349000,1784352600,5.484982098133999,6781802.987799999,203454.08963399997,,,,,,,,,,not_reached,long_liquidation_threshold_not_met
strict_150k_3pct,"$150,000 / 3%",150000.0,0.03,False,AKEUSDT,primary,1784354400,2026-07-18T06:00:00+00:00,1784367000,0.001422,0.0021,1784367900,2026-07-18T09:45:00+00:00,1784367900,1784371500,690.0194495683874,13834024.822900001,415020.744687,,,,,,,,,,not_reached,long_liquidation_threshold_not_met
strict_150k_3pct,"$150,000 / 3%",150000.0,0.03,False,AKEUSDT,primary,1784370600,2026-07-18T10:30:00+00:00,1784372400,0.0016874,0.0021,1784373300,2026-07-18T11:15:00+00:00,1784373300,1784376900,5.5225628001330005,5915077.0031,177452.310093,,,,,,,,,,not_reached,long_liquidation_threshold_not_met
strict_150k_3pct,"$150,000 / 3%",150000.0,0.03,False,AKEUSDT,primary,1784403900,2026-07-18T19:45:00+00:00,1784403900,0.0018797,0.0020899,1784404800,2026-07-18T20:00:00+00:00,1784404800,1784408400,7.423017599476,6232189.9088,186965.69726400002,,,,,,,,,,not_reached,long_liquidation_threshold_not_met
strict_150k_3pct,"$150,000 / 3%",150000.0,0.03,False,AKEUSDT,primary,1784405700,2026-07-18T20:15:00+00:00,1784406600,0.0018038,0.0020899,1784409300,2026-07-18T21:15:00+00:00,1784409300,1784412900,89.10995735126504,3599085.8614,150000.0,,,,,,,,,,not_reached,long_liquidation_threshold_not_met
strict_150k_3pct,"$150,000 / 3%",150000.0,0.03,False,AKEUSDT,primary,1784413800,2026-07-18T22:30:00+00:00,1784413800,0.0019161,0.00211,1784414700,2026-07-18T22:45:00+00:00,1784414700,1784418300,0.0688765,1995787.6586,150000.0,,,,,,,,,,not_reached,long_liquidation_threshold_not_met
strict_150k_3pct,"$150,000 / 3%",150000.0,0.03,False,AKEUSDT,primary,1784415600,2026-07-18T23:00:00+00:00,1784421000,0.0019413,0.002161,1784422800,2026-07-19T01:00:00+00:00,1784422800,1784426400,11.107455302022,3379551.3189,150000.0,,,,,,,,,,not_reached,long_liquidation_threshold_not_met
strict_150k_3pct,"$150,000 / 3%",150000.0,0.03,False,AKEUSDT,primary,1784423700,2026-07-19T01:15:00+00:00,1784427300,0.001829,0.002161,1784428200,2026-07-19T02:30:00+00:00,1784428200,1784431800,13.363921099176002,5322230.241,159666.90723,,,,,,,,,,not_reached,long_liquidation_threshold_not_met
strict_150k_3pct,"$150,000 / 3%",150000.0,0.03,False,PROMUSDT,primary,1784486700,2026-07-19T18:45:00+00:00,1784486700,,1.602,,,,,,,,,,,,,,,,,not_reached,correction_not_found_in_12h
strict_150k_3pct,"$150,000 / 3%",150000.0,0.03,False,PROMUSDT,primary,1784488500,2026-07-19T19:15:00+00:00,1784488500,,1.633,,,,,,,,,,,,,,,,,not_reached,correction_not_found_in_12h
strict_150k_3pct,"$150,000 / 3%",150000.0,0.03,False,PROMUSDT,primary,1784490300,2026-07-19T19:45:00+00:00,1784500200,1.524,1.792,1784501100,2026-07-19T22:45:00+00:00,1784501100,1784504700,9454.888000000194,146294.0016,150000.0,,,,,,,,,,not_reached,long_liquidation_threshold_not_met
strict_150k_3pct,"$150,000 / 3%",150000.0,0.03,False,PUMPUSDT,primary,1784495700,2026-07-19T21:15:00+00:00,1784495700,,0.001919,,,,,,,,,,,,,,,,,not_reached,correction_not_found_in_12h
strict_150k_3pct,"$150,000 / 3%",150000.0,0.03,False,PUMPUSDT,primary,1784497500,2026-07-19T21:45:00+00:00,1784497500,,0.00194,,,,,,,,,,,,,,,,,not_reached,correction_not_found_in_12h
strict_150k_3pct,"$150,000 / 3%",150000.0,0.03,False,PUMPUSDT,primary,1784499300,2026-07-19T22:15:00+00:00,1784515500,,0.002071,,,,,,,,,,,,,,,,,not_reached,correction_not_found_in_12h
strict_150k_3pct,"$150,000 / 3%",150000.0,0.03,False,PROMUSDT,primary,1784502000,2026-07-19T23:00:00+00:00,1784502000,1.587,1.792,1784502900,2026-07-19T23:15:00+00:00,1784502900,1784506500,2968.4819999990937,52426.463800000005,150000.0,,,,,,,,,,not_reached,long_liquidation_threshold_not_met
strict_150k_3pct,"$150,000 / 3%",150000.0,0.03,False,AKEUSDT,primary,1784507400,2026-07-20T00:30:00+00:00,1784510100,0.001432,0.0024879,1784511000,2026-07-20T01:30:00+00:00,1784511000,1784514600,60.02538149937885,11867668.4816,356030.054448,,,,,,,,,,not_reached,long_liquidation_threshold_not_met
strict_150k_3pct,"$150,000 / 3%",150000.0,0.03,False,PROMUSDT,primary,1784552400,2026-07-20T13:00:00+00:00,1784571300,2.051,2.58,1784572200,2026-07-20T18:30:00+00:00,1784572200,1784575800,0,443765.84929999994,150000.0,,,,,,,,,,not_reached,long_liquidation_threshold_not_met
strict_150k_3pct,"$150,000 / 3%",150000.0,0.03,False,PROMUSDT,primary,1784574000,2026-07-20T19:00:00+00:00,1784577600,2.021,2.58,1784578500,2026-07-20T20:15:00+00:00,1784578500,1784582100,0,305342.84500000003,150000.0,,,,,,,,,,not_reached,long_liquidation_threshold_not_met
strict_150k_3pct,"$150,000 / 3%",150000.0,0.03,False,AKEUSDT,primary,1784601000,2026-07-21T02:30:00+00:00,1784601000,0.0017124,0.00199,1784602800,2026-07-21T03:00:00+00:00,1784602800,1784606400,2.2887313995080003,2221094.4906,150000.0,,,,,,,,,,not_reached,long_liquidation_threshold_not_met
strict_150k_3pct,"$150,000 / 3%",150000.0,0.03,False,ZHIPUUSDT,primary,1784602800,2026-07-21T03:00:00+00:00,1784629800,,158.64,,,,,,,,,,,,,,,,,not_reached,correction_not_found_in_12h
strict_150k_3pct,"$150,000 / 3%",150000.0,0.03,False,PROMUSDT,primary,1784718900,2026-07-22T11:15:00+00:00,1784722500,1.58,1.768,1784723400,2026-07-22T12:30:00+00:00,1784723400,1784727000,397.964,139233.75710000002,150000.0,,,,,,,,,,not_reached,long_liquidation_threshold_not_met
strict_150k_3pct,"$150,000 / 3%",150000.0,0.03,False,PROMUSDT,primary,1784727900,2026-07-22T13:45:00+00:00,1784729700,1.544,1.768,1784730600,2026-07-22T14:30:00+00:00,1784730600,1784734200,14925.677999999745,40347.87329999999,150000.0,,,,,,,,,,not_reached,long_liquidation_threshold_not_met
strict_150k_3pct,"$150,000 / 3%",150000.0,0.03,False,AKEUSDT,primary,1784801700,2026-07-23T10:15:00+00:00,1784801700,,0.0020697,,,,,,,,,,,,,,,,,not_reached,correction_not_found_in_12h
strict_150k_3pct,"$150,000 / 3%",150000.0,0.03,False,AKEUSDT,primary,1784805300,2026-07-23T11:15:00+00:00,1784805300,,0.0020697,,,,,,,,,,,,,,,,,not_reached,correction_not_found_in_12h
strict_150k_3pct,"$150,000 / 3%",150000.0,0.03,False,AKEUSDT,primary,1784817900,2026-07-23T14:45:00+00:00,1784817900,0.001855,0.0021258,1784860200,2026-07-24T02:30:00+00:00,1784860200,1784863800,26.437518844270002,5724366.852899999,171731.00558699996,,,,,,,,,,not_reached,long_liquidation_threshold_not_met
strict_150k_3pct,"$150,000 / 3%",150000.0,0.03,False,AKEUSDT,primary,1784822400,2026-07-23T16:00:00+00:00,1784829600,0.00206,0.00274,1784830500,2026-07-23T18:15:00+00:00,1784830500,1784834100,26.40110235643182,7669768.1359,230093.044077,,,,,,,,,,not_reached,long_liquidation_threshold_not_met
strict_150k_3pct,"$150,000 / 3%",150000.0,0.03,False,AKEUSDT,primary,1784831400,2026-07-23T18:30:00+00:00,1784832300,0.0021068,0.00274,1784833200,2026-07-23T19:00:00+00:00,1784833200,1784836800,18.2028049549448,3648501.9561,150000.0,,,,,,,,,,not_reached,long_liquidation_threshold_not_met
strict_150k_3pct,"$150,000 / 3%",150000.0,0.03,True,PROMUSDT,primary,1784835900,2026-07-23T19:45:00+00:00,1784835900,1.526,1.809,1784864700,2026-07-24T03:45:00+00:00,1784864700,1784868300,197137.28600000206,634125.0527000001,150000.0,,,,,,,,,,not_reached,missing_5m_candle:1784868300
strict_150k_3pct,"$150,000 / 3%",150000.0,0.03,False,AKEUSDT,primary,1784836800,2026-07-23T20:00:00+00:00,1784850300,0.002255,0.00274,1784851200,2026-07-24T00:00:00+00:00,1784851200,1784854800,11.963519501018,3605627.1984,150000.0,,,,,,,,,,not_reached,long_liquidation_threshold_not_met
strict_150k_3pct,"$150,000 / 3%",150000.0,0.03,True,PROMUSDT,primary,1784837700,2026-07-23T20:15:00+00:00,1784837700,1.526,1.819,1784864700,2026-07-24T03:45:00+00:00,1784864700,1784868300,197137.28600000206,634125.0527000001,150000.0,,,,,,,,,,not_reached,missing_5m_candle:1784868300
strict_150k_3pct,"$150,000 / 3%",150000.0,0.03,False,AKEUSDT,primary,1784888100,2026-07-24T10:15:00+00:00,1784896200,0.0025412,0.0029092,1784897100,2026-07-24T12:45:00+00:00,1784897100,1784900700,18.514788900331144,2881639.7496,150000.0,,,,,,,,,,not_reached,long_liquidation_threshold_not_met
strict_150k_3pct,"$150,000 / 3%",150000.0,0.03,False,AKEUSDT,primary,1784910600,2026-07-24T16:30:00+00:00,1784917800,0.0022567,0.0031949,1784918700,2026-07-24T18:45:00+00:00,1784918700,1784922300,32.24695060033101,9498297.8534,284948.935602,,,,,,,,,,not_reached,long_liquidation_threshold_not_met
strict_150k_3pct,"$150,000 / 3%",150000.0,0.03,False,PROMUSDT,primary,1784916000,2026-07-24T18:00:00+00:00,1784921400,,1.859,,,,,,,,,,,,,,,,,not_reached,correction_not_found_in_12h
strict_150k_3pct,"$150,000 / 3%",150000.0,0.03,False,PROMUSDT,primary,1784923200,2026-07-24T20:00:00+00:00,1784923200,1.736,1.915,1784936700,2026-07-24T23:45:00+00:00,1784936700,1784940300,10504.42300000299,72152.51280000001,150000.0,,,,,,,,,,not_reached,long_liquidation_threshold_not_met
strict_150k_3pct,"$150,000 / 3%",150000.0,0.03,False,AKEUSDT,primary,1784958300,2026-07-25T05:45:00+00:00,1784958300,,0.003139,,,,,,,,,,,,,,,,,not_reached,correction_not_found_in_12h
strict_150k_3pct,"$150,000 / 3%",150000.0,0.03,False,AKEUSDT,primary,1784961000,2026-07-25T06:30:00+00:00,1784961900,0.0030056,0.0033328,1784972700,2026-07-25T09:45:00+00:00,1784972700,1784976300,0.7716358000000001,4072029.6462,150000.0,,,,,,,,,,not_reached,long_liquidation_threshold_not_met
strict_150k_3pct,"$150,000 / 3%",150000.0,0.03,False,AKEUSDT,primary,1784964600,2026-07-25T07:30:00+00:00,1784965500,0.0030056,0.0033328,1784972700,2026-07-25T09:45:00+00:00,1784972700,1784976300,0.7716358000000001,4072029.6462,150000.0,,,,,,,,,,not_reached,long_liquidation_threshold_not_met
strict_150k_3pct,"$150,000 / 3%",150000.0,0.03,False,AKEUSDT,primary,1784967300,2026-07-25T08:15:00+00:00,1784969100,0.0030056,0.0034559,1784970000,2026-07-25T09:00:00+00:00,1784970000,1784973600,0.850819,3883685.8181999996,150000.0,,,,,,,,,,not_reached,long_liquidation_threshold_not_met
strict_150k_3pct,"$150,000 / 3%",150000.0,0.03,False,AKEUSDT,primary,1784970900,2026-07-25T09:15:00+00:00,1784970900,0.0030056,0.0034559,1784971800,2026-07-25T09:30:00+00:00,1784971800,1784975400,0.8720918000000002,3981353.2543,150000.0,,,,,,,,,,not_reached,long_liquidation_threshold_not_met
strict_150k_3pct,"$150,000 / 3%",150000.0,0.03,False,AKEUSDT,primary,1784972700,2026-07-25T09:45:00+00:00,1784985300,0.00315,0.0034559,1784986200,2026-07-25T13:30:00+00:00,1784986200,1784989800,0.0158285,2583648.0066,150000.0,,,,,,,,,,not_reached,long_liquidation_threshold_not_met
strict_150k_3pct,"$150,000 / 3%",150000.0,0.03,False,PROMUSDT,primary,1784979900,2026-07-25T11:45:00+00:00,1784979900,1.966,2.164,1784980800,2026-07-25T12:00:00+00:00,1784980800,1784984400,0,285124.69899999996,150000.0,,,,,,,,,,not_reached,long_liquidation_threshold_not_met
strict_150k_3pct,"$150,000 / 3%",150000.0,0.03,False,AKEUSDT,primary,1785132000,2026-07-27T06:00:00+00:00,1785138300,0.003351,0.0059854,1785139200,2026-07-27T08:00:00+00:00,1785139200,1785142800,56.934864772393006,10949523.5364,328485.70609199995,,,,,,,,,,not_reached,long_liquidation_threshold_not_met
strict_150k_3pct,"$150,000 / 3%",150000.0,0.03,False,AKEUSDT,primary,1785141000,2026-07-27T08:30:00+00:00,1785159900,0.00415,0.0059854,1785160800,2026-07-27T14:00:00+00:00,1785160800,1785164400,2.65004239985,1780177.1675999998,150000.0,,,,,,,,,,not_reached,long_liquidation_threshold_not_met
strict_150k_3pct,"$150,000 / 3%",150000.0,0.03,False,AKEUSDT,primary,1785168000,2026-07-27T16:00:00+00:00,1785168900,0.0041734,0.0046,1785173400,2026-07-27T17:30:00+00:00,1785173400,1785177000,2.209759999832,1576812.94,150000.0,,,,,,,,,,not_reached,long_liquidation_threshold_not_met
strict_150k_3pct,"$150,000 / 3%",150000.0,0.03,False,AKEUSDT,primary,1785189600,2026-07-27T22:00:00+00:00,1785189600,0.004021,0.0049464,1785190500,2026-07-27T22:15:00+00:00,1785190500,1785194100,55.546357370462964,10101436.3375,303043.090125,,,,,,,,,,not_reached,long_liquidation_threshold_not_met
strict_150k_3pct,"$150,000 / 3%",150000.0,0.03,False,AKEUSDT,primary,1785222900,2026-07-28T07:15:00+00:00,1785223800,0.0043496,0.0049369,1785224700,2026-07-28T07:45:00+00:00,1785224700,1785228300,14.618138399965002,7762512.3694,232875.371082,,,,,,,,,,not_reached,long_liquidation_threshold_not_met
strict_150k_3pct,"$150,000 / 3%",150000.0,0.03,False,AKEUSDT,primary,1785226500,2026-07-28T08:15:00+00:00,1785227400,0.0044352,0.00532,1785228300,2026-07-28T08:45:00+00:00,1785228300,1785231900,2.876231199895,1925550.0645,150000.0,,,,,,,,,,not_reached,long_liquidation_threshold_not_met
strict_150k_3pct,"$150,000 / 3%",150000.0,0.03,False,AKEUSDT,primary,1785330900,2026-07-29T13:15:00+00:00,1785332700,0.0040049,0.0046649,1785333600,2026-07-29T14:00:00+00:00,1785333600,1785337200,0.0040118,1810687.3756,150000.0,,,,,,,,,,not_reached,long_liquidation_threshold_not_met
strict_150k_3pct,"$150,000 / 3%",150000.0,0.03,False,AKEUSDT,primary,1785334500,2026-07-29T14:15:00+00:00,1785334500,0.0039712,0.0046649,1785335400,2026-07-29T14:30:00+00:00,1785335400,1785339000,2.53348950026,2121494.668,150000.0,,,,,,,,,,not_reached,long_liquidation_threshold_not_met
strict_150k_3pct,"$150,000 / 3%",150000.0,0.03,False,AKEUSDT,primary,1785336300,2026-07-29T14:45:00+00:00,1785336300,0.0039712,0.0046649,1785337200,2026-07-29T15:00:00+00:00,1785337200,1785340800,2.52947770026,1747502.9221,150000.0,,,,,,,,,,not_reached,long_liquidation_threshold_not_met
strict_150k_3pct,"$150,000 / 3%",150000.0,0.03,False,AKEUSDT,primary,1785339900,2026-07-29T15:45:00+00:00,1785341700,0.003614,0.0046649,1785342600,2026-07-29T16:30:00+00:00,1785342600,1785346200,22.819198600516906,2454116.7893000003,150000.0,,,,,,,,,,not_reached,long_liquidation_threshold_not_met
strict_150k_3pct,"$150,000 / 3%",150000.0,0.03,False,AKEUSDT,primary,1785344400,2026-07-29T17:00:00+00:00,1785344400,0.00363,0.0046649,1785345300,2026-07-29T17:15:00+00:00,1785345300,1785348900,0.1043475,1074930.2454000001,150000.0,,,,,,,,,,not_reached,long_liquidation_threshold_not_met
strict_150k_3pct,"$150,000 / 3%",150000.0,0.03,False,AKEUSDT,primary,1785414600,2026-07-30T12:30:00+00:00,1785414600,0.004198,0.0047389,1785416400,2026-07-30T13:00:00+00:00,1785416400,1785420000,3.3620100001360003,4380653.771,150000.0,,,,,,,,,,not_reached,long_liquidation_threshold_not_met
strict_150k_3pct,"$150,000 / 3%",150000.0,0.03,False,SOXLUSDT,primary,1785417300,2026-07-30T13:15:00+00:00,1785438000,,117.98,,,,,,,,,,,,,,,,,not_reached,correction_not_found_in_12h
strict_150k_3pct,"$150,000 / 3%",150000.0,0.03,False,SNDKUSDT,primary,1785418200,2026-07-30T13:30:00+00:00,1785446100,,1346.65,,,,,,,,,,,,,,,,,not_reached,correction_not_found_in_12h
strict_150k_3pct,"$150,000 / 3%",150000.0,0.03,False,DRAMUSDT,primary,1785420900,2026-07-30T14:15:00+00:00,1785421800,,51.22,,,,,,,,,,,,,,,,,not_reached,correction_not_found_in_12h
strict_150k_3pct,"$150,000 / 3%",150000.0,0.03,False,INTCUSDT,primary,1785420900,2026-07-30T14:15:00+00:00,1785420900,,93.83,,,,,,,,,,,,,,,,,not_reached,correction_not_found_in_12h
strict_150k_3pct,"$150,000 / 3%",150000.0,0.03,False,MUUSDT,primary,1785420900,2026-07-30T14:15:00+00:00,1785438900,,882.45,,,,,,,,,,,,,,,,,not_reached,correction_not_found_in_12h
strict_150k_3pct,"$150,000 / 3%",150000.0,0.03,False,DRAMUSDT,primary,1785424500,2026-07-30T15:15:00+00:00,1785434400,,51.91,,,,,,,,,,,,,,,,,not_reached,correction_not_found_in_12h
strict_150k_3pct,"$150,000 / 3%",150000.0,0.03,False,INTCUSDT,primary,1785426300,2026-07-30T15:45:00+00:00,1785427200,,94.09,,,,,,,,,,,,,,,,,not_reached,correction_not_found_in_12h
strict_150k_3pct,"$150,000 / 3%",150000.0,0.03,False,INTCUSDT,primary,1785429900,2026-07-30T16:45:00+00:00,1785429900,,94.09,,,,,,,,,,,,,,,,,not_reached,correction_not_found_in_12h
strict_150k_3pct,"$150,000 / 3%",150000.0,0.03,False,SOXLUSDT,primary,1785439800,2026-07-30T19:30:00+00:00,1785439800,,117.98,,,,,,,,,,,,,,,,,not_reached,correction_not_found_in_12h
strict_150k_3pct,"$150,000 / 3%",150000.0,0.03,False,MUUSDT,primary,1785442500,2026-07-30T20:15:00+00:00,1785442500,,894.06,,,,,,,,,,,,,,,,,not_reached,correction_not_found_in_12h
strict_150k_3pct,"$150,000 / 3%",150000.0,0.03,False,SOXLUSDT,primary,1785442500,2026-07-30T20:15:00+00:00,1785443400,,119.65,,,,,,,,,,,,,,,,,not_reached,correction_not_found_in_12h
strict_150k_3pct,"$150,000 / 3%",150000.0,0.03,False,ZHIPUUSDT,primary,1785462300,2026-07-31T01:45:00+00:00,1785462300,129.62,141.99,1785465000,2026-07-31T02:30:00+00:00,1785465000,1785468600,0,208322.05529999998,150000.0,,,,,,,,,,not_reached,long_liquidation_threshold_not_met
strict_150k_3pct,"$150,000 / 3%",150000.0,0.03,False,AKEUSDT,primary,1785528000,2026-07-31T20:00:00+00:00,1785528900,0.004026,0.00442,1785557700,2026-08-01T04:15:00+00:00,1785557700,1785561300,0,756285.7171,150000.0,,,,,,,,,,not_reached,long_liquidation_threshold_not_met
strict_150k_3pct,"$150,000 / 3%",150000.0,0.03,False,AKEUSDT,primary,1785530700,2026-07-31T20:45:00+00:00,1785530700,0.004026,0.0044536,1785557700,2026-08-01T04:15:00+00:00,1785557700,1785561300,0,756285.7171,150000.0,,,,,,,,,,not_reached,long_liquidation_threshold_not_met
strict_150k_3pct,"$150,000 / 3%",150000.0,0.03,False,AKEUSDT,primary,1785536100,2026-07-31T22:15:00+00:00,1785536100,0.004026,0.0044536,1785557700,2026-08-01T04:15:00+00:00,1785557700,1785561300,0,756285.7171,150000.0,,,,,,,,,,not_reached,long_liquidation_threshold_not_met
strict_150k_3pct,"$150,000 / 3%",150000.0,0.03,False,AKEUSDT,primary,1785596400,2026-08-01T15:00:00+00:00,1785599100,0.0042216,0.0046631,1785634200,2026-08-02T01:30:00+00:00,1785634200,1785637800,27.582646300115012,17675344.3739,530260.331217,,,,,,,,,,not_reached,long_liquidation_threshold_not_met
strict_150k_3pct,"$150,000 / 3%",150000.0,0.03,False,AKEUSDT,primary,1785600900,2026-08-01T16:15:00+00:00,1785632400,0.0042216,0.00655,1785633300,2026-08-02T01:15:00+00:00,1785633300,1785636900,49.19831206198398,16533092.3268,495992.769804,,,,,,,,,,not_reached,long_liquidation_threshold_not_met
strict_150k_3pct,"$150,000 / 3%",150000.0,0.03,False,AKEUSDT,primary,1785635100,2026-08-02T01:45:00+00:00,1785635100,0.004366,0.00655,1785636000,2026-08-02T02:00:00+00:00,1785636000,1785639600,14.682862300615,12137805.5687,364134.167061,,,,,,,,,,not_reached,long_liquidation_threshold_not_met
strict_150k_3pct,"$150,000 / 3%",150000.0,0.03,False,AKEUSDT,primary,1785681900,2026-08-02T14:45:00+00:00,1785681900,0.0043121,0.0047173,1785690900,2026-08-02T17:15:00+00:00,1785690900,1785694500,20.52295402092121,2275006.5851,150000.0,,,,,,,,,,not_reached,long_liquidation_threshold_not_met
strict_150k_3pct,"$150,000 / 3%",150000.0,0.03,False,AKEUSDT,primary,1785683700,2026-08-02T15:15:00+00:00,1785686400,0.0043509,0.0052412,1785687300,2026-08-02T16:15:00+00:00,1785687300,1785690900,23.587661077295003,5864613.8616,175938.415848,,,,,,,,,,not_reached,long_liquidation_threshold_not_met
strict_150k_3pct,"$150,000 / 3%",150000.0,0.03,False,AKEUSDT,primary,1785706200,2026-08-02T21:30:00+00:00,1785706200,0.0046677,0.0052412,1785707100,2026-08-02T21:45:00+00:00,1785707100,1785710700,0,733160.2779,150000.0,,,,,,,,,,not_reached,long_liquidation_threshold_not_met
strict_150k_3pct,"$150,000 / 3%",150000.0,0.03,False,ZHIPUUSDT,primary,1786068900,2026-08-07T02:15:00+00:00,1786086000,,164.71,,,,,,,,,,,,,,,,,not_reached,correction_not_found_in_12h
strict_150k_3pct,"$150,000 / 3%",150000.0,0.03,False,ZHIPUUSDT,primary,1786087800,2026-08-07T07:30:00+00:00,1786088700,,164.71,,,,,,,,,,,,,,,,,not_reached,correction_not_found_in_12h
strict_150k_3pct,"$150,000 / 3%",150000.0,0.03,False,ZHIPUUSDT,primary,1786090500,2026-08-07T08:15:00+00:00,1786092300,,164.71,,,,,,,,,,,,,,,,,not_reached,correction_not_found_in_12h
strict_150k_3pct,"$150,000 / 3%",150000.0,0.03,False,SPCXUSDT,primary,1786131900,2026-08-07T19:45:00+00:00,1786137300,,134.26,,,,,,,,,,,,,,,,,not_reached,correction_not_found_in_12h
strict_150k_3pct,"$150,000 / 3%",150000.0,0.03,True,PROMUSDT,primary,1786404600,2026-08-10T23:30:00+00:00,1786413600,1.606,2.818,1786414500,2026-08-11T02:15:00+00:00,1786414500,1786418100,1127307.689999991,2466592.4852000005,150000.0,1786418100,2026-08-11T03:15:00+00:00,71887.6262,895.4811,2686.4433,1786419000,2026-08-11T03:30:00+00:00,,,success_continuation,continuation_high_above_large_flow_candle
strict_150k_3pct,"$150,000 / 3%",150000.0,0.03,False,BTRUSDT,primary,1786422600,2026-08-11T04:30:00+00:00,1786450500,0.03098,0.03388,1786451400,2026-08-11T12:30:00+00:00,1786451400,1786455000,1.92812,424141.30779999995,150000.0,,,,,,,,,,not_reached,long_liquidation_threshold_not_met
strict_150k_3pct,"$150,000 / 3%",150000.0,0.03,False,PROMUSDT,primary,1786444200,2026-08-11T10:30:00+00:00,1786444200,2.006,2.409,1786445100,2026-08-11T10:45:00+00:00,1786445100,1786448700,0,189505.5705,150000.0,,,,,,,,,,not_reached,long_liquidation_threshold_not_met
strict_150k_3pct,"$150,000 / 3%",150000.0,0.03,False,PROMUSDT,primary,1786496400,2026-08-12T01:00:00+00:00,1786528800,2.988,3.464,1786529700,2026-08-12T10:15:00+00:00,1786529700,1786533300,376.56,1367081.619,150000.0,,,,,,,,,,not_reached,long_liquidation_threshold_not_met
strict_150k_3pct,"$150,000 / 3%",150000.0,0.03,False,PROMUSDT,primary,1786534200,2026-08-12T11:30:00+00:00,1786549500,2.56,3.335,1786550400,2026-08-12T16:00:00+00:00,1786550400,1786554000,108117.38699999829,2038205.6025999999,150000.0,,,,,,,,,,not_reached,long_liquidation_threshold_not_met
strict_150k_3pct,"$150,000 / 3%",150000.0,0.03,False,AKEUSDT,primary,1786616100,2026-08-13T10:15:00+00:00,1786657500,0.006221,0.0106012,1786658400,2026-08-13T22:00:00+00:00,1786658400,1786662000,0.8127043999699999,2484074.2169999997,150000.0,,,,,,,,,,not_reached,long_liquidation_threshold_not_met
strict_150k_3pct,"$150,000 / 3%",150000.0,0.03,False,SNDKUSDT,primary,1786634100,2026-08-13T15:15:00+00:00,1786634100,,1575.17,,,,,,,,,,,,,,,,,not_reached,correction_not_found_in_12h
strict_150k_3pct,"$150,000 / 3%",150000.0,0.03,False,SNDKUSDT,primary,1786636800,2026-08-13T16:00:00+00:00,1786638600,,1575.17,,,,,,,,,,,,,,,,,not_reached,correction_not_found_in_12h
strict_150k_3pct,"$150,000 / 3%",150000.0,0.03,False,SNDKUSDT,primary,1786640400,2026-08-13T17:00:00+00:00,1786643100,,1575.17,,,,,,,,,,,,,,,,,not_reached,correction_not_found_in_12h
strict_150k_3pct,"$150,000 / 3%",150000.0,0.03,False,SNDKUSDT,primary,1786644900,2026-08-13T18:15:00+00:00,1786645800,,1575.17,,,,,,,,,,,,,,,,,not_reached,correction_not_found_in_12h
strict_150k_3pct,"$150,000 / 3%",150000.0,0.03,False,SNDKUSDT,primary,1786655700,2026-08-13T21:15:00+00:00,1786655700,,1575.17,,,,,,,,,,,,,,,,,not_reached,correction_not_found_in_12h
strict_150k_3pct,"$150,000 / 3%",150000.0,0.03,False,PROMUSDT,primary,1786664700,2026-08-13T23:45:00+00:00,1786668300,2.457,2.781,1786669200,2026-08-14T01:00:00+00:00,1786669200,1786672800,495.48699999999997,352114.4756,150000.0,,,,,,,,,,not_reached,long_liquidation_threshold_not_met
strict_150k_3pct,"$150,000 / 3%",150000.0,0.03,False,AKEUSDT,primary,1786671000,2026-08-14T01:30:00+00:00,1786672800,0.0071295,0.0106012,1786673700,2026-08-14T02:15:00+00:00,1786673700,1786677300,0,2404686.2476,150000.0,,,,,,,,,,not_reached,long_liquidation_threshold_not_met
strict_150k_3pct,"$150,000 / 3%",150000.0,0.03,False,PROMUSDT,primary,1786671900,2026-08-14T01:45:00+00:00,1786671900,2.538,2.781,1786674600,2026-08-14T02:30:00+00:00,1786674600,1786678200,18629.957000001763,142379.47950000002,150000.0,,,,,,,,,,not_reached,long_liquidation_threshold_not_met
strict_150k_3pct,"$150,000 / 3%",150000.0,0.03,False,AKEUSDT,primary,1786674600,2026-08-14T02:30:00+00:00,1786674600,0.0070625,0.0106012,1786675500,2026-08-14T02:45:00+00:00,1786675500,1786679100,3.461996799885,3086549.5478,150000.0,,,,,,,,,,not_reached,long_liquidation_threshold_not_met
strict_150k_3pct,"$150,000 / 3%",150000.0,0.03,False,AKEUSDT,primary,1786685400,2026-08-14T05:30:00+00:00,1786692600,0.0073168,0.0083575,1786693500,2026-08-14T07:45:00+00:00,1786693500,1786697100,11.517170100299998,4461992.698000001,150000.0,,,,,,,,,,not_reached,long_liquidation_threshold_not_met
strict_150k_3pct,"$150,000 / 3%",150000.0,0.03,False,AKEUSDT,primary,1786694400,2026-08-14T08:00:00+00:00,1786694400,0.0073168,0.0083575,1786695300,2026-08-14T08:15:00+00:00,1786695300,1786698900,9.0171733003,3515960.0756,150000.0,,,,,,,,,,not_reached,long_liquidation_threshold_not_met
strict_150k_3pct,"$150,000 / 3%",150000.0,0.03,False,AKEUSDT,primary,1786696200,2026-08-14T08:30:00+00:00,1786697100,0.0076162,0.0083575,1786698900,2026-08-14T09:15:00+00:00,1786698900,1786702500,7.239128200137001,7298669.0284,218960.070852,,,,,,,,,,not_reached,long_liquidation_threshold_not_met
strict_150k_3pct,"$150,000 / 3%",150000.0,0.03,False,AKEUSDT,primary,1786701600,2026-08-14T10:00:00+00:00,1786731300,0.0077146,0.0165899,1786732200,2026-08-14T18:30:00+00:00,1786732200,1786735800,94.83035540008099,14457726.755199999,433731.80265599996,,,,,,,,,,not_reached,long_liquidation_threshold_not_met
strict_150k_3pct,"$150,000 / 3%",150000.0,0.03,False,AKEUSDT,primary,1787058000,2026-08-18T13:00:00+00:00,1787058900,0.0090468,0.0100745,1787067900,2026-08-18T15:45:00+00:00,1787067900,1787071500,1.0497767,1519893.6422000001,150000.0,,,,,,,,,,not_reached,long_liquidation_threshold_not_met
strict_150k_3pct,"$150,000 / 3%",150000.0,0.03,False,AKEUSDT,primary,1787061600,2026-08-18T14:00:00+00:00,1787065200,0.0090468,0.0101917,1787067900,2026-08-18T15:45:00+00:00,1787067900,1787071500,1.0497767,1519893.6422000001,150000.0,,,,,,,,,,not_reached,long_liquidation_threshold_not_met
strict_150k_3pct,"$150,000 / 3%",150000.0,0.03,False,MSTRXUSDT,primary,1787156100,2026-08-19T16:15:00+00:00,1787156100,,106.74,,,,,,,,,,,,,,,,,not_reached,correction_not_found_in_12h
strict_150k_3pct,"$150,000 / 3%",150000.0,0.03,False,HYPEUSDT,primary,1787166000,2026-08-19T19:00:00+00:00,1787181300,,72.637,,,,,,,,,,,,,,,,,not_reached,correction_not_found_in_12h
strict_150k_3pct,"$150,000 / 3%",150000.0,0.03,False,BMNRUSDT,primary,1787173200,2026-08-19T21:00:00+00:00,1787176800,,22.11,,,,,,,,,,,,,,,,,not_reached,correction_not_found_in_12h
strict_150k_3pct,"$150,000 / 3%",150000.0,0.03,False,ETHUSDT,control,1787173200,2026-08-19T21:00:00+00:00,1787178600,,2337.8,,,,,,,,,,,,,,,,,not_reached,correction_not_found_in_12h
strict_150k_3pct,"$150,000 / 3%",150000.0,0.03,False,TRUMPUSDT,primary,1787173200,2026-08-19T21:00:00+00:00,1787195700,1.656,1.863,1787196600,2026-08-20T03:30:00+00:00,1787196600,1787200200,3847.155999999466,1086002.6607,150000.0,,,,,,,,,,not_reached,long_liquidation_threshold_not_met
strict_150k_3pct,"$150,000 / 3%",150000.0,0.03,False,WLDUSDT,primary,1787175900,2026-08-19T21:45:00+00:00,1787175900,,0.3723,,,,,,,,,,,,,,,,,not_reached,correction_not_found_in_12h
strict_150k_3pct,"$150,000 / 3%",150000.0,0.03,False,PUMPUSDT,primary,1787238000,2026-08-20T15:00:00+00:00,1787238000,,0.003778,,,,,,,,,,,,,,,,,not_reached,correction_not_found_in_12h
strict_150k_3pct,"$150,000 / 3%",150000.0,0.03,False,PROMUSDT,primary,1787240700,2026-08-20T15:45:00+00:00,1787241600,,2.152,,,,,,,,,,,,,,,,,not_reached,correction_not_found_in_12h
strict_150k_3pct,"$150,000 / 3%",150000.0,0.03,False,PROMUSDT,primary,1787244300,2026-08-20T16:45:00+00:00,1787244300,,2.152,,,,,,,,,,,,,,,,,not_reached,correction_not_found_in_12h
strict_150k_3pct,"$150,000 / 3%",150000.0,0.03,False,XRPUSDT,primary,1787247000,2026-08-20T17:30:00+00:00,1787247000,1.2232,1.3436,1787251500,2026-08-20T18:45:00+00:00,1787251500,1787255100,7834.084959999943,13358466.4682,400753.994046,,,,,,,,,,not_reached,long_liquidation_threshold_not_met
strict_150k_3pct,"$150,000 / 3%",150000.0,0.03,False,ENAUSDT,primary,1787262300,2026-08-20T21:45:00+00:00,1787268600,,0.11883,,,,,,,,,,,,,,,,,not_reached,correction_not_found_in_12h
strict_150k_3pct,"$150,000 / 3%",150000.0,0.03,False,ENAUSDT,primary,1787270400,2026-08-21T00:00:00+00:00,1787273100,,0.11989,,,,,,,,,,,,,,,,,not_reached,correction_not_found_in_12h
strict_150k_3pct,"$150,000 / 3%",150000.0,0.03,False,ENAUSDT,primary,1787283900,2026-08-21T03:45:00+00:00,1787283900,,0.12548,,,,,,,,,,,,,,,,,not_reached,correction_not_found_in_12h
strict_150k_3pct,"$150,000 / 3%",150000.0,0.03,False,PROMUSDT,primary,1787284800,2026-08-21T04:00:00+00:00,1787284800,2.177,2.411,1787290200,2026-08-21T05:30:00+00:00,1787290200,1787293800,0,38188.9906,150000.0,,,,,,,,,,not_reached,long_liquidation_threshold_not_met
strict_150k_3pct,"$150,000 / 3%",150000.0,0.03,False,ENAUSDT,primary,1787285700,2026-08-21T04:15:00+00:00,1787285700,,0.12628,,,,,,,,,,,,,,,,,not_reached,correction_not_found_in_12h
strict_150k_3pct,"$150,000 / 3%",150000.0,0.03,False,ENAUSDT,primary,1787291100,2026-08-21T05:45:00+00:00,1787291100,,0.13072,,,,,,,,,,,,,,,,,not_reached,correction_not_found_in_12h
strict_150k_3pct,"$150,000 / 3%",150000.0,0.03,False,ENAUSDT,primary,1787301000,2026-08-21T08:30:00+00:00,1787301900,0.13102,0.14489,1787302800,2026-08-21T09:00:00+00:00,1787302800,1787306400,357.037579999637,5029187.453399999,150875.62360199998,,,,,,,,,,not_reached,long_liquidation_threshold_not_met
strict_150k_3pct,"$150,000 / 3%",150000.0,0.03,False,ZECUSDT,primary,1787309100,2026-08-21T10:45:00+00:00,1787310000,,666.0,,,,,,,,,,,,,,,,,not_reached,correction_not_found_in_12h
strict_150k_3pct,"$150,000 / 3%",150000.0,0.03,False,ENAUSDT,primary,1787310000,2026-08-21T11:00:00+00:00,1787310900,,0.14489,,,,,,,,,,,,,,,,,not_reached,correction_not_found_in_12h
strict_150k_3pct,"$150,000 / 3%",150000.0,0.03,False,PROMUSDT,primary,1787320800,2026-08-21T14:00:00+00:00,1787322600,,2.621,,,,,,,,,,,,,,,,,not_reached,correction_not_found_in_12h
strict_150k_3pct,"$150,000 / 3%",150000.0,0.03,False,PROMUSDT,primary,1787324400,2026-08-21T15:00:00+00:00,1787325300,2.574,2.8,1787327100,2026-08-21T15:45:00+00:00,1787327100,1787330700,6657.244,413871.3439,150000.0,,,,,,,,,,not_reached,long_liquidation_threshold_not_met
strict_150k_3pct,"$150,000 / 3%",150000.0,0.03,False,ENAUSDT,primary,1787325300,2026-08-21T15:15:00+00:00,1787325300,0.135,0.15489,1787337900,2026-08-21T18:45:00+00:00,1787337900,1787341500,3855.8591700055654,5216790.3730999995,156503.71119299997,,,,,,,,,,not_reached,long_liquidation_threshold_not_met
strict_150k_3pct,"$150,000 / 3%",150000.0,0.03,False,PROMUSDT,primary,1787329800,2026-08-21T16:30:00+00:00,1787329800,2.627,2.927,1787330700,2026-08-21T16:45:00+00:00,1787330700,1787334300,32725.115,584446.2457,150000.0,,,,,,,,,,not_reached,long_liquidation_threshold_not_met
strict_150k_3pct,"$150,000 / 3%",150000.0,0.03,True,ZECUSDT,primary,1787363100,2026-08-22T01:45:00+00:00,1787373900,696.92,859.39,1787374800,2026-08-22T05:00:00+00:00,1787374800,1787378400,48412580.63,35407550.7801,1062226.523403,1787387400,2026-08-22T08:30:00+00:00,1514111.3933,479932.2058,1439796.6173999999,1787388300,2026-08-22T08:45:00+00:00,,,success_continuation,continuation_high_above_large_flow_candle
strict_150k_3pct,"$150,000 / 3%",150000.0,0.03,False,TRUMPUSDT,primary,1787364900,2026-08-22T02:15:00+00:00,1787396400,2.602,3.679,1787397300,2026-08-22T11:15:00+00:00,1787397300,1787400900,100770.12700000274,7734520.9037,232035.62711099998,,,,,,,,,,not_reached,long_liquidation_threshold_not_met
strict_150k_3pct,"$150,000 / 3%",150000.0,0.03,False,ENAUSDT,primary,1787371200,2026-08-22T04:00:00+00:00,1787373900,0.13636,0.16568,1787374800,2026-08-22T05:00:00+00:00,1787374800,1787378400,20181.262530023352,4848630.7573,150000.0,,,,,,,,,,not_reached,long_liquidation_threshold_not_met
strict_150k_3pct,"$150,000 / 3%",150000.0,0.03,False,SUIUSDT,primary,1787371200,2026-08-22T04:00:00+00:00,1787371200,0.7645,0.9388,1787374800,2026-08-22T05:00:00+00:00,1787374800,1787378400,157016.11980000784,13731983.5636,411959.506908,,,,,,,,,,not_reached,long_liquidation_threshold_not_met
strict_150k_3pct,"$150,000 / 3%",150000.0,0.03,False,WLDUSDT,primary,1787371200,2026-08-22T04:00:00+00:00,1787373900,0.3365,0.4632,1787374800,2026-08-22T05:00:00+00:00,1787374800,1787378400,228285.18650002146,11880351.2059,356410.536177,,,,,,,,,,not_reached,long_liquidation_threshold_not_met
strict_150k_3pct,"$150,000 / 3%",150000.0,0.03,False,XRPUSDT,primary,1787371200,2026-08-22T04:00:00+00:00,1787373900,1.3712,1.6743,1787374800,2026-08-22T05:00:00+00:00,1787374800,1787378400,374725.55422359926,140621114.56890002,4218633.437067,,,,,,,,,,not_reached,long_liquidation_threshold_not_met
strict_150k_3pct,"$150,000 / 3%",150000.0,0.03,False,PEPEUSDT,primary,1787372100,2026-08-22T04:15:00+00:00,1787373000,3.619e-06,4.558e-06,1787374800,2026-08-22T05:00:00+00:00,1787374800,1787378400,0.0366158224486,16977320.335,509319.61005,,,,,,,,,,not_reached,long_liquidation_threshold_not_met
strict_150k_3pct,"$150,000 / 3%",150000.0,0.03,False,ADAUSDT,primary,1787373000,2026-08-22T04:30:00+00:00,1787373900,0.2049,0.2588,1787374800,2026-08-22T05:00:00+00:00,1787374800,1787378400,22479.708399995063,12327498.555,369824.95664999995,,,,,,,,,,not_reached,long_liquidation_threshold_not_met
strict_150k_3pct,"$150,000 / 3%",150000.0,0.03,False,DOGEUSDT,primary,1787373000,2026-08-22T04:30:00+00:00,1787373000,0.08213,0.10091,1787374800,2026-08-22T05:00:00+00:00,1787374800,1787378400,555946.8139328976,42183673.3394,1265510.200182,,,,,,,,,,not_reached,long_liquidation_threshold_not_met
strict_150k_3pct,"$150,000 / 3%",150000.0,0.03,False,SUIUSDT,primary,1787373000,2026-08-22T04:30:00+00:00,1787373900,0.7645,0.9547,1787374800,2026-08-22T05:00:00+00:00,1787374800,1787378400,157016.11980000784,13731983.5636,411959.506908,,,,,,,,,,not_reached,long_liquidation_threshold_not_met
strict_150k_3pct,"$150,000 / 3%",150000.0,0.03,False,PUMPUSDT,primary,1787382000,2026-08-22T07:00:00+00:00,1787382000,0.004337,0.004757,1787387400,2026-08-22T08:30:00+00:00,1787387400,1787391000,0.047971,1608143.367,150000.0,,,,,,,,,,not_reached,long_liquidation_threshold_not_met
strict_150k_3pct,"$150,000 / 3%",150000.0,0.03,False,PUMPUSDT,primary,1787384700,2026-08-22T07:45:00+00:00,1787384700,0.004337,0.004757,1787387400,2026-08-22T08:30:00+00:00,1787387400,1787391000,0.047971,1608143.367,150000.0,,,,,,,,,,not_reached,long_liquidation_threshold_not_met
strict_150k_3pct,"$150,000 / 3%",150000.0,0.03,True,TRUMPUSDT,primary,1787398200,2026-08-22T11:30:00+00:00,1787398200,2.512,3.679,1787399100,2026-08-22T11:45:00+00:00,1787399100,1787402700,249181.93799999746,7427362.564499999,222820.87693499998,1787405700,2026-08-22T13:35:00+00:00,1157140.0579,257305.30174999998,771915.90525,1787406300,2026-08-22T13:45:00+00:00,,,success_continuation,continuation_high_above_large_flow_candle
strict_150k_3pct,"$150,000 / 3%",150000.0,0.03,False,ENAUSDT,primary,1787479200,2026-08-23T10:00:00+00:00,1787480100,0.16549,0.18144,1787495400,2026-08-23T14:30:00+00:00,1787495400,1787499000,408.035619999975,2762361.8954,150000.0,,,,,,,,,,not_reached,long_liquidation_threshold_not_met
strict_150k_3pct,"$150,000 / 3%",150000.0,0.03,False,ENAUSDT,primary,1787482800,2026-08-23T11:00:00+00:00,1787490000,0.16549,0.18346,1787492700,2026-08-23T13:45:00+00:00,1787492700,1787496300,856.646629999393,2852339.9317999994,150000.0,,,,,,,,,,not_reached,long_liquidation_threshold_not_met
strict_150k_3pct,"$150,000 / 3%",150000.0,0.03,False,TRUMPUSDT,primary,1787483700,2026-08-23T11:15:00+00:00,1787484600,,2.645,,,,,,,,,,,,,,,,,not_reached,correction_not_found_in_12h
strict_150k_3pct,"$150,000 / 3%",150000.0,0.03,False,TRUMPUSDT,primary,1787489100,2026-08-23T12:45:00+00:00,1787489100,,2.645,,,,,,,,,,,,,,,,,not_reached,correction_not_found_in_12h
strict_150k_3pct,"$150,000 / 3%",150000.0,0.03,False,TRUMPUSDT,primary,1787491800,2026-08-23T13:30:00+00:00,1787491800,2.518,2.75,1787530500,2026-08-24T00:15:00+00:00,1787530500,1787534100,95982.32799999998,4073192.9836,150000.0,,,,,,,,,,not_reached,long_liquidation_threshold_not_met
strict_150k_3pct,"$150,000 / 3%",150000.0,0.03,True,TRUMPUSDT,primary,1787494500,2026-08-23T14:15:00+00:00,1787494500,2.55,2.936,1787495400,2026-08-23T14:30:00+00:00,1787495400,1787499000,1115929.248999984,18718152.657,561544.5797100001,,,,,,,,,,not_reached,large_5m_flow_not_found
strict_150k_3pct,"$150,000 / 3%",150000.0,0.03,False,PROMUSDT,primary,1787546700,2026-08-24T04:45:00+00:00,1787573700,3.484,4.054,1787574600,2026-08-24T12:30:00+00:00,1787574600,1787578200,57901.17500000694,1379784.5277999998,150000.0,,,,,,,,,,not_reached,long_liquidation_threshold_not_met
strict_150k_3pct,"$150,000 / 3%",150000.0,0.03,False,BTRUSDT,primary,1787553000,2026-08-24T06:30:00+00:00,1787563800,0.03225,0.03633,1787564700,2026-08-24T09:45:00+00:00,1787564700,1787568300,1.21068,105865.1549,150000.0,,,,,,,,,,not_reached,long_liquidation_threshold_not_met
strict_150k_3pct,"$150,000 / 3%",150000.0,0.03,False,BTRUSDT,primary,1787566500,2026-08-24T10:15:00+00:00,1787566500,0.03107,0.03633,1787567400,2026-08-24T10:30:00+00:00,1787567400,1787571000,1.21329,28966.913099999998,150000.0,,,,,,,,,,not_reached,long_liquidation_threshold_not_met
strict_150k_3pct,"$150,000 / 3%",150000.0,0.03,True,PROMUSDT,primary,1787627700,2026-08-25T03:15:00+00:00,1787640300,4.045,4.985,1787641200,2026-08-25T07:00:00+00:00,1787641200,1787644800,236764.27099999826,1610850.5432,150000.0,1787647800,2026-08-25T08:50:00+00:00,182378.2174,53909.5613,161728.6839,1787648400,2026-08-25T09:00:00+00:00,,,success_continuation,continuation_high_above_large_flow_candle
strict_150k_3pct,"$150,000 / 3%",150000.0,0.03,False,BTRUSDT,primary,1787645700,2026-08-25T08:15:00+00:00,1787645700,0.03195,0.0348,1787665500,2026-08-25T13:45:00+00:00,1787665500,1787669100,0,16410.2734,150000.0,,,,,,,,,,not_reached,long_liquidation_threshold_not_met
strict_150k_3pct,"$150,000 / 3%",150000.0,0.03,False,BTRUSDT,primary,1787715900,2026-08-26T03:45:00+00:00,1787776200,0.133,0.155,1787777100,2026-08-26T20:45:00+00:00,1787777100,1787780700,220.52465999993203,4959281.7352,150000.0,,,,,,,,,,not_reached,long_liquidation_threshold_not_met
strict_150k_3pct,"$150,000 / 3%",150000.0,0.03,False,BTRUSDT,primary,1787778000,2026-08-26T21:00:00+00:00,1787778900,0.11775,0.155,1787779800,2026-08-26T21:30:00+00:00,1787779800,1787783400,1971.5600500024022,5116648.6981,153499.46094299998,,,,,,,,,,not_reached,long_liquidation_threshold_not_met
strict_150k_3pct,"$150,000 / 3%",150000.0,0.03,False,PROMUSDT,primary,1787795100,2026-08-27T01:45:00+00:00,1787796000,4.113,4.648,1787796900,2026-08-27T02:15:00+00:00,1787796900,1787800500,10184.06199999955,994416.6774,150000.0,,,,,,,,,,not_reached,long_liquidation_threshold_not_met
strict_150k_3pct,"$150,000 / 3%",150000.0,0.03,False,AKEUSDT,primary,1787799600,2026-08-27T03:00:00+00:00,1787799600,0.0077763,0.0087934,1787800500,2026-08-27T03:15:00+00:00,1787800500,1787804100,2.9259241000859997,365698.6923,150000.0,,,,,,,,,,not_reached,long_liquidation_threshold_not_met
strict_150k_3pct,"$150,000 / 3%",150000.0,0.03,False,BTRUSDT,primary,1787805000,2026-08-27T04:30:00+00:00,1787806800,0.13905,0.17888,1787807700,2026-08-27T05:15:00+00:00,1787807700,1787811300,5404.3258100012845,8983134.234000001,269494.02702000004,,,,,,,,,,not_reached,long_liquidation_threshold_not_met
strict_150k_3pct,"$150,000 / 3%",150000.0,0.03,False,BTRUSDT,primary,1787811300,2026-08-27T06:15:00+00:00,1787821200,0.14112,0.17888,1787822100,2026-08-27T09:15:00+00:00,1787822100,1787825700,288.34053000023994,7678151.111,230344.53332999998,,,,,,,,,,not_reached,long_liquidation_threshold_not_met
strict_150k_3pct,"$150,000 / 3%",150000.0,0.03,False,PROMUSDT,primary,1787811300,2026-08-27T06:15:00+00:00,1787811300,4.523,4.93,1787812200,2026-08-27T06:30:00+00:00,1787812200,1787815800,1593.894,1236238.5163,150000.0,,,,,,,,,,not_reached,long_liquidation_threshold_not_met
strict_150k_3pct,"$150,000 / 3%",150000.0,0.03,False,BTRUSDT,primary,1787823000,2026-08-27T09:30:00+00:00,1787823000,0.14112,0.17888,1787823900,2026-08-27T09:45:00+00:00,1787823900,1787827500,251.20911000024,6593120.3185,197793.609555,,,,,,,,,,not_reached,long_liquidation_threshold_not_met
strict_150k_3pct,"$150,000 / 3%",150000.0,0.03,True,TRUMPUSDT,primary,1787843700,2026-08-27T15:15:00+00:00,1787850000,2.501,2.821,1787851800,2026-08-27T17:30:00+00:00,1787851800,1787855400,961496.5501220796,8663741.2485,259912.23745500002,1787855700,2026-08-27T18:35:00+00:00,361809.2121,107474.22205000001,322422.66615000006,1787856300,2026-08-27T18:45:00+00:00,,,success_continuation,continuation_high_above_large_flow_candle
strict_150k_3pct,"$150,000 / 3%",150000.0,0.03,False,ENAUSDT,primary,1787862600,2026-08-27T20:30:00+00:00,1787866200,0.15665,0.17289,1787890500,2026-08-28T04:15:00+00:00,1787890500,1787894100,5048.8108587634115,2100259.1853,150000.0,,,,,,,,,,not_reached,long_liquidation_threshold_not_met
strict_150k_3pct,"$150,000 / 3%",150000.0,0.03,False,AKEUSDT,primary,1787895900,2026-08-28T05:45:00+00:00,1787913000,0.0079202,0.0086659,1787913900,2026-08-28T10:45:00+00:00,1787913900,1787917500,0,177228.0689,150000.0,,,,,,,,,,not_reached,long_liquidation_threshold_not_met
strict_150k_3pct,"$150,000 / 3%",150000.0,0.03,False,PROMUSDT,primary,1787912100,2026-08-28T10:15:00+00:00,1787913000,4.964,5.469,1787915700,2026-08-28T11:15:00+00:00,1787915700,1787919300,15610.463,2336632.3691000002,150000.0,,,,,,,,,,not_reached,long_liquidation_threshold_not_met
strict_150k_3pct,"$150,000 / 3%",150000.0,0.03,False,AKEUSDT,primary,1787944500,2026-08-28T19:15:00+00:00,1787976900,0.008112,0.0119104,1787977800,2026-08-29T04:30:00+00:00,1787977800,1787981400,166.31077224612704,9835729.546,295071.88638,,,,,,,,,,not_reached,long_liquidation_threshold_not_met
strict_150k_3pct,"$150,000 / 3%",150000.0,0.03,True,TRUMPUSDT,primary,1787981400,2026-08-29T05:30:00+00:00,1787981400,2.633,3.073,1787983200,2026-08-29T06:00:00+00:00,1787983200,1787986800,4378723.798238859,14139631.115500001,424188.933465,,,,,,,,,,not_reached,large_5m_flow_not_found
strict_150k_3pct,"$150,000 / 3%",150000.0,0.03,False,BTRUSDT,primary,1788005700,2026-08-29T12:15:00+00:00,1788011100,0.15435,0.22288,1788012000,2026-08-29T14:00:00+00:00,1788012000,1788015600,10489.865402501908,13295481.0792,398864.432376,,,,,,,,,,not_reached,long_liquidation_threshold_not_met
