id,ts_open,symbol,direction,strategy,alert_type,is_shadow,status,ts_close,entry_price,sl_price,tp_price,exit_price,confirmation_level,rr_multiple,rr_multiple_observed,breakeven_wr_pct,result_r,outcome,trend_regime,regime_reason,btc_candle_ts,btc_close,btc_ema50,shadow_reason
2261,1786975212,币安人生USDT,SHORT,ema_cross_confirmed,ema_cross_confirmed,1,sl,1787220564,0.46175,0.48980931034482755,0.4056313793103449,0.48980931034482755,1/3,2.0,2.0,33.333333333333336,-1.0,loss,bull,close_vs_ema50,1786953600,63591.4,63522.74063420964,
2273,1786978382,HEMIUSDT,LONG,overheated_confirmed,overheated_confirmed,1,tp,1787151653,0.00717,0.006222803571428572,0.009064392857142858,0.009177,1/3,2.0,2.000000000000001,33.333333333333336,2.118884678468412,win,bull,close_vs_ema50,1786953600,63591.4,63522.74063420964,
2279,1786979994,AEONUSDT,LONG,overheated_confirmed,overheated_confirmed,1,sl,1787157528,0.0865,0.07702375,0.10545249999999998,0.07642,1/3,2.0,2.0,33.333333333333336,-1.0637119113573408,loss,bull,close_vs_ema50,1786953600,63591.4,63522.74063420964,
2284,1786981136,AXTIUSDT,LONG,overheated_confirmed,overheated_confirmed,1,sl,1787023032,93.69,90.77571428571429,99.51857142857142,90.77,1/3,2.0,2.0,33.333333333333336,-1.0019607843137273,loss,bull,close_vs_ema50,1786953600,63591.4,63522.74063420964,
2290,1786982457,EDENUSDT,LONG,overheated_confirmed,overheated_confirmed,1,tp,1787908479,0.05397,0.04474446428571428,0.07242107142857143,0.07242107142857143,1/3,2.0,2.000000000000001,33.333333333333336,2.000000000000001,win,unknown,snapshot_missing,,,,
2295,1786982877,B2USDT,SHORT,ema_cross_confirmed,ema_cross_confirmed,1,sl,1787308255,0.4637,0.4932241379310345,0.40465172413793105,0.4939,1/3,2.0,2.0,33.333333333333336,-1.022891847699136,loss,bull,close_vs_ema50,1786968000,64166.4,63547.98217796613,
2309,1786983063,VELVETUSDT,SHORT,ema_cross_confirmed,ema_cross_confirmed,1,sl,1787564875,0.62704,0.9136737931034483,0.05377241379310349,0.9136737931034483,1/3,2.0,2.0,33.333333333333336,-1.0,loss,bull,close_vs_ema50,1786968000,64166.4,63547.98217796613,
2310,1786983301,QUSDT,SHORT,ema_cross_confirmed,ema_cross_confirmed,1,sl,1787304626,0.019991,0.022453758620689653,0.015065482758620689,0.022462,1/3,2.0,2.0,33.333333333333336,-1.0033464015681888,loss,bull,close_vs_ema50,1786968000,64166.4,63547.98217796613,
2311,1786983302,AWEUSDT,SHORT,ema_cross_confirmed,ema_cross_confirmed,1,sl,1787173781,0.05873,0.06213,0.05193,0.06213,1/3,2.0,2.0,33.333333333333336,-1.0,loss,bull,close_vs_ema50,1786968000,64166.4,63547.98217796613,
2313,1786983365,TUTUSDT,LONG,overheated_confirmed,overheated_confirmed,1,sl,1787029996,0.047858,0.03880828571428571,0.06595742857142857,0.03880828571428571,1/3,2.0,2.0,33.333333333333336,-1.0,loss,bull,close_vs_ema50,1786968000,64166.4,63547.98217796613,
2315,1786983546,FHEUSDT,LONG,overheated_confirmed,overheated_confirmed,1,sl,1786984568,0.03209,0.030240714285714287,0.03578857142857143,0.02969,1/3,2.0,2.0,33.333333333333336,-1.2977983777520283,loss,bull,close_vs_ema50,1786968000,64166.4,63547.98217796613,
2320,1786986004,CRDOUSDT,LONG,ema_cross_confirmed,ema_cross_confirmed,1,sl,1787022599,284.99,278.01137931034486,298.9472413793103,277.53,1/3,2.0,2.0,33.333333333333336,-1.068979148137177,loss,bull,close_vs_ema50,1786968000,64166.4,63547.98217796613,
2330,1786988759,IDOLUSDT,SHORT,ema_cross_confirmed,ema_cross_confirmed,1,tp,1787608935,0.016278,0.016954758620689656,0.01492448275862069,0.01492448275862069,1/3,2.0,2.0,33.333333333333336,2.0,win,bull,close_vs_ema50,1786968000,64166.4,63547.98217796613,
2333,1786989657,CBRSUSDT,LONG,ema_cross_confirmed,ema_cross_confirmed,1,sl,1787023003,255.1,244.94137931034481,275.4172413793103,244.9,1/3,2.0,1.9999999999999971,33.333333333333336,-1.0040733197555989,loss,bull,close_vs_ema50,1786968000,64166.4,63547.98217796613,
2339,1786992351,STARUSDT,LONG,overheated_confirmed,overheated_confirmed,1,tp,1787015421,0.13451,0.12637464285714284,0.1507807142857143,0.1507807142857143,1/3,2.0,2.0,33.333333333333336,2.0,win,bull,close_vs_ema50,1786968000,64166.4,63547.98217796613,
2349,1786995057,CRCLXUSDT,LONG,ema_cross_confirmed,ema_cross_confirmed,1,sl,1787022599,75.53,73.65603448275863,79.27793103448275,73.09,1/3,2.0,2.0,33.333333333333336,-1.3020517066887507,loss,bull,close_vs_ema50,1786968000,64166.4,63547.98217796613,
2353,1786996853,FLNCUSDT,SHORT,ema_cross_confirmed,ema_cross_confirmed,1,tp,1787060966,12.632,12.988620689655173,11.918758620689653,11.903,1/3,2.0,2.0,33.333333333333336,2.0441887449236047,win,bull,close_vs_ema50,1786982400,64281.2,63576.73581804589,
2372,1786997454,PLUMEUSDT,SHORT,ema_cross_confirmed,ema_cross_confirmed,1,sl,1787223239,0.012315,0.013429137931034483,0.010086724137931033,0.013476,1/3,2.0,2.0,33.333333333333336,-1.0420612813370473,loss,bull,close_vs_ema50,1786982400,64281.2,63576.73581804589,
2376,1786997515,AMATUSDT,LONG,ema_cross_confirmed,ema_cross_confirmed,1,sl,1787022733,535.7,523.8241379310346,559.451724137931,523.8241379310346,1/3,2.0,2.0,33.333333333333336,-1.0,loss,bull,close_vs_ema50,1786982400,64281.2,63576.73581804589,
2385,1787013034,ACUUSDT,LONG,overheated_confirmed,overheated_confirmed,1,sl,1787382347,0.13227,0.115755,0.1653,0.11571,1/3,2.0,2.0,33.333333333333336,-1.0027247956403271,loss,bull,close_vs_ema50,1786996800,64500.1,63612.946178122525,
2393,1787015733,STARUSDT,LONG,overheated_confirmed,overheated_confirmed,1,sl,1787022599,0.1491,0.13927928571428572,0.1687414285714286,0.124,1/3,2.0,2.0,33.333333333333336,-2.5558222416175713,loss,bull,close_vs_ema50,1786996800,64500.1,63612.946178122525,
2395,1787022596,ARMUSDT,SHORT,ema_cross_confirmed,ema_cross_confirmed,1,tp,1787151923,264.94,273.12689655172414,248.5662068965517,248.5662068965517,1/3,2.0,2.0,33.333333333333336,2.0,win,bull,close_vs_ema50,1786996800,64500.1,63612.946178122525,
2429,1787031153,LINEAUSDT,SHORT,ema_cross_confirmed,ema_cross_confirmed,1,sl,1787152748,0.002084,0.0021439310344827586,0.0019641379310344825,0.002145,1/3,2.0,2.0,33.333333333333336,-1.0178365937859641,loss,bull,close_vs_ema50,1787011200,64149.8,63633.99926917655,
2434,1787031214,CRWVUSDT,SHORT,ema_cross_confirmed,ema_cross_confirmed,1,tp,1787078374,103.75,108.0651724137931,95.11965517241379,94.48,1/3,2.0,2.0,33.333333333333336,2.1482339779446993,win,bull,close_vs_ema50,1787011200,64149.8,63633.99926917655,
2446,1787031929,SOPHUSDT,SHORT,ema_cross_confirmed,ema_cross_confirmed,1,sl,1787271577,0.003368,0.0036286896551724138,0.002846620689655172,0.003631,1/3,2.0,2.0,33.333333333333336,-1.0088624338624343,loss,bull,close_vs_ema50,1787011200,64149.8,63633.99926917655,
2447,1787031935,SQQQUSDT,LONG,ema_cross_confirmed,ema_cross_confirmed,1,tp,1787065163,37.24,36.66068965517241,38.39862068965518,38.4,1/3,2.0,2.0,33.333333333333336,2.0023809523809333,win,bull,close_vs_ema50,1787011200,64149.8,63633.99926917655,
2448,1787031940,TQQQXUSDT,SHORT,ema_cross_confirmed,ema_cross_confirmed,1,tp,1787226593,74.67,76.53675,70.93650000000001,70.93650000000001,1/3,2.0,2.0,33.333333333333336,2.0,win,bull,close_vs_ema50,1787011200,64149.8,63633.99926917655,
2457,1787034682,NOTUSDT,SHORT,ema_cross_confirmed,ema_cross_confirmed,1,sl,1787172758,0.0003755,0.0003954172413793104,0.0003356655172413793,0.0003961,1/3,2.0,2.0,33.333333333333336,-1.034279778393349,loss,bull,close_vs_ema50,1787011200,64149.8,63633.99926917655,
2459,1787035525,BSVUSDT,SHORT,ema_cross_confirmed,ema_cross_confirmed,1,sl,1787207222,14.85,15.39551724137931,13.75896551724138,15.87,1/3,2.0,2.0,33.333333333333336,-1.8697850821744642,loss,bull,close_vs_ema50,1787011200,64149.8,63633.99926917655,
2460,1787044201,GUAUSDT,LONG,ema_cross_confirmed,ema_cross_confirmed,1,sl,1787395810,0.04353,0.04085793103448276,0.048874137931034484,0.04072,1/3,2.0,2.0,33.333333333333336,-1.0516195638146855,loss,bull,close_vs_ema50,1787025600,64160.4,63654.6424350912,
2466,1787044814,VVVUSDT,LONG,overheated_confirmed,overheated_confirmed,1,tp,1787290361,14.083,13.598767857142859,15.051464285714284,15.231,1/3,2.0,2.0,33.333333333333336,2.370763727550988,win,bull,close_vs_ema50,1787025600,64160.4,63654.6424350912,
2473,1787045459,CHILLGUYUSDT,SHORT,ema_cross_confirmed,ema_cross_confirmed,1,sl,1787153958,0.010611,0.011233758620689656,0.00936548275862069,0.011242,1/3,2.0,2.0,33.333333333333336,-1.0132336655592462,loss,bull,close_vs_ema50,1787025600,64160.4,63654.6424350912,
2503,1787045825,IRENUSDT,SHORT,ema_cross_confirmed,ema_cross_confirmed,1,sl,1787059946,43.14,44.929655172413796,39.56068965517241,44.96,1/3,2.0,2.0,33.333333333333336,-1.0169556840077063,loss,bull,close_vs_ema50,1787025600,64160.4,63654.6424350912,
2506,1787046246,CLOUSDT,LONG,overheated_confirmed,overheated_confirmed,1,tp,1787054094,0.13592,0.13227607142857145,0.14320785714285714,0.1448,1/3,2.0,2.0,33.333333333333336,2.436930314613355,win,bull,close_vs_ema50,1787025600,64160.4,63654.6424350912,
2507,1787047208,GFSUSDT,SHORT,ema_cross_confirmed,ema_cross_confirmed,1,tp,1787161349,51.28,52.64,48.56,48.54,1/3,2.0,2.0,33.333333333333336,2.0147058823529433,win,bull,close_vs_ema50,1787025600,64160.4,63654.6424350912,
2510,1787053091,OPNUSDT,LONG,overheated_confirmed,overheated_confirmed,1,sl,1787054842,0.06028,0.05790357142857143,0.06503285714285714,0.0579,1/3,2.0,2.0,33.333333333333336,-1.0015028554253083,loss,bull,close_vs_ema50,1787025600,64160.4,63654.6424350912,
2515,1787054411,CLOUSDT,LONG,overheated_confirmed,overheated_confirmed,1,tp,1787058624,0.14133,0.13768607142857145,0.14861785714285713,0.15031,1/3,2.0,2.0,33.333333333333336,2.464373223561701,win,bull,close_vs_ema50,1787040000,64319.9,63680.73096704841,
2523,1787055254,SOXSUSDT,LONG,ema_cross_confirmed,ema_cross_confirmed,1,tp,1787064866,42.48,41.177068965517236,45.08586206896552,45.08586206896552,1/3,2.0,2.0,33.333333333333336,2.0,win,bull,close_vs_ema50,1787040000,64319.9,63680.73096704841,
2528,1787055377,RIVERUSDT,SHORT,ema_cross_confirmed,ema_cross_confirmed,1,sl,1787240886,2.583,2.762793103448276,2.2234137931034486,2.762793103448276,1/3,2.0,2.0,33.333333333333336,-1.0,loss,bull,close_vs_ema50,1787040000,64319.9,63680.73096704841,
2531,1787057117,AMDUSDT,SHORT,ema_cross_confirmed,ema_cross_confirmed,1,tp,1787151762,489.04,501.26599999999996,464.58800000000014,464.54,1/3,2.0,2.0,33.333333333333336,2.0039260592180694,win,bull,close_vs_ema50,1787040000,64319.9,63680.73096704841,
2534,1787058912,IONQUSDT,SHORT,ema_cross_confirmed,ema_cross_confirmed,1,sl,1787060424,44.55,45.95551724137931,41.73896551724137,45.95551724137931,1/3,2.0,2.0,33.333333333333336,-1.0,loss,bull,close_vs_ema50,1787040000,64319.9,63680.73096704841,
2538,1787059813,KORUUSDT,SHORT,ema_cross_confirmed,ema_cross_confirmed,1,sl,1787290361,19.968,21.508275862068967,16.887448275862067,21.731,1/3,2.0,2.0,33.333333333333336,-1.1446001611892185,loss,bull,close_vs_ema50,1787040000,64319.9,63680.73096704841,
2552,1787060414,PRLUSDT,LONG,overheated_confirmed,overheated_confirmed,1,sl,1787151653,0.45094,0.4094039285714286,0.5340121428571428,0.36331,1/3,2.0,2.0,33.333333333333336,-2.1097325044496613,loss,bull,close_vs_ema50,1787040000,64319.9,63680.73096704841,
2555,1787060706,SOXLUSDT,SHORT,ema_cross_confirmed,ema_cross_confirmed,1,tp,1787162899,132.4,138.7096551724138,119.78068965517244,119.65,1/3,2.0,2.0,33.333333333333336,2.0207126461908436,win,bull,close_vs_ema50,1787040000,64319.9,63680.73096704841,
2566,1787062515,RATSUSDT,LONG,overheated_confirmed,overheated_confirmed,1,sl,1787078374,5.093e-05,4.8480178571428576e-05,5.5829642857142854e-05,4.698e-05,1/3,2.0,2.0,33.333333333333336,-1.6123624170857953,loss,bull,close_vs_ema50,1787040000,64319.9,63680.73096704841,
2570,1787063407,BLUAIUSDT,LONG,ema_cross_confirmed,ema_cross_confirmed,1,sl,1787408037,0.01327,0.012338551724137932,0.015132896551724138,0.012175,1/3,2.0,2.0,33.333333333333336,-1.1755886272767664,loss,bull,close_vs_ema50,1787040000,64319.9,63680.73096704841,
2624,1787153961,BTWUSDT,LONG,overheated_confirmed,overheated_confirmed,1,sl,1787157528,0.673017,0.6054896785714285,0.8080716428571428,0.556231,1/3,2.0,2.0,33.333333333333336,-1.7294629422482426,loss,bull,close_vs_ema50,1787126400,64476.5,63859.74271354019,
2625,1787153963,MUBARAKUSDT,LONG,overheated_confirmed,overheated_confirmed,1,tp,1787157551,0.02235,0.021154285714285712,0.02474142857142857,0.02474142857142857,1/3,2.0,2.0,33.333333333333336,2.0,win,bull,close_vs_ema50,1787126400,64476.5,63859.74271354019,
2631,1787158146,REUSDT,LONG,overheated_confirmed,overheated_confirmed,1,tp,1787169627,0.49972,0.477145,0.54487,0.54487,1/3,2.0,1.9999999999999976,33.333333333333336,1.9999999999999976,win,bull,close_vs_ema50,1787140800,68508.2,64042.035156146456,
2662,1787161548,TREEUSDT,LONG,overheated_confirmed,overheated_confirmed,1,sl,1787161877,0.04724,0.04546464285714285,0.05079071428571429,0.04546464285714285,1/3,2.0,2.0,33.333333333333336,-1.0,loss,bull,close_vs_ema50,1787140800,68508.2,64042.035156146456,
2664,1787162196,TREEUSDT,LONG,overheated_confirmed,overheated_confirmed,1,sl,1787162236,0.04724,0.04546464285714285,0.05079071428571429,0.045,1/3,2.0,2.0,33.333333333333336,-1.2617179641923113,loss,bull,close_vs_ema50,1787140800,68508.2,64042.035156146456,
2674,1787163339,MAGMAUSDT,LONG,overheated_confirmed,overheated_confirmed,1,tp,1787172097,0.19852,0.18949482142857144,0.21657035714285713,0.21657035714285713,1/3,2.0,2.0,33.333333333333336,2.0,win,bull,close_vs_ema50,1787140800,68508.2,64042.035156146456,
2676,1787167198,AEROUSDT,LONG,ema_cross_confirmed,ema_cross_confirmed,1,tp,1787172758,0.4198,0.4121551724137931,0.43508965517241377,0.43508965517241377,1/3,2.0,2.0,33.333333333333336,2.0,win,bull,close_vs_ema50,1787140800,68508.2,64042.035156146456,
2692,1787168586,GDXUSDT,LONG,ema_cross_confirmed,ema_cross_confirmed,1,tp,1787299322,96.61,94.30103448275862,101.22793103448275,101.26,1/3,2.0,2.0,33.333333333333336,2.0138888888888946,win,bull,close_vs_ema50,1787140800,68508.2,64042.035156146456,
2693,1787168587,TRUMPUSDT,LONG,ema_cross_confirmed,ema_cross_confirmed,1,tp,1787172043,1.455,1.4239655172413794,1.5170689655172414,1.539,1/3,2.0,2.0,33.333333333333336,2.706666666666666,win,bull,close_vs_ema50,1787140800,68508.2,64042.035156146456,
2695,1787168590,AMATUSDT,SHORT,ema_cross_confirmed,ema_cross_confirmed,1,tp,1787932683,495.1,509.59655172413795,466.10689655172416,465.4,1/3,2.0,2.0,33.333333333333336,2.0487630827783097,win,unknown,snapshot_missing,,,,
2699,1787168653,TIAUSDT,LONG,ema_cross_confirmed,ema_cross_confirmed,1,tp,1787235008,0.3211,0.3131551724137931,0.3369896551724138,0.3369896551724138,1/3,2.0,2.0,33.333333333333336,2.0,win,bull,close_vs_ema50,1787140800,68508.2,64042.035156146456,
2704,1787168714,KSMUSDT,LONG,ema_cross_confirmed,ema_cross_confirmed,1,tp,1787173600,2.957,2.903051724137931,3.0648965517241376,3.071,1/3,2.0,2.0,33.333333333333336,2.113135186960701,win,bull,close_vs_ema50,1787140800,68508.2,64042.035156146456,
2713,1787169603,RESOLVUSDT,LONG,ema_cross_confirmed,ema_cross_confirmed,1,tp,1787302213,0.01768,0.017162758620689656,0.01871448275862069,0.01876,1/3,2.0,2.0,33.333333333333336,2.087999999999994,win,bull,close_vs_ema50,1787155200,68398.5,64212.87691472895,
2714,1787169619,MSTRXUSDT,LONG,ema_cross_confirmed,ema_cross_confirmed,1,tp,1787208748,104.19,101.88258620689655,108.8048275862069,108.8048275862069,1/3,2.0,2.0,33.333333333333336,2.0,win,bull,close_vs_ema50,1787155200,68398.5,64212.87691472895,
2715,1787172057,ZKUSDT,LONG,ema_cross_confirmed,ema_cross_confirmed,1,tp,1787225876,0.00806,0.007832413793103447,0.008515172413793104,0.008515172413793104,1/3,2.0,2.0,33.333333333333336,2.0,win,bull,close_vs_ema50,1787155200,68398.5,64212.87691472895,
2716,1787172331,MAGMAUSDT,LONG,overheated_confirmed,overheated_confirmed,1,tp,1787215885,0.21727,0.20661303571428571,0.23858392857142854,0.23858392857142854,1/3,2.0,2.0,33.333333333333336,2.0,win,bull,close_vs_ema50,1787155200,68398.5,64212.87691472895,
2717,1787172354,TRUMPUSDT,LONG,ema_cross_confirmed,ema_cross_confirmed,1,tp,1787173324,1.545,1.5139655172413793,1.591551724137931,1.597,2/3,1.5,1.5,40.0,1.6755555555555597,win,bull,close_vs_ema50,1787155200,68398.5,64212.87691472895,
2727,1787173238,BOMEUSDT,LONG,overheated_confirmed,overheated_confirmed,1,tp,1787208539,0.0008983,0.0008453339285714286,0.0010042321428571426,0.0010056,1/3,2.0,1.999999999999998,33.333333333333336,2.0258251576143764,win,bull,close_vs_ema50,1787155200,68398.5,64212.87691472895,
2728,1787173242,LUNCUSDT,LONG,ema_cross_confirmed,ema_cross_confirmed,1,tp,1787239986,5.008e-05,4.908689655172414e-05,5.206620689655172e-05,5.206620689655172e-05,1/3,2.0,2.0,33.333333333333336,2.0,win,bull,close_vs_ema50,1787155200,68398.5,64212.87691472895,
2729,1787173243,DASHUSDT,LONG,ema_cross_confirmed,ema_cross_confirmed,1,tp,1787213901,31.34,30.820689655172416,32.378620689655165,32.378620689655165,1/3,2.0,1.9999999999999931,33.333333333333336,1.9999999999999931,win,bull,close_vs_ema50,1787155200,68398.5,64212.87691472895,
2730,1787173245,JUPUSDT,LONG,ema_cross_confirmed,ema_cross_confirmed,1,tp,1787213297,0.1798,0.17660862068965516,0.18618275862068964,0.18618275862068964,1/3,2.0,2.0,33.333333333333336,2.0,win,bull,close_vs_ema50,1787155200,68398.5,64212.87691472895,
2731,1787173246,VETUSDT,LONG,ema_cross_confirmed,ema_cross_confirmed,1,tp,1787216123,0.00477,0.004696862068965517,0.004916275862068966,0.004927,1/3,2.0,2.0,33.333333333333336,2.1466289486091386,win,bull,close_vs_ema50,1787155200,68398.5,64212.87691472895,
2732,1787173247,龙虾USDT,LONG,ema_cross_confirmed,ema_cross_confirmed,1,tp,1787465969,0.02081,0.018967793103448274,0.024494413793103447,0.024603,1/3,2.0,2.0,33.333333333333336,2.0589435459718484,win,bull,close_vs_ema50,1787155200,68398.5,64212.87691472895,
2733,1787173249,TRBUSDT,LONG,ema_cross_confirmed,ema_cross_confirmed,1,tp,1787216183,13.91,13.678793103448276,14.372413793103448,14.372413793103448,1/3,2.0,2.0,33.333333333333336,2.0,win,bull,close_vs_ema50,1787155200,68398.5,64212.87691472895,
2734,1787173250,ONDOUSDT,LONG,ema_cross_confirmed,ema_cross_confirmed,1,tp,1787291583,0.3475,0.33893965517241376,0.3646206896551724,0.3649,1/3,2.0,2.0,33.333333333333336,2.032628398791541,win,bull,close_vs_ema50,1787155200,68398.5,64212.87691472895,
2735,1787173256,XLMUSDT,LONG,ema_cross_confirmed,ema_cross_confirmed,1,tp,1787215221,0.16834,0.16518741379310345,0.17464517241379307,0.17478,1/3,2.0,2.0,33.333333333333336,2.042767295597492,win,bull,close_vs_ema50,1787155200,68398.5,64212.87691472895,
2736,1787173259,ALGOUSDT,LONG,ema_cross_confirmed,ema_cross_confirmed,1,tp,1787213570,0.0816,0.08009793103448276,0.0846041379310345,0.08475,1/3,2.0,2.0,33.333333333333336,2.097107438016524,win,bull,close_vs_ema50,1787155200,68398.5,64212.87691472895,
2737,1787173261,FARTCOINUSDT,LONG,ema_cross_confirmed,ema_cross_confirmed,1,tp,1787244452,0.15388,0.1483946551724138,0.16485068965517238,0.16488,1/3,2.0,2.0,33.333333333333336,2.0053433914820107,win,bull,close_vs_ema50,1787155200,68398.5,64212.87691472895,
2747,1787173498,TAIKOUSDT,LONG,ema_cross_confirmed,ema_cross_confirmed,1,tp,1787309338,0.0737,0.07195689655172414,0.07718620689655172,0.0772,1/3,2.0,2.0,33.333333333333336,2.0079129574678616,win,bull,close_vs_ema50,1787155200,68398.5,64212.87691472895,
2748,1787173500,BNBUSDT,LONG,ema_cross_confirmed,ema_cross_confirmed,1,tp,1787213421,623.75,618.6370689655173,633.9758620689654,634.9,1/3,2.0,2.0,33.333333333333336,2.180745236890933,win,bull,close_vs_ema50,1787155200,68398.5,64212.87691472895,
2752,1787173562,MNTUSDT,LONG,ema_cross_confirmed,ema_cross_confirmed,1,tp,1787207222,0.4584,0.45021206896551724,0.47477586206896544,0.4843,1/3,2.0,2.0,33.333333333333336,3.163192251000225,win,bull,close_vs_ema50,1787155200,68398.5,64212.87691472895,
2753,1787173563,KASUSDT,LONG,ema_cross_confirmed,ema_cross_confirmed,1,tp,1787220803,0.02674,0.02615137931034483,0.027917241379310342,0.02796,1/3,2.0,2.0,33.333333333333336,2.0726420620972488,win,bull,close_vs_ema50,1787155200,68398.5,64212.87691472895,
2757,1787173626,XANUSDT,LONG,ema_cross_confirmed,ema_cross_confirmed,1,tp,1787342979,0.010998,0.010528758620689657,0.011936482758620689,0.012106,1/3,2.0,2.0,33.333333333333336,2.361258083480309,win,bull,close_vs_ema50,1787155200,68398.5,64212.87691472895,
2758,1787173627,SATSUSDT,LONG,ema_cross_confirmed,ema_cross_confirmed,1,tp,1787220079,1.072e-08,1.0340344827586206e-08,1.1479310344827585e-08,1.149e-08,1/3,2.0,2.0,33.333333333333336,2.028156221616716,win,bull,close_vs_ema50,1787155200,68398.5,64212.87691472895,
2763,1787173688,AVAXUSDT,LONG,ema_cross_confirmed,ema_cross_confirmed,1,tp,1787238784,6.707,6.538896551724138,7.043206896551724,7.044,1/3,2.0,2.0,33.333333333333336,2.0047179487179467,win,bull,close_vs_ema50,1787155200,68398.5,64212.87691472895,
2770,1787173750,FLOKIUSDT,LONG,ema_cross_confirmed,ema_cross_confirmed,1,tp,1787213750,2.179e-05,2.1422758620689653e-05,2.2524482758620693e-05,2.254e-05,1/3,2.0,2.0,33.333333333333336,2.042253521126753,win,bull,close_vs_ema50,1787155200,68398.5,64212.87691472895,
2771,1787173751,MOODENGUSDT,LONG,ema_cross_confirmed,ema_cross_confirmed,1,tp,1787174047,0.0376,0.03678896551724138,0.03922206896551724,0.03922206896551724,1/3,2.0,2.0,33.333333333333336,2.0,win,bull,close_vs_ema50,1787155200,68398.5,64212.87691472895,
2772,1787173754,ZAMAUSDT,LONG,ema_cross_confirmed,ema_cross_confirmed,1,tp,1787358456,0.04515,0.043277068965517244,0.04889586206896552,0.0515,1/3,2.0,2.0,33.333333333333336,3.3904078063150123,win,bull,close_vs_ema50,1787155200,68398.5,64212.87691472895,
2773,1787173755,VANAUSDT,LONG,ema_cross_confirmed,ema_cross_confirmed,1,tp,1787268424,0.9,0.8806034482758621,0.9387931034482758,0.9387931034482758,1/3,2.0,2.0,33.333333333333336,2.0,win,bull,close_vs_ema50,1787155200,68398.5,64212.87691472895,
2774,1787173814,BONKUSDT,LONG,ema_cross_confirmed,ema_cross_confirmed,1,tp,1787214623,2.44e-06,2.381603448275862e-06,2.5567931034482756e-06,2.56e-06,1/3,2.0,2.0,33.333333333333336,2.054915854738713,win,bull,close_vs_ema50,1787155200,68398.5,64212.87691472895,
2775,1787174101,RAYUSDT,LONG,ema_cross_confirmed,ema_cross_confirmed,1,tp,1787207368,0.6506,0.6415068965517241,0.6687862068965517,0.6693,1/3,2.0,2.0,33.333333333333336,2.0565036025786956,win,bull,close_vs_ema50,1787155200,68398.5,64212.87691472895,
2776,1787174116,UVXYUSDT,SHORT,ema_cross_confirmed,ema_cross_confirmed,1,sl,1787227732,19.54,20.086896551724138,18.446206896551722,20.11,1/3,2.0,2.0,33.333333333333336,-1.0422446406052954,loss,bull,close_vs_ema50,1787155200,68398.5,64212.87691472895,
2778,1787174142,TRUMPUSDT,LONG,ema_cross_confirmed,ema_cross_confirmed,1,sl,1787207222,1.687,1.6559655172413794,1.7180344827586207,1.6559655172413794,3/3,1.0,1.0,50.0,-1.0,loss,bull,close_vs_ema50,1787155200,68398.5,64212.87691472895,
2779,1787174151,TSTBSCUSDT,LONG,ema_cross_confirmed,ema_cross_confirmed,1,tp,1787430612,0.015152,0.014046448275862069,0.017363103448275866,0.017363103448275866,1/3,2.0,2.0000000000000018,33.333333333333336,2.0000000000000018,win,bull,close_vs_ema50,1787155200,68398.5,64212.87691472895,
2780,1787174158,SKYAIUSDT,LONG,overheated_confirmed,overheated_confirmed,1,tp,1787361616,0.07026,0.06230571428571429,0.08616857142857143,0.08616857142857143,1/3,2.0,2.0,33.333333333333336,2.0,win,bull,close_vs_ema50,1787155200,68398.5,64212.87691472895,
2788,1787207945,REDUSDT,LONG,overheated_confirmed,overheated_confirmed,1,sl,1787216540,0.1176,0.10981607142857143,0.13316785714285712,0.10981607142857143,1/3,2.0,1.9999999999999982,33.333333333333336,-1.0,loss,bull,close_vs_ema50,1787184000,69180.2,64599.51136957486,
2795,1787208067,HYPEUSDT,LONG,overheated_confirmed,overheated_confirmed,1,tp,1787318788,72.053,69.85469642857143,76.44960714285713,76.474,1/3,2.0,2.0,33.333333333333336,2.011096218675121,win,bull,close_vs_ema50,1787184000,69180.2,64599.51136957486,
2806,1787208305,ETHUSDT,LONG,overheated_confirmed,overheated_confirmed,1,tp,1787244214,2261.11,2215.2239285714286,2352.882142857143,2352.882142857143,1/3,2.0,2.0,33.333333333333336,2.0,win,bull,close_vs_ema50,1787184000,69180.2,64599.51136957486,
2807,1787208309,ARBUSDT,LONG,overheated_confirmed,overheated_confirmed,1,tp,1787296659,0.0882,0.08581017857142857,0.09297964285714286,0.09303,1/3,2.0,2.0,33.333333333333336,2.021071508630352,win,bull,close_vs_ema50,1787184000,69180.2,64599.51136957486,
2824,1787210116,AVAAIUSDT,LONG,ema_cross_confirmed,ema_cross_confirmed,1,tp,1787216995,0.015147,0.013733534482758622,0.01797393103448276,0.01797393103448276,1/3,2.0,2.0,33.333333333333336,2.0,win,bull,close_vs_ema50,1787184000,69180.2,64599.51136957486,
2832,1787210240,BOMEUSDT,LONG,overheated_confirmed,overheated_confirmed,1,tp,1787212824,0.0010396,0.000984142857142857,0.0011505142857142856,0.0011505142857142856,1/3,2.0,2.0,33.333333333333336,2.0,win,bull,close_vs_ema50,1787184000,69180.2,64599.51136957486,
2833,1787210242,EDGEXUSDT,LONG,overheated_confirmed,overheated_confirmed,1,tp,1787212788,0.3369,0.3238392857142857,0.3630214285714285,0.3631,1/3,2.0,2.0,33.333333333333336,2.0060158599945352,win,bull,close_vs_ema50,1787184000,69180.2,64599.51136957486,
2837,1787211014,EPICUSDT,SHORT,ema_cross_confirmed,ema_cross_confirmed,1,sl,1787262961,0.3294,0.3623793103448276,0.26344137931034484,0.3623793103448276,1/3,2.0,2.0,33.333333333333336,-1.0,loss,bull,close_vs_ema50,1787184000,69180.2,64599.51136957486,
2845,1787212512,BIOUSDT,LONG,overheated_confirmed,overheated_confirmed,1,tp,1787215281,0.03049,0.029472142857142856,0.03252571428571428,0.03253,1/3,2.0,1.9999999999999967,33.333333333333336,2.0042105263157923,win,bull,close_vs_ema50,1787184000,69180.2,64599.51136957486,
2846,1787212805,HEIUSDT,SHORT,ema_cross_confirmed,ema_cross_confirmed,1,sl,1787240286,0.12606,0.14225724137931034,0.09366551724137934,0.1423,1/3,2.0,2.0,33.333333333333336,-1.0026398705611863,loss,bull,close_vs_ema50,1787198400,69812.1,64803.92660998369,
2847,1787212813,MONUSDT,LONG,overheated_confirmed,overheated_confirmed,1,tp,1787226177,0.02506,0.024237142857142856,0.026705714285714284,0.026705714285714284,1/3,2.0,2.0,33.333333333333336,2.0,win,bull,close_vs_ema50,1787198400,69812.1,64803.92660998369,
2848,1787212817,EDGEXUSDT,LONG,overheated_confirmed,overheated_confirmed,1,sl,1787219660,0.3655,0.35243928571428573,0.38509107142857135,0.3491,2/3,1.5,1.4999999999999978,40.0,-1.2556740497675694,loss,bull,close_vs_ema50,1787198400,69812.1,64803.92660998369,
2850,1787212855,METUSDT,LONG,overheated_confirmed,overheated_confirmed,1,sl,1787224734,0.2181,0.21027321428571427,0.23375357142857142,0.21,1/3,2.0,2.0,33.333333333333336,-1.0349075975359334,loss,bull,close_vs_ema50,1787198400,69812.1,64803.92660998369,
2853,1787213047,BOMEUSDT,LONG,overheated_confirmed,overheated_confirmed,1,tp,1787223595,0.0011321,0.0010659875,0.0012643250000000002,0.0012657,1/3,2.0,2.0,33.333333333333336,2.0207978823974266,win,bull,close_vs_ema50,1787198400,69812.1,64803.92660998369,
2854,1787213700,CROUSDT,LONG,ema_cross_confirmed,ema_cross_confirmed,1,tp,1787219238,0.0504,0.049610172413793105,0.05197965517241379,0.05213,1/3,2.0,2.0,33.333333333333336,2.1903514516481177,win,bull,close_vs_ema50,1787198400,69812.1,64803.92660998369,
2855,1787213701,DYDXUSDT,LONG,ema_cross_confirmed,ema_cross_confirmed,1,tp,1787298630,0.11219,0.10857758620689655,0.1194148275862069,0.1194148275862069,1/3,2.0,2.0,33.333333333333336,2.0,win,bull,close_vs_ema50,1787198400,69812.1,64803.92660998369,
2856,1787213704,WLDUSDT,LONG,ema_cross_confirmed,ema_cross_confirmed,1,tp,1787310567,0.3663,0.3490086206896552,0.4008827586206896,0.4015,1/3,2.0,2.0,33.333333333333336,2.035696480207402,win,bull,close_vs_ema50,1787198400,69812.1,64803.92660998369,
2857,1787213709,BMNRUSDT,LONG,overheated_confirmed,overheated_confirmed,1,sl,1787232706,22.04,21.396071428571428,23.32785714285714,21.15,1/3,2.0,2.0,33.333333333333336,-1.382140876317251,loss,bull,close_vs_ema50,1787198400,69812.1,64803.92660998369,
2858,1787213710,CRCLXUSDT,LONG,overheated_confirmed,overheated_confirmed,1,sl,1787232767,83.54,81.28303571428572,88.05392857142859,80.44,1/3,2.0,2.0,33.333333333333336,-1.3735263865812184,loss,bull,close_vs_ema50,1787198400,69812.1,64803.92660998369,
2859,1787213712,WETUSDT,LONG,ema_cross_confirmed,ema_cross_confirmed,1,tp,1787296891,0.07354,0.07191793103448275,0.07678413793103447,0.0768,1/3,2.0,2.0,33.333333333333336,2.009778911564627,win,bull,close_vs_ema50,1787198400,69812.1,64803.92660998369,
2860,1787213713,AVAAIUSDT,LONG,overheated_confirmed,overheated_confirmed,1,tp,1787237174,0.016585,0.015196107142857141,0.019362785714285714,0.019362785714285714,1/3,2.0,2.0,33.333333333333336,2.0,win,bull,close_vs_ema50,1787198400,69812.1,64803.92660998369,
2861,1787213756,AEROUSDT,LONG,overheated_confirmed,overheated_confirmed,1,tp,1787300851,0.4736,0.4633571428571429,0.49408571428571424,0.49408571428571424,1/3,2.0,2.0,33.333333333333336,2.0,win,bull,close_vs_ema50,1787198400,69812.1,64803.92660998369,
2865,1787214072,IOSTUSDT,LONG,ema_cross_confirmed,ema_cross_confirmed,1,tp,1787302750,0.000564,0.0005487413793103449,0.0005945172413793103,0.000595,1/3,2.0,2.0,33.333333333333336,2.0316384180790994,win,bull,close_vs_ema50,1787198400,69812.1,64803.92660998369,
2870,1787214194,IDUSDT,LONG,ema_cross_confirmed,ema_cross_confirmed,1,tp,1787298513,0.02953,0.028862758620689655,0.030864482758620693,0.03089,1/3,2.0,2.0,33.333333333333336,2.038242894056844,win,bull,close_vs_ema50,1787198400,69812.1,64803.92660998369,
2874,1787214255,CHILLGUYUSDT,LONG,ema_cross_confirmed,ema_cross_confirmed,1,tp,1787296469,0.011724,0.011256310344827587,0.012659379310344826,0.012693,1/3,2.0,2.0,33.333333333333336,2.071886750718869,win,bull,close_vs_ema50,1787198400,69812.1,64803.92660998369,
2875,1787214256,RVNUSDT,LONG,ema_cross_confirmed,ema_cross_confirmed,1,tp,1787294726,0.002876,0.0027506206896551724,0.0031267586206896554,0.0031267586206896554,1/3,2.0,2.0,33.333333333333336,2.0,win,bull,close_vs_ema50,1787198400,69812.1,64803.92660998369,
2880,1787214318,BSVUSDT,LONG,ema_cross_confirmed,ema_cross_confirmed,1,tp,1787295871,15.97,15.511206896551725,16.88758620689655,16.91,1/3,2.0,1.9999999999999962,33.333333333333336,2.048853814355505,win,bull,close_vs_ema50,1787198400,69812.1,64803.92660998369,
2881,1787214319,BIRBUSDT,LONG,ema_cross_confirmed,ema_cross_confirmed,1,tp,1787358456,0.05496,0.053049827586206896,0.05878034482758621,0.06043,1/3,2.0,2.0,33.333333333333336,2.863615849805934,win,bull,close_vs_ema50,1787198400,69812.1,64803.92660998369,
2883,1787214620,FUSDT,LONG,ema_cross_confirmed,ema_cross_confirmed,1,tp,1787301487,0.00285,0.0027724137931034484,0.0030051724137931035,0.003018,1/3,2.0,2.0,33.333333333333336,2.165333333333331,win,bull,close_vs_ema50,1787198400,69812.1,64803.92660998369,
2887,1787214981,COINXUSDT,LONG,overheated_confirmed,overheated_confirmed,1,sl,1787232767,171.41,167.7917857142857,178.64642857142857,166.96,1/3,2.0,2.0,33.333333333333336,-1.2298884611588157,loss,bull,close_vs_ema50,1787198400,69812.1,64803.92660998369,
2889,1787215042,CRVUSDT,LONG,overheated_confirmed,overheated_confirmed,1,tp,1787290361,0.2728,0.2632535714285714,0.2918928571428571,0.3144,1/3,2.0,2.0,33.333333333333336,4.357650579872807,win,bull,close_vs_ema50,1787198400,69812.1,64803.92660998369,
2890,1787215043,MSTRXUSDT,LONG,overheated_confirmed,overheated_confirmed,1,sl,1787232767,112.53,109.56267857142858,118.46464285714285,109.56267857142858,1/3,2.0,2.0,33.333333333333336,-1.0,loss,bull,close_vs_ema50,1787198400,69812.1,64803.92660998369,
2894,1787215224,PEPEUSDT,LONG,overheated_confirmed,overheated_confirmed,1,sl,1787220322,3.146e-06,3.0684285714285717e-06,3.3011428571428567e-06,3.0684285714285717e-06,1/3,2.0,2.0,33.333333333333336,-1.0,loss,bull,close_vs_ema50,1787198400,69812.1,64803.92660998369,
2897,1787216306,KAIAUSDT,LONG,ema_cross_confirmed,ema_cross_confirmed,1,tp,1787268004,0.02514,0.024440172413793104,0.02653965517241379,0.02655,1/3,2.0,2.0,33.333333333333336,2.014781966001483,win,bull,close_vs_ema50,1787198400,69812.1,64803.92660998369,
2898,1787216407,BANANAS31USDT,LONG,ema_cross_confirmed,ema_cross_confirmed,1,sl,1787407714,0.009079,0.008755465517241379,0.009726068965517243,0.008742,1/3,2.0,2.0,33.333333333333336,-1.0416200373034892,loss,bull,close_vs_ema50,1787198400,69812.1,64803.92660998369,
2899,1787216420,GRIFFAINUSDT,LONG,ema_cross_confirmed,ema_cross_confirmed,1,sl,1787462705,0.01297,0.012345379310344828,0.014219241379310346,0.012329,1/3,2.0,2.0,33.333333333333336,-1.0262228110853495,loss,bull,close_vs_ema50,1787198400,69812.1,64803.92660998369,
2900,1787216425,BRETTUSDT,LONG,overheated_confirmed,overheated_confirmed,1,tp,1787226057,0.004281,0.004143053571428572,0.004556892857142857,0.004593,1/3,2.0,2.0,33.333333333333336,2.261747572815538,win,bull,close_vs_ema50,1787198400,69812.1,64803.92660998369,
2909,1787217327,CCUSDT,LONG,overheated_confirmed,overheated_confirmed,1,sl,1787250970,0.1045,0.10116839285714285,0.11116321428571428,0.10116839285714285,1/3,2.0,2.0,33.333333333333336,-1.0,loss,bull,close_vs_ema50,1787198400,69812.1,64803.92660998369,
2910,1787217329,XRPUSDT,LONG,overheated_confirmed,overheated_confirmed,1,tp,1787232103,1.1612,1.1409875,1.201625,1.201625,1/3,2.0,2.0,33.333333333333336,2.0,win,bull,close_vs_ema50,1787198400,69812.1,64803.92660998369,
2911,1787217389,JCTUSDT,LONG,overheated_confirmed,overheated_confirmed,1,sl,1787232884,0.002222,0.0019355535714285714,0.0027948928571428573,0.0019355535714285714,1/3,2.0,2.0,33.333333333333336,-1.0,loss,bull,close_vs_ema50,1787198400,69812.1,64803.92660998369,
2916,1787217450,FORMUSDT,LONG,overheated_confirmed,overheated_confirmed,1,tp,1787217980,0.237,0.23045357142857142,0.2500928571428571,0.2500928571428571,1/3,2.0,2.0,33.333333333333336,2.0,win,bull,close_vs_ema50,1787198400,69812.1,64803.92660998369,
2920,1787218202,SKYAIUSDT,LONG,ema_cross_confirmed,ema_cross_confirmed,1,sl,1787489263,0.07428,0.06589344827586208,0.09105310344827584,0.06589344827586208,1/3,2.0,2.0,33.333333333333336,-1.0,loss,bull,close_vs_ema50,1787198400,69812.1,64803.92660998369,
2922,1787218257,MAGMAUSDT,LONG,overheated_confirmed,overheated_confirmed,1,sl,1787224196,0.25039,0.23601250000000001,0.279145,0.23598,1/3,2.0,2.0,33.333333333333336,-1.0022604764388814,loss,bull,close_vs_ema50,1787198400,69812.1,64803.92660998369,
2925,1787219112,MOODENGUSDT,LONG,overheated_confirmed,overheated_confirmed,1,tp,1787243942,0.04082,0.03975178571428572,0.04295642857142857,0.04296,1/3,2.0,2.0,33.333333333333336,2.0033433634236046,win,bull,close_vs_ema50,1787198400,69812.1,64803.92660998369,
2927,1787219172,USELESSUSDT,LONG,overheated_confirmed,overheated_confirmed,1,tp,1787298871,0.0487,0.04603642857142857,0.054027142857142864,0.0543,1/3,2.0,2.0,33.333333333333336,2.102440332528826,win,bull,close_vs_ema50,1787198400,69812.1,64803.92660998369,
2928,1787219174,SPKUSDT,LONG,ema_cross_confirmed,ema_cross_confirmed,1,tp,1787258614,0.01476,0.014401551724137932,0.015476896551724137,0.01549,1/3,2.0,2.0,33.333333333333336,2.036556036556039,win,bull,close_vs_ema50,1787198400,69812.1,64803.92660998369,
2930,1787220008,AVAAIUSDT,LONG,ema_cross_confirmed,ema_cross_confirmed,1,tp,1787237174,0.017606,0.01619253448275862,0.01901946551724138,0.01901946551724138,3/3,1.0,1.0,50.0,1.0,win,bull,close_vs_ema50,1787198400,69812.1,64803.92660998369,
2940,1787220927,ORDIUSDT,LONG,overheated_confirmed,overheated_confirmed,1,sl,1787229586,4.238,4.133160714285715,4.447678571428571,4.133160714285715,1/3,2.0,2.0,33.333333333333336,-1.0,loss,bull,close_vs_ema50,1787198400,69812.1,64803.92660998369,
2953,1787222730,ENAUSDT,LONG,overheated_confirmed,overheated_confirmed,1,tp,1787246346,0.09943,0.09659767857142858,0.10509464285714286,0.10532,1/3,2.0,2.0,33.333333333333336,2.0795662316373478,win,bull,close_vs_ema50,1787198400,69812.1,64803.92660998369,
2967,1787224517,ETHFIUSDT,LONG,overheated_confirmed,overheated_confirmed,1,sl,1787226951,0.5823,0.5575821428571429,0.6317357142857143,0.5542,1/3,2.0,2.0,33.333333333333336,-1.1368299378702513,loss,bull,close_vs_ema50,1787198400,69812.1,64803.92660998369,
2971,1787225459,BOMEUSDT,LONG,overheated_confirmed,overheated_confirmed,1,sl,1787228423,0.0012942,0.0012280874999999998,0.00139336875,0.0012280874999999998,2/3,1.5,1.4999999999999984,40.0,-1.0,loss,bull,close_vs_ema50,1787198400,69812.1,64803.92660998369,
2982,1787226313,BRETTUSDT,LONG,overheated_confirmed,overheated_confirmed,1,sl,1787229586,0.004622,0.004484053571428572,0.004828919642857143,0.004484053571428572,2/3,1.5,1.5,40.0,-1.0,loss,bull,close_vs_ema50,1787198400,69812.1,64803.92660998369,
2983,1787226324,PYTHUSDT,LONG,overheated_confirmed,overheated_confirmed,1,sl,1787228606,0.04456,0.04335517857142857,0.04696964285714286,0.04334,1/3,2.0,2.0,33.333333333333336,-1.0125981917889468,loss,bull,close_vs_ema50,1787198400,69812.1,64803.92660998369,
2984,1787226325,SUSDT,LONG,overheated_confirmed,overheated_confirmed,1,tp,1787301248,0.0247,0.02407160714285714,0.025956785714285717,0.02596,1/3,2.0,2.0,33.333333333333336,2.005115089514063,win,bull,close_vs_ema50,1787198400,69812.1,64803.92660998369,
2985,1787226327,WIFUSDT,LONG,overheated_confirmed,overheated_confirmed,1,sl,1787233126,0.1573,0.15379107142857143,0.16431785714285713,0.15379107142857143,1/3,2.0,2.0,33.333333333333336,-1.0,loss,bull,close_vs_ema50,1787198400,69812.1,64803.92660998369,
2988,1787227215,NESUSDT,LONG,ema_cross_confirmed,ema_cross_confirmed,1,sl,1787395810,0.218,0.20962068965517242,0.23475862068965517,0.2087,1/3,2.0,2.0,33.333333333333336,-1.1098765432098772,loss,bull,close_vs_ema50,1787212800,71891.4,65081.86674292551,
2989,1787227228,TURBOUSDT,LONG,overheated_confirmed,overheated_confirmed,1,tp,1787246974,0.000887,0.0008692249999999999,0.0009225500000000001,0.000923,1/3,2.0,2.0,33.333333333333336,2.0253164556961987,win,bull,close_vs_ema50,1787212800,71891.4,65081.86674292551,
3006,1787227579,PENGUUSDT,LONG,overheated_confirmed,overheated_confirmed,1,sl,1787233067,0.007207,0.006999035714285715,0.00762292857142857,0.006977,1/3,2.0,2.0,33.333333333333336,-1.1059591275974614,loss,bull,close_vs_ema50,1787212800,71891.4,65081.86674292551,
3012,1787227762,FLOCKUSDT,LONG,overheated_confirmed,overheated_confirmed,1,sl,1787231983,0.03274,0.03190160714285714,0.03441678571428571,0.03190160714285714,1/3,2.0,2.0,33.333333333333336,-1.0,loss,bull,close_vs_ema50,1787212800,71891.4,65081.86674292551,
3042,1787229030,PNUTUSDT,LONG,overheated_confirmed,overheated_confirmed,1,sl,1787251148,0.05226,0.05066946428571428,0.05544107142857144,0.05066946428571428,1/3,2.0,2.0,33.333333333333336,-1.0,loss,bull,close_vs_ema50,1787212800,71891.4,65081.86674292551,
3043,1787229033,XLMUSDT,LONG,overheated_confirmed,overheated_confirmed,1,tp,1787247516,0.182,0.17753375,0.1909325,0.19095,1/3,2.0,2.0,33.333333333333336,2.003918275958579,win,bull,close_vs_ema50,1787212800,71891.4,65081.86674292551,
3051,1787229450,COLLECTUSDT,LONG,overheated_confirmed,overheated_confirmed,1,tp,1787229526,0.05716,0.05428589285714286,0.06290821428571429,0.06339,1/3,2.0,2.0,33.333333333333336,2.1676296986641805,win,bull,close_vs_ema50,1787212800,71891.4,65081.86674292551,
3062,1787229907,VELODROMEUSDT,LONG,overheated_confirmed,overheated_confirmed,1,sl,1787414457,0.01981,0.019299464285714288,0.020831071428571428,0.0192,1/3,2.0,2.0,33.333333333333336,-1.1948233648128794,loss,bull,close_vs_ema50,1787212800,71891.4,65081.86674292551,
3063,1787229922,MEGAUSDT,LONG,overheated_confirmed,overheated_confirmed,1,tp,1787313295,0.03819,0.03679714285714286,0.04097571428571428,0.04106,1/3,2.0,2.0,33.333333333333336,2.0605128205128227,win,bull,close_vs_ema50,1787212800,71891.4,65081.86674292551,
3083,1787232623,XRPUSDT,LONG,overheated_confirmed,overheated_confirmed,1,tp,1787238478,1.2049,1.1803428571428571,1.254014285714286,1.2578,1/3,2.0,2.0,33.333333333333336,2.1541593949970816,win,bull,close_vs_ema50,1787212800,71891.4,65081.86674292551,
3095,1787233527,POPMARTUSDT,SHORT,ema_cross_confirmed,ema_cross_confirmed,1,sl,1787552891,18.928,19.592827586206898,17.598344827586207,19.788,1/3,2.0,2.0,33.333333333333336,-1.2935684647302885,loss,bull,close_vs_ema50,1787212800,71891.4,65081.86674292551,
3096,1787233529,FILUSDT,LONG,ema_cross_confirmed,ema_cross_confirmed,1,tp,1787244154,0.6939,0.6727189655172413,0.7362620689655173,0.7369,1/3,2.0,2.0,33.333333333333336,2.030118030118029,win,bull,close_vs_ema50,1787212800,71891.4,65081.86674292551,
3101,1787234409,ILVUSDT,LONG,ema_cross_confirmed,ema_cross_confirmed,1,tp,1787302213,3.185,3.1014137931034482,3.3521724137931037,3.354,1/3,2.0,2.0,33.333333333333336,2.021864686468645,win,bull,close_vs_ema50,1787212800,71891.4,65081.86674292551,
3104,1787234434,PUMPUSDT,LONG,overheated_confirmed,overheated_confirmed,1,tp,1787308917,0.003573,0.0033747321428571424,0.0039695357142857145,0.00397,1/3,2.0,2.0,33.333333333333336,2.0023417094478937,win,bull,close_vs_ema50,1787212800,71891.4,65081.86674292551,
3105,1787234435,THETAUSDT,LONG,overheated_confirmed,overheated_confirmed,1,tp,1787304505,0.1621,0.15835,0.1696,0.1706,1/3,2.0,2.0,33.333333333333336,2.2666666666666666,win,bull,close_vs_ema50,1787212800,71891.4,65081.86674292551,
3108,1787234556,ONGUSDT,LONG,overheated_confirmed,overheated_confirmed,1,tp,1787255312,0.07565,0.06965642857142856,0.08763714285714286,0.08763714285714286,1/3,2.0,2.0,33.333333333333336,2.0,win,bull,close_vs_ema50,1787212800,71891.4,65081.86674292551,
3112,1787234678,ONUSDT,LONG,overheated_confirmed,overheated_confirmed,1,sl,1787397240,0.29449,0.25185625,0.3797574999999999,0.24819,1/3,2.0,2.0,33.333333333333336,-1.0859940774621049,loss,bull,close_vs_ema50,1787212800,71891.4,65081.86674292551,
3115,1787235330,DEEPUSDT,LONG,ema_cross_confirmed,ema_cross_confirmed,1,tp,1787292667,0.01471,0.014209827586206897,0.01571034482758621,0.01574,1/3,2.0,2.0,33.333333333333336,2.0592899000344675,win,bull,close_vs_ema50,1787212800,71891.4,65081.86674292551,
3124,1787236658,STXUSDT,LONG,overheated_confirmed,overheated_confirmed,1,tp,1787270549,0.1401,0.13696607142857142,0.14636785714285716,0.1464,1/3,2.0,2.0,33.333333333333336,2.0102564102564053,win,bull,close_vs_ema50,1787212800,71891.4,65081.86674292551,
3129,1787237109,CROUSDT,LONG,overheated_confirmed,overheated_confirmed,1,sl,1787249592,0.05421,0.05314339285714286,0.05634321428571428,0.05303,1/3,2.0,2.0,33.333333333333336,-1.1063117361459938,loss,bull,close_vs_ema50,1787212800,71891.4,65081.86674292551,
3130,1787237134,RIFUSDT,LONG,overheated_confirmed,overheated_confirmed,1,sl,1787245744,0.08606,0.08269196428571428,0.09279607142857144,0.08269196428571428,1/3,2.0,2.0,33.333333333333336,-1.0,loss,bull,close_vs_ema50,1787212800,71891.4,65081.86674292551,
3131,1787237138,PEOPLEUSDT,LONG,overheated_confirmed,overheated_confirmed,1,tp,1787239776,0.008873,0.008547982142857144,0.009523035714285715,0.009523035714285715,1/3,2.0,2.0,33.333333333333336,2.0,win,bull,close_vs_ema50,1787212800,71891.4,65081.86674292551,
3133,1787238038,ROBOUSDT,LONG,overheated_confirmed,overheated_confirmed,1,sl,1787246436,0.0152,0.014328392857142857,0.016943214285714284,0.0143,1/3,2.0,1.999999999999998,33.333333333333336,-1.032575291948371,loss,bull,close_vs_ema50,1787212800,71891.4,65081.86674292551,
3136,1787238879,GOATUSDT,LONG,overheated_confirmed,overheated_confirmed,1,sl,1787239268,0.015466,0.015172,0.016054000000000002,0.015172,1/3,2.0,2.0,33.333333333333336,-1.0,loss,bull,close_vs_ema50,1787212800,71891.4,65081.86674292551,
3137,1787238928,OKBUSDT,LONG,ema_cross_confirmed,ema_cross_confirmed,1,tp,1787381053,105.88,102.58672413793103,112.46655172413793,112.5,1/3,2.0,2.0,33.333333333333336,2.0101565363070004,win,bull,close_vs_ema50,1787212800,71891.4,65081.86674292551,
3138,1787238930,MANTRAUSDT,LONG,ema_cross_confirmed,ema_cross_confirmed,1,sl,1787253154,0.005018,0.004882896551724138,0.005288206896551724,0.004882896551724138,1/3,2.0,2.0,33.333333333333336,-1.0,loss,bull,close_vs_ema50,1787212800,71891.4,65081.86674292551,
3142,1787239831,CHIPUSDT,LONG,ema_cross_confirmed,ema_cross_confirmed,1,tp,1787830558,0.03067,0.02759603448275862,0.03681793103448276,0.03718,1/3,2.0,2.0000000000000013,33.333333333333336,2.1177856301531204,win,bull,close_vs_ema50,1787212800,71891.4,65081.86674292551,
3143,1787239837,PEOPLEUSDT,LONG,overheated_confirmed,overheated_confirmed,1,tp,1787241965,0.009495,0.009169982142857143,0.009982526785714286,0.009982526785714286,2/3,1.5,1.5,40.0,1.5,win,bull,close_vs_ema50,1787212800,71891.4,65081.86674292551,
3146,1787240716,MONUSDT,LONG,overheated_confirmed,overheated_confirmed,1,sl,1787249887,0.02643,0.025418035714285712,0.02845392857142857,0.02535,1/3,2.0,2.0,33.333333333333336,-1.0672313393329775,loss,bull,close_vs_ema50,1787212800,71891.4,65081.86674292551,
3148,1787240736,GALAUSDT,LONG,overheated_confirmed,overheated_confirmed,1,sl,1787255251,0.001626,0.0015583392857142857,0.0017613214285714287,0.001552,1/3,2.0,2.0,33.333333333333336,-1.093692267088942,loss,bull,close_vs_ema50,1787212800,71891.4,65081.86674292551,
3150,1787241627,WALUSDT,LONG,ema_cross_confirmed,ema_cross_confirmed,1,tp,1787310207,0.02272,0.021710862068965518,0.024738275862068965,0.02474,1/3,2.0,2.0,33.333333333333336,2.0017085255424587,win,bull,close_vs_ema50,1787227200,72423.6,65369.77785104608,
3164,1787243082,SATSUSDT,LONG,overheated_confirmed,overheated_confirmed,1,sl,1787248991,1.228e-08,1.1834285714285714e-08,1.3171428571428571e-08,1.182e-08,1/3,2.0,2.0,33.333333333333336,-1.0320512820512828,loss,bull,close_vs_ema50,1787227200,72423.6,65369.77785104608,
3165,1787243424,CLOUSDT,SHORT,ema_cross_confirmed,ema_cross_confirmed,1,sl,1787312338,0.10503,0.1190555172413793,0.07697896551724139,0.11915,1/3,2.0,2.0,33.333333333333336,-1.0067364901411229,loss,bull,close_vs_ema50,1787227200,72423.6,65369.77785104608,
3174,1787244317,XRPUSDT,LONG,overheated_confirmed,overheated_confirmed,1,tp,1787247155,1.2889,1.264342857142857,1.3257357142857145,1.3321,2/3,1.5,1.5000000000000044,40.0,1.7591623036649204,win,bull,close_vs_ema50,1787227200,72423.6,65369.77785104608,
3185,1787245208,WIFUSDT,LONG,overheated_confirmed,overheated_confirmed,1,tp,1787290981,0.1616,0.15765714285714286,0.16948571428571427,0.1696,1/3,2.0,2.0,33.333333333333336,2.028985507246382,win,bull,close_vs_ema50,1787227200,72423.6,65369.77785104608,
3186,1787245228,PEOPLEUSDT,LONG,overheated_confirmed,overheated_confirmed,1,tp,1787246046,0.010195,0.009869982142857142,0.010520017857142856,0.010520017857142856,3/3,1.0,1.0,50.0,1.0,win,bull,close_vs_ema50,1787227200,72423.6,65369.77785104608,
3210,1787247055,SWARMSUSDT,LONG,ema_cross_confirmed,ema_cross_confirmed,1,sl,1787380071,0.009202,0.008754379310344828,0.010097241379310345,0.008201,1/3,2.0,2.0,33.333333333333336,-2.236268392265619,loss,bull,close_vs_ema50,1787227200,72423.6,65369.77785104608,
3223,1787247711,GOATUSDT,LONG,overheated_confirmed,overheated_confirmed,1,sl,1787251210,0.015272,0.014903375,0.016009250000000003,0.01487,1/3,2.0,2.0,33.333333333333336,-1.0905391658189225,loss,bull,close_vs_ema50,1787227200,72423.6,65369.77785104608,
3227,1787247949,XLMUSDT,LONG,overheated_confirmed,overheated_confirmed,1,sl,1787249020,0.18965,0.18496303571428574,0.19902392857142856,0.18496303571428574,1/3,2.0,2.0,33.333333333333336,-1.0,loss,bull,close_vs_ema50,1787227200,72423.6,65369.77785104608,
3233,1787249750,CXMTUSDT,SHORT,ema_cross_confirmed,ema_cross_confirmed,1,sl,1787830745,8.216,8.671931034482759,7.3041379310344805,8.671931034482759,1/3,2.0,2.0,33.333333333333336,-1.0,loss,bull,close_vs_ema50,1787227200,72423.6,65369.77785104608,
3234,1787249755,AVAAIUSDT,LONG,overheated_confirmed,overheated_confirmed,1,sl,1787260112,0.02038,0.01878169642857143,0.02357660714285714,0.01878169642857143,1/3,2.0,2.0,33.333333333333336,-1.0,loss,bull,close_vs_ema50,1787227200,72423.6,65369.77785104608,
3249,1787253328,TURBOUSDT,LONG,overheated_confirmed,overheated_confirmed,1,sl,1787265092,0.0009441,0.0009229339285714285,0.000986432142857143,0.0009228,1/3,2.0,2.0,33.333333333333336,-1.0063275120222719,loss,bull,close_vs_ema50,1787227200,72423.6,65369.77785104608,
3251,1787255117,BASEDUSDT,LONG,ema_cross_confirmed,ema_cross_confirmed,1,tp,1787315070,0.08314,0.0788396551724138,0.09174068965517242,0.09174068965517242,1/3,2.0,2.0,33.333333333333336,2.0,win,bull,close_vs_ema50,1787227200,72423.6,65369.77785104608,
3252,1787256023,ONGUSDT,LONG,overheated_confirmed,overheated_confirmed,1,tp,1787256749,0.08839,0.08127732142857143,0.09905901785714286,0.09905901785714286,2/3,1.5,1.5000000000000009,40.0,1.5000000000000009,win,bull,close_vs_ema50,1787241600,72644.6,65655.0649941423,
3265,1787256918,COLLECTUSDT,LONG,overheated_confirmed,overheated_confirmed,1,tp,1787291072,0.06398,0.06048017857142857,0.07097964285714285,0.07097964285714285,1/3,2.0,2.0,33.333333333333336,2.0,win,bull,close_vs_ema50,1787241600,72644.6,65655.0649941423,
3266,1787256920,ONGUSDT,LONG,overheated_confirmed,overheated_confirmed,1,tp,1787257113,0.09931,0.09219732142857143,0.10642267857142856,0.10642267857142856,3/3,1.0,1.0,50.0,1.0,win,bull,close_vs_ema50,1787241600,72644.6,65655.0649941423,
3267,1787256922,PEOPLEUSDT,LONG,overheated_confirmed,overheated_confirmed,1,sl,1787265692,0.010809,0.010419375,0.011588249999999998,0.010406,1/3,2.0,2.0,33.333333333333336,-1.034327879371189,loss,bull,close_vs_ema50,1787241600,72644.6,65655.0649941423,
3268,1787256935,APRUSDT,SHORT,ema_cross_confirmed,ema_cross_confirmed,1,sl,1787340203,0.18477,0.2175513793103448,0.11920724137931038,0.22024,1/3,2.0,2.0,33.333333333333336,-1.0820167041844622,loss,bull,close_vs_ema50,1787241600,72644.6,65655.0649941423,
3273,1787258721,BRETTUSDT,LONG,overheated_confirmed,overheated_confirmed,1,tp,1787297943,0.004532,0.004358428571428571,0.004879142857142856,0.004894,1/3,2.0,2.0,33.333333333333336,2.0855967078189352,win,bull,close_vs_ema50,1787241600,72644.6,65655.0649941423,
3274,1787258732,PLAYUSDT,SHORT,ema_cross_confirmed,ema_cross_confirmed,1,sl,1787318377,0.03588,0.0371048275862069,0.0334303448275862,0.03751,1/3,2.0,2.0,33.333333333333336,-1.330799549549545,loss,bull,close_vs_ema50,1787241600,72644.6,65655.0649941423,
3284,1787260521,ENAUSDT,LONG,overheated_confirmed,overheated_confirmed,1,sl,1787262543,0.11387,0.11044946428571428,0.12071107142857143,0.11044946428571428,1/3,2.0,2.0,33.333333333333336,-1.0,loss,bull,close_vs_ema50,1787241600,72644.6,65655.0649941423,
3285,1787260525,GALAUSDT,LONG,overheated_confirmed,overheated_confirmed,1,tp,1787297732,0.001595,0.0015206964285714285,0.001743607142857143,0.001743607142857143,1/3,2.0,2.0,33.333333333333336,2.0,win,bull,close_vs_ema50,1787241600,72644.6,65655.0649941423,
3286,1787260535,GRVTUSDT,SHORT,ema_cross_confirmed,ema_cross_confirmed,1,tp,1787486525,0.2788,0.304151724137931,0.22809655172413795,0.22809655172413795,1/3,2.0,2.0,33.333333333333336,2.0,win,bull,close_vs_ema50,1787241600,72644.6,65655.0649941423,
3287,1787261434,DOSUSDT,SHORT,ema_cross_confirmed,ema_cross_confirmed,1,sl,1787362186,0.2289,0.25536896551724136,0.17596206896551725,0.2572,1/3,2.0,2.0,33.333333333333336,-1.069176654507556,loss,bull,close_vs_ema50,1787241600,72644.6,65655.0649941423,
3310,1787265027,JASMYUSDT,LONG,ema_cross_confirmed,ema_cross_confirmed,1,tp,1787297368,0.003892,0.003761551724137931,0.004152896551724138,0.004155,1/3,2.0,2.000000000000003,33.333333333333336,2.016124768702088,win,bull,close_vs_ema50,1787241600,72644.6,65655.0649941423,
3331,1787267001,PEOPLEUSDT,LONG,overheated_confirmed,overheated_confirmed,1,sl,1787267914,0.010518,0.010056375,0.01144125,0.010056375,1/3,2.0,2.0,33.333333333333336,-1.0,loss,bull,close_vs_ema50,1787241600,72644.6,65655.0649941423,
3338,1787269516,DEXEUSDT,LONG,ema_cross_confirmed,ema_cross_confirmed,1,sl,1787462600,1.951,1.858103448275862,2.136793103448276,1.845,1/3,2.0,2.0,33.333333333333336,-1.1410541945063102,loss,bull,close_vs_ema50,1787241600,72644.6,65655.0649941423,
3339,1787269519,龙虾USDT,LONG,overheated_confirmed,overheated_confirmed,1,sl,1787340203,0.023891,0.022225196428571427,0.027222607142857142,0.021833,1/3,2.0,2.0,33.333333333333336,-1.2354397813153224,loss,bull,close_vs_ema50,1787241600,72644.6,65655.0649941423,
3340,1787270422,COREUSDT,LONG,overheated_confirmed,overheated_confirmed,1,tp,1787414428,0.02532,0.024126964285714286,0.027706071428571424,0.02772,1/3,2.0,2.0,33.333333333333336,2.0116748989672257,win,bull,close_vs_ema50,1787256000,72994.5,65942.88597476417,
3352,1787290722,ENAUSDT,LONG,overheated_confirmed,overheated_confirmed,1,tp,1787302093,0.12906,0.12408428571428572,0.1390114285714286,0.1390114285714286,1/3,2.0,2.0,33.333333333333336,2.0,win,bull,close_vs_ema50,1787270400,74482.7,66277.78064242048,
3358,1787290843,SPKUSDT,LONG,overheated_confirmed,overheated_confirmed,1,tp,1787292036,0.01738,0.016926785714285714,0.01828642857142857,0.01828642857142857,1/3,2.0,2.0,33.333333333333336,2.0,win,bull,close_vs_ema50,1787270400,74482.7,66277.78064242048,
3371,1787291143,TURBOUSDT,LONG,overheated_confirmed,overheated_confirmed,1,tp,1787300587,0.0009548,0.0009275803571428572,0.0010092392857142857,0.0010095,1/3,2.0,2.0,33.333333333333336,2.009578167027489,win,bull,close_vs_ema50,1787270400,74482.7,66277.78064242048,
3372,1787291145,WIFUSDT,LONG,overheated_confirmed,overheated_confirmed,1,tp,1787306545,0.1699,0.16485357142857143,0.17999285714285712,0.18,1/3,2.0,2.0,33.333333333333336,2.0014154281670233,win,bull,close_vs_ema50,1787270400,74482.7,66277.78064242048,
3383,1787291991,币安人生USDT,LONG,ema_cross_confirmed,ema_cross_confirmed,1,tp,1787302032,0.4867,0.4602136206896552,0.5396727586206896,0.54483,1/3,2.0,2.0,33.333333333333336,2.1947129624205046,win,bull,close_vs_ema50,1787270400,74482.7,66277.78064242048,
3389,1787292943,SPKUSDT,LONG,overheated_confirmed,overheated_confirmed,1,sl,1787292998,0.01836,0.017906785714285715,0.01903982142857143,0.01773,2/3,1.5,1.5,40.0,-1.3900709219858194,loss,bull,close_vs_ema50,1787270400,74482.7,66277.78064242048,
3390,1787292955,PEPEUSDT,LONG,overheated_confirmed,overheated_confirmed,1,tp,1787307445,3.418e-06,3.3069464285714287e-06,3.640107142857143e-06,3.641e-06,1/3,2.0,2.0,33.333333333333336,2.008039877793855,win,bull,close_vs_ema50,1787270400,74482.7,66277.78064242048,
3396,1787293077,FORMUSDT,LONG,overheated_confirmed,overheated_confirmed,1,tp,1787343355,0.2574,0.24876428571428574,0.27467142857142857,0.2747,1/3,2.0,2.0,33.333333333333336,2.003308519437552,win,bull,close_vs_ema50,1787270400,74482.7,66277.78064242048,
3402,1787294719,BTWUSDT,LONG,overheated_confirmed,overheated_confirmed,1,sl,1787567845,0.49424,0.38266223214285716,0.7173955357142857,0.38266223214285716,1/3,2.0,2.0,33.333333333333336,-1.0,loss,bull,close_vs_ema50,1787270400,74482.7,66277.78064242048,
3413,1787296506,PEOPLEUSDT,LONG,overheated_confirmed,overheated_confirmed,1,tp,1787301610,0.010998,0.010446267857142859,0.012101464285714285,0.012201,1/3,2.0,2.0,33.333333333333336,2.180405864647055,win,bull,close_vs_ema50,1787270400,74482.7,66277.78064242048,
3417,1787296762,BOMEUSDT,LONG,overheated_confirmed,overheated_confirmed,1,tp,1787298454,0.0012914,0.0011994982142857144,0.0014752035714285714,0.0014901,1/3,2.0,2.0,33.333333333333336,2.1620907412804833,win,bull,close_vs_ema50,1787270400,74482.7,66277.78064242048,
3424,1787297064,PROMUSDT,LONG,overheated_confirmed,overheated_confirmed,1,tp,1787343148,2.339,2.1745357142857142,2.6679285714285714,2.6679285714285714,1/3,2.0,2.0,33.333333333333336,2.0,win,bull,close_vs_ema50,1787270400,74482.7,66277.78064242048,
3426,1787297413,SENTUSDT,LONG,ema_cross_confirmed,ema_cross_confirmed,1,tp,1787358456,0.01292,0.012593620689655171,0.013572758620689655,0.01361,1/3,2.0,2.0,33.333333333333336,2.114104595879559,win,bull,close_vs_ema50,1787270400,74482.7,66277.78064242048,
3427,1787297415,GALAUSDT,LONG,ema_cross_confirmed,ema_cross_confirmed,1,tp,1787302689,0.001725,0.001642551724137931,0.001889896551724138,0.001891,1/3,2.0,2.0,33.333333333333336,2.0133835215391054,win,bull,close_vs_ema50,1787270400,74482.7,66277.78064242048,
3428,1787297423,XPLUSDT,LONG,overheated_confirmed,overheated_confirmed,1,tp,1787305527,0.09449,0.09107964285714286,0.1013107142857143,0.1015,1/3,2.0,2.0,33.333333333333336,2.0555031940517323,win,bull,close_vs_ema50,1787270400,74482.7,66277.78064242048,
3429,1787297424,ENSUSDT,LONG,overheated_confirmed,overheated_confirmed,1,tp,1787302509,4.803,4.661678571428571,5.085642857142857,5.085642857142857,1/3,2.0,2.0,33.333333333333336,2.0,win,bull,close_vs_ema50,1787270400,74482.7,66277.78064242048,
3430,1787297425,SSVUSDT,LONG,overheated_confirmed,overheated_confirmed,1,tp,1787297912,2.803,2.72875,2.9515000000000002,2.958,1/3,2.0,2.0,33.333333333333336,2.0875420875420865,win,bull,close_vs_ema50,1787270400,74482.7,66277.78064242048,
3434,1787298865,FETUSDT,LONG,overheated_confirmed,overheated_confirmed,1,tp,1787302333,0.1504,0.14526785714285714,0.16066428571428573,0.16066428571428573,1/3,2.0,2.0,33.333333333333336,2.0,win,bull,close_vs_ema50,1787270400,74482.7,66277.78064242048,
3443,1787299048,GALAUSDT,LONG,overheated_confirmed,overheated_confirmed,1,tp,1787309578,0.001752,0.0016681071428571428,0.0019197857142857146,0.001925,1/3,2.0,2.0,33.333333333333336,2.0621541081311165,win,bull,close_vs_ema50,1787270400,74482.7,66277.78064242048,
3448,1787299220,BRETTUSDT,LONG,overheated_confirmed,overheated_confirmed,1,tp,1787358456,0.004926,0.0047379107142857145,0.0053021785714285705,0.00546,1/3,2.0,2.0,33.333333333333336,2.8390771859869024,win,bull,close_vs_ema50,1787284800,76303.5,66670.9461074236,
3449,1787299227,ORDIUSDT,LONG,overheated_confirmed,overheated_confirmed,1,sl,1787312129,4.495,4.321428571428571,4.842142857142858,4.313,1/3,2.0,2.0,33.333333333333336,-1.048559670781893,loss,bull,close_vs_ema50,1787284800,76303.5,66670.9461074236,
3450,1787299228,USELESSUSDT,LONG,overheated_confirmed,overheated_confirmed,1,tp,1787358456,0.05527,0.05233,0.061149999999999996,0.06469,1/3,2.0,2.0,33.333333333333336,3.2040816326530623,win,bull,close_vs_ema50,1787284800,76303.5,66670.9461074236,
3466,1787300128,币安人生USDT,LONG,overheated_confirmed,overheated_confirmed,1,tp,1787382140,0.5265,0.5012758928571428,0.5769482142857143,0.57737,1/3,2.0,2.0,33.333333333333336,2.01672153198117,win,bull,close_vs_ema50,1787284800,76303.5,66670.9461074236,
3470,1787300251,COWUSDT,LONG,ema_cross_confirmed,ema_cross_confirmed,1,tp,1787555254,0.1147,0.10861206896551724,0.1268758620689655,0.1268758620689655,1/3,2.0,2.0,33.333333333333336,2.0,win,bull,close_vs_ema50,1787284800,76303.5,66670.9461074236,
3473,1787300972,ASTEROIDUSDT,LONG,overheated_confirmed,overheated_confirmed,1,sl,1787340203,7.51e-05,6.886964285714285e-05,8.756071428571428e-05,6.85e-05,1/3,2.0,2.0,33.333333333333336,-1.0593293207222694,loss,bull,close_vs_ema50,1787284800,76303.5,66670.9461074236,
3476,1787301093,BERAUSDT,LONG,overheated_confirmed,overheated_confirmed,1,sl,1787302983,0.192,0.18623035714285716,0.2035392857142857,0.1857,1/3,2.0,2.0,33.333333333333336,-1.0919220055710324,loss,bull,close_vs_ema50,1787284800,76303.5,66670.9461074236,
3478,1787301154,XRPUSDT,LONG,overheated_confirmed,overheated_confirmed,1,tp,1787358456,1.3529,1.3112107142857143,1.4362785714285713,1.4546,1/3,2.0,2.0,33.333333333333336,2.439475713184273,win,bull,close_vs_ema50,1787284800,76303.5,66670.9461074236,
3481,1787301906,PEOPLEUSDT,LONG,overheated_confirmed,overheated_confirmed,1,sl,1787303481,0.012361,0.011752214285714286,0.01357857142857143,0.011752214285714286,1/3,2.0,2.0,33.333333333333336,-1.0,loss,bull,close_vs_ema50,1787284800,76303.5,66670.9461074236,
3482,1787301910,PTBUSDT,LONG,ema_cross_confirmed,ema_cross_confirmed,1,tp,1787340244,0.0008975,0.0008530275862068965,0.000986444827586207,0.000986444827586207,1/3,2.0,2.000000000000002,33.333333333333336,2.000000000000002,win,bull,close_vs_ema50,1787284800,76303.5,66670.9461074236,
3484,1787302804,ENAUSDT,LONG,overheated_confirmed,overheated_confirmed,1,sl,1787303041,0.14177,0.13679428571428573,0.1492335714285714,0.13674,2/3,1.5,1.4999999999999971,40.0,-1.0109101349411456,loss,bull,close_vs_ema50,1787284800,76303.5,66670.9461074236,
3485,1787302805,TURBOUSDT,LONG,overheated_confirmed,overheated_confirmed,1,sl,1787303041,0.0010584,0.001031180357142857,0.0010992294642857142,0.0010264,2/3,1.5,1.499999999999996,40.0,-1.1756215967985237,loss,bull,close_vs_ema50,1787284800,76303.5,66670.9461074236,
3486,1787302808,STXUSDT,LONG,overheated_confirmed,overheated_confirmed,1,sl,1787303041,0.1636,0.15926607142857144,0.1722678571428571,0.1587,1/3,2.0,2.0,33.333333333333336,-1.1306139266584267,loss,bull,close_vs_ema50,1787284800,76303.5,66670.9461074236,
3487,1787302812,JELLYJELLYUSDT,LONG,ema_cross_confirmed,ema_cross_confirmed,1,sl,1787303305,0.06021,0.058765862068965516,0.06309827586206897,0.058765862068965516,1/3,2.0,2.0,33.333333333333336,-1.0,loss,bull,close_vs_ema50,1787284800,76303.5,66670.9461074236,
3488,1787302815,币安人生USDT,LONG,ema_cross_confirmed,ema_cross_confirmed,1,sl,1787303305,0.5652,0.5387136206896552,0.5916863793103448,0.5387136206896552,3/3,1.0,1.0,50.0,-1.0,loss,bull,close_vs_ema50,1787284800,76303.5,66670.9461074236,
3489,1787302816,GALAUSDT,LONG,ema_cross_confirmed,ema_cross_confirmed,1,sl,1787303783,0.001913,0.001830551724137931,0.001995448275862069,0.001830551724137931,3/3,1.0,0.9999999999999973,50.0,-1.0,loss,bull,close_vs_ema50,1787284800,76303.5,66670.9461074236,
3490,1787302818,EIGENUSDT,LONG,overheated_confirmed,overheated_confirmed,1,sl,1787303068,0.2135,0.2063375,0.22782499999999997,0.2063375,1/3,2.0,2.0,33.333333333333336,-1.0,loss,bull,close_vs_ema50,1787284800,76303.5,66670.9461074236,
3491,1787302824,ENSUSDT,LONG,overheated_confirmed,overheated_confirmed,1,sl,1787303068,5.118,4.976678571428572,5.329982142857143,4.976678571428572,2/3,1.5,1.5,40.0,-1.0,loss,bull,close_vs_ema50,1787284800,76303.5,66670.9461074236,
3492,1787302828,FETUSDT,LONG,overheated_confirmed,overheated_confirmed,1,sl,1787303126,0.1619,0.15676785714285713,0.16959821428571428,0.15676785714285713,2/3,1.5,1.5,40.0,-1.0,loss,bull,close_vs_ema50,1787284800,76303.5,66670.9461074236,
3498,1787303315,BBUSDT,LONG,overheated_confirmed,overheated_confirmed,1,tp,1787303783,0.01077,0.009963214285714285,0.01238357142857143,0.01242,1/3,2.0,2.0,33.333333333333336,2.0451527224435586,win,bull,close_vs_ema50,1787284800,76303.5,66670.9461074236,
3501,1787303711,GWEIUSDT,LONG,ema_cross_confirmed,ema_cross_confirmed,1,sl,1787387238,0.024328,0.022618206896551724,0.02774758620689655,0.022618206896551724,1/3,2.0,2.0,33.333333333333336,-1.0,loss,bull,close_vs_ema50,1787284800,76303.5,66670.9461074236,
3502,1787303714,HEMIUSDT,LONG,overheated_confirmed,overheated_confirmed,1,tp,1787313236,0.011241,0.009957160714285714,0.01380867857142857,0.01406,1/3,2.0,2.0,33.333333333333336,2.195757702204604,win,bull,close_vs_ema50,1787284800,76303.5,66670.9461074236,
3520,1787304635,BBUSDT,LONG,overheated_confirmed,overheated_confirmed,1,sl,1787304924,0.01374,0.012933214285714286,0.014546785714285715,0.01267,3/3,1.0,1.0,50.0,-1.3262505533421858,loss,bull,close_vs_ema50,1787284800,76303.5,66670.9461074236,
3533,1787305535,PIEVERSEUSDT,LONG,overheated_confirmed,overheated_confirmed,1,sl,1787310806,1.1008,1.0347089285714286,1.2329821428571428,1.0347089285714286,1/3,2.0,2.0,33.333333333333336,-1.0,loss,bull,close_vs_ema50,1787284800,76303.5,66670.9461074236,
3534,1787305536,IMXUSDT,LONG,overheated_confirmed,overheated_confirmed,1,sl,1787340203,0.1247,0.1202107142857143,0.13367857142857142,0.1177,1/3,2.0,2.0,33.333333333333336,-1.5592680986475767,loss,bull,close_vs_ema50,1787284800,76303.5,66670.9461074236,
3551,1787308214,XPLUSDT,LONG,overheated_confirmed,overheated_confirmed,1,sl,1787308647,0.1056,0.10218964285714285,0.10901035714285714,0.10218964285714285,3/3,1.0,1.0,50.0,-1.0,loss,bull,close_vs_ema50,1787284800,76303.5,66670.9461074236,
3565,1787309305,VELVETUSDT,LONG,overheated_confirmed,overheated_confirmed,1,sl,1787463063,0.77171,0.6621130357142857,0.9909039285714286,0.66131,1/3,2.0,2.0,33.333333333333336,-1.0073271711449259,loss,bull,close_vs_ema50,1787284800,76303.5,66670.9461074236,
3571,1787309366,RIVERUSDT,LONG,overheated_confirmed,overheated_confirmed,1,sl,1787318377,3.139,3.0104285714285712,3.396142857142857,2.961,1/3,2.0,2.0,33.333333333333336,-1.3844444444444441,loss,bull,close_vs_ema50,1787284800,76303.5,66670.9461074236,
3575,1787310020,PUMPUSDT,LONG,overheated_confirmed,overheated_confirmed,1,sl,1787340936,0.004098,0.0038494821428571428,0.004470776785714286,0.0038494821428571428,2/3,1.5,1.5000000000000009,40.0,-1.0,loss,bull,close_vs_ema50,1787284800,76303.5,66670.9461074236,
3580,1787310918,PENGUUSDT,LONG,overheated_confirmed,overheated_confirmed,1,tp,1787358456,0.007863,0.00759225,0.0084045,0.008904,1/3,2.0,2.0,33.333333333333336,3.8448753462603866,win,bull,close_vs_ema50,1787284800,76303.5,66670.9461074236,
3592,1787311650,USUALUSDT,LONG,overheated_confirmed,overheated_confirmed,1,sl,1787311680,0.01181,0.011515892857142856,0.012398214285714285,0.011515892857142856,1/3,2.0,2.0,33.333333333333336,-1.0,loss,bull,close_vs_ema50,1787284800,76303.5,66670.9461074236,
3594,1787311772,XPLUSDT,LONG,overheated_confirmed,overheated_confirmed,1,sl,1787312908,0.10553,0.10198517857142857,0.11261964285714286,0.10188,1/3,2.0,2.0,33.333333333333336,-1.029671049317414,loss,bull,close_vs_ema50,1787284800,76303.5,66670.9461074236,
3595,1787311804,WIFUSDT,LONG,overheated_confirmed,overheated_confirmed,1,sl,1787313778,0.1891,0.18405357142857143,0.19919285714285712,0.1838,1/3,2.0,2.0,33.333333333333336,-1.0502476999292303,loss,bull,close_vs_ema50,1787284800,76303.5,66670.9461074236,
3596,1787311823,STXUSDT,LONG,overheated_confirmed,overheated_confirmed,1,tp,1787340203,0.1663,0.1616607142857143,0.17557857142857142,0.1762,1/3,2.0,2.0,33.333333333333336,2.133949191685914,win,bull,close_vs_ema50,1787284800,76303.5,66670.9461074236,
3597,1787311828,JASMYUSDT,LONG,overheated_confirmed,overheated_confirmed,1,tp,1787361074,0.004359,0.004212857142857143,0.004651285714285714,0.004658,1/3,2.0,2.0,33.333333333333336,2.0459433040078228,win,bull,close_vs_ema50,1787284800,76303.5,66670.9461074236,
3598,1787312731,YGGUSDT,LONG,overheated_confirmed,overheated_confirmed,1,sl,1787318377,0.02431,0.02364410714285714,0.025641785714285714,0.02364410714285714,1/3,2.0,2.0,33.333333333333336,-1.0,loss,bull,close_vs_ema50,1787284800,76303.5,66670.9461074236,
3599,1787312732,SSVUSDT,LONG,overheated_confirmed,overheated_confirmed,1,sl,1787318377,2.899,2.797214285714286,3.1025714285714283,2.797214285714286,1/3,2.0,2.0,33.333333333333336,-1.0,loss,bull,close_vs_ema50,1787284800,76303.5,66670.9461074236,
3613,1787313621,BCHUSDT,LONG,overheated_confirmed,overheated_confirmed,1,tp,1787340203,263.34,256.5433928571428,276.9332142857143,292.51,1/3,2.0,2.0,33.333333333333336,4.291847297758847,win,bull,close_vs_ema50,1787299200,76743.0,67065.92861301484,
3614,1787313624,HEMIUSDT,LONG,overheated_confirmed,overheated_confirmed,1,sl,1787318377,0.014375,0.013085642857142858,0.016953714285714287,0.012876,1/3,2.0,2.0000000000000013,33.333333333333336,-1.1625948700903004,loss,bull,close_vs_ema50,1787299200,76743.0,67065.92861301484,
3615,1787313625,PLUMEUSDT,LONG,overheated_confirmed,overheated_confirmed,1,sl,1787341322,0.015035,0.014366107142857142,0.016372785714285715,0.014355,1/3,2.0,2.0,33.333333333333336,-1.0166052645629768,loss,bull,close_vs_ema50,1787299200,76743.0,67065.92861301484,
3616,1787313626,CRVUSDT,LONG,overheated_confirmed,overheated_confirmed,1,tp,1787361457,0.3239,0.31058214285714286,0.35053571428571434,0.35053571428571434,1/3,2.0,2.0,33.333333333333336,2.0,win,bull,close_vs_ema50,1787299200,76743.0,67065.92861301484,
3627,1787314510,PIEVERSEUSDT,LONG,overheated_confirmed,overheated_confirmed,1,sl,1787340203,1.1811,1.1150089285714286,1.2802366071428573,1.1007,2/3,1.5,1.5000000000000018,40.0,-1.2165032017508317,loss,bull,close_vs_ema50,1787299200,76743.0,67065.92861301484,
3629,1787314512,ROBOUSDT,LONG,overheated_confirmed,overheated_confirmed,1,tp,1787343890,0.01609,0.015083392857142858,0.018103214285714285,0.01816,1/3,2.0,2.0,33.333333333333336,2.0564129856306543,win,bull,close_vs_ema50,1787299200,76743.0,67065.92861301484,
3636,1787314768,ROBOUSDT,LONG,ema_cross_confirmed,ema_cross_confirmed,1,sl,1787380071,0.01609,0.015002241379310345,0.01826551724137931,0.01471,1/3,2.0,2.0,33.333333333333336,-1.2686638135996187,loss,bull,close_vs_ema50,1787299200,76743.0,67065.92861301484,
3637,1787314769,SLXUSDT,LONG,ema_cross_confirmed,ema_cross_confirmed,1,sl,1787380225,0.07292,0.07002655172413792,0.07870689655172415,0.07001,1/3,2.0,2.0,33.333333333333336,-1.005720414730064,loss,bull,close_vs_ema50,1787299200,76743.0,67065.92861301484,
3641,1787318388,TUTUSDT,LONG,overheated_confirmed,overheated_confirmed,1,tp,1787426290,0.041357,0.03384285714285714,0.056385285714285714,0.056385285714285714,1/3,2.0,2.0,33.333333333333336,2.0,win,bull,close_vs_ema50,1787299200,76743.0,67065.92861301484,
3642,1787318392,UAIUSDT,LONG,ema_cross_confirmed,ema_cross_confirmed,1,sl,1787380071,0.2734,0.26112379310344824,0.29795241379310344,0.24179,1/3,2.0,2.0,33.333333333333336,-2.5748995814724265,loss,bull,close_vs_ema50,1787299200,76743.0,67065.92861301484,
3653,1787318936,MEUSDT,LONG,overheated_confirmed,overheated_confirmed,1,sl,1787340203,0.0724,0.07038035714285715,0.07643928571428572,0.0687,1/3,2.0,2.0,33.333333333333336,-1.8320070733863867,loss,bull,close_vs_ema50,1787299200,76743.0,67065.92861301484,
3663,1787319118,SCRTUSDT,LONG,overheated_confirmed,overheated_confirmed,1,sl,1787319236,0.02903,0.026894642857142857,0.03330071428571429,0.02655,1/3,2.0,2.0,33.333333333333336,-1.1613982271282817,loss,bull,close_vs_ema50,1787299200,76743.0,67065.92861301484,
3673,1787319940,ENSUSDT,LONG,overheated_confirmed,overheated_confirmed,1,tp,1787358456,5.082,4.910035714285714,5.425928571428572,6.172,1/3,2.0,2.0,33.333333333333336,6.338525441329168,win,bull,close_vs_ema50,1787299200,76743.0,67065.92861301484,
3674,1787319956,ZORAUSDT,LONG,overheated_confirmed,overheated_confirmed,1,sl,1787340203,0.00717,0.006954107142857143,0.007601785714285715,0.00673,1/3,2.0,2.0,33.333333333333336,-2.038047973531845,loss,bull,close_vs_ema50,1787299200,76743.0,67065.92861301484,
3676,1787320845,GALAUSDT,LONG,overheated_confirmed,overheated_confirmed,1,sl,1787389460,0.002018,0.0019165892857142856,0.0022208214285714283,0.0019165892857142856,1/3,2.0,2.0,33.333333333333336,-1.0,loss,bull,close_vs_ema50,1787299200,76743.0,67065.92861301484,
3683,1787321252,AAVEUSDT,LONG,overheated_confirmed,overheated_confirmed,1,tp,1787358456,110.88,107.46642857142857,117.70714285714286,123.19,1/3,2.0,2.0,33.333333333333336,3.606193764385854,win,bull,close_vs_ema50,1787299200,76743.0,67065.92861301484,
3686,1787321402,BLESSUSDT,LONG,overheated_confirmed,overheated_confirmed,1,tp,1787742258,0.008432,0.007768089285714286,0.009759821428571428,0.009759821428571428,1/3,2.0,2.0,33.333333333333336,2.0,win,bull,close_vs_ema50,1787299200,76743.0,67065.92861301484,
3690,1787321522,MINAUSDT,LONG,overheated_confirmed,overheated_confirmed,1,tp,1787340203,0.05097,0.04961839285714286,0.05367321428571428,0.05374,1/3,2.0,2.0,33.333333333333336,2.0494120755714142,win,bull,close_vs_ema50,1787299200,76743.0,67065.92861301484,
3724,1787341522,MAGMAUSDT,LONG,overheated_confirmed,overheated_confirmed,1,tp,1787400432,0.2978,0.27512160714285716,0.3431567857142857,0.3431567857142857,1/3,2.0,2.0,33.333333333333336,2.0,win,bull,close_vs_ema50,1787313600,77222.0,67464.20592230838,
3728,1787342995,COTIUSDT,LONG,overheated_confirmed,overheated_confirmed,1,sl,1787358456,0.0123,0.011818928571428572,0.013262142857142856,0.01112,1/3,2.0,2.0,33.333333333333336,-2.4528582034150004,loss,bull,close_vs_ema50,1787328000,76991.8,67837.83706261001,
3729,1787343302,ZECUSDT,LONG,overheated_confirmed,overheated_confirmed,1,tp,1787361676,693.57,665.578392857143,749.5532142857143,749.5532142857143,1/3,2.0,2.0,33.333333333333336,2.0,win,bull,close_vs_ema50,1787328000,76991.8,67837.83706261001,
3730,1787343304,PROMUSDT,LONG,overheated_confirmed,overheated_confirmed,1,tp,1787490242,2.65,2.452267857142857,3.0454642857142855,3.096,1/3,2.0,2.0,33.333333333333336,2.25557662783347,win,bull,close_vs_ema50,1787328000,76991.8,67837.83706261001,
3741,1787358875,ENSUSDT,LONG,overheated_confirmed,overheated_confirmed,1,sl,1787380071,6.22,5.989,6.6819999999999995,5.925,1/3,2.0,2.0,33.333333333333336,-1.2770562770562774,loss,bull,close_vs_ema50,1787342400,78306.4,68248.36894250766,
3746,1787358938,SUSDT,LONG,overheated_confirmed,overheated_confirmed,1,sl,1787389460,0.02926,0.028284464285714288,0.03121107142857143,0.028284464285714288,1/3,2.0,2.0,33.333333333333336,-1.0,loss,bull,close_vs_ema50,1787342400,78306.4,68248.36894250766,
3747,1787358940,REDUSDT,LONG,overheated_confirmed,overheated_confirmed,1,sl,1787380071,0.1261,0.11512857142857141,0.14804285714285714,0.1147,1/3,2.0,2.0,33.333333333333336,-1.039062499999999,loss,bull,close_vs_ema50,1787342400,78306.4,68248.36894250766,
3753,1787359062,THETAUSDT,LONG,overheated_confirmed,overheated_confirmed,1,sl,1787462600,0.1889,0.18273928571428572,0.2012214285714286,0.1822,1/3,2.0,2.0,33.333333333333336,-1.0875362318840578,loss,bull,close_vs_ema50,1787342400,78306.4,68248.36894250766,
3765,1787359185,ETCUSDT,LONG,overheated_confirmed,overheated_confirmed,1,sl,1787380071,8.589,8.347339285714286,9.07232142857143,8.265,1/3,2.0,2.0,33.333333333333336,-1.3407226778984682,loss,bull,close_vs_ema50,1787342400,78306.4,68248.36894250766,
3766,1787359186,BEATUSDT,LONG,overheated_confirmed,overheated_confirmed,1,sl,1787586428,0.1701,0.1248642857142857,0.26057142857142856,0.1248642857142857,1/3,2.0,1.9999999999999993,33.333333333333336,-1.0,loss,bull,close_vs_ema50,1787342400,78306.4,68248.36894250766,
3784,1787359373,RVNUSDT,LONG,overheated_confirmed,overheated_confirmed,1,sl,1787406208,0.003507,0.0033685714285714287,0.003783857142857143,0.003367,1/3,2.0,2.0,33.333333333333336,-1.0113519091847258,loss,bull,close_vs_ema50,1787342400,78306.4,68248.36894250766,
3785,1787359551,IOTAUSDT,LONG,overheated_confirmed,overheated_confirmed,1,sl,1787412183,0.04591,0.04443732142857143,0.04885535714285714,0.04441,1/3,2.0,2.0,33.333333333333336,-1.0185522008002934,loss,bull,close_vs_ema50,1787342400,78306.4,68248.36894250766,
3788,1787360450,TRBUSDT,LONG,overheated_confirmed,overheated_confirmed,1,tp,1787520724,18.34,17.74267857142857,19.53464285714286,19.55,1/3,2.0,2.0,33.333333333333336,2.02571001494768,win,bull,close_vs_ema50,1787342400,78306.4,68248.36894250766,
3789,1787360453,FARTCOINUSDT,LONG,overheated_confirmed,overheated_confirmed,1,sl,1787380071,0.20422,0.19435053571428573,0.22395892857142857,0.18755,1/3,2.0,2.0,33.333333333333336,-1.6890481101521677,loss,bull,close_vs_ema50,1787342400,78306.4,68248.36894250766,
3791,1787360515,BICOUSDT,LONG,ema_cross_confirmed,ema_cross_confirmed,1,sl,1787462600,0.02049,0.01873603448275862,0.023997931034482764,0.01845,1/3,2.0,2.0,33.333333333333336,-1.1630787378354455,loss,bull,close_vs_ema50,1787342400,78306.4,68248.36894250766,
3793,1787361343,DASHUSDT,LONG,overheated_confirmed,overheated_confirmed,1,tp,1787383999,39.7,38.46678571428572,42.16642857142857,42.29,1/3,2.0,2.0,33.333333333333336,2.1002027222704918,win,bull,close_vs_ema50,1787342400,78306.4,68248.36894250766,
3798,1787361537,REUSDT,LONG,overheated_confirmed,overheated_confirmed,1,sl,1787380071,0.58854,0.5452885714285713,0.6750428571428572,0.5375,1/3,2.0,2.0,33.333333333333336,-1.1800766283524888,loss,bull,close_vs_ema50,1787342400,78306.4,68248.36894250766,
3813,1787361845,VIRTUALUSDT,LONG,overheated_confirmed,overheated_confirmed,1,sl,1787380071,0.7444,0.7122517857142856,0.8086964285714286,0.7047,1/3,2.0,2.0,33.333333333333336,-1.2349052935621803,loss,bull,close_vs_ema50,1787342400,78306.4,68248.36894250766,
3819,1787362207,SKYAIUSDT,LONG,overheated_confirmed,overheated_confirmed,1,sl,1787380071,0.08677,0.07787071428571428,0.10456857142857144,0.0727,1/3,2.0,2.0,33.333333333333336,-1.5810257645075836,loss,bull,close_vs_ema50,1787342400,78306.4,68248.36894250766,
3821,1787362239,SLPUSDT,LONG,overheated_confirmed,overheated_confirmed,1,sl,1787380071,0.000685,0.0006645357142857142,0.0007259285714285715,0.000639,1/3,2.0,2.0,33.333333333333336,-2.24781849912739,loss,bull,close_vs_ema50,1787342400,78306.4,68248.36894250766,
3822,1787362247,WIFUSDT,LONG,overheated_confirmed,overheated_confirmed,1,sl,1787387480,0.2083,0.20036607142857144,0.22416785714285717,0.20036607142857144,1/3,2.0,2.0,33.333333333333336,-1.0,loss,bull,close_vs_ema50,1787342400,78306.4,68248.36894250766,
3823,1787362251,ZECUSDT,LONG,overheated_confirmed,overheated_confirmed,1,tp,1787382318,746.88,715.3564285714285,809.9271428571429,809.9271428571429,1/3,2.0,2.0,33.333333333333336,2.0,win,bull,close_vs_ema50,1787342400,78306.4,68248.36894250766,
3866,1787381921,USARUSDT,LONG,ema_cross_confirmed,ema_cross_confirmed,1,sl,1787578412,19.07,18.31948275862069,20.57103448275862,18.31948275862069,1/3,2.0,2.0,33.333333333333336,-1.0,loss,bull,close_vs_ema50,1787356800,78386.6,68645.94663103677,
3884,1787383247,MOVEUSDT,LONG,overheated_confirmed,overheated_confirmed,1,sl,1787400075,0.00875,0.008411964285714287,0.00942607142857143,0.008411964285714287,1/3,2.0,2.0,33.333333333333336,-1.0,loss,bull,close_vs_ema50,1787356800,78386.6,68645.94663103677,
3891,1787383850,RECALLUSDT,LONG,overheated_confirmed,overheated_confirmed,1,sl,1787387268,0.05711,0.05491946428571429,0.06149107142857143,0.05485,1/3,2.0,2.0,33.333333333333336,-1.0317110948072055,loss,bull,close_vs_ema50,1787356800,78386.6,68645.94663103677,
3893,1787384746,ZAMAUSDT,LONG,overheated_confirmed,overheated_confirmed,1,sl,1787386813,0.06476,0.06203,0.07021999999999999,0.06167,1/3,2.0,2.0,33.333333333333336,-1.1318681318681318,loss,bull,close_vs_ema50,1787356800,78386.6,68645.94663103677,
3896,1787386011,BIGTIMEUSDT,LONG,overheated_confirmed,overheated_confirmed,1,sl,1787387356,0.006846,0.006569625,0.007398749999999999,0.006558,1/3,2.0,2.0,33.333333333333336,-1.0420624151967448,loss,bull,close_vs_ema50,1787371200,77275.1,68984.34480236867,
3900,1787386537,KAIAUSDT,LONG,overheated_confirmed,overheated_confirmed,1,sl,1787395810,0.03277,0.0314875,0.035335,0.03079,1/3,2.0,2.0,33.333333333333336,-1.5438596491228076,loss,bull,close_vs_ema50,1787371200,77275.1,68984.34480236867,
3936,1787388336,CCUSDT,LONG,overheated_confirmed,overheated_confirmed,1,sl,1787390022,0.12134,0.11686035714285714,0.13029928571428573,0.11663,1/3,2.0,2.0,33.333333333333336,-1.0514231045204496,loss,bull,close_vs_ema50,1787371200,77275.1,68984.34480236867,
3937,1787388339,NILUSDT,LONG,ema_cross_confirmed,ema_cross_confirmed,1,sl,1787405666,0.05091,0.04709793103448275,0.058534137931034486,0.04701,1/3,2.0,2.0,33.333333333333336,-1.0230664857530505,loss,bull,close_vs_ema50,1787371200,77275.1,68984.34480236867,
3938,1787388341,ACUUSDT,SHORT,ema_cross_confirmed,ema_cross_confirmed,1,sl,1787830558,0.11525,0.1319748275862069,0.0818003448275862,0.1427,1/3,2.0,2.0,33.333333333333336,-1.6412725248443352,loss,bull,close_vs_ema50,1787371200,77275.1,68984.34480236867,
3939,1787388345,TUTUSDT,LONG,ema_cross_confirmed,ema_cross_confirmed,1,tp,1787426230,0.040262,0.03292710344827586,0.05493179310344828,0.05493179310344828,1/3,2.0,2.0,33.333333333333336,2.0,win,bull,close_vs_ema50,1787371200,77275.1,68984.34480236867,
3940,1787388354,BASUSDT,SHORT,ema_cross_confirmed,ema_cross_confirmed,1,tp,1787682545,0.025234,0.02684103448275862,0.022019931034482756,0.021814,1/3,2.0,2.0,33.333333333333336,2.1281435069951065,win,bull,close_vs_ema50,1787371200,77275.1,68984.34480236867,
3943,1787389234,POLUSDT,LONG,overheated_confirmed,overheated_confirmed,1,sl,1787389670,0.11899,0.11441553571428571,0.12813892857142856,0.11362,1/3,2.0,1.999999999999997,33.333333333333336,-1.1739079517507904,loss,bull,close_vs_ema50,1787371200,77275.1,68984.34480236867,
3944,1787389242,HOMEUSDT,LONG,ema_cross_confirmed,ema_cross_confirmed,1,sl,1787433166,0.00646,0.0060037931034482754,0.007372413793103448,0.0060037931034482754,1/3,2.0,2.0,33.333333333333336,-1.0,loss,bull,close_vs_ema50,1787371200,77275.1,68984.34480236867,
3947,1787390124,UAIUSDT,SHORT,ema_cross_confirmed,ema_cross_confirmed,1,sl,1787485200,0.23495,0.25897344827586205,0.18690310344827588,0.27123,1/3,2.0,2.0,33.333333333333336,-1.510191192513064,loss,bull,close_vs_ema50,1787371200,77275.1,68984.34480236867,
3988,1787403626,TRADOORUSDT,SHORT,ema_cross_confirmed,ema_cross_confirmed,1,sl,1787830558,0.572,0.6229655172413793,0.4700689655172413,0.623,1/3,2.0,2.0,33.333333333333336,-1.000676589986469,loss,bull,close_vs_ema50,1787385600,77124.8,69303.57833953068,
4030,1787415350,RIVERUSDT,SHORT,ema_cross_confirmed,ema_cross_confirmed,1,tp,1787830558,2.45,2.7369655172413796,1.8760689655172413,1.751,1/3,2.0,2.0,33.333333333333336,2.4358327325162223,win,bull,close_vs_ema50,1787400000,76974.9,69604.4144830785,
4062,1787418944,PUMPUSDT,LONG,overheated_confirmed,overheated_confirmed,1,sl,1787953693,0.004818,0.004441607142857143,0.005570785714285715,0.004441607142857143,1/3,2.0,2.0,33.333333333333336,-1.0,loss,unknown,snapshot_missing,,,,
4076,1787425203,SWARMSUSDT,SHORT,ema_cross_confirmed,ema_cross_confirmed,1,sl,1787627183,0.007732,0.008725655172413794,0.005744689655172413,0.008774,1/3,2.0,2.0,33.333333333333336,-1.0486535258189893,loss,bull,close_vs_ema50,1787400000,76974.9,69604.4144830785,
4083,1787428808,FIGHTUSDT,SHORT,ema_cross_confirmed,ema_cross_confirmed,1,sl,1787740197,0.003365,0.0036405172413793104,0.002813965517241379,0.003734,1/3,2.0,2.0,33.333333333333336,-1.3392991239048802,loss,bull,close_vs_ema50,1787414400,77393.2,69909.85705236952,
4087,1787429712,VVVUSDT,LONG,overheated_confirmed,overheated_confirmed,1,sl,1787592925,17.413,16.19419642857143,19.85060714285714,16.19419642857143,1/3,2.0,2.0,33.333333333333336,-1.0,loss,bull,close_vs_ema50,1787414400,77393.2,69909.85705236952,
4113,1787430659,TUTUSDT,LONG,overheated_confirmed,overheated_confirmed,1,tp,1787431482,0.06352,0.05682533928571428,0.07690932142857142,0.07705,1/3,2.0,2.0,33.333333333333336,2.021013547576561,win,bull,close_vs_ema50,1787414400,77393.2,69909.85705236952,
4118,1787430843,TACUSDT,SHORT,ema_cross_confirmed,ema_cross_confirmed,1,sl,1787433196,0.001627,0.0018932758620689655,0.001094448275862069,0.0018932758620689655,1/3,2.0,2.0,33.333333333333336,-1.0,loss,bull,close_vs_ema50,1787414400,77393.2,69909.85705236952,
4121,1787431559,TUTUSDT,LONG,overheated_confirmed,overheated_confirmed,1,sl,1787432170,0.076101,0.06940633928571428,0.08614299107142859,0.06940633928571428,2/3,1.5,1.500000000000001,40.0,-1.0,loss,bull,close_vs_ema50,1787414400,77393.2,69909.85705236952,
4133,1787433301,STBLUSDT,SHORT,ema_cross_confirmed,ema_cross_confirmed,1,sl,1787830558,0.02477,0.02679206896551724,0.02072586206896552,0.02852,1/3,2.0,2.0,33.333333333333336,-1.8545361527967261,loss,bull,close_vs_ema50,1787414400,77393.2,69909.85705236952,
4134,1787433302,MOVRUSDT,SHORT,ema_cross_confirmed,ema_cross_confirmed,1,sl,1787830558,0.719,0.7850689655172414,0.5868620689655172,0.922,1/3,2.0,2.0,33.333333333333336,-3.0725469728601253,loss,bull,close_vs_ema50,1787414400,77393.2,69909.85705236952,
4135,1787433304,GRASSUSDT,SHORT,ema_cross_confirmed,ema_cross_confirmed,1,sl,1787509855,0.2978,0.332448275862069,0.22850344827586205,0.3327,1/3,2.0,2.0,33.333333333333336,-1.0072651273885342,loss,bull,close_vs_ema50,1787414400,77393.2,69909.85705236952,
4153,1787437805,ZROUSDT,LONG,overheated_confirmed,overheated_confirmed,1,sl,1787590029,1.191,1.117232142857143,1.3385357142857142,1.117232142857143,1/3,2.0,2.0,33.333333333333336,-1.0,loss,bull,close_vs_ema50,1787414400,77393.2,69909.85705236952,
4161,1787444102,HEIUSDT,SHORT,ema_cross_confirmed,ema_cross_confirmed,1,sl,1787725465,0.12761,0.14604793103448277,0.09073413793103446,0.14658,1/3,2.0,2.0,33.333333333333336,-1.0288573031606496,loss,bull,close_vs_ema50,1787428800,77052.1,70189.94501110012,
4169,1787444471,SOONUSDT,SHORT,ema_cross_confirmed,ema_cross_confirmed,1,sl,1787830558,0.1903,0.2032448275862069,0.16441034482758618,0.2058,1/3,2.0,2.0,33.333333333333336,-1.1973894512519978,loss,bull,close_vs_ema50,1787428800,77052.1,70189.94501110012,
4245,1787464275,PARTIUSDT,SHORT,ema_cross_confirmed,ema_cross_confirmed,1,sl,1787499988,0.02242,0.024480689655172413,0.01829862068965517,0.02452,1/3,2.0,2.0,33.333333333333336,-1.019076305220884,loss,bull,close_vs_ema50,1787443200,76919.5,70453.84912831188,
4246,1787464277,STARUSDT,SHORT,ema_cross_confirmed,ema_cross_confirmed,1,sl,1787565506,0.12298,0.14682206896551725,0.07529586206896552,0.14682206896551725,1/3,2.0,2.0,33.333333333333336,-1.0,loss,bull,close_vs_ema50,1787443200,76919.5,70453.84912831188,
4267,1787465712,STORJUSDT,SHORT,ema_cross_confirmed,ema_cross_confirmed,1,sl,1787506050,0.03899,0.04233758620689655,0.03229482758620689,0.04233758620689655,1/3,2.0,2.0,33.333333333333336,-1.0,loss,bull,close_vs_ema50,1787443200,76919.5,70453.84912831188,
4300,1787494544,PENDLEUSDT,LONG,overheated_confirmed,overheated_confirmed,1,sl,1787515477,1.968,1.8630535714285714,2.177892857142857,1.8630535714285714,1/3,2.0,2.0,33.333333333333336,-1.0,loss,bull,close_vs_ema50,1787472000,77272.4,70930.40982586576,
4302,1787495445,TRUMPUSDT,LONG,overheated_confirmed,overheated_confirmed,1,sl,1787496209,2.917,2.598303571428571,3.554392857142857,2.598303571428571,1/3,2.0,2.0,33.333333333333336,-1.0,loss,bull,close_vs_ema50,1787472000,77272.4,70930.40982586576,
4304,1787496342,ICXUSDT,SHORT,ema_cross_confirmed,ema_cross_confirmed,1,tp,1787894154,0.01711,0.018811379310344826,0.013707241379310349,0.013707241379310349,1/3,2.0,2.0,33.333333333333336,2.0,win,unknown,snapshot_missing,,,,
4314,1787500486,XPLUSDT,LONG,overheated_confirmed,overheated_confirmed,1,sl,1787507459,0.11098,0.10287517857142857,0.12718964285714285,0.10285,1/3,2.0,2.0,33.333333333333336,-1.003106616432018,loss,bull,close_vs_ema50,1787472000,77272.4,70930.40982586576,
4336,1787506247,SPKUSDT,LONG,overheated_confirmed,overheated_confirmed,1,tp,1787510051,0.02061,0.019226785714285714,0.023376428571428572,0.023376428571428572,1/3,2.0,2.0,33.333333333333336,2.0,win,bull,close_vs_ema50,1787486400,77106.7,71172.61728367496,
4346,1787510719,SPKUSDT,LONG,overheated_confirmed,overheated_confirmed,1,sl,1787518477,0.02311,0.021726785714285712,0.024493214285714285,0.02172,3/3,1.0,1.0,50.0,-1.0049057578104816,loss,bull,close_vs_ema50,1787486400,77106.7,71172.61728367496,
4363,1787530515,UAIUSDT,LONG,overheated_confirmed,overheated_confirmed,1,tp,1787553567,0.28,0.2551551785714286,0.32968964285714286,0.32968964285714286,1/3,2.0,2.0,33.333333333333336,2.0,win,bull,close_vs_ema50,1787515200,77706.2,71659.64232914402,
4364,1787530517,SPKUSDT,LONG,overheated_confirmed,overheated_confirmed,1,sl,1787559467,0.02356,0.02200964285714286,0.026660714285714284,0.02199,1/3,2.0,2.0,33.333333333333336,-1.0126698917300183,loss,bull,close_vs_ema50,1787515200,77706.2,71659.64232914402,
4379,1787553917,SCRTUSDT,LONG,overheated_confirmed,overheated_confirmed,1,sl,1787555009,0.02142,0.01791053571428572,0.028438928571428566,0.01787,1/3,2.0,2.0,33.333333333333336,-1.0115503994301136,loss,bull,close_vs_ema50,1787529600,76918.7,71865.87988486387,
4381,1787553978,RATSUSDT,LONG,overheated_confirmed,overheated_confirmed,1,sl,1787577867,4.678e-05,4.3211607142857145e-05,5.391678571428572e-05,4.289e-05,1/3,2.0,2.0,33.333333333333336,-1.0901266076164753,loss,bull,close_vs_ema50,1787529600,76918.7,71865.87988486387,
4382,1787553979,UAIUSDT,LONG,overheated_confirmed,overheated_confirmed,1,tp,1787581128,0.32871,0.3032067857142857,0.37971642857142857,0.37971642857142857,1/3,2.0,2.0,33.333333333333336,2.0,win,bull,close_vs_ema50,1787529600,76918.7,71865.87988486387,
4387,1787557515,GRASSUSDT,LONG,overheated_confirmed,overheated_confirmed,1,sl,1787718733,0.3726,0.34089642857142854,0.43600714285714287,0.3384,1/3,2.0,2.0,33.333333333333336,-1.07874281851977,loss,bull,close_vs_ema50,1787529600,76918.7,71865.87988486387,
4388,1787557517,PROMUSDT,LONG,overheated_confirmed,overheated_confirmed,1,sl,1787574933,3.827,3.5153749999999997,4.4502500000000005,3.5153749999999997,1/3,2.0,2.0,33.333333333333336,-1.0,loss,bull,close_vs_ema50,1787529600,76918.7,71865.87988486387,
4429,1787576454,SUPERUSDT,LONG,overheated_confirmed,overheated_confirmed,1,sl,1787590791,0.1265,0.121025,0.13745000000000002,0.1207,1/3,2.0,2.0,33.333333333333336,-1.0593607305936057,loss,bull,close_vs_ema50,1787558400,78404.2,72326.96255423229,
4482,1787586340,PROMUSDT,LONG,overheated_confirmed,overheated_confirmed,1,tp,1787628352,3.717,3.3361607142857146,4.478678571428571,4.482,1/3,2.0,1.999999999999999,33.333333333333336,2.008721339147561,win,bull,close_vs_ema50,1787558400,78404.2,72326.96255423229,
4488,1787587294,BICOUSDT,SHORT,ema_cross_confirmed,ema_cross_confirmed,1,sl,1787726095,0.01842,0.020980689655172413,0.01329862068965517,0.020980689655172413,1/3,2.0,2.0,33.333333333333336,-1.0,loss,bull,close_vs_ema50,1787572800,79055.0,72590.80715994867,
4501,1787589948,STORJUSDT,LONG,overheated_confirmed,overheated_confirmed,1,sl,1787594258,0.05329,0.04914946428571428,0.061571071428571426,0.04877,1/3,2.0,2.0,33.333333333333336,-1.091646181049725,loss,bull,close_vs_ema50,1787572800,79055.0,72590.80715994867,
4534,1787597155,UAIUSDT,LONG,overheated_confirmed,overheated_confirmed,1,sl,1787644821,0.36573,0.33395142857142857,0.42928714285714287,0.32483,1/3,2.0,2.0,33.333333333333336,-1.2870307934367269,loss,bull,close_vs_ema50,1787572800,79055.0,72590.80715994867,
4583,1787617708,ONGUSDT,LONG,overheated_confirmed,overheated_confirmed,1,tp,1787758279,0.08328,0.0633144642857143,0.12321107142857142,0.16878,1/3,2.0,2.0,33.333333333333336,4.282379457457943,win,bull,close_vs_ema50,1787601600,78947.4,73070.64690159046,
4621,1787622030,CTRUSDT,LONG,ema_cross_confirmed,ema_cross_confirmed,1,sl,1787676185,0.00904,0.008658793103448276,0.009802413793103447,0.0085,1/3,2.0,2.0,33.333333333333336,-1.4165535956580717,loss,bull,close_vs_ema50,1787601600,78947.4,73070.64690159046,
4623,1787622274,CTRUSDT,LONG,overheated_confirmed,overheated_confirmed,1,sl,1787676185,0.00904,0.008648392857142856,0.009823214285714286,0.0085,1/3,2.0,2.0,33.333333333333336,-1.3789329685362475,loss,bull,close_vs_ema50,1787601600,78947.4,73070.64690159046,
4634,1787625027,BEUSDT,LONG,ema_cross_confirmed,ema_cross_confirmed,1,tp,1787830558,208.7,202.32241379310344,221.4551724137931,229.6,1/3,2.0,2.0,33.333333333333336,3.2771019194376865,win,bull,close_vs_ema50,1787601600,78947.4,73070.64690159046,
4641,1787626828,TACUSDT,LONG,overheated_confirmed,overheated_confirmed,1,sl,1787646926,0.002656,0.0023479642857142857,0.0032720714285714284,0.002346,1/3,2.0,2.0,33.333333333333336,-1.006376811594203,loss,bull,close_vs_ema50,1787601600,78947.4,73070.64690159046,
4671,1787628631,PROMUSDT,LONG,overheated_confirmed,overheated_confirmed,1,sl,1787642923,4.542,4.124732142857143,5.167901785714285,4.124732142857143,2/3,1.5,1.5,40.0,-1.0,loss,bull,close_vs_ema50,1787601600,78947.4,73070.64690159046,
4695,1787634033,STARUSDT,LONG,overheated_confirmed,overheated_confirmed,1,tp,1787682545,0.14178,0.12690267857142856,0.17153464285714284,0.17153464285714284,1/3,2.0,2.0,33.333333333333336,2.0,win,bull,close_vs_ema50,1787616000,80442.5,73359.73917995946,
4701,1787634935,STXUSDT,LONG,overheated_confirmed,overheated_confirmed,1,sl,1787965903,0.2645,0.24223035714285715,0.30903928571428574,0.24223035714285715,1/3,2.0,2.0,33.333333333333336,-1.0,loss,unknown,snapshot_missing,,,,
4715,1787637883,JASMYUSDT,LONG,overheated_confirmed,overheated_confirmed,1,sl,1787884376,0.004939,0.004629410714285714,0.005558178571428571,0.004629410714285714,1/3,2.0,2.0,33.333333333333336,-1.0,loss,unknown,snapshot_missing,,,,
4724,1787638186,BRUSDT,LONG,overheated_confirmed,overheated_confirmed,1,sl,1787860087,0.27079,0.25167892857142854,0.30901214285714285,0.25166,1/3,2.0,2.0,33.333333333333336,-1.0009904505615654,loss,unknown,snapshot_missing,,,,
4749,1787644831,TSTBSCUSDT,SHORT,ema_cross_confirmed,ema_cross_confirmed,1,sl,1787916524,0.015276,0.01739744827586207,0.011033103448275862,0.01739744827586207,1/3,2.0,2.0,33.333333333333336,-1.0,loss,unknown,snapshot_missing,,,,
4802,1787647535,ONGUSDT,LONG,ema_cross_confirmed,ema_cross_confirmed,1,tp,1787758279,0.09929,0.07846689655172415,0.14093620689655173,0.16878,1/3,2.0,2.000000000000001,33.333333333333336,3.3371586599764864,win,bull,close_vs_ema50,1787630400,79663.1,73606.92980035322,
4817,1787650236,POPCATUSDT,LONG,overheated_confirmed,overheated_confirmed,1,sl,1787651993,0.06476,0.063141,0.06799799999999999,0.063141,1/3,2.0,2.0,33.333333333333336,-1.0,loss,bull,close_vs_ema50,1787630400,79663.1,73606.92980035322,
4925,1787732479,XANUSDT,LONG,ema_cross_confirmed,ema_cross_confirmed,1,sl,1787884275,0.012691,0.011890775862068964,0.01429144827586207,0.011890775862068964,1/3,2.0,2.0,33.333333333333336,-1.0,loss,unknown,snapshot_missing,,,,
4933,1787740203,BOBUSDT,LONG,overheated_confirmed,overheated_confirmed,1,sl,1787740813,0.006084,0.005881125,0.00648975,0.005879,1/3,2.0,2.0,33.333333333333336,-1.0104744300677777,loss,bull,close_vs_ema50,1787716800,78874.2,74750.67179072085,
4960,1787741112,BOBUSDT,LONG,overheated_confirmed,overheated_confirmed,1,tp,1787742207,0.006438,0.006235125,0.0067423125,0.0067423125,2/3,1.5,1.5,40.0,1.5,win,bull,close_vs_ema50,1787716800,78874.2,74750.67179072085,
4973,1787744700,FIGHTUSDT,LONG,ema_cross_confirmed,ema_cross_confirmed,1,sl,1787984132,0.003783,0.0035982413793103447,0.00415251724137931,0.003573,1/3,2.0,2.0,33.333333333333336,-1.136618141097425,loss,unknown,snapshot_missing,,,,
4975,1787744710,BICOUSDT,LONG,ema_cross_confirmed,ema_cross_confirmed,1,tp,1787758279,0.02206,0.02028844827586207,0.02560310344827586,0.0266,1/3,2.0,2.0,33.333333333333336,2.5627250608272516,win,bull,close_vs_ema50,1787716800,78874.2,74750.67179072085,
4976,1787744712,FARTCOINUSDT,LONG,overheated_confirmed,overheated_confirmed,1,sl,1787759922,0.215,0.19272446428571427,0.2595510714285715,0.19198,1/3,2.0,2.0000000000000013,33.333333333333336,-1.0334207129858977,loss,bull,close_vs_ema50,1787716800,78874.2,74750.67179072085,
4994,1787758269,BICOUSDT,LONG,overheated_confirmed,overheated_confirmed,1,sl,1787758953,0.02663,0.024781785714285715,0.030326428571428574,0.024781785714285715,1/3,2.0,2.0,33.333333333333336,-1.0,loss,bull,close_vs_ema50,1787731200,78441.0,74895.39054402593,
5128,1787831205,VETUSDT,LONG,overheated_confirmed,overheated_confirmed,1,sl,1787933982,0.006999,0.006662732142857143,0.007671535714285714,0.006646,1/3,2.0,2.0,33.333333333333336,-1.0497583771440713,loss,unknown,snapshot_missing,,,,
5154,1787832050,MAGMAUSDT,LONG,overheated_confirmed,overheated_confirmed,1,sl,1787832959,0.31841,0.2914346428571429,0.3723607142857143,0.28932,1/3,2.0,2.0,33.333333333333336,-1.0783916537580596,loss,bull,close_vs_ema50,1787817600,79441.2,75730.42268972419,
5177,1787833680,CROUSDT,LONG,ema_cross_confirmed,ema_cross_confirmed,1,sl,1787884101,0.0618,0.05933275862068966,0.06673448275862068,0.05933275862068966,1/3,2.0,1.9999999999999971,33.333333333333336,-1.0,loss,unknown,snapshot_missing,,,,
5180,1787834811,KMNOUSDT,LONG,overheated_confirmed,overheated_confirmed,1,tp,1787852383,0.02814,0.026714464285714286,0.030991071428571423,0.030991071428571423,1/3,2.0,2.0,33.333333333333336,2.0,win,bull,close_vs_ema50,1787817600,79441.2,75730.42268972419,
5183,1787835603,TUTUSDT,LONG,overheated_confirmed,overheated_confirmed,1,sl,1787867123,0.063821,0.04983542857142857,0.09179214285714286,0.049688,1/3,2.0,2.0,33.333333333333336,-1.010541476419575,loss,unknown,snapshot_missing,,,,
5195,1787837425,LINKUSDT,LONG,ema_cross_confirmed,ema_cross_confirmed,1,sl,1787934120,11.797,11.369189655172415,12.652620689655173,11.369189655172415,1/3,2.0,2.0,33.333333333333336,-1.0,loss,unknown,snapshot_missing,,,,
5196,1787837432,FIIUSDT,LONG,ema_cross_confirmed,ema_cross_confirmed,1,sl,1787877356,9.716,9.512982758620689,10.12203448275862,9.5,1/3,2.0,2.0,33.333333333333336,-1.063949044585984,loss,unknown,snapshot_missing,,,,
5198,1787837509,MAGMAUSDT,LONG,overheated_confirmed,overheated_confirmed,1,tp,1787897551,0.34965,0.32267464285714287,0.39011303571428574,0.39011303571428574,2/3,1.5,1.5,40.0,1.5,win,unknown,snapshot_missing,,,,
5201,1787838308,INTWUSDT,LONG,ema_cross_confirmed,ema_cross_confirmed,1,sl,1787839083,19.02,18.23896551724138,20.58206896551724,18.19,1/3,2.0,2.0,33.333333333333336,-1.0626931567328897,loss,bull,close_vs_ema50,1787817600,79441.2,75730.42268972419,
5205,1787839240,KERNELUSDT,LONG,ema_cross_confirmed,ema_cross_confirmed,1,sl,1787906826,0.04004,0.037859827586206894,0.04440034482758621,0.037859827586206894,1/3,2.0,2.0,33.333333333333336,-1.0,loss,unknown,snapshot_missing,,,,
5213,1787839642,MOVRUSDT,LONG,overheated_confirmed,overheated_confirmed,1,tp,1787885228,0.987,0.9111964285714286,1.138607142857143,1.138607142857143,1/3,2.0,2.0000000000000013,33.333333333333336,2.0000000000000013,win,unknown,snapshot_missing,,,,
5217,1787840159,CRMUSDT,LONG,overheated_confirmed,overheated_confirmed,1,tp,1787924829,246.92,241.1042857142857,258.5514285714286,258.5514285714286,1/3,2.0,2.000000000000005,33.333333333333336,2.000000000000005,win,unknown,snapshot_missing,,,,
5222,1787841054,4USDT,LONG,overheated_confirmed,overheated_confirmed,1,tp,1787877860,0.012692,0.011911357142857144,0.014253285714285713,0.014306,1/3,2.0,2.0,33.333333333333336,2.067526763656328,win,unknown,snapshot_missing,,,,
5224,1787841059,BLESSUSDT,LONG,overheated_confirmed,overheated_confirmed,1,sl,1787844451,0.01151,0.010686125,0.01315775,0.010686125,1/3,2.0,2.0,33.333333333333336,-1.0,loss,bull,close_vs_ema50,1787817600,79441.2,75730.42268972419,
5230,1787842049,CHIPUSDT,LONG,overheated_confirmed,overheated_confirmed,1,sl,1787885573,0.04012,0.03747571428571429,0.04540857142857142,0.03735,1/3,2.0,2.0,33.333333333333336,-1.0475418692598617,loss,unknown,snapshot_missing,,,,
5242,1787844646,NILUSDT,SHORT,ema_cross_confirmed,ema_cross_confirmed,1,sl,1787928428,0.04325,0.046883103448275856,0.03598379310344828,0.046883103448275856,1/3,2.0,2.0,33.333333333333336,-1.0,loss,unknown,snapshot_missing,,,,
5243,1787844712,牛来USDT,LONG,overheated_confirmed,overheated_confirmed,1,sl,1787857388,0.05804,0.04608392857142857,0.08195214285714286,0.04608392857142857,1/3,2.0,1.9999999999999993,33.333333333333336,-1.0,loss,unknown,snapshot_missing,,,,
5280,1787846573,2ZUSDT,LONG,ema_cross_confirmed,ema_cross_confirmed,1,sl,1787926503,0.05802,0.0557198275862069,0.0626203448275862,0.0557198275862069,1/3,2.0,2.0,33.333333333333336,-1.0,loss,unknown,snapshot_missing,,,,
5295,1787847361,SKRUSDT,LONG,overheated_confirmed,overheated_confirmed,1,tp,1787864889,0.008962,0.008545910714285714,0.00979417857142857,0.010039,1/3,2.0,2.0,33.333333333333336,2.588386764516547,win,unknown,snapshot_missing,,,,
5305,1787848348,HFTUSDT,LONG,overheated_confirmed,overheated_confirmed,1,tp,1787877356,0.00687,0.006421607142857143,0.007766785714285715,0.008,1/3,2.0,2.0,33.333333333333336,2.5201115093588204,win,unknown,snapshot_missing,,,,
5308,1787849142,SEIUSDT,LONG,ema_cross_confirmed,ema_cross_confirmed,1,sl,1787925831,0.04845,0.04659258620689655,0.052164827586206906,0.04659258620689655,1/3,2.0,2.0,33.333333333333336,-1.0,loss,unknown,snapshot_missing,,,,
5332,1787853754,OKTAUSDT,LONG,overheated_confirmed,overheated_confirmed,1,sl,1787927715,172.0,166.34178571428572,183.31642857142856,166.34178571428572,1/3,2.0,2.0,33.333333333333336,-1.0,loss,unknown,snapshot_missing,,,,
5337,1787854543,PROMUSDT,LONG,overheated_confirmed,overheated_confirmed,1,sl,1787859078,5.147,4.498035714285715,6.444928571428571,4.46,1/3,2.0,2.0,33.333333333333336,-1.0586098728743611,loss,unknown,snapshot_missing,,,,
5339,1787855413,CLOUSDT,LONG,ema_cross_confirmed,ema_cross_confirmed,1,sl,1787897104,0.10706,0.09809103448275862,0.12499793103448277,0.09809103448275862,1/3,2.0,2.0,33.333333333333336,-1.0,loss,unknown,snapshot_missing,,,,
5345,1787857257,HEMIUSDT,LONG,overheated_confirmed,overheated_confirmed,1,tp,1787898689,0.009371,0.008448875000000002,0.01121525,0.011316,1/3,2.0,2.0,33.333333333333336,2.1092585061678193,win,unknown,snapshot_missing,,,,
5352,1787860889,BLESSUSDT,LONG,overheated_confirmed,overheated_confirmed,1,sl,1787887158,0.011619,0.010766892857142859,0.013323214285714285,0.010766892857142859,1/3,2.0,2.0,33.333333333333336,-1.0,loss,unknown,snapshot_missing,,,,
5369,1787861272,ASTEROIDUSDT,LONG,overheated_confirmed,overheated_confirmed,1,sl,1787861314,7.32e-05,6.659464285714286e-05,8.641071428571428e-05,6.659464285714286e-05,1/3,2.0,2.0,33.333333333333336,-1.0,loss,unknown,snapshot_missing,,,,
5385,1787862613,POLYXUSDT,LONG,ema_cross_confirmed,ema_cross_confirmed,1,sl,1787911711,0.03576,0.03430396551724138,0.03867206896551724,0.0343,1/3,2.0,2.0,33.333333333333336,-1.0027235050325665,loss,unknown,snapshot_missing,,,,
5399,1787865312,ENAUSDT,LONG,overheated_confirmed,overheated_confirmed,1,sl,1787991367,0.17019,0.15624589285714285,0.19807821428571432,0.15615,1/3,2.0,2.0,33.333333333333336,-1.0068769449460206,loss,unknown,snapshot_missing,,,,
5401,1787866222,JELLYJELLYUSDT,LONG,ema_cross_confirmed,ema_cross_confirmed,1,sl,1787933017,0.0568,0.05496689655172414,0.06046620689655173,0.0547,1/3,2.0,2.0,33.333333333333336,-1.1455981941309272,loss,unknown,snapshot_missing,,,,
5412,1787868910,DFDVXUSDT,LONG,overheated_confirmed,overheated_confirmed,1,sl,1787937025,5.134,4.8985,5.605,4.882,1/3,2.0,2.0,33.333333333333336,-1.0700636942675186,loss,unknown,snapshot_missing,,,,
5431,1787872521,BTRUSDT,LONG,overheated_confirmed,overheated_confirmed,1,sl,1787886241,0.17267,0.1512875,0.215435,0.14991,1/3,2.0,2.0,33.333333333333336,-1.064421840289957,loss,unknown,snapshot_missing,,,,
5434,1787873413,HEMIUSDT,LONG,ema_cross_confirmed,ema_cross_confirmed,1,tp,1787922760,0.01071,0.009720362068965517,0.012689275862068968,0.012689275862068968,1/3,2.0,2.0,33.333333333333336,2.0,win,unknown,snapshot_missing,,,,
5437,1787877364,HFTUSDT,LONG,overheated_confirmed,overheated_confirmed,1,sl,1787878099,0.00792,0.007448035714285714,0.00862794642857143,0.00743,2/3,1.5,1.5000000000000018,40.0,-1.038214150586455,loss,unknown,snapshot_missing,,,,
5453,1787877792,TSTBSCUSDT,LONG,ema_cross_confirmed,ema_cross_confirmed,1,tp,1787927417,0.016194,0.015159465517241379,0.018263068965517243,0.018263068965517243,1/3,2.0,2.0,33.333333333333336,2.0,win,unknown,snapshot_missing,,,,
5454,1787877967,4USDT,LONG,overheated_confirmed,overheated_confirmed,1,sl,1787881095,0.014282,0.013465142857142856,0.015915714285714287,0.013465142857142856,1/3,2.0,2.0,33.333333333333336,-1.0,loss,unknown,snapshot_missing,,,,
5483,1787880625,ENAUSDT,LONG,ema_cross_confirmed,ema_cross_confirmed,1,sl,1787885175,0.1859,0.17210362068965518,0.21349275862068967,0.17210362068965518,1/3,2.0,2.0,33.333333333333336,-1.0,loss,unknown,snapshot_missing,,,,
5484,1787880631,ONEUSDT,LONG,ema_cross_confirmed,ema_cross_confirmed,1,sl,1787934317,0.000754,0.0007195517241379311,0.0008228965517241379,0.000716,1/3,2.0,2.0,33.333333333333336,-1.1031031031031056,loss,unknown,snapshot_missing,,,,
5508,1787884228,ARCUSDT,SHORT,ema_cross_confirmed,ema_cross_confirmed,1,sl,1787928796,0.06682,0.07160896551724139,0.05724206896551724,0.07192,1/3,2.0,2.0,33.333333333333336,-1.064948156682026,loss,unknown,snapshot_missing,,,,
5707,1787897085,龙虾USDT,LONG,overheated_confirmed,overheated_confirmed,1,tp,1787905779,0.041086,0.03481471428571428,0.05362857142857143,0.053643,1/3,2.0,2.0,33.333333333333336,2.002300735779859,win,unknown,snapshot_missing,,,,
5716,1787899659,HEMIUSDT,LONG,overheated_confirmed,overheated_confirmed,1,sl,1787905936,0.011896,0.010828482142857143,0.014031035714285715,0.010828482142857143,1/3,2.0,2.0,33.333333333333336,-1.0,loss,unknown,snapshot_missing,,,,
5723,1787900440,HFTUSDT,LONG,overheated_confirmed,overheated_confirmed,1,sl,1787900562,0.0093,0.008744464285714286,0.010411071428571426,0.0086,1/3,2.0,2.0,33.333333333333336,-1.2600450016072011,loss,unknown,snapshot_missing,,,,
5732,1787903141,GWEIUSDT,LONG,overheated_confirmed,overheated_confirmed,1,sl,1787911711,0.02874,0.02717780357142857,0.03186439285714286,0.02717780357142857,1/3,2.0,2.0,33.333333333333336,-1.0,loss,unknown,snapshot_missing,,,,
5735,1787904038,HEIUSDT,LONG,overheated_confirmed,overheated_confirmed,1,sl,1787908937,0.16812,0.15613821428571428,0.1920835714285714,0.15569,1/3,2.0,2.0,33.333333333333336,-1.0374079704313097,loss,unknown,snapshot_missing,,,,
5754,1787905843,MNTUSDT,LONG,ema_cross_confirmed,ema_cross_confirmed,1,sl,1787943136,0.5263,0.5056465517241379,0.5676068965517242,0.5054,1/3,2.0,2.0,33.333333333333336,-1.0119375573921012,loss,unknown,snapshot_missing,,,,
5759,1787906731,AEONUSDT,LONG,ema_cross_confirmed,ema_cross_confirmed,1,tp,1787963972,0.06365,0.059116896551724134,0.07271620689655173,0.07276,1/3,2.0,2.0,33.333333333333336,2.009660733302906,win,unknown,snapshot_missing,,,,
5786,1787908534,EDENUSDT,LONG,overheated_confirmed,overheated_confirmed,1,sl,1787935680,0.07274,0.06767321428571428,0.08287357142857144,0.06672,1/3,2.0,2.0,33.333333333333336,-1.1881299781490082,loss,unknown,snapshot_missing,,,,
5794,1787909432,MAGMAUSDT,LONG,overheated_confirmed,overheated_confirmed,1,tp,1787930575,0.3973,0.36504089285714286,0.46181821428571423,0.46251,1/3,2.0,2.0,33.333333333333336,2.021444664020682,win,unknown,snapshot_missing,,,,
5795,1787909437,XPDUSDT,LONG,ema_cross_confirmed,ema_cross_confirmed,1,tp,1787922127,1394.37,1371.988448275862,1439.1331034482755,1440.27,1/3,2.0,2.0,33.333333333333336,2.0507961452242998,win,unknown,snapshot_missing,,,,
5821,1787913936,MANTRAUSDT,LONG,ema_cross_confirmed,ema_cross_confirmed,1,sl,1787914844,0.005062,0.004864103448275862,0.005457793103448276,0.004864103448275862,1/3,2.0,2.0,33.333333333333336,-1.0,loss,unknown,snapshot_missing,,,,
5822,1787913941,MANTRAUSDT,LONG,overheated_confirmed,overheated_confirmed,1,sl,1787914844,0.005062,0.004867964285714285,0.005450071428571428,0.004867964285714285,1/3,2.0,2.0,33.333333333333336,-1.0,loss,unknown,snapshot_missing,,,,
5823,1787913942,CHILLGUYUSDT,LONG,overheated_confirmed,overheated_confirmed,1,tp,1787928194,0.014642,0.013805321428571429,0.016315357142857145,0.016315357142857145,1/3,2.0,2.000000000000002,33.333333333333336,2.000000000000002,win,unknown,snapshot_missing,,,,
5838,1787916539,CHIPUSDT,LONG,overheated_confirmed,overheated_confirmed,1,sl,1787974812,0.04289,0.03976785714285714,0.049134285714285714,0.03976785714285714,1/3,2.0,2.0,33.333333333333336,-1.0,loss,unknown,snapshot_missing,,,,
5843,1787917550,KAVAUSDT,LONG,ema_cross_confirmed,ema_cross_confirmed,1,sl,1787925998,0.04706,0.0457803448275862,0.04961931034482759,0.0457803448275862,1/3,2.0,2.0,33.333333333333336,-1.0,loss,unknown,snapshot_missing,,,,
5869,1787919372,BILLUSDT,LONG,ema_cross_confirmed,ema_cross_confirmed,1,sl,1787924305,0.02142,0.020632241379310346,0.022995517241379312,0.020632241379310346,1/3,2.0,2.0,33.333333333333336,-1.0,loss,unknown,snapshot_missing,,,,
5884,1787922770,BASUSDT,LONG,overheated_confirmed,overheated_confirmed,1,sl,1787934924,0.028792,0.02653482142857143,0.03330635714285715,0.02653482142857143,1/3,2.0,2.0000000000000013,33.333333333333336,-1.0,loss,unknown,snapshot_missing,,,,
5896,1787925684,LABUSDT,LONG,overheated_confirmed,overheated_confirmed,1,sl,1787934432,0.07972,0.07482839285714286,0.08950321428571427,0.07302,1/3,2.0,2.0,33.333333333333336,-1.3696929872595205,loss,unknown,snapshot_missing,,,,
5941,1787928344,CHILLGUYUSDT,LONG,overheated_confirmed,overheated_confirmed,1,sl,1787928553,0.016094,0.015257321428571429,0.017349017857142858,0.015257321428571429,2/3,1.5,1.5,40.0,-1.0,loss,unknown,snapshot_missing,,,,
5946,1787929243,LIGHTUSDT,LONG,overheated_confirmed,overheated_confirmed,1,sl,1787934432,0.2383,0.22465000000000002,0.2656,0.22465000000000002,1/3,2.0,2.0,33.333333333333336,-1.0,loss,unknown,snapshot_missing,,,,
5979,1787932087,DEXEUSDT,LONG,overheated_confirmed,overheated_confirmed,1,sl,1787932139,2.209,2.152,2.323,2.152,1/3,2.0,2.0,33.333333333333336,-1.0,loss,unknown,snapshot_missing,,,,
6036,1787933771,ICPUSDT,SHORT,ema_cross_confirmed,ema_cross_confirmed,1,sl,1787994968,2.353,2.468931034482759,2.121137931034483,2.47,1/3,2.0,2.0,33.333333333333336,-1.0092207019631168,loss,unknown,snapshot_missing,,,,
6050,1787935545,DEXEUSDT,LONG,overheated_confirmed,overheated_confirmed,1,sl,1787936033,2.42,2.363,2.5054999999999996,2.36,2/3,1.5,1.499999999999996,40.0,-1.0526315789473704,loss,unknown,snapshot_missing,,,,
6110,1787945450,AKEUSDT,LONG,overheated_confirmed,overheated_confirmed,1,tp,1787975831,0.0092329,0.007924583928571429,0.011849532142857144,0.011849532142857144,1/3,2.0,2.0,33.333333333333336,2.0,win,unknown,snapshot_missing,,,,
6114,1787946356,MAGMAUSDT,LONG,overheated_confirmed,overheated_confirmed,1,sl,1788002503,0.51324,0.47598482142857146,0.5877503571428572,0.47515,1/3,2.0,2.0,33.333333333333336,-1.0224081982849942,loss,unknown,snapshot_missing,,,,
6171,1787955324,DEXEUSDT,LONG,overheated_confirmed,overheated_confirmed,1,tp,1787967608,2.45,2.3775178571428572,2.594964285714286,2.594964285714286,1/3,2.0,2.0,33.333333333333336,2.0,win,unknown,snapshot_missing,,,,
6203,1787969755,DOSUSDT,LONG,overheated_confirmed,overheated_confirmed,1,sl,1787980389,0.2916,0.27807857142857145,0.31864285714285717,0.2736,1/3,2.0,2.0,33.333333333333336,-1.3312202852614907,loss,unknown,snapshot_missing,,,,
6215,1787974257,HNTUSDT,LONG,overheated_confirmed,overheated_confirmed,1,tp,1787984392,0.2579,0.23773035714285717,0.2982392857142857,0.2982392857142857,1/3,2.0,2.0,33.333333333333336,2.0,win,unknown,snapshot_missing,,,,
6219,1787976020,AKEUSDT,LONG,overheated_confirmed,overheated_confirmed,1,sl,1787978790,0.0114681,0.009999498214285715,0.01440530357142857,0.0099003,1/3,2.0,2.0,33.333333333333336,-1.0675460259211567,loss,unknown,snapshot_missing,,,,
6220,1787976044,AKEUSDT,LONG,ema_cross_confirmed,ema_cross_confirmed,1,sl,1787978790,0.0114681,0.010035253448275862,0.014333793103448277,0.0099003,1/3,2.0,2.0,33.333333333333336,-1.0941855553991264,loss,unknown,snapshot_missing,,,,
6230,1787976814,BANKUSDT,LONG,ema_cross_confirmed,ema_cross_confirmed,1,sl,1787979310,0.0375,0.03616137931034483,0.04017724137931034,0.03616,1/3,2.0,2.0,33.333333333333336,-1.0010303967027316,loss,unknown,snapshot_missing,,,,
6246,1787979628,BEATUSDT,LONG,ema_cross_confirmed,ema_cross_confirmed,1,tp,1787991663,0.1387,0.12815344827586206,0.15979310344827585,0.15979310344827585,1/3,2.0,2.0,33.333333333333336,2.0,win,unknown,snapshot_missing,,,,
6248,1787979760,BEATUSDT,LONG,overheated_confirmed,overheated_confirmed,1,tp,1787989356,0.1387,0.12856964285714284,0.1589607142857143,0.1589607142857143,1/3,2.0,2.0,33.333333333333336,2.0,win,unknown,snapshot_missing,,,,
6270,1787985043,HNTUSDT,LONG,overheated_confirmed,overheated_confirmed,1,sl,1787985932,0.3136,0.29343035714285715,0.33376964285714283,0.29343035714285715,3/3,1.0,1.0,50.0,-1.0,loss,unknown,snapshot_missing,,,,
6271,1787985045,BLESSUSDT,LONG,overheated_confirmed,overheated_confirmed,1,sl,1787994060,0.0127,0.01154692857142857,0.015006142857142857,0.011472,1/3,2.0,2.0,33.333333333333336,-1.064981725825435,loss,unknown,snapshot_missing,,,,
6299,1787991355,KNCUSDT,LONG,ema_cross_confirmed,ema_cross_confirmed,1,sl,1787997403,0.1249,0.12153793103448275,0.1316241379310345,0.1199,1/3,2.0,2.000000000000004,33.333333333333336,-1.4871794871794826,loss,unknown,snapshot_missing,,,,
6315,1787995800,NILUSDT,LONG,overheated_confirmed,overheated_confirmed,1,sl,1787997699,0.05094,0.04792821428571428,0.05696357142857143,0.04769,1/3,2.0,2.0,33.333333333333336,-1.0790940353373628,loss,unknown,snapshot_missing,,,,
6333,1788000304,USUSDT,LONG,overheated_confirmed,overheated_confirmed,1,sl,1788005212,0.020137,0.018549035714285712,0.02331292857142857,0.018314,1/3,2.0,2.0,33.333333333333336,-1.1480107055304396,loss,unknown,snapshot_missing,,,,
