id,ts_open,ts_open_utc,symbol,direction,alert_type,is_shadow,signal_price,fix_cohort,entry_price,sl_price,tp_price,outcome,exit_ts,exit_ts_utc,r,reason,opposite_within_60m,opposite_ts,opposite_alert_type,range_24h_pct,range_bucket,status_existing,ts_close_existing,exit_price_existing,rsi_1h,rsi_bucket,up_count_12,trend_streak_candles,rsi_oversold_bucket,trend_start_ts,trend_delay_hours,trend_delay_bucket,rsi_source
667,1786303309,2026-08-09T19:21:49+00:00,BICOUSDT,LONG,oversold_24h,0,0.04592,pre_fix,0.04592,0.044772,0.0477568,tp_first,1786306500,2026-08-09T20:15:00+00:00,1.5999999999999952,target_touch,no,,,614.415,at_or_above_50%,tp,1786306560,0.04929,23.46482309882066,rsi_lt_80,4,0,rsi_le_30,,,no_consecutive_trend,reconstructed
669,1786303315,2026-08-09T19:21:55+00:00,BSBUSDT,LONG,oversold_24h,0,0.14232,pre_fix,0.14232,0.138762,0.1480128,sl_first,1786329000,2026-08-10T02:30:00+00:00,-1.0,stop_touch,no,,,18.6104,below_50%,sl,1786334550,0.13853,18.384539147670935,rsi_lt_80,1,0,rsi_le_30,,,no_consecutive_trend,reconstructed
694,1786306332,2026-08-09T20:12:12+00:00,MAGMAUSDT,LONG,oversold_24h,0,0.19337,pre_fix,0.19337,0.18853574999999997,0.2011048,sl_first,1786320000,2026-08-10T00:00:00+00:00,-1.0,stop_touch,no,,,23.3892,below_50%,sl,1786334550,0.18635,12.892196299275994,rsi_lt_80,2,0,rsi_le_30,,,no_consecutive_trend,reconstructed
696,1786306354,2026-08-09T20:12:34+00:00,GWEIUSDT,LONG,oversold_24h,0,0.021273,pre_fix,0.021273,0.020741175,0.022123920000000002,tp_first,1786310100,2026-08-09T21:15:00+00:00,1.6000000000000039,target_touch,no,,,29.6208,below_50%,tp,1786334550,0.024126,1.9395017793594036,rsi_lt_80,1,0,rsi_le_30,,,no_consecutive_trend,reconstructed
705,1786307934,2026-08-09T20:38:54+00:00,BICOUSDT,LONG,oversold_24h,0,0.04912,pre_fix,0.04912,0.047892,0.0510848,sl_first,1786310100,2026-08-09T21:15:00+00:00,-1.0,stop_touch,no,,,614.415,at_or_above_50%,sl,1786309413,0.04773,25.04978096375946,rsi_lt_80,4,1,rsi_le_30,1786298400,2.6483333333333334,0-3.9h,reconstructed
714,1786311596,2026-08-09T21:39:56+00:00,NAORISUSDT,LONG,oversold_24h,0,0.03117,pre_fix,0.03117,0.030390749999999998,0.0324168,tp_first,1786359600,2026-08-10T11:00:00+00:00,1.5999999999999992,target_touch,no,,,25.2153,below_50%,tp,1786360274,0.03246,36.543535620052744,rsi_lt_80,5,0,rsi_gt_30,,,no_consecutive_trend,reconstructed
721,1786335182,2026-08-10T04:13:02+00:00,IOSTUSDT,LONG,oversold_24h,0,0.000591,pre_fix,0.000591,0.0005762250000000001,0.0006146400000000001,unresolved,1786421700,2026-08-11T04:15:00+00:00,-0.7445008460236938,window_close,no,,,18.569,below_50%,sl,1786428163,0.000576,12.500000000000256,rsi_lt_80,1,0,rsi_le_30,,,no_consecutive_trend,reconstructed
722,1786335186,2026-08-10T04:13:06+00:00,HFTUSDT,LONG,oversold_24h,0,0.0093,pre_fix,0.0093,0.0090675,0.009672,sl_first,1786341600,2026-08-10T06:00:00+00:00,-1.0,stop_touch,no,,,25.4125,below_50%,sl,1786341464,0.00893,28.514056224899562,rsi_lt_80,5,0,rsi_le_30,,,no_consecutive_trend,reconstructed
725,1786335476,2026-08-10T04:17:56+00:00,HMSTRUSDT,LONG,oversold_24h,0,0.0001955,pre_fix,0.0001955,0.0001906125,0.00020332000000000003,sl_first,1786378500,2026-08-10T16:15:00+00:00,-1.0,stop_touch,no,,,22.3802,below_50%,sl,1786378451,0.0001905,26.506024096385573,rsi_lt_80,6,0,rsi_le_30,,,no_consecutive_trend,reconstructed
808,1786375678,2026-08-10T15:27:58+00:00,COHRUSDT,LONG,oversold_24h,0,334.13,pre_fix,334.13,325.77675,347.4952,sl_first,1786392000,2026-08-10T20:00:00+00:00,-1.0,stop_touch,no,,,22.4482,below_50%,sl,1786391910,325.72,16.12701717855282,rsi_lt_80,5,0,rsi_le_30,,,no_consecutive_trend,reconstructed
809,1786375687,2026-08-10T15:28:07+00:00,FORMUSDT,LONG,oversold_24h,0,0.2144,pre_fix,0.2144,0.20904,0.222976,sl_first,1786437900,2026-08-11T08:45:00+00:00,-1.0,stop_touch,no,,,21.5558,below_50%,tp,1786603730,0.2236,47.22222222222225,rsi_lt_80,4,1,rsi_gt_30,1786366800,2.468611111111111,0-3.9h,reconstructed
810,1786375693,2026-08-10T15:28:13+00:00,OPENUSDT,LONG,oversold_24h,0,0.1919,pre_fix,0.1919,0.18710249999999998,0.199576,sl_first,1786404600,2026-08-10T23:30:00+00:00,-1.0,stop_touch,no,,,13.055,below_50%,tp,1786455772,0.2,15.969581749049453,rsi_lt_80,3,0,rsi_le_30,,,no_consecutive_trend,reconstructed
811,1786375699,2026-08-10T15:28:19+00:00,AGTUSDT,LONG,oversold_24h,0,0.013868,pre_fix,0.013868,0.0135213,0.01442272,tp_first,1786383900,2026-08-10T17:45:00+00:00,1.599999999999999,target_touch,no,,,30.896,below_50%,tp,1786418128,0.015711,11.589663273296935,rsi_lt_80,5,0,rsi_le_30,,,no_consecutive_trend,reconstructed
812,1786375738,2026-08-10T15:28:58+00:00,AXTIUSDT,LONG,oversold_24h,0,78.29,pre_fix,78.29,76.33275,81.42160000000001,sl_first,1786378500,2026-08-10T16:15:00+00:00,-1.0,stop_touch,no,,,21.7038,below_50%,sl,1786378150,76.09,13.90632544664416,rsi_lt_80,5,0,rsi_le_30,,,no_consecutive_trend,reconstructed
813,1786375755,2026-08-10T15:29:15+00:00,TUTUSDT,LONG,oversold_24h,0,0.118691,pre_fix,0.118691,0.115723725,0.12343864000000002,sl_first,1786375800,2026-08-10T15:30:00+00:00,-1.0,stop_touch,no,,,124.0906,at_or_above_50%,tp,1786376646,0.123821,29.224507153488645,rsi_lt_80,2,1,rsi_le_30,1786366800,2.4875,0-3.9h,reconstructed
814,1786378084,2026-08-10T16:08:04+00:00,TUTUSDT,LONG,oversold_24h,0,0.124707,pre_fix,0.124707,0.121589325,0.12969528,tp_first,1786378500,2026-08-10T16:15:00+00:00,1.5999999999999992,target_touch,no,,,124.0906,at_or_above_50%,tp,1786378367,0.131749,25.722847397111778,rsi_lt_80,2,2,rsi_le_30,1786366800,3.1344444444444446,0-3.9h,reconstructed
815,1786378126,2026-08-10T16:08:46+00:00,BTWUSDT,LONG,oversold_24h,0,0.183953,pre_fix,0.183953,0.179354175,0.19131112,tp_first,1786380300,2026-08-10T16:45:00+00:00,1.5999999999999988,target_touch,no,,,33.4947,below_50%,tp,1786379571,0.191472,25.124486765091305,rsi_lt_80,5,1,rsi_le_30,1786370400,2.1461111111111113,0-3.9h,reconstructed
816,1786378132,2026-08-10T16:08:52+00:00,USUSDT,LONG,oversold_24h,0,0.042413,pre_fix,0.042413,0.041352675,0.04410952,sl_first,1786380300,2026-08-10T16:45:00+00:00,-1.0,stop_touch,no,,,49.0964,below_50%,sl,1786380073,0.041164,35.62433297758801,rsi_lt_80,4,0,rsi_gt_30,,,no_consecutive_trend,reconstructed
817,1786378160,2026-08-10T16:09:20+00:00,BLUAIUSDT,LONG,oversold_24h,0,0.015106,pre_fix,0.015106,0.01472835,0.01571024,sl_first,1786380300,2026-08-10T16:45:00+00:00,-1.0,stop_touch,no,,,41.8182,below_50%,sl,1786380270,0.014685,32.67838676318512,rsi_lt_80,6,0,rsi_gt_30,,,no_consecutive_trend,reconstructed
818,1786380141,2026-08-10T16:42:21+00:00,TUTUSDT,LONG,oversold_24h,0,0.124198,pre_fix,0.124198,0.12109305,0.12916592000000002,tp_first,1786380300,2026-08-10T16:45:00+00:00,1.6,target_touch,no,,,124.0906,at_or_above_50%,tp,1786380677,0.13145,25.722847397111778,rsi_lt_80,2,2,rsi_le_30,1786366800,3.7058333333333335,0-3.9h,reconstructed
819,1786380150,2026-08-10T16:42:30+00:00,TRADOORUSDT,LONG,oversold_24h,0,0.576,pre_fix,0.576,0.5616,0.59904,sl_first,1786392000,2026-08-10T20:00:00+00:00,-1.0,stop_touch,no,,,20.2847,below_50%,sl,1786391606,0.558,32.97872340425532,rsi_lt_80,4,1,rsi_gt_30,1786370400,2.7083333333333335,0-3.9h,reconstructed
820,1786380213,2026-08-10T16:43:33+00:00,AXTIUSDT,LONG,oversold_24h,0,76.15,pre_fix,76.15,74.24625,79.19600000000001,sl_first,1786383900,2026-08-10T17:45:00+00:00,-1.0,stop_touch,no,,,24.5542,below_50%,sl,1786383873,74.17,16.682785299806582,rsi_lt_80,5,1,rsi_le_30,1786370400,2.7258333333333336,0-3.9h,reconstructed
821,1786380242,2026-08-10T16:44:02+00:00,BMTUSDT,LONG,oversold_24h,0,0.02456,pre_fix,0.02456,0.023946,0.0255424,tp_first,1786383000,2026-08-10T17:30:00+00:00,1.6000000000000023,target_touch,no,,,87.5592,at_or_above_50%,tp,1786384052,0.02563,26.94541231126597,rsi_lt_80,4,0,rsi_le_30,,,no_consecutive_trend,reconstructed
822,1786380248,2026-08-10T16:44:08+00:00,USUSDT,LONG,oversold_24h,0,0.04136,pre_fix,0.04136,0.040326,0.0430144,sl_first,1786385700,2026-08-10T18:15:00+00:00,-1.0,stop_touch,no,,,49.0964,below_50%,sl,1786385335,0.040278,35.62433297758801,rsi_lt_80,4,0,rsi_gt_30,,,no_consecutive_trend,reconstructed
825,1786381574,2026-08-10T17:06:14+00:00,XANUSDT,LONG,oversold_24h,0,0.011785,pre_fix,0.011785,0.009169764940109624,0.017015470119780753,unresolved,1786468500,2026-08-11T17:15:00+00:00,-0.12350706250226688,window_close,no,,,108.8366,at_or_above_50%,open,,,17.813313499442174,rsi_lt_80,4,0,rsi_le_30,,,no_consecutive_trend,reconstructed
827,1786381888,2026-08-10T17:11:28+00:00,THEUSDT,LONG,oversold_24h,0,0.0643,pre_fix,0.0643,0.05743152110299509,0.0780369577940098,unresolved,1786468500,2026-08-11T17:15:00+00:00,-0.4804557238195793,window_close,no,,,25.5663,below_50%,sl,1786639702,0.0573,31.506849315068536,rsi_lt_80,6,1,rsi_gt_30,1786374000,2.1911111111111112,0-3.9h,reconstructed
829,1786385241,2026-08-10T18:07:21+00:00,AXTIUSDT,LONG,oversold_24h,0,75.09,pre_fix,75.09,73.21275,78.09360000000001,sl_first,1786392900,2026-08-10T20:15:00+00:00,-1.0,stop_touch,no,,,27.7861,below_50%,sl,1786431352,72.91,12.499999999999957,rsi_lt_80,4,0,rsi_le_30,,,no_consecutive_trend,reconstructed
830,1786385257,2026-08-10T18:07:37+00:00,BMTUSDT,LONG,oversold_24h,0,0.02519,pre_fix,0.02519,0.02456025,0.0261976,sl_first,1786385700,2026-08-10T18:15:00+00:00,-1.0,stop_touch,no,,,87.5592,at_or_above_50%,sl,1786386731,0.02454,22.79050736497547,rsi_lt_80,5,2,rsi_le_30,1786374000,3.1269444444444443,0-3.9h,reconstructed
831,1786385261,2026-08-10T18:07:41+00:00,TUTUSDT,LONG,oversold_24h,0,0.133578,pre_fix,0.133578,0.13023855,0.13892112,sl_first,1786385700,2026-08-10T18:15:00+00:00,-1.0,stop_touch,no,,,124.0906,at_or_above_50%,sl,1786385335,0.12817,16.37953367875646,rsi_lt_80,4,4,rsi_le_30,1786366800,5.128055555555555,4-7.9h,reconstructed
832,1786385265,2026-08-10T18:07:45+00:00,BEATUSDT,LONG,oversold_24h,0,1.7591,pre_fix,1.7591,1.7151225,1.8294640000000002,sl_first,1786388400,2026-08-10T19:00:00+00:00,-1.0,stop_touch,no,,,125.6883,at_or_above_50%,sl,1786388528,1.7107,18.05811254302408,rsi_lt_80,4,0,rsi_le_30,,,no_consecutive_trend,reconstructed
834,1786385832,2026-08-10T18:17:12+00:00,SHELLUSDT,LONG,oversold_24h,0,0.02009,pre_fix,0.02009,0.01867736758176272,0.022915264836474554,unresolved,1786473000,2026-08-11T18:30:00+00:00,-0.4035019957359202,window_close,no,,,12.827,below_50%,tp,1787314680,0.022915264836474554,29.26829268292684,rsi_lt_80,4,0,rsi_le_30,,,no_consecutive_trend,reconstructed
839,1786391772,2026-08-10T19:56:12+00:00,BMTUSDT,LONG,oversold_24h,0,0.02458,pre_fix,0.02458,0.0239655,0.0255632,sl_first,1786397400,2026-08-10T21:30:00+00:00,-1.0,stop_touch,no,,,87.5592,at_or_above_50%,sl,1786397745,0.02393,23.25678496868477,rsi_lt_80,5,0,rsi_le_30,,,no_consecutive_trend,reconstructed
840,1786391782,2026-08-10T19:56:22+00:00,USUSDT,LONG,oversold_24h,0,0.039836,pre_fix,0.039836,0.0388401,0.041429440000000005,tp_first,1786401000,2026-08-10T22:30:00+00:00,1.6,target_touch,no,,,17.855,below_50%,tp,1786422851,0.041517,13.799925806850482,rsi_lt_80,3,0,rsi_le_30,,,no_consecutive_trend,reconstructed
841,1786391786,2026-08-10T19:56:26+00:00,BEATUSDT,LONG,oversold_24h,0,1.6338,pre_fix,1.6338,1.592955,1.699152,tp_first,1786392900,2026-08-10T20:15:00+00:00,1.600000000000001,target_touch,no,,,144.4506,at_or_above_50%,sl,1786394125,1.5545,14.19226166733145,rsi_lt_80,4,0,rsi_le_30,,,no_consecutive_trend,reconstructed
842,1786391789,2026-08-10T19:56:29+00:00,TUTUSDT,LONG,oversold_24h,0,0.126456,pre_fix,0.126456,0.1232946,0.13151424,tp_first,1786393800,2026-08-10T20:30:00+00:00,1.599999999999993,target_touch,no,,,124.0906,at_or_above_50%,tp,1786393825,0.131631,20.43141056713523,rsi_lt_80,4,0,rsi_le_30,,,no_consecutive_trend,reconstructed
843,1786391793,2026-08-10T19:56:33+00:00,MVLLUSDT,LONG,oversold_24h,0,25.07,pre_fix,25.07,24.44325,26.0728,sl_first,1786404600,2026-08-10T23:30:00+00:00,-1.0,stop_touch,no,,,17.5591,below_50%,sl,1786437261,24.44,33.8144329896907,rsi_lt_80,3,0,rsi_gt_30,,,no_consecutive_trend,reconstructed
844,1786391800,2026-08-10T19:56:40+00:00,COOKIEUSDT,LONG,oversold_24h,0,0.0113,pre_fix,0.0113,0.0110175,0.011752,tp_first,1786394700,2026-08-10T20:45:00+00:00,1.600000000000005,target_touch,no,,,43.9929,below_50%,tp,1786418128,0.01303,20.192307692307693,rsi_lt_80,3,0,rsi_le_30,,,no_consecutive_trend,reconstructed
845,1786392072,2026-08-10T20:01:12+00:00,PEOPLEUSDT,LONG,oversold_24h,0,0.008254,pre_fix,0.008254,0.008047649999999998,0.008584159999999999,tp_first,1786408200,2026-08-11T00:30:00+00:00,1.5999999999999899,target_touch,no,,,14.8328,below_50%,tp,1786418128,0.008616,38.50658857979501,rsi_lt_80,3,0,rsi_gt_30,,,no_consecutive_trend,reconstructed
846,1786392077,2026-08-10T20:01:17+00:00,FHEUSDT,LONG,oversold_24h,0,0.02301,pre_fix,0.02301,0.02243475,0.0239304,tp_first,1786402800,2026-08-10T23:00:00+00:00,1.6000000000000048,target_touch,no,,,21.4349,below_50%,tp,1786446910,0.024,30.28985507246378,rsi_lt_80,1,0,rsi_gt_30,,,no_consecutive_trend,reconstructed
847,1786392083,2026-08-10T20:01:23+00:00,LITEUSDT,LONG,oversold_24h,0,814.71,pre_fix,814.71,794.34225,847.2984,sl_first,1786455900,2026-08-11T13:45:00+00:00,-1.0,stop_touch,no,,,15.4074,below_50%,tp,1786495693,848.45,22.63282104414904,rsi_lt_80,3,0,rsi_le_30,,,no_consecutive_trend,reconstructed
848,1786392940,2026-08-10T20:15:40+00:00,COHRUSDT,LONG,oversold_24h,0,327.05,pre_fix,327.05,318.87375000000003,340.132,sl_first,1786455900,2026-08-11T13:45:00+00:00,-1.0,stop_touch,no,,,23.8283,below_50%,sl,1786456104,317.08,17.411202865386528,rsi_lt_80,3,0,rsi_le_30,,,no_consecutive_trend,reconstructed
853,1786394044,2026-08-10T20:34:04+00:00,TUTUSDT,LONG,oversold_24h,0,0.130499,pre_fix,0.130499,0.127236525,0.13571896,sl_first,1786394700,2026-08-10T20:45:00+00:00,-1.0,stop_touch,no,,,124.0906,at_or_above_50%,sl,1786395240,0.126998,24.128098034642846,rsi_lt_80,4,0,rsi_le_30,,,no_consecutive_trend,reconstructed
858,1786395398,2026-08-10T20:56:38+00:00,TUTUSDT,LONG,oversold_24h,0,0.126995,pre_fix,0.126995,0.12382012499999999,0.1320748,sl_first,1786399200,2026-08-10T22:00:00+00:00,-1.0,stop_touch,no,,,124.0906,at_or_above_50%,sl,1786418128,0.117104,24.128098034642846,rsi_lt_80,4,0,rsi_le_30,,,no_consecutive_trend,reconstructed
859,1786395419,2026-08-10T20:56:59+00:00,BEATUSDT,LONG,oversold_24h,0,1.5425,pre_fix,1.5425,1.5039375,1.6042,ambiguous,1786395600,2026-08-10T21:00:00+00:00,nan,both_barriers_same_candle,no,,,163.9073,at_or_above_50%,tp,1786395704,1.6525,13.121404336922822,rsi_lt_80,3,0,rsi_le_30,,,no_consecutive_trend,reconstructed
860,1786395440,2026-08-10T20:57:20+00:00,USARUSDT,LONG,oversold_24h,0,17.84,pre_fix,17.84,17.394,18.5536,sl_first,1786396500,2026-08-10T21:15:00+00:00,-1.0,stop_touch,no,,,13.3974,below_50%,sl,1786396302,17.39,29.807692307692307,rsi_lt_80,2,0,rsi_le_30,,,no_consecutive_trend,reconstructed
861,1786395444,2026-08-10T20:57:24+00:00,ESPORTSUSDT,LONG,oversold_24h,0,0.01628,pre_fix,0.01628,0.015872999999999998,0.0169312,sl_first,1786416300,2026-08-11T02:45:00+00:00,-1.0,stop_touch,no,,,13.4901,below_50%,sl,1786422851,0.01563,16.580310880828932,rsi_lt_80,5,0,rsi_le_30,,,no_consecutive_trend,reconstructed
862,1786395695,2026-08-10T21:01:35+00:00,TRADOORUSDT,LONG,oversold_24h,0,0.581,pre_fix,0.581,0.566475,0.60424,tp_first,1786439700,2026-08-11T09:15:00+00:00,1.6000000000000014,target_touch,no,,,21.3645,below_50%,tp,1786447787,0.607,32.92682926829268,rsi_lt_80,3,0,rsi_gt_30,,,no_consecutive_trend,reconstructed
922,1786418372,2026-08-11T03:19:32+00:00,NILUSDT,LONG,oversold_24h,0,0.03819,pre_fix,0.03819,0.03723525,0.039717600000000006,tp_first,1786422600,2026-08-11T04:30:00+00:00,1.5999999999999972,target_touch,no,,,31.8483,below_50%,tp,1786427003,0.03974,17.19242902208198,rsi_lt_80,4,0,rsi_le_30,,,no_consecutive_trend,reconstructed
923,1786418385,2026-08-11T03:19:45+00:00,BEATUSDT,LONG,oversold_24h,0,1.2499,pre_fix,1.2499,1.2186525,1.2998960000000002,tp_first,1786419000,2026-08-11T03:30:00+00:00,1.6,target_touch,no,,,134.4106,at_or_above_50%,tp,1786418545,1.3337,18.721461187214615,rsi_lt_80,2,0,rsi_le_30,,,no_consecutive_trend,reconstructed
924,1786418389,2026-08-11T03:19:49+00:00,HEMIUSDT,LONG,oversold_24h,0,0.005008,pre_fix,0.005008,0.0048828000000000005,0.005208320000000001,sl_first,1786463100,2026-08-11T15:45:00+00:00,-1.0,stop_touch,no,,,17.0,below_50%,sl,1786463001,0.004855,50.886075949367104,rsi_lt_80,7,1,rsi_gt_30,1786410000,2.330277777777778,0-3.9h,reconstructed
925,1786418406,2026-08-11T03:20:06+00:00,RKLBUSDT,LONG,oversold_24h,0,74.0,pre_fix,74.0,72.14999999999999,76.96000000000001,sl_first,1786439700,2026-08-11T09:15:00+00:00,-1.0,stop_touch,no,,,18.7731,below_50%,tp,1786449287,77.16,7.946428571428669,rsi_lt_80,3,0,rsi_le_30,,,no_consecutive_trend,reconstructed
926,1786418410,2026-08-11T03:20:10+00:00,DRIFTUSDT,LONG,oversold_24h,0,0.01168,pre_fix,0.01168,0.011387999999999999,0.0121472,tp_first,1786432500,2026-08-11T07:15:00+00:00,1.6,target_touch,no,,,22.3986,below_50%,sl,1786462778,0.01135,18.181818181818173,rsi_lt_80,3,0,rsi_le_30,,,no_consecutive_trend,reconstructed
927,1786418665,2026-08-11T03:24:25+00:00,BMTUSDT,LONG,oversold_24h,0,0.0218,pre_fix,0.0218,0.021255,0.022672,tp_first,1786420800,2026-08-11T04:00:00+00:00,1.6000000000000012,target_touch,no,,,109.6728,at_or_above_50%,sl,1786426317,0.02117,18.735891647855524,rsi_lt_80,4,0,rsi_le_30,,,no_consecutive_trend,reconstructed
972,1786423070,2026-08-11T04:37:50+00:00,BEATUSDT,LONG,oversold_24h,0,1.3739,pre_fix,1.3739,1.3395525,1.428856,tp_first,1786423500,2026-08-11T04:45:00+00:00,1.6000000000000012,target_touch,no,,,127.7992,at_or_above_50%,sl,1786425833,1.3299,20.747996438112196,rsi_lt_80,3,1,rsi_le_30,1786413600,2.6305555555555555,0-3.9h,reconstructed
973,1786423084,2026-08-11T04:38:04+00:00,ESPORTSUSDT,LONG,oversold_24h,0,0.0157,pre_fix,0.0157,0.015307499999999998,0.016328,sl_first,1786435200,2026-08-11T08:00:00+00:00,-1.0,stop_touch,no,,,13.7997,below_50%,sl,1786436297,0.0153,23.076923076922924,rsi_lt_80,4,1,rsi_le_30,1786413600,2.6344444444444446,0-3.9h,reconstructed
974,1786423095,2026-08-11T04:38:15+00:00,COAIUSDT,LONG,oversold_24h,0,0.3722,pre_fix,0.3722,0.36289499999999997,0.387088,tp_first,1786461300,2026-08-11T15:15:00+00:00,1.6,target_touch,no,,,23.5375,below_50%,tp,1786460976,0.3906,26.30173564753005,rsi_lt_80,6,0,rsi_le_30,,,no_consecutive_trend,reconstructed
975,1786423109,2026-08-11T04:38:29+00:00,USARUSDT,LONG,oversold_24h,0,17.55,pre_fix,17.55,17.111250000000002,18.252000000000002,tp_first,1786448700,2026-08-11T11:45:00+00:00,1.600000000000008,target_touch,no,,,17.0804,below_50%,tp,1786448853,18.29,18.181818181818173,rsi_lt_80,5,1,rsi_le_30,1786413600,2.641388888888889,0-3.9h,reconstructed
1034,1786428933,2026-08-11T06:15:33+00:00,BROCCOLIUSDT,LONG,oversold_24h,0,0.01667,pre_fix,0.01667,0.01625325,0.017336800000000003,tp_first,1786450500,2026-08-11T12:15:00+00:00,1.6000000000000034,target_touch,no,,,23.3696,below_50%,tp,1786451974,0.01737,39.558823529411754,rsi_lt_80,5,0,rsi_gt_30,,,no_consecutive_trend,reconstructed
1035,1786428937,2026-08-11T06:15:37+00:00,MUBARAKUSDT,LONG,oversold_24h,0,0.01814,pre_fix,0.01814,0.0176865,0.0188656,sl_first,1786429800,2026-08-11T06:30:00+00:00,-1.0,stop_touch,no,,,33.3149,below_50%,sl,1786430856,0.01745,31.009365244536937,rsi_lt_80,5,0,rsi_gt_30,,,no_consecutive_trend,reconstructed
1036,1786428941,2026-08-11T06:15:41+00:00,BEATUSDT,LONG,oversold_24h,0,1.2939,pre_fix,1.2939,1.2615525,1.3456560000000002,tp_first,1786429800,2026-08-11T06:30:00+00:00,1.6000000000000054,target_touch,no,,,127.7992,at_or_above_50%,tp,1786429651,1.3638,24.908514271773598,rsi_lt_80,4,0,rsi_le_30,,,no_consecutive_trend,reconstructed
1037,1786428949,2026-08-11T06:15:49+00:00,BMTUSDT,LONG,oversold_24h,0,0.02023,pre_fix,0.02023,0.019724250000000002,0.0210392,sl_first,1786430700,2026-08-11T06:45:00+00:00,-1.0,stop_touch,no,,,104.2275,at_or_above_50%,sl,1786433018,0.0197,33.56097560975611,rsi_lt_80,3,0,rsi_gt_30,,,no_consecutive_trend,reconstructed
1038,1786429204,2026-08-11T06:20:04+00:00,RVNUSDT,LONG,oversold_24h,0,0.003066,pre_fix,0.003066,0.00298935,0.0031886400000000004,ambiguous,1786429800,2026-08-11T06:30:00+00:00,nan,both_barriers_same_candle,no,,,18.8769,below_50%,sl,1786429430,0.002985,38.235294117647044,rsi_lt_80,5,0,rsi_gt_30,,,no_consecutive_trend,reconstructed
1039,1786429212,2026-08-11T06:20:12+00:00,TUTUSDT,LONG,oversold_24h,0,0.097942,pre_fix,0.097942,0.09549345,0.10185968000000001,tp_first,1786429800,2026-08-11T06:30:00+00:00,1.5999999999999976,target_touch,no,,,89.2864,at_or_above_50%,tp,1786429651,0.104568,35.23845418691363,rsi_lt_80,4,0,rsi_gt_30,,,no_consecutive_trend,reconstructed
1040,1786429645,2026-08-11T06:27:25+00:00,RVNUSDT,LONG,oversold_24h,0,0.002961,pre_fix,0.002961,0.002886975,0.00307944,tp_first,1786429800,2026-08-11T06:30:00+00:00,1.5999999999999976,target_touch,no,,,18.8769,below_50%,sl,1786431753,0.002861,38.235294117647044,rsi_lt_80,5,0,rsi_gt_30,,,no_consecutive_trend,reconstructed
1109,1786435365,2026-08-11T08:02:45+00:00,BMTUSDT,LONG,oversold_24h,0,0.01998,pre_fix,0.01998,0.0194805,0.0207792,sl_first,1786440600,2026-08-11T09:30:00+00:00,-1.0,stop_touch,no,,,79.7138,at_or_above_50%,sl,1786448526,0.01942,21.74817898022893,rsi_lt_80,4,0,rsi_le_30,,,no_consecutive_trend,reconstructed
1110,1786435369,2026-08-11T08:02:49+00:00,TSTBSCUSDT,LONG,oversold_24h,0,0.015896,pre_fix,0.015896,0.0154986,0.016531840000000003,sl_first,1786437900,2026-08-11T08:45:00+00:00,-1.0,stop_touch,yes,1786433717,confluence,74.9702,at_or_above_50%,sl,1786437498,0.015432,29.602534127762297,rsi_lt_80,4,0,rsi_le_30,,,no_consecutive_trend,reconstructed
1111,1786435382,2026-08-11T08:03:02+00:00,RVNUSDT,LONG,oversold_24h,0,0.002872,pre_fix,0.002872,0.0028002,0.00298688,sl_first,1786452300,2026-08-11T12:45:00+00:00,-1.0,stop_touch,yes,1786432471,confluence,35.027,below_50%,sl,1786458938,0.002789,7.762557077625559,rsi_lt_80,4,0,rsi_le_30,,,no_consecutive_trend,reconstructed
1112,1786435396,2026-08-11T08:03:16+00:00,MUBARAKUSDT,LONG,oversold_24h,0,0.01736,pre_fix,0.01736,0.016926,0.0180544,tp_first,1786437900,2026-08-11T08:45:00+00:00,1.6000000000000016,target_touch,no,,,42.1395,below_50%,tp,1786437862,0.01827,23.50917431192663,rsi_lt_80,4,0,rsi_le_30,,,no_consecutive_trend,reconstructed
1113,1786435403,2026-08-11T08:03:23+00:00,TAKEUSDT,LONG,oversold_24h,0,0.05328,pre_fix,0.05328,0.051948,0.0554112,tp_first,1786438800,2026-08-11T09:00:00+00:00,1.6,target_touch,no,,,24.8162,below_50%,tp,1786438097,0.05566,31.731984829329946,rsi_lt_80,5,0,rsi_gt_30,,,no_consecutive_trend,reconstructed
1114,1786435410,2026-08-11T08:03:30+00:00,TUTUSDT,LONG,oversold_24h,0,0.097072,pre_fix,0.097072,0.0946452,0.10095488000000001,tp_first,1786436100,2026-08-11T08:15:00+00:00,1.5999999999999976,target_touch,no,,,97.6589,at_or_above_50%,tp,1786435917,0.103631,23.23029083592465,rsi_lt_80,5,0,rsi_le_30,,,no_consecutive_trend,reconstructed
1115,1786435675,2026-08-11T08:07:55+00:00,PHAUSDT,LONG,oversold_24h,0,0.02247,pre_fix,0.02247,0.02190825,0.023368800000000002,unresolved,1786522500,2026-08-12T08:15:00+00:00,-0.12461059190031268,window_close,no,,,19.7586,below_50%,sl,1786561983,0.0219,12.230215827338128,rsi_lt_80,2,0,rsi_le_30,,,no_consecutive_trend,reconstructed
1116,1786436268,2026-08-11T08:17:48+00:00,AAOIUSDT,LONG,oversold_24h,0,128.9,pre_fix,128.9,125.67750000000001,134.056,tp_first,1786455000,2026-08-11T13:30:00+00:00,1.6000000000000034,target_touch,no,,,15.4573,below_50%,tp,1786455467,136.33,30.90452261306514,rsi_lt_80,5,1,rsi_gt_30,1786428000,2.296666666666667,0-3.9h,reconstructed
1117,1786437461,2026-08-11T08:37:41+00:00,MVLLUSDT,LONG,oversold_24h,0,24.26,pre_fix,24.26,23.6535,25.230400000000003,tp_first,1786450500,2026-08-11T12:15:00+00:00,1.6000000000000012,target_touch,no,,,22.4774,below_50%,tp,1786450337,25.3,33.22475570032569,rsi_lt_80,7,1,rsi_gt_30,1786428000,2.6280555555555556,0-3.9h,reconstructed
1128,1786439261,2026-08-11T09:07:41+00:00,ICXUSDT,LONG,oversold_24h,0,0.02065,pre_fix,0.02065,0.020133750000000002,0.021476000000000002,ambiguous,1786439700,2026-08-11T09:15:00+00:00,nan,both_barriers_same_candle,no,,,6.7898,below_50%,sl,1786439604,0.01986,8.219178082191874,rsi_lt_80,2,0,rsi_le_30,,,no_consecutive_trend,reconstructed
1129,1786439265,2026-08-11T09:07:45+00:00,MOVRUSDT,LONG,oversold_24h,0,1.04,pre_fix,1.04,1.014,1.0816000000000001,ambiguous,1786439700,2026-08-11T09:15:00+00:00,nan,both_barriers_same_candle,no,,,5.3763,below_50%,sl,1786439604,1.014,12.765957446808187,rsi_lt_80,4,0,rsi_le_30,,,no_consecutive_trend,reconstructed
1149,1786442917,2026-08-11T10:08:37+00:00,TSTBSCUSDT,LONG,oversold_24h,0,0.015444,pre_fix,0.015444,0.015057899999999999,0.01606176,sl_first,1786444200,2026-08-11T10:30:00+00:00,-1.0,stop_touch,no,,,74.9702,at_or_above_50%,tp,1786445745,0.016242,17.990291262135955,rsi_lt_80,3,0,rsi_le_30,,,no_consecutive_trend,reconstructed
1150,1786442921,2026-08-11T10:08:41+00:00,MUBARAKUSDT,LONG,oversold_24h,0,0.01783,pre_fix,0.01783,0.017384249999999997,0.0185432,tp_first,1786451400,2026-08-11T12:30:00+00:00,1.5999999999999954,target_touch,no,,,42.1395,below_50%,tp,1786454701,0.01855,21.24542124542127,rsi_lt_80,3,0,rsi_le_30,,,no_consecutive_trend,reconstructed
1151,1786442925,2026-08-11T10:08:45+00:00,MOVRUSDT,LONG,oversold_24h,0,0.96,pre_fix,0.96,0.9359999999999999,0.9984,sl_first,1786446000,2026-08-11T11:00:00+00:00,-1.0,stop_touch,no,,,35.0575,below_50%,sl,1786445921,0.935,2.8301886792451825,rsi_lt_80,4,0,rsi_le_30,,,no_consecutive_trend,reconstructed
1152,1786442932,2026-08-11T10:08:52+00:00,TUTUSDT,LONG,oversold_24h,0,0.095869,pre_fix,0.095869,0.093472275,0.09970376,tp_first,1786449600,2026-08-11T12:00:00+00:00,1.6000000000000012,target_touch,no,,,77.3755,at_or_above_50%,tp,1786448853,0.100887,29.886583829049172,rsi_lt_80,5,0,rsi_le_30,,,no_consecutive_trend,reconstructed
1171,1786446150,2026-08-11T11:02:30+00:00,TSTBSCUSDT,LONG,oversold_24h,0,0.0164,pre_fix,0.0164,0.01599,0.017056,tp_first,1786446900,2026-08-11T11:15:00+00:00,1.5999999999999983,target_touch,no,,,65.1087,at_or_above_50%,tp,1786447029,0.017338,21.692778344303335,rsi_lt_80,3,1,rsi_le_30,1786438800,2.0416666666666665,0-3.9h,reconstructed
1172,1786446157,2026-08-11T11:02:37+00:00,SCRTUSDT,LONG,oversold_24h,0,0.02886,pre_fix,0.02886,0.0281385,0.0300144,sl_first,1786446900,2026-08-11T11:15:00+00:00,-1.0,stop_touch,no,,,13.4078,below_50%,sl,1786446502,0.02805,17.968750000000014,rsi_lt_80,5,0,rsi_le_30,,,no_consecutive_trend,reconstructed
1173,1786446164,2026-08-11T11:02:44+00:00,MOVRUSDT,LONG,oversold_24h,0,0.974,pre_fix,0.974,0.94965,1.01296,sl_first,1786446900,2026-08-11T11:15:00+00:00,-1.0,stop_touch,no,,,35.0575,below_50%,sl,1786447191,0.945,2.127659574468055,rsi_lt_80,3,0,rsi_le_30,,,no_consecutive_trend,reconstructed
1174,1786446172,2026-08-11T11:02:52+00:00,龙虾USDT,LONG,oversold_24h,0,0.02314,pre_fix,0.02314,0.0225615,0.024065600000000003,sl_first,1786447800,2026-08-11T11:30:00+00:00,-1.0,stop_touch,no,,,49.3924,below_50%,sl,1786447927,0.02252,28.844869797462707,rsi_lt_80,5,0,rsi_le_30,,,no_consecutive_trend,reconstructed
1175,1786446457,2026-08-11T11:07:37+00:00,TAKEUSDT,LONG,oversold_24h,0,0.05262,pre_fix,0.05262,0.051304499999999996,0.054724800000000004,sl_first,1786455900,2026-08-11T13:45:00+00:00,-1.0,stop_touch,no,,,22.3598,below_50%,sl,1786456317,0.05117,29.146919431279557,rsi_lt_80,5,0,rsi_le_30,,,no_consecutive_trend,reconstructed
1176,1786448344,2026-08-11T11:39:04+00:00,RAREUSDT,LONG,oversold_24h,0,0.01204,pre_fix,0.01204,0.011739,0.0125216,tp_first,1786530600,2026-08-12T10:30:00+00:00,1.5999999999999965,target_touch,no,,,17.4096,below_50%,tp,1786531111,0.01307,9.375000000000057,rsi_lt_80,2,0,rsi_le_30,,,no_consecutive_trend,reconstructed
1177,1786448650,2026-08-11T11:44:10+00:00,BMTUSDT,LONG,oversold_24h,0,0.0194,pre_fix,0.0194,0.018915,0.020176000000000003,tp_first,1786455900,2026-08-11T13:45:00+00:00,1.6000000000000072,target_touch,no,,,59.6699,at_or_above_50%,tp,1786458140,0.02113,27.148846960167745,rsi_lt_80,5,1,rsi_le_30,1786438800,2.736111111111111,0-3.9h,reconstructed
1208,1786453294,2026-08-11T13:01:34+00:00,BSBUSDT,LONG,oversold_24h,0,0.13597,pre_fix,0.13597,0.13257075000000001,0.1414088,sl_first,1786471200,2026-08-11T18:00:00+00:00,-1.0,stop_touch,yes,1786450307,confluence,14.3212,below_50%,sl,1786509917,0.13185,27.450980392156907,rsi_lt_80,4,0,rsi_le_30,,,no_consecutive_trend,reconstructed
1209,1786453317,2026-08-11T13:01:57+00:00,GUAUSDT,LONG,oversold_24h,0,0.04776,pre_fix,0.04776,0.046565999999999996,0.049670399999999996,sl_first,1786456800,2026-08-11T14:00:00+00:00,-1.0,stop_touch,no,,,63.7641,at_or_above_50%,sl,1786456829,0.04649,31.800887761572596,rsi_lt_80,5,0,rsi_gt_30,,,no_consecutive_trend,reconstructed
1210,1786453589,2026-08-11T13:06:29+00:00,MOVRUSDT,LONG,oversold_24h,0,0.913,pre_fix,0.913,0.890175,0.94952,tp_first,1786458600,2026-08-11T14:30:00+00:00,1.600000000000001,target_touch,no,,,34.4828,below_50%,tp,1786457909,0.95,1.6806722689074718,rsi_lt_80,2,0,rsi_le_30,,,no_consecutive_trend,reconstructed
1211,1786453593,2026-08-11T13:06:33+00:00,NILUSDT,LONG,oversold_24h,0,0.03645,pre_fix,0.03645,0.03553875,0.037908000000000004,sl_first,1786460400,2026-08-11T15:00:00+00:00,-1.0,stop_touch,no,,,36.932,below_50%,sl,1786459845,0.03552,32.88888888888883,rsi_lt_80,5,0,rsi_gt_30,,,no_consecutive_trend,reconstructed
1212,1786453603,2026-08-11T13:06:43+00:00,龙虾USDT,LONG,oversold_24h,0,0.021719,pre_fix,0.021719,0.021176024999999998,0.02258776,sl_first,1786455000,2026-08-11T13:30:00+00:00,-1.0,stop_touch,no,,,57.6176,at_or_above_50%,sl,1786455003,0.021168,26.378694381292604,rsi_lt_80,5,1,rsi_le_30,1786446000,2.1119444444444446,0-3.9h,reconstructed
1213,1786453607,2026-08-11T13:06:47+00:00,TSTBSCUSDT,LONG,oversold_24h,0,0.017314,pre_fix,0.017314,0.016881149999999998,0.01800656,sl_first,1786456800,2026-08-11T14:00:00+00:00,-1.0,stop_touch,no,,,60.5877,at_or_above_50%,sl,1786456829,0.01671,21.126760563380273,rsi_lt_80,4,3,rsi_le_30,1786438800,4.1130555555555555,4-7.9h,reconstructed
1313,1786461092,2026-08-11T15:11:32+00:00,MOVRUSDT,LONG,oversold_24h,0,0.929,pre_fix,0.929,0.8722244335239697,1.0425511329520607,sl_first,1786528800,2026-08-12T10:00:00+00:00,-1.0,stop_touch,no,,,34.2529,below_50%,sl,1786529454,0.863,10.752688172042951,rsi_lt_80,3,0,rsi_le_30,,,no_consecutive_trend,reconstructed
1326,1786462893,2026-08-11T15:41:33+00:00,FLUXUSDT,LONG,oversold_24h,0,0.03963,pre_fix,0.03963,0.03784189348410346,0.043206213031793075,unresolved,1786549500,2026-08-12T15:45:00+00:00,-0.03914755601956035,window_close,no,,,13.2781,below_50%,tp,1787271545,0.04323,26.510067114093957,rsi_lt_80,5,0,rsi_le_30,,,no_consecutive_trend,reconstructed
1327,1786467090,2026-08-11T16:51:30+00:00,EPICUSDT,LONG,oversold_24h,0,0.3802,pre_fix,0.3802,0.370695,0.395408,sl_first,1786472100,2026-08-11T18:15:00+00:00,-1.0,stop_touch,no,,,27.5079,below_50%,sl,1786472174,0.3699,36.04060913705583,rsi_lt_80,4,1,rsi_gt_30,1786456800,2.8583333333333334,0-3.9h,reconstructed
1328,1786467138,2026-08-11T16:52:18+00:00,TUTUSDT,LONG,oversold_24h,0,0.089868,pre_fix,0.089868,0.0876213,0.09346272000000001,tp_first,1786470300,2026-08-11T17:45:00+00:00,1.6000000000000012,target_touch,no,,,58.6147,at_or_above_50%,tp,1786470796,0.096789,39.93154766452245,rsi_lt_80,6,0,rsi_gt_30,,,no_consecutive_trend,reconstructed
1329,1786467716,2026-08-11T17:01:56+00:00,龙虾USDT,LONG,oversold_24h,0,0.021334,pre_fix,0.021334,0.020800649999999997,0.02218736,sl_first,1786469400,2026-08-11T17:30:00+00:00,-1.0,stop_touch,no,,,63.219,at_or_above_50%,sl,1786468865,0.020643,34.4295991778006,rsi_lt_80,5,1,rsi_gt_30,1786460400,2.0322222222222224,0-3.9h,reconstructed
1330,1786468017,2026-08-11T17:06:57+00:00,BLUAIUSDT,LONG,oversold_24h,0,0.01274,pre_fix,0.01274,0.012421499999999999,0.0132496,sl_first,1786468500,2026-08-11T17:15:00+00:00,-1.0,stop_touch,no,,,242.4294,at_or_above_50%,tp,1786475304,0.013541,23.951036826409606,rsi_lt_80,3,0,rsi_le_30,,,no_consecutive_trend,reconstructed
1331,1786468628,2026-08-11T17:17:08+00:00,GRVTUSDT,LONG,oversold_24h,0,0.3133,pre_fix,0.3133,0.3054675,0.325832,tp_first,1786478400,2026-08-11T20:00:00+00:00,1.5999999999999943,target_touch,no,,,23.9288,below_50%,tp,1786478430,0.3263,38.9369592088999,rsi_lt_80,4,2,rsi_gt_30,1786456800,3.2855555555555553,0-3.9h,reconstructed
1332,1786474311,2026-08-11T18:51:51+00:00,EPICUSDT,LONG,oversold_24h,0,0.3849,pre_fix,0.3849,0.3752775,0.40029600000000004,sl_first,1786477500,2026-08-11T19:45:00+00:00,-1.0,stop_touch,no,,,32.2201,below_50%,sl,1786478106,0.3745,13.846153846153854,rsi_lt_80,3,0,rsi_le_30,,,no_consecutive_trend,reconstructed
1333,1786474910,2026-08-11T19:01:50+00:00,龙虾USDT,LONG,oversold_24h,0,0.020204,pre_fix,0.020204,0.0196989,0.021012160000000002,sl_first,1786476600,2026-08-11T19:30:00+00:00,-1.0,stop_touch,no,,,63.219,at_or_above_50%,sl,1786476438,0.019671,22.290314828166302,rsi_lt_80,6,1,rsi_le_30,1786467600,2.0305555555555554,0-3.9h,reconstructed
1334,1786475493,2026-08-11T19:11:33+00:00,BLUAIUSDT,LONG,oversold_24h,0,0.013426,pre_fix,0.013426,0.01309035,0.013963040000000001,sl_first,1786475700,2026-08-11T19:15:00+00:00,-1.0,stop_touch,no,,,242.4294,at_or_above_50%,sl,1786476674,0.013,20.760709582461843,rsi_lt_80,3,1,rsi_le_30,1786467600,2.1925,0-3.9h,reconstructed
1335,1786479845,2026-08-11T20:24:05+00:00,SKYAIUSDT,LONG,oversold_24h,0,0.07981,pre_fix,0.07981,0.07781475,0.0830024,sl_first,1786490100,2026-08-11T23:15:00+00:00,-1.0,stop_touch,no,,,48.635,below_50%,tp,1786497710,0.0830024,35.33834586466166,rsi_lt_80,4,0,rsi_gt_30,,,no_consecutive_trend,reconstructed
1336,1786481824,2026-08-11T20:57:04+00:00,FUSDT,LONG,oversold_24h,0,0.002685,pre_fix,0.002685,0.002617875,0.0027924,tp_first,1786508100,2026-08-12T04:15:00+00:00,1.6000000000000039,target_touch,no,,,16.2435,below_50%,tp,1786511406,0.002811,15.15957446808514,rsi_lt_80,3,1,rsi_le_30,1786471200,2.951111111111111,0-3.9h,reconstructed
1337,1786481831,2026-08-11T20:57:11+00:00,EPICUSDT,LONG,oversold_24h,0,0.3845,pre_fix,0.3845,0.3748875,0.39988,sl_first,1786482900,2026-08-11T21:15:00+00:00,-1.0,stop_touch,no,,,32.2201,below_50%,sl,1786483054,0.3724,14.597970335675242,rsi_lt_80,4,0,rsi_le_30,,,no_consecutive_trend,reconstructed
1339,1786483062,2026-08-11T21:17:42+00:00,BLUAIUSDT,LONG,oversold_24h,0,0.012841,pre_fix,0.012841,0.012519975,0.013354640000000001,sl_first,1786491900,2026-08-11T23:45:00+00:00,-1.0,stop_touch,no,,,242.4294,at_or_above_50%,sl,1786495693,0.012438,16.109929521664796,rsi_lt_80,3,0,rsi_le_30,,,no_consecutive_trend,reconstructed
1361,1786495988,2026-08-12T00:53:08+00:00,BLUAIUSDT,LONG,oversold_24h,0,0.012504,pre_fix,0.012504,0.0121914,0.01300416,tp_first,1786498200,2026-08-12T01:30:00+00:00,1.6000000000000056,target_touch,no,,,242.4294,at_or_above_50%,tp,1786499486,0.013349,3.9618914836760837,rsi_lt_80,2,0,rsi_le_30,,,no_consecutive_trend,reconstructed
1362,1786496567,2026-08-12T01:02:47+00:00,TUTUSDT,LONG,oversold_24h,0,0.074255,pre_fix,0.074255,0.072398625,0.07722520000000001,sl_first,1786500000,2026-08-12T02:00:00+00:00,-1.0,stop_touch,no,,,65.3698,at_or_above_50%,sl,1786499938,0.072398625,31.705221303051246,rsi_lt_80,3,0,rsi_gt_30,,,no_consecutive_trend,reconstructed
1363,1786496584,2026-08-12T01:03:04+00:00,ACEUSDT,LONG,oversold_24h,0,0.1044,pre_fix,0.1044,0.10179,0.108576,tp_first,1786505400,2026-08-12T03:30:00+00:00,1.599999999999999,target_touch,no,,,22.8019,below_50%,tp,1786505497,0.1088,37.49999999999989,rsi_lt_80,4,1,rsi_gt_30,1786489200,2.051111111111111,0-3.9h,reconstructed
1369,1786497466,2026-08-12T01:17:46+00:00,ONEUSDT,LONG,oversold_24h,0,0.000803,pre_fix,0.000803,0.000782925,0.0008351200000000001,ambiguous,1786498200,2026-08-12T01:30:00+00:00,nan,both_barriers_same_candle,no,,,62.5654,at_or_above_50%,sl,1786498127,0.000655,7.522123893805187,rsi_lt_80,5,0,rsi_le_30,,,no_consecutive_trend,reconstructed
1420,1786503773,2026-08-12T03:02:53+00:00,SKDDUSDT,LONG,oversold_24h,0,13.905,pre_fix,13.905,13.557374999999999,14.4612,sl_first,1786504500,2026-08-12T03:15:00+00:00,-1.0,stop_touch,no,,,15.731,below_50%,sl,1786526235,13.508,17.813765182186216,rsi_lt_80,6,0,rsi_le_30,,,no_consecutive_trend,reconstructed
1428,1786504670,2026-08-12T03:17:50+00:00,ONEUSDT,LONG,oversold_24h,0,0.000969,pre_fix,0.000969,0.0008745012186068774,0.0011579975627862454,tp_first,1786505400,2026-08-12T03:30:00+00:00,2.0,target_touch,no,,,116.0,at_or_above_50%,sl,1786511406,0.0008745012186068774,26.36986301369862,rsi_lt_80,5,1,rsi_le_30,1786496400,2.297222222222222,0-3.9h,reconstructed
1435,1786506766,2026-08-12T03:52:46+00:00,ELSAUSDT,LONG,oversold_24h,0,0.05212,pre_fix,0.05212,0.0494976452187912,0.0573647095624176,unresolved,1786593600,2026-08-13T04:00:00+00:00,-0.28218912456189,window_close,no,,,16.3884,below_50%,sl,1786690996,0.04932,24.793388429752042,rsi_lt_80,4,0,rsi_le_30,,,no_consecutive_trend,reconstructed
1438,1786507066,2026-08-12T03:57:46+00:00,WALUSDT,LONG,oversold_24h,0,0.02203,pre_fix,0.02203,0.021479250000000002,0.022911200000000003,sl_first,1786544100,2026-08-12T14:15:00+00:00,-1.0,stop_touch,no,,,12.9255,below_50%,sl,1786544362,0.02147,23.199999999999932,rsi_lt_80,5,0,rsi_le_30,,,no_consecutive_trend,reconstructed
1439,1786509816,2026-08-12T04:43:36+00:00,BLUAIUSDT,LONG,oversold_24h,0,0.012848,pre_fix,0.012848,0.0125268,0.013361920000000001,sl_first,1786524300,2026-08-12T08:45:00+00:00,-1.0,stop_touch,no,,,204.2737,at_or_above_50%,sl,1786525306,0.012487,17.814678146781475,rsi_lt_80,4,1,rsi_le_30,1786500000,2.7266666666666666,0-3.9h,reconstructed
1440,1786509842,2026-08-12T04:44:02+00:00,TUTUSDT,LONG,oversold_24h,0,0.066001,pre_fix,0.066001,0.064350975,0.06864104,tp_first,1786509900,2026-08-12T04:45:00+00:00,1.5999999999999983,target_touch,no,,,76.6399,at_or_above_50%,sl,1786511941,0.064025,24.51318269018556,rsi_lt_80,2,0,rsi_le_30,,,no_consecutive_trend,reconstructed
1441,1786509846,2026-08-12T04:44:06+00:00,RATSUSDT,LONG,oversold_24h,0,3.726e-05,pre_fix,3.726e-05,3.6328499999999996e-05,3.87504e-05,tp_first,1786540500,2026-08-12T13:15:00+00:00,1.599999999999997,target_touch,no,,,14.8229,below_50%,tp,1786540268,3.88e-05,31.926863572433263,rsi_lt_80,2,0,rsi_gt_30,,,no_consecutive_trend,reconstructed
1442,1786510110,2026-08-12T04:48:30+00:00,INXUSDT,LONG,oversold_24h,0,0.0079,pre_fix,0.0079,0.0077025,0.008216000000000001,sl_first,1786514400,2026-08-12T06:00:00+00:00,-1.0,stop_touch,no,,,84.4262,at_or_above_50%,sl,1786514008,0.00768,33.22528363047002,rsi_lt_80,4,0,rsi_gt_30,,,no_consecutive_trend,reconstructed
1469,1786514631,2026-08-12T06:03:51+00:00,龙虾USDT,LONG,oversold_24h,0,0.018651,pre_fix,0.018651,0.012156345152292827,0.03164030969541435,unresolved,1786601700,2026-08-13T06:15:00+00:00,0.1972391189429,window_close,no,,,58.7558,at_or_above_50%,open,,,44.92429883345743,rsi_lt_80,5,3,rsi_gt_30,1786500000,4.064166666666667,4-7.9h,reconstructed
1488,1786519171,2026-08-12T07:19:31+00:00,TUTUSDT,LONG,oversold_24h,0,0.07328,pre_fix,0.07328,0.071448,0.0762112,sl_first,1786520700,2026-08-12T07:45:00+00:00,-1.0,stop_touch,no,,,85.2926,at_or_above_50%,sl,1786520419,0.071448,40.83366041290526,rsi_lt_80,2,1,rsi_gt_30,1786510800,2.325277777777778,0-3.9h,reconstructed
1490,1786520953,2026-08-12T07:49:13+00:00,UNIUSDT,LONG,oversold_24h,0,3.506,pre_fix,3.506,3.3629071580733716,3.7921856838532566,unresolved,1786608000,2026-08-13T08:00:00+00:00,0.6010084001553158,window_close,no,,,12.6953,below_50%,sl,1786706548,3.32,35.365853658536594,rsi_lt_80,7,0,rsi_gt_30,,,no_consecutive_trend,reconstructed
1499,1786526129,2026-08-12T09:15:29+00:00,BMTUSDT,LONG,oversold_24h,0,0.01744,pre_fix,0.01744,0.017004000000000002,0.0181376,tp_first,1786539600,2026-08-12T13:00:00+00:00,1.6000000000000032,target_touch,no,,,44.0885,below_50%,tp,1786540741,0.01823,31.777378815080795,rsi_lt_80,4,1,rsi_gt_30,1786518000,2.2580555555555555,0-3.9h,reconstructed
1500,1786526386,2026-08-12T09:19:46+00:00,SKDDUSDT,LONG,oversold_24h,0,13.508,pre_fix,13.508,13.1703,14.04832,sl_first,1786538700,2026-08-12T12:45:00+00:00,-1.0,stop_touch,no,,,18.6121,below_50%,sl,1786540268,13.1,14.376218323586727,rsi_lt_80,4,0,rsi_le_30,,,no_consecutive_trend,reconstructed
1501,1786526401,2026-08-12T09:20:01+00:00,BABYUSDT,LONG,oversold_24h,0,0.01167,pre_fix,0.01167,0.01137825,0.0121368,sl_first,1786538700,2026-08-12T12:45:00+00:00,-1.0,stop_touch,no,,,12.9086,below_50%,sl,1786539700,0.01133,36.84210526315788,rsi_lt_80,6,2,rsi_gt_30,1786514400,3.3336111111111113,0-3.9h,reconstructed
1502,1786529615,2026-08-12T10:13:35+00:00,MOVRUSDT,LONG,oversold_24h,0,0.863,pre_fix,0.863,0.841425,0.89752,sl_first,1786530600,2026-08-12T10:30:00+00:00,-1.0,stop_touch,no,,,14.2529,below_50%,sl,1786530548,0.839,28.289473684210535,rsi_lt_80,4,0,rsi_le_30,,,no_consecutive_trend,reconstructed
1506,1786532767,2026-08-12T11:06:07+00:00,HFTUSDT,LONG,oversold_24h,0,0.00831,pre_fix,0.00831,0.00810225,0.0086424,tp_first,1786540500,2026-08-12T13:15:00+00:00,1.6000000000000034,target_touch,no,,,14.886,below_50%,tp,1786540741,0.0087,28.97196261682251,rsi_lt_80,4,1,rsi_le_30,1786525200,2.1019444444444444,0-3.9h,reconstructed
1520,1786538165,2026-08-12T12:36:05+00:00,NXPCUSDT,LONG,oversold_24h,0,0.1977,pre_fix,0.1977,0.19275749999999997,0.20560799999999999,sl_first,1786561200,2026-08-12T19:00:00+00:00,-1.0,stop_touch,no,,,15.8462,below_50%,sl,1786569016,0.1927,25.541125541125595,rsi_lt_80,3,0,rsi_le_30,,,no_consecutive_trend,reconstructed
1529,1786539961,2026-08-12T13:06:01+00:00,BABYUSDT,LONG,oversold_24h,0,0.01128,pre_fix,0.01128,0.010529233686609598,0.012781532626780804,sl_first,1786567500,2026-08-12T20:45:00+00:00,-1.0,stop_touch,no,,,18.6561,below_50%,sl,1786568030,0.01051,19.702602230483294,rsi_lt_80,4,0,rsi_le_30,,,no_consecutive_trend,reconstructed
1530,1786540553,2026-08-12T13:15:53+00:00,SKDDUSDT,LONG,oversold_24h,0,13.142,pre_fix,13.142,12.81345,13.66768,sl_first,1786541400,2026-08-12T13:30:00+00:00,-1.0,stop_touch,no,,,18.8384,below_50%,sl,1786541798,12.81345,11.688311688311714,rsi_lt_80,3,0,rsi_le_30,,,no_consecutive_trend,reconstructed
1547,1786544444,2026-08-12T14:20:44+00:00,WALUSDT,LONG,oversold_24h,0,0.02131,pre_fix,0.02131,0.020545961629561797,0.022838076740876408,unresolved,1786631400,2026-08-13T14:30:00+00:00,-0.19632521847556839,window_close,no,,,12.307,below_50%,sl,1786645667,0.02046,18.749999999999986,rsi_lt_80,5,0,rsi_le_30,,,no_consecutive_trend,reconstructed
1548,1786544749,2026-08-12T14:25:49+00:00,LITUSDT,LONG,oversold_24h,0,2.222,pre_fix,2.222,2.108129219225487,2.4497415615490254,unresolved,1786631400,2026-08-13T14:30:00+00:00,1.0274804405853992,window_close,no,,,11.513,below_50%,tp,1787153976,2.4497415615490254,28.787878787878725,rsi_lt_80,5,0,rsi_le_30,,,no_consecutive_trend,reconstructed
1551,1786546556,2026-08-12T14:55:56+00:00,BSPUSDT,LONG,oversold_24h,0,48.07,pre_fix,48.07,44.21645682629074,55.777086347418525,sl_first,1786628700,2026-08-13T13:45:00+00:00,-1.0,stop_touch,no,,,22.6431,below_50%,sl,1786628434,43.48,9.523809523809476,rsi_lt_80,4,0,rsi_le_30,,,no_consecutive_trend,reconstructed
1555,1786547772,2026-08-12T15:16:12+00:00,SKDDUSDT,LONG,oversold_24h,0,12.159,pre_fix,12.159,11.855025000000001,12.645360000000002,sl_first,1786562100,2026-08-12T19:15:00+00:00,-1.0,stop_touch,no,,,28.1718,below_50%,sl,1786594225,11.685,3.9923224568138522,rsi_lt_80,3,0,rsi_le_30,,,no_consecutive_trend,reconstructed
1556,1786552106,2026-08-12T16:28:26+00:00,TAKEUSDT,LONG,oversold_24h,0,0.04274,pre_fix,0.04274,0.0416715,0.0444496,tp_first,1786594500,2026-08-13T04:15:00+00:00,1.5999999999999988,target_touch,no,,,24.2052,below_50%,tp,1786595699,0.04517,23.489932885906043,rsi_lt_80,3,0,rsi_le_30,,,no_consecutive_trend,reconstructed
1574,1786564990,2026-08-12T20:03:10+00:00,SSPCUSDT,LONG,oversold_24h,0,10.221,pre_fix,10.221,9.965475,10.62984,sl_first,1786578300,2026-08-12T23:45:00+00:00,-1.0,stop_touch,no,,,,missing,sl,1786600528,9.946,,missing,2,1,missing,1786557600,2.0527777777777776,0-3.9h,reconstructed
1575,1786567105,2026-08-12T20:38:25+00:00,HOLOUSDT,LONG,oversold_24h,0,0.07165,pre_fix,0.07165,0.06389335999340495,0.08716328001319013,unresolved,1786653900,2026-08-13T20:45:00+00:00,-0.32101528469580815,window_close,no,,,43.3024,below_50%,sl,1786780582,0.06207,14.925986842105246,rsi_lt_80,6,0,rsi_le_30,,,no_consecutive_trend,reconstructed
1576,1786568296,2026-08-12T20:58:16+00:00,BABYUSDT,LONG,oversold_24h,0,0.01045,pre_fix,0.01045,0.009706046611728525,0.011937906776542948,unresolved,1786654800,2026-08-13T21:00:00+00:00,-0.4166927725408492,window_close,no,,,28.0534,below_50%,sl,1786839421,0.00968,6.137184115523468,rsi_lt_80,1,0,rsi_le_30,,,no_consecutive_trend,reconstructed
1580,1786570386,2026-08-12T21:33:06+00:00,MERLUSDT,LONG,oversold_24h,0,0.0179,pre_fix,0.0179,0.016866697430438584,0.01996660513912283,unresolved,1786657500,2026-08-13T21:45:00+00:00,0.019355414947325813,window_close,no,,,14.3986,below_50%,tp,1787242384,0.01999,27.41935483870968,rsi_lt_80,3,0,rsi_le_30,,,no_consecutive_trend,reconstructed
1581,1786570695,2026-08-12T21:38:15+00:00,NXPCUSDT,LONG,oversold_24h,0,0.1906,pre_fix,0.1906,0.18437158492635142,0.20305683014729714,sl_first,1786581000,2026-08-13T00:30:00+00:00,-1.0,stop_touch,no,,,12.7682,below_50%,sl,1786600528,0.1838,19.696969696969674,rsi_lt_80,3,0,rsi_le_30,,,no_consecutive_trend,reconstructed
1583,1786594136,2026-08-13T04:08:56+00:00,TUTUSDT,LONG,oversold_24h,0,0.061517,pre_fix,0.061517,0.059979075,0.06397768000000001,sl_first,1786594500,2026-08-13T04:15:00+00:00,-1.0,stop_touch,no,,,44.3751,below_50%,sl,1786596141,0.059979075,32.728277895512775,rsi_lt_80,5,0,rsi_gt_30,,,no_consecutive_trend,reconstructed
1584,1786594147,2026-08-13T04:09:07+00:00,COAIUSDT,LONG,oversold_24h,0,0.3458,pre_fix,0.3458,0.337155,0.359632,sl_first,1786618800,2026-08-13T11:00:00+00:00,-1.0,stop_touch,no,,,19.1432,below_50%,sl,1786619554,0.3358,29.982046678635513,rsi_lt_80,5,1,rsi_le_30,1786586400,2.1519444444444447,0-3.9h,reconstructed
1585,1786594409,2026-08-13T04:13:29+00:00,SKDDUSDT,LONG,oversold_24h,0,11.668,pre_fix,11.668,11.376299999999999,12.13472,tp_first,1786605300,2026-08-13T07:15:00+00:00,1.5999999999999988,target_touch,no,,,22.4522,below_50%,tp,1786607476,12.13472,29.25642807505207,rsi_lt_80,4,1,rsi_le_30,1786586400,2.2247222222222223,0-3.9h,reconstructed
1587,1786594720,2026-08-13T04:18:40+00:00,MOVRUSDT,LONG,oversold_24h,0,0.815,pre_fix,0.815,0.7332286759506594,0.9785426480986811,unresolved,1786681800,2026-08-14T04:30:00+00:00,-0.28127219740408993,window_close,no,,,30.4455,below_50%,sl,1786717067,0.73,15.686274509803908,rsi_lt_80,4,0,rsi_le_30,,,no_consecutive_trend,reconstructed
1591,1786601248,2026-08-13T06:07:28+00:00,FHEUSDT,LONG,oversold_24h,0,0.02483,pre_fix,0.02483,0.02420925,0.0258232,sl_first,1786616100,2026-08-13T10:15:00+00:00,-1.0,stop_touch,no,,,24.124,below_50%,sl,1786617748,0.02413,34.73684210526319,rsi_lt_80,3,0,rsi_gt_30,,,no_consecutive_trend,reconstructed
1592,1786601255,2026-08-13T06:07:35+00:00,USUSDT,LONG,oversold_24h,0,0.025464,pre_fix,0.025464,0.0248274,0.026482560000000002,ambiguous,1786601700,2026-08-13T06:15:00+00:00,nan,both_barriers_same_candle,no,,,68.4095,at_or_above_50%,tp,1786601830,0.026655,6.446714522363365,rsi_lt_80,4,0,rsi_le_30,,,no_consecutive_trend,reconstructed
1596,1786601557,2026-08-13T06:12:37+00:00,ICXUSDT,LONG,oversold_24h,0,0.01927,pre_fix,0.01927,0.01834925673719305,0.0211114865256139,unresolved,1786688100,2026-08-14T06:15:00+00:00,-0.7059514049751816,window_close,no,,,16.1123,below_50%,sl,1786697579,0.0183,21.090909090909165,rsi_lt_80,4,1,rsi_le_30,1786593600,2.210277777777778,0-3.9h,reconstructed
1607,1786607548,2026-08-13T07:52:28+00:00,CRVUSDT,LONG,oversold_24h,0,0.2548,pre_fix,0.2548,0.2402721279787467,0.2838557440425067,unresolved,1786694400,2026-08-14T08:00:00+00:00,-0.2546828602693621,window_close,no,,,13.4867,below_50%,sl,1786731907,0.2402,19.865319865319876,rsi_lt_80,4,1,rsi_le_30,1786597200,2.8744444444444444,0-3.9h,reconstructed
1608,1786608630,2026-08-13T08:10:30+00:00,SQDUSDT,LONG,oversold_24h,0,0.04307,pre_fix,0.04307,0.041993249999999996,0.0447928,tp_first,1786614300,2026-08-13T09:45:00+00:00,1.6000000000000012,target_touch,no,,,24.2474,below_50%,tp,1786614447,0.04592,16.602809706257943,rsi_lt_80,4,0,rsi_le_30,,,no_consecutive_trend,reconstructed
1609,1786608648,2026-08-13T08:10:48+00:00,TUTUSDT,LONG,oversold_24h,0,0.056982,pre_fix,0.056982,0.055557449999999994,0.05926128,sl_first,1786616100,2026-08-13T10:15:00+00:00,-1.0,stop_touch,no,,,58.5509,at_or_above_50%,sl,1786616340,0.055557449999999994,28.099894579955702,rsi_lt_80,3,1,rsi_le_30,1786600800,2.18,0-3.9h,reconstructed
1610,1786608658,2026-08-13T08:10:58+00:00,USUSDT,LONG,oversold_24h,0,0.021398,pre_fix,0.021398,0.02086305,0.02225392,tp_first,1786608900,2026-08-13T08:15:00+00:00,1.6000000000000012,target_touch,no,,,75.6235,at_or_above_50%,tp,1786610601,0.022503,19.645830180112,rsi_lt_80,4,0,rsi_le_30,,,no_consecutive_trend,reconstructed
1615,1786612236,2026-08-13T09:10:36+00:00,OPENUSDT,LONG,oversold_24h,0,0.1952,pre_fix,0.1952,0.18508974339331857,0.21542051321336286,sl_first,1786651200,2026-08-13T20:00:00+00:00,-1.0,stop_touch,no,,,20.911,below_50%,sl,1786680555,0.18508974339331857,28.15126050420176,rsi_lt_80,3,0,rsi_le_30,,,no_consecutive_trend,reconstructed
1623,1786615720,2026-08-13T10:08:40+00:00,BLESSUSDT,LONG,oversold_24h,0,0.009819,pre_fix,0.009819,0.009573525,0.01021176,sl_first,1786616100,2026-08-13T10:15:00+00:00,-1.0,stop_touch,no,,,56.5699,at_or_above_50%,sl,1786621319,0.009348,25.364560318161764,rsi_lt_80,3,0,rsi_le_30,,,no_consecutive_trend,reconstructed
1624,1786616019,2026-08-13T10:13:39+00:00,USUSDT,LONG,oversold_24h,0,0.020828,pre_fix,0.020828,0.014866469109400315,0.03275106178119937,unresolved,1786702500,2026-08-14T10:15:00+00:00,-0.1608647204214235,window_close,no,,,75.6235,at_or_above_50%,sl,1786723238,0.014168,21.772639691714843,rsi_lt_80,5,0,rsi_le_30,,,no_consecutive_trend,reconstructed
1626,1786617217,2026-08-13T10:33:37+00:00,RAREUSDT,LONG,oversold_24h,0,0.01176,pre_fix,0.01176,0.010606837103375434,0.01406632579324913,unresolved,1786704300,2026-08-14T10:45:00+00:00,-0.20812324148002442,window_close,no,,,44.2833,below_50%,open,,,21.917808219178056,rsi_lt_80,3,0,rsi_le_30,,,no_consecutive_trend,reconstructed
1627,1786618195,2026-08-13T10:49:55+00:00,TUTUSDT,LONG,oversold_24h,0,0.056204,pre_fix,0.056204,0.0547989,0.058452159999999996,tp_first,1786620600,2026-08-13T11:30:00+00:00,1.6,target_touch,no,,,59.6919,at_or_above_50%,sl,1786627983,0.0547989,12.456915777949021,rsi_lt_80,2,0,rsi_le_30,,,no_consecutive_trend,reconstructed
1628,1786618199,2026-08-13T10:49:59+00:00,CBRSUSDT,LONG,oversold_24h,0,213.5,pre_fix,213.5,208.1625,222.04000000000002,tp_first,1786622400,2026-08-13T12:00:00+00:00,1.600000000000002,target_touch,no,,,25.4726,below_50%,tp,1786622214,222.5,2.2177419354838577,rsi_lt_80,3,0,rsi_le_30,,,no_consecutive_trend,reconstructed
1629,1786618219,2026-08-13T10:50:19+00:00,FHEUSDT,LONG,oversold_24h,0,0.02401,pre_fix,0.02401,0.02340975,0.0249704,tp_first,1786626000,2026-08-13T13:00:00+00:00,1.6,target_touch,no,,,19.616,below_50%,tp,1786626219,0.02545,35.37604456824508,rsi_lt_80,3,1,rsi_gt_30,1786608000,2.838611111111111,0-3.9h,reconstructed
1642,1786620649,2026-08-13T11:30:49+00:00,COAIUSDT,LONG,oversold_24h,0,0.3368,pre_fix,0.3368,0.32838,0.350272,sl_first,1786636800,2026-08-13T16:00:00+00:00,-1.0,stop_touch,no,,,12.9835,below_50%,sl,1786636368,0.3282,14.94736842105263,rsi_lt_80,2,0,rsi_le_30,,,no_consecutive_trend,reconstructed
1654,1786623652,2026-08-13T12:20:52+00:00,BLESSUSDT,LONG,oversold_24h,0,0.009533,pre_fix,0.009533,0.009294674999999999,0.00991432,sl_first,1786630500,2026-08-13T14:15:00+00:00,-1.0,stop_touch,no,,,64.9995,at_or_above_50%,sl,1786635533,0.009285,24.19038272816489,rsi_lt_80,2,0,rsi_le_30,,,no_consecutive_trend,reconstructed
1657,1786626051,2026-08-13T13:00:51+00:00,LUNRUSDT,LONG,oversold_24h,0,14.96,pre_fix,14.96,14.586,15.5584,sl_first,1786627800,2026-08-13T13:30:00+00:00,-1.0,stop_touch,no,,,22.393,below_50%,sl,1786627983,14.586,20.351758793969893,rsi_lt_80,5,0,rsi_le_30,,,no_consecutive_trend,reconstructed
1658,1786626058,2026-08-13T13:00:58+00:00,ZJINNOLIGHTUSDT,LONG,oversold_24h,0,139.78,pre_fix,139.78,136.28549999999998,145.37120000000002,missing_price,,,nan,no_candle_in_window,no,,,,missing,tp,1786680555,145.61,,missing,,0,missing,,,no_consecutive_trend,reconstructed
1666,1786628158,2026-08-13T13:35:58+00:00,TUTUSDT,LONG,oversold_24h,0,0.053952,pre_fix,0.053952,0.052603199999999996,0.05611008,sl_first,1786629600,2026-08-13T14:00:00+00:00,-1.0,stop_touch,no,,,70.0286,at_or_above_50%,sl,1786629542,0.052477,19.676869870438253,rsi_lt_80,3,0,rsi_le_30,,,no_consecutive_trend,reconstructed
1667,1786629080,2026-08-13T13:51:20+00:00,BSPUSDT,LONG,oversold_24h,0,41.43,pre_fix,41.43,40.39425,43.0872,sl_first,1786630500,2026-08-13T14:15:00+00:00,-1.0,stop_touch,no,,,19.3036,below_50%,sl,1786630414,40.14,33.44537815126053,rsi_lt_80,6,0,rsi_gt_30,,,no_consecutive_trend,reconstructed
1669,1786630273,2026-08-13T14:11:13+00:00,ATUSDT,LONG,oversold_24h,0,0.14771,pre_fix,0.14771,0.14401725,0.15361840000000002,tp_first,1786638600,2026-08-13T16:30:00+00:00,1.6000000000000045,target_touch,no,,,26.4923,below_50%,tp,1786643057,0.15511,28.365730741540673,rsi_lt_80,5,0,rsi_le_30,,,no_consecutive_trend,reconstructed
1684,1786631172,2026-08-13T14:26:12+00:00,ENSOUSDT,LONG,oversold_24h,0,0.8516,pre_fix,0.8516,0.83031,0.885664,sl_first,1786636800,2026-08-13T16:00:00+00:00,-1.0,stop_touch,no,,,11.9265,below_50%,sl,1786636368,0.7676,15.368196371398128,rsi_lt_80,4,1,rsi_le_30,1786622400,2.4366666666666665,0-3.9h,reconstructed
1685,1786632384,2026-08-13T14:46:24+00:00,SKDDUSDT,LONG,oversold_24h,0,10.541,pre_fix,10.541,10.277475,10.96264,sl_first,1786634100,2026-08-13T15:15:00+00:00,-1.0,stop_touch,no,,,20.8998,below_50%,sl,1786634280,10.26,32.5452016689847,rsi_lt_80,6,0,rsi_gt_30,,,no_consecutive_trend,reconstructed
1687,1786633566,2026-08-13T15:06:06+00:00,TAUSDT,LONG,oversold_24h,0,0.05285,pre_fix,0.05285,0.05152875,0.054964000000000006,ambiguous,1786634100,2026-08-13T15:15:00+00:00,nan,both_barriers_same_candle,no,,,26.3392,below_50%,tp,1786634280,0.06021,3.362831858407006,rsi_lt_80,6,0,rsi_le_30,,,no_consecutive_trend,reconstructed
1695,1786635671,2026-08-13T15:41:11+00:00,BLESSUSDT,LONG,oversold_24h,0,0.009302,pre_fix,0.009302,0.00906945,0.00967408,sl_first,1786636800,2026-08-13T16:00:00+00:00,-1.0,stop_touch,no,,,21.4918,below_50%,tp,1786642403,0.00967408,19.059656218402452,rsi_lt_80,2,0,rsi_le_30,,,no_consecutive_trend,reconstructed
1696,1786635697,2026-08-13T15:41:37+00:00,TUTUSDT,LONG,oversold_24h,0,0.042031,pre_fix,0.042031,0.040980224999999995,0.04371224,sl_first,1786636800,2026-08-13T16:00:00+00:00,-1.0,stop_touch,no,,,82.3071,at_or_above_50%,sl,1786636368,0.040543,14.098154517548735,rsi_lt_80,3,0,rsi_le_30,,,no_consecutive_trend,reconstructed
1697,1786636559,2026-08-13T15:55:59+00:00,BSPUSDT,LONG,oversold_24h,0,39.33,pre_fix,39.33,38.34675,40.9032,tp_first,1786637700,2026-08-13T16:15:00+00:00,1.600000000000003,target_touch,no,,,26.7489,below_50%,tp,1786637784,41.94,15.89147286821705,rsi_lt_80,4,0,rsi_le_30,,,no_consecutive_trend,reconstructed
1698,1786636569,2026-08-13T15:56:09+00:00,COAIUSDT,LONG,oversold_24h,0,0.3272,pre_fix,0.3272,0.31901999999999997,0.340288,unresolved,1786723200,2026-08-14T16:00:00+00:00,0.012224938875304247,window_close,no,,,13.3576,below_50%,sl,1786988675,0.3174,15.887850467289596,rsi_lt_80,2,0,rsi_le_30,,,no_consecutive_trend,reconstructed
1716,1786639138,2026-08-13T16:38:58+00:00,ENSOUSDT,LONG,oversold_24h,0,0.8214,pre_fix,0.8214,0.800865,0.854256,sl_first,1786646700,2026-08-13T18:45:00+00:00,-1.0,stop_touch,no,,,24.7607,below_50%,sl,1786646914,0.8,11.267605633802873,rsi_lt_80,3,0,rsi_le_30,,,no_consecutive_trend,reconstructed
1717,1786640025,2026-08-13T16:53:45+00:00,SKDDUSDT,LONG,oversold_24h,0,10.057,pre_fix,10.057,9.805575,10.459280000000001,tp_first,1786670100,2026-08-14T01:15:00+00:00,1.5999999999999972,target_touch,no,,,28.1957,below_50%,tp,1786680555,10.494,24.15691672401927,rsi_lt_80,5,0,rsi_le_30,,,no_consecutive_trend,reconstructed
1726,1786642978,2026-08-13T17:42:58+00:00,TUTUSDT,LONG,oversold_24h,0,0.042088,pre_fix,0.042088,0.0410358,0.04377152,ambiguous,1786644000,2026-08-13T18:00:00+00:00,nan,both_barriers_same_candle,no,,,98.5081,at_or_above_50%,tp,1786643799,0.043831,16.61618609159197,rsi_lt_80,4,1,rsi_le_30,1786633200,2.716111111111111,0-3.9h,reconstructed
1727,1786642990,2026-08-13T17:43:10+00:00,BLESSUSDT,LONG,oversold_24h,0,0.009654,pre_fix,0.009654,0.00941265,0.01004016,tp_first,1786649400,2026-08-13T19:30:00+00:00,1.600000000000003,target_touch,no,,,25.1688,below_50%,tp,1786649937,0.01004016,22.85714285714289,rsi_lt_80,2,1,rsi_le_30,1786633200,2.7194444444444446,0-3.9h,reconstructed
1728,1786643881,2026-08-13T17:58:01+00:00,BSPUSDT,LONG,oversold_24h,0,39.88,pre_fix,39.88,38.883,41.4752,tp_first,1786702500,2026-08-14T10:15:00+00:00,1.5999999999999985,target_touch,no,,,28.7577,below_50%,tp,1786711803,41.4752,16.7659574468085,rsi_lt_80,5,1,rsi_le_30,1786633200,2.9669444444444446,0-3.9h,reconstructed
1729,1786644850,2026-08-13T18:14:10+00:00,PROMUSDT,LONG,oversold_24h,0,2.302,pre_fix,2.302,2.24445,2.39408,tp_first,1786646700,2026-08-13T18:45:00+00:00,1.6000000000000032,target_touch,no,,,26.488,below_50%,tp,1786646914,2.473,24.074074074074105,rsi_lt_80,5,0,rsi_le_30,,,no_consecutive_trend,reconstructed
1732,1786647669,2026-08-13T19:01:09+00:00,ENSOUSDT,LONG,oversold_24h,0,0.7978,pre_fix,0.7978,0.777855,0.829712,sl_first,1786661100,2026-08-13T22:45:00+00:00,-1.0,stop_touch,no,,,23.318,below_50%,sl,1786680555,0.7775,17.197062423500597,rsi_lt_80,3,0,rsi_le_30,,,no_consecutive_trend,reconstructed
1733,1786647675,2026-08-13T19:01:15+00:00,CSCOUSDT,LONG,oversold_24h,0,111.92,pre_fix,111.92,109.122,116.3968,unresolved,1786734900,2026-08-14T19:15:00+00:00,0.028591851322372495,window_close,no,,,20.2277,below_50%,open,,,19.303201506591407,rsi_lt_80,5,0,rsi_le_30,,,no_consecutive_trend,reconstructed
1736,1786650660,2026-08-13T19:51:00+00:00,TUTUSDT,LONG,oversold_24h,0,0.037719,pre_fix,0.037719,0.036776025000000004,0.03922776000000001,sl_first,1786652100,2026-08-13T20:15:00+00:00,-1.0,stop_touch,no,,,104.8659,at_or_above_50%,sl,1786651451,0.036776025000000004,19.960986109709765,rsi_lt_80,5,3,rsi_le_30,1786633200,4.85,4-7.9h,reconstructed
1750,1786653370,2026-08-13T20:36:10+00:00,ONDSUSDT,LONG,oversold_24h,0,8.837,pre_fix,8.837,8.616075,9.19048,tp_first,1786695300,2026-08-14T08:15:00+00:00,1.6000000000000096,target_touch,no,,,21.8099,below_50%,tp,1786695060,9.256,19.66183574879217,rsi_lt_80,5,1,rsi_le_30,1786644000,2.602777777777778,0-3.9h,reconstructed
1752,1786657873,2026-08-13T21:51:13+00:00,SAGAUSDT,LONG,oversold_24h,0,0.0127,pre_fix,0.0127,0.0123825,0.013208,sl_first,1786658400,2026-08-13T22:00:00+00:00,-1.0,stop_touch,no,,,12.6077,below_50%,tp,1786720256,0.01329,19.642857142857125,rsi_lt_80,4,0,rsi_le_30,,,no_consecutive_trend,reconstructed
1753,1786680830,2026-08-14T04:13:50+00:00,ENSOUSDT,LONG,oversold_24h,0,0.7754,pre_fix,0.7754,0.756015,0.806416,sl_first,1786683600,2026-08-14T05:00:00+00:00,-1.0,stop_touch,no,,,21.0071,below_50%,sl,1786692424,0.7481,23.845704266510793,rsi_lt_80,4,1,rsi_le_30,1786672800,2.2305555555555556,0-3.9h,reconstructed
1754,1786680841,2026-08-14T04:14:01+00:00,TUTUSDT,LONG,oversold_24h,0,0.031703,pre_fix,0.031703,0.030910425000000002,0.03297112000000001,tp_first,1786682700,2026-08-14T04:45:00+00:00,1.6000000000000052,target_touch,no,,,95.6909,at_or_above_50%,tp,1786682326,0.03297112000000001,18.485745543471268,rsi_lt_80,7,0,rsi_le_30,,,no_consecutive_trend,reconstructed
1755,1786680857,2026-08-14T04:14:17+00:00,LABUSDT,LONG,oversold_24h,0,0.08955,pre_fix,0.08955,0.08731125,0.093132,sl_first,1786680900,2026-08-14T04:15:00+00:00,-1.0,stop_touch,no,,,32.2823,below_50%,sl,1786694668,0.08459,11.924552429667514,rsi_lt_80,3,0,rsi_le_30,,,no_consecutive_trend,reconstructed
1769,1786683545,2026-08-14T04:59:05+00:00,JCTUSDT,LONG,oversold_24h,0,0.003388,pre_fix,0.003388,0.0033033,0.00352352,sl_first,1786744800,2026-08-14T22:00:00+00:00,-1.0,stop_touch,no,,,13.9226,below_50%,sl,1786744665,0.0033033,28.49162011173179,rsi_lt_80,4,0,rsi_le_30,,,no_consecutive_trend,reconstructed
1771,1786685341,2026-08-14T05:29:01+00:00,MINIMAXUSDT,LONG,oversold_24h,0,43.82,pre_fix,43.82,42.7245,45.5728,tp_first,1786685400,2026-08-14T05:30:00+00:00,1.5999999999999988,target_touch,no,,,13.3453,below_50%,sl,1786687722,42.52,32.319999999999965,rsi_lt_80,5,1,rsi_gt_30,1786676400,2.483611111111111,0-3.9h,reconstructed
1778,1786688043,2026-08-14T06:14:03+00:00,ACUUSDT,LONG,oversold_24h,0,0.10042,pre_fix,0.10042,0.0979095,0.1044368,tp_first,1786692600,2026-08-14T07:30:00+00:00,1.6000000000000012,target_touch,no,,,44.0355,below_50%,tp,1786694668,0.10445,34.669167803547055,rsi_lt_80,6,1,rsi_gt_30,1786680000,2.234166666666667,0-3.9h,reconstructed
1789,1786693300,2026-08-14T07:41:40+00:00,MINIMAXUSDT,LONG,oversold_24h,0,42.47,pre_fix,42.47,41.408249999999995,44.1688,sl_first,1786695300,2026-08-14T08:15:00+00:00,-1.0,stop_touch,no,,,23.8949,below_50%,sl,1787022599,37.24,16.29542790152405,rsi_lt_80,5,0,rsi_le_30,,,no_consecutive_trend,reconstructed
1790,1786693303,2026-08-14T07:41:43+00:00,ENSOUSDT,LONG,oversold_24h,0,0.7513,pre_fix,0.7513,0.7325174999999999,0.781352,sl_first,1786723200,2026-08-14T16:00:00+00:00,-1.0,stop_touch,no,,,21.2036,below_50%,sl,1786722908,0.7322,29.090909090909037,rsi_lt_80,3,0,rsi_le_30,,,no_consecutive_trend,reconstructed
1797,1786694862,2026-08-14T08:07:42+00:00,LABUSDT,LONG,oversold_24h,0,0.08421,pre_fix,0.08421,0.08210474999999999,0.0875784,tp_first,1786695300,2026-08-14T08:15:00+00:00,1.6000000000000014,target_touch,no,,,32.2823,below_50%,tp,1786707630,0.0875784,12.805081912403878,rsi_lt_80,4,0,rsi_le_30,,,no_consecutive_trend,reconstructed
1803,1786695756,2026-08-14T08:22:36+00:00,ACUUSDT,LONG,oversold_24h,0,0.10272,pre_fix,0.10272,0.100152,0.10682880000000002,tp_first,1786709700,2026-08-14T12:15:00+00:00,1.6000000000000032,target_touch,no,,,37.3471,below_50%,tp,1786709696,0.10743,29.01612006670372,rsi_lt_80,6,3,rsi_le_30,1786680000,4.376666666666667,4-7.9h,reconstructed
1810,1786698465,2026-08-14T09:07:45+00:00,ONEUSDT,LONG,oversold_24h,0,0.000645,pre_fix,0.000645,0.000628875,0.0006707999999999999,sl_first,1786703400,2026-08-14T10:30:00+00:00,-1.0,stop_touch,no,,,26.9663,below_50%,sl,1786703492,0.000628875,22.06896551724138,rsi_lt_80,4,1,rsi_le_30,1786690800,2.129166666666667,0-3.9h,reconstructed
1813,1786700250,2026-08-14T09:37:30+00:00,CYSUSDT,LONG,oversold_24h,0,0.9261,pre_fix,0.9261,0.9029475,0.9631440000000001,sl_first,1786700700,2026-08-14T09:45:00+00:00,-1.0,stop_touch,no,,,71.2497,at_or_above_50%,sl,1786700785,0.878,33.26871819723772,rsi_lt_80,5,0,rsi_gt_30,,,no_consecutive_trend,reconstructed
1814,1786700258,2026-08-14T09:37:38+00:00,ELSAUSDT,LONG,oversold_24h,0,0.0459,pre_fix,0.0459,0.0447525,0.04773600000000001,tp_first,1786714200,2026-08-14T13:30:00+00:00,1.6,target_touch,no,,,15.4048,below_50%,tp,1786714696,0.04817,23.23561346362645,rsi_lt_80,7,1,rsi_le_30,1786690800,2.627222222222222,0-3.9h,reconstructed
1817,1786701166,2026-08-14T09:52:46+00:00,CHILLGUYUSDT,LONG,oversold_24h,0,0.010362,pre_fix,0.010362,0.01010295,0.01077648,tp_first,1786754700,2026-08-15T00:45:00+00:00,1.5999999999999988,target_touch,no,,,16.8138,below_50%,tp,1786780763,0.01077648,31.01265822784812,rsi_lt_80,5,0,rsi_gt_30,,,no_consecutive_trend,reconstructed
1823,1786702683,2026-08-14T10:18:03+00:00,POWERUSDT,LONG,oversold_24h,0,0.08704,pre_fix,0.08704,0.08486400000000001,0.09052160000000001,sl_first,1786707900,2026-08-14T11:45:00+00:00,-1.0,stop_touch,no,,,13.9171,below_50%,sl,1786707630,0.084,23.935558112773407,rsi_lt_80,4,0,rsi_le_30,,,no_consecutive_trend,reconstructed
1836,1786705794,2026-08-14T11:09:54+00:00,MYXUSDT,LONG,oversold_24h,0,0.0731,pre_fix,0.0731,0.0712725,0.076024,tp_first,1786756500,2026-08-15T01:15:00+00:00,1.6000000000000014,target_touch,no,,,19.9442,below_50%,sl,1787022599,0.0711,19.0,rsi_lt_80,3,1,rsi_le_30,1786698000,2.165,0-3.9h,reconstructed
1837,1786705798,2026-08-14T11:09:58+00:00,ONEUSDT,LONG,oversold_24h,0,0.000634,pre_fix,0.000634,0.00061815,0.00065936,sl_first,1786711500,2026-08-14T12:45:00+00:00,-1.0,stop_touch,no,,,27.1704,below_50%,sl,1786711803,0.00061815,21.476510067114106,rsi_lt_80,4,0,rsi_le_30,,,no_consecutive_trend,reconstructed
1847,1786708333,2026-08-14T11:52:13+00:00,LABUSDT,LONG,oversold_24h,0,0.08716,pre_fix,0.08716,0.084981,0.0906464,tp_first,1786712400,2026-08-14T13:00:00+00:00,1.6,target_touch,no,,,37.7557,below_50%,tp,1786712911,0.09394,17.227852239293853,rsi_lt_80,3,1,rsi_le_30,1786698000,2.870277777777778,0-3.9h,reconstructed
1857,1786710142,2026-08-14T12:22:22+00:00,POWERUSDT,LONG,oversold_24h,0,0.08424,pre_fix,0.08424,0.082134,0.0876096,unresolved,1786797000,2026-08-15T12:30:00+00:00,-0.08072174738840925,window_close,no,,,18.026,below_50%,sl,1786862797,0.082134,13.488759367194064,rsi_lt_80,3,0,rsi_le_30,,,no_consecutive_trend,reconstructed
1887,1786719772,2026-08-14T15:02:52+00:00,FHEUSDT,LONG,oversold_24h,0,0.02329,pre_fix,0.02329,0.022707750000000002,0.024221600000000003,tp_first,1786722300,2026-08-14T15:45:00+00:00,1.6000000000000036,target_touch,no,,,12.8172,below_50%,tp,1786731907,0.02429,15.041782729805064,rsi_lt_80,2,0,rsi_le_30,,,no_consecutive_trend,reconstructed
1903,1786731906,2026-08-14T18:25:06+00:00,SCRTUSDT,LONG,oversold_24h,0,0.02827,pre_fix,0.02827,0.02756325,0.0294008,tp_first,1786743900,2026-08-14T21:45:00+00:00,1.6000000000000039,target_touch,no,,,49.64,below_50%,tp,1786743546,0.0294008,15.70977917981071,rsi_lt_80,3,1,rsi_le_30,1786723200,2.4183333333333334,0-3.9h,reconstructed
1945,1786776852,2026-08-15T06:54:12+00:00,CROSSUSDT,LONG,oversold_24h,0,0.09626,pre_fix,0.09626,0.0885592,0.1116616,sl_first,1786814100,2026-08-15T17:15:00+00:00,-1.0,stop_touch,no,,,64.5894,at_or_above_50%,sl,1786814043,0.0885592,15.01574577726879,rsi_lt_80,1,0,rsi_le_30,,,no_consecutive_trend,reconstructed
1946,1786777444,2026-08-15T07:04:04+00:00,JCTUSDT,LONG,oversold_24h,0,0.003029,pre_fix,0.003029,0.002849267857142857,0.003388464285714286,sl_first,1786779000,2026-08-15T07:30:00+00:00,-1.0,stop_touch,no,,,13.3201,below_50%,sl,1786780582,0.002548,22.264875239923157,rsi_lt_80,6,0,rsi_le_30,,,no_consecutive_trend,reconstructed
1947,1786777589,2026-08-15T07:06:29+00:00,PROMUSDT,LONG,oversold_24h,0,2.216,pre_fix,2.216,2.03872,2.5705600000000004,sl_first,1786846500,2026-08-16T02:15:00+00:00,-1.0,stop_touch,no,,,24.8972,below_50%,sl,1786846270,2.03872,23.419203747072615,rsi_lt_80,4,0,rsi_le_30,,,no_consecutive_trend,reconstructed
1955,1786781185,2026-08-15T08:06:25+00:00,EDENUSDT,LONG,oversold_24h,0,0.0507,pre_fix,0.0507,0.046644000000000005,0.058812,sl_first,1786789800,2026-08-15T10:30:00+00:00,-1.0,stop_touch,no,,,28.7019,below_50%,sl,1786810084,0.04611,34.17721518987341,rsi_lt_80,3,0,rsi_gt_30,,,no_consecutive_trend,reconstructed
1963,1786784685,2026-08-15T09:04:45+00:00,APRUSDT,LONG,oversold_24h,0,0.1894,pre_fix,0.1894,0.17424800000000001,0.219704,sl_first,1786810500,2026-08-15T16:15:00+00:00,-1.0,stop_touch,no,,,221.0227,at_or_above_50%,sl,1786810084,0.17424800000000001,10.696985373653732,rsi_lt_80,5,0,rsi_le_30,,,no_consecutive_trend,reconstructed
1968,1786786172,2026-08-15T09:29:32+00:00,TAGUSDT,LONG,oversold_24h,0,0.0009679,pre_fix,0.0009679,0.0009038339285714287,0.0010960321428571428,ambiguous,1786786200,2026-08-15T09:30:00+00:00,nan,both_barriers_same_candle,no,,,14.1268,below_50%,sl,1786871605,0.0008971,35.40636042402831,rsi_lt_80,4,0,rsi_gt_30,,,no_consecutive_trend,reconstructed
1975,1786810590,2026-08-15T16:16:30+00:00,EDENUSDT,LONG,oversold_24h,0,0.04624,pre_fix,0.04624,0.042540800000000004,0.0536384,sl_first,1786846500,2026-08-16T02:15:00+00:00,-1.0,stop_touch,no,,,43.1979,below_50%,sl,1786849819,0.042540800000000004,17.3846153846154,rsi_lt_80,4,3,rsi_le_30,1786795200,4.275,4-7.9h,reconstructed
1977,1786810645,2026-08-15T16:17:25+00:00,BLESSUSDT,LONG,oversold_24h,0,0.009244,pre_fix,0.009244,0.00850448,0.01072304,sl_first,1786853700,2026-08-16T04:15:00+00:00,-1.0,stop_touch,no,,,16.3358,below_50%,sl,1786949826,0.008391,30.05893909626721,rsi_lt_80,3,0,rsi_gt_30,,,no_consecutive_trend,reconstructed
1978,1786810663,2026-08-15T16:17:43+00:00,JCTUSDT,LONG,oversold_24h,0,0.002414,pre_fix,0.002414,0.0022208799999999997,0.00280024,sl_first,1786851000,2026-08-16T03:30:00+00:00,-1.0,stop_touch,no,,,58.7028,at_or_above_50%,sl,1786861561,0.002217,14.544084400904296,rsi_lt_80,4,0,rsi_le_30,,,no_consecutive_trend,reconstructed
1996,1786811768,2026-08-15T16:36:08+00:00,HFTUSDT,LONG,oversold_24h,0,0.00701,pre_fix,0.00701,0.0064491999999999996,0.0081316,sl_first,1786844700,2026-08-16T01:45:00+00:00,-1.0,stop_touch,no,,,14.7353,below_50%,sl,1786889428,0.0064491999999999996,29.921259842519632,rsi_lt_80,5,0,rsi_le_30,,,no_consecutive_trend,reconstructed
2010,1786816528,2026-08-15T17:55:28+00:00,AVNTUSDT,LONG,oversold_24h,0,0.098,pre_fix,0.098,0.09054821428571429,0.11290357142857144,unresolved,1786903200,2026-08-16T18:00:00+00:00,0.44284687275341433,window_close,no,,,15.1452,below_50%,sl,1787023211,0.09054821428571429,27.433628318584013,rsi_lt_80,5,2,rsi_le_30,1786802400,3.9244444444444446,0-3.9h,reconstructed
2014,1786817601,2026-08-15T18:13:21+00:00,CROSSUSDT,LONG,oversold_24h,0,0.08798,pre_fix,0.08798,0.0809416,0.1020568,tp_first,1786845600,2026-08-16T02:00:00+00:00,2.0,target_touch,no,,,66.7921,at_or_above_50%,tp,1786844975,0.10285,35.164835164835154,rsi_lt_80,3,0,rsi_gt_30,,,no_consecutive_trend,reconstructed
2015,1786817678,2026-08-15T18:14:38+00:00,COOKIEUSDT,LONG,oversold_24h,0,0.01115,pre_fix,0.01115,0.010258,0.012934000000000001,unresolved,1786904100,2026-08-16T18:15:00+00:00,0.13452914798206306,window_close,no,,,17.9982,below_50%,open,,,33.789954337899545,rsi_lt_80,3,0,rsi_gt_30,,,no_consecutive_trend,reconstructed
2016,1786817785,2026-08-15T18:16:25+00:00,GWEIUSDT,LONG,oversold_24h,0,0.022619,pre_fix,0.022619,0.02080948,0.02623804,unresolved,1786905000,2026-08-16T18:30:00+00:00,0.26415845085989637,window_close,no,,,25.1172,below_50%,sl,1787168839,0.02080948,17.47611464968152,rsi_lt_80,3,0,rsi_le_30,,,no_consecutive_trend,reconstructed
2023,1786839136,2026-08-16T00:12:16+00:00,VELVETUSDT,LONG,oversold_24h,0,0.85112,pre_fix,0.85112,0.7830304,0.9872992,tp_first,1786867200,2026-08-16T08:00:00+00:00,2.0000000000000018,target_touch,no,,,57.1935,at_or_above_50%,tp,1786866954,0.9872992,11.82448264805268,rsi_lt_80,4,1,rsi_le_30,1786831200,2.2044444444444444,0-3.9h,reconstructed
2024,1786839146,2026-08-16T00:12:26+00:00,CYSUSDT,LONG,oversold_24h,0,0.8546,pre_fix,0.8546,0.786232,0.991336,sl_first,1786840200,2026-08-16T00:30:00+00:00,-1.0,stop_touch,no,,,128.7102,at_or_above_50%,sl,1786839980,0.786232,25.902241822859253,rsi_lt_80,4,2,rsi_le_30,1786827600,3.207222222222222,0-3.9h,reconstructed
2048,1786840392,2026-08-16T00:33:12+00:00,APRUSDT,LONG,oversold_24h,0,0.15387,pre_fix,0.15387,0.1415604,0.17848920000000001,tp_first,1786863600,2026-08-16T07:00:00+00:00,2.0,target_touch,no,,,280.1699,at_or_above_50%,tp,1786863505,0.17848920000000001,32.64132066033018,rsi_lt_80,3,0,rsi_gt_30,,,no_consecutive_trend,reconstructed
2049,1786840409,2026-08-16T00:33:29+00:00,ONEUSDT,LONG,oversold_24h,0,0.000663,pre_fix,0.000663,0.00060996,0.0007690799999999999,unresolved,1786927500,2026-08-17T00:45:00+00:00,0.8861236802413289,window_close,no,,,25.1149,below_50%,tp,1787299504,0.00077,36.11111111111114,rsi_lt_80,3,1,rsi_gt_30,1786831200,2.5580555555555557,0-3.9h,reconstructed
2071,1786846288,2026-08-16T02:11:28+00:00,LABUSDT,LONG,oversold_24h,0,0.07736,pre_fix,0.07736,0.0711712,0.0897376,unresolved,1786932900,2026-08-17T02:15:00+00:00,0.3554808686659788,window_close,no,,,20.123,below_50%,tp,1787360148,0.08977,23.10559006211176,rsi_lt_80,7,0,rsi_le_30,,,no_consecutive_trend,reconstructed
2083,1786847581,2026-08-16T02:33:01+00:00,PROMUSDT,LONG,oversold_24h,0,2.06,pre_fix,2.06,1.8952,2.3896,unresolved,1786934700,2026-08-17T02:45:00+00:00,-0.0424757281553405,window_close,no,,,16.0275,below_50%,sl,1787013170,1.892,25.89531680440774,rsi_lt_80,6,0,rsi_le_30,,,no_consecutive_trend,reconstructed
2101,1786861589,2026-08-16T06:26:29+00:00,BMTUSDT,LONG,oversold_24h,0,0.01461,pre_fix,0.01461,0.0134412,0.0169476,unresolved,1786948200,2026-08-17T06:30:00+00:00,0.5133470225872692,window_close,no,,,37.3444,below_50%,tp,1787012661,0.01696,20.1298701298701,rsi_lt_80,4,2,rsi_le_30,1786849200,3.441388888888889,0-3.9h,reconstructed
2102,1786861630,2026-08-16T06:27:10+00:00,CYSUSDT,LONG,oversold_24h,0,0.7429,pre_fix,0.7429,0.683468,0.861764,sl_first,1786868100,2026-08-16T08:15:00+00:00,-1.0,stop_touch,no,,,197.6345,at_or_above_50%,sl,1786867709,0.683468,15.725806451612897,rsi_lt_80,4,1,rsi_le_30,1786852800,2.452777777777778,0-3.9h,reconstructed
2104,1786861709,2026-08-16T06:28:29+00:00,JCTUSDT,LONG,oversold_24h,0,0.002219,pre_fix,0.002219,0.00204148,0.00257404,tp_first,1786927500,2026-08-17T00:45:00+00:00,2.0,target_touch,no,,,55.7629,at_or_above_50%,tp,1787035446,0.002581,24.169184290030174,rsi_lt_80,4,1,rsi_le_30,1786852800,2.4747222222222223,0-3.9h,reconstructed
2116,1786862999,2026-08-16T06:49:59+00:00,ARXUSDT,LONG,oversold_24h,0,0.1052,pre_fix,0.1052,0.10031428571428572,0.11497142857142857,unresolved,1786950000,2026-08-17T07:00:00+00:00,0.4298245614035098,window_close,no,,,15.6042,below_50%,tp,1786985555,0.11497142857142857,17.977528089887684,rsi_lt_80,1,0,rsi_le_30,,,no_consecutive_trend,reconstructed
2124,1786865420,2026-08-16T07:30:20+00:00,BRUSDT,LONG,oversold_24h,0,0.20661,pre_fix,0.20661,0.19008119999999998,0.23966759999999998,sl_first,1786878900,2026-08-16T11:15:00+00:00,-1.0,stop_touch,no,,,17.8965,below_50%,sl,1786878550,0.19008119999999998,42.23902541482881,rsi_lt_80,5,0,rsi_gt_30,,,no_consecutive_trend,reconstructed
2128,1786867637,2026-08-16T08:07:17+00:00,NILUSDT,LONG,oversold_24h,0,0.04596,pre_fix,0.04596,0.0422832,0.0533136,unresolved,1786954500,2026-08-17T08:15:00+00:00,0.970953002610965,window_close,no,,,22.9764,below_50%,sl,1787151653,0.04137,37.80895123580494,rsi_lt_80,5,2,rsi_gt_30,1786856400,3.1213888888888888,0-3.9h,reconstructed
2136,1786868905,2026-08-16T08:28:25+00:00,CYSUSDT,LONG,oversold_24h,0,0.7087,pre_fix,0.7087,0.652004,0.822092,sl_first,1786879800,2026-08-16T11:30:00+00:00,-1.0,stop_touch,no,,,197.6345,at_or_above_50%,sl,1786880587,0.652004,20.521172638436497,rsi_lt_80,4,0,rsi_le_30,,,no_consecutive_trend,reconstructed
2145,1786876014,2026-08-16T10:26:54+00:00,TAGUSDT,LONG,oversold_24h,0,0.0008873,pre_fix,0.0008873,0.0008163160000000001,0.001029268,tp_first,1786930200,2026-08-17T01:30:00+00:00,2.0000000000000013,target_touch,no,,,30.5,below_50%,tp,1786958435,0.0010326,17.466410748560477,rsi_lt_80,4,0,rsi_le_30,,,no_consecutive_trend,reconstructed
2156,1786879608,2026-08-16T11:26:48+00:00,BRUSDT,LONG,oversold_24h,0,0.19183,pre_fix,0.19183,0.1764836,0.2225228,unresolved,1786966200,2026-08-17T11:30:00+00:00,0.08927175102955802,window_close,no,,,25.639,below_50%,tp,1787159999,0.22287,15.563063063063012,rsi_lt_80,2,0,rsi_le_30,,,no_consecutive_trend,reconstructed
2177,1786889143,2026-08-16T14:05:43+00:00,HUSDT,LONG,oversold_24h,0,0.11297,pre_fix,0.11297,0.10393240000000001,0.1310452,sl_first,1786889700,2026-08-16T14:15:00+00:00,-1.0,stop_touch,no,,,44.8053,below_50%,sl,1786889428,0.10393240000000001,30.463495169377495,rsi_lt_80,6,0,rsi_gt_30,,,no_consecutive_trend,reconstructed
2188,1786894068,2026-08-16T15:27:48+00:00,XNYUSDT,LONG,oversold_24h,0,0.007373,pre_fix,0.007373,0.006874303571428571,0.008370392857142857,unresolved,1786980600,2026-08-17T15:30:00+00:00,0.4431553693558198,window_close,no,,,25.2613,below_50%,open,,,28.693309384822626,rsi_lt_80,4,0,rsi_le_30,,,no_consecutive_trend,reconstructed
2189,1786894097,2026-08-16T15:28:17+00:00,AEONUSDT,LONG,oversold_24h,0,0.07014,pre_fix,0.07014,0.0645288,0.08136239999999999,tp_first,1786955400,2026-08-17T08:30:00+00:00,2.0,target_touch,no,,,34.1918,below_50%,tp,1786957784,0.08334,29.238329238329257,rsi_lt_80,5,0,rsi_le_30,,,no_consecutive_trend,reconstructed
2192,1786912127,2026-08-16T20:28:47+00:00,HEMIUSDT,LONG,oversold_24h,0,0.0064,pre_fix,0.0064,0.005888,0.007424,tp_first,1786988700,2026-08-17T17:45:00+00:00,1.9999999999999982,target_touch,no,,,60.7738,at_or_above_50%,tp,1786987866,0.007424,35.307194826192415,rsi_lt_80,5,2,rsi_gt_30,1786899600,3.479722222222222,0-3.9h,reconstructed
2194,1786912315,2026-08-16T20:31:55+00:00,COWUSDT,LONG,oversold_24h,0,0.1227,pre_fix,0.1227,0.112884,0.14233200000000001,sl_first,1786930200,2026-08-17T01:30:00+00:00,-1.0,stop_touch,no,,,21.4527,below_50%,sl,1786949826,0.111,17.518248175182478,rsi_lt_80,4,0,rsi_le_30,,,no_consecutive_trend,reconstructed
2204,1786914495,2026-08-16T21:08:15+00:00,REDUSDT,LONG,oversold_24h,0,0.0866,pre_fix,0.0866,0.08200357142857143,0.09579285714285714,unresolved,1787001300,2026-08-17T21:15:00+00:00,0.021756021756022384,window_close,no,,,34.6466,below_50%,tp,1787029946,0.1099,23.52941176470563,rsi_lt_80,5,0,rsi_le_30,,,no_consecutive_trend,reconstructed
2211,1786915620,2026-08-16T21:27:00+00:00,HUSDT,LONG,oversold_24h,0,0.1282,pre_fix,0.1282,0.11794400000000001,0.148712,sl_first,1786944600,2026-08-17T05:30:00+00:00,-1.0,stop_touch,no,,,70.014,at_or_above_50%,sl,1786949826,0.10745,31.254802942145133,rsi_lt_80,7,0,rsi_gt_30,,,no_consecutive_trend,reconstructed
2213,1786916982,2026-08-16T21:49:42+00:00,DYDXUSDT,LONG,oversold_24h,0,0.09898,pre_fix,0.09898,0.09673589285714286,0.10346821428571427,sl_first,1786917600,2026-08-16T22:00:00+00:00,-1.0,stop_touch,no,,,16.0502,below_50%,sl,1786917622,0.09581,36.32385120350105,rsi_lt_80,6,0,rsi_gt_30,,,no_consecutive_trend,reconstructed
2215,1786950129,2026-08-17T07:02:09+00:00,ACUUSDT,LONG,oversold_24h,0,0.10196,pre_fix,0.10196,0.0938032,0.11827359999999999,tp_first,1786974300,2026-08-17T13:45:00+00:00,2.0000000000000018,target_touch,no,,,28.5827,below_50%,tp,1786975332,0.12166,8.979913351713279,rsi_lt_80,1,0,rsi_le_30,,,no_consecutive_trend,reconstructed
2217,1786950301,2026-08-17T07:05:01+00:00,HUSDT,LONG,oversold_24h,0,0.10619,pre_fix,0.10619,0.0976948,0.12318040000000001,tp_first,1786971600,2026-08-17T13:00:00+00:00,1.9999999999999984,target_touch,no,,,70.014,at_or_above_50%,tp,1786975332,0.12389,28.419574809466525,rsi_lt_80,5,0,rsi_le_30,,,no_consecutive_trend,reconstructed
2219,1786958173,2026-08-17T09:16:13+00:00,QUSDT,LONG,oversold_24h,0,0.022113,pre_fix,0.022113,0.02034396,0.02565108,sl_first,1786981500,2026-08-17T15:45:00+00:00,-1.0,stop_touch,no,,,33.7468,below_50%,sl,1786980787,0.020336,19.088523025530918,rsi_lt_80,4,0,rsi_le_30,,,no_consecutive_trend,reconstructed
2220,1786958230,2026-08-17T09:17:10+00:00,VELVETUSDT,LONG,oversold_24h,0,0.85965,pre_fix,0.85965,0.790878,0.997194,sl_first,1786964400,2026-08-17T11:00:00+00:00,-1.0,stop_touch,no,,,37.0027,below_50%,sl,1786963600,0.78186,11.464883535559352,rsi_lt_80,4,0,rsi_le_30,,,no_consecutive_trend,reconstructed
2221,1786958337,2026-08-17T09:18:57+00:00,BOMEUSDT,LONG,oversold_24h,0,0.0007865,pre_fix,0.0007865,0.0007281553571428571,0.0009031892857142857,unresolved,1787045400,2026-08-18T09:30:00+00:00,0.0668441832705911,window_close,no,,,13.0635,below_50%,tp,1787172758,0.0009031892857142857,27.510917030567654,rsi_lt_80,6,0,rsi_le_30,,,no_consecutive_trend,reconstructed
2222,1786958361,2026-08-17T09:19:21+00:00,CYSUSDT,LONG,oversold_24h,0,0.555,pre_fix,0.555,0.5106,0.6438,sl_first,1786959900,2026-08-17T09:45:00+00:00,-1.0,stop_touch,no,,,60.0556,at_or_above_50%,sl,1786975332,0.5034,25.376402956474124,rsi_lt_80,4,0,rsi_le_30,,,no_consecutive_trend,reconstructed
2223,1786958387,2026-08-17T09:19:47+00:00,ELSAUSDT,LONG,oversold_24h,0,0.04173,pre_fix,0.04173,0.03993535714285715,0.04531928571428572,unresolved,1787045400,2026-08-18T09:30:00+00:00,-0.08358208955224126,window_close,no,,,13.1294,below_50%,tp,1787271756,0.04531928571428572,9.292035398230027,rsi_lt_80,2,1,rsi_le_30,1786950000,2.3297222222222222,0-3.9h,reconstructed
2242,1786959464,2026-08-17T09:37:44+00:00,DOLOUSDT,LONG,oversold_24h,0,0.02239,pre_fix,0.02239,0.0205988,0.0259724,unresolved,1787046300,2026-08-18T09:45:00+00:00,0.07815989280929056,window_close,no,,,24.9888,below_50%,tp,1787313207,0.0259724,37.915742793791544,rsi_lt_80,5,0,rsi_gt_30,,,no_consecutive_trend,reconstructed
2256,1786965502,2026-08-17T11:18:22+00:00,VELVETUSDT,LONG,oversold_24h,0,0.7304,pre_fix,0.7304,0.671968,0.847264,sl_first,1786981500,2026-08-17T15:45:00+00:00,-1.0,stop_touch,no,,,55.1052,at_or_above_50%,sl,1786980817,0.67187,6.7363384537899975,rsi_lt_80,3,0,rsi_le_30,,,no_consecutive_trend,reconstructed
2263,1786975911,2026-08-17T14:11:51+00:00,CYSUSDT,LONG,oversold_24h,0,0.4904,pre_fix,0.4904,0.451168,0.568864,sl_first,1786986000,2026-08-17T17:00:00+00:00,-1.0,stop_touch,no,,,74.2892,at_or_above_50%,sl,1786985256,0.451168,10.18950837681956,rsi_lt_80,2,0,rsi_le_30,,,no_consecutive_trend,reconstructed
2264,1786975965,2026-08-17T14:12:45+00:00,币安人生USDT,LONG,oversold_24h,0,0.46046,pre_fix,0.46046,0.4399742857142857,0.5014314285714285,unresolved,1787062500,2026-08-18T14:15:00+00:00,0.13228730822873314,window_close,yes,1786975212,ema_cross_confirmed,16.8165,below_50%,sl,1787151653,0.42548,18.15686274509794,rsi_lt_80,2,0,rsi_le_30,,,no_consecutive_trend,reconstructed
2270,1786977276,2026-08-17T14:34:36+00:00,SQDUSDT,LONG,oversold_24h,0,0.03945,pre_fix,0.03945,0.03665678571428571,0.04503642857142857,unresolved,1787064300,2026-08-18T14:45:00+00:00,0.47257383966244754,window_close,no,,,15.2347,below_50%,sl,1787413528,0.03665678571428571,19.774919614147862,rsi_lt_80,2,0,rsi_le_30,,,no_consecutive_trend,reconstructed
2272,1786978362,2026-08-17T14:52:42+00:00,TLMUSDT,LONG,oversold_24h,0,0.001414,pre_fix,0.001414,0.0013302142857142857,0.0015815714285714285,sl_first,1786978800,2026-08-17T15:00:00+00:00,-1.0,stop_touch,no,,,15.7628,below_50%,sl,1787151653,0.001317,36.82170542635661,rsi_lt_80,6,0,rsi_gt_30,,,no_consecutive_trend,reconstructed
2282,1786980949,2026-08-17T15:35:49+00:00,VELVETUSDT,LONG,oversold_24h,0,0.67111,pre_fix,0.67111,0.6174212,0.7784876,sl_first,1786985100,2026-08-17T16:45:00+00:00,-1.0,stop_touch,no,,,61.3924,at_or_above_50%,sl,1786984356,0.61332,2.7874951413182742,rsi_lt_80,1,0,rsi_le_30,,,no_consecutive_trend,reconstructed
2285,1786981141,2026-08-17T15:39:01+00:00,FIGHTUSDT,LONG,oversold_24h,0,0.00388,pre_fix,0.00388,0.0036888035714285716,0.004262392857142857,sl_first,1787028300,2026-08-18T04:45:00+00:00,-1.0,stop_touch,no,,,15.5069,below_50%,sl,1787029946,0.00356,8.351648351648322,rsi_lt_80,3,0,rsi_le_30,,,no_consecutive_trend,reconstructed
2286,1786981188,2026-08-17T15:39:48+00:00,QUSDT,LONG,oversold_24h,0,0.020311,pre_fix,0.020311,0.01868612,0.02356076,unresolved,1787067900,2026-08-18T15:45:00+00:00,0.3194082024518749,window_close,no,,,36.3195,below_50%,open,,,15.795609092675406,rsi_lt_80,3,0,rsi_le_30,,,no_consecutive_trend,reconstructed
2316,1786983576,2026-08-17T16:19:36+00:00,PRLUSDT,LONG,oversold_24h,0,0.36593,pre_fix,0.36593,0.3366556,0.4244788,tp_first,1787022900,2026-08-18T03:15:00+00:00,2.0000000000000018,target_touch,no,,,16.9413,below_50%,tp,1787022599,0.42466,37.80231335436382,rsi_lt_80,1,0,rsi_gt_30,,,no_consecutive_trend,reconstructed
2318,1786985713,2026-08-17T16:55:13+00:00,HUSDT,LONG,oversold_24h,0,0.11378,pre_fix,0.11378,0.10467760000000001,0.1319848,unresolved,1787072400,2026-08-18T17:00:00+00:00,-0.41747231499384924,window_close,no,,,43.6084,below_50%,sl,1787151653,0.09421,30.535433070866134,rsi_lt_80,6,0,rsi_gt_30,,,no_consecutive_trend,reconstructed
2329,1786988272,2026-08-17T17:37:52+00:00,ROBOUSDT,LONG,oversold_24h,0,0.01336,pre_fix,0.01336,0.0122912,0.0154976,unresolved,1787075100,2026-08-18T17:45:00+00:00,-0.23390718562874274,window_close,no,,,17.7528,below_50%,tp,1787238936,0.0155,34.02061855670104,rsi_lt_80,3,0,rsi_gt_30,,,no_consecutive_trend,reconstructed
2331,1786989408,2026-08-17T17:56:48+00:00,VELVETUSDT,LONG,oversold_24h,0,0.5883,pre_fix,0.5883,0.541236,0.682428,sl_first,1787029200,2026-08-18T05:00:00+00:00,-1.0,stop_touch,no,,,85.8839,at_or_above_50%,sl,1787029946,0.53968,2.040720585475711,rsi_lt_80,1,0,rsi_le_30,,,no_consecutive_trend,reconstructed
2332,1786989599,2026-08-17T17:59:59+00:00,ONUSDT,LONG,oversold_24h,0,0.33624,pre_fix,0.33624,0.30934079999999997,0.3900384,sl_first,1787038200,2026-08-18T07:30:00+00:00,-1.0,stop_touch,no,,,20.5352,below_50%,sl,1787044206,0.29132,33.952290593656784,rsi_lt_80,5,0,rsi_gt_30,,,no_consecutive_trend,reconstructed
2334,1786990508,2026-08-17T18:15:08+00:00,CYSUSDT,LONG,oversold_24h,0,0.4576,pre_fix,0.4576,0.42099200000000003,0.530816,tp_first,1787025600,2026-08-18T04:00:00+00:00,2.0,target_touch,no,,,99.4232,at_or_above_50%,tp,1787035118,0.530816,7.364787111622562,rsi_lt_80,2,1,rsi_le_30,1786982400,2.252222222222222,0-3.9h,reconstructed
2335,1786990742,2026-08-17T18:19:02+00:00,AIOUSDT,LONG,oversold_24h,0,0.0562,pre_fix,0.0562,0.051704,0.065192,sl_first,1787005800,2026-08-17T22:30:00+00:00,-1.0,stop_touch,no,,,42.7149,below_50%,sl,1787012249,0.05157,31.00657561962572,rsi_lt_80,5,0,rsi_gt_30,,,no_consecutive_trend,reconstructed
2336,1786990800,2026-08-17T18:20:00+00:00,BLESSUSDT,LONG,oversold_24h,0,0.008001,pre_fix,0.008001,0.00736092,0.00928116,unresolved,1787077800,2026-08-18T18:30:00+00:00,-0.4968128983877015,window_close,no,,,15.2651,below_50%,sl,1787151653,0.007259,20.45454545454561,rsi_lt_80,5,0,rsi_le_30,,,no_consecutive_trend,reconstructed
2342,1786994182,2026-08-17T19:16:22+00:00,B2USDT,LONG,oversold_24h,0,0.4564,pre_fix,0.4564,0.4337607142857142,0.5016785714285714,unresolved,1787081400,2026-08-18T19:30:00+00:00,0.7597412841142145,window_close,no,,,13.6204,below_50%,sl,1787253126,0.4337607142857142,2.181208053691222,rsi_lt_80,1,0,rsi_le_30,,,no_consecutive_trend,reconstructed
2378,1786997812,2026-08-17T20:16:52+00:00,SOPHUSDT,LONG,oversold_24h,0,0.003447,pre_fix,0.003447,0.003248892857142857,0.0038432142857142857,unresolved,1787085000,2026-08-18T20:30:00+00:00,-0.38363079141878503,window_close,no,,,32.5973,below_50%,tp,1787319620,0.003845,25.81699346405229,rsi_lt_80,4,0,rsi_le_30,,,no_consecutive_trend,reconstructed
2380,1786999163,2026-08-17T20:39:23+00:00,AKEUSDT,LONG,oversold_24h,0,0.0087404,pre_fix,0.0087404,0.008041168000000001,0.010138864000000001,tp_first,1787063400,2026-08-18T14:30:00+00:00,2.0000000000000027,target_touch,no,,,25.2309,below_50%,tp,1787062940,0.010138864000000001,42.72695611794752,rsi_lt_80,4,2,rsi_gt_30,1786986000,3.656388888888889,0-3.9h,reconstructed
2384,1787012670,2026-08-18T00:24:30+00:00,AIOUSDT,LONG,oversold_24h,0,0.05151,pre_fix,0.05151,0.0473892,0.0597516,sl_first,1787022900,2026-08-18T03:15:00+00:00,-1.0,stop_touch,no,,,55.5534,at_or_above_50%,sl,1787022673,0.0473892,18.96034655114964,rsi_lt_80,4,1,rsi_le_30,1787004000,2.408333333333333,0-3.9h,reconstructed
2396,1787022910,2026-08-18T03:15:10+00:00,MINIMAXUSDT,LONG,oversold_24h,0,37.56,pre_fix,37.56,35.89017857142857,40.89964285714286,tp_first,1787034600,2026-08-18T06:30:00+00:00,1.9999999999999958,target_touch,no,,,18.5145,below_50%,tp,1787034559,40.95,15.155279503105646,rsi_lt_80,5,0,rsi_le_30,,,no_consecutive_trend,reconstructed
2397,1787022972,2026-08-18T03:16:12+00:00,ARIAUSDT,LONG,oversold_24h,0,0.03217,pre_fix,0.03217,0.030557499999999998,0.035394999999999996,tp_first,1787075100,2026-08-18T17:45:00+00:00,2.0,target_touch,no,,,14.4417,below_50%,tp,1787151923,0.035394999999999996,18.95424836601316,rsi_lt_80,4,0,rsi_le_30,,,no_consecutive_trend,reconstructed
2398,1787023011,2026-08-18T03:16:51+00:00,GALAUSDT,LONG,oversold_24h,0,0.001456,pre_fix,0.001456,0.0014206964285714285,0.001526607142857143,sl_first,1787023800,2026-08-18T03:30:00+00:00,-1.0,stop_touch,no,,,15.5664,below_50%,sl,1787023093,0.0014206964285714285,13.749999999999957,rsi_lt_80,5,0,rsi_le_30,,,no_consecutive_trend,reconstructed
2399,1787023020,2026-08-18T03:17:00+00:00,WLDUSDT,LONG,oversold_24h,0,0.3275,pre_fix,0.3275,0.3130089285714286,0.35648214285714286,unresolved,1787110200,2026-08-19T03:30:00+00:00,-0.8004929143561309,window_close,no,,,15.0855,below_50%,tp,1787168350,0.3566,18.823529411764724,rsi_lt_80,3,0,rsi_le_30,,,no_consecutive_trend,reconstructed
2400,1787023123,2026-08-18T03:18:43+00:00,IRYSUSDT,LONG,oversold_24h,0,0.01355,pre_fix,0.01355,0.012926428571428571,0.014797142857142856,sl_first,1787094000,2026-08-18T23:00:00+00:00,-1.0,stop_touch,no,,,16.5308,below_50%,tp,1787314229,0.01483,7.834101382488555,rsi_lt_80,5,0,rsi_le_30,,,no_consecutive_trend,reconstructed
2401,1787023170,2026-08-18T03:19:30+00:00,ZHIPUUSDT,LONG,oversold_24h,0,129.64,pre_fix,129.64,123.55696428571427,141.8060714285714,unresolved,1787110200,2026-08-19T03:30:00+00:00,-0.24001174225744565,window_close,no,,,22.4603,below_50%,tp,1787294815,142.73,12.764651733660699,rsi_lt_80,6,0,rsi_le_30,,,no_consecutive_trend,reconstructed
2402,1787023220,2026-08-18T03:20:20+00:00,AIOUSDT,LONG,oversold_24h,0,0.0469,pre_fix,0.0469,0.043148,0.054403999999999994,sl_first,1787028300,2026-08-18T04:45:00+00:00,-1.0,stop_touch,no,,,69.789,at_or_above_50%,sl,1787029946,0.04235,7.46561886051083,rsi_lt_80,4,0,rsi_le_30,,,no_consecutive_trend,reconstructed
2416,1787030320,2026-08-18T05:18:40+00:00,FIGHTUSDT,LONG,oversold_24h,0,0.003596,pre_fix,0.003596,0.0034079642857142854,0.003972071428571428,sl_first,1787072400,2026-08-18T17:00:00+00:00,-1.0,stop_touch,no,,,22.3722,below_50%,sl,1787081613,0.003405,12.970711297071134,rsi_lt_80,4,0,rsi_le_30,,,no_consecutive_trend,reconstructed
2417,1787030342,2026-08-18T05:19:02+00:00,GALAUSDT,LONG,oversold_24h,0,0.001383,pre_fix,0.001383,0.0013353749999999998,0.00147825,unresolved,1787117400,2026-08-19T05:30:00+00:00,-0.10498687664041535,window_close,no,,,22.912,below_50%,tp,1787222097,0.00147825,7.6655052264808035,rsi_lt_80,4,0,rsi_le_30,,,no_consecutive_trend,reconstructed
2419,1787030520,2026-08-18T05:22:00+00:00,VELVETUSDT,LONG,oversold_24h,0,0.53659,pre_fix,0.53659,0.4936628,0.6224444,sl_first,1787032800,2026-08-18T06:00:00+00:00,-1.0,stop_touch,no,,,93.8121,at_or_above_50%,sl,1787032520,0.49307,13.234958198181758,rsi_lt_80,4,0,rsi_le_30,,,no_consecutive_trend,reconstructed
2442,1787031535,2026-08-18T05:38:55+00:00,SLXUSDT,LONG,oversold_24h,0,0.06375,pre_fix,0.06375,0.06062357142857143,0.07000285714285714,unresolved,1787118300,2026-08-19T05:45:00+00:00,-0.044779529358008156,window_close,no,,,12.7784,below_50%,tp,1787301972,0.07000285714285714,21.248630887185072,rsi_lt_80,4,1,rsi_le_30,1787022000,2.6486111111111112,0-3.9h,reconstructed
2444,1787031682,2026-08-18T05:41:22+00:00,AIOUSDT,LONG,oversold_24h,0,0.04287,pre_fix,0.04287,0.0394404,0.0497292,tp_first,1787040900,2026-08-18T08:15:00+00:00,2.000000000000002,target_touch,no,,,89.7257,at_or_above_50%,tp,1787044970,0.04986,9.340434248258916,rsi_lt_80,3,0,rsi_le_30,,,no_consecutive_trend,reconstructed
2445,1787031731,2026-08-18T05:42:11+00:00,UPUSDT,LONG,oversold_24h,0,0.3566,pre_fix,0.3566,0.33729821428571427,0.39520357142857143,sl_first,1787059800,2026-08-18T13:30:00+00:00,-1.0,stop_touch,no,,,19.2625,below_50%,sl,1787059343,0.3319,13.846153846153925,rsi_lt_80,4,0,rsi_le_30,,,no_consecutive_trend,reconstructed
2449,1787032785,2026-08-18T05:59:45+00:00,DIAUSDT,LONG,oversold_24h,0,0.1222,pre_fix,0.1222,0.11496785714285715,0.1366642857142857,unresolved,1787119200,2026-08-19T06:00:00+00:00,0.7328395061728398,window_close,no,,,20.813,below_50%,tp,1787249230,0.1367,33.057851239669404,rsi_lt_80,4,0,rsi_gt_30,,,no_consecutive_trend,reconstructed
2455,1787033892,2026-08-18T06:18:12+00:00,KORUUSDT,LONG,oversold_24h,0,20.789,pre_fix,20.789,19.5965,23.174000000000003,sl_first,1787061600,2026-08-18T14:00:00+00:00,-1.0,stop_touch,no,,,25.0432,below_50%,sl,1787061324,19.5965,16.78377515170874,rsi_lt_80,4,0,rsi_le_30,,,no_consecutive_trend,reconstructed
2456,1787034092,2026-08-18T06:21:32+00:00,RVNUSDT,LONG,oversold_24h,0,0.002732,pre_fix,0.002732,0.0025762678571428573,0.0030434642857142856,unresolved,1787121000,2026-08-19T06:30:00+00:00,-0.12200435729847449,window_close,no,,,16.507,below_50%,tp,1787263739,0.0030434642857142856,8.461538461538282,rsi_lt_80,1,0,rsi_le_30,,,no_consecutive_trend,reconstructed
2458,1787035050,2026-08-18T06:37:30+00:00,AVAAIUSDT,LONG,oversold_24h,0,0.012741,pre_fix,0.012741,0.011721720000000001,0.01477956,unresolved,1787121900,2026-08-19T06:45:00+00:00,0.5366533239149197,window_close,no,,,16.8879,below_50%,tp,1787209958,0.014847,32.599667774086384,rsi_lt_80,5,1,rsi_gt_30,1787025600,2.625,0-3.9h,reconstructed
2461,1787044530,2026-08-18T09:15:30+00:00,VELVETUSDT,LONG,oversold_24h,0,0.51686,pre_fix,0.51686,0.47551119999999997,0.5995576,tp_first,1787055300,2026-08-18T12:15:00+00:00,2.0,target_touch,no,,,87.5786,at_or_above_50%,tp,1787055324,0.5995576,8.807876530069208,rsi_lt_80,2,0,rsi_le_30,,,no_consecutive_trend,reconstructed
2462,1787044688,2026-08-18T09:18:08+00:00,INTWUSDT,LONG,oversold_24h,0,22.98,pre_fix,22.98,22.084285714285716,24.771428571428572,sl_first,1787061600,2026-08-18T14:00:00+00:00,-1.0,stop_touch,no,,,13.8126,below_50%,sl,1787060996,22.03,25.207756232686933,rsi_lt_80,6,0,rsi_le_30,,,no_consecutive_trend,reconstructed
2463,1787044703,2026-08-18T09:18:23+00:00,SKUUUSDT,LONG,oversold_24h,0,23.309,pre_fix,23.309,21.98525,25.956500000000002,sl_first,1787065200,2026-08-18T15:00:00+00:00,-1.0,stop_touch,no,,,20.793,below_50%,sl,1787064837,21.963,27.347381468856526,rsi_lt_80,6,0,rsi_le_30,,,no_consecutive_trend,reconstructed
2464,1787044716,2026-08-18T09:18:36+00:00,TAGUSDT,LONG,oversold_24h,0,0.0009002,pre_fix,0.0009002,0.000828184,0.001044232,unresolved,1787131800,2026-08-19T09:30:00+00:00,0.2096756276383026,window_close,no,,,23.683,below_50%,open,,,16.576086956521806,rsi_lt_80,3,0,rsi_le_30,,,no_consecutive_trend,reconstructed
2467,1787044826,2026-08-18T09:20:26+00:00,HANAUSDT,LONG,oversold_24h,0,0.02647,pre_fix,0.02647,0.025255,0.0289,sl_first,1787045400,2026-08-18T09:30:00+00:00,-1.0,stop_touch,no,,,28.0245,below_50%,sl,1787045326,0.02443,10.340136054421805,rsi_lt_80,7,0,rsi_le_30,,,no_consecutive_trend,reconstructed
2468,1787044843,2026-08-18T09:20:43+00:00,ONUSDT,LONG,oversold_24h,0,0.29236,pre_fix,0.29236,0.2689712,0.33913760000000004,sl_first,1787053500,2026-08-18T11:45:00+00:00,-1.0,stop_touch,no,,,36.1515,below_50%,sl,1787053464,0.26769,20.384341637010692,rsi_lt_80,5,0,rsi_le_30,,,no_consecutive_trend,reconstructed
2504,1787046195,2026-08-18T09:43:15+00:00,XPINUSDT,LONG,oversold_24h,0,0.0012434,pre_fix,0.0012434,0.001143928,0.001442344,sl_first,1787106600,2026-08-19T02:30:00+00:00,-1.0,stop_touch,no,,,30.831,below_50%,sl,1787151653,0.0010681,40.29423003439052,rsi_lt_80,6,0,rsi_gt_30,,,no_consecutive_trend,reconstructed
2508,1787052981,2026-08-18T11:36:21+00:00,SOXLUSDT,LONG,oversold_24h,0,135.86,pre_fix,135.86,131.42535714285717,144.7292857142857,sl_first,1787061600,2026-08-18T14:00:00+00:00,-1.0,stop_touch,no,,,16.3153,below_50%,sl,1787060846,131.3,17.503217503217613,rsi_lt_80,3,0,rsi_le_30,,,no_consecutive_trend,reconstructed
2516,1787054474,2026-08-18T12:01:14+00:00,ONUSDT,LONG,oversold_24h,0,0.27395,pre_fix,0.27395,0.25203400000000004,0.317782,sl_first,1787130000,2026-08-19T09:00:00+00:00,-1.0,stop_touch,no,,,48.9667,below_50%,sl,1787151653,0.23647,13.056023082471782,rsi_lt_80,4,0,rsi_le_30,,,no_consecutive_trend,reconstructed
2529,1787055948,2026-08-18T12:25:48+00:00,ALABUSDT,LONG,oversold_24h,0,306.1,pre_fix,306.1,296.9875,324.325,sl_first,1787062500,2026-08-18T14:15:00+00:00,-1.0,stop_touch,no,,,17.0199,below_50%,sl,1787061681,296.9875,26.229508196721397,rsi_lt_80,4,1,rsi_le_30,1787047200,2.43,0-3.9h,reconstructed
2553,1787060524,2026-08-18T13:42:04+00:00,UPUSDT,LONG,oversold_24h,0,0.3369,pre_fix,0.3369,0.3130232142857143,0.38465357142857143,unresolved,1787147100,2026-08-19T13:45:00+00:00,1.377907411562339,window_close,no,,,31.5326,below_50%,tp,1787173724,0.3942,15.02183406113538,rsi_lt_80,3,1,rsi_le_30,1787050800,2.701111111111111,0-3.9h,reconstructed
2554,1787060592,2026-08-18T13:43:12+00:00,MVLLUSDT,LONG,oversold_24h,0,27.49,pre_fix,27.49,26.21125,30.0475,sl_first,1787062500,2026-08-18T14:15:00+00:00,-1.0,stop_touch,no,,,21.1813,below_50%,sl,1787062313,26.17,16.10305958132045,rsi_lt_80,4,0,rsi_le_30,,,no_consecutive_trend,reconstructed
2557,1787062099,2026-08-18T14:08:19+00:00,KORUUSDT,LONG,oversold_24h,0,19.812,pre_fix,19.812,18.660107142857143,22.115785714285717,sl_first,1787065200,2026-08-18T15:00:00+00:00,-1.0,stop_touch,yes,1787059813,ema_cross_confirmed,29.98,below_50%,sl,1787064984,18.660107142857143,14.865377322715247,rsi_lt_80,4,0,rsi_le_30,,,no_consecutive_trend,reconstructed
2558,1787062126,2026-08-18T14:08:46+00:00,MUUUSDT,LONG,oversold_24h,0,31.23,pre_fix,31.23,29.85535714285714,33.979285714285716,sl_first,1787065200,2026-08-18T15:00:00+00:00,-1.0,stop_touch,no,,,18.2288,below_50%,sl,1787065134,29.81,25.341614906832348,rsi_lt_80,5,0,rsi_le_30,,,no_consecutive_trend,reconstructed
2559,1787062166,2026-08-18T14:09:26+00:00,BEUSDT,LONG,oversold_24h,0,213.8,pre_fix,213.8,207.6232142857143,226.15357142857144,sl_first,1787066100,2026-08-18T15:15:00+00:00,-1.0,stop_touch,no,,,15.2614,below_50%,sl,1787065280,207.6232142857143,23.88451443569558,rsi_lt_80,5,0,rsi_le_30,,,no_consecutive_trend,reconstructed
2560,1787062174,2026-08-18T14:09:34+00:00,CBRSUSDT,LONG,oversold_24h,0,222.7,pre_fix,222.7,215.92857142857142,236.24285714285713,sl_first,1787076000,2026-08-18T18:00:00+00:00,-1.0,stop_touch,no,,,18.6448,below_50%,sl,1787151653,212.0,15.625000000000014,rsi_lt_80,5,0,rsi_le_30,,,no_consecutive_trend,reconstructed
2561,1787062206,2026-08-18T14:10:06+00:00,STARUSDT,LONG,oversold_24h,0,0.11838,pre_fix,0.11838,0.1089096,0.1373208,sl_first,1787085900,2026-08-18T20:45:00+00:00,-1.0,stop_touch,no,,,31.0541,below_50%,tp,1787151653,0.14615,17.7777777777778,rsi_lt_80,4,0,rsi_le_30,,,no_consecutive_trend,reconstructed
2562,1787062230,2026-08-18T14:10:30+00:00,SNXXUSDT,LONG,oversold_24h,0,16.64,pre_fix,16.64,15.535517857142858,18.848964285714285,sl_first,1787065200,2026-08-18T15:00:00+00:00,-1.0,stop_touch,no,,,23.5228,below_50%,sl,1787065134,15.502,21.110648918469124,rsi_lt_80,5,0,rsi_le_30,,,no_consecutive_trend,reconstructed
2565,1787062385,2026-08-18T14:13:05+00:00,INTWUSDT,LONG,oversold_24h,0,21.7,pre_fix,21.7,20.760357142857142,23.579285714285714,sl_first,1787115600,2026-08-19T05:00:00+00:00,-1.0,stop_touch,no,,,21.1503,below_50%,sl,1787151653,20.16,20.411985018726554,rsi_lt_80,5,0,rsi_le_30,,,no_consecutive_trend,reconstructed
2571,1787063942,2026-08-18T14:39:02+00:00,FNUSDT,LONG,oversold_24h,0,490.5,pre_fix,490.5,456.79285714285714,557.9142857142857,unresolved,1787150700,2026-08-19T14:45:00+00:00,-0.6793812248357697,window_close,no,,,29.8123,below_50%,sl,1787163167,456.5,11.713933415536488,rsi_lt_80,5,0,rsi_le_30,,,no_consecutive_trend,reconstructed
2572,1787064022,2026-08-18T14:40:22+00:00,TSEMUSDT,LONG,oversold_24h,0,244.79,pre_fix,244.79,235.8044642857143,262.7610714285714,sl_first,1787094900,2026-08-18T23:15:00+00:00,-1.0,stop_touch,no,,,14.4048,below_50%,sl,1787151653,232.25,7.831060272767161,rsi_lt_80,5,0,rsi_le_30,,,no_consecutive_trend,reconstructed
2574,1787064188,2026-08-18T14:43:08+00:00,OUSTUSDT,LONG,oversold_24h,0,43.85,pre_fix,43.85,42.07839285714286,47.393214285714286,sl_first,1787120100,2026-08-19T06:15:00+00:00,-1.0,stop_touch,no,,,18.3953,below_50%,sl,1787151653,40.54,27.16927453769557,rsi_lt_80,7,0,rsi_le_30,,,no_consecutive_trend,reconstructed
2577,1787065714,2026-08-18T15:08:34+00:00,SKUUUSDT,LONG,oversold_24h,0,21.757,pre_fix,21.757,20.406410714285716,24.458178571428572,sl_first,1787098500,2026-08-19T00:15:00+00:00,-1.0,stop_touch,no,,,28.5147,below_50%,tp,1787306754,24.459,12.926577042399202,rsi_lt_80,5,0,rsi_le_30,,,no_consecutive_trend,reconstructed
2579,1787079070,2026-08-18T18:51:10+00:00,KORUUSDT,LONG,oversold_24h,0,18.041,pre_fix,18.041,16.808642857142857,20.505714285714287,sl_first,1787099400,2026-08-19T00:30:00+00:00,-1.0,stop_touch,no,,,36.2278,below_50%,tp,1787207222,20.63,15.53840063341255,rsi_lt_80,4,0,rsi_le_30,,,no_consecutive_trend,reconstructed
2580,1787079076,2026-08-18T18:51:16+00:00,SHAZUSDT,LONG,oversold_24h,0,67.94,pre_fix,67.94,64.85321428571429,74.11357142857142,sl_first,1787148000,2026-08-19T14:00:00+00:00,-1.0,stop_touch,no,,,15.743,below_50%,sl,1787229283,64.29,2.1712907117009195,rsi_lt_80,2,0,rsi_le_30,,,no_consecutive_trend,reconstructed
2581,1787079114,2026-08-18T18:51:54+00:00,CRDOUSDT,LONG,oversold_24h,0,244.96,pre_fix,244.96,237.9089285714286,259.0621428571429,sl_first,1787118300,2026-08-19T05:45:00+00:00,-1.0,stop_touch,no,,,18.3994,below_50%,sl,1787151653,235.72,12.409080890455996,rsi_lt_80,3,0,rsi_le_30,,,no_consecutive_trend,reconstructed
2583,1787079161,2026-08-18T18:52:41+00:00,COLLECTUSDT,LONG,oversold_24h,0,0.05257,pre_fix,0.05257,0.04915482142857143,0.059400357142857144,sl_first,1787131800,2026-08-19T09:30:00+00:00,-1.0,stop_touch,no,,,18.5617,below_50%,sl,1787160528,0.04911,23.369963369963344,rsi_lt_80,4,1,rsi_le_30,1787068800,2.8780555555555556,0-3.9h,reconstructed
2584,1787079173,2026-08-18T18:52:53+00:00,MVLLUSDT,LONG,oversold_24h,0,25.39,pre_fix,25.39,23.96232142857143,28.245357142857145,tp_first,1787142600,2026-08-19T12:30:00+00:00,2.0,target_touch,no,,,28.3455,below_50%,tp,1787151653,30.29,22.357723577235774,rsi_lt_80,4,0,rsi_le_30,,,no_consecutive_trend,reconstructed
2585,1787079211,2026-08-18T18:53:31+00:00,COHRUSDT,LONG,oversold_24h,0,309.84,pre_fix,309.84,298.8642857142857,331.7914285714286,sl_first,1787098500,2026-08-19T00:15:00+00:00,-1.0,stop_touch,no,,,16.8137,below_50%,sl,1787151653,296.09,19.099642117159604,rsi_lt_80,3,0,rsi_le_30,,,no_consecutive_trend,reconstructed
2586,1787079228,2026-08-18T18:53:48+00:00,SOXLUSDT,LONG,oversold_24h,0,126.42,pre_fix,126.42,121.36553571428573,136.52892857142857,sl_first,1787148000,2026-08-19T14:00:00+00:00,-1.0,stop_touch,no,,,25.7541,below_50%,sl,1787151884,121.31,17.806090739589877,rsi_lt_80,2,0,rsi_le_30,,,no_consecutive_trend,reconstructed
2588,1787079334,2026-08-18T18:55:34+00:00,LITEUSDT,LONG,oversold_24h,0,872.22,pre_fix,872.22,844.1089285714286,928.4421428571429,sl_first,1787147100,2026-08-19T13:45:00+00:00,-1.0,stop_touch,no,,,14.0859,below_50%,sl,1787151653,844.1089285714286,21.680032621992652,rsi_lt_80,4,0,rsi_le_30,,,no_consecutive_trend,reconstructed
2589,1787079341,2026-08-18T18:55:41+00:00,AAOIUSDT,LONG,oversold_24h,0,134.5,pre_fix,134.5,128.365,146.76999999999998,sl_first,1787096700,2026-08-18T23:45:00+00:00,-1.0,stop_touch,no,,,19.6181,below_50%,sl,1787151653,128.26,19.249171880750822,rsi_lt_80,4,0,rsi_le_30,,,no_consecutive_trend,reconstructed
2590,1787079353,2026-08-18T18:55:53+00:00,MUUUSDT,LONG,oversold_24h,0,29.69,pre_fix,29.69,28.208214285714288,32.65357142857143,unresolved,1787166000,2026-08-19T19:00:00+00:00,-0.19570980959267484,window_close,no,,,23.4971,below_50%,tp,1787296560,32.68,28.35648148148148,rsi_lt_80,4,0,rsi_le_30,,,no_consecutive_trend,reconstructed
2591,1787079358,2026-08-18T18:55:58+00:00,BEUSDT,LONG,oversold_24h,0,207.7,pre_fix,207.7,200.62321428571428,221.8535714285714,sl_first,1787148900,2026-08-19T14:15:00+00:00,-1.0,stop_touch,no,,,14.5843,below_50%,sl,1787228365,200.62321428571428,22.997416020671892,rsi_lt_80,4,0,rsi_le_30,,,no_consecutive_trend,reconstructed
2592,1787079372,2026-08-18T18:56:12+00:00,SNXXUSDT,LONG,oversold_24h,0,15.388,pre_fix,15.388,14.202357142857142,17.759285714285713,sl_first,1787148900,2026-08-19T14:15:00+00:00,-1.0,stop_touch,no,,,30.7447,below_50%,sl,1787163077,14.202357142857142,27.248727135583565,rsi_lt_80,4,0,rsi_le_30,,,no_consecutive_trend,reconstructed
2593,1787079382,2026-08-18T18:56:22+00:00,CRWVUSDT,LONG,oversold_24h,0,94.13,pre_fix,94.13,91.21249999999999,99.96499999999999,sl_first,1787119200,2026-08-19T06:00:00+00:00,-1.0,stop_touch,no,,,16.7949,below_50%,sl,1787163909,91.2,19.195046439628527,rsi_lt_80,4,0,rsi_le_30,,,no_consecutive_trend,reconstructed
2594,1787079391,2026-08-18T18:56:31+00:00,AXTIUSDT,LONG,oversold_24h,0,81.46,pre_fix,81.46,77.54232142857143,89.29535714285713,sl_first,1787148000,2026-08-19T14:00:00+00:00,-1.0,stop_touch,no,,,21.4108,below_50%,sl,1787151653,75.43,25.131641933939676,rsi_lt_80,5,0,rsi_le_30,,,no_consecutive_trend,reconstructed
2597,1787081702,2026-08-18T19:35:02+00:00,SKYAIUSDT,LONG,oversold_24h,0,0.06069,pre_fix,0.06069,0.055834800000000004,0.0704004,sl_first,1787087700,2026-08-18T21:15:00+00:00,-1.0,stop_touch,no,,,26.321,below_50%,tp,1787174016,0.0704004,14.298978644382544,rsi_lt_80,3,0,rsi_le_30,,,no_consecutive_trend,reconstructed
2598,1787081830,2026-08-18T19:37:10+00:00,FIGHTUSDT,LONG,oversold_24h,0,0.003405,pre_fix,0.003405,0.003202607142857143,0.0038097857142857143,unresolved,1787168700,2026-08-19T19:45:00+00:00,0.5682018704782076,window_close,no,,,15.3349,below_50%,open,,,19.211822660098505,rsi_lt_80,4,0,rsi_le_30,,,no_consecutive_trend,reconstructed
2599,1787152267,2026-08-19T15:11:07+00:00,XPINUSDT,LONG,oversold_24h,0,0.001073,pre_fix,0.001073,0.00098716,0.00124468,unresolved,1787238900,2026-08-20T15:15:00+00:00,0.22600186393290012,window_close,no,,,22.3836,below_50%,tp,1787291072,0.0012635,20.5189484465688,rsi_lt_80,6,0,rsi_le_30,,,no_consecutive_trend,reconstructed
2600,1787152287,2026-08-19T15:11:27+00:00,BICOUSDT,LONG,oversold_24h,0,0.01726,pre_fix,0.01726,0.0158792,0.0200216,tp_first,1787238900,2026-08-20T15:15:00+00:00,1.9999999999999976,target_touch,no,,,17.9577,below_50%,tp,1787238190,0.0200216,11.72839506172835,rsi_lt_80,4,0,rsi_le_30,,,no_consecutive_trend,reconstructed
2601,1787152296,2026-08-19T15:11:36+00:00,YOFCUSDT,LONG,oversold_24h,0,17.257,pre_fix,17.257,15.876440000000002,20.018120000000003,unresolved,1787238900,2026-08-20T15:15:00+00:00,0.05432578084255616,window_close,no,,,24.5599,below_50%,open,,,18.825722273998167,rsi_lt_80,4,1,rsi_le_30,1787144400,2.1933333333333334,0-3.9h,reconstructed
2603,1787152401,2026-08-19T15:13:21+00:00,HUSDT,LONG,oversold_24h,0,0.09428,pre_fix,0.09428,0.0867376,0.1093648,sl_first,1787164200,2026-08-19T18:30:00+00:00,-1.0,stop_touch,no,,,29.7471,below_50%,sl,1787163850,0.08673,15.978260869565204,rsi_lt_80,1,0,rsi_le_30,,,no_consecutive_trend,reconstructed
2604,1787152420,2026-08-19T15:13:40+00:00,CFGUSDT,LONG,oversold_24h,0,0.13465,pre_fix,0.13465,0.12783410714285715,0.1482817857142857,unresolved,1787238900,2026-08-20T15:15:00+00:00,0.12911001074170447,window_close,no,,,22.241,below_50%,tp,1787358456,0.14833,8.77598152424946,rsi_lt_80,1,0,rsi_le_30,,,no_consecutive_trend,reconstructed
2605,1787152444,2026-08-19T15:14:04+00:00,PRLUSDT,LONG,oversold_24h,0,0.36216,pre_fix,0.36216,0.33318719999999996,0.42010559999999997,sl_first,1787156100,2026-08-19T16:15:00+00:00,-1.0,stop_touch,no,,,31.3627,below_50%,sl,1787157528,0.32482,10.624137651164673,rsi_lt_80,3,0,rsi_le_30,,,no_consecutive_trend,reconstructed
2606,1787152449,2026-08-19T15:14:09+00:00,RATSUSDT,LONG,oversold_24h,0,4.072e-05,pre_fix,4.072e-05,3.74624e-05,4.7235200000000005e-05,unresolved,1787238900,2026-08-20T15:15:00+00:00,0.8288310412573665,window_close,no,,,38.539,below_50%,open,,,28.776978417266207,rsi_lt_80,5,0,rsi_le_30,,,no_consecutive_trend,reconstructed
2611,1787152578,2026-08-19T15:16:18+00:00,GPSUSDT,LONG,oversold_24h,0,0.012241,pre_fix,0.012241,0.01126172,0.01419956,sl_first,1787229000,2026-08-20T12:30:00+00:00,-1.0,stop_touch,no,,,69.1113,at_or_above_50%,tp,1787340203,0.014348,5.513439007580999,rsi_lt_80,3,0,rsi_le_30,,,no_consecutive_trend,reconstructed
2798,1787208089,2026-08-20T06:41:29+00:00,HANAUSDT,LONG,oversold_24h,0,0.01917,pre_fix,0.01917,0.0176364,0.0222372,unresolved,1787294700,2026-08-21T06:45:00+00:00,0.7694314032342207,window_close,no,,,46.3031,below_50%,tp,1787340203,0.02237,9.452201933404936,rsi_lt_80,2,0,rsi_le_30,,,no_consecutive_trend,reconstructed
3221,1787247653,2026-08-20T17:40:53+00:00,CLOUSDT,LONG,oversold_24h,0,0.10807,pre_fix,0.10807,0.0994244,0.1253612,unresolved,1787334300,2026-08-21T17:45:00+00:00,1.1462478023503282,window_close,no,,,22.5177,below_50%,open,,,23.503415026114936,rsi_lt_80,2,0,rsi_le_30,,,no_consecutive_trend,reconstructed
3302,1787263122,2026-08-20T21:58:42+00:00,MRNAUSDT,LONG,oversold_24h,0,131.7,pre_fix,131.7,128.4075,138.285,tp_first,1787301000,2026-08-21T08:30:00+00:00,2.0000000000000084,target_touch,no,,,42.9082,below_50%,tp,1787300947,138.34,25.497353531666334,rsi_lt_80,5,0,rsi_le_30,,,no_consecutive_trend,reconstructed
3303,1787263165,2026-08-20T21:59:25+00:00,AEONUSDT,LONG,oversold_24h,0,0.07124,pre_fix,0.07124,0.0655408,0.0826384,unresolved,1787349600,2026-08-21T22:00:00+00:00,-0.3684727681078053,window_close,no,,,21.6751,below_50%,sl,1787380071,0.06436,23.030303030302974,rsi_lt_80,5,0,rsi_le_30,,,no_consecutive_trend,reconstructed
3643,1787318718,2026-08-21T13:25:18+00:00,VOLXUSDT,LONG,oversold_24h,0,16.221,pre_fix,16.221,15.310446428571428,18.042107142857144,sl_first,1787357700,2026-08-22T00:15:00+00:00,-1.0,stop_touch,no,,,15.0365,below_50%,sl,1787420308,15.310446428571428,22.601676497981956,rsi_lt_80,5,0,rsi_le_30,,,no_consecutive_trend,reconstructed
3825,1787380426,2026-08-22T06:33:46+00:00,AEONUSDT,LONG,oversold_24h,0,0.06391,pre_fix,0.06391,0.058797199999999994,0.0741356,window_not_elapsed,1787428800,2026-08-22T20:00:00+00:00,1.0718197465185413,analysis_run_before_window_end,no,,,62.4563,at_or_above_50%,open,,,17.624521072796938,rsi_lt_80,4,0,rsi_le_30,,,no_consecutive_trend,reconstructed
3828,1787380462,2026-08-22T06:34:22+00:00,CHIPUSDT,LONG,oversold_24h,0,0.02972,pre_fix,0.02972,0.0273424,0.0344752,window_not_elapsed,1787428800,2026-08-22T20:00:00+00:00,-0.1640309555854649,analysis_run_before_window_end,no,,,23.9519,below_50%,open,,,30.823863636363626,rsi_lt_80,6,0,rsi_gt_30,,,no_consecutive_trend,reconstructed
3834,1787380597,2026-08-22T06:36:37+00:00,BULLAUSDT,LONG,oversold_24h,0,0.016506,pre_fix,0.016506,0.015530517857142857,0.018456964285714285,window_not_elapsed,1787428800,2026-08-22T20:00:00+00:00,0.842660222966665,analysis_run_before_window_end,no,,,27.7125,below_50%,open,,,40.49951028403532,rsi_lt_80,3,0,rsi_gt_30,,,no_consecutive_trend,reconstructed
3843,1787380718,2026-08-22T06:38:38+00:00,XPINUSDT,LONG,oversold_24h,0,0.0011018,pre_fix,0.0011018,0.001013656,0.001278088,window_not_elapsed,1787428800,2026-08-22T20:00:00+00:00,-0.40161553821020235,analysis_run_before_window_end,no,,,68.119,at_or_above_50%,open,,,29.80694980694979,rsi_lt_80,5,0,rsi_le_30,,,no_consecutive_trend,reconstructed
3886,1787383301,2026-08-22T07:21:41+00:00,AAOIUSDT,LONG,oversold_24h,0,108.71,pre_fix,108.71,100.0132,126.1036,window_not_elapsed,1787428800,2026-08-22T20:00:00+00:00,-0.06324165210192224,analysis_run_before_window_end,no,,,30.389,below_50%,open,,,15.72832886505806,rsi_lt_80,4,1,rsi_le_30,1787374800,2.361388888888889,0-3.9h,reconstructed
3890,1787383465,2026-08-22T07:24:25+00:00,MVLLUSDT,LONG,oversold_24h,0,30.18,pre_fix,30.18,27.7656,35.0088,window_not_elapsed,1787428800,2026-08-22T20:00:00+00:00,-0.024850894632206223,analysis_run_before_window_end,no,,,24.1391,below_50%,open,,,54.20168067226889,rsi_lt_80,4,1,rsi_gt_30,1787374800,2.4069444444444446,0-3.9h,reconstructed
3898,1787386200,2026-08-22T08:10:00+00:00,RIVERUSDT,LONG,oversold_24h,0,2.557,pre_fix,2.557,2.35244,2.96612,window_not_elapsed,1787428800,2026-08-22T20:00:00+00:00,-0.27864685177942894,analysis_run_before_window_end,no,,,78.6976,at_or_above_50%,open,,,23.617339312406585,rsi_lt_80,5,0,rsi_le_30,,,no_consecutive_trend,reconstructed
3941,1787388533,2026-08-22T08:48:53+00:00,PEOPLEUSDT,LONG,oversold_24h,0,0.010219,pre_fix,0.010219,0.00940148,0.011854040000000001,window_not_elapsed,1787428800,2026-08-22T20:00:00+00:00,0.8048732752715512,analysis_run_before_window_end,no,,,46.7024,below_50%,open,,,35.83782251204991,rsi_lt_80,6,1,rsi_gt_30,1787378400,2.814722222222222,0-3.9h,reconstructed
3958,1787397785,2026-08-22T11:23:05+00:00,FHEUSDT,LONG,oversold_24h,0,0.02176,pre_fix,0.02176,0.0200192,0.025241600000000003,window_not_elapsed,1787428800,2026-08-22T20:00:00+00:00,-0.49977022058823667,analysis_run_before_window_end,no,,,89.9601,at_or_above_50%,open,,,30.018587360594765,rsi_lt_80,7,0,rsi_gt_30,,,no_consecutive_trend,reconstructed
3960,1787397812,2026-08-22T11:23:32+00:00,SWARMSUSDT,LONG,oversold_24h,0,0.007787,pre_fix,0.007787,0.00716404,0.00903292,window_not_elapsed,1787428800,2026-08-22T20:00:00+00:00,-0.05939386156414493,analysis_run_before_window_end,no,,,67.7545,at_or_above_50%,open,,,31.941196124289988,rsi_lt_80,5,0,rsi_gt_30,,,no_consecutive_trend,reconstructed
3961,1787397823,2026-08-22T11:23:43+00:00,XPLUSDT,LONG,oversold_24h,0,0.09274,pre_fix,0.09274,0.08597500000000001,0.10627,window_not_elapsed,1787428800,2026-08-22T20:00:00+00:00,0.1019955654101991,analysis_run_before_window_end,no,,,33.521,below_50%,open,,,36.80183626625859,rsi_lt_80,6,1,rsi_gt_30,1787389200,2.395277777777778,0-3.9h,reconstructed
3963,1787397915,2026-08-22T11:25:15+00:00,BSBUSDT,LONG,oversold_24h,0,0.11206,pre_fix,0.11206,0.10309520000000001,0.1299896,window_not_elapsed,1787428800,2026-08-22T20:00:00+00:00,-0.8912636087810119,analysis_run_before_window_end,no,,,66.3844,at_or_above_50%,open,,,27.84844384303119,rsi_lt_80,5,0,rsi_le_30,,,no_consecutive_trend,reconstructed
3964,1787397959,2026-08-22T11:25:59+00:00,BASEDUSDT,LONG,oversold_24h,0,0.07696,pre_fix,0.07696,0.0708032,0.08927360000000001,window_not_elapsed,1787428800,2026-08-22T20:00:00+00:00,-0.24850571725571768,analysis_run_before_window_end,no,,,82.2218,at_or_above_50%,open,,,31.29702076436952,rsi_lt_80,6,0,rsi_gt_30,,,no_consecutive_trend,reconstructed
3966,1787398004,2026-08-22T11:26:44+00:00,POWERUSDT,LONG,oversold_24h,0,0.08119,pre_fix,0.08119,0.07604446428571428,0.09148107142857143,window_not_elapsed,1787428800,2026-08-22T20:00:00+00:00,-0.06218983168488643,analysis_run_before_window_end,no,,,28.508,below_50%,open,,,20.11278195488717,rsi_lt_80,4,0,rsi_le_30,,,no_consecutive_trend,reconstructed
3967,1787398031,2026-08-22T11:27:11+00:00,DEEPUSDT,LONG,oversold_24h,0,0.01419,pre_fix,0.01419,0.013309285714285714,0.01595142857142857,sl_first,1787426100,2026-08-22T19:15:00+00:00,-1.0,stop_touch,no,,,18.2596,below_50%,sl,1787425389,0.013309285714285714,29.999999999999986,rsi_lt_80,5,0,rsi_le_30,,,no_consecutive_trend,reconstructed
3979,1787402165,2026-08-22T12:36:05+00:00,PIEVERSEUSDT,LONG,oversold_24h,0,0.9936,pre_fix,0.9936,0.914112,1.152576,window_not_elapsed,1787428800,2026-08-22T20:00:00+00:00,-0.668025362318841,analysis_run_before_window_end,no,,,39.7543,below_50%,open,,,23.88888888888887,rsi_lt_80,6,3,rsi_le_30,1787385600,4.601388888888889,4-7.9h,reconstructed
3990,1787404773,2026-08-22T13:19:33+00:00,ONUSDT,LONG,oversold_24h,0,0.24336,pre_fix,0.24336,0.22389119999999998,0.2822976,window_not_elapsed,1787428800,2026-08-22T20:00:00+00:00,0.001027284681131862,analysis_run_before_window_end,no,,,24.0485,below_50%,open,,,30.671140939597308,rsi_lt_80,1,0,rsi_gt_30,,,no_consecutive_trend,reconstructed
3991,1787404788,2026-08-22T13:19:48+00:00,LABUSDT,LONG,oversold_24h,0,0.07415,pre_fix,0.07415,0.068218,0.086014,window_not_elapsed,1787428800,2026-08-22T20:00:00+00:00,0.2747808496291316,analysis_run_before_window_end,no,,,72.4364,at_or_above_50%,open,,,25.329912023460466,rsi_lt_80,4,0,rsi_le_30,,,no_consecutive_trend,reconstructed
3993,1787406030,2026-08-22T13:40:30+00:00,IRENUSDT,LONG,oversold_24h,0,40.53,pre_fix,40.53,38.39946428571429,44.79107142857143,window_not_elapsed,1787428800,2026-08-22T20:00:00+00:00,0.051630207023719475,analysis_run_before_window_end,no,,,18.0349,below_50%,open,,,20.361990950226115,rsi_lt_80,6,2,rsi_le_30,1787392800,3.675,0-3.9h,reconstructed
3994,1787406154,2026-08-22T13:42:34+00:00,SAGAUSDT,LONG,oversold_24h,0,0.01424,pre_fix,0.01424,0.013387142857142856,0.015945714285714285,window_not_elapsed,1787428800,2026-08-22T20:00:00+00:00,0.07035175879397103,analysis_run_before_window_end,no,,,38.7552,below_50%,open,,,29.9719887955182,rsi_lt_80,6,0,rsi_le_30,,,no_consecutive_trend,reconstructed
3995,1787406188,2026-08-22T13:43:08+00:00,GRASSUSDT,LONG,oversold_24h,0,0.2998,pre_fix,0.2998,0.275816,0.347768,window_not_elapsed,1787428800,2026-08-22T20:00:00+00:00,0.25016677785190145,analysis_run_before_window_end,no,,,36.8543,below_50%,open,,,27.74108322324969,rsi_lt_80,5,0,rsi_le_30,,,no_consecutive_trend,reconstructed
3996,1787406252,2026-08-22T13:44:12+00:00,HANAUSDT,LONG,oversold_24h,0,0.01902,pre_fix,0.01902,0.017498399999999997,0.022063199999999998,window_not_elapsed,1787428800,2026-08-22T20:00:00+00:00,-0.3417455310199784,analysis_run_before_window_end,no,,,41.6368,below_50%,open,,,29.497907949790815,rsi_lt_80,6,0,rsi_le_30,,,no_consecutive_trend,reconstructed
4000,1787408690,2026-08-22T14:24:50+00:00,EVAAUSDT,LONG,oversold_24h,0,0.6955,pre_fix,0.6955,0.6515017857142857,0.7834964285714286,window_not_elapsed,1787428800,2026-08-22T20:00:00+00:00,0.25455578554324426,analysis_run_before_window_end,no,,,31.4401,below_50%,open,,,30.24777933613842,rsi_lt_80,5,0,rsi_gt_30,,,no_consecutive_trend,reconstructed
4001,1787408824,2026-08-22T14:27:04+00:00,OUSDT,LONG,oversold_24h,0,0.4441,pre_fix,0.4441,0.408572,0.515156,window_not_elapsed,1787428800,2026-08-22T20:00:00+00:00,0.09851384823238017,analysis_run_before_window_end,no,,,31.1552,below_50%,open,,,34.174437739989045,rsi_lt_80,5,1,rsi_gt_30,1787400000,2.451111111111111,0-3.9h,reconstructed
4002,1787408836,2026-08-22T14:27:16+00:00,PRLUSDT,LONG,oversold_24h,0,0.2214,pre_fix,0.2214,0.203688,0.256824,window_not_elapsed,1787428800,2026-08-22T20:00:00+00:00,0.33649503161698235,analysis_run_before_window_end,no,,,27.5033,below_50%,open,,,27.878985035784027,rsi_lt_80,5,0,rsi_le_30,,,no_consecutive_trend,reconstructed
4003,1787408857,2026-08-22T14:27:37+00:00,KOMAUSDT,LONG,oversold_24h,0,0.012228,pre_fix,0.012228,0.01124976,0.01418448,window_not_elapsed,1787428800,2026-08-22T20:00:00+00:00,-0.033734052993130564,analysis_run_before_window_end,no,,,42.3494,below_50%,open,,,34.08023900981647,rsi_lt_80,4,1,rsi_gt_30,1787400000,2.460277777777778,0-3.9h,reconstructed
4004,1787408926,2026-08-22T14:28:46+00:00,WETUSDT,LONG,oversold_24h,0,0.07061,pre_fix,0.07061,0.06790142857142858,0.07602714285714286,window_not_elapsed,1787428800,2026-08-22T20:00:00+00:00,0.24736286919830922,analysis_run_before_window_end,no,,,13.796,below_50%,open,,,26.01880877742947,rsi_lt_80,5,1,rsi_le_30,1787400000,2.4794444444444443,0-3.9h,reconstructed
4006,1787409074,2026-08-22T14:31:14+00:00,B2USDT,LONG,oversold_24h,0,0.4406,pre_fix,0.4406,0.41387857142857143,0.4940428571428571,window_not_elapsed,1787428800,2026-08-22T20:00:00+00:00,0.08981555733761079,analysis_run_before_window_end,no,,,16.6279,below_50%,open,,,31.86344238975819,rsi_lt_80,4,0,rsi_gt_30,,,no_consecutive_trend,reconstructed
4007,1787409094,2026-08-22T14:31:34+00:00,ROBOUSDT,LONG,oversold_24h,0,0.01397,pre_fix,0.01397,0.0128524,0.0162052,window_not_elapsed,1787428800,2026-08-22T20:00:00+00:00,-0.05368647100930503,analysis_run_before_window_end,no,,,49.2857,below_50%,open,,,43.16939890710384,rsi_lt_80,5,1,rsi_gt_30,1787400000,2.526111111111111,0-3.9h,reconstructed
4008,1787411565,2026-08-22T15:12:45+00:00,SIRENUSDT,LONG,oversold_24h,0,0.02813,pre_fix,0.02813,0.02628875,0.0318125,window_not_elapsed,1787428800,2026-08-22T20:00:00+00:00,0.1520706042090985,analysis_run_before_window_end,no,,,35.0813,below_50%,open,,,26.162018592297443,rsi_lt_80,4,0,rsi_le_30,,,no_consecutive_trend,reconstructed
4009,1787411621,2026-08-22T15:13:41+00:00,MERLUSDT,LONG,oversold_24h,0,0.01972,pre_fix,0.01972,0.01844071428571429,0.02227857142857143,window_not_elapsed,1787428800,2026-08-22T20:00:00+00:00,0.13288665549972106,analysis_run_before_window_end,no,,,36.604,below_50%,open,,,24.789915966386545,rsi_lt_80,2,0,rsi_le_30,,,no_consecutive_trend,reconstructed
4010,1787411644,2026-08-22T15:14:04+00:00,LIGHTUSDT,LONG,oversold_24h,0,0.1488,pre_fix,0.1488,0.136896,0.17260799999999998,window_not_elapsed,1787428800,2026-08-22T20:00:00+00:00,-0.14280913978494453,analysis_run_before_window_end,no,,,53.0664,at_or_above_50%,open,,,31.1787072243346,rsi_lt_80,5,0,rsi_gt_30,,,no_consecutive_trend,reconstructed
4012,1787411762,2026-08-22T15:16:02+00:00,AIOUSDT,LONG,oversold_24h,0,0.03864,pre_fix,0.03864,0.0355488,0.0448224,window_not_elapsed,1787428800,2026-08-22T20:00:00+00:00,0.19733436853002037,analysis_run_before_window_end,no,,,26.042,below_50%,open,,,25.839552238805993,rsi_lt_80,5,0,rsi_le_30,,,no_consecutive_trend,reconstructed
4013,1787411824,2026-08-22T15:17:04+00:00,COAIUSDT,LONG,oversold_24h,0,0.2883,pre_fix,0.2883,0.2686071428571428,0.3276857142857143,window_not_elapsed,1787428800,2026-08-22T20:00:00+00:00,0.142183532825536,analysis_run_before_window_end,no,,,45.3261,below_50%,open,,,20.551378446115308,rsi_lt_80,4,0,rsi_le_30,,,no_consecutive_trend,reconstructed
4017,1787414069,2026-08-22T15:54:29+00:00,SKYAIUSDT,LONG,oversold_24h,0,0.0678,pre_fix,0.0678,0.062376,0.078648,window_not_elapsed,1787428800,2026-08-22T20:00:00+00:00,0.30235988200590025,analysis_run_before_window_end,no,,,37.2871,below_50%,open,,,22.21410303251733,rsi_lt_80,2,0,rsi_le_30,,,no_consecutive_trend,reconstructed
4020,1787414313,2026-08-22T15:58:33+00:00,SQDUSDT,LONG,oversold_24h,0,0.03501,pre_fix,0.03501,0.032539285714285715,0.03995142857142857,sl_first,1787414400,2026-08-22T16:00:00+00:00,-1.0,stop_touch,no,,,18.6954,below_50%,sl,1787414336,0.02715,15.26822558459422,rsi_lt_80,3,0,rsi_le_30,,,no_consecutive_trend,reconstructed
4021,1787414322,2026-08-22T15:58:42+00:00,REDUSDT,LONG,oversold_24h,0,0.1089,pre_fix,0.1089,0.100188,0.126324,window_not_elapsed,1787428800,2026-08-22T20:00:00+00:00,0.29843893480257183,analysis_run_before_window_end,no,,,55.0165,at_or_above_50%,open,,,18.91025641025641,rsi_lt_80,4,0,rsi_le_30,,,no_consecutive_trend,reconstructed
4022,1787414349,2026-08-22T15:59:09+00:00,MORPHOUSDT,LONG,oversold_24h,0,2.2069,pre_fix,2.2069,2.0627232142857146,2.4952535714285715,window_not_elapsed,1787428800,2026-08-22T20:00:00+00:00,0.3544259899181313,analysis_run_before_window_end,no,,,30.2714,below_50%,open,,,27.8121137206428,rsi_lt_80,5,0,rsi_le_30,,,no_consecutive_trend,reconstructed
4053,1787416977,2026-08-22T16:42:57+00:00,LAUSDT,LONG,oversold_24h,0,0.05737,pre_fix,0.05737,0.0527804,0.0665492,window_not_elapsed,1787428800,2026-08-22T20:00:00+00:00,0.15033989890186578,analysis_run_before_window_end,no,,,47.1789,below_50%,open,,,32.69589552238803,rsi_lt_80,3,1,rsi_gt_30,1787407200,2.7158333333333333,0-3.9h,reconstructed
4054,1787416992,2026-08-22T16:43:12+00:00,4USDT,LONG,oversold_24h,0,0.010755,pre_fix,0.010755,0.0098946,0.0124758,window_not_elapsed,1787428800,2026-08-22T20:00:00+00:00,0.19642026964202564,analysis_run_before_window_end,no,,,50.3245,at_or_above_50%,open,,,32.6039387308534,rsi_lt_80,4,1,rsi_gt_30,1787407200,2.72,0-3.9h,reconstructed
4055,1787417165,2026-08-22T16:46:05+00:00,HUSDT,LONG,oversold_24h,0,0.06975,pre_fix,0.06975,0.06417,0.08091000000000001,window_not_elapsed,1787428800,2026-08-22T20:00:00+00:00,0.38351254480286534,analysis_run_before_window_end,no,,,79.992,at_or_above_50%,open,,,33.558478492712425,rsi_lt_80,4,1,rsi_gt_30,1787407200,2.7680555555555557,0-3.9h,reconstructed
4056,1787417170,2026-08-22T16:46:10+00:00,SCRTUSDT,LONG,oversold_24h,0,0.01732,pre_fix,0.01732,0.015934399999999998,0.020091199999999997,window_not_elapsed,1787428800,2026-08-22T20:00:00+00:00,-0.036085450346418836,analysis_run_before_window_end,no,,,60.2273,at_or_above_50%,open,,,34.06214039125429,rsi_lt_80,3,0,rsi_gt_30,,,no_consecutive_trend,reconstructed
4065,1787419823,2026-08-22T17:30:23+00:00,EDENUSDT,LONG,oversold_24h,0,0.05003,pre_fix,0.05003,0.0460276,0.0580348,window_not_elapsed,1787428800,2026-08-22T20:00:00+00:00,0.0,analysis_run_before_window_end,no,,,28.0,below_50%,open,,,20.83729781160801,rsi_lt_80,4,1,rsi_le_30,1787410800,2.506388888888889,0-3.9h,reconstructed
4072,1787422431,2026-08-22T18:13:51+00:00,B3USDT,LONG,oversold_24h,0,0.0004751,pre_fix,0.0004751,0.0004453357142857143,0.0005346285714285714,window_not_elapsed,1787428800,2026-08-22T20:00:00+00:00,0.15454763618910494,analysis_run_before_window_end,no,,,33.0215,below_50%,open,,,32.65869365225389,rsi_lt_80,6,0,rsi_gt_30,,,no_consecutive_trend,reconstructed
4073,1787422524,2026-08-22T18:15:24+00:00,SQDUSDT,LONG,oversold_24h,0,0.03002,pre_fix,0.03002,0.0276184,0.0348232,window_not_elapsed,1787428800,2026-08-22T20:00:00+00:00,0.42888074616922034,analysis_run_before_window_end,no,,,75.4336,at_or_above_50%,open,,,17.04129639309984,rsi_lt_80,4,2,rsi_le_30,1787410800,3.256666666666667,0-3.9h,reconstructed
4074,1787423150,2026-08-22T18:25:50+00:00,MYXUSDT,LONG,oversold_24h,0,0.0739,post_fix,0.0739,0.06914285714285713,0.08341428571428572,window_not_elapsed,1787428800,2026-08-22T20:00:00+00:00,-0.12612612612612376,analysis_run_before_window_end,no,,,41.5482,below_50%,open,,,27.49003984063748,rsi_lt_80,3,2,rsi_le_30,1787410800,3.4305555555555554,0-3.9h,reconstructed
4075,1787423974,2026-08-22T18:39:34+00:00,DRIFTUSDT,LONG,oversold_24h,0,0.01223,post_fix,0.01223,0.011587142857142857,0.013515714285714285,window_not_elapsed,1787428800,2026-08-22T20:00:00+00:00,0.03111111111111254,analysis_run_before_window_end,no,,,31.831,below_50%,open,,,23.886639676113376,rsi_lt_80,5,2,rsi_le_30,1787410800,3.6594444444444445,0-3.9h,reconstructed
4078,1787426883,2026-08-22T19:28:03+00:00,DEEPUSDT,LONG,oversold_24h,0,0.01343,post_fix,0.01343,0.012449642857142857,0.015390714285714285,window_not_elapsed,1787428800,2026-08-22T20:00:00+00:00,0.18360655737705067,analysis_run_before_window_end,no,,,24.5113,below_50%,open,,,13.101604278074888,rsi_lt_80,4,0,rsi_le_30,,,no_consecutive_trend,reconstructed
