id,strategy,symbol,direction,baseline_status,baseline_r,source_baseline_outcome,step_pct,tp_reached,tp_trigger_ts,tp_trigger_price,partial_branch,post_tp_candles,trajectory_updates_json,trail_ts,trail_price,second_half_r,total_r,outcome,coverage_error
680,overheated_24h,BOMEUSDT,LONG,tp,1.5999999999999945,tp,2.0,True,1786305600,0.00081224,tp_branch,1,[],1786305900,0.00081224,1.5999999999999945,1.5999999999999945,partial_tp_floor,
680,overheated_24h,BOMEUSDT,LONG,tp,1.5999999999999945,tp,3.0,True,1786305600,0.00081224,tp_branch,1,[],1786305900,0.00081224,1.5999999999999945,1.5999999999999945,partial_tp_floor,
680,overheated_24h,BOMEUSDT,LONG,tp,1.5999999999999945,tp,4.0,True,1786305600,0.00081224,tp_branch,1,[],1786305900,0.00081224,1.5999999999999945,1.5999999999999945,partial_tp_floor,
680,overheated_24h,BOMEUSDT,LONG,tp,1.5999999999999945,tp,5.0,True,1786305600,0.00081224,tp_branch,1,[],1786305900,0.00081224,1.5999999999999945,1.5999999999999945,partial_tp_floor,
680,overheated_24h,BOMEUSDT,LONG,tp,1.5999999999999945,tp,6.0,True,1786305600,0.00081224,tp_branch,1,[],1786305900,0.00081224,1.5999999999999945,1.5999999999999945,partial_tp_floor,
680,overheated_24h,BOMEUSDT,LONG,tp,1.5999999999999945,tp,8.0,True,1786305600,0.00081224,tp_branch,1,[],1786305900,0.00081224,1.5999999999999945,1.5999999999999945,partial_tp_floor,
680,overheated_24h,BOMEUSDT,LONG,tp,1.5999999999999945,tp,10.0,True,1786305600,0.00081224,tp_branch,1,[],1786305900,0.00081224,1.5999999999999945,1.5999999999999945,partial_tp_floor,
699,overheated_24h,ESPUSDT,LONG,sl,-1.0,sl,2.0,False,,,not_activated,0,[],,,,-1.0,baseline_sl,
699,overheated_24h,ESPUSDT,LONG,sl,-1.0,sl,3.0,False,,,not_activated,0,[],,,,-1.0,baseline_sl,
699,overheated_24h,ESPUSDT,LONG,sl,-1.0,sl,4.0,False,,,not_activated,0,[],,,,-1.0,baseline_sl,
699,overheated_24h,ESPUSDT,LONG,sl,-1.0,sl,5.0,False,,,not_activated,0,[],,,,-1.0,baseline_sl,
699,overheated_24h,ESPUSDT,LONG,sl,-1.0,sl,6.0,False,,,not_activated,0,[],,,,-1.0,baseline_sl,
699,overheated_24h,ESPUSDT,LONG,sl,-1.0,sl,8.0,False,,,not_activated,0,[],,,,-1.0,baseline_sl,
699,overheated_24h,ESPUSDT,LONG,sl,-1.0,sl,10.0,False,,,not_activated,0,[],,,,-1.0,baseline_sl,
712,overheated_24h,PEOPLEUSDT,LONG,sl,-1.0,sl,2.0,False,,,not_activated,0,[],,,,-1.0,baseline_sl,
712,overheated_24h,PEOPLEUSDT,LONG,sl,-1.0,sl,3.0,False,,,not_activated,0,[],,,,-1.0,baseline_sl,
712,overheated_24h,PEOPLEUSDT,LONG,sl,-1.0,sl,4.0,False,,,not_activated,0,[],,,,-1.0,baseline_sl,
712,overheated_24h,PEOPLEUSDT,LONG,sl,-1.0,sl,5.0,False,,,not_activated,0,[],,,,-1.0,baseline_sl,
712,overheated_24h,PEOPLEUSDT,LONG,sl,-1.0,sl,6.0,False,,,not_activated,0,[],,,,-1.0,baseline_sl,
712,overheated_24h,PEOPLEUSDT,LONG,sl,-1.0,sl,8.0,False,,,not_activated,0,[],,,,-1.0,baseline_sl,
712,overheated_24h,PEOPLEUSDT,LONG,sl,-1.0,sl,10.0,False,,,not_activated,0,[],,,,-1.0,baseline_sl,
828,overheated_24h,BSPUSDT,LONG,sl,-1.0,sl,2.0,False,,,not_activated,0,[],,,,-1.0,baseline_sl,
828,overheated_24h,BSPUSDT,LONG,sl,-1.0,sl,3.0,False,,,not_activated,0,[],,,,-1.0,baseline_sl,
828,overheated_24h,BSPUSDT,LONG,sl,-1.0,sl,4.0,False,,,not_activated,0,[],,,,-1.0,baseline_sl,
828,overheated_24h,BSPUSDT,LONG,sl,-1.0,sl,5.0,False,,,not_activated,0,[],,,,-1.0,baseline_sl,
828,overheated_24h,BSPUSDT,LONG,sl,-1.0,sl,6.0,False,,,not_activated,0,[],,,,-1.0,baseline_sl,
828,overheated_24h,BSPUSDT,LONG,sl,-1.0,sl,8.0,False,,,not_activated,0,[],,,,-1.0,baseline_sl,
828,overheated_24h,BSPUSDT,LONG,sl,-1.0,sl,10.0,False,,,not_activated,0,[],,,,-1.0,baseline_sl,
1338,overheated_24h,CRWVUSDT,LONG,tp,1.599999999999999,tp,2.0,True,1786522800,106.3712,tp_branch,1,[],1786523100,106.3712,1.599999999999999,1.599999999999999,partial_tp_floor,
1338,overheated_24h,CRWVUSDT,LONG,tp,1.599999999999999,tp,3.0,True,1786522800,106.3712,tp_branch,1,[],1786523100,106.3712,1.599999999999999,1.599999999999999,partial_tp_floor,
1338,overheated_24h,CRWVUSDT,LONG,tp,1.599999999999999,tp,4.0,True,1786522800,106.3712,tp_branch,1,[],1786523100,106.3712,1.599999999999999,1.599999999999999,partial_tp_floor,
1338,overheated_24h,CRWVUSDT,LONG,tp,1.599999999999999,tp,5.0,True,1786522800,106.3712,tp_branch,1,[],1786523100,106.3712,1.599999999999999,1.599999999999999,partial_tp_floor,
1338,overheated_24h,CRWVUSDT,LONG,tp,1.599999999999999,tp,6.0,True,1786522800,106.3712,tp_branch,1,[],1786523100,106.3712,1.599999999999999,1.599999999999999,partial_tp_floor,
1338,overheated_24h,CRWVUSDT,LONG,tp,1.599999999999999,tp,8.0,True,1786522800,106.3712,tp_branch,1,[],1786523100,106.3712,1.599999999999999,1.599999999999999,partial_tp_floor,
1338,overheated_24h,CRWVUSDT,LONG,tp,1.599999999999999,tp,10.0,True,1786522800,106.3712,tp_branch,1,[],1786523100,106.3712,1.599999999999999,1.599999999999999,partial_tp_floor,
1505,overheated_24h,CRWVUSDT,LONG,tp,1.5999999999999968,tp,2.0,True,1786541700,111.2904,tp_branch,1,[],1786542000,111.2904,1.5999999999999968,1.5999999999999968,partial_tp_floor,
1505,overheated_24h,CRWVUSDT,LONG,tp,1.5999999999999968,tp,3.0,True,1786541700,111.2904,tp_branch,1,[],1786542000,111.2904,1.5999999999999968,1.5999999999999968,partial_tp_floor,
1505,overheated_24h,CRWVUSDT,LONG,tp,1.5999999999999968,tp,4.0,True,1786541700,111.2904,tp_branch,1,[],1786542000,111.2904,1.5999999999999968,1.5999999999999968,partial_tp_floor,
1505,overheated_24h,CRWVUSDT,LONG,tp,1.5999999999999968,tp,5.0,True,1786541700,111.2904,tp_branch,1,[],1786542000,111.2904,1.5999999999999968,1.5999999999999968,partial_tp_floor,
1505,overheated_24h,CRWVUSDT,LONG,tp,1.5999999999999968,tp,6.0,True,1786541700,111.2904,tp_branch,1,[],1786542000,111.2904,1.5999999999999968,1.5999999999999968,partial_tp_floor,
1505,overheated_24h,CRWVUSDT,LONG,tp,1.5999999999999968,tp,8.0,True,1786541700,111.2904,tp_branch,1,[],1786542000,111.2904,1.5999999999999968,1.5999999999999968,partial_tp_floor,
1505,overheated_24h,CRWVUSDT,LONG,tp,1.5999999999999968,tp,10.0,True,1786541700,111.2904,tp_branch,1,[],1786542000,111.2904,1.5999999999999968,1.5999999999999968,partial_tp_floor,
1546,overheated_24h,SNXXUSDT,LONG,sl,-1.0,sl,2.0,False,,,not_activated,0,[],,,,-1.0,baseline_sl,
1546,overheated_24h,SNXXUSDT,LONG,sl,-1.0,sl,3.0,False,,,not_activated,0,[],,,,-1.0,baseline_sl,
1546,overheated_24h,SNXXUSDT,LONG,sl,-1.0,sl,4.0,False,,,not_activated,0,[],,,,-1.0,baseline_sl,
1546,overheated_24h,SNXXUSDT,LONG,sl,-1.0,sl,5.0,False,,,not_activated,0,[],,,,-1.0,baseline_sl,
1546,overheated_24h,SNXXUSDT,LONG,sl,-1.0,sl,6.0,False,,,not_activated,0,[],,,,-1.0,baseline_sl,
1546,overheated_24h,SNXXUSDT,LONG,sl,-1.0,sl,8.0,False,,,not_activated,0,[],,,,-1.0,baseline_sl,
1546,overheated_24h,SNXXUSDT,LONG,sl,-1.0,sl,10.0,False,,,not_activated,0,[],,,,-1.0,baseline_sl,
1550,overheated_24h,WENUSDT,LONG,sl,-1.0,sl,2.0,False,,,not_activated,0,[],,,,-1.0,baseline_sl,
1550,overheated_24h,WENUSDT,LONG,sl,-1.0,sl,3.0,False,,,not_activated,0,[],,,,-1.0,baseline_sl,
1550,overheated_24h,WENUSDT,LONG,sl,-1.0,sl,4.0,False,,,not_activated,0,[],,,,-1.0,baseline_sl,
1550,overheated_24h,WENUSDT,LONG,sl,-1.0,sl,5.0,False,,,not_activated,0,[],,,,-1.0,baseline_sl,
1550,overheated_24h,WENUSDT,LONG,sl,-1.0,sl,6.0,False,,,not_activated,0,[],,,,-1.0,baseline_sl,
1550,overheated_24h,WENUSDT,LONG,sl,-1.0,sl,8.0,False,,,not_activated,0,[],,,,-1.0,baseline_sl,
1550,overheated_24h,WENUSDT,LONG,sl,-1.0,sl,10.0,False,,,not_activated,0,[],,,,-1.0,baseline_sl,
1563,overheated_24h,NBISUSDT,LONG,tp,1.9999999999999976,tp,2.0,True,1786631100,272.2856139949357,tp_branch,3,"[{""ts"":1786631400,""favorable_extreme"":275.43,""stop"":272.2856139949357},{""ts"":1786631700,""favorable_extreme"":275.68,""stop"":272.2856139949357}]",1786632300,272.2856139949357,1.9999999999999976,1.9999999999999976,partial_tp_floor,
1563,overheated_24h,NBISUSDT,LONG,tp,1.9999999999999976,tp,3.0,True,1786631100,272.2856139949357,tp_branch,3,"[{""ts"":1786631400,""favorable_extreme"":275.43,""stop"":272.2856139949357},{""ts"":1786631700,""favorable_extreme"":275.68,""stop"":272.2856139949357}]",1786632300,272.2856139949357,1.9999999999999976,1.9999999999999976,partial_tp_floor,
1563,overheated_24h,NBISUSDT,LONG,tp,1.9999999999999976,tp,4.0,True,1786631100,272.2856139949357,tp_branch,3,"[{""ts"":1786631400,""favorable_extreme"":275.43,""stop"":272.2856139949357},{""ts"":1786631700,""favorable_extreme"":275.68,""stop"":272.2856139949357}]",1786632300,272.2856139949357,1.9999999999999976,1.9999999999999976,partial_tp_floor,
1563,overheated_24h,NBISUSDT,LONG,tp,1.9999999999999976,tp,5.0,True,1786631100,272.2856139949357,tp_branch,3,"[{""ts"":1786631400,""favorable_extreme"":275.43,""stop"":272.2856139949357},{""ts"":1786631700,""favorable_extreme"":275.68,""stop"":272.2856139949357}]",1786632300,272.2856139949357,1.9999999999999976,1.9999999999999976,partial_tp_floor,
1563,overheated_24h,NBISUSDT,LONG,tp,1.9999999999999976,tp,6.0,True,1786631100,272.2856139949357,tp_branch,3,"[{""ts"":1786631400,""favorable_extreme"":275.43,""stop"":272.2856139949357},{""ts"":1786631700,""favorable_extreme"":275.68,""stop"":272.2856139949357}]",1786632300,272.2856139949357,1.9999999999999976,1.9999999999999976,partial_tp_floor,
1563,overheated_24h,NBISUSDT,LONG,tp,1.9999999999999976,tp,8.0,True,1786631100,272.2856139949357,tp_branch,3,"[{""ts"":1786631400,""favorable_extreme"":275.43,""stop"":272.2856139949357},{""ts"":1786631700,""favorable_extreme"":275.68,""stop"":272.2856139949357}]",1786632300,272.2856139949357,1.9999999999999976,1.9999999999999976,partial_tp_floor,
1563,overheated_24h,NBISUSDT,LONG,tp,1.9999999999999976,tp,10.0,True,1786631100,272.2856139949357,tp_branch,3,"[{""ts"":1786631400,""favorable_extreme"":275.43,""stop"":272.2856139949357},{""ts"":1786631700,""favorable_extreme"":275.68,""stop"":272.2856139949357}]",1786632300,272.2856139949357,1.9999999999999976,1.9999999999999976,partial_tp_floor,
1694,overheated_24h,SNXXUSDT,LONG,sl,-1.0,sl,2.0,False,,,not_activated,0,[],,,,-1.0,baseline_sl,
1694,overheated_24h,SNXXUSDT,LONG,sl,-1.0,sl,3.0,False,,,not_activated,0,[],,,,-1.0,baseline_sl,
1694,overheated_24h,SNXXUSDT,LONG,sl,-1.0,sl,4.0,False,,,not_activated,0,[],,,,-1.0,baseline_sl,
1694,overheated_24h,SNXXUSDT,LONG,sl,-1.0,sl,5.0,False,,,not_activated,0,[],,,,-1.0,baseline_sl,
1694,overheated_24h,SNXXUSDT,LONG,sl,-1.0,sl,6.0,False,,,not_activated,0,[],,,,-1.0,baseline_sl,
1694,overheated_24h,SNXXUSDT,LONG,sl,-1.0,sl,8.0,False,,,not_activated,0,[],,,,-1.0,baseline_sl,
1694,overheated_24h,SNXXUSDT,LONG,sl,-1.0,sl,10.0,False,,,not_activated,0,[],,,,-1.0,baseline_sl,
1795,overheated_24h,SNXXUSDT,LONG,sl,-1.0,sl,2.0,False,,,not_activated,0,[],,,,-1.0,baseline_sl,
1795,overheated_24h,SNXXUSDT,LONG,sl,-1.0,sl,3.0,False,,,not_activated,0,[],,,,-1.0,baseline_sl,
1795,overheated_24h,SNXXUSDT,LONG,sl,-1.0,sl,4.0,False,,,not_activated,0,[],,,,-1.0,baseline_sl,
1795,overheated_24h,SNXXUSDT,LONG,sl,-1.0,sl,5.0,False,,,not_activated,0,[],,,,-1.0,baseline_sl,
1795,overheated_24h,SNXXUSDT,LONG,sl,-1.0,sl,6.0,False,,,not_activated,0,[],,,,-1.0,baseline_sl,
1795,overheated_24h,SNXXUSDT,LONG,sl,-1.0,sl,8.0,False,,,not_activated,0,[],,,,-1.0,baseline_sl,
1795,overheated_24h,SNXXUSDT,LONG,sl,-1.0,sl,10.0,False,,,not_activated,0,[],,,,-1.0,baseline_sl,
1796,overheated_24h,ACEUSDT,LONG,tp,1.600000000000003,tp,2.0,True,1786695300,0.151736,tp_branch,1,[],1786695600,0.151736,1.600000000000003,1.600000000000003,partial_tp_floor,
1796,overheated_24h,ACEUSDT,LONG,tp,1.600000000000003,tp,3.0,True,1786695300,0.151736,tp_branch,1,[],1786695600,0.151736,1.600000000000003,1.600000000000003,partial_tp_floor,
1796,overheated_24h,ACEUSDT,LONG,tp,1.600000000000003,tp,4.0,True,1786695300,0.151736,tp_branch,1,[],1786695600,0.151736,1.600000000000003,1.600000000000003,partial_tp_floor,
1796,overheated_24h,ACEUSDT,LONG,tp,1.600000000000003,tp,5.0,True,1786695300,0.151736,tp_branch,1,[],1786695600,0.151736,1.600000000000003,1.600000000000003,partial_tp_floor,
1796,overheated_24h,ACEUSDT,LONG,tp,1.600000000000003,tp,6.0,True,1786695300,0.151736,tp_branch,1,[],1786695600,0.151736,1.600000000000003,1.600000000000003,partial_tp_floor,
1796,overheated_24h,ACEUSDT,LONG,tp,1.600000000000003,tp,8.0,True,1786695300,0.151736,tp_branch,1,[],1786695600,0.151736,1.600000000000003,1.600000000000003,partial_tp_floor,
1796,overheated_24h,ACEUSDT,LONG,tp,1.600000000000003,tp,10.0,True,1786695300,0.151736,tp_branch,1,[],1786695600,0.151736,1.600000000000003,1.600000000000003,partial_tp_floor,
1804,overheated_24h,VCXUSDT,LONG,sl,-1.0,sl,2.0,False,,,not_activated,0,[],,,,-1.0,baseline_sl,
1804,overheated_24h,VCXUSDT,LONG,sl,-1.0,sl,3.0,False,,,not_activated,0,[],,,,-1.0,baseline_sl,
1804,overheated_24h,VCXUSDT,LONG,sl,-1.0,sl,4.0,False,,,not_activated,0,[],,,,-1.0,baseline_sl,
1804,overheated_24h,VCXUSDT,LONG,sl,-1.0,sl,5.0,False,,,not_activated,0,[],,,,-1.0,baseline_sl,
1804,overheated_24h,VCXUSDT,LONG,sl,-1.0,sl,6.0,False,,,not_activated,0,[],,,,-1.0,baseline_sl,
1804,overheated_24h,VCXUSDT,LONG,sl,-1.0,sl,8.0,False,,,not_activated,0,[],,,,-1.0,baseline_sl,
1804,overheated_24h,VCXUSDT,LONG,sl,-1.0,sl,10.0,False,,,not_activated,0,[],,,,-1.0,baseline_sl,
1806,overheated_24h,ACEUSDT,LONG,tp,1.6000000000000043,tp,2.0,True,1786698300,0.15984800000000002,tp_branch,4,"[{""ts"":1786698600,""favorable_extreme"":0.162,""stop"":0.15984800000000002},{""ts"":1786698900,""favorable_extreme"":0.1657,""stop"":0.16238599999999997},{""ts"":1786699200,""favorable_extreme"":0.1693,""stop"":0.165914}]",1786699500,0.165914,3.1786597267404053,2.3893298633702047,partial_trail_stop,
1806,overheated_24h,ACEUSDT,LONG,tp,1.6000000000000043,tp,3.0,True,1786698300,0.15984800000000002,tp_branch,6,"[{""ts"":1786698600,""favorable_extreme"":0.162,""stop"":0.15984800000000002},{""ts"":1786698900,""favorable_extreme"":0.1657,""stop"":0.16072899999999998},{""ts"":1786699200,""favorable_extreme"":0.1693,""stop"":0.164221},{""ts"":1786699500,""favorable_extreme"":0.1719,""stop"":0.166743},{""ts"":1786699800,""favorable_extreme"":0.1741,""stop"":0.168877}]",1786700100,0.168877,3.9497722836694864,2.7748861418347452,partial_trail_stop,
1806,overheated_24h,ACEUSDT,LONG,tp,1.6000000000000043,tp,4.0,True,1786698300,0.15984800000000002,tp_branch,6,"[{""ts"":1786698600,""favorable_extreme"":0.162,""stop"":0.15984800000000002},{""ts"":1786698900,""favorable_extreme"":0.1657,""stop"":0.15984800000000002},{""ts"":1786699200,""favorable_extreme"":0.1693,""stop"":0.162528},{""ts"":1786699500,""favorable_extreme"":0.1719,""stop"":0.165024},{""ts"":1786699800,""favorable_extreme"":0.1741,""stop"":0.167136}]",1786700100,0.167136,3.4966818477553696,2.548340923877687,partial_trail_stop,
1806,overheated_24h,ACEUSDT,LONG,tp,1.6000000000000043,tp,5.0,True,1786698300,0.15984800000000002,tp_branch,6,"[{""ts"":1786698600,""favorable_extreme"":0.162,""stop"":0.15984800000000002},{""ts"":1786698900,""favorable_extreme"":0.1657,""stop"":0.15984800000000002},{""ts"":1786699200,""favorable_extreme"":0.1693,""stop"":0.160835},{""ts"":1786699500,""favorable_extreme"":0.1719,""stop"":0.16330499999999998},{""ts"":1786699800,""favorable_extreme"":0.1741,""stop"":0.165395}]",1786700100,0.165395,3.0435914118412457,2.321795705920625,partial_trail_stop,
1806,overheated_24h,ACEUSDT,LONG,tp,1.6000000000000043,tp,6.0,True,1786698300,0.15984800000000002,tp_branch,11,"[{""ts"":1786698600,""favorable_extreme"":0.162,""stop"":0.15984800000000002},{""ts"":1786698900,""favorable_extreme"":0.1657,""stop"":0.15984800000000002},{""ts"":1786699200,""favorable_extreme"":0.1693,""stop"":0.15984800000000002},{""ts"":1786699500,""favorable_extreme"":0.1719,""stop"":0.16158599999999998},{""ts"":1786699800,""favorable_extreme"":0.1741,""stop"":0.163654},{""ts"":1786700100,""favorable_extreme"":0.1771,""stop"":0.166474},{""ts"":1786700700,""favorable_extreme"":0.1774,""stop"":0.166756},{""ts"":1786701000,""favorable_extreme"":0.1826,""stop"":0.171644},{""ts"":1786701300,""favorable_extreme"":0.1838,""stop"":0.17277199999999998},{""ts"":1786701600,""favorable_extreme"":0.1852,""stop"":0.174088}]",1786701900,0.174088,5.305920624593362,3.452960312296683,partial_trail_stop,
1806,overheated_24h,ACEUSDT,LONG,tp,1.6000000000000043,tp,8.0,True,1786698300,0.15984800000000002,tp_branch,15,"[{""ts"":1786698600,""favorable_extreme"":0.162,""stop"":0.15984800000000002},{""ts"":1786698900,""favorable_extreme"":0.1657,""stop"":0.15984800000000002},{""ts"":1786699200,""favorable_extreme"":0.1693,""stop"":0.15984800000000002},{""ts"":1786699500,""favorable_extreme"":0.1719,""stop"":0.15984800000000002},{""ts"":1786699800,""favorable_extreme"":0.1741,""stop"":0.160172},{""ts"":1786700100,""favorable_extreme"":0.1771,""stop"":0.16293200000000002},{""ts"":1786700700,""favorable_extreme"":0.1774,""stop"":0.16320800000000002},{""ts"":1786701000,""favorable_extreme"":0.1826,""stop"":0.16799200000000003},{""ts"":1786701300,""favorable_extreme"":0.1838,""stop"":0.169096},{""ts"":1786701600,""favorable_extreme"":0.1852,""stop"":0.170384},{""ts"":1786702500,""favorable_extreme"":0.191,""stop"":0.17572000000000002},{""ts"":1786702800,""favorable_extreme"":0.1969,""stop"":0.181148},{""ts"":1786703100,""favorable_extreme"":0.1997,""stop"":0.183724},{""ts"":1786703400,""favorable_extreme"":0.2192,""stop"":0.201664}]",1786703700,0.201664,12.482498373454789,7.041249186727397,partial_trail_stop,
1806,overheated_24h,ACEUSDT,LONG,tp,1.6000000000000043,tp,10.0,True,1786698300,0.15984800000000002,tp_branch,18,"[{""ts"":1786698600,""favorable_extreme"":0.162,""stop"":0.15984800000000002},{""ts"":1786698900,""favorable_extreme"":0.1657,""stop"":0.15984800000000002},{""ts"":1786699200,""favorable_extreme"":0.1693,""stop"":0.15984800000000002},{""ts"":1786699500,""favorable_extreme"":0.1719,""stop"":0.15984800000000002},{""ts"":1786699800,""favorable_extreme"":0.1741,""stop"":0.15984800000000002},{""ts"":1786700100,""favorable_extreme"":0.1771,""stop"":0.15984800000000002},{""ts"":1786700700,""favorable_extreme"":0.1774,""stop"":0.15984800000000002},{""ts"":1786701000,""favorable_extreme"":0.1826,""stop"":0.16434},{""ts"":1786701300,""favorable_extreme"":0.1838,""stop"":0.16541999999999998},{""ts"":1786701600,""favorable_extreme"":0.1852,""stop"":0.16668},{""ts"":1786702500,""favorable_extreme"":0.191,""stop"":0.1719},{""ts"":1786702800,""favorable_extreme"":0.1969,""stop"":0.17721},{""ts"":1786703100,""favorable_extreme"":0.1997,""stop"":0.17973},{""ts"":1786703400,""favorable_extreme"":0.2192,""stop"":0.19728},{""ts"":1786704600,""favorable_extreme"":0.2249,""stop"":0.20241},{""ts"":1786704900,""favorable_extreme"":0.2297,""stop"":0.20673},{""ts"":1786705200,""favorable_extreme"":0.2328,""stop"":0.20952}]",1786705800,0.20952,14.527000650618094,8.063500325309048,partial_trail_stop,
1812,overheated_24h,ACEUSDT,LONG,tp,1.5999999999999959,tp,2.0,True,1786699500,0.169832,tp_branch,1,[],1786699800,0.169832,1.5999999999999959,1.5999999999999959,partial_tp_floor,
1812,overheated_24h,ACEUSDT,LONG,tp,1.5999999999999959,tp,3.0,True,1786699500,0.169832,tp_branch,1,[],1786699800,0.169832,1.5999999999999959,1.5999999999999959,partial_tp_floor,
1812,overheated_24h,ACEUSDT,LONG,tp,1.5999999999999959,tp,4.0,True,1786699500,0.169832,tp_branch,1,[],1786699800,0.169832,1.5999999999999959,1.5999999999999959,partial_tp_floor,
1812,overheated_24h,ACEUSDT,LONG,tp,1.5999999999999959,tp,5.0,True,1786699500,0.169832,tp_branch,1,[],1786699800,0.169832,1.5999999999999959,1.5999999999999959,partial_tp_floor,
1812,overheated_24h,ACEUSDT,LONG,tp,1.5999999999999959,tp,6.0,True,1786699500,0.169832,tp_branch,1,[],1786699800,0.169832,1.5999999999999959,1.5999999999999959,partial_tp_floor,
1812,overheated_24h,ACEUSDT,LONG,tp,1.5999999999999959,tp,8.0,True,1786699500,0.169832,tp_branch,1,[],1786699800,0.169832,1.5999999999999959,1.5999999999999959,partial_tp_floor,
1812,overheated_24h,ACEUSDT,LONG,tp,1.5999999999999959,tp,10.0,True,1786699500,0.169832,tp_branch,1,[],1786699800,0.169832,1.5999999999999959,1.5999999999999959,partial_tp_floor,
1815,overheated_24h,CROSSUSDT,LONG,sl,-1.0,sl,2.0,False,,,not_activated,0,[],,,,-1.0,baseline_sl,
1815,overheated_24h,CROSSUSDT,LONG,sl,-1.0,sl,3.0,False,,,not_activated,0,[],,,,-1.0,baseline_sl,
1815,overheated_24h,CROSSUSDT,LONG,sl,-1.0,sl,4.0,False,,,not_activated,0,[],,,,-1.0,baseline_sl,
1815,overheated_24h,CROSSUSDT,LONG,sl,-1.0,sl,5.0,False,,,not_activated,0,[],,,,-1.0,baseline_sl,
1815,overheated_24h,CROSSUSDT,LONG,sl,-1.0,sl,6.0,False,,,not_activated,0,[],,,,-1.0,baseline_sl,
1815,overheated_24h,CROSSUSDT,LONG,sl,-1.0,sl,8.0,False,,,not_activated,0,[],,,,-1.0,baseline_sl,
1815,overheated_24h,CROSSUSDT,LONG,sl,-1.0,sl,10.0,False,,,not_activated,0,[],,,,-1.0,baseline_sl,
1816,overheated_24h,ACEUSDT,LONG,sl,-1.0,sl,2.0,False,,,not_activated,0,[],,,,-1.0,baseline_sl,
1816,overheated_24h,ACEUSDT,LONG,sl,-1.0,sl,3.0,False,,,not_activated,0,[],,,,-1.0,baseline_sl,
1816,overheated_24h,ACEUSDT,LONG,sl,-1.0,sl,4.0,False,,,not_activated,0,[],,,,-1.0,baseline_sl,
1816,overheated_24h,ACEUSDT,LONG,sl,-1.0,sl,5.0,False,,,not_activated,0,[],,,,-1.0,baseline_sl,
1816,overheated_24h,ACEUSDT,LONG,sl,-1.0,sl,6.0,False,,,not_activated,0,[],,,,-1.0,baseline_sl,
1816,overheated_24h,ACEUSDT,LONG,sl,-1.0,sl,8.0,False,,,not_activated,0,[],,,,-1.0,baseline_sl,
1816,overheated_24h,ACEUSDT,LONG,sl,-1.0,sl,10.0,False,,,not_activated,0,[],,,,-1.0,baseline_sl,
1826,overheated_24h,SNDKUSDT,LONG,sl,-1.0,sl,2.0,False,,,not_activated,0,[],,,,-1.0,baseline_sl,
1826,overheated_24h,SNDKUSDT,LONG,sl,-1.0,sl,3.0,False,,,not_activated,0,[],,,,-1.0,baseline_sl,
1826,overheated_24h,SNDKUSDT,LONG,sl,-1.0,sl,4.0,False,,,not_activated,0,[],,,,-1.0,baseline_sl,
1826,overheated_24h,SNDKUSDT,LONG,sl,-1.0,sl,5.0,False,,,not_activated,0,[],,,,-1.0,baseline_sl,
1826,overheated_24h,SNDKUSDT,LONG,sl,-1.0,sl,6.0,False,,,not_activated,0,[],,,,-1.0,baseline_sl,
1826,overheated_24h,SNDKUSDT,LONG,sl,-1.0,sl,8.0,False,,,not_activated,0,[],,,,-1.0,baseline_sl,
1826,overheated_24h,SNDKUSDT,LONG,sl,-1.0,sl,10.0,False,,,not_activated,0,[],,,,-1.0,baseline_sl,
1827,overheated_24h,ACEUSDT,LONG,tp,1.6000000000000034,tp,2.0,True,1786703400,0.20300800000000002,tp_branch,1,[],1786703700,0.20300800000000002,1.6000000000000034,1.6000000000000034,partial_tp_floor,
1827,overheated_24h,ACEUSDT,LONG,tp,1.6000000000000034,tp,3.0,True,1786703400,0.20300800000000002,tp_branch,1,[],1786703700,0.20300800000000002,1.6000000000000034,1.6000000000000034,partial_tp_floor,
1827,overheated_24h,ACEUSDT,LONG,tp,1.6000000000000034,tp,4.0,True,1786703400,0.20300800000000002,tp_branch,1,[],1786703700,0.20300800000000002,1.6000000000000034,1.6000000000000034,partial_tp_floor,
1827,overheated_24h,ACEUSDT,LONG,tp,1.6000000000000034,tp,5.0,True,1786703400,0.20300800000000002,tp_branch,1,[],1786703700,0.20300800000000002,1.6000000000000034,1.6000000000000034,partial_tp_floor,
1827,overheated_24h,ACEUSDT,LONG,tp,1.6000000000000034,tp,6.0,True,1786703400,0.20300800000000002,tp_branch,1,[],1786703700,0.20300800000000002,1.6000000000000034,1.6000000000000034,partial_tp_floor,
1827,overheated_24h,ACEUSDT,LONG,tp,1.6000000000000034,tp,8.0,True,1786703400,0.20300800000000002,tp_branch,1,[],1786703700,0.20300800000000002,1.6000000000000034,1.6000000000000034,partial_tp_floor,
1827,overheated_24h,ACEUSDT,LONG,tp,1.6000000000000034,tp,10.0,True,1786703400,0.20300800000000002,tp_branch,1,[],1786703700,0.20300800000000002,1.6000000000000034,1.6000000000000034,partial_tp_floor,
1846,overheated_24h,ACEUSDT,LONG,tp,1.6,tp,2.0,True,1786707600,0.25116,tp_branch,1,[],1786707900,0.25116,1.6,1.6,partial_tp_floor,
1846,overheated_24h,ACEUSDT,LONG,tp,1.6,tp,3.0,True,1786707600,0.25116,tp_branch,1,[],1786707900,0.25116,1.6,1.6,partial_tp_floor,
1846,overheated_24h,ACEUSDT,LONG,tp,1.6,tp,4.0,True,1786707600,0.25116,tp_branch,1,[],1786707900,0.25116,1.6,1.6,partial_tp_floor,
1846,overheated_24h,ACEUSDT,LONG,tp,1.6,tp,5.0,True,1786707600,0.25116,tp_branch,1,[],1786707900,0.25116,1.6,1.6,partial_tp_floor,
1846,overheated_24h,ACEUSDT,LONG,tp,1.6,tp,6.0,True,1786707600,0.25116,tp_branch,1,[],1786707900,0.25116,1.6,1.6,partial_tp_floor,
1846,overheated_24h,ACEUSDT,LONG,tp,1.6,tp,8.0,True,1786707600,0.25116,tp_branch,1,[],1786707900,0.25116,1.6,1.6,partial_tp_floor,
1846,overheated_24h,ACEUSDT,LONG,tp,1.6,tp,10.0,True,1786707600,0.25116,tp_branch,1,[],1786707900,0.25116,1.6,1.6,partial_tp_floor,
1930,overheated_24h,PRLUSDT,LONG,sl,-1.0,sl,2.0,False,,,not_activated,0,[],,,,-1.0,baseline_sl,
1930,overheated_24h,PRLUSDT,LONG,sl,-1.0,sl,3.0,False,,,not_activated,0,[],,,,-1.0,baseline_sl,
1930,overheated_24h,PRLUSDT,LONG,sl,-1.0,sl,4.0,False,,,not_activated,0,[],,,,-1.0,baseline_sl,
1930,overheated_24h,PRLUSDT,LONG,sl,-1.0,sl,5.0,False,,,not_activated,0,[],,,,-1.0,baseline_sl,
1930,overheated_24h,PRLUSDT,LONG,sl,-1.0,sl,6.0,False,,,not_activated,0,[],,,,-1.0,baseline_sl,
1930,overheated_24h,PRLUSDT,LONG,sl,-1.0,sl,8.0,False,,,not_activated,0,[],,,,-1.0,baseline_sl,
1930,overheated_24h,PRLUSDT,LONG,sl,-1.0,sl,10.0,False,,,not_activated,0,[],,,,-1.0,baseline_sl,
1931,overheated_24h,VELVETUSDT,LONG,sl,-1.0,sl,2.0,False,,,not_activated,0,[],,,,-1.0,baseline_sl,
1931,overheated_24h,VELVETUSDT,LONG,sl,-1.0,sl,3.0,False,,,not_activated,0,[],,,,-1.0,baseline_sl,
1931,overheated_24h,VELVETUSDT,LONG,sl,-1.0,sl,4.0,False,,,not_activated,0,[],,,,-1.0,baseline_sl,
1931,overheated_24h,VELVETUSDT,LONG,sl,-1.0,sl,5.0,False,,,not_activated,0,[],,,,-1.0,baseline_sl,
1931,overheated_24h,VELVETUSDT,LONG,sl,-1.0,sl,6.0,False,,,not_activated,0,[],,,,-1.0,baseline_sl,
1931,overheated_24h,VELVETUSDT,LONG,sl,-1.0,sl,8.0,False,,,not_activated,0,[],,,,-1.0,baseline_sl,
1931,overheated_24h,VELVETUSDT,LONG,sl,-1.0,sl,10.0,False,,,not_activated,0,[],,,,-1.0,baseline_sl,
1932,overheated_24h,EPICUSDT,LONG,sl,-1.0,sl,2.0,False,,,not_activated,0,[],,,,-1.0,baseline_sl,
1932,overheated_24h,EPICUSDT,LONG,sl,-1.0,sl,3.0,False,,,not_activated,0,[],,,,-1.0,baseline_sl,
1932,overheated_24h,EPICUSDT,LONG,sl,-1.0,sl,4.0,False,,,not_activated,0,[],,,,-1.0,baseline_sl,
1932,overheated_24h,EPICUSDT,LONG,sl,-1.0,sl,5.0,False,,,not_activated,0,[],,,,-1.0,baseline_sl,
1932,overheated_24h,EPICUSDT,LONG,sl,-1.0,sl,6.0,False,,,not_activated,0,[],,,,-1.0,baseline_sl,
1932,overheated_24h,EPICUSDT,LONG,sl,-1.0,sl,8.0,False,,,not_activated,0,[],,,,-1.0,baseline_sl,
1932,overheated_24h,EPICUSDT,LONG,sl,-1.0,sl,10.0,False,,,not_activated,0,[],,,,-1.0,baseline_sl,
1933,overheated_24h,ROBOUSDT,LONG,sl,-1.0,sl,2.0,False,,,not_activated,0,[],,,,-1.0,baseline_sl,
1933,overheated_24h,ROBOUSDT,LONG,sl,-1.0,sl,3.0,False,,,not_activated,0,[],,,,-1.0,baseline_sl,
1933,overheated_24h,ROBOUSDT,LONG,sl,-1.0,sl,4.0,False,,,not_activated,0,[],,,,-1.0,baseline_sl,
1933,overheated_24h,ROBOUSDT,LONG,sl,-1.0,sl,5.0,False,,,not_activated,0,[],,,,-1.0,baseline_sl,
1933,overheated_24h,ROBOUSDT,LONG,sl,-1.0,sl,6.0,False,,,not_activated,0,[],,,,-1.0,baseline_sl,
1933,overheated_24h,ROBOUSDT,LONG,sl,-1.0,sl,8.0,False,,,not_activated,0,[],,,,-1.0,baseline_sl,
1933,overheated_24h,ROBOUSDT,LONG,sl,-1.0,sl,10.0,False,,,not_activated,0,[],,,,-1.0,baseline_sl,
1937,overheated_24h,CYSUSDT,LONG,sl,-1.0,sl,2.0,False,,,not_activated,0,[],,,,-1.0,baseline_sl,
1937,overheated_24h,CYSUSDT,LONG,sl,-1.0,sl,3.0,False,,,not_activated,0,[],,,,-1.0,baseline_sl,
1937,overheated_24h,CYSUSDT,LONG,sl,-1.0,sl,4.0,False,,,not_activated,0,[],,,,-1.0,baseline_sl,
1937,overheated_24h,CYSUSDT,LONG,sl,-1.0,sl,5.0,False,,,not_activated,0,[],,,,-1.0,baseline_sl,
1937,overheated_24h,CYSUSDT,LONG,sl,-1.0,sl,6.0,False,,,not_activated,0,[],,,,-1.0,baseline_sl,
1937,overheated_24h,CYSUSDT,LONG,sl,-1.0,sl,8.0,False,,,not_activated,0,[],,,,-1.0,baseline_sl,
1937,overheated_24h,CYSUSDT,LONG,sl,-1.0,sl,10.0,False,,,not_activated,0,[],,,,-1.0,baseline_sl,
1940,overheated_24h,STARUSDT,LONG,tp,2.0,tp,2.0,True,1786956300,0.10909535714285715,tp_branch,1,[],1786956600,0.10909535714285715,2.0,2.0,partial_tp_floor,
1940,overheated_24h,STARUSDT,LONG,tp,2.0,tp,3.0,True,1786956300,0.10909535714285715,tp_branch,1,[],1786956600,0.10909535714285715,2.0,2.0,partial_tp_floor,
1940,overheated_24h,STARUSDT,LONG,tp,2.0,tp,4.0,True,1786956300,0.10909535714285715,tp_branch,1,[],1786956600,0.10909535714285715,2.0,2.0,partial_tp_floor,
1940,overheated_24h,STARUSDT,LONG,tp,2.0,tp,5.0,True,1786956300,0.10909535714285715,tp_branch,1,[],1786956600,0.10909535714285715,2.0,2.0,partial_tp_floor,
1940,overheated_24h,STARUSDT,LONG,tp,2.0,tp,6.0,True,1786956300,0.10909535714285715,tp_branch,1,[],1786956600,0.10909535714285715,2.0,2.0,partial_tp_floor,
1940,overheated_24h,STARUSDT,LONG,tp,2.0,tp,8.0,True,1786956300,0.10909535714285715,tp_branch,1,[],1786956600,0.10909535714285715,2.0,2.0,partial_tp_floor,
1940,overheated_24h,STARUSDT,LONG,tp,2.0,tp,10.0,True,1786956300,0.10909535714285715,tp_branch,1,[],1786956600,0.10909535714285715,2.0,2.0,partial_tp_floor,
1944,overheated_24h,ONGUSDT,LONG,sl,-1.0,sl,2.0,False,,,not_activated,0,[],,,,-1.0,baseline_sl,
1944,overheated_24h,ONGUSDT,LONG,sl,-1.0,sl,3.0,False,,,not_activated,0,[],,,,-1.0,baseline_sl,
1944,overheated_24h,ONGUSDT,LONG,sl,-1.0,sl,4.0,False,,,not_activated,0,[],,,,-1.0,baseline_sl,
1944,overheated_24h,ONGUSDT,LONG,sl,-1.0,sl,5.0,False,,,not_activated,0,[],,,,-1.0,baseline_sl,
1944,overheated_24h,ONGUSDT,LONG,sl,-1.0,sl,6.0,False,,,not_activated,0,[],,,,-1.0,baseline_sl,
1944,overheated_24h,ONGUSDT,LONG,sl,-1.0,sl,8.0,False,,,not_activated,0,[],,,,-1.0,baseline_sl,
1944,overheated_24h,ONGUSDT,LONG,sl,-1.0,sl,10.0,False,,,not_activated,0,[],,,,-1.0,baseline_sl,
1948,overheated_24h,HEMIUSDT,LONG,tp,2.0,tp,2.0,True,1786782900,0.005857035714285714,tp_branch,2,"[{""ts"":1786783200,""favorable_extreme"":0.00623,""stop"":0.0061054}]",1786783500,0.0061054,3.152406993122882,2.5762034965614413,partial_trail_stop,
1948,overheated_24h,HEMIUSDT,LONG,tp,2.0,tp,3.0,True,1786782900,0.005857035714285714,tp_branch,2,"[{""ts"":1786783200,""favorable_extreme"":0.00623,""stop"":0.0060431}]",1786783500,0.0060431,2.86333581904052,2.43166790952026,partial_trail_stop,
1948,overheated_24h,HEMIUSDT,LONG,tp,2.0,tp,4.0,True,1786782900,0.005857035714285714,tp_branch,4,"[{""ts"":1786783200,""favorable_extreme"":0.00623,""stop"":0.0059808},{""ts"":1786783500,""favorable_extreme"":0.006286,""stop"":0.00603456},{""ts"":1786783800,""favorable_extreme"":0.006321,""stop"":0.00606816}]",1786784100,0.00606816,2.979613886817471,2.4898069434087358,partial_trail_stop,
1948,overheated_24h,HEMIUSDT,LONG,tp,2.0,tp,5.0,True,1786782900,0.005857035714285714,tp_branch,5,"[{""ts"":1786783200,""favorable_extreme"":0.00623,""stop"":0.0059185},{""ts"":1786783500,""favorable_extreme"":0.006286,""stop"":0.0059717},{""ts"":1786783800,""favorable_extreme"":0.006321,""stop"":0.00600495},{""ts"":1786784100,""favorable_extreme"":0.006491,""stop"":0.0061664499999999995}]",1786784400,0.0061664499999999995,3.4356781837766195,2.71783909188831,partial_trail_stop,
1948,overheated_24h,HEMIUSDT,LONG,tp,2.0,tp,6.0,True,1786782900,0.005857035714285714,tp_branch,5,"[{""ts"":1786783200,""favorable_extreme"":0.00623,""stop"":0.005857035714285714},{""ts"":1786783500,""favorable_extreme"":0.006286,""stop"":0.005908839999999999},{""ts"":1786783800,""favorable_extreme"":0.006321,""stop"":0.00594174},{""ts"":1786784100,""favorable_extreme"":0.006491,""stop"":0.00610154}]",1786784400,0.00610154,3.134496644295305,2.5672483221476528,partial_trail_stop,
1948,overheated_24h,HEMIUSDT,LONG,tp,2.0,tp,8.0,True,1786782900,0.005857035714285714,tp_branch,5,"[{""ts"":1786783200,""favorable_extreme"":0.00623,""stop"":0.005857035714285714},{""ts"":1786783500,""favorable_extreme"":0.006286,""stop"":0.005857035714285714},{""ts"":1786783800,""favorable_extreme"":0.006321,""stop"":0.005857035714285714},{""ts"":1786784100,""favorable_extreme"":0.006491,""stop"":0.005971720000000001}]",1786784400,0.005971720000000001,2.532133565332676,2.2660667826663383,partial_trail_stop,
1948,overheated_24h,HEMIUSDT,LONG,tp,2.0,tp,10.0,True,1786782900,0.005857035714285714,tp_branch,5,"[{""ts"":1786783200,""favorable_extreme"":0.00623,""stop"":0.005857035714285714},{""ts"":1786783500,""favorable_extreme"":0.006286,""stop"":0.005857035714285714},{""ts"":1786783800,""favorable_extreme"":0.006321,""stop"":0.005857035714285714},{""ts"":1786784100,""favorable_extreme"":0.006491,""stop"":0.005857035714285714}]",1786784400,0.005857035714285714,2.0,2.0,partial_tp_floor,
1954,overheated_24h,NILUSDT,LONG,sl,-1.0,sl,2.0,False,,,not_activated,0,[],,,,-1.0,baseline_sl,
1954,overheated_24h,NILUSDT,LONG,sl,-1.0,sl,3.0,False,,,not_activated,0,[],,,,-1.0,baseline_sl,
1954,overheated_24h,NILUSDT,LONG,sl,-1.0,sl,4.0,False,,,not_activated,0,[],,,,-1.0,baseline_sl,
1954,overheated_24h,NILUSDT,LONG,sl,-1.0,sl,5.0,False,,,not_activated,0,[],,,,-1.0,baseline_sl,
1954,overheated_24h,NILUSDT,LONG,sl,-1.0,sl,6.0,False,,,not_activated,0,[],,,,-1.0,baseline_sl,
1954,overheated_24h,NILUSDT,LONG,sl,-1.0,sl,8.0,False,,,not_activated,0,[],,,,-1.0,baseline_sl,
1954,overheated_24h,NILUSDT,LONG,sl,-1.0,sl,10.0,False,,,not_activated,0,[],,,,-1.0,baseline_sl,
1962,overheated_24h,FOLKSUSDT,LONG,sl,-1.0,sl,2.0,False,,,not_activated,0,[],,,,-1.0,baseline_sl,
1962,overheated_24h,FOLKSUSDT,LONG,sl,-1.0,sl,3.0,False,,,not_activated,0,[],,,,-1.0,baseline_sl,
1962,overheated_24h,FOLKSUSDT,LONG,sl,-1.0,sl,4.0,False,,,not_activated,0,[],,,,-1.0,baseline_sl,
1962,overheated_24h,FOLKSUSDT,LONG,sl,-1.0,sl,5.0,False,,,not_activated,0,[],,,,-1.0,baseline_sl,
1962,overheated_24h,FOLKSUSDT,LONG,sl,-1.0,sl,6.0,False,,,not_activated,0,[],,,,-1.0,baseline_sl,
1962,overheated_24h,FOLKSUSDT,LONG,sl,-1.0,sl,8.0,False,,,not_activated,0,[],,,,-1.0,baseline_sl,
1962,overheated_24h,FOLKSUSDT,LONG,sl,-1.0,sl,10.0,False,,,not_activated,0,[],,,,-1.0,baseline_sl,
1966,overheated_24h,COWUSDT,LONG,tp,2.0,tp,2.0,True,1786786200,0.1431357142857143,tp_branch,2,"[{""ts"":1786786500,""favorable_extreme"":0.155,""stop"":0.1519}]",1786786800,0.1519,6.238341968911896,4.119170984455948,partial_trail_stop,
1966,overheated_24h,COWUSDT,LONG,tp,2.0,tp,3.0,True,1786786200,0.1431357142857143,tp_branch,2,"[{""ts"":1786786500,""favorable_extreme"":0.155,""stop"":0.15034999999999998}]",1786786800,0.15034999999999998,5.488773747841075,3.7443868739205377,partial_trail_stop,
1966,overheated_24h,COWUSDT,LONG,tp,2.0,tp,4.0,True,1786786200,0.1431357142857143,tp_branch,3,"[{""ts"":1786786500,""favorable_extreme"":0.155,""stop"":0.1488},{""ts"":1786786800,""favorable_extreme"":0.1564,""stop"":0.150144}]",1786787100,0.150144,5.389153713298769,3.6945768566493844,partial_trail_stop,
1966,overheated_24h,COWUSDT,LONG,tp,2.0,tp,5.0,True,1786786200,0.1431357142857143,tp_branch,3,"[{""ts"":1786786500,""favorable_extreme"":0.155,""stop"":0.14725},{""ts"":1786786800,""favorable_extreme"":0.1564,""stop"":0.14858}]",1786787100,0.14858,4.632815198618283,3.3164075993091413,partial_trail_stop,
1966,overheated_24h,COWUSDT,LONG,tp,2.0,tp,6.0,True,1786786200,0.1431357142857143,tp_branch,4,"[{""ts"":1786786500,""favorable_extreme"":0.155,""stop"":0.1457},{""ts"":1786786800,""favorable_extreme"":0.1564,""stop"":0.147016},{""ts"":1786787100,""favorable_extreme"":0.1576,""stop"":0.14814399999999997}]",1786787400,0.14814399999999997,4.421968911917065,3.2109844559585325,partial_trail_stop,
1966,overheated_24h,COWUSDT,LONG,tp,2.0,tp,8.0,True,1786786200,0.1431357142857143,tp_branch,4,"[{""ts"":1786786500,""favorable_extreme"":0.155,""stop"":0.1431357142857143},{""ts"":1786786800,""favorable_extreme"":0.1564,""stop"":0.14388800000000002},{""ts"":1786787100,""favorable_extreme"":0.1576,""stop"":0.144992}]",1786787400,0.144992,2.897685664939541,2.4488428324697704,partial_trail_stop,
1966,overheated_24h,COWUSDT,LONG,tp,2.0,tp,10.0,True,1786786200,0.1431357142857143,tp_branch,6,"[{""ts"":1786786500,""favorable_extreme"":0.155,""stop"":0.1431357142857143},{""ts"":1786786800,""favorable_extreme"":0.1564,""stop"":0.1431357142857143},{""ts"":1786787100,""favorable_extreme"":0.1576,""stop"":0.1431357142857143},{""ts"":1786789200,""favorable_extreme"":0.1593,""stop"":0.14337},{""ts"":1786789500,""favorable_extreme"":0.1611,""stop"":0.14499}]",1786789800,0.14499,2.8967184801381585,2.4483592400690792,partial_trail_stop,
1967,overheated_24h,BMTUSDT,LONG,sl,-1.0,sl,2.0,False,,,not_activated,0,[],,,,-1.0,baseline_sl,
1967,overheated_24h,BMTUSDT,LONG,sl,-1.0,sl,3.0,False,,,not_activated,0,[],,,,-1.0,baseline_sl,
1967,overheated_24h,BMTUSDT,LONG,sl,-1.0,sl,4.0,False,,,not_activated,0,[],,,,-1.0,baseline_sl,
1967,overheated_24h,BMTUSDT,LONG,sl,-1.0,sl,5.0,False,,,not_activated,0,[],,,,-1.0,baseline_sl,
1967,overheated_24h,BMTUSDT,LONG,sl,-1.0,sl,6.0,False,,,not_activated,0,[],,,,-1.0,baseline_sl,
1967,overheated_24h,BMTUSDT,LONG,sl,-1.0,sl,8.0,False,,,not_activated,0,[],,,,-1.0,baseline_sl,
1967,overheated_24h,BMTUSDT,LONG,sl,-1.0,sl,10.0,False,,,not_activated,0,[],,,,-1.0,baseline_sl,
1971,overheated_24h,AEONUSDT,LONG,tp,2.0,tp,2.0,True,1786810500,0.08705785714285713,tp_branch,1,[],1786810800,0.08705785714285713,2.0,2.0,partial_tp_floor,
1971,overheated_24h,AEONUSDT,LONG,tp,2.0,tp,3.0,True,1786810500,0.08705785714285713,tp_branch,1,[],1786810800,0.08705785714285713,2.0,2.0,partial_tp_floor,
1971,overheated_24h,AEONUSDT,LONG,tp,2.0,tp,4.0,True,1786810500,0.08705785714285713,tp_branch,1,[],1786810800,0.08705785714285713,2.0,2.0,partial_tp_floor,
1971,overheated_24h,AEONUSDT,LONG,tp,2.0,tp,5.0,True,1786810500,0.08705785714285713,tp_branch,1,[],1786810800,0.08705785714285713,2.0,2.0,partial_tp_floor,
1971,overheated_24h,AEONUSDT,LONG,tp,2.0,tp,6.0,True,1786810500,0.08705785714285713,tp_branch,1,[],1786810800,0.08705785714285713,2.0,2.0,partial_tp_floor,
1971,overheated_24h,AEONUSDT,LONG,tp,2.0,tp,8.0,True,1786810500,0.08705785714285713,tp_branch,1,[],1786810800,0.08705785714285713,2.0,2.0,partial_tp_floor,
1971,overheated_24h,AEONUSDT,LONG,tp,2.0,tp,10.0,True,1786810500,0.08705785714285713,tp_branch,1,[],1786810800,0.08705785714285713,2.0,2.0,partial_tp_floor,
1973,overheated_24h,XNYUSDT,LONG,tp,2.0,tp,2.0,True,1786846800,0.008918714285714285,tp_branch,1,[],1786847100,0.008918714285714285,2.0,2.0,partial_tp_floor,
1973,overheated_24h,XNYUSDT,LONG,tp,2.0,tp,3.0,True,1786846800,0.008918714285714285,tp_branch,1,[],1786847100,0.008918714285714285,2.0,2.0,partial_tp_floor,
1973,overheated_24h,XNYUSDT,LONG,tp,2.0,tp,4.0,True,1786846800,0.008918714285714285,tp_branch,1,[],1786847100,0.008918714285714285,2.0,2.0,partial_tp_floor,
1973,overheated_24h,XNYUSDT,LONG,tp,2.0,tp,5.0,True,1786846800,0.008918714285714285,tp_branch,1,[],1786847100,0.008918714285714285,2.0,2.0,partial_tp_floor,
1973,overheated_24h,XNYUSDT,LONG,tp,2.0,tp,6.0,True,1786846800,0.008918714285714285,tp_branch,1,[],1786847100,0.008918714285714285,2.0,2.0,partial_tp_floor,
1973,overheated_24h,XNYUSDT,LONG,tp,2.0,tp,8.0,True,1786846800,0.008918714285714285,tp_branch,1,[],1786847100,0.008918714285714285,2.0,2.0,partial_tp_floor,
1973,overheated_24h,XNYUSDT,LONG,tp,2.0,tp,10.0,True,1786846800,0.008918714285714285,tp_branch,1,[],1786847100,0.008918714285714285,2.0,2.0,partial_tp_floor,
1974,overheated_24h,WALUSDT,LONG,sl,-1.0,sl,2.0,False,,,not_activated,0,[],,,,-1.0,baseline_sl,
1974,overheated_24h,WALUSDT,LONG,sl,-1.0,sl,3.0,False,,,not_activated,0,[],,,,-1.0,baseline_sl,
1974,overheated_24h,WALUSDT,LONG,sl,-1.0,sl,4.0,False,,,not_activated,0,[],,,,-1.0,baseline_sl,
1974,overheated_24h,WALUSDT,LONG,sl,-1.0,sl,5.0,False,,,not_activated,0,[],,,,-1.0,baseline_sl,
1974,overheated_24h,WALUSDT,LONG,sl,-1.0,sl,6.0,False,,,not_activated,0,[],,,,-1.0,baseline_sl,
1974,overheated_24h,WALUSDT,LONG,sl,-1.0,sl,8.0,False,,,not_activated,0,[],,,,-1.0,baseline_sl,
1974,overheated_24h,WALUSDT,LONG,sl,-1.0,sl,10.0,False,,,not_activated,0,[],,,,-1.0,baseline_sl,
1976,overheated_24h,COWUSDT,LONG,sl,-1.0,sl,2.0,False,,,not_activated,0,[],,,,-1.0,baseline_sl,
1976,overheated_24h,COWUSDT,LONG,sl,-1.0,sl,3.0,False,,,not_activated,0,[],,,,-1.0,baseline_sl,
1976,overheated_24h,COWUSDT,LONG,sl,-1.0,sl,4.0,False,,,not_activated,0,[],,,,-1.0,baseline_sl,
1976,overheated_24h,COWUSDT,LONG,sl,-1.0,sl,5.0,False,,,not_activated,0,[],,,,-1.0,baseline_sl,
1976,overheated_24h,COWUSDT,LONG,sl,-1.0,sl,6.0,False,,,not_activated,0,[],,,,-1.0,baseline_sl,
1976,overheated_24h,COWUSDT,LONG,sl,-1.0,sl,8.0,False,,,not_activated,0,[],,,,-1.0,baseline_sl,
1976,overheated_24h,COWUSDT,LONG,sl,-1.0,sl,10.0,False,,,not_activated,0,[],,,,-1.0,baseline_sl,
1997,overheated_24h,BOMEUSDT,LONG,sl,-1.0,sl,2.0,False,,,not_activated,0,[],,,,-1.0,baseline_sl,
1997,overheated_24h,BOMEUSDT,LONG,sl,-1.0,sl,3.0,False,,,not_activated,0,[],,,,-1.0,baseline_sl,
1997,overheated_24h,BOMEUSDT,LONG,sl,-1.0,sl,4.0,False,,,not_activated,0,[],,,,-1.0,baseline_sl,
1997,overheated_24h,BOMEUSDT,LONG,sl,-1.0,sl,5.0,False,,,not_activated,0,[],,,,-1.0,baseline_sl,
1997,overheated_24h,BOMEUSDT,LONG,sl,-1.0,sl,6.0,False,,,not_activated,0,[],,,,-1.0,baseline_sl,
1997,overheated_24h,BOMEUSDT,LONG,sl,-1.0,sl,8.0,False,,,not_activated,0,[],,,,-1.0,baseline_sl,
1997,overheated_24h,BOMEUSDT,LONG,sl,-1.0,sl,10.0,False,,,not_activated,0,[],,,,-1.0,baseline_sl,
2008,overheated_24h,ENSOUSDT,LONG,sl,-1.0,sl,2.0,False,,,not_activated,0,[],,,,-1.0,baseline_sl,
2008,overheated_24h,ENSOUSDT,LONG,sl,-1.0,sl,3.0,False,,,not_activated,0,[],,,,-1.0,baseline_sl,
2008,overheated_24h,ENSOUSDT,LONG,sl,-1.0,sl,4.0,False,,,not_activated,0,[],,,,-1.0,baseline_sl,
2008,overheated_24h,ENSOUSDT,LONG,sl,-1.0,sl,5.0,False,,,not_activated,0,[],,,,-1.0,baseline_sl,
2008,overheated_24h,ENSOUSDT,LONG,sl,-1.0,sl,6.0,False,,,not_activated,0,[],,,,-1.0,baseline_sl,
2008,overheated_24h,ENSOUSDT,LONG,sl,-1.0,sl,8.0,False,,,not_activated,0,[],,,,-1.0,baseline_sl,
2008,overheated_24h,ENSOUSDT,LONG,sl,-1.0,sl,10.0,False,,,not_activated,0,[],,,,-1.0,baseline_sl,
2009,overheated_24h,HEMIUSDT,LONG,tp,2.0,tp,2.0,True,1786816800,0.007217857142857143,tp_branch,1,[],1786817100,0.007217857142857143,2.0,2.0,partial_tp_floor,
2009,overheated_24h,HEMIUSDT,LONG,tp,2.0,tp,3.0,True,1786816800,0.007217857142857143,tp_branch,1,[],1786817100,0.007217857142857143,2.0,2.0,partial_tp_floor,
2009,overheated_24h,HEMIUSDT,LONG,tp,2.0,tp,4.0,True,1786816800,0.007217857142857143,tp_branch,1,[],1786817100,0.007217857142857143,2.0,2.0,partial_tp_floor,
2009,overheated_24h,HEMIUSDT,LONG,tp,2.0,tp,5.0,True,1786816800,0.007217857142857143,tp_branch,1,[],1786817100,0.007217857142857143,2.0,2.0,partial_tp_floor,
2009,overheated_24h,HEMIUSDT,LONG,tp,2.0,tp,6.0,True,1786816800,0.007217857142857143,tp_branch,1,[],1786817100,0.007217857142857143,2.0,2.0,partial_tp_floor,
2009,overheated_24h,HEMIUSDT,LONG,tp,2.0,tp,8.0,True,1786816800,0.007217857142857143,tp_branch,1,[],1786817100,0.007217857142857143,2.0,2.0,partial_tp_floor,
2009,overheated_24h,HEMIUSDT,LONG,tp,2.0,tp,10.0,True,1786816800,0.007217857142857143,tp_branch,1,[],1786817100,0.007217857142857143,2.0,2.0,partial_tp_floor,
2017,overheated_24h,HUSDT,LONG,sl,-1.0,sl,2.0,False,,,not_activated,0,[],,,,-1.0,baseline_sl,
2017,overheated_24h,HUSDT,LONG,sl,-1.0,sl,3.0,False,,,not_activated,0,[],,,,-1.0,baseline_sl,
2017,overheated_24h,HUSDT,LONG,sl,-1.0,sl,4.0,False,,,not_activated,0,[],,,,-1.0,baseline_sl,
2017,overheated_24h,HUSDT,LONG,sl,-1.0,sl,5.0,False,,,not_activated,0,[],,,,-1.0,baseline_sl,
2017,overheated_24h,HUSDT,LONG,sl,-1.0,sl,6.0,False,,,not_activated,0,[],,,,-1.0,baseline_sl,
2017,overheated_24h,HUSDT,LONG,sl,-1.0,sl,8.0,False,,,not_activated,0,[],,,,-1.0,baseline_sl,
2017,overheated_24h,HUSDT,LONG,sl,-1.0,sl,10.0,False,,,not_activated,0,[],,,,-1.0,baseline_sl,
2019,overheated_24h,BULLAUSDT,LONG,sl,-1.0,sl,2.0,False,,,not_activated,0,[],,,,-1.0,baseline_sl,
2019,overheated_24h,BULLAUSDT,LONG,sl,-1.0,sl,3.0,False,,,not_activated,0,[],,,,-1.0,baseline_sl,
2019,overheated_24h,BULLAUSDT,LONG,sl,-1.0,sl,4.0,False,,,not_activated,0,[],,,,-1.0,baseline_sl,
2019,overheated_24h,BULLAUSDT,LONG,sl,-1.0,sl,5.0,False,,,not_activated,0,[],,,,-1.0,baseline_sl,
2019,overheated_24h,BULLAUSDT,LONG,sl,-1.0,sl,6.0,False,,,not_activated,0,[],,,,-1.0,baseline_sl,
2019,overheated_24h,BULLAUSDT,LONG,sl,-1.0,sl,8.0,False,,,not_activated,0,[],,,,-1.0,baseline_sl,
2019,overheated_24h,BULLAUSDT,LONG,sl,-1.0,sl,10.0,False,,,not_activated,0,[],,,,-1.0,baseline_sl,
2022,overheated_24h,HEMIUSDT,LONG,sl,-1.0,sl,2.0,False,,,not_activated,0,[],,,,-1.0,baseline_sl,
2022,overheated_24h,HEMIUSDT,LONG,sl,-1.0,sl,3.0,False,,,not_activated,0,[],,,,-1.0,baseline_sl,
2022,overheated_24h,HEMIUSDT,LONG,sl,-1.0,sl,4.0,False,,,not_activated,0,[],,,,-1.0,baseline_sl,
2022,overheated_24h,HEMIUSDT,LONG,sl,-1.0,sl,5.0,False,,,not_activated,0,[],,,,-1.0,baseline_sl,
2022,overheated_24h,HEMIUSDT,LONG,sl,-1.0,sl,6.0,False,,,not_activated,0,[],,,,-1.0,baseline_sl,
2022,overheated_24h,HEMIUSDT,LONG,sl,-1.0,sl,8.0,False,,,not_activated,0,[],,,,-1.0,baseline_sl,
2022,overheated_24h,HEMIUSDT,LONG,sl,-1.0,sl,10.0,False,,,not_activated,0,[],,,,-1.0,baseline_sl,
2025,overheated_24h,CHIPUSDT,LONG,tp,1.9999999999999976,tp,2.0,True,1786878000,0.03016357142857143,tp_branch,6,"[{""ts"":1786878300,""favorable_extreme"":0.03054,""stop"":0.03016357142857143},{""ts"":1786878600,""favorable_extreme"":0.03079,""stop"":0.0301742},{""ts"":1786878900,""favorable_extreme"":0.03093,""stop"":0.0303114},{""ts"":1786879200,""favorable_extreme"":0.03147,""stop"":0.030840599999999996},{""ts"":1786879800,""favorable_extreme"":0.03171,""stop"":0.0310758}]",1786880100,0.0310758,2.662578469520101,2.331289234760049,partial_trail_stop,
2025,overheated_24h,CHIPUSDT,LONG,tp,1.9999999999999976,tp,3.0,True,1786878000,0.03016357142857143,tp_branch,6,"[{""ts"":1786878300,""favorable_extreme"":0.03054,""stop"":0.03016357142857143},{""ts"":1786878600,""favorable_extreme"":0.03079,""stop"":0.03016357142857143},{""ts"":1786878900,""favorable_extreme"":0.03093,""stop"":0.03016357142857143},{""ts"":1786879200,""favorable_extreme"":0.03147,""stop"":0.030525899999999998},{""ts"":1786879800,""favorable_extreme"":0.03171,""stop"":0.0307587}]",1786880100,0.0307587,2.4322594033722407,2.216129701686119,partial_trail_stop,
2025,overheated_24h,CHIPUSDT,LONG,tp,1.9999999999999976,tp,4.0,True,1786878000,0.03016357142857143,tp_branch,6,"[{""ts"":1786878300,""favorable_extreme"":0.03054,""stop"":0.03016357142857143},{""ts"":1786878600,""favorable_extreme"":0.03079,""stop"":0.03016357142857143},{""ts"":1786878900,""favorable_extreme"":0.03093,""stop"":0.03016357142857143},{""ts"":1786879200,""favorable_extreme"":0.03147,""stop"":0.030211199999999997},{""ts"":1786879800,""favorable_extreme"":0.03171,""stop"":0.0304416}]",1786880100,0.0304416,2.201940337224381,2.1009701686121893,partial_trail_stop,
2025,overheated_24h,CHIPUSDT,LONG,tp,1.9999999999999976,tp,5.0,True,1786878000,0.03016357142857143,tp_branch,6,"[{""ts"":1786878300,""favorable_extreme"":0.03054,""stop"":0.03016357142857143},{""ts"":1786878600,""favorable_extreme"":0.03079,""stop"":0.03016357142857143},{""ts"":1786878900,""favorable_extreme"":0.03093,""stop"":0.03016357142857143},{""ts"":1786879200,""favorable_extreme"":0.03147,""stop"":0.03016357142857143},{""ts"":1786879800,""favorable_extreme"":0.03171,""stop"":0.03016357142857143}]",1786880100,0.03016357142857143,1.9999999999999976,1.9999999999999976,partial_tp_floor,
2025,overheated_24h,CHIPUSDT,LONG,tp,1.9999999999999976,tp,6.0,True,1786878000,0.03016357142857143,tp_branch,6,"[{""ts"":1786878300,""favorable_extreme"":0.03054,""stop"":0.03016357142857143},{""ts"":1786878600,""favorable_extreme"":0.03079,""stop"":0.03016357142857143},{""ts"":1786878900,""favorable_extreme"":0.03093,""stop"":0.03016357142857143},{""ts"":1786879200,""favorable_extreme"":0.03147,""stop"":0.03016357142857143},{""ts"":1786879800,""favorable_extreme"":0.03171,""stop"":0.03016357142857143}]",1786880100,0.03016357142857143,1.9999999999999976,1.9999999999999976,partial_tp_floor,
2025,overheated_24h,CHIPUSDT,LONG,tp,1.9999999999999976,tp,8.0,True,1786878000,0.03016357142857143,tp_branch,6,"[{""ts"":1786878300,""favorable_extreme"":0.03054,""stop"":0.03016357142857143},{""ts"":1786878600,""favorable_extreme"":0.03079,""stop"":0.03016357142857143},{""ts"":1786878900,""favorable_extreme"":0.03093,""stop"":0.03016357142857143},{""ts"":1786879200,""favorable_extreme"":0.03147,""stop"":0.03016357142857143},{""ts"":1786879800,""favorable_extreme"":0.03171,""stop"":0.03016357142857143}]",1786880100,0.03016357142857143,1.9999999999999976,1.9999999999999976,partial_tp_floor,
2025,overheated_24h,CHIPUSDT,LONG,tp,1.9999999999999976,tp,10.0,True,1786878000,0.03016357142857143,tp_branch,6,"[{""ts"":1786878300,""favorable_extreme"":0.03054,""stop"":0.03016357142857143},{""ts"":1786878600,""favorable_extreme"":0.03079,""stop"":0.03016357142857143},{""ts"":1786878900,""favorable_extreme"":0.03093,""stop"":0.03016357142857143},{""ts"":1786879200,""favorable_extreme"":0.03147,""stop"":0.03016357142857143},{""ts"":1786879800,""favorable_extreme"":0.03171,""stop"":0.03016357142857143}]",1786880100,0.03016357142857143,1.9999999999999976,1.9999999999999976,partial_tp_floor,
2047,overheated_24h,ONGUSDT,LONG,sl,-1.0,sl,2.0,False,,,not_activated,0,[],,,,-1.0,baseline_sl,
2047,overheated_24h,ONGUSDT,LONG,sl,-1.0,sl,3.0,False,,,not_activated,0,[],,,,-1.0,baseline_sl,
2047,overheated_24h,ONGUSDT,LONG,sl,-1.0,sl,4.0,False,,,not_activated,0,[],,,,-1.0,baseline_sl,
2047,overheated_24h,ONGUSDT,LONG,sl,-1.0,sl,5.0,False,,,not_activated,0,[],,,,-1.0,baseline_sl,
2047,overheated_24h,ONGUSDT,LONG,sl,-1.0,sl,6.0,False,,,not_activated,0,[],,,,-1.0,baseline_sl,
2047,overheated_24h,ONGUSDT,LONG,sl,-1.0,sl,8.0,False,,,not_activated,0,[],,,,-1.0,baseline_sl,
2047,overheated_24h,ONGUSDT,LONG,sl,-1.0,sl,10.0,False,,,not_activated,0,[],,,,-1.0,baseline_sl,
2103,overheated_24h,BASEDUSDT,LONG,sl,-1.0,sl,2.0,False,,,not_activated,0,[],,,,-1.0,baseline_sl,
2103,overheated_24h,BASEDUSDT,LONG,sl,-1.0,sl,3.0,False,,,not_activated,0,[],,,,-1.0,baseline_sl,
2103,overheated_24h,BASEDUSDT,LONG,sl,-1.0,sl,4.0,False,,,not_activated,0,[],,,,-1.0,baseline_sl,
2103,overheated_24h,BASEDUSDT,LONG,sl,-1.0,sl,5.0,False,,,not_activated,0,[],,,,-1.0,baseline_sl,
2103,overheated_24h,BASEDUSDT,LONG,sl,-1.0,sl,6.0,False,,,not_activated,0,[],,,,-1.0,baseline_sl,
2103,overheated_24h,BASEDUSDT,LONG,sl,-1.0,sl,8.0,False,,,not_activated,0,[],,,,-1.0,baseline_sl,
2103,overheated_24h,BASEDUSDT,LONG,sl,-1.0,sl,10.0,False,,,not_activated,0,[],,,,-1.0,baseline_sl,
2123,overheated_24h,PIXELUSDT,LONG,sl,-1.0,sl,2.0,False,,,not_activated,0,[],,,,-1.0,baseline_sl,
2123,overheated_24h,PIXELUSDT,LONG,sl,-1.0,sl,3.0,False,,,not_activated,0,[],,,,-1.0,baseline_sl,
2123,overheated_24h,PIXELUSDT,LONG,sl,-1.0,sl,4.0,False,,,not_activated,0,[],,,,-1.0,baseline_sl,
2123,overheated_24h,PIXELUSDT,LONG,sl,-1.0,sl,5.0,False,,,not_activated,0,[],,,,-1.0,baseline_sl,
2123,overheated_24h,PIXELUSDT,LONG,sl,-1.0,sl,6.0,False,,,not_activated,0,[],,,,-1.0,baseline_sl,
2123,overheated_24h,PIXELUSDT,LONG,sl,-1.0,sl,8.0,False,,,not_activated,0,[],,,,-1.0,baseline_sl,
2123,overheated_24h,PIXELUSDT,LONG,sl,-1.0,sl,10.0,False,,,not_activated,0,[],,,,-1.0,baseline_sl,
2126,overheated_24h,DOLOUSDT,LONG,sl,-1.0,sl,2.0,False,,,not_activated,0,[],,,,-1.0,baseline_sl,
2126,overheated_24h,DOLOUSDT,LONG,sl,-1.0,sl,3.0,False,,,not_activated,0,[],,,,-1.0,baseline_sl,
2126,overheated_24h,DOLOUSDT,LONG,sl,-1.0,sl,4.0,False,,,not_activated,0,[],,,,-1.0,baseline_sl,
2126,overheated_24h,DOLOUSDT,LONG,sl,-1.0,sl,5.0,False,,,not_activated,0,[],,,,-1.0,baseline_sl,
2126,overheated_24h,DOLOUSDT,LONG,sl,-1.0,sl,6.0,False,,,not_activated,0,[],,,,-1.0,baseline_sl,
2126,overheated_24h,DOLOUSDT,LONG,sl,-1.0,sl,8.0,False,,,not_activated,0,[],,,,-1.0,baseline_sl,
2126,overheated_24h,DOLOUSDT,LONG,sl,-1.0,sl,10.0,False,,,not_activated,0,[],,,,-1.0,baseline_sl,
2139,overheated_24h,QUSDT,LONG,sl,-1.0,sl,2.0,False,,,not_activated,0,[],,,,-1.0,baseline_sl,
2139,overheated_24h,QUSDT,LONG,sl,-1.0,sl,3.0,False,,,not_activated,0,[],,,,-1.0,baseline_sl,
2139,overheated_24h,QUSDT,LONG,sl,-1.0,sl,4.0,False,,,not_activated,0,[],,,,-1.0,baseline_sl,
2139,overheated_24h,QUSDT,LONG,sl,-1.0,sl,5.0,False,,,not_activated,0,[],,,,-1.0,baseline_sl,
2139,overheated_24h,QUSDT,LONG,sl,-1.0,sl,6.0,False,,,not_activated,0,[],,,,-1.0,baseline_sl,
2139,overheated_24h,QUSDT,LONG,sl,-1.0,sl,8.0,False,,,not_activated,0,[],,,,-1.0,baseline_sl,
2139,overheated_24h,QUSDT,LONG,sl,-1.0,sl,10.0,False,,,not_activated,0,[],,,,-1.0,baseline_sl,
2157,overheated_24h,CHIPUSDT,LONG,sl,-1.0,sl,2.0,False,,,not_activated,0,[],,,,-1.0,baseline_sl,
2157,overheated_24h,CHIPUSDT,LONG,sl,-1.0,sl,3.0,False,,,not_activated,0,[],,,,-1.0,baseline_sl,
2157,overheated_24h,CHIPUSDT,LONG,sl,-1.0,sl,4.0,False,,,not_activated,0,[],,,,-1.0,baseline_sl,
2157,overheated_24h,CHIPUSDT,LONG,sl,-1.0,sl,5.0,False,,,not_activated,0,[],,,,-1.0,baseline_sl,
2157,overheated_24h,CHIPUSDT,LONG,sl,-1.0,sl,6.0,False,,,not_activated,0,[],,,,-1.0,baseline_sl,
2157,overheated_24h,CHIPUSDT,LONG,sl,-1.0,sl,8.0,False,,,not_activated,0,[],,,,-1.0,baseline_sl,
2157,overheated_24h,CHIPUSDT,LONG,sl,-1.0,sl,10.0,False,,,not_activated,0,[],,,,-1.0,baseline_sl,
2160,overheated_24h,SKYAIUSDT,LONG,sl,-1.0,sl,2.0,False,,,not_activated,0,[],,,,-1.0,baseline_sl,
2160,overheated_24h,SKYAIUSDT,LONG,sl,-1.0,sl,3.0,False,,,not_activated,0,[],,,,-1.0,baseline_sl,
2160,overheated_24h,SKYAIUSDT,LONG,sl,-1.0,sl,4.0,False,,,not_activated,0,[],,,,-1.0,baseline_sl,
2160,overheated_24h,SKYAIUSDT,LONG,sl,-1.0,sl,5.0,False,,,not_activated,0,[],,,,-1.0,baseline_sl,
2160,overheated_24h,SKYAIUSDT,LONG,sl,-1.0,sl,6.0,False,,,not_activated,0,[],,,,-1.0,baseline_sl,
2160,overheated_24h,SKYAIUSDT,LONG,sl,-1.0,sl,8.0,False,,,not_activated,0,[],,,,-1.0,baseline_sl,
2160,overheated_24h,SKYAIUSDT,LONG,sl,-1.0,sl,10.0,False,,,not_activated,0,[],,,,-1.0,baseline_sl,
2161,overheated_24h,PRLUSDT,LONG,tp,2.0,tp,2.0,True,1787030100,0.4472732142857143,tp_branch,7,"[{""ts"":1787030400,""favorable_extreme"":0.45657,""stop"":0.44743859999999996},{""ts"":1787030700,""favorable_extreme"":0.45691,""stop"":0.4477718},{""ts"":1787031000,""favorable_extreme"":0.45981,""stop"":0.4506138},{""ts"":1787031300,""favorable_extreme"":0.46,""stop"":0.45080000000000003},{""ts"":1787031600,""favorable_extreme"":0.46529,""stop"":0.45598419999999995},{""ts"":1787031900,""favorable_extreme"":0.46552,""stop"":0.4562096}]",1787032200,0.4562096,2.30644352591776,2.15322176295888,partial_trail_stop,
2161,overheated_24h,PRLUSDT,LONG,tp,2.0,tp,3.0,True,1787030100,0.4472732142857143,tp_branch,7,"[{""ts"":1787030400,""favorable_extreme"":0.45657,""stop"":0.4472732142857143},{""ts"":1787030700,""favorable_extreme"":0.45691,""stop"":0.4472732142857143},{""ts"":1787031000,""favorable_extreme"":0.45981,""stop"":0.4472732142857143},{""ts"":1787031300,""favorable_extreme"":0.46,""stop"":0.4472732142857143},{""ts"":1787031600,""favorable_extreme"":0.46529,""stop"":0.4513313},{""ts"":1787031900,""favorable_extreme"":0.46552,""stop"":0.45155439999999997}]",1787032500,0.45155439999999997,2.1468089770674483,2.073404488533724,partial_trail_stop,
2161,overheated_24h,PRLUSDT,LONG,tp,2.0,tp,4.0,True,1787030100,0.4472732142857143,tp_branch,7,"[{""ts"":1787030400,""favorable_extreme"":0.45657,""stop"":0.4472732142857143},{""ts"":1787030700,""favorable_extreme"":0.45691,""stop"":0.4472732142857143},{""ts"":1787031000,""favorable_extreme"":0.45981,""stop"":0.4472732142857143},{""ts"":1787031300,""favorable_extreme"":0.46,""stop"":0.4472732142857143},{""ts"":1787031600,""favorable_extreme"":0.46529,""stop"":0.4472732142857143},{""ts"":1787031900,""favorable_extreme"":0.46552,""stop"":0.4472732142857143}]",1787032500,0.4472732142857143,2.0,2.0,partial_tp_floor,
2161,overheated_24h,PRLUSDT,LONG,tp,2.0,tp,5.0,True,1787030100,0.4472732142857143,tp_branch,7,"[{""ts"":1787030400,""favorable_extreme"":0.45657,""stop"":0.4472732142857143},{""ts"":1787030700,""favorable_extreme"":0.45691,""stop"":0.4472732142857143},{""ts"":1787031000,""favorable_extreme"":0.45981,""stop"":0.4472732142857143},{""ts"":1787031300,""favorable_extreme"":0.46,""stop"":0.4472732142857143},{""ts"":1787031600,""favorable_extreme"":0.46529,""stop"":0.4472732142857143},{""ts"":1787031900,""favorable_extreme"":0.46552,""stop"":0.4472732142857143}]",1787032500,0.4472732142857143,2.0,2.0,partial_tp_floor,
2161,overheated_24h,PRLUSDT,LONG,tp,2.0,tp,6.0,True,1787030100,0.4472732142857143,tp_branch,7,"[{""ts"":1787030400,""favorable_extreme"":0.45657,""stop"":0.4472732142857143},{""ts"":1787030700,""favorable_extreme"":0.45691,""stop"":0.4472732142857143},{""ts"":1787031000,""favorable_extreme"":0.45981,""stop"":0.4472732142857143},{""ts"":1787031300,""favorable_extreme"":0.46,""stop"":0.4472732142857143},{""ts"":1787031600,""favorable_extreme"":0.46529,""stop"":0.4472732142857143},{""ts"":1787031900,""favorable_extreme"":0.46552,""stop"":0.4472732142857143}]",1787032500,0.4472732142857143,2.0,2.0,partial_tp_floor,
2161,overheated_24h,PRLUSDT,LONG,tp,2.0,tp,8.0,True,1787030100,0.4472732142857143,tp_branch,7,"[{""ts"":1787030400,""favorable_extreme"":0.45657,""stop"":0.4472732142857143},{""ts"":1787030700,""favorable_extreme"":0.45691,""stop"":0.4472732142857143},{""ts"":1787031000,""favorable_extreme"":0.45981,""stop"":0.4472732142857143},{""ts"":1787031300,""favorable_extreme"":0.46,""stop"":0.4472732142857143},{""ts"":1787031600,""favorable_extreme"":0.46529,""stop"":0.4472732142857143},{""ts"":1787031900,""favorable_extreme"":0.46552,""stop"":0.4472732142857143}]",1787032500,0.4472732142857143,2.0,2.0,partial_tp_floor,
2161,overheated_24h,PRLUSDT,LONG,tp,2.0,tp,10.0,True,1787030100,0.4472732142857143,tp_branch,7,"[{""ts"":1787030400,""favorable_extreme"":0.45657,""stop"":0.4472732142857143},{""ts"":1787030700,""favorable_extreme"":0.45691,""stop"":0.4472732142857143},{""ts"":1787031000,""favorable_extreme"":0.45981,""stop"":0.4472732142857143},{""ts"":1787031300,""favorable_extreme"":0.46,""stop"":0.4472732142857143},{""ts"":1787031600,""favorable_extreme"":0.46529,""stop"":0.4472732142857143},{""ts"":1787031900,""favorable_extreme"":0.46552,""stop"":0.4472732142857143}]",1787032500,0.4472732142857143,2.0,2.0,partial_tp_floor,
2183,overheated_24h,GIGGLEUSDT,LONG,sl,-1.0,sl,2.0,False,,,not_activated,0,[],,,,-1.0,baseline_sl,
2183,overheated_24h,GIGGLEUSDT,LONG,sl,-1.0,sl,3.0,False,,,not_activated,0,[],,,,-1.0,baseline_sl,
2183,overheated_24h,GIGGLEUSDT,LONG,sl,-1.0,sl,4.0,False,,,not_activated,0,[],,,,-1.0,baseline_sl,
2183,overheated_24h,GIGGLEUSDT,LONG,sl,-1.0,sl,5.0,False,,,not_activated,0,[],,,,-1.0,baseline_sl,
2183,overheated_24h,GIGGLEUSDT,LONG,sl,-1.0,sl,6.0,False,,,not_activated,0,[],,,,-1.0,baseline_sl,
2183,overheated_24h,GIGGLEUSDT,LONG,sl,-1.0,sl,8.0,False,,,not_activated,0,[],,,,-1.0,baseline_sl,
2183,overheated_24h,GIGGLEUSDT,LONG,sl,-1.0,sl,10.0,False,,,not_activated,0,[],,,,-1.0,baseline_sl,
2185,overheated_24h,BICOUSDT,LONG,sl,-1.0,sl,2.0,False,,,not_activated,0,[],,,,-1.0,baseline_sl,
2185,overheated_24h,BICOUSDT,LONG,sl,-1.0,sl,3.0,False,,,not_activated,0,[],,,,-1.0,baseline_sl,
2185,overheated_24h,BICOUSDT,LONG,sl,-1.0,sl,4.0,False,,,not_activated,0,[],,,,-1.0,baseline_sl,
2185,overheated_24h,BICOUSDT,LONG,sl,-1.0,sl,5.0,False,,,not_activated,0,[],,,,-1.0,baseline_sl,
2185,overheated_24h,BICOUSDT,LONG,sl,-1.0,sl,6.0,False,,,not_activated,0,[],,,,-1.0,baseline_sl,
2185,overheated_24h,BICOUSDT,LONG,sl,-1.0,sl,8.0,False,,,not_activated,0,[],,,,-1.0,baseline_sl,
2185,overheated_24h,BICOUSDT,LONG,sl,-1.0,sl,10.0,False,,,not_activated,0,[],,,,-1.0,baseline_sl,
2191,overheated_24h,BTWUSDT,LONG,tp,2.0,tp,2.0,True,1786929300,0.4223009642857143,tp_branch,1,[],1786929600,0.4223009642857143,2.0,2.0,partial_tp_floor,
2191,overheated_24h,BTWUSDT,LONG,tp,2.0,tp,3.0,True,1786929300,0.4223009642857143,tp_branch,1,[],1786929600,0.4223009642857143,2.0,2.0,partial_tp_floor,
2191,overheated_24h,BTWUSDT,LONG,tp,2.0,tp,4.0,True,1786929300,0.4223009642857143,tp_branch,1,[],1786929600,0.4223009642857143,2.0,2.0,partial_tp_floor,
2191,overheated_24h,BTWUSDT,LONG,tp,2.0,tp,5.0,True,1786929300,0.4223009642857143,tp_branch,1,[],1786929600,0.4223009642857143,2.0,2.0,partial_tp_floor,
2191,overheated_24h,BTWUSDT,LONG,tp,2.0,tp,6.0,True,1786929300,0.4223009642857143,tp_branch,1,[],1786929600,0.4223009642857143,2.0,2.0,partial_tp_floor,
2191,overheated_24h,BTWUSDT,LONG,tp,2.0,tp,8.0,True,1786929300,0.4223009642857143,tp_branch,1,[],1786929600,0.4223009642857143,2.0,2.0,partial_tp_floor,
2191,overheated_24h,BTWUSDT,LONG,tp,2.0,tp,10.0,True,1786929300,0.4223009642857143,tp_branch,1,[],1786929600,0.4223009642857143,2.0,2.0,partial_tp_floor,
2212,overheated_24h,ZEREBROUSDT,LONG,sl,-1.0,sl,2.0,False,,,not_activated,0,[],,,,-1.0,baseline_sl,
2212,overheated_24h,ZEREBROUSDT,LONG,sl,-1.0,sl,3.0,False,,,not_activated,0,[],,,,-1.0,baseline_sl,
2212,overheated_24h,ZEREBROUSDT,LONG,sl,-1.0,sl,4.0,False,,,not_activated,0,[],,,,-1.0,baseline_sl,
2212,overheated_24h,ZEREBROUSDT,LONG,sl,-1.0,sl,5.0,False,,,not_activated,0,[],,,,-1.0,baseline_sl,
2212,overheated_24h,ZEREBROUSDT,LONG,sl,-1.0,sl,6.0,False,,,not_activated,0,[],,,,-1.0,baseline_sl,
2212,overheated_24h,ZEREBROUSDT,LONG,sl,-1.0,sl,8.0,False,,,not_activated,0,[],,,,-1.0,baseline_sl,
2212,overheated_24h,ZEREBROUSDT,LONG,sl,-1.0,sl,10.0,False,,,not_activated,0,[],,,,-1.0,baseline_sl,
2216,overheated_24h,GPSUSDT,LONG,tp,2.0,tp,2.0,True,1786966500,0.01729057142857143,tp_branch,1,[],1786966800,0.01729057142857143,2.0,2.0,partial_tp_floor,
2216,overheated_24h,GPSUSDT,LONG,tp,2.0,tp,3.0,True,1786966500,0.01729057142857143,tp_branch,1,[],1786966800,0.01729057142857143,2.0,2.0,partial_tp_floor,
2216,overheated_24h,GPSUSDT,LONG,tp,2.0,tp,4.0,True,1786966500,0.01729057142857143,tp_branch,1,[],1786966800,0.01729057142857143,2.0,2.0,partial_tp_floor,
2216,overheated_24h,GPSUSDT,LONG,tp,2.0,tp,5.0,True,1786966500,0.01729057142857143,tp_branch,1,[],1786966800,0.01729057142857143,2.0,2.0,partial_tp_floor,
2216,overheated_24h,GPSUSDT,LONG,tp,2.0,tp,6.0,True,1786966500,0.01729057142857143,tp_branch,1,[],1786966800,0.01729057142857143,2.0,2.0,partial_tp_floor,
2216,overheated_24h,GPSUSDT,LONG,tp,2.0,tp,8.0,True,1786966500,0.01729057142857143,tp_branch,1,[],1786966800,0.01729057142857143,2.0,2.0,partial_tp_floor,
2216,overheated_24h,GPSUSDT,LONG,tp,2.0,tp,10.0,True,1786966500,0.01729057142857143,tp_branch,1,[],1786966800,0.01729057142857143,2.0,2.0,partial_tp_floor,
2218,overheated_24h,NESUSDT,LONG,sl,-1.0,sl,2.0,False,,,not_activated,0,[],,,,-1.0,baseline_sl,
2218,overheated_24h,NESUSDT,LONG,sl,-1.0,sl,3.0,False,,,not_activated,0,[],,,,-1.0,baseline_sl,
2218,overheated_24h,NESUSDT,LONG,sl,-1.0,sl,4.0,False,,,not_activated,0,[],,,,-1.0,baseline_sl,
2218,overheated_24h,NESUSDT,LONG,sl,-1.0,sl,5.0,False,,,not_activated,0,[],,,,-1.0,baseline_sl,
2218,overheated_24h,NESUSDT,LONG,sl,-1.0,sl,6.0,False,,,not_activated,0,[],,,,-1.0,baseline_sl,
2218,overheated_24h,NESUSDT,LONG,sl,-1.0,sl,8.0,False,,,not_activated,0,[],,,,-1.0,baseline_sl,
2218,overheated_24h,NESUSDT,LONG,sl,-1.0,sl,10.0,False,,,not_activated,0,[],,,,-1.0,baseline_sl,
2241,overheated_24h,TAGUSDT,LONG,sl,-1.0,sl,2.0,False,,,not_activated,0,[],,,,-1.0,baseline_sl,
2241,overheated_24h,TAGUSDT,LONG,sl,-1.0,sl,3.0,False,,,not_activated,0,[],,,,-1.0,baseline_sl,
2241,overheated_24h,TAGUSDT,LONG,sl,-1.0,sl,4.0,False,,,not_activated,0,[],,,,-1.0,baseline_sl,
2241,overheated_24h,TAGUSDT,LONG,sl,-1.0,sl,5.0,False,,,not_activated,0,[],,,,-1.0,baseline_sl,
2241,overheated_24h,TAGUSDT,LONG,sl,-1.0,sl,6.0,False,,,not_activated,0,[],,,,-1.0,baseline_sl,
2241,overheated_24h,TAGUSDT,LONG,sl,-1.0,sl,8.0,False,,,not_activated,0,[],,,,-1.0,baseline_sl,
2241,overheated_24h,TAGUSDT,LONG,sl,-1.0,sl,10.0,False,,,not_activated,0,[],,,,-1.0,baseline_sl,
2243,overheated_24h,STARUSDT,LONG,tp,2.0,tp,2.0,True,1786969800,0.12913571428571427,tp_branch,2,"[{""ts"":1786970100,""favorable_extreme"":0.133,""stop"":0.13034}]",1786970400,0.13034,2.169788519637466,2.084894259818733,partial_trail_stop,
2243,overheated_24h,STARUSDT,LONG,tp,2.0,tp,3.0,True,1786969800,0.12913571428571427,tp_branch,2,"[{""ts"":1786970100,""favorable_extreme"":0.133,""stop"":0.12913571428571427}]",1786970400,0.12913571428571427,2.0,2.0,partial_tp_floor,
2243,overheated_24h,STARUSDT,LONG,tp,2.0,tp,4.0,True,1786969800,0.12913571428571427,tp_branch,2,"[{""ts"":1786970100,""favorable_extreme"":0.133,""stop"":0.12913571428571427}]",1786970400,0.12913571428571427,2.0,2.0,partial_tp_floor,
2243,overheated_24h,STARUSDT,LONG,tp,2.0,tp,5.0,True,1786969800,0.12913571428571427,tp_branch,2,"[{""ts"":1786970100,""favorable_extreme"":0.133,""stop"":0.12913571428571427}]",1786970400,0.12913571428571427,2.0,2.0,partial_tp_floor,
2243,overheated_24h,STARUSDT,LONG,tp,2.0,tp,6.0,True,1786969800,0.12913571428571427,tp_branch,2,"[{""ts"":1786970100,""favorable_extreme"":0.133,""stop"":0.12913571428571427}]",1786970400,0.12913571428571427,2.0,2.0,partial_tp_floor,
2243,overheated_24h,STARUSDT,LONG,tp,2.0,tp,8.0,True,1786969800,0.12913571428571427,tp_branch,2,"[{""ts"":1786970100,""favorable_extreme"":0.133,""stop"":0.12913571428571427}]",1786970400,0.12913571428571427,2.0,2.0,partial_tp_floor,
2243,overheated_24h,STARUSDT,LONG,tp,2.0,tp,10.0,True,1786969800,0.12913571428571427,tp_branch,2,"[{""ts"":1786970100,""favorable_extreme"":0.133,""stop"":0.12913571428571427}]",1786970400,0.12913571428571427,2.0,2.0,partial_tp_floor,
2249,overheated_24h,DIAUSDT,LONG,sl,-1.0,sl,2.0,False,,,not_activated,0,[],,,,-1.0,baseline_sl,
2249,overheated_24h,DIAUSDT,LONG,sl,-1.0,sl,3.0,False,,,not_activated,0,[],,,,-1.0,baseline_sl,
2249,overheated_24h,DIAUSDT,LONG,sl,-1.0,sl,4.0,False,,,not_activated,0,[],,,,-1.0,baseline_sl,
2249,overheated_24h,DIAUSDT,LONG,sl,-1.0,sl,5.0,False,,,not_activated,0,[],,,,-1.0,baseline_sl,
2249,overheated_24h,DIAUSDT,LONG,sl,-1.0,sl,6.0,False,,,not_activated,0,[],,,,-1.0,baseline_sl,
2249,overheated_24h,DIAUSDT,LONG,sl,-1.0,sl,8.0,False,,,not_activated,0,[],,,,-1.0,baseline_sl,
2249,overheated_24h,DIAUSDT,LONG,sl,-1.0,sl,10.0,False,,,not_activated,0,[],,,,-1.0,baseline_sl,
2262,overheated_24h,STARUSDT,LONG,tp,1.9999999999999967,tp,2.0,True,1787015100,0.15023071428571427,tp_branch,1,[],1787015400,0.15023071428571427,1.9999999999999967,1.9999999999999967,partial_tp_floor,
2262,overheated_24h,STARUSDT,LONG,tp,1.9999999999999967,tp,3.0,True,1787015100,0.15023071428571427,tp_branch,1,[],1787015400,0.15023071428571427,1.9999999999999967,1.9999999999999967,partial_tp_floor,
2262,overheated_24h,STARUSDT,LONG,tp,1.9999999999999967,tp,4.0,True,1787015100,0.15023071428571427,tp_branch,1,[],1787015400,0.15023071428571427,1.9999999999999967,1.9999999999999967,partial_tp_floor,
2262,overheated_24h,STARUSDT,LONG,tp,1.9999999999999967,tp,5.0,True,1787015100,0.15023071428571427,tp_branch,1,[],1787015400,0.15023071428571427,1.9999999999999967,1.9999999999999967,partial_tp_floor,
2262,overheated_24h,STARUSDT,LONG,tp,1.9999999999999967,tp,6.0,True,1787015100,0.15023071428571427,tp_branch,1,[],1787015400,0.15023071428571427,1.9999999999999967,1.9999999999999967,partial_tp_floor,
2262,overheated_24h,STARUSDT,LONG,tp,1.9999999999999967,tp,8.0,True,1787015100,0.15023071428571427,tp_branch,1,[],1787015400,0.15023071428571427,1.9999999999999967,1.9999999999999967,partial_tp_floor,
2262,overheated_24h,STARUSDT,LONG,tp,1.9999999999999967,tp,10.0,True,1787015100,0.15023071428571427,tp_branch,1,[],1787015400,0.15023071428571427,1.9999999999999967,1.9999999999999967,partial_tp_floor,
2271,overheated_24h,HEMIUSDT,LONG,tp,2.0,tp,2.0,True,1787122800,0.008964392857142857,tp_branch,1,[],1787123100,0.008964392857142857,2.0,2.0,partial_tp_floor,
2271,overheated_24h,HEMIUSDT,LONG,tp,2.0,tp,3.0,True,1787122800,0.008964392857142857,tp_branch,1,[],1787123100,0.008964392857142857,2.0,2.0,partial_tp_floor,
2271,overheated_24h,HEMIUSDT,LONG,tp,2.0,tp,4.0,True,1787122800,0.008964392857142857,tp_branch,1,[],1787123100,0.008964392857142857,2.0,2.0,partial_tp_floor,
2271,overheated_24h,HEMIUSDT,LONG,tp,2.0,tp,5.0,True,1787122800,0.008964392857142857,tp_branch,1,[],1787123100,0.008964392857142857,2.0,2.0,partial_tp_floor,
2271,overheated_24h,HEMIUSDT,LONG,tp,2.0,tp,6.0,True,1787122800,0.008964392857142857,tp_branch,1,[],1787123100,0.008964392857142857,2.0,2.0,partial_tp_floor,
2271,overheated_24h,HEMIUSDT,LONG,tp,2.0,tp,8.0,True,1787122800,0.008964392857142857,tp_branch,1,[],1787123100,0.008964392857142857,2.0,2.0,partial_tp_floor,
2271,overheated_24h,HEMIUSDT,LONG,tp,2.0,tp,10.0,True,1787122800,0.008964392857142857,tp_branch,1,[],1787123100,0.008964392857142857,2.0,2.0,partial_tp_floor,
2274,overheated_24h,SNXXUSDT,LONG,sl,-1.0,sl,2.0,False,,,not_activated,0,[],,,,-1.0,baseline_sl,
2274,overheated_24h,SNXXUSDT,LONG,sl,-1.0,sl,3.0,False,,,not_activated,0,[],,,,-1.0,baseline_sl,
2274,overheated_24h,SNXXUSDT,LONG,sl,-1.0,sl,4.0,False,,,not_activated,0,[],,,,-1.0,baseline_sl,
2274,overheated_24h,SNXXUSDT,LONG,sl,-1.0,sl,5.0,False,,,not_activated,0,[],,,,-1.0,baseline_sl,
2274,overheated_24h,SNXXUSDT,LONG,sl,-1.0,sl,6.0,False,,,not_activated,0,[],,,,-1.0,baseline_sl,
2274,overheated_24h,SNXXUSDT,LONG,sl,-1.0,sl,8.0,False,,,not_activated,0,[],,,,-1.0,baseline_sl,
2274,overheated_24h,SNXXUSDT,LONG,sl,-1.0,sl,10.0,False,,,not_activated,0,[],,,,-1.0,baseline_sl,
2277,overheated_24h,AEONUSDT,LONG,sl,-1.0,sl,2.0,False,,,not_activated,0,[],,,,-1.0,baseline_sl,
2277,overheated_24h,AEONUSDT,LONG,sl,-1.0,sl,3.0,False,,,not_activated,0,[],,,,-1.0,baseline_sl,
2277,overheated_24h,AEONUSDT,LONG,sl,-1.0,sl,4.0,False,,,not_activated,0,[],,,,-1.0,baseline_sl,
2277,overheated_24h,AEONUSDT,LONG,sl,-1.0,sl,5.0,False,,,not_activated,0,[],,,,-1.0,baseline_sl,
2277,overheated_24h,AEONUSDT,LONG,sl,-1.0,sl,6.0,False,,,not_activated,0,[],,,,-1.0,baseline_sl,
2277,overheated_24h,AEONUSDT,LONG,sl,-1.0,sl,8.0,False,,,not_activated,0,[],,,,-1.0,baseline_sl,
2277,overheated_24h,AEONUSDT,LONG,sl,-1.0,sl,10.0,False,,,not_activated,0,[],,,,-1.0,baseline_sl,
2278,overheated_24h,MVLLUSDT,LONG,sl,-1.0,sl,2.0,False,,,not_activated,0,[],,,,-1.0,baseline_sl,
2278,overheated_24h,MVLLUSDT,LONG,sl,-1.0,sl,3.0,False,,,not_activated,0,[],,,,-1.0,baseline_sl,
2278,overheated_24h,MVLLUSDT,LONG,sl,-1.0,sl,4.0,False,,,not_activated,0,[],,,,-1.0,baseline_sl,
2278,overheated_24h,MVLLUSDT,LONG,sl,-1.0,sl,5.0,False,,,not_activated,0,[],,,,-1.0,baseline_sl,
2278,overheated_24h,MVLLUSDT,LONG,sl,-1.0,sl,6.0,False,,,not_activated,0,[],,,,-1.0,baseline_sl,
2278,overheated_24h,MVLLUSDT,LONG,sl,-1.0,sl,8.0,False,,,not_activated,0,[],,,,-1.0,baseline_sl,
2278,overheated_24h,MVLLUSDT,LONG,sl,-1.0,sl,10.0,False,,,not_activated,0,[],,,,-1.0,baseline_sl,
2283,overheated_24h,AXTIUSDT,LONG,sl,-1.0,sl,2.0,False,,,not_activated,0,[],,,,-1.0,baseline_sl,
2283,overheated_24h,AXTIUSDT,LONG,sl,-1.0,sl,3.0,False,,,not_activated,0,[],,,,-1.0,baseline_sl,
2283,overheated_24h,AXTIUSDT,LONG,sl,-1.0,sl,4.0,False,,,not_activated,0,[],,,,-1.0,baseline_sl,
2283,overheated_24h,AXTIUSDT,LONG,sl,-1.0,sl,5.0,False,,,not_activated,0,[],,,,-1.0,baseline_sl,
2283,overheated_24h,AXTIUSDT,LONG,sl,-1.0,sl,6.0,False,,,not_activated,0,[],,,,-1.0,baseline_sl,
2283,overheated_24h,AXTIUSDT,LONG,sl,-1.0,sl,8.0,False,,,not_activated,0,[],,,,-1.0,baseline_sl,
2283,overheated_24h,AXTIUSDT,LONG,sl,-1.0,sl,10.0,False,,,not_activated,0,[],,,,-1.0,baseline_sl,
2312,overheated_24h,TUTUSDT,LONG,sl,-1.0,sl,2.0,False,,,not_activated,0,[],,,,-1.0,baseline_sl,
2312,overheated_24h,TUTUSDT,LONG,sl,-1.0,sl,3.0,False,,,not_activated,0,[],,,,-1.0,baseline_sl,
2312,overheated_24h,TUTUSDT,LONG,sl,-1.0,sl,4.0,False,,,not_activated,0,[],,,,-1.0,baseline_sl,
2312,overheated_24h,TUTUSDT,LONG,sl,-1.0,sl,5.0,False,,,not_activated,0,[],,,,-1.0,baseline_sl,
2312,overheated_24h,TUTUSDT,LONG,sl,-1.0,sl,6.0,False,,,not_activated,0,[],,,,-1.0,baseline_sl,
2312,overheated_24h,TUTUSDT,LONG,sl,-1.0,sl,8.0,False,,,not_activated,0,[],,,,-1.0,baseline_sl,
2312,overheated_24h,TUTUSDT,LONG,sl,-1.0,sl,10.0,False,,,not_activated,0,[],,,,-1.0,baseline_sl,
2314,overheated_24h,FHEUSDT,LONG,sl,-1.0,sl,2.0,False,,,not_activated,0,[],,,,-1.0,baseline_sl,
2314,overheated_24h,FHEUSDT,LONG,sl,-1.0,sl,3.0,False,,,not_activated,0,[],,,,-1.0,baseline_sl,
2314,overheated_24h,FHEUSDT,LONG,sl,-1.0,sl,4.0,False,,,not_activated,0,[],,,,-1.0,baseline_sl,
2314,overheated_24h,FHEUSDT,LONG,sl,-1.0,sl,5.0,False,,,not_activated,0,[],,,,-1.0,baseline_sl,
2314,overheated_24h,FHEUSDT,LONG,sl,-1.0,sl,6.0,False,,,not_activated,0,[],,,,-1.0,baseline_sl,
2314,overheated_24h,FHEUSDT,LONG,sl,-1.0,sl,8.0,False,,,not_activated,0,[],,,,-1.0,baseline_sl,
2314,overheated_24h,FHEUSDT,LONG,sl,-1.0,sl,10.0,False,,,not_activated,0,[],,,,-1.0,baseline_sl,
2324,overheated_24h,CBRSUSDT,LONG,sl,-1.0,sl,2.0,False,,,not_activated,0,[],,,,-1.0,baseline_sl,
2324,overheated_24h,CBRSUSDT,LONG,sl,-1.0,sl,3.0,False,,,not_activated,0,[],,,,-1.0,baseline_sl,
2324,overheated_24h,CBRSUSDT,LONG,sl,-1.0,sl,4.0,False,,,not_activated,0,[],,,,-1.0,baseline_sl,
2324,overheated_24h,CBRSUSDT,LONG,sl,-1.0,sl,5.0,False,,,not_activated,0,[],,,,-1.0,baseline_sl,
2324,overheated_24h,CBRSUSDT,LONG,sl,-1.0,sl,6.0,False,,,not_activated,0,[],,,,-1.0,baseline_sl,
2324,overheated_24h,CBRSUSDT,LONG,sl,-1.0,sl,8.0,False,,,not_activated,0,[],,,,-1.0,baseline_sl,
2324,overheated_24h,CBRSUSDT,LONG,sl,-1.0,sl,10.0,False,,,not_activated,0,[],,,,-1.0,baseline_sl,
2326,overheated_24h,HFTUSDT,LONG,sl,-1.0,sl,2.0,False,,,not_activated,0,[],,,,-1.0,baseline_sl,
2326,overheated_24h,HFTUSDT,LONG,sl,-1.0,sl,3.0,False,,,not_activated,0,[],,,,-1.0,baseline_sl,
2326,overheated_24h,HFTUSDT,LONG,sl,-1.0,sl,4.0,False,,,not_activated,0,[],,,,-1.0,baseline_sl,
2326,overheated_24h,HFTUSDT,LONG,sl,-1.0,sl,5.0,False,,,not_activated,0,[],,,,-1.0,baseline_sl,
2326,overheated_24h,HFTUSDT,LONG,sl,-1.0,sl,6.0,False,,,not_activated,0,[],,,,-1.0,baseline_sl,
2326,overheated_24h,HFTUSDT,LONG,sl,-1.0,sl,8.0,False,,,not_activated,0,[],,,,-1.0,baseline_sl,
2326,overheated_24h,HFTUSDT,LONG,sl,-1.0,sl,10.0,False,,,not_activated,0,[],,,,-1.0,baseline_sl,
2383,overheated_24h,ACUUSDT,LONG,sl,-1.0,sl,2.0,False,,,not_activated,0,[],,,,-1.0,baseline_sl,
2383,overheated_24h,ACUUSDT,LONG,sl,-1.0,sl,3.0,False,,,not_activated,0,[],,,,-1.0,baseline_sl,
2383,overheated_24h,ACUUSDT,LONG,sl,-1.0,sl,4.0,False,,,not_activated,0,[],,,,-1.0,baseline_sl,
2383,overheated_24h,ACUUSDT,LONG,sl,-1.0,sl,5.0,False,,,not_activated,0,[],,,,-1.0,baseline_sl,
2383,overheated_24h,ACUUSDT,LONG,sl,-1.0,sl,6.0,False,,,not_activated,0,[],,,,-1.0,baseline_sl,
2383,overheated_24h,ACUUSDT,LONG,sl,-1.0,sl,8.0,False,,,not_activated,0,[],,,,-1.0,baseline_sl,
2383,overheated_24h,ACUUSDT,LONG,sl,-1.0,sl,10.0,False,,,not_activated,0,[],,,,-1.0,baseline_sl,
2394,overheated_24h,PIEVERSEUSDT,LONG,sl,-1.0,sl,2.0,False,,,not_activated,0,[],,,,-1.0,baseline_sl,
2394,overheated_24h,PIEVERSEUSDT,LONG,sl,-1.0,sl,3.0,False,,,not_activated,0,[],,,,-1.0,baseline_sl,
2394,overheated_24h,PIEVERSEUSDT,LONG,sl,-1.0,sl,4.0,False,,,not_activated,0,[],,,,-1.0,baseline_sl,
2394,overheated_24h,PIEVERSEUSDT,LONG,sl,-1.0,sl,5.0,False,,,not_activated,0,[],,,,-1.0,baseline_sl,
2394,overheated_24h,PIEVERSEUSDT,LONG,sl,-1.0,sl,6.0,False,,,not_activated,0,[],,,,-1.0,baseline_sl,
2394,overheated_24h,PIEVERSEUSDT,LONG,sl,-1.0,sl,8.0,False,,,not_activated,0,[],,,,-1.0,baseline_sl,
2394,overheated_24h,PIEVERSEUSDT,LONG,sl,-1.0,sl,10.0,False,,,not_activated,0,[],,,,-1.0,baseline_sl,
2418,overheated_24h,REDUSDT,LONG,sl,-1.0,sl,2.0,False,,,not_activated,0,[],,,,-1.0,baseline_sl,
2418,overheated_24h,REDUSDT,LONG,sl,-1.0,sl,3.0,False,,,not_activated,0,[],,,,-1.0,baseline_sl,
2418,overheated_24h,REDUSDT,LONG,sl,-1.0,sl,4.0,False,,,not_activated,0,[],,,,-1.0,baseline_sl,
2418,overheated_24h,REDUSDT,LONG,sl,-1.0,sl,5.0,False,,,not_activated,0,[],,,,-1.0,baseline_sl,
2418,overheated_24h,REDUSDT,LONG,sl,-1.0,sl,6.0,False,,,not_activated,0,[],,,,-1.0,baseline_sl,
2418,overheated_24h,REDUSDT,LONG,sl,-1.0,sl,8.0,False,,,not_activated,0,[],,,,-1.0,baseline_sl,
2418,overheated_24h,REDUSDT,LONG,sl,-1.0,sl,10.0,False,,,not_activated,0,[],,,,-1.0,baseline_sl,
2443,overheated_24h,REDUSDT,LONG,sl,-1.0,sl,2.0,False,,,not_activated,0,[],,,,-1.0,baseline_sl,
2443,overheated_24h,REDUSDT,LONG,sl,-1.0,sl,3.0,False,,,not_activated,0,[],,,,-1.0,baseline_sl,
2443,overheated_24h,REDUSDT,LONG,sl,-1.0,sl,4.0,False,,,not_activated,0,[],,,,-1.0,baseline_sl,
2443,overheated_24h,REDUSDT,LONG,sl,-1.0,sl,5.0,False,,,not_activated,0,[],,,,-1.0,baseline_sl,
2443,overheated_24h,REDUSDT,LONG,sl,-1.0,sl,6.0,False,,,not_activated,0,[],,,,-1.0,baseline_sl,
2443,overheated_24h,REDUSDT,LONG,sl,-1.0,sl,8.0,False,,,not_activated,0,[],,,,-1.0,baseline_sl,
2443,overheated_24h,REDUSDT,LONG,sl,-1.0,sl,10.0,False,,,not_activated,0,[],,,,-1.0,baseline_sl,
2465,overheated_24h,VVVUSDT,LONG,tp,2.0000000000000036,tp,2.0,True,1787288700,15.060464285714286,tp_branch,1,[],1787289000,15.060464285714286,2.0000000000000036,2.0000000000000036,partial_tp_floor,
2465,overheated_24h,VVVUSDT,LONG,tp,2.0000000000000036,tp,3.0,True,1787288700,15.060464285714286,tp_branch,1,[],1787289000,15.060464285714286,2.0000000000000036,2.0000000000000036,partial_tp_floor,
2465,overheated_24h,VVVUSDT,LONG,tp,2.0000000000000036,tp,4.0,True,1787288700,15.060464285714286,tp_branch,1,[],1787289000,15.060464285714286,2.0000000000000036,2.0000000000000036,partial_tp_floor,
2465,overheated_24h,VVVUSDT,LONG,tp,2.0000000000000036,tp,5.0,True,1787288700,15.060464285714286,tp_branch,1,[],1787289000,15.060464285714286,2.0000000000000036,2.0000000000000036,partial_tp_floor,
2465,overheated_24h,VVVUSDT,LONG,tp,2.0000000000000036,tp,6.0,True,1787288700,15.060464285714286,tp_branch,1,[],1787289000,15.060464285714286,2.0000000000000036,2.0000000000000036,partial_tp_floor,
2465,overheated_24h,VVVUSDT,LONG,tp,2.0000000000000036,tp,8.0,True,1787288700,15.060464285714286,tp_branch,1,[],1787289000,15.060464285714286,2.0000000000000036,2.0000000000000036,partial_tp_floor,
2465,overheated_24h,VVVUSDT,LONG,tp,2.0000000000000036,tp,10.0,True,1787288700,15.060464285714286,tp_branch,1,[],1787289000,15.060464285714286,2.0000000000000036,2.0000000000000036,partial_tp_floor,
2505,overheated_24h,CLOUSDT,LONG,tp,2.0000000000000075,tp,2.0,True,1787053800,0.14472785714285716,tp_branch,1,[],1787054100,0.14472785714285716,2.0000000000000075,2.0000000000000075,partial_tp_floor,
2505,overheated_24h,CLOUSDT,LONG,tp,2.0000000000000075,tp,3.0,True,1787053800,0.14472785714285716,tp_branch,1,[],1787054100,0.14472785714285716,2.0000000000000075,2.0000000000000075,partial_tp_floor,
2505,overheated_24h,CLOUSDT,LONG,tp,2.0000000000000075,tp,4.0,True,1787053800,0.14472785714285716,tp_branch,1,[],1787054100,0.14472785714285716,2.0000000000000075,2.0000000000000075,partial_tp_floor,
2505,overheated_24h,CLOUSDT,LONG,tp,2.0000000000000075,tp,5.0,True,1787053800,0.14472785714285716,tp_branch,1,[],1787054100,0.14472785714285716,2.0000000000000075,2.0000000000000075,partial_tp_floor,
2505,overheated_24h,CLOUSDT,LONG,tp,2.0000000000000075,tp,6.0,True,1787053800,0.14472785714285716,tp_branch,1,[],1787054100,0.14472785714285716,2.0000000000000075,2.0000000000000075,partial_tp_floor,
2505,overheated_24h,CLOUSDT,LONG,tp,2.0000000000000075,tp,8.0,True,1787053800,0.14472785714285716,tp_branch,1,[],1787054100,0.14472785714285716,2.0000000000000075,2.0000000000000075,partial_tp_floor,
2505,overheated_24h,CLOUSDT,LONG,tp,2.0000000000000075,tp,10.0,True,1787053800,0.14472785714285716,tp_branch,1,[],1787054100,0.14472785714285716,2.0000000000000075,2.0000000000000075,partial_tp_floor,
2509,overheated_24h,OPNUSDT,LONG,sl,-1.0,sl,2.0,False,,,not_activated,0,[],,,,-1.0,baseline_sl,
2509,overheated_24h,OPNUSDT,LONG,sl,-1.0,sl,3.0,False,,,not_activated,0,[],,,,-1.0,baseline_sl,
2509,overheated_24h,OPNUSDT,LONG,sl,-1.0,sl,4.0,False,,,not_activated,0,[],,,,-1.0,baseline_sl,
2509,overheated_24h,OPNUSDT,LONG,sl,-1.0,sl,5.0,False,,,not_activated,0,[],,,,-1.0,baseline_sl,
2509,overheated_24h,OPNUSDT,LONG,sl,-1.0,sl,6.0,False,,,not_activated,0,[],,,,-1.0,baseline_sl,
2509,overheated_24h,OPNUSDT,LONG,sl,-1.0,sl,8.0,False,,,not_activated,0,[],,,,-1.0,baseline_sl,
2509,overheated_24h,OPNUSDT,LONG,sl,-1.0,sl,10.0,False,,,not_activated,0,[],,,,-1.0,baseline_sl,
2533,overheated_24h,GPSUSDT,LONG,sl,-1.0,sl,2.0,False,,,not_activated,0,[],,,,-1.0,baseline_sl,
2533,overheated_24h,GPSUSDT,LONG,sl,-1.0,sl,3.0,False,,,not_activated,0,[],,,,-1.0,baseline_sl,
2533,overheated_24h,GPSUSDT,LONG,sl,-1.0,sl,4.0,False,,,not_activated,0,[],,,,-1.0,baseline_sl,
2533,overheated_24h,GPSUSDT,LONG,sl,-1.0,sl,5.0,False,,,not_activated,0,[],,,,-1.0,baseline_sl,
2533,overheated_24h,GPSUSDT,LONG,sl,-1.0,sl,6.0,False,,,not_activated,0,[],,,,-1.0,baseline_sl,
2533,overheated_24h,GPSUSDT,LONG,sl,-1.0,sl,8.0,False,,,not_activated,0,[],,,,-1.0,baseline_sl,
2533,overheated_24h,GPSUSDT,LONG,sl,-1.0,sl,10.0,False,,,not_activated,0,[],,,,-1.0,baseline_sl,
2535,overheated_24h,JCTUSDT,LONG,sl,-1.0,sl,2.0,False,,,not_activated,0,[],,,,-1.0,baseline_sl,
2535,overheated_24h,JCTUSDT,LONG,sl,-1.0,sl,3.0,False,,,not_activated,0,[],,,,-1.0,baseline_sl,
2535,overheated_24h,JCTUSDT,LONG,sl,-1.0,sl,4.0,False,,,not_activated,0,[],,,,-1.0,baseline_sl,
2535,overheated_24h,JCTUSDT,LONG,sl,-1.0,sl,5.0,False,,,not_activated,0,[],,,,-1.0,baseline_sl,
2535,overheated_24h,JCTUSDT,LONG,sl,-1.0,sl,6.0,False,,,not_activated,0,[],,,,-1.0,baseline_sl,
2535,overheated_24h,JCTUSDT,LONG,sl,-1.0,sl,8.0,False,,,not_activated,0,[],,,,-1.0,baseline_sl,
2535,overheated_24h,JCTUSDT,LONG,sl,-1.0,sl,10.0,False,,,not_activated,0,[],,,,-1.0,baseline_sl,
2551,overheated_24h,PRLUSDT,LONG,sl,-1.0,sl,2.0,False,,,not_activated,0,[],,,,-1.0,baseline_sl,
2551,overheated_24h,PRLUSDT,LONG,sl,-1.0,sl,3.0,False,,,not_activated,0,[],,,,-1.0,baseline_sl,
2551,overheated_24h,PRLUSDT,LONG,sl,-1.0,sl,4.0,False,,,not_activated,0,[],,,,-1.0,baseline_sl,
2551,overheated_24h,PRLUSDT,LONG,sl,-1.0,sl,5.0,False,,,not_activated,0,[],,,,-1.0,baseline_sl,
2551,overheated_24h,PRLUSDT,LONG,sl,-1.0,sl,6.0,False,,,not_activated,0,[],,,,-1.0,baseline_sl,
2551,overheated_24h,PRLUSDT,LONG,sl,-1.0,sl,8.0,False,,,not_activated,0,[],,,,-1.0,baseline_sl,
2551,overheated_24h,PRLUSDT,LONG,sl,-1.0,sl,10.0,False,,,not_activated,0,[],,,,-1.0,baseline_sl,
2563,overheated_24h,RATSUSDT,LONG,sl,-1.0,sl,2.0,False,,,not_activated,0,[],,,,-1.0,baseline_sl,
2563,overheated_24h,RATSUSDT,LONG,sl,-1.0,sl,3.0,False,,,not_activated,0,[],,,,-1.0,baseline_sl,
2563,overheated_24h,RATSUSDT,LONG,sl,-1.0,sl,4.0,False,,,not_activated,0,[],,,,-1.0,baseline_sl,
2563,overheated_24h,RATSUSDT,LONG,sl,-1.0,sl,5.0,False,,,not_activated,0,[],,,,-1.0,baseline_sl,
2563,overheated_24h,RATSUSDT,LONG,sl,-1.0,sl,6.0,False,,,not_activated,0,[],,,,-1.0,baseline_sl,
2563,overheated_24h,RATSUSDT,LONG,sl,-1.0,sl,8.0,False,,,not_activated,0,[],,,,-1.0,baseline_sl,
2563,overheated_24h,RATSUSDT,LONG,sl,-1.0,sl,10.0,False,,,not_activated,0,[],,,,-1.0,baseline_sl,
2573,overheated_24h,SOXSUSDT,LONG,tp,1.999999999999994,tp,2.0,True,1787147100,46.425,tp_branch,1,[],1787147400,46.425,1.999999999999994,1.999999999999994,partial_tp_floor,
2573,overheated_24h,SOXSUSDT,LONG,tp,1.999999999999994,tp,3.0,True,1787147100,46.425,tp_branch,1,[],1787147400,46.425,1.999999999999994,1.999999999999994,partial_tp_floor,
2573,overheated_24h,SOXSUSDT,LONG,tp,1.999999999999994,tp,4.0,True,1787147100,46.425,tp_branch,1,[],1787147400,46.425,1.999999999999994,1.999999999999994,partial_tp_floor,
2573,overheated_24h,SOXSUSDT,LONG,tp,1.999999999999994,tp,5.0,True,1787147100,46.425,tp_branch,1,[],1787147400,46.425,1.999999999999994,1.999999999999994,partial_tp_floor,
2573,overheated_24h,SOXSUSDT,LONG,tp,1.999999999999994,tp,6.0,True,1787147100,46.425,tp_branch,1,[],1787147400,46.425,1.999999999999994,1.999999999999994,partial_tp_floor,
2573,overheated_24h,SOXSUSDT,LONG,tp,1.999999999999994,tp,8.0,True,1787147100,46.425,tp_branch,1,[],1787147400,46.425,1.999999999999994,1.999999999999994,partial_tp_floor,
2573,overheated_24h,SOXSUSDT,LONG,tp,1.999999999999994,tp,10.0,True,1787147100,46.425,tp_branch,1,[],1787147400,46.425,1.999999999999994,1.999999999999994,partial_tp_floor,
2582,overheated_24h,CLOUSDT,LONG,sl,-1.0,sl,2.0,False,,,not_activated,0,[],,,,-1.0,baseline_sl,
2582,overheated_24h,CLOUSDT,LONG,sl,-1.0,sl,3.0,False,,,not_activated,0,[],,,,-1.0,baseline_sl,
2582,overheated_24h,CLOUSDT,LONG,sl,-1.0,sl,4.0,False,,,not_activated,0,[],,,,-1.0,baseline_sl,
2582,overheated_24h,CLOUSDT,LONG,sl,-1.0,sl,5.0,False,,,not_activated,0,[],,,,-1.0,baseline_sl,
2582,overheated_24h,CLOUSDT,LONG,sl,-1.0,sl,6.0,False,,,not_activated,0,[],,,,-1.0,baseline_sl,
2582,overheated_24h,CLOUSDT,LONG,sl,-1.0,sl,8.0,False,,,not_activated,0,[],,,,-1.0,baseline_sl,
2582,overheated_24h,CLOUSDT,LONG,sl,-1.0,sl,10.0,False,,,not_activated,0,[],,,,-1.0,baseline_sl,
2587,overheated_24h,ALPINEUSDT,LONG,sl,-1.0,sl,2.0,False,,,not_activated,0,[],,,,-1.0,baseline_sl,
2587,overheated_24h,ALPINEUSDT,LONG,sl,-1.0,sl,3.0,False,,,not_activated,0,[],,,,-1.0,baseline_sl,
2587,overheated_24h,ALPINEUSDT,LONG,sl,-1.0,sl,4.0,False,,,not_activated,0,[],,,,-1.0,baseline_sl,
2587,overheated_24h,ALPINEUSDT,LONG,sl,-1.0,sl,5.0,False,,,not_activated,0,[],,,,-1.0,baseline_sl,
2587,overheated_24h,ALPINEUSDT,LONG,sl,-1.0,sl,6.0,False,,,not_activated,0,[],,,,-1.0,baseline_sl,
2587,overheated_24h,ALPINEUSDT,LONG,sl,-1.0,sl,8.0,False,,,not_activated,0,[],,,,-1.0,baseline_sl,
2587,overheated_24h,ALPINEUSDT,LONG,sl,-1.0,sl,10.0,False,,,not_activated,0,[],,,,-1.0,baseline_sl,
2596,overheated_24h,LAUSDT,LONG,tp,2.0,tp,2.0,True,1787316900,0.06291214285714286,tp_branch,1,[],1787317200,0.06291214285714286,2.0,2.0,partial_tp_floor,
2596,overheated_24h,LAUSDT,LONG,tp,2.0,tp,3.0,True,1787316900,0.06291214285714286,tp_branch,1,[],1787317200,0.06291214285714286,2.0,2.0,partial_tp_floor,
2596,overheated_24h,LAUSDT,LONG,tp,2.0,tp,4.0,True,1787316900,0.06291214285714286,tp_branch,1,[],1787317200,0.06291214285714286,2.0,2.0,partial_tp_floor,
2596,overheated_24h,LAUSDT,LONG,tp,2.0,tp,5.0,True,1787316900,0.06291214285714286,tp_branch,1,[],1787317200,0.06291214285714286,2.0,2.0,partial_tp_floor,
2596,overheated_24h,LAUSDT,LONG,tp,2.0,tp,6.0,True,1787316900,0.06291214285714286,tp_branch,1,[],1787317200,0.06291214285714286,2.0,2.0,partial_tp_floor,
2596,overheated_24h,LAUSDT,LONG,tp,2.0,tp,8.0,True,1787316900,0.06291214285714286,tp_branch,1,[],1787317200,0.06291214285714286,2.0,2.0,partial_tp_floor,
2596,overheated_24h,LAUSDT,LONG,tp,2.0,tp,10.0,True,1787316900,0.06291214285714286,tp_branch,1,[],1787317200,0.06291214285714286,2.0,2.0,partial_tp_floor,
2602,overheated_24h,BTWUSDT,LONG,sl,-1.0,sl,2.0,False,,,not_activated,0,[],,,,-1.0,baseline_sl,
2602,overheated_24h,BTWUSDT,LONG,sl,-1.0,sl,3.0,False,,,not_activated,0,[],,,,-1.0,baseline_sl,
2602,overheated_24h,BTWUSDT,LONG,sl,-1.0,sl,4.0,False,,,not_activated,0,[],,,,-1.0,baseline_sl,
2602,overheated_24h,BTWUSDT,LONG,sl,-1.0,sl,5.0,False,,,not_activated,0,[],,,,-1.0,baseline_sl,
2602,overheated_24h,BTWUSDT,LONG,sl,-1.0,sl,6.0,False,,,not_activated,0,[],,,,-1.0,baseline_sl,
2602,overheated_24h,BTWUSDT,LONG,sl,-1.0,sl,8.0,False,,,not_activated,0,[],,,,-1.0,baseline_sl,
2602,overheated_24h,BTWUSDT,LONG,sl,-1.0,sl,10.0,False,,,not_activated,0,[],,,,-1.0,baseline_sl,
2607,overheated_24h,MUBARAKUSDT,LONG,tp,2.0,tp,2.0,True,1787153400,0.022701428571428574,tp_branch,2,"[{""ts"":1787153700,""favorable_extreme"":0.02353,""stop"":0.023059399999999997}]",1787154000,0.023059399999999997,2.2993787335722775,2.1496893667861388,partial_trail_stop,
2607,overheated_24h,MUBARAKUSDT,LONG,tp,2.0,tp,3.0,True,1787153400,0.022701428571428574,tp_branch,2,"[{""ts"":1787153700,""favorable_extreme"":0.02353,""stop"":0.0228241}]",1787154000,0.0228241,2.1025925925925906,2.0512962962962953,partial_trail_stop,
2607,overheated_24h,MUBARAKUSDT,LONG,tp,2.0,tp,4.0,True,1787153400,0.022701428571428574,tp_branch,3,"[{""ts"":1787153700,""favorable_extreme"":0.02353,""stop"":0.022701428571428574},{""ts"":1787154300,""favorable_extreme"":0.02378,""stop"":0.0228288}]",1787154600,0.0228288,2.1065232974910373,2.0532616487455186,partial_trail_stop,
2607,overheated_24h,MUBARAKUSDT,LONG,tp,2.0,tp,5.0,True,1787153400,0.022701428571428574,tp_branch,8,"[{""ts"":1787153700,""favorable_extreme"":0.02353,""stop"":0.022701428571428574},{""ts"":1787154300,""favorable_extreme"":0.02378,""stop"":0.022701428571428574},{""ts"":1787155200,""favorable_extreme"":0.02414,""stop"":0.022933000000000002},{""ts"":1787156400,""favorable_extreme"":0.02457,""stop"":0.0233415},{""ts"":1787156700,""favorable_extreme"":0.0246,""stop"":0.02337},{""ts"":1787157300,""favorable_extreme"":0.02518,""stop"":0.023921},{""ts"":1787158200,""favorable_extreme"":0.02521,""stop"":0.0239495}]",1787158800,0.0239495,3.0437873357228162,2.5218936678614083,partial_trail_stop,
2607,overheated_24h,MUBARAKUSDT,LONG,tp,2.0,tp,6.0,True,1787153400,0.022701428571428574,tp_branch,8,"[{""ts"":1787153700,""favorable_extreme"":0.02353,""stop"":0.022701428571428574},{""ts"":1787154300,""favorable_extreme"":0.02378,""stop"":0.022701428571428574},{""ts"":1787155200,""favorable_extreme"":0.02414,""stop"":0.022701428571428574},{""ts"":1787156400,""favorable_extreme"":0.02457,""stop"":0.0230958},{""ts"":1787156700,""favorable_extreme"":0.0246,""stop"":0.023124},{""ts"":1787157300,""favorable_extreme"":0.02518,""stop"":0.023669199999999998},{""ts"":1787158200,""favorable_extreme"":0.02521,""stop"":0.023697399999999997}]",1787158800,0.023697399999999997,2.832951015531656,2.4164755077658278,partial_trail_stop,
2607,overheated_24h,MUBARAKUSDT,LONG,tp,2.0,tp,8.0,True,1787153400,0.022701428571428574,tp_branch,8,"[{""ts"":1787153700,""favorable_extreme"":0.02353,""stop"":0.022701428571428574},{""ts"":1787154300,""favorable_extreme"":0.02378,""stop"":0.022701428571428574},{""ts"":1787155200,""favorable_extreme"":0.02414,""stop"":0.022701428571428574},{""ts"":1787156400,""favorable_extreme"":0.02457,""stop"":0.022701428571428574},{""ts"":1787156700,""favorable_extreme"":0.0246,""stop"":0.022701428571428574},{""ts"":1787157300,""favorable_extreme"":0.02518,""stop"":0.0231656},{""ts"":1787158200,""favorable_extreme"":0.02521,""stop"":0.0231932}]",1787160000,0.0231932,2.411278375149341,2.2056391875746706,partial_trail_stop,
2607,overheated_24h,MUBARAKUSDT,LONG,tp,2.0,tp,10.0,True,1787153400,0.022701428571428574,tp_branch,8,"[{""ts"":1787153700,""favorable_extreme"":0.02353,""stop"":0.022701428571428574},{""ts"":1787154300,""favorable_extreme"":0.02378,""stop"":0.022701428571428574},{""ts"":1787155200,""favorable_extreme"":0.02414,""stop"":0.022701428571428574},{""ts"":1787156400,""favorable_extreme"":0.02457,""stop"":0.022701428571428574},{""ts"":1787156700,""favorable_extreme"":0.0246,""stop"":0.022701428571428574},{""ts"":1787157300,""favorable_extreme"":0.02518,""stop"":0.022701428571428574},{""ts"":1787158200,""favorable_extreme"":0.02521,""stop"":0.022701428571428574}]",1787160000,0.022701428571428574,2.0,2.0,partial_tp_floor,
2608,overheated_24h,TREEUSDT,LONG,sl,-1.0,sl,2.0,False,,,not_activated,0,[],,,,-1.0,baseline_sl,
2608,overheated_24h,TREEUSDT,LONG,sl,-1.0,sl,3.0,False,,,not_activated,0,[],,,,-1.0,baseline_sl,
2608,overheated_24h,TREEUSDT,LONG,sl,-1.0,sl,4.0,False,,,not_activated,0,[],,,,-1.0,baseline_sl,
2608,overheated_24h,TREEUSDT,LONG,sl,-1.0,sl,5.0,False,,,not_activated,0,[],,,,-1.0,baseline_sl,
2608,overheated_24h,TREEUSDT,LONG,sl,-1.0,sl,6.0,False,,,not_activated,0,[],,,,-1.0,baseline_sl,
2608,overheated_24h,TREEUSDT,LONG,sl,-1.0,sl,8.0,False,,,not_activated,0,[],,,,-1.0,baseline_sl,
2608,overheated_24h,TREEUSDT,LONG,sl,-1.0,sl,10.0,False,,,not_activated,0,[],,,,-1.0,baseline_sl,
2609,overheated_24h,HEMIUSDT,LONG,tp,2.0,tp,2.0,True,1787313000,0.012106892857142858,tp_branch,2,"[{""ts"":1787313300,""favorable_extreme"":0.015115,""stop"":0.0148127}]",1787313600,0.0148127,3.982354095529651,2.9911770477648254,partial_trail_stop,
2609,overheated_24h,HEMIUSDT,LONG,tp,2.0,tp,3.0,True,1787313000,0.012106892857142858,tp_branch,2,"[{""ts"":1787313300,""favorable_extreme"":0.015115,""stop"":0.014661549999999999}]",1787313600,0.014661549999999999,3.8716171487630318,2.935808574381516,partial_trail_stop,
2609,overheated_24h,HEMIUSDT,LONG,tp,2.0,tp,4.0,True,1787313000,0.012106892857142858,tp_branch,2,"[{""ts"":1787313300,""favorable_extreme"":0.015115,""stop"":0.0145104}]",1787313600,0.0145104,3.760880201996414,2.8804401009982072,partial_trail_stop,
2609,overheated_24h,HEMIUSDT,LONG,tp,2.0,tp,5.0,True,1787313000,0.012106892857142858,tp_branch,2,"[{""ts"":1787313300,""favorable_extreme"":0.015115,""stop"":0.014359249999999999}]",1787313600,0.014359249999999999,3.6501432552297954,2.8250716276148977,partial_trail_stop,
2609,overheated_24h,HEMIUSDT,LONG,tp,2.0,tp,6.0,True,1787313000,0.012106892857142858,tp_branch,2,"[{""ts"":1787313300,""favorable_extreme"":0.015115,""stop"":0.0142081}]",1787313600,0.0142081,3.5394063084631777,2.769703154231589,partial_trail_stop,
2609,overheated_24h,HEMIUSDT,LONG,tp,2.0,tp,8.0,True,1787313000,0.012106892857142858,tp_branch,5,"[{""ts"":1787313300,""favorable_extreme"":0.015115,""stop"":0.013905800000000001},{""ts"":1787313600,""favorable_extreme"":0.015176,""stop"":0.013961920000000001},{""ts"":1787313900,""favorable_extreme"":0.01554,""stop"":0.0142968},{""ts"":1787315400,""favorable_extreme"":0.015974,""stop"":0.014696079999999999}]",1787315700,0.014696079999999999,3.8969148449049524,2.948457422452476,partial_trail_stop,
2609,overheated_24h,HEMIUSDT,LONG,tp,2.0,tp,10.0,True,1787313000,0.012106892857142858,tp_branch,5,"[{""ts"":1787313300,""favorable_extreme"":0.015115,""stop"":0.013603500000000001},{""ts"":1787313600,""favorable_extreme"":0.015176,""stop"":0.013658400000000001},{""ts"":1787313900,""favorable_extreme"":0.01554,""stop"":0.013986},{""ts"":1787315400,""favorable_extreme"":0.015974,""stop"":0.0143766}]",1787316000,0.0143766,3.6628543768070427,2.8314271884035214,partial_trail_stop,
2610,overheated_24h,STARUSDT,LONG,sl,-1.0,sl,2.0,False,,,not_activated,0,[],,,,-1.0,baseline_sl,
2610,overheated_24h,STARUSDT,LONG,sl,-1.0,sl,3.0,False,,,not_activated,0,[],,,,-1.0,baseline_sl,
2610,overheated_24h,STARUSDT,LONG,sl,-1.0,sl,4.0,False,,,not_activated,0,[],,,,-1.0,baseline_sl,
2610,overheated_24h,STARUSDT,LONG,sl,-1.0,sl,5.0,False,,,not_activated,0,[],,,,-1.0,baseline_sl,
2610,overheated_24h,STARUSDT,LONG,sl,-1.0,sl,6.0,False,,,not_activated,0,[],,,,-1.0,baseline_sl,
2610,overheated_24h,STARUSDT,LONG,sl,-1.0,sl,8.0,False,,,not_activated,0,[],,,,-1.0,baseline_sl,
2610,overheated_24h,STARUSDT,LONG,sl,-1.0,sl,10.0,False,,,not_activated,0,[],,,,-1.0,baseline_sl,
2626,overheated_24h,TREEUSDT,LONG,tp,1.999999999999996,tp,2.0,True,1787160900,0.045510714285714286,tp_branch,2,"[{""ts"":1787161200,""favorable_extreme"":0.04788,""stop"":0.046922399999999996}]",1787161500,0.046922399999999996,2.79515590424461,2.397577952122303,partial_trail_stop,
2626,overheated_24h,TREEUSDT,LONG,tp,1.999999999999996,tp,3.0,True,1787160900,0.045510714285714286,tp_branch,2,"[{""ts"":1787161200,""favorable_extreme"":0.04788,""stop"":0.046443599999999995}]",1787161500,0.046443599999999995,2.5254636893985025,2.2627318446992493,partial_trail_stop,
2626,overheated_24h,TREEUSDT,LONG,tp,1.999999999999996,tp,4.0,True,1787160900,0.045510714285714286,tp_branch,2,"[{""ts"":1787161200,""favorable_extreme"":0.04788,""stop"":0.0459648}]",1787161500,0.0459648,2.255771474552399,2.1278857372761975,partial_trail_stop,
2626,overheated_24h,TREEUSDT,LONG,tp,1.999999999999996,tp,5.0,True,1787160900,0.045510714285714286,tp_branch,2,"[{""ts"":1787161200,""favorable_extreme"":0.04788,""stop"":0.045510714285714286}]",1787161800,0.045510714285714286,1.999999999999996,1.999999999999996,partial_tp_floor,
2626,overheated_24h,TREEUSDT,LONG,tp,1.999999999999996,tp,6.0,True,1787160900,0.045510714285714286,tp_branch,2,"[{""ts"":1787161200,""favorable_extreme"":0.04788,""stop"":0.045510714285714286}]",1787161800,0.045510714285714286,1.999999999999996,1.999999999999996,partial_tp_floor,
2626,overheated_24h,TREEUSDT,LONG,tp,1.999999999999996,tp,8.0,True,1787160900,0.045510714285714286,tp_branch,2,"[{""ts"":1787161200,""favorable_extreme"":0.04788,""stop"":0.045510714285714286}]",1787161800,0.045510714285714286,1.999999999999996,1.999999999999996,partial_tp_floor,
2626,overheated_24h,TREEUSDT,LONG,tp,1.999999999999996,tp,10.0,True,1787160900,0.045510714285714286,tp_branch,2,"[{""ts"":1787161200,""favorable_extreme"":0.04788,""stop"":0.045510714285714286}]",1787161800,0.045510714285714286,1.999999999999996,1.999999999999996,partial_tp_floor,
2627,overheated_24h,MUBARAKUSDT,LONG,sl,-1.0,sl,2.0,False,,,not_activated,0,[],,,,-1.0,baseline_sl,
2627,overheated_24h,MUBARAKUSDT,LONG,sl,-1.0,sl,3.0,False,,,not_activated,0,[],,,,-1.0,baseline_sl,
2627,overheated_24h,MUBARAKUSDT,LONG,sl,-1.0,sl,4.0,False,,,not_activated,0,[],,,,-1.0,baseline_sl,
2627,overheated_24h,MUBARAKUSDT,LONG,sl,-1.0,sl,5.0,False,,,not_activated,0,[],,,,-1.0,baseline_sl,
2627,overheated_24h,MUBARAKUSDT,LONG,sl,-1.0,sl,6.0,False,,,not_activated,0,[],,,,-1.0,baseline_sl,
2627,overheated_24h,MUBARAKUSDT,LONG,sl,-1.0,sl,8.0,False,,,not_activated,0,[],,,,-1.0,baseline_sl,
2627,overheated_24h,MUBARAKUSDT,LONG,sl,-1.0,sl,10.0,False,,,not_activated,0,[],,,,-1.0,baseline_sl,
2628,overheated_24h,BIOUSDT,LONG,sl,-1.0,sl,2.0,False,,,not_activated,0,[],,,,-1.0,baseline_sl,
2628,overheated_24h,BIOUSDT,LONG,sl,-1.0,sl,3.0,False,,,not_activated,0,[],,,,-1.0,baseline_sl,
2628,overheated_24h,BIOUSDT,LONG,sl,-1.0,sl,4.0,False,,,not_activated,0,[],,,,-1.0,baseline_sl,
2628,overheated_24h,BIOUSDT,LONG,sl,-1.0,sl,5.0,False,,,not_activated,0,[],,,,-1.0,baseline_sl,
2628,overheated_24h,BIOUSDT,LONG,sl,-1.0,sl,6.0,False,,,not_activated,0,[],,,,-1.0,baseline_sl,
2628,overheated_24h,BIOUSDT,LONG,sl,-1.0,sl,8.0,False,,,not_activated,0,[],,,,-1.0,baseline_sl,
2628,overheated_24h,BIOUSDT,LONG,sl,-1.0,sl,10.0,False,,,not_activated,0,[],,,,-1.0,baseline_sl,
2629,overheated_24h,REUSDT,LONG,tp,2.0,tp,2.0,True,1787167200,0.54234,tp_branch,1,[],1787167500,0.54234,2.0,2.0,partial_tp_floor,
2629,overheated_24h,REUSDT,LONG,tp,2.0,tp,3.0,True,1787167200,0.54234,tp_branch,1,[],1787167500,0.54234,2.0,2.0,partial_tp_floor,
2629,overheated_24h,REUSDT,LONG,tp,2.0,tp,4.0,True,1787167200,0.54234,tp_branch,1,[],1787167500,0.54234,2.0,2.0,partial_tp_floor,
2629,overheated_24h,REUSDT,LONG,tp,2.0,tp,5.0,True,1787167200,0.54234,tp_branch,1,[],1787167500,0.54234,2.0,2.0,partial_tp_floor,
2629,overheated_24h,REUSDT,LONG,tp,2.0,tp,6.0,True,1787167200,0.54234,tp_branch,1,[],1787167500,0.54234,2.0,2.0,partial_tp_floor,
2629,overheated_24h,REUSDT,LONG,tp,2.0,tp,8.0,True,1787167200,0.54234,tp_branch,1,[],1787167500,0.54234,2.0,2.0,partial_tp_floor,
2629,overheated_24h,REUSDT,LONG,tp,2.0,tp,10.0,True,1787167200,0.54234,tp_branch,1,[],1787167500,0.54234,2.0,2.0,partial_tp_floor,
2630,overheated_24h,GRVTUSDT,LONG,sl,-1.0,sl,2.0,False,,,not_activated,0,[],,,,-1.0,baseline_sl,
2630,overheated_24h,GRVTUSDT,LONG,sl,-1.0,sl,3.0,False,,,not_activated,0,[],,,,-1.0,baseline_sl,
2630,overheated_24h,GRVTUSDT,LONG,sl,-1.0,sl,4.0,False,,,not_activated,0,[],,,,-1.0,baseline_sl,
2630,overheated_24h,GRVTUSDT,LONG,sl,-1.0,sl,5.0,False,,,not_activated,0,[],,,,-1.0,baseline_sl,
2630,overheated_24h,GRVTUSDT,LONG,sl,-1.0,sl,6.0,False,,,not_activated,0,[],,,,-1.0,baseline_sl,
2630,overheated_24h,GRVTUSDT,LONG,sl,-1.0,sl,8.0,False,,,not_activated,0,[],,,,-1.0,baseline_sl,
2630,overheated_24h,GRVTUSDT,LONG,sl,-1.0,sl,10.0,False,,,not_activated,0,[],,,,-1.0,baseline_sl,
2658,overheated_24h,MUBARAKUSDT,LONG,sl,-1.0,sl,2.0,False,,,not_activated,0,[],,,,-1.0,baseline_sl,
2658,overheated_24h,MUBARAKUSDT,LONG,sl,-1.0,sl,3.0,False,,,not_activated,0,[],,,,-1.0,baseline_sl,
2658,overheated_24h,MUBARAKUSDT,LONG,sl,-1.0,sl,4.0,False,,,not_activated,0,[],,,,-1.0,baseline_sl,
2658,overheated_24h,MUBARAKUSDT,LONG,sl,-1.0,sl,5.0,False,,,not_activated,0,[],,,,-1.0,baseline_sl,
2658,overheated_24h,MUBARAKUSDT,LONG,sl,-1.0,sl,6.0,False,,,not_activated,0,[],,,,-1.0,baseline_sl,
2658,overheated_24h,MUBARAKUSDT,LONG,sl,-1.0,sl,8.0,False,,,not_activated,0,[],,,,-1.0,baseline_sl,
2658,overheated_24h,MUBARAKUSDT,LONG,sl,-1.0,sl,10.0,False,,,not_activated,0,[],,,,-1.0,baseline_sl,
2659,overheated_24h,BOMEUSDT,LONG,tp,1.999999999999998,tp,2.0,True,1787208300,0.0009912142857142856,tp_branch,9,"[{""ts"":1787208600,""favorable_extreme"":0.0010112,""stop"":0.0009912142857142856},{""ts"":1787209200,""favorable_extreme"":0.0010259,""stop"":0.001005382},{""ts"":1787209500,""favorable_extreme"":0.0010386,""stop"":0.001017828},{""ts"":1787209800,""favorable_extreme"":0.0010445,""stop"":0.00102361},{""ts"":1787210100,""favorable_extreme"":0.0010659,""stop"":0.001044582},{""ts"":1787210400,""favorable_extreme"":0.0010872,""stop"":0.001065456},{""ts"":1787210700,""favorable_extreme"":0.001098,""stop"":0.00107604},{""ts"":1787211000,""favorable_extreme"":0.0011318,""stop"":0.0011091640000000002}]",1787211300,0.0011091640000000002,4.204373247897481,3.1021866239487395,partial_trail_stop,
2659,overheated_24h,BOMEUSDT,LONG,tp,1.999999999999998,tp,3.0,True,1787208300,0.0009912142857142856,tp_branch,9,"[{""ts"":1787208600,""favorable_extreme"":0.0010112,""stop"":0.0009912142857142856},{""ts"":1787209200,""favorable_extreme"":0.0010259,""stop"":0.0009951229999999999},{""ts"":1787209500,""favorable_extreme"":0.0010386,""stop"":0.0010074419999999999},{""ts"":1787209800,""favorable_extreme"":0.0010445,""stop"":0.0010131650000000001},{""ts"":1787210100,""favorable_extreme"":0.0010659,""stop"":0.001033923},{""ts"":1787210400,""favorable_extreme"":0.0010872,""stop"":0.001054584},{""ts"":1787210700,""favorable_extreme"":0.001098,""stop"":0.00106506},{""ts"":1787211000,""favorable_extreme"":0.0011318,""stop"":0.001097846}]",1787211300,0.001097846,3.992850086770792,2.996425043385395,partial_trail_stop,
2659,overheated_24h,BOMEUSDT,LONG,tp,1.999999999999998,tp,4.0,True,1787208300,0.0009912142857142856,tp_branch,9,"[{""ts"":1787208600,""favorable_extreme"":0.0010112,""stop"":0.0009912142857142856},{""ts"":1787209200,""favorable_extreme"":0.0010259,""stop"":0.0009912142857142856},{""ts"":1787209500,""favorable_extreme"":0.0010386,""stop"":0.0009970559999999999},{""ts"":1787209800,""favorable_extreme"":0.0010445,""stop"":0.0010027200000000001},{""ts"":1787210100,""favorable_extreme"":0.0010659,""stop"":0.001023264},{""ts"":1787210400,""favorable_extreme"":0.0010872,""stop"":0.001043712},{""ts"":1787210700,""favorable_extreme"":0.001098,""stop"":0.00105408},{""ts"":1787211000,""favorable_extreme"":0.0011318,""stop"":0.001086528}]",1787211300,0.001086528,3.7813269256441076,2.8906634628220527,partial_trail_stop,
2659,overheated_24h,BOMEUSDT,LONG,tp,1.999999999999998,tp,5.0,True,1787208300,0.0009912142857142856,tp_branch,9,"[{""ts"":1787208600,""favorable_extreme"":0.0010112,""stop"":0.0009912142857142856},{""ts"":1787209200,""favorable_extreme"":0.0010259,""stop"":0.0009912142857142856},{""ts"":1787209500,""favorable_extreme"":0.0010386,""stop"":0.0009912142857142856},{""ts"":1787209800,""favorable_extreme"":0.0010445,""stop"":0.000992275},{""ts"":1787210100,""favorable_extreme"":0.0010659,""stop"":0.001012605},{""ts"":1787210400,""favorable_extreme"":0.0010872,""stop"":0.00103284},{""ts"":1787210700,""favorable_extreme"":0.001098,""stop"":0.0010431},{""ts"":1787211000,""favorable_extreme"":0.0011318,""stop"":0.00107521}]",1787211300,0.00107521,3.569803764517423,2.7849018822587106,partial_trail_stop,
2659,overheated_24h,BOMEUSDT,LONG,tp,1.999999999999998,tp,6.0,True,1787208300,0.0009912142857142856,tp_branch,9,"[{""ts"":1787208600,""favorable_extreme"":0.0010112,""stop"":0.0009912142857142856},{""ts"":1787209200,""favorable_extreme"":0.0010259,""stop"":0.0009912142857142856},{""ts"":1787209500,""favorable_extreme"":0.0010386,""stop"":0.0009912142857142856},{""ts"":1787209800,""favorable_extreme"":0.0010445,""stop"":0.0009912142857142856},{""ts"":1787210100,""favorable_extreme"":0.0010659,""stop"":0.001001946},{""ts"":1787210400,""favorable_extreme"":0.0010872,""stop"":0.0010219679999999998},{""ts"":1787210700,""favorable_extreme"":0.001098,""stop"":0.0010321199999999999},{""ts"":1787211000,""favorable_extreme"":0.0011318,""stop"":0.001063892}]",1787211300,0.001063892,3.358280603390738,2.679140301695368,partial_trail_stop,
2659,overheated_24h,BOMEUSDT,LONG,tp,1.999999999999998,tp,8.0,True,1787208300,0.0009912142857142856,tp_branch,25,"[{""ts"":1787208600,""favorable_extreme"":0.0010112,""stop"":0.0009912142857142856},{""ts"":1787209200,""favorable_extreme"":0.0010259,""stop"":0.0009912142857142856},{""ts"":1787209500,""favorable_extreme"":0.0010386,""stop"":0.0009912142857142856},{""ts"":1787209800,""favorable_extreme"":0.0010445,""stop"":0.0009912142857142856},{""ts"":1787210100,""favorable_extreme"":0.0010659,""stop"":0.0009912142857142856},{""ts"":1787210400,""favorable_extreme"":0.0010872,""stop"":0.001000224},{""ts"":1787210700,""favorable_extreme"":0.001098,""stop"":0.00101016},{""ts"":1787211000,""favorable_extreme"":0.0011318,""stop"":0.0010412560000000002},{""ts"":1787212500,""favorable_extreme"":0.0011549,""stop"":0.001062508},{""ts"":1787213400,""favorable_extreme"":0.0011681,""stop"":0.0010746520000000002},{""ts"":1787213700,""favorable_extreme"":0.001179,""stop"":0.00108468},{""ts"":1787218500,""favorable_extreme"":0.001199,""stop"":0.00110308},{""ts"":1787219700,""favorable_extreme"":0.0012036,""stop"":0.001107312},{""ts"":1787220000,""favorable_extreme"":0.001223,""stop"":0.00112516},{""ts"":1787220300,""favorable_extreme"":0.001224,""stop"":0.00112608},{""ts"":1787220600,""favorable_extreme"":0.0012455,""stop"":0.00114586},{""ts"":1787220900,""favorable_extreme"":0.0012475,""stop"":0.0011477},{""ts"":1787223000,""favorable_extreme"":0.001255,""stop"":0.0011546},{""ts"":1787223300,""favorable_extreme"":0.0012698,""stop"":0.001168216},{""ts"":1787223600,""favorable_extreme"":0.0012792,""stop"":0.0011768640000000001},{""ts"":1787224800,""favorable_extreme"":0.0012956,""stop"":0.001191952},{""ts"":1787225100,""favorable_extreme"":0.0013125,""stop"":0.0012075},{""ts"":1787226300,""favorable_extreme"":0.0013276,""stop"":0.001221392},{""ts"":1787227200,""favorable_extreme"":0.001328,""stop"":0.0012217600000000001}]",1787229300,0.0012217600000000001,6.308690428514221,4.154345214257109,partial_trail_stop,
2659,overheated_24h,BOMEUSDT,LONG,tp,1.999999999999998,tp,10.0,True,1787208300,0.0009912142857142856,tp_branch,25,"[{""ts"":1787208600,""favorable_extreme"":0.0010112,""stop"":0.0009912142857142856},{""ts"":1787209200,""favorable_extreme"":0.0010259,""stop"":0.0009912142857142856},{""ts"":1787209500,""favorable_extreme"":0.0010386,""stop"":0.0009912142857142856},{""ts"":1787209800,""favorable_extreme"":0.0010445,""stop"":0.0009912142857142856},{""ts"":1787210100,""favorable_extreme"":0.0010659,""stop"":0.0009912142857142856},{""ts"":1787210400,""favorable_extreme"":0.0010872,""stop"":0.0009912142857142856},{""ts"":1787210700,""favorable_extreme"":0.001098,""stop"":0.0009912142857142856},{""ts"":1787211000,""favorable_extreme"":0.0011318,""stop"":0.00101862},{""ts"":1787212500,""favorable_extreme"":0.0011549,""stop"":0.00103941},{""ts"":1787213400,""favorable_extreme"":0.0011681,""stop"":0.00105129},{""ts"":1787213700,""favorable_extreme"":0.001179,""stop"":0.0010611},{""ts"":1787218500,""favorable_extreme"":0.001199,""stop"":0.0010791},{""ts"":1787219700,""favorable_extreme"":0.0012036,""stop"":0.00108324},{""ts"":1787220000,""favorable_extreme"":0.001223,""stop"":0.0011007},{""ts"":1787220300,""favorable_extreme"":0.001224,""stop"":0.0011016},{""ts"":1787220600,""favorable_extreme"":0.0012455,""stop"":0.0011209500000000001},{""ts"":1787220900,""favorable_extreme"":0.0012475,""stop"":0.00112275},{""ts"":1787223000,""favorable_extreme"":0.001255,""stop"":0.0011295},{""ts"":1787223300,""favorable_extreme"":0.0012698,""stop"":0.00114282},{""ts"":1787223600,""favorable_extreme"":0.0012792,""stop"":0.0011512800000000002},{""ts"":1787224800,""favorable_extreme"":0.0012956,""stop"":0.0011660400000000001},{""ts"":1787225100,""favorable_extreme"":0.0013125,""stop"":0.00118125},{""ts"":1787226300,""favorable_extreme"":0.0013276,""stop"":0.00119484},{""ts"":1787227200,""favorable_extreme"":0.001328,""stop"":0.0011952}]",1787229600,0.0011952,5.812308103057004,3.906154051528501,partial_trail_stop,
2660,overheated_24h,TREEUSDT,LONG,tp,1.999999999999996,tp,2.0,True,1787160900,0.04518071428571429,tp_branch,2,"[{""ts"":1787161200,""favorable_extreme"":0.04788,""stop"":0.046922399999999996}]",1787161500,0.046922399999999996,2.9810339971836544,2.490516998591825,partial_trail_stop,
2660,overheated_24h,TREEUSDT,LONG,tp,1.999999999999996,tp,3.0,True,1787160900,0.04518071428571429,tp_branch,2,"[{""ts"":1787161200,""favorable_extreme"":0.04788,""stop"":0.046443599999999995}]",1787161500,0.046443599999999995,2.7113417823375467,2.3556708911687716,partial_trail_stop,
2660,overheated_24h,TREEUSDT,LONG,tp,1.999999999999996,tp,4.0,True,1787160900,0.04518071428571429,tp_branch,2,"[{""ts"":1787161200,""favorable_extreme"":0.04788,""stop"":0.0459648}]",1787161500,0.0459648,2.441649567491443,2.2208247837457193,partial_trail_stop,
2660,overheated_24h,TREEUSDT,LONG,tp,1.999999999999996,tp,5.0,True,1787160900,0.04518071428571429,tp_branch,2,"[{""ts"":1787161200,""favorable_extreme"":0.04788,""stop"":0.045486}]",1787161800,0.045486,2.171957352645336,2.085978676322666,partial_trail_stop,
2660,overheated_24h,TREEUSDT,LONG,tp,1.999999999999996,tp,6.0,True,1787160900,0.04518071428571429,tp_branch,2,"[{""ts"":1787161200,""favorable_extreme"":0.04788,""stop"":0.04518071428571429}]",1787161800,0.04518071428571429,1.999999999999996,1.999999999999996,partial_tp_floor,
2660,overheated_24h,TREEUSDT,LONG,tp,1.999999999999996,tp,8.0,True,1787160900,0.04518071428571429,tp_branch,2,"[{""ts"":1787161200,""favorable_extreme"":0.04788,""stop"":0.04518071428571429}]",1787161800,0.04518071428571429,1.999999999999996,1.999999999999996,partial_tp_floor,
2660,overheated_24h,TREEUSDT,LONG,tp,1.999999999999996,tp,10.0,True,1787160900,0.04518071428571429,tp_branch,2,"[{""ts"":1787161200,""favorable_extreme"":0.04788,""stop"":0.04518071428571429}]",1787161800,0.04518071428571429,1.999999999999996,1.999999999999996,partial_tp_floor,
2661,overheated_24h,TREEUSDT,LONG,sl,-1.0,sl,2.0,False,,,not_activated,0,[],,,,-1.0,baseline_sl,
2661,overheated_24h,TREEUSDT,LONG,sl,-1.0,sl,3.0,False,,,not_activated,0,[],,,,-1.0,baseline_sl,
2661,overheated_24h,TREEUSDT,LONG,sl,-1.0,sl,4.0,False,,,not_activated,0,[],,,,-1.0,baseline_sl,
2661,overheated_24h,TREEUSDT,LONG,sl,-1.0,sl,5.0,False,,,not_activated,0,[],,,,-1.0,baseline_sl,
2661,overheated_24h,TREEUSDT,LONG,sl,-1.0,sl,6.0,False,,,not_activated,0,[],,,,-1.0,baseline_sl,
2661,overheated_24h,TREEUSDT,LONG,sl,-1.0,sl,8.0,False,,,not_activated,0,[],,,,-1.0,baseline_sl,
2661,overheated_24h,TREEUSDT,LONG,sl,-1.0,sl,10.0,False,,,not_activated,0,[],,,,-1.0,baseline_sl,
2663,overheated_24h,TREEUSDT,LONG,sl,-1.0,sl,2.0,False,,,not_activated,0,[],,,,-1.0,baseline_sl,
2663,overheated_24h,TREEUSDT,LONG,sl,-1.0,sl,3.0,False,,,not_activated,0,[],,,,-1.0,baseline_sl,
2663,overheated_24h,TREEUSDT,LONG,sl,-1.0,sl,4.0,False,,,not_activated,0,[],,,,-1.0,baseline_sl,
2663,overheated_24h,TREEUSDT,LONG,sl,-1.0,sl,5.0,False,,,not_activated,0,[],,,,-1.0,baseline_sl,
2663,overheated_24h,TREEUSDT,LONG,sl,-1.0,sl,6.0,False,,,not_activated,0,[],,,,-1.0,baseline_sl,
2663,overheated_24h,TREEUSDT,LONG,sl,-1.0,sl,8.0,False,,,not_activated,0,[],,,,-1.0,baseline_sl,
2663,overheated_24h,TREEUSDT,LONG,sl,-1.0,sl,10.0,False,,,not_activated,0,[],,,,-1.0,baseline_sl,
2673,overheated_24h,MAGMAUSDT,LONG,tp,2.0,tp,2.0,True,1787169900,0.21437035714285713,tp_branch,4,"[{""ts"":1787170200,""favorable_extreme"":0.21768,""stop"":0.21437035714285713},{""ts"":1787170500,""favorable_extreme"":0.2178,""stop"":0.21437035714285713},{""ts"":1787170800,""favorable_extreme"":0.21863,""stop"":0.21437035714285713}]",1787171100,0.21437035714285713,2.0,2.0,partial_tp_floor,
2673,overheated_24h,MAGMAUSDT,LONG,tp,2.0,tp,3.0,True,1787169900,0.21437035714285713,tp_branch,4,"[{""ts"":1787170200,""favorable_extreme"":0.21768,""stop"":0.21437035714285713},{""ts"":1787170500,""favorable_extreme"":0.2178,""stop"":0.21437035714285713},{""ts"":1787170800,""favorable_extreme"":0.21863,""stop"":0.21437035714285713}]",1787171100,0.21437035714285713,2.0,2.0,partial_tp_floor,
2673,overheated_24h,MAGMAUSDT,LONG,tp,2.0,tp,4.0,True,1787169900,0.21437035714285713,tp_branch,4,"[{""ts"":1787170200,""favorable_extreme"":0.21768,""stop"":0.21437035714285713},{""ts"":1787170500,""favorable_extreme"":0.2178,""stop"":0.21437035714285713},{""ts"":1787170800,""favorable_extreme"":0.21863,""stop"":0.21437035714285713}]",1787171100,0.21437035714285713,2.0,2.0,partial_tp_floor,
2673,overheated_24h,MAGMAUSDT,LONG,tp,2.0,tp,5.0,True,1787169900,0.21437035714285713,tp_branch,4,"[{""ts"":1787170200,""favorable_extreme"":0.21768,""stop"":0.21437035714285713},{""ts"":1787170500,""favorable_extreme"":0.2178,""stop"":0.21437035714285713},{""ts"":1787170800,""favorable_extreme"":0.21863,""stop"":0.21437035714285713}]",1787171100,0.21437035714285713,2.0,2.0,partial_tp_floor,
2673,overheated_24h,MAGMAUSDT,LONG,tp,2.0,tp,6.0,True,1787169900,0.21437035714285713,tp_branch,4,"[{""ts"":1787170200,""favorable_extreme"":0.21768,""stop"":0.21437035714285713},{""ts"":1787170500,""favorable_extreme"":0.2178,""stop"":0.21437035714285713},{""ts"":1787170800,""favorable_extreme"":0.21863,""stop"":0.21437035714285713}]",1787171100,0.21437035714285713,2.0,2.0,partial_tp_floor,
2673,overheated_24h,MAGMAUSDT,LONG,tp,2.0,tp,8.0,True,1787169900,0.21437035714285713,tp_branch,4,"[{""ts"":1787170200,""favorable_extreme"":0.21768,""stop"":0.21437035714285713},{""ts"":1787170500,""favorable_extreme"":0.2178,""stop"":0.21437035714285713},{""ts"":1787170800,""favorable_extreme"":0.21863,""stop"":0.21437035714285713}]",1787171100,0.21437035714285713,2.0,2.0,partial_tp_floor,
2673,overheated_24h,MAGMAUSDT,LONG,tp,2.0,tp,10.0,True,1787169900,0.21437035714285713,tp_branch,4,"[{""ts"":1787170200,""favorable_extreme"":0.21768,""stop"":0.21437035714285713},{""ts"":1787170500,""favorable_extreme"":0.2178,""stop"":0.21437035714285713},{""ts"":1787170800,""favorable_extreme"":0.21863,""stop"":0.21437035714285713}]",1787171100,0.21437035714285713,2.0,2.0,partial_tp_floor,
2675,overheated_24h,TREEUSDT,LONG,sl,-1.0,sl,2.0,False,,,not_activated,0,[],,,,-1.0,baseline_sl,
2675,overheated_24h,TREEUSDT,LONG,sl,-1.0,sl,3.0,False,,,not_activated,0,[],,,,-1.0,baseline_sl,
2675,overheated_24h,TREEUSDT,LONG,sl,-1.0,sl,4.0,False,,,not_activated,0,[],,,,-1.0,baseline_sl,
2675,overheated_24h,TREEUSDT,LONG,sl,-1.0,sl,5.0,False,,,not_activated,0,[],,,,-1.0,baseline_sl,
2675,overheated_24h,TREEUSDT,LONG,sl,-1.0,sl,6.0,False,,,not_activated,0,[],,,,-1.0,baseline_sl,
2675,overheated_24h,TREEUSDT,LONG,sl,-1.0,sl,8.0,False,,,not_activated,0,[],,,,-1.0,baseline_sl,
2675,overheated_24h,TREEUSDT,LONG,sl,-1.0,sl,10.0,False,,,not_activated,0,[],,,,-1.0,baseline_sl,
2677,overheated_24h,HYPEUSDT,LONG,tp,2.0,tp,2.0,True,1787175000,71.88039285714285,tp_branch,1,[],1787175300,71.88039285714285,2.0,2.0,partial_tp_floor,
2677,overheated_24h,HYPEUSDT,LONG,tp,2.0,tp,3.0,True,1787175000,71.88039285714285,tp_branch,1,[],1787175300,71.88039285714285,2.0,2.0,partial_tp_floor,
2677,overheated_24h,HYPEUSDT,LONG,tp,2.0,tp,4.0,True,1787175000,71.88039285714285,tp_branch,1,[],1787175300,71.88039285714285,2.0,2.0,partial_tp_floor,
2677,overheated_24h,HYPEUSDT,LONG,tp,2.0,tp,5.0,True,1787175000,71.88039285714285,tp_branch,1,[],1787175300,71.88039285714285,2.0,2.0,partial_tp_floor,
2677,overheated_24h,HYPEUSDT,LONG,tp,2.0,tp,6.0,True,1787175000,71.88039285714285,tp_branch,1,[],1787175300,71.88039285714285,2.0,2.0,partial_tp_floor,
2677,overheated_24h,HYPEUSDT,LONG,tp,2.0,tp,8.0,True,1787175000,71.88039285714285,tp_branch,1,[],1787175300,71.88039285714285,2.0,2.0,partial_tp_floor,
2677,overheated_24h,HYPEUSDT,LONG,tp,2.0,tp,10.0,True,1787175000,71.88039285714285,tp_branch,1,[],1787175300,71.88039285714285,2.0,2.0,partial_tp_floor,
2678,overheated_24h,ACUUSDT,LONG,sl,-1.0,sl,2.0,False,,,not_activated,0,[],,,,-1.0,baseline_sl,
2678,overheated_24h,ACUUSDT,LONG,sl,-1.0,sl,3.0,False,,,not_activated,0,[],,,,-1.0,baseline_sl,
2678,overheated_24h,ACUUSDT,LONG,sl,-1.0,sl,4.0,False,,,not_activated,0,[],,,,-1.0,baseline_sl,
2678,overheated_24h,ACUUSDT,LONG,sl,-1.0,sl,5.0,False,,,not_activated,0,[],,,,-1.0,baseline_sl,
2678,overheated_24h,ACUUSDT,LONG,sl,-1.0,sl,6.0,False,,,not_activated,0,[],,,,-1.0,baseline_sl,
2678,overheated_24h,ACUUSDT,LONG,sl,-1.0,sl,8.0,False,,,not_activated,0,[],,,,-1.0,baseline_sl,
2678,overheated_24h,ACUUSDT,LONG,sl,-1.0,sl,10.0,False,,,not_activated,0,[],,,,-1.0,baseline_sl,
2679,overheated_24h,REUSDT,LONG,sl,-1.0,sl,2.0,False,,,not_activated,0,[],,,,-1.0,baseline_sl,
2679,overheated_24h,REUSDT,LONG,sl,-1.0,sl,3.0,False,,,not_activated,0,[],,,,-1.0,baseline_sl,
2679,overheated_24h,REUSDT,LONG,sl,-1.0,sl,4.0,False,,,not_activated,0,[],,,,-1.0,baseline_sl,
2679,overheated_24h,REUSDT,LONG,sl,-1.0,sl,5.0,False,,,not_activated,0,[],,,,-1.0,baseline_sl,
2679,overheated_24h,REUSDT,LONG,sl,-1.0,sl,6.0,False,,,not_activated,0,[],,,,-1.0,baseline_sl,
2679,overheated_24h,REUSDT,LONG,sl,-1.0,sl,8.0,False,,,not_activated,0,[],,,,-1.0,baseline_sl,
2679,overheated_24h,REUSDT,LONG,sl,-1.0,sl,10.0,False,,,not_activated,0,[],,,,-1.0,baseline_sl,
2719,overheated_24h,SKYAIUSDT,LONG,tp,2.0,tp,2.0,True,1787361300,0.08408857142857143,tp_branch,3,"[{""ts"":1787361600,""favorable_extreme"":0.08672,""stop"":0.08498560000000001},{""ts"":1787361900,""favorable_extreme"":0.08704,""stop"":0.0852992}]",1787362500,0.0852992,2.1521982758620695,2.0760991379310347,partial_trail_stop,
2719,overheated_24h,SKYAIUSDT,LONG,tp,2.0,tp,3.0,True,1787361300,0.08408857142857143,tp_branch,3,"[{""ts"":1787361600,""favorable_extreme"":0.08672,""stop"":0.08411840000000001},{""ts"":1787361900,""favorable_extreme"":0.08704,""stop"":0.0844288}]",1787362500,0.0844288,2.042772988505747,2.0213864942528734,partial_trail_stop,
2719,overheated_24h,SKYAIUSDT,LONG,tp,2.0,tp,4.0,True,1787361300,0.08408857142857143,tp_branch,3,"[{""ts"":1787361600,""favorable_extreme"":0.08672,""stop"":0.08408857142857143},{""ts"":1787361900,""favorable_extreme"":0.08704,""stop"":0.08408857142857143}]",1787362500,0.08408857142857143,2.0,2.0,partial_tp_floor,
2719,overheated_24h,SKYAIUSDT,LONG,tp,2.0,tp,5.0,True,1787361300,0.08408857142857143,tp_branch,3,"[{""ts"":1787361600,""favorable_extreme"":0.08672,""stop"":0.08408857142857143},{""ts"":1787361900,""favorable_extreme"":0.08704,""stop"":0.08408857142857143}]",1787362500,0.08408857142857143,2.0,2.0,partial_tp_floor,
2719,overheated_24h,SKYAIUSDT,LONG,tp,2.0,tp,6.0,True,1787361300,0.08408857142857143,tp_branch,3,"[{""ts"":1787361600,""favorable_extreme"":0.08672,""stop"":0.08408857142857143},{""ts"":1787361900,""favorable_extreme"":0.08704,""stop"":0.08408857142857143}]",1787362500,0.08408857142857143,2.0,2.0,partial_tp_floor,
2719,overheated_24h,SKYAIUSDT,LONG,tp,2.0,tp,8.0,True,1787361300,0.08408857142857143,tp_branch,3,"[{""ts"":1787361600,""favorable_extreme"":0.08672,""stop"":0.08408857142857143},{""ts"":1787361900,""favorable_extreme"":0.08704,""stop"":0.08408857142857143}]",1787362500,0.08408857142857143,2.0,2.0,partial_tp_floor,
2719,overheated_24h,SKYAIUSDT,LONG,tp,2.0,tp,10.0,True,1787361300,0.08408857142857143,tp_branch,3,"[{""ts"":1787361600,""favorable_extreme"":0.08672,""stop"":0.08408857142857143},{""ts"":1787361900,""favorable_extreme"":0.08704,""stop"":0.08408857142857143}]",1787362500,0.08408857142857143,2.0,2.0,partial_tp_floor,
2723,overheated_24h,MAGMAUSDT,LONG,tp,2.0000000000000027,tp,2.0,True,1787184900,0.23936392857142857,tp_branch,1,[],1787185200,0.23936392857142857,2.0000000000000027,2.0000000000000027,partial_tp_floor,
2723,overheated_24h,MAGMAUSDT,LONG,tp,2.0000000000000027,tp,3.0,True,1787184900,0.23936392857142857,tp_branch,1,[],1787185200,0.23936392857142857,2.0000000000000027,2.0000000000000027,partial_tp_floor,
2723,overheated_24h,MAGMAUSDT,LONG,tp,2.0000000000000027,tp,4.0,True,1787184900,0.23936392857142857,tp_branch,1,[],1787185200,0.23936392857142857,2.0000000000000027,2.0000000000000027,partial_tp_floor,
2723,overheated_24h,MAGMAUSDT,LONG,tp,2.0000000000000027,tp,5.0,True,1787184900,0.23936392857142857,tp_branch,1,[],1787185200,0.23936392857142857,2.0000000000000027,2.0000000000000027,partial_tp_floor,
2723,overheated_24h,MAGMAUSDT,LONG,tp,2.0000000000000027,tp,6.0,True,1787184900,0.23936392857142857,tp_branch,1,[],1787185200,0.23936392857142857,2.0000000000000027,2.0000000000000027,partial_tp_floor,
2723,overheated_24h,MAGMAUSDT,LONG,tp,2.0000000000000027,tp,8.0,True,1787184900,0.23936392857142857,tp_branch,1,[],1787185200,0.23936392857142857,2.0000000000000027,2.0000000000000027,partial_tp_floor,
2723,overheated_24h,MAGMAUSDT,LONG,tp,2.0000000000000027,tp,10.0,True,1787184900,0.23936392857142857,tp_branch,1,[],1787185200,0.23936392857142857,2.0000000000000027,2.0000000000000027,partial_tp_floor,
2785,overheated_24h,REDUSDT,LONG,sl,-1.0,sl,2.0,False,,,not_activated,0,[],,,,-1.0,baseline_sl,
2785,overheated_24h,REDUSDT,LONG,sl,-1.0,sl,3.0,False,,,not_activated,0,[],,,,-1.0,baseline_sl,
2785,overheated_24h,REDUSDT,LONG,sl,-1.0,sl,4.0,False,,,not_activated,0,[],,,,-1.0,baseline_sl,
2785,overheated_24h,REDUSDT,LONG,sl,-1.0,sl,5.0,False,,,not_activated,0,[],,,,-1.0,baseline_sl,
2785,overheated_24h,REDUSDT,LONG,sl,-1.0,sl,6.0,False,,,not_activated,0,[],,,,-1.0,baseline_sl,
2785,overheated_24h,REDUSDT,LONG,sl,-1.0,sl,8.0,False,,,not_activated,0,[],,,,-1.0,baseline_sl,
2785,overheated_24h,REDUSDT,LONG,sl,-1.0,sl,10.0,False,,,not_activated,0,[],,,,-1.0,baseline_sl,
2786,overheated_24h,ETHUSDT,LONG,tp,2.0,tp,2.0,True,1787244000,2349.3421428571432,tp_branch,1,[],1787244300,2349.3421428571432,2.0,2.0,partial_tp_floor,
2786,overheated_24h,ETHUSDT,LONG,tp,2.0,tp,3.0,True,1787244000,2349.3421428571432,tp_branch,1,[],1787244300,2349.3421428571432,2.0,2.0,partial_tp_floor,
2786,overheated_24h,ETHUSDT,LONG,tp,2.0,tp,4.0,True,1787244000,2349.3421428571432,tp_branch,1,[],1787244300,2349.3421428571432,2.0,2.0,partial_tp_floor,
2786,overheated_24h,ETHUSDT,LONG,tp,2.0,tp,5.0,True,1787244000,2349.3421428571432,tp_branch,1,[],1787244300,2349.3421428571432,2.0,2.0,partial_tp_floor,
2786,overheated_24h,ETHUSDT,LONG,tp,2.0,tp,6.0,True,1787244000,2349.3421428571432,tp_branch,1,[],1787244300,2349.3421428571432,2.0,2.0,partial_tp_floor,
2786,overheated_24h,ETHUSDT,LONG,tp,2.0,tp,8.0,True,1787244000,2349.3421428571432,tp_branch,1,[],1787244300,2349.3421428571432,2.0,2.0,partial_tp_floor,
2786,overheated_24h,ETHUSDT,LONG,tp,2.0,tp,10.0,True,1787244000,2349.3421428571432,tp_branch,1,[],1787244300,2349.3421428571432,2.0,2.0,partial_tp_floor,
2791,overheated_24h,LITUSDT,LONG,sl,-1.0,sl,2.0,False,,,not_activated,0,[],,,,-1.0,baseline_sl,
2791,overheated_24h,LITUSDT,LONG,sl,-1.0,sl,3.0,False,,,not_activated,0,[],,,,-1.0,baseline_sl,
2791,overheated_24h,LITUSDT,LONG,sl,-1.0,sl,4.0,False,,,not_activated,0,[],,,,-1.0,baseline_sl,
2791,overheated_24h,LITUSDT,LONG,sl,-1.0,sl,5.0,False,,,not_activated,0,[],,,,-1.0,baseline_sl,
2791,overheated_24h,LITUSDT,LONG,sl,-1.0,sl,6.0,False,,,not_activated,0,[],,,,-1.0,baseline_sl,
2791,overheated_24h,LITUSDT,LONG,sl,-1.0,sl,8.0,False,,,not_activated,0,[],,,,-1.0,baseline_sl,
2791,overheated_24h,LITUSDT,LONG,sl,-1.0,sl,10.0,False,,,not_activated,0,[],,,,-1.0,baseline_sl,
2792,overheated_24h,HYPEUSDT,LONG,tp,2.0,tp,2.0,True,1787317800,76.49060714285713,tp_branch,1,[],1787318100,76.49060714285713,2.0,2.0,partial_tp_floor,
2792,overheated_24h,HYPEUSDT,LONG,tp,2.0,tp,3.0,True,1787317800,76.49060714285713,tp_branch,1,[],1787318100,76.49060714285713,2.0,2.0,partial_tp_floor,
2792,overheated_24h,HYPEUSDT,LONG,tp,2.0,tp,4.0,True,1787317800,76.49060714285713,tp_branch,1,[],1787318100,76.49060714285713,2.0,2.0,partial_tp_floor,
2792,overheated_24h,HYPEUSDT,LONG,tp,2.0,tp,5.0,True,1787317800,76.49060714285713,tp_branch,1,[],1787318100,76.49060714285713,2.0,2.0,partial_tp_floor,
2792,overheated_24h,HYPEUSDT,LONG,tp,2.0,tp,6.0,True,1787317800,76.49060714285713,tp_branch,1,[],1787318100,76.49060714285713,2.0,2.0,partial_tp_floor,
2792,overheated_24h,HYPEUSDT,LONG,tp,2.0,tp,8.0,True,1787317800,76.49060714285713,tp_branch,1,[],1787318100,76.49060714285713,2.0,2.0,partial_tp_floor,
2792,overheated_24h,HYPEUSDT,LONG,tp,2.0,tp,10.0,True,1787317800,76.49060714285713,tp_branch,1,[],1787318100,76.49060714285713,2.0,2.0,partial_tp_floor,
2793,overheated_24h,METUSDT,LONG,sl,-1.0,sl,2.0,False,,,not_activated,0,[],,,,-1.0,baseline_sl,
2793,overheated_24h,METUSDT,LONG,sl,-1.0,sl,3.0,False,,,not_activated,0,[],,,,-1.0,baseline_sl,
2793,overheated_24h,METUSDT,LONG,sl,-1.0,sl,4.0,False,,,not_activated,0,[],,,,-1.0,baseline_sl,
2793,overheated_24h,METUSDT,LONG,sl,-1.0,sl,5.0,False,,,not_activated,0,[],,,,-1.0,baseline_sl,
2793,overheated_24h,METUSDT,LONG,sl,-1.0,sl,6.0,False,,,not_activated,0,[],,,,-1.0,baseline_sl,
2793,overheated_24h,METUSDT,LONG,sl,-1.0,sl,8.0,False,,,not_activated,0,[],,,,-1.0,baseline_sl,
2793,overheated_24h,METUSDT,LONG,sl,-1.0,sl,10.0,False,,,not_activated,0,[],,,,-1.0,baseline_sl,
2794,overheated_24h,AEROUSDT,LONG,tp,1.9999999999999942,tp,2.0,True,1787239800,0.4854678571428571,tp_branch,1,[],1787240100,0.4854678571428571,1.9999999999999942,1.9999999999999942,partial_tp_floor,
2794,overheated_24h,AEROUSDT,LONG,tp,1.9999999999999942,tp,3.0,True,1787239800,0.4854678571428571,tp_branch,1,[],1787240100,0.4854678571428571,1.9999999999999942,1.9999999999999942,partial_tp_floor,
2794,overheated_24h,AEROUSDT,LONG,tp,1.9999999999999942,tp,4.0,True,1787239800,0.4854678571428571,tp_branch,1,[],1787240100,0.4854678571428571,1.9999999999999942,1.9999999999999942,partial_tp_floor,
2794,overheated_24h,AEROUSDT,LONG,tp,1.9999999999999942,tp,5.0,True,1787239800,0.4854678571428571,tp_branch,1,[],1787240100,0.4854678571428571,1.9999999999999942,1.9999999999999942,partial_tp_floor,
2794,overheated_24h,AEROUSDT,LONG,tp,1.9999999999999942,tp,6.0,True,1787239800,0.4854678571428571,tp_branch,1,[],1787240100,0.4854678571428571,1.9999999999999942,1.9999999999999942,partial_tp_floor,
2794,overheated_24h,AEROUSDT,LONG,tp,1.9999999999999942,tp,8.0,True,1787239800,0.4854678571428571,tp_branch,1,[],1787240100,0.4854678571428571,1.9999999999999942,1.9999999999999942,partial_tp_floor,
2794,overheated_24h,AEROUSDT,LONG,tp,1.9999999999999942,tp,10.0,True,1787239800,0.4854678571428571,tp_branch,1,[],1787240100,0.4854678571428571,1.9999999999999942,1.9999999999999942,partial_tp_floor,
2796,overheated_24h,ARBUSDT,LONG,tp,2.0,tp,2.0,True,1787292900,0.09289964285714286,tp_branch,1,[],1787293200,0.09289964285714286,2.0,2.0,partial_tp_floor,
2796,overheated_24h,ARBUSDT,LONG,tp,2.0,tp,3.0,True,1787292900,0.09289964285714286,tp_branch,1,[],1787293200,0.09289964285714286,2.0,2.0,partial_tp_floor,
2796,overheated_24h,ARBUSDT,LONG,tp,2.0,tp,4.0,True,1787292900,0.09289964285714286,tp_branch,1,[],1787293200,0.09289964285714286,2.0,2.0,partial_tp_floor,
2796,overheated_24h,ARBUSDT,LONG,tp,2.0,tp,5.0,True,1787292900,0.09289964285714286,tp_branch,1,[],1787293200,0.09289964285714286,2.0,2.0,partial_tp_floor,
2796,overheated_24h,ARBUSDT,LONG,tp,2.0,tp,6.0,True,1787292900,0.09289964285714286,tp_branch,1,[],1787293200,0.09289964285714286,2.0,2.0,partial_tp_floor,
2796,overheated_24h,ARBUSDT,LONG,tp,2.0,tp,8.0,True,1787292900,0.09289964285714286,tp_branch,1,[],1787293200,0.09289964285714286,2.0,2.0,partial_tp_floor,
2796,overheated_24h,ARBUSDT,LONG,tp,2.0,tp,10.0,True,1787292900,0.09289964285714286,tp_branch,1,[],1787293200,0.09289964285714286,2.0,2.0,partial_tp_floor,
2800,overheated_24h,PNUTUSDT,LONG,tp,2.0,tp,2.0,True,1787226000,0.051448571428571434,tp_branch,1,[],1787226300,0.051448571428571434,2.0,2.0,partial_tp_floor,
2800,overheated_24h,PNUTUSDT,LONG,tp,2.0,tp,3.0,True,1787226000,0.051448571428571434,tp_branch,1,[],1787226300,0.051448571428571434,2.0,2.0,partial_tp_floor,
2800,overheated_24h,PNUTUSDT,LONG,tp,2.0,tp,4.0,True,1787226000,0.051448571428571434,tp_branch,1,[],1787226300,0.051448571428571434,2.0,2.0,partial_tp_floor,
2800,overheated_24h,PNUTUSDT,LONG,tp,2.0,tp,5.0,True,1787226000,0.051448571428571434,tp_branch,1,[],1787226300,0.051448571428571434,2.0,2.0,partial_tp_floor,
2800,overheated_24h,PNUTUSDT,LONG,tp,2.0,tp,6.0,True,1787226000,0.051448571428571434,tp_branch,1,[],1787226300,0.051448571428571434,2.0,2.0,partial_tp_floor,
2800,overheated_24h,PNUTUSDT,LONG,tp,2.0,tp,8.0,True,1787226000,0.051448571428571434,tp_branch,1,[],1787226300,0.051448571428571434,2.0,2.0,partial_tp_floor,
2800,overheated_24h,PNUTUSDT,LONG,tp,2.0,tp,10.0,True,1787226000,0.051448571428571434,tp_branch,1,[],1787226300,0.051448571428571434,2.0,2.0,partial_tp_floor,
2825,overheated_24h,MONUSDT,LONG,tp,2.0,tp,2.0,True,1787226000,0.026625714285714284,tp_branch,1,[],1787226300,0.026625714285714284,2.0,2.0,partial_tp_floor,
2825,overheated_24h,MONUSDT,LONG,tp,2.0,tp,3.0,True,1787226000,0.026625714285714284,tp_branch,1,[],1787226300,0.026625714285714284,2.0,2.0,partial_tp_floor,
2825,overheated_24h,MONUSDT,LONG,tp,2.0,tp,4.0,True,1787226000,0.026625714285714284,tp_branch,1,[],1787226300,0.026625714285714284,2.0,2.0,partial_tp_floor,
2825,overheated_24h,MONUSDT,LONG,tp,2.0,tp,5.0,True,1787226000,0.026625714285714284,tp_branch,1,[],1787226300,0.026625714285714284,2.0,2.0,partial_tp_floor,
2825,overheated_24h,MONUSDT,LONG,tp,2.0,tp,6.0,True,1787226000,0.026625714285714284,tp_branch,1,[],1787226300,0.026625714285714284,2.0,2.0,partial_tp_floor,
2825,overheated_24h,MONUSDT,LONG,tp,2.0,tp,8.0,True,1787226000,0.026625714285714284,tp_branch,1,[],1787226300,0.026625714285714284,2.0,2.0,partial_tp_floor,
2825,overheated_24h,MONUSDT,LONG,tp,2.0,tp,10.0,True,1787226000,0.026625714285714284,tp_branch,1,[],1787226300,0.026625714285714284,2.0,2.0,partial_tp_floor,
2826,overheated_24h,MVLLUSDT,LONG,sl,-1.0,sl,2.0,False,,,not_activated,0,[],,,,-1.0,baseline_sl,
2826,overheated_24h,MVLLUSDT,LONG,sl,-1.0,sl,3.0,False,,,not_activated,0,[],,,,-1.0,baseline_sl,
2826,overheated_24h,MVLLUSDT,LONG,sl,-1.0,sl,4.0,False,,,not_activated,0,[],,,,-1.0,baseline_sl,
2826,overheated_24h,MVLLUSDT,LONG,sl,-1.0,sl,5.0,False,,,not_activated,0,[],,,,-1.0,baseline_sl,
2826,overheated_24h,MVLLUSDT,LONG,sl,-1.0,sl,6.0,False,,,not_activated,0,[],,,,-1.0,baseline_sl,
2826,overheated_24h,MVLLUSDT,LONG,sl,-1.0,sl,8.0,False,,,not_activated,0,[],,,,-1.0,baseline_sl,
2826,overheated_24h,MVLLUSDT,LONG,sl,-1.0,sl,10.0,False,,,not_activated,0,[],,,,-1.0,baseline_sl,
2827,overheated_24h,UPUSDT,LONG,sl,-1.0,sl,2.0,False,,,not_activated,0,[],,,,-1.0,baseline_sl,
2827,overheated_24h,UPUSDT,LONG,sl,-1.0,sl,3.0,False,,,not_activated,0,[],,,,-1.0,baseline_sl,
2827,overheated_24h,UPUSDT,LONG,sl,-1.0,sl,4.0,False,,,not_activated,0,[],,,,-1.0,baseline_sl,
2827,overheated_24h,UPUSDT,LONG,sl,-1.0,sl,5.0,False,,,not_activated,0,[],,,,-1.0,baseline_sl,
2827,overheated_24h,UPUSDT,LONG,sl,-1.0,sl,6.0,False,,,not_activated,0,[],,,,-1.0,baseline_sl,
2827,overheated_24h,UPUSDT,LONG,sl,-1.0,sl,8.0,False,,,not_activated,0,[],,,,-1.0,baseline_sl,
2827,overheated_24h,UPUSDT,LONG,sl,-1.0,sl,10.0,False,,,not_activated,0,[],,,,-1.0,baseline_sl,
2828,overheated_24h,BOMEUSDT,LONG,tp,2.0,tp,2.0,True,1787212500,0.0011517142857142856,tp_branch,1,[],1787212800,0.0011517142857142856,2.0,2.0,partial_tp_floor,
2828,overheated_24h,BOMEUSDT,LONG,tp,2.0,tp,3.0,True,1787212500,0.0011517142857142856,tp_branch,1,[],1787212800,0.0011517142857142856,2.0,2.0,partial_tp_floor,
2828,overheated_24h,BOMEUSDT,LONG,tp,2.0,tp,4.0,True,1787212500,0.0011517142857142856,tp_branch,1,[],1787212800,0.0011517142857142856,2.0,2.0,partial_tp_floor,
2828,overheated_24h,BOMEUSDT,LONG,tp,2.0,tp,5.0,True,1787212500,0.0011517142857142856,tp_branch,1,[],1787212800,0.0011517142857142856,2.0,2.0,partial_tp_floor,
2828,overheated_24h,BOMEUSDT,LONG,tp,2.0,tp,6.0,True,1787212500,0.0011517142857142856,tp_branch,1,[],1787212800,0.0011517142857142856,2.0,2.0,partial_tp_floor,
2828,overheated_24h,BOMEUSDT,LONG,tp,2.0,tp,8.0,True,1787212500,0.0011517142857142856,tp_branch,1,[],1787212800,0.0011517142857142856,2.0,2.0,partial_tp_floor,
2828,overheated_24h,BOMEUSDT,LONG,tp,2.0,tp,10.0,True,1787212500,0.0011517142857142856,tp_branch,1,[],1787212800,0.0011517142857142856,2.0,2.0,partial_tp_floor,
2829,overheated_24h,BMNRUSDT,LONG,sl,-1.0,sl,2.0,False,,,not_activated,0,[],,,,-1.0,baseline_sl,
2829,overheated_24h,BMNRUSDT,LONG,sl,-1.0,sl,3.0,False,,,not_activated,0,[],,,,-1.0,baseline_sl,
2829,overheated_24h,BMNRUSDT,LONG,sl,-1.0,sl,4.0,False,,,not_activated,0,[],,,,-1.0,baseline_sl,
2829,overheated_24h,BMNRUSDT,LONG,sl,-1.0,sl,5.0,False,,,not_activated,0,[],,,,-1.0,baseline_sl,
2829,overheated_24h,BMNRUSDT,LONG,sl,-1.0,sl,6.0,False,,,not_activated,0,[],,,,-1.0,baseline_sl,
2829,overheated_24h,BMNRUSDT,LONG,sl,-1.0,sl,8.0,False,,,not_activated,0,[],,,,-1.0,baseline_sl,
2829,overheated_24h,BMNRUSDT,LONG,sl,-1.0,sl,10.0,False,,,not_activated,0,[],,,,-1.0,baseline_sl,
2830,overheated_24h,CRCLXUSDT,LONG,sl,-1.0,sl,2.0,False,,,not_activated,0,[],,,,-1.0,baseline_sl,
2830,overheated_24h,CRCLXUSDT,LONG,sl,-1.0,sl,3.0,False,,,not_activated,0,[],,,,-1.0,baseline_sl,
2830,overheated_24h,CRCLXUSDT,LONG,sl,-1.0,sl,4.0,False,,,not_activated,0,[],,,,-1.0,baseline_sl,
2830,overheated_24h,CRCLXUSDT,LONG,sl,-1.0,sl,5.0,False,,,not_activated,0,[],,,,-1.0,baseline_sl,
2830,overheated_24h,CRCLXUSDT,LONG,sl,-1.0,sl,6.0,False,,,not_activated,0,[],,,,-1.0,baseline_sl,
2830,overheated_24h,CRCLXUSDT,LONG,sl,-1.0,sl,8.0,False,,,not_activated,0,[],,,,-1.0,baseline_sl,
2830,overheated_24h,CRCLXUSDT,LONG,sl,-1.0,sl,10.0,False,,,not_activated,0,[],,,,-1.0,baseline_sl,
2831,overheated_24h,EDGEXUSDT,LONG,tp,2.0000000000000044,tp,2.0,True,1787212500,0.35902142857142855,tp_branch,3,"[{""ts"":1787212800,""favorable_extreme"":0.3681,""stop"":0.360738},{""ts"":1787213100,""favorable_extreme"":0.3727,""stop"":0.36524599999999996}]",1787213400,0.36524599999999996,2.4765873666940155,2.2382936833470097,partial_trail_stop,
2831,overheated_24h,EDGEXUSDT,LONG,tp,2.0000000000000044,tp,3.0,True,1787212500,0.35902142857142855,tp_branch,3,"[{""ts"":1787212800,""favorable_extreme"":0.3681,""stop"":0.35902142857142855},{""ts"":1787213100,""favorable_extreme"":0.3727,""stop"":0.361519}]",1787213400,0.361519,2.1912277823352526,2.0956138911676288,partial_trail_stop,
2831,overheated_24h,EDGEXUSDT,LONG,tp,2.0000000000000044,tp,4.0,True,1787212500,0.35902142857142855,tp_branch,3,"[{""ts"":1787212800,""favorable_extreme"":0.3681,""stop"":0.35902142857142855},{""ts"":1787213100,""favorable_extreme"":0.3727,""stop"":0.35902142857142855}]",1787213400,0.35902142857142855,2.0000000000000044,2.0000000000000044,partial_tp_floor,
2831,overheated_24h,EDGEXUSDT,LONG,tp,2.0000000000000044,tp,5.0,True,1787212500,0.35902142857142855,tp_branch,3,"[{""ts"":1787212800,""favorable_extreme"":0.3681,""stop"":0.35902142857142855},{""ts"":1787213100,""favorable_extreme"":0.3727,""stop"":0.35902142857142855}]",1787213400,0.35902142857142855,2.0000000000000044,2.0000000000000044,partial_tp_floor,
2831,overheated_24h,EDGEXUSDT,LONG,tp,2.0000000000000044,tp,6.0,True,1787212500,0.35902142857142855,tp_branch,3,"[{""ts"":1787212800,""favorable_extreme"":0.3681,""stop"":0.35902142857142855},{""ts"":1787213100,""favorable_extreme"":0.3727,""stop"":0.35902142857142855}]",1787213400,0.35902142857142855,2.0000000000000044,2.0000000000000044,partial_tp_floor,
2831,overheated_24h,EDGEXUSDT,LONG,tp,2.0000000000000044,tp,8.0,True,1787212500,0.35902142857142855,tp_branch,3,"[{""ts"":1787212800,""favorable_extreme"":0.3681,""stop"":0.35902142857142855},{""ts"":1787213100,""favorable_extreme"":0.3727,""stop"":0.35902142857142855}]",1787213400,0.35902142857142855,2.0000000000000044,2.0000000000000044,partial_tp_floor,
2831,overheated_24h,EDGEXUSDT,LONG,tp,2.0000000000000044,tp,10.0,True,1787212500,0.35902142857142855,tp_branch,3,"[{""ts"":1787212800,""favorable_extreme"":0.3681,""stop"":0.35902142857142855},{""ts"":1787213100,""favorable_extreme"":0.3727,""stop"":0.35902142857142855}]",1787213400,0.35902142857142855,2.0000000000000044,2.0000000000000044,partial_tp_floor,
2840,overheated_24h,AVAAIUSDT,LONG,tp,2.0,tp,2.0,True,1787217900,0.01854975,tp_branch,1,[],1787218200,0.01854975,2.0,2.0,partial_tp_floor,
2840,overheated_24h,AVAAIUSDT,LONG,tp,2.0,tp,3.0,True,1787217900,0.01854975,tp_branch,1,[],1787218200,0.01854975,2.0,2.0,partial_tp_floor,
2840,overheated_24h,AVAAIUSDT,LONG,tp,2.0,tp,4.0,True,1787217900,0.01854975,tp_branch,1,[],1787218200,0.01854975,2.0,2.0,partial_tp_floor,
2840,overheated_24h,AVAAIUSDT,LONG,tp,2.0,tp,5.0,True,1787217900,0.01854975,tp_branch,1,[],1787218200,0.01854975,2.0,2.0,partial_tp_floor,
2840,overheated_24h,AVAAIUSDT,LONG,tp,2.0,tp,6.0,True,1787217900,0.01854975,tp_branch,1,[],1787218200,0.01854975,2.0,2.0,partial_tp_floor,
2840,overheated_24h,AVAAIUSDT,LONG,tp,2.0,tp,8.0,True,1787217900,0.01854975,tp_branch,1,[],1787218200,0.01854975,2.0,2.0,partial_tp_floor,
2840,overheated_24h,AVAAIUSDT,LONG,tp,2.0,tp,10.0,True,1787217900,0.01854975,tp_branch,1,[],1787218200,0.01854975,2.0,2.0,partial_tp_floor,
2842,overheated_24h,USELESSUSDT,LONG,tp,2.0000000000000027,tp,2.0,True,1787238900,0.04961892857142858,tp_branch,1,[],1787239200,0.04961892857142858,2.0000000000000027,2.0000000000000027,partial_tp_floor,
2842,overheated_24h,USELESSUSDT,LONG,tp,2.0000000000000027,tp,3.0,True,1787238900,0.04961892857142858,tp_branch,1,[],1787239200,0.04961892857142858,2.0000000000000027,2.0000000000000027,partial_tp_floor,
2842,overheated_24h,USELESSUSDT,LONG,tp,2.0000000000000027,tp,4.0,True,1787238900,0.04961892857142858,tp_branch,1,[],1787239200,0.04961892857142858,2.0000000000000027,2.0000000000000027,partial_tp_floor,
2842,overheated_24h,USELESSUSDT,LONG,tp,2.0000000000000027,tp,5.0,True,1787238900,0.04961892857142858,tp_branch,1,[],1787239200,0.04961892857142858,2.0000000000000027,2.0000000000000027,partial_tp_floor,
2842,overheated_24h,USELESSUSDT,LONG,tp,2.0000000000000027,tp,6.0,True,1787238900,0.04961892857142858,tp_branch,1,[],1787239200,0.04961892857142858,2.0000000000000027,2.0000000000000027,partial_tp_floor,
2842,overheated_24h,USELESSUSDT,LONG,tp,2.0000000000000027,tp,8.0,True,1787238900,0.04961892857142858,tp_branch,1,[],1787239200,0.04961892857142858,2.0000000000000027,2.0000000000000027,partial_tp_floor,
2842,overheated_24h,USELESSUSDT,LONG,tp,2.0000000000000027,tp,10.0,True,1787238900,0.04961892857142858,tp_branch,1,[],1787239200,0.04961892857142858,2.0000000000000027,2.0000000000000027,partial_tp_floor,
2843,overheated_24h,ETHFIUSDT,LONG,sl,-1.0,sl,2.0,False,,,not_activated,0,[],,,,-1.0,baseline_sl,
2843,overheated_24h,ETHFIUSDT,LONG,sl,-1.0,sl,3.0,False,,,not_activated,0,[],,,,-1.0,baseline_sl,
2843,overheated_24h,ETHFIUSDT,LONG,sl,-1.0,sl,4.0,False,,,not_activated,0,[],,,,-1.0,baseline_sl,
2843,overheated_24h,ETHFIUSDT,LONG,sl,-1.0,sl,5.0,False,,,not_activated,0,[],,,,-1.0,baseline_sl,
2843,overheated_24h,ETHFIUSDT,LONG,sl,-1.0,sl,6.0,False,,,not_activated,0,[],,,,-1.0,baseline_sl,
2843,overheated_24h,ETHFIUSDT,LONG,sl,-1.0,sl,8.0,False,,,not_activated,0,[],,,,-1.0,baseline_sl,
2843,overheated_24h,ETHFIUSDT,LONG,sl,-1.0,sl,10.0,False,,,not_activated,0,[],,,,-1.0,baseline_sl,
2844,overheated_24h,BIOUSDT,LONG,tp,2.0,tp,2.0,True,1787215200,0.032605714285714286,tp_branch,1,[],1787215500,0.032605714285714286,2.0,2.0,partial_tp_floor,
2844,overheated_24h,BIOUSDT,LONG,tp,2.0,tp,3.0,True,1787215200,0.032605714285714286,tp_branch,1,[],1787215500,0.032605714285714286,2.0,2.0,partial_tp_floor,
2844,overheated_24h,BIOUSDT,LONG,tp,2.0,tp,4.0,True,1787215200,0.032605714285714286,tp_branch,1,[],1787215500,0.032605714285714286,2.0,2.0,partial_tp_floor,
2844,overheated_24h,BIOUSDT,LONG,tp,2.0,tp,5.0,True,1787215200,0.032605714285714286,tp_branch,1,[],1787215500,0.032605714285714286,2.0,2.0,partial_tp_floor,
2844,overheated_24h,BIOUSDT,LONG,tp,2.0,tp,6.0,True,1787215200,0.032605714285714286,tp_branch,1,[],1787215500,0.032605714285714286,2.0,2.0,partial_tp_floor,
2844,overheated_24h,BIOUSDT,LONG,tp,2.0,tp,8.0,True,1787215200,0.032605714285714286,tp_branch,1,[],1787215500,0.032605714285714286,2.0,2.0,partial_tp_floor,
2844,overheated_24h,BIOUSDT,LONG,tp,2.0,tp,10.0,True,1787215200,0.032605714285714286,tp_branch,1,[],1787215500,0.032605714285714286,2.0,2.0,partial_tp_floor,
2849,overheated_24h,EDGEXUSDT,LONG,sl,-1.0,sl,2.0,False,,,not_activated,0,[],,,,-1.0,baseline_sl,
2849,overheated_24h,EDGEXUSDT,LONG,sl,-1.0,sl,3.0,False,,,not_activated,0,[],,,,-1.0,baseline_sl,
2849,overheated_24h,EDGEXUSDT,LONG,sl,-1.0,sl,4.0,False,,,not_activated,0,[],,,,-1.0,baseline_sl,
2849,overheated_24h,EDGEXUSDT,LONG,sl,-1.0,sl,5.0,False,,,not_activated,0,[],,,,-1.0,baseline_sl,
2849,overheated_24h,EDGEXUSDT,LONG,sl,-1.0,sl,6.0,False,,,not_activated,0,[],,,,-1.0,baseline_sl,
2849,overheated_24h,EDGEXUSDT,LONG,sl,-1.0,sl,8.0,False,,,not_activated,0,[],,,,-1.0,baseline_sl,
2849,overheated_24h,EDGEXUSDT,LONG,sl,-1.0,sl,10.0,False,,,not_activated,0,[],,,,-1.0,baseline_sl,
2852,overheated_24h,BOMEUSDT,LONG,tp,1.9999999999999967,tp,2.0,True,1787220900,0.001246225,tp_branch,1,[],1787221200,0.001246225,1.9999999999999967,1.9999999999999967,partial_tp_floor,
2852,overheated_24h,BOMEUSDT,LONG,tp,1.9999999999999967,tp,3.0,True,1787220900,0.001246225,tp_branch,1,[],1787221200,0.001246225,1.9999999999999967,1.9999999999999967,partial_tp_floor,
2852,overheated_24h,BOMEUSDT,LONG,tp,1.9999999999999967,tp,4.0,True,1787220900,0.001246225,tp_branch,1,[],1787221200,0.001246225,1.9999999999999967,1.9999999999999967,partial_tp_floor,
2852,overheated_24h,BOMEUSDT,LONG,tp,1.9999999999999967,tp,5.0,True,1787220900,0.001246225,tp_branch,1,[],1787221200,0.001246225,1.9999999999999967,1.9999999999999967,partial_tp_floor,
2852,overheated_24h,BOMEUSDT,LONG,tp,1.9999999999999967,tp,6.0,True,1787220900,0.001246225,tp_branch,1,[],1787221200,0.001246225,1.9999999999999967,1.9999999999999967,partial_tp_floor,
2852,overheated_24h,BOMEUSDT,LONG,tp,1.9999999999999967,tp,8.0,True,1787220900,0.001246225,tp_branch,1,[],1787221200,0.001246225,1.9999999999999967,1.9999999999999967,partial_tp_floor,
2852,overheated_24h,BOMEUSDT,LONG,tp,1.9999999999999967,tp,10.0,True,1787220900,0.001246225,tp_branch,1,[],1787221200,0.001246225,1.9999999999999967,1.9999999999999967,partial_tp_floor,
2884,overheated_24h,COINXUSDT,LONG,tp,2.0,tp,2.0,True,1787275800,177.14642857142857,tp_branch,1,[],1787276100,177.14642857142857,2.0,2.0,partial_tp_floor,
2884,overheated_24h,COINXUSDT,LONG,tp,2.0,tp,3.0,True,1787275800,177.14642857142857,tp_branch,1,[],1787276100,177.14642857142857,2.0,2.0,partial_tp_floor,
2884,overheated_24h,COINXUSDT,LONG,tp,2.0,tp,4.0,True,1787275800,177.14642857142857,tp_branch,1,[],1787276100,177.14642857142857,2.0,2.0,partial_tp_floor,
2884,overheated_24h,COINXUSDT,LONG,tp,2.0,tp,5.0,True,1787275800,177.14642857142857,tp_branch,1,[],1787276100,177.14642857142857,2.0,2.0,partial_tp_floor,
2884,overheated_24h,COINXUSDT,LONG,tp,2.0,tp,6.0,True,1787275800,177.14642857142857,tp_branch,1,[],1787276100,177.14642857142857,2.0,2.0,partial_tp_floor,
2884,overheated_24h,COINXUSDT,LONG,tp,2.0,tp,8.0,True,1787275800,177.14642857142857,tp_branch,1,[],1787276100,177.14642857142857,2.0,2.0,partial_tp_floor,
2884,overheated_24h,COINXUSDT,LONG,tp,2.0,tp,10.0,True,1787275800,177.14642857142857,tp_branch,1,[],1787276100,177.14642857142857,2.0,2.0,partial_tp_floor,
2885,overheated_24h,BRETTUSDT,LONG,tp,2.000000000000006,tp,2.0,True,1787226000,0.004547892857142857,tp_branch,5,"[{""ts"":1787226300,""favorable_extreme"":0.004629,""stop"":0.004547892857142857},{""ts"":1787226600,""favorable_extreme"":0.004655,""stop"":0.0045619},{""ts"":1787226900,""favorable_extreme"":0.00468,""stop"":0.0045864},{""ts"":1787227500,""favorable_extreme"":0.0047,""stop"":0.004606}]",1787227800,0.004606,2.4212297734627897,2.210614886731398,partial_trail_stop,
2885,overheated_24h,BRETTUSDT,LONG,tp,2.000000000000006,tp,3.0,True,1787226000,0.004547892857142857,tp_branch,6,"[{""ts"":1787226300,""favorable_extreme"":0.004629,""stop"":0.004547892857142857},{""ts"":1787226600,""favorable_extreme"":0.004655,""stop"":0.004547892857142857},{""ts"":1787226900,""favorable_extreme"":0.00468,""stop"":0.004547892857142857},{""ts"":1787227500,""favorable_extreme"":0.0047,""stop"":0.004559},{""ts"":1787227800,""favorable_extreme"":0.004718,""stop"":0.00457646}]",1787229300,0.00457646,2.207088673139166,2.103544336569586,partial_trail_stop,
2885,overheated_24h,BRETTUSDT,LONG,tp,2.000000000000006,tp,4.0,True,1787226000,0.004547892857142857,tp_branch,6,"[{""ts"":1787226300,""favorable_extreme"":0.004629,""stop"":0.004547892857142857},{""ts"":1787226600,""favorable_extreme"":0.004655,""stop"":0.004547892857142857},{""ts"":1787226900,""favorable_extreme"":0.00468,""stop"":0.004547892857142857},{""ts"":1787227500,""favorable_extreme"":0.0047,""stop"":0.004547892857142857},{""ts"":1787227800,""favorable_extreme"":0.004718,""stop"":0.004547892857142857}]",1787229300,0.004547892857142857,2.000000000000006,2.000000000000006,partial_tp_floor,
2885,overheated_24h,BRETTUSDT,LONG,tp,2.000000000000006,tp,5.0,True,1787226000,0.004547892857142857,tp_branch,6,"[{""ts"":1787226300,""favorable_extreme"":0.004629,""stop"":0.004547892857142857},{""ts"":1787226600,""favorable_extreme"":0.004655,""stop"":0.004547892857142857},{""ts"":1787226900,""favorable_extreme"":0.00468,""stop"":0.004547892857142857},{""ts"":1787227500,""favorable_extreme"":0.0047,""stop"":0.004547892857142857},{""ts"":1787227800,""favorable_extreme"":0.004718,""stop"":0.004547892857142857}]",1787229300,0.004547892857142857,2.000000000000006,2.000000000000006,partial_tp_floor,
2885,overheated_24h,BRETTUSDT,LONG,tp,2.000000000000006,tp,6.0,True,1787226000,0.004547892857142857,tp_branch,6,"[{""ts"":1787226300,""favorable_extreme"":0.004629,""stop"":0.004547892857142857},{""ts"":1787226600,""favorable_extreme"":0.004655,""stop"":0.004547892857142857},{""ts"":1787226900,""favorable_extreme"":0.00468,""stop"":0.004547892857142857},{""ts"":1787227500,""favorable_extreme"":0.0047,""stop"":0.004547892857142857},{""ts"":1787227800,""favorable_extreme"":0.004718,""stop"":0.004547892857142857}]",1787229300,0.004547892857142857,2.000000000000006,2.000000000000006,partial_tp_floor,
2885,overheated_24h,BRETTUSDT,LONG,tp,2.000000000000006,tp,8.0,True,1787226000,0.004547892857142857,tp_branch,6,"[{""ts"":1787226300,""favorable_extreme"":0.004629,""stop"":0.004547892857142857},{""ts"":1787226600,""favorable_extreme"":0.004655,""stop"":0.004547892857142857},{""ts"":1787226900,""favorable_extreme"":0.00468,""stop"":0.004547892857142857},{""ts"":1787227500,""favorable_extreme"":0.0047,""stop"":0.004547892857142857},{""ts"":1787227800,""favorable_extreme"":0.004718,""stop"":0.004547892857142857}]",1787229300,0.004547892857142857,2.000000000000006,2.000000000000006,partial_tp_floor,
2885,overheated_24h,BRETTUSDT,LONG,tp,2.000000000000006,tp,10.0,True,1787226000,0.004547892857142857,tp_branch,6,"[{""ts"":1787226300,""favorable_extreme"":0.004629,""stop"":0.004547892857142857},{""ts"":1787226600,""favorable_extreme"":0.004655,""stop"":0.004547892857142857},{""ts"":1787226900,""favorable_extreme"":0.00468,""stop"":0.004547892857142857},{""ts"":1787227500,""favorable_extreme"":0.0047,""stop"":0.004547892857142857},{""ts"":1787227800,""favorable_extreme"":0.004718,""stop"":0.004547892857142857}]",1787229300,0.004547892857142857,2.000000000000006,2.000000000000006,partial_tp_floor,
2886,overheated_24h,CRVUSDT,LONG,tp,2.0,tp,2.0,True,1787273700,0.2914928571428571,tp_branch,1,[],1787274000,0.2914928571428571,2.0,2.0,partial_tp_floor,
2886,overheated_24h,CRVUSDT,LONG,tp,2.0,tp,3.0,True,1787273700,0.2914928571428571,tp_branch,1,[],1787274000,0.2914928571428571,2.0,2.0,partial_tp_floor,
2886,overheated_24h,CRVUSDT,LONG,tp,2.0,tp,4.0,True,1787273700,0.2914928571428571,tp_branch,1,[],1787274000,0.2914928571428571,2.0,2.0,partial_tp_floor,
2886,overheated_24h,CRVUSDT,LONG,tp,2.0,tp,5.0,True,1787273700,0.2914928571428571,tp_branch,1,[],1787274000,0.2914928571428571,2.0,2.0,partial_tp_floor,
2886,overheated_24h,CRVUSDT,LONG,tp,2.0,tp,6.0,True,1787273700,0.2914928571428571,tp_branch,1,[],1787274000,0.2914928571428571,2.0,2.0,partial_tp_floor,
2886,overheated_24h,CRVUSDT,LONG,tp,2.0,tp,8.0,True,1787273700,0.2914928571428571,tp_branch,1,[],1787274000,0.2914928571428571,2.0,2.0,partial_tp_floor,
2886,overheated_24h,CRVUSDT,LONG,tp,2.0,tp,10.0,True,1787273700,0.2914928571428571,tp_branch,1,[],1787274000,0.2914928571428571,2.0,2.0,partial_tp_floor,
2888,overheated_24h,MSTRXUSDT,LONG,sl,-1.0,sl,2.0,False,,,not_activated,0,[],,,,-1.0,baseline_sl,
2888,overheated_24h,MSTRXUSDT,LONG,sl,-1.0,sl,3.0,False,,,not_activated,0,[],,,,-1.0,baseline_sl,
2888,overheated_24h,MSTRXUSDT,LONG,sl,-1.0,sl,4.0,False,,,not_activated,0,[],,,,-1.0,baseline_sl,
2888,overheated_24h,MSTRXUSDT,LONG,sl,-1.0,sl,5.0,False,,,not_activated,0,[],,,,-1.0,baseline_sl,
2888,overheated_24h,MSTRXUSDT,LONG,sl,-1.0,sl,6.0,False,,,not_activated,0,[],,,,-1.0,baseline_sl,
2888,overheated_24h,MSTRXUSDT,LONG,sl,-1.0,sl,8.0,False,,,not_activated,0,[],,,,-1.0,baseline_sl,
2888,overheated_24h,MSTRXUSDT,LONG,sl,-1.0,sl,10.0,False,,,not_activated,0,[],,,,-1.0,baseline_sl,
2891,overheated_24h,PEPEUSDT,LONG,tp,2.0000000000000053,tp,2.0,True,1787287500,3.294142857142857e-06,tp_branch,1,[],1787287800,3.294142857142857e-06,2.0000000000000053,2.0000000000000053,partial_tp_floor,
2891,overheated_24h,PEPEUSDT,LONG,tp,2.0000000000000053,tp,3.0,True,1787287500,3.294142857142857e-06,tp_branch,1,[],1787287800,3.294142857142857e-06,2.0000000000000053,2.0000000000000053,partial_tp_floor,
2891,overheated_24h,PEPEUSDT,LONG,tp,2.0000000000000053,tp,4.0,True,1787287500,3.294142857142857e-06,tp_branch,1,[],1787287800,3.294142857142857e-06,2.0000000000000053,2.0000000000000053,partial_tp_floor,
2891,overheated_24h,PEPEUSDT,LONG,tp,2.0000000000000053,tp,5.0,True,1787287500,3.294142857142857e-06,tp_branch,1,[],1787287800,3.294142857142857e-06,2.0000000000000053,2.0000000000000053,partial_tp_floor,
2891,overheated_24h,PEPEUSDT,LONG,tp,2.0000000000000053,tp,6.0,True,1787287500,3.294142857142857e-06,tp_branch,1,[],1787287800,3.294142857142857e-06,2.0000000000000053,2.0000000000000053,partial_tp_floor,
2891,overheated_24h,PEPEUSDT,LONG,tp,2.0000000000000053,tp,8.0,True,1787287500,3.294142857142857e-06,tp_branch,1,[],1787287800,3.294142857142857e-06,2.0000000000000053,2.0000000000000053,partial_tp_floor,
2891,overheated_24h,PEPEUSDT,LONG,tp,2.0000000000000053,tp,10.0,True,1787287500,3.294142857142857e-06,tp_branch,1,[],1787287800,3.294142857142857e-06,2.0000000000000053,2.0000000000000053,partial_tp_floor,
2892,overheated_24h,VELODROMEUSDT,LONG,tp,2.0,tp,2.0,True,1787299800,0.020295714285714285,tp_branch,7,"[{""ts"":1787300100,""favorable_extreme"":0.0203,""stop"":0.020295714285714285},{""ts"":1787300700,""favorable_extreme"":0.02034,""stop"":0.020295714285714285},{""ts"":1787301600,""favorable_extreme"":0.0204,""stop"":0.020295714285714285},{""ts"":1787301900,""favorable_extreme"":0.0205,""stop"":0.020295714285714285},{""ts"":1787302200,""favorable_extreme"":0.02054,""stop"":0.020295714285714285},{""ts"":1787302500,""favorable_extreme"":0.02069,""stop"":0.020295714285714285}]",1787302800,0.020295714285714285,2.0,2.0,partial_tp_floor,
2892,overheated_24h,VELODROMEUSDT,LONG,tp,2.0,tp,3.0,True,1787299800,0.020295714285714285,tp_branch,7,"[{""ts"":1787300100,""favorable_extreme"":0.0203,""stop"":0.020295714285714285},{""ts"":1787300700,""favorable_extreme"":0.02034,""stop"":0.020295714285714285},{""ts"":1787301600,""favorable_extreme"":0.0204,""stop"":0.020295714285714285},{""ts"":1787301900,""favorable_extreme"":0.0205,""stop"":0.020295714285714285},{""ts"":1787302200,""favorable_extreme"":0.02054,""stop"":0.020295714285714285},{""ts"":1787302500,""favorable_extreme"":0.02069,""stop"":0.020295714285714285}]",1787302800,0.020295714285714285,2.0,2.0,partial_tp_floor,
2892,overheated_24h,VELODROMEUSDT,LONG,tp,2.0,tp,4.0,True,1787299800,0.020295714285714285,tp_branch,7,"[{""ts"":1787300100,""favorable_extreme"":0.0203,""stop"":0.020295714285714285},{""ts"":1787300700,""favorable_extreme"":0.02034,""stop"":0.020295714285714285},{""ts"":1787301600,""favorable_extreme"":0.0204,""stop"":0.020295714285714285},{""ts"":1787301900,""favorable_extreme"":0.0205,""stop"":0.020295714285714285},{""ts"":1787302200,""favorable_extreme"":0.02054,""stop"":0.020295714285714285},{""ts"":1787302500,""favorable_extreme"":0.02069,""stop"":0.020295714285714285}]",1787302800,0.020295714285714285,2.0,2.0,partial_tp_floor,
2892,overheated_24h,VELODROMEUSDT,LONG,tp,2.0,tp,5.0,True,1787299800,0.020295714285714285,tp_branch,7,"[{""ts"":1787300100,""favorable_extreme"":0.0203,""stop"":0.020295714285714285},{""ts"":1787300700,""favorable_extreme"":0.02034,""stop"":0.020295714285714285},{""ts"":1787301600,""favorable_extreme"":0.0204,""stop"":0.020295714285714285},{""ts"":1787301900,""favorable_extreme"":0.0205,""stop"":0.020295714285714285},{""ts"":1787302200,""favorable_extreme"":0.02054,""stop"":0.020295714285714285},{""ts"":1787302500,""favorable_extreme"":0.02069,""stop"":0.020295714285714285}]",1787302800,0.020295714285714285,2.0,2.0,partial_tp_floor,
2892,overheated_24h,VELODROMEUSDT,LONG,tp,2.0,tp,6.0,True,1787299800,0.020295714285714285,tp_branch,7,"[{""ts"":1787300100,""favorable_extreme"":0.0203,""stop"":0.020295714285714285},{""ts"":1787300700,""favorable_extreme"":0.02034,""stop"":0.020295714285714285},{""ts"":1787301600,""favorable_extreme"":0.0204,""stop"":0.020295714285714285},{""ts"":1787301900,""favorable_extreme"":0.0205,""stop"":0.020295714285714285},{""ts"":1787302200,""favorable_extreme"":0.02054,""stop"":0.020295714285714285},{""ts"":1787302500,""favorable_extreme"":0.02069,""stop"":0.020295714285714285}]",1787302800,0.020295714285714285,2.0,2.0,partial_tp_floor,
2892,overheated_24h,VELODROMEUSDT,LONG,tp,2.0,tp,8.0,True,1787299800,0.020295714285714285,tp_branch,7,"[{""ts"":1787300100,""favorable_extreme"":0.0203,""stop"":0.020295714285714285},{""ts"":1787300700,""favorable_extreme"":0.02034,""stop"":0.020295714285714285},{""ts"":1787301600,""favorable_extreme"":0.0204,""stop"":0.020295714285714285},{""ts"":1787301900,""favorable_extreme"":0.0205,""stop"":0.020295714285714285},{""ts"":1787302200,""favorable_extreme"":0.02054,""stop"":0.020295714285714285},{""ts"":1787302500,""favorable_extreme"":0.02069,""stop"":0.020295714285714285}]",1787302800,0.020295714285714285,2.0,2.0,partial_tp_floor,
2892,overheated_24h,VELODROMEUSDT,LONG,tp,2.0,tp,10.0,True,1787299800,0.020295714285714285,tp_branch,7,"[{""ts"":1787300100,""favorable_extreme"":0.0203,""stop"":0.020295714285714285},{""ts"":1787300700,""favorable_extreme"":0.02034,""stop"":0.020295714285714285},{""ts"":1787301600,""favorable_extreme"":0.0204,""stop"":0.020295714285714285},{""ts"":1787301900,""favorable_extreme"":0.0205,""stop"":0.020295714285714285},{""ts"":1787302200,""favorable_extreme"":0.02054,""stop"":0.020295714285714285},{""ts"":1787302500,""favorable_extreme"":0.02069,""stop"":0.020295714285714285}]",1787302800,0.020295714285714285,2.0,2.0,partial_tp_floor,
2895,overheated_24h,PENDLEUSDT,LONG,sl,-1.0,sl,2.0,False,,,not_activated,0,[],,,,-1.0,baseline_sl,
2895,overheated_24h,PENDLEUSDT,LONG,sl,-1.0,sl,3.0,False,,,not_activated,0,[],,,,-1.0,baseline_sl,
2895,overheated_24h,PENDLEUSDT,LONG,sl,-1.0,sl,4.0,False,,,not_activated,0,[],,,,-1.0,baseline_sl,
2895,overheated_24h,PENDLEUSDT,LONG,sl,-1.0,sl,5.0,False,,,not_activated,0,[],,,,-1.0,baseline_sl,
2895,overheated_24h,PENDLEUSDT,LONG,sl,-1.0,sl,6.0,False,,,not_activated,0,[],,,,-1.0,baseline_sl,
2895,overheated_24h,PENDLEUSDT,LONG,sl,-1.0,sl,8.0,False,,,not_activated,0,[],,,,-1.0,baseline_sl,
2895,overheated_24h,PENDLEUSDT,LONG,sl,-1.0,sl,10.0,False,,,not_activated,0,[],,,,-1.0,baseline_sl,
2902,overheated_24h,CCUSDT,LONG,sl,-1.0,sl,2.0,False,,,not_activated,0,[],,,,-1.0,baseline_sl,
2902,overheated_24h,CCUSDT,LONG,sl,-1.0,sl,3.0,False,,,not_activated,0,[],,,,-1.0,baseline_sl,
2902,overheated_24h,CCUSDT,LONG,sl,-1.0,sl,4.0,False,,,not_activated,0,[],,,,-1.0,baseline_sl,
2902,overheated_24h,CCUSDT,LONG,sl,-1.0,sl,5.0,False,,,not_activated,0,[],,,,-1.0,baseline_sl,
2902,overheated_24h,CCUSDT,LONG,sl,-1.0,sl,6.0,False,,,not_activated,0,[],,,,-1.0,baseline_sl,
2902,overheated_24h,CCUSDT,LONG,sl,-1.0,sl,8.0,False,,,not_activated,0,[],,,,-1.0,baseline_sl,
2902,overheated_24h,CCUSDT,LONG,sl,-1.0,sl,10.0,False,,,not_activated,0,[],,,,-1.0,baseline_sl,
2904,overheated_24h,牛来USDT,LONG,sl,-1.0,sl,2.0,False,,,not_activated,0,[],,,,-1.0,baseline_sl,
2904,overheated_24h,牛来USDT,LONG,sl,-1.0,sl,3.0,False,,,not_activated,0,[],,,,-1.0,baseline_sl,
2904,overheated_24h,牛来USDT,LONG,sl,-1.0,sl,4.0,False,,,not_activated,0,[],,,,-1.0,baseline_sl,
2904,overheated_24h,牛来USDT,LONG,sl,-1.0,sl,5.0,False,,,not_activated,0,[],,,,-1.0,baseline_sl,
2904,overheated_24h,牛来USDT,LONG,sl,-1.0,sl,6.0,False,,,not_activated,0,[],,,,-1.0,baseline_sl,
2904,overheated_24h,牛来USDT,LONG,sl,-1.0,sl,8.0,False,,,not_activated,0,[],,,,-1.0,baseline_sl,
2904,overheated_24h,牛来USDT,LONG,sl,-1.0,sl,10.0,False,,,not_activated,0,[],,,,-1.0,baseline_sl,
2905,overheated_24h,ORDIUSDT,LONG,tp,1.9999999999999958,tp,2.0,True,1787220300,4.170678571428571,tp_branch,1,[],1787220600,4.170678571428571,1.9999999999999958,1.9999999999999958,partial_tp_floor,
2905,overheated_24h,ORDIUSDT,LONG,tp,1.9999999999999958,tp,3.0,True,1787220300,4.170678571428571,tp_branch,1,[],1787220600,4.170678571428571,1.9999999999999958,1.9999999999999958,partial_tp_floor,
2905,overheated_24h,ORDIUSDT,LONG,tp,1.9999999999999958,tp,4.0,True,1787220300,4.170678571428571,tp_branch,1,[],1787220600,4.170678571428571,1.9999999999999958,1.9999999999999958,partial_tp_floor,
2905,overheated_24h,ORDIUSDT,LONG,tp,1.9999999999999958,tp,5.0,True,1787220300,4.170678571428571,tp_branch,1,[],1787220600,4.170678571428571,1.9999999999999958,1.9999999999999958,partial_tp_floor,
2905,overheated_24h,ORDIUSDT,LONG,tp,1.9999999999999958,tp,6.0,True,1787220300,4.170678571428571,tp_branch,1,[],1787220600,4.170678571428571,1.9999999999999958,1.9999999999999958,partial_tp_floor,
2905,overheated_24h,ORDIUSDT,LONG,tp,1.9999999999999958,tp,8.0,True,1787220300,4.170678571428571,tp_branch,1,[],1787220600,4.170678571428571,1.9999999999999958,1.9999999999999958,partial_tp_floor,
2905,overheated_24h,ORDIUSDT,LONG,tp,1.9999999999999958,tp,10.0,True,1787220300,4.170678571428571,tp_branch,1,[],1787220600,4.170678571428571,1.9999999999999958,1.9999999999999958,partial_tp_floor,
2906,overheated_24h,XRPUSDT,LONG,tp,2.0,tp,2.0,True,1787232000,1.198825,tp_branch,2,"[{""ts"":1787232300,""favorable_extreme"":1.2075,""stop"":1.198825}]",1787232600,1.198825,2.0,2.0,partial_tp_floor,
2906,overheated_24h,XRPUSDT,LONG,tp,2.0,tp,3.0,True,1787232000,1.198825,tp_branch,2,"[{""ts"":1787232300,""favorable_extreme"":1.2075,""stop"":1.198825}]",1787232600,1.198825,2.0,2.0,partial_tp_floor,
2906,overheated_24h,XRPUSDT,LONG,tp,2.0,tp,4.0,True,1787232000,1.198825,tp_branch,2,"[{""ts"":1787232300,""favorable_extreme"":1.2075,""stop"":1.198825}]",1787232600,1.198825,2.0,2.0,partial_tp_floor,
2906,overheated_24h,XRPUSDT,LONG,tp,2.0,tp,5.0,True,1787232000,1.198825,tp_branch,2,"[{""ts"":1787232300,""favorable_extreme"":1.2075,""stop"":1.198825}]",1787232600,1.198825,2.0,2.0,partial_tp_floor,
2906,overheated_24h,XRPUSDT,LONG,tp,2.0,tp,6.0,True,1787232000,1.198825,tp_branch,2,"[{""ts"":1787232300,""favorable_extreme"":1.2075,""stop"":1.198825}]",1787232600,1.198825,2.0,2.0,partial_tp_floor,
2906,overheated_24h,XRPUSDT,LONG,tp,2.0,tp,8.0,True,1787232000,1.198825,tp_branch,2,"[{""ts"":1787232300,""favorable_extreme"":1.2075,""stop"":1.198825}]",1787232600,1.198825,2.0,2.0,partial_tp_floor,
2906,overheated_24h,XRPUSDT,LONG,tp,2.0,tp,10.0,True,1787232000,1.198825,tp_branch,2,"[{""ts"":1787232300,""favorable_extreme"":1.2075,""stop"":1.198825}]",1787232600,1.198825,2.0,2.0,partial_tp_floor,
2907,overheated_24h,JCTUSDT,LONG,sl,-1.0,sl,2.0,False,,,not_activated,0,[],,,,-1.0,baseline_sl,
2907,overheated_24h,JCTUSDT,LONG,sl,-1.0,sl,3.0,False,,,not_activated,0,[],,,,-1.0,baseline_sl,
2907,overheated_24h,JCTUSDT,LONG,sl,-1.0,sl,4.0,False,,,not_activated,0,[],,,,-1.0,baseline_sl,
2907,overheated_24h,JCTUSDT,LONG,sl,-1.0,sl,5.0,False,,,not_activated,0,[],,,,-1.0,baseline_sl,
2907,overheated_24h,JCTUSDT,LONG,sl,-1.0,sl,6.0,False,,,not_activated,0,[],,,,-1.0,baseline_sl,
2907,overheated_24h,JCTUSDT,LONG,sl,-1.0,sl,8.0,False,,,not_activated,0,[],,,,-1.0,baseline_sl,
2907,overheated_24h,JCTUSDT,LONG,sl,-1.0,sl,10.0,False,,,not_activated,0,[],,,,-1.0,baseline_sl,
2908,overheated_24h,MOODENGUSDT,LONG,tp,2.0000000000000067,tp,2.0,True,1787237700,0.04260642857142857,tp_branch,1,[],1787238000,0.04260642857142857,2.0000000000000067,2.0000000000000067,partial_tp_floor,
2908,overheated_24h,MOODENGUSDT,LONG,tp,2.0000000000000067,tp,3.0,True,1787237700,0.04260642857142857,tp_branch,1,[],1787238000,0.04260642857142857,2.0000000000000067,2.0000000000000067,partial_tp_floor,
2908,overheated_24h,MOODENGUSDT,LONG,tp,2.0000000000000067,tp,4.0,True,1787237700,0.04260642857142857,tp_branch,1,[],1787238000,0.04260642857142857,2.0000000000000067,2.0000000000000067,partial_tp_floor,
2908,overheated_24h,MOODENGUSDT,LONG,tp,2.0000000000000067,tp,5.0,True,1787237700,0.04260642857142857,tp_branch,1,[],1787238000,0.04260642857142857,2.0000000000000067,2.0000000000000067,partial_tp_floor,
2908,overheated_24h,MOODENGUSDT,LONG,tp,2.0000000000000067,tp,6.0,True,1787237700,0.04260642857142857,tp_branch,1,[],1787238000,0.04260642857142857,2.0000000000000067,2.0000000000000067,partial_tp_floor,
2908,overheated_24h,MOODENGUSDT,LONG,tp,2.0000000000000067,tp,8.0,True,1787237700,0.04260642857142857,tp_branch,1,[],1787238000,0.04260642857142857,2.0000000000000067,2.0000000000000067,partial_tp_floor,
2908,overheated_24h,MOODENGUSDT,LONG,tp,2.0000000000000067,tp,10.0,True,1787237700,0.04260642857142857,tp_branch,1,[],1787238000,0.04260642857142857,2.0000000000000067,2.0000000000000067,partial_tp_floor,
2912,overheated_24h,FORMUSDT,LONG,tp,2.0,tp,2.0,True,1787217300,0.24709285714285714,tp_branch,1,[],1787217600,0.24709285714285714,2.0,2.0,partial_tp_floor,
2912,overheated_24h,FORMUSDT,LONG,tp,2.0,tp,3.0,True,1787217300,0.24709285714285714,tp_branch,1,[],1787217600,0.24709285714285714,2.0,2.0,partial_tp_floor,
2912,overheated_24h,FORMUSDT,LONG,tp,2.0,tp,4.0,True,1787217300,0.24709285714285714,tp_branch,1,[],1787217600,0.24709285714285714,2.0,2.0,partial_tp_floor,
2912,overheated_24h,FORMUSDT,LONG,tp,2.0,tp,5.0,True,1787217300,0.24709285714285714,tp_branch,1,[],1787217600,0.24709285714285714,2.0,2.0,partial_tp_floor,
2912,overheated_24h,FORMUSDT,LONG,tp,2.0,tp,6.0,True,1787217300,0.24709285714285714,tp_branch,1,[],1787217600,0.24709285714285714,2.0,2.0,partial_tp_floor,
2912,overheated_24h,FORMUSDT,LONG,tp,2.0,tp,8.0,True,1787217300,0.24709285714285714,tp_branch,1,[],1787217600,0.24709285714285714,2.0,2.0,partial_tp_floor,
2912,overheated_24h,FORMUSDT,LONG,tp,2.0,tp,10.0,True,1787217300,0.24709285714285714,tp_branch,1,[],1787217600,0.24709285714285714,2.0,2.0,partial_tp_floor,
2926,overheated_24h,MAGMAUSDT,LONG,sl,-1.0,sl,2.0,False,,,not_activated,0,[],,,,-1.0,baseline_sl,
2926,overheated_24h,MAGMAUSDT,LONG,sl,-1.0,sl,3.0,False,,,not_activated,0,[],,,,-1.0,baseline_sl,
2926,overheated_24h,MAGMAUSDT,LONG,sl,-1.0,sl,4.0,False,,,not_activated,0,[],,,,-1.0,baseline_sl,
2926,overheated_24h,MAGMAUSDT,LONG,sl,-1.0,sl,5.0,False,,,not_activated,0,[],,,,-1.0,baseline_sl,
2926,overheated_24h,MAGMAUSDT,LONG,sl,-1.0,sl,6.0,False,,,not_activated,0,[],,,,-1.0,baseline_sl,
2926,overheated_24h,MAGMAUSDT,LONG,sl,-1.0,sl,8.0,False,,,not_activated,0,[],,,,-1.0,baseline_sl,
2926,overheated_24h,MAGMAUSDT,LONG,sl,-1.0,sl,10.0,False,,,not_activated,0,[],,,,-1.0,baseline_sl,
2929,overheated_24h,ENAUSDT,LONG,tp,2.0,tp,2.0,True,1787245200,0.10315464285714285,tp_branch,14,"[{""ts"":1787245500,""favorable_extreme"":0.10452,""stop"":0.10315464285714285},{""ts"":1787245800,""favorable_extreme"":0.10494,""stop"":0.10315464285714285},{""ts"":1787246100,""favorable_extreme"":0.10573,""stop"":0.1036154},{""ts"":1787246400,""favorable_extreme"":0.10577,""stop"":0.1036546},{""ts"":1787247000,""favorable_extreme"":0.10621,""stop"":0.10408579999999999},{""ts"":1787247300,""favorable_extreme"":0.10687,""stop"":0.10473260000000001},{""ts"":1787247600,""favorable_extreme"":0.10718,""stop"":0.1050364},{""ts"":1787248500,""favorable_extreme"":0.10719,""stop"":0.10504619999999999},{""ts"":1787250000,""favorable_extreme"":0.10765,""stop"":0.105497},{""ts"":1787251200,""favorable_extreme"":0.10831,""stop"":0.1061438},{""ts"":1787251500,""favorable_extreme"":0.10912,""stop"":0.1069376},{""ts"":1787252700,""favorable_extreme"":0.10932,""stop"":0.1071336},{""ts"":1787253000,""favorable_extreme"":0.11042,""stop"":0.1082116}]",1787253300,0.1082116,3.785446062669447,2.8927230313347234,partial_trail_stop,
2929,overheated_24h,ENAUSDT,LONG,tp,2.0,tp,3.0,True,1787245200,0.10315464285714285,tp_branch,14,"[{""ts"":1787245500,""favorable_extreme"":0.10452,""stop"":0.10315464285714285},{""ts"":1787245800,""favorable_extreme"":0.10494,""stop"":0.10315464285714285},{""ts"":1787246100,""favorable_extreme"":0.10573,""stop"":0.10315464285714285},{""ts"":1787246400,""favorable_extreme"":0.10577,""stop"":0.10315464285714285},{""ts"":1787247000,""favorable_extreme"":0.10621,""stop"":0.10315464285714285},{""ts"":1787247300,""favorable_extreme"":0.10687,""stop"":0.1036639},{""ts"":1787247600,""favorable_extreme"":0.10718,""stop"":0.10396459999999999},{""ts"":1787248500,""favorable_extreme"":0.10719,""stop"":0.10397429999999999},{""ts"":1787250000,""favorable_extreme"":0.10765,""stop"":0.1044205},{""ts"":1787251200,""favorable_extreme"":0.10831,""stop"":0.1050607},{""ts"":1787251500,""favorable_extreme"":0.10912,""stop"":0.1058464},{""ts"":1787252700,""favorable_extreme"":0.10932,""stop"":0.10604039999999999},{""ts"":1787253000,""favorable_extreme"":0.11042,""stop"":0.1071074}]",1787256000,0.1071074,3.3955891810100307,2.6977945905050156,partial_trail_stop,
2929,overheated_24h,ENAUSDT,LONG,tp,2.0,tp,4.0,True,1787245200,0.10315464285714285,tp_branch,65,"[{""ts"":1787245500,""favorable_extreme"":0.10452,""stop"":0.10315464285714285},{""ts"":1787245800,""favorable_extreme"":0.10494,""stop"":0.10315464285714285},{""ts"":1787246100,""favorable_extreme"":0.10573,""stop"":0.10315464285714285},{""ts"":1787246400,""favorable_extreme"":0.10577,""stop"":0.10315464285714285},{""ts"":1787247000,""favorable_extreme"":0.10621,""stop"":0.10315464285714285},{""ts"":1787247300,""favorable_extreme"":0.10687,""stop"":0.10315464285714285},{""ts"":1787247600,""favorable_extreme"":0.10718,""stop"":0.10315464285714285},{""ts"":1787248500,""favorable_extreme"":0.10719,""stop"":0.10315464285714285},{""ts"":1787250000,""favorable_extreme"":0.10765,""stop"":0.10334399999999999},{""ts"":1787251200,""favorable_extreme"":0.10831,""stop"":0.1039776},{""ts"":1787251500,""favorable_extreme"":0.10912,""stop"":0.10475519999999999},{""ts"":1787252700,""favorable_extreme"":0.10932,""stop"":0.10494719999999999},{""ts"":1787253000,""favorable_extreme"":0.11042,""stop"":0.1060032},{""ts"":1787256900,""favorable_extreme"":0.11064,""stop"":0.1062144},{""ts"":1787259300,""favorable_extreme"":0.11181,""stop"":0.1073376},{""ts"":1787259600,""favorable_extreme"":0.11282,""stop"":0.1083072},{""ts"":1787259900,""favorable_extreme"":0.11343,""stop"":0.1088928},{""ts"":1787260200,""favorable_extreme"":0.11414,""stop"":0.1095744},{""ts"":1787263200,""favorable_extreme"":0.11457,""stop"":0.10998720000000001},{""ts"":1787263500,""favorable_extreme"":0.11482,""stop"":0.1102272},{""ts"":1787263800,""favorable_extreme"":0.11569,""stop"":0.11106239999999999},{""ts"":1787264700,""favorable_extreme"":0.11613,""stop"":0.1114848},{""ts"":1787266200,""favorable_extreme"":0.11635,""stop"":0.11169599999999999},{""ts"":1787267100,""favorable_extreme"":0.11654,""stop"":0.1118784},{""ts"":1787267400,""favorable_extreme"":0.11701,""stop"":0.1123296},{""ts"":1787268000,""favorable_extreme"":0.11772,""stop"":0.1130112},{""ts"":1787268300,""favorable_extreme"":0.11821,""stop"":0.11348159999999999},{""ts"":1787268600,""favorable_extreme"":0.11851,""stop"":0.1137696},{""ts"":1787268900,""favorable_extreme"":0.11883,""stop"":0.1140768},{""ts"":1787273400,""favorable_extreme"":0.11906,""stop"":0.1142976},{""ts"":1787273700,""favorable_extreme"":0.11989,""stop"":0.11509439999999999},{""ts"":1787274000,""favorable_extreme"":0.12035,""stop"":0.115536},{""ts"":1787274600,""favorable_extreme"":0.1204,""stop"":0.11558399999999999},{""ts"":1787276400,""favorable_extreme"":0.1222,""stop"":0.117312},{""ts"":1787277000,""favorable_extreme"":0.12221,""stop"":0.1173216},{""ts"":1787277300,""favorable_extreme"":0.12244,""stop"":0.11754239999999999},{""ts"":1787277900,""favorable_extreme"":0.1232,""stop"":0.118272},{""ts"":1787278800,""favorable_extreme"":0.1234,""stop"":0.11846399999999999},{""ts"":1787280600,""favorable_extreme"":0.12386,""stop"":0.1189056},{""ts"":1787280900,""favorable_extreme"":0.12455,""stop"":0.119568},{""ts"":1787283000,""favorable_extreme"":0.12458,""stop"":0.11959679999999999},{""ts"":1787283300,""favorable_extreme"":0.1252,""stop"":0.12019200000000001},{""ts"":1787283600,""favorable_extreme"":0.12548,""stop"":0.1204608},{""ts"":1787284800,""favorable_extreme"":0.12628,""stop"":0.1212288},{""ts"":1787286900,""favorable_extreme"":0.12648,""stop"":0.12142080000000001},{""ts"":1787288100,""favorable_extreme"":0.12667,""stop"":0.1216032},{""ts"":1787288400,""favorable_extreme"":0.12728,""stop"":0.1221888},{""ts"":1787288700,""favorable_extreme"":0.12741,""stop"":0.1223136},{""ts"":1787289000,""favorable_extreme"":0.12754,""stop"":0.12243839999999999},{""ts"":1787289300,""favorable_extreme"":0.12994,""stop"":0.12474239999999999},{""ts"":1787289600,""favorable_extreme"":0.1302,""stop"":0.124992},{""ts"":1787291700,""favorable_extreme"":0.13072,""stop"":0.1254912},{""ts"":1787295000,""favorable_extreme"":0.13167,""stop"":0.1264032},{""ts"":1787295900,""favorable_extreme"":0.13245,""stop"":0.12715200000000002},{""ts"":1787296200,""favorable_extreme"":0.13266,""stop"":0.12735359999999998},{""ts"":1787296500,""favorable_extreme"":0.13353,""stop"":0.1281888},{""ts"":1787298300,""favorable_extreme"":0.13481,""stop"":0.12941760000000002},{""ts"":1787300400,""favorable_extreme"":0.13542,""stop"":0.1300032},{""ts"":1787300700,""favorable_extreme"":0.13613,""stop"":0.1306848},{""ts"":1787301300,""favorable_extreme"":0.13632,""stop"":0.1308672},{""ts"":1787301600,""favorable_extreme"":0.139,""stop"":0.13344},{""ts"":1787301900,""favorable_extreme"":0.13963,""stop"":0.1340448},{""ts"":1787302200,""favorable_extreme"":0.14292,""stop"":0.1372032},{""ts"":1787302500,""favorable_extreme"":0.14489,""stop"":0.13909439999999998}]",1787302800,0.13909439999999998,14.689152008070112,8.344576004035055,partial_trail_stop,
2929,overheated_24h,ENAUSDT,LONG,tp,2.0,tp,5.0,True,1787245200,0.10315464285714285,tp_branch,65,"[{""ts"":1787245500,""favorable_extreme"":0.10452,""stop"":0.10315464285714285},{""ts"":1787245800,""favorable_extreme"":0.10494,""stop"":0.10315464285714285},{""ts"":1787246100,""favorable_extreme"":0.10573,""stop"":0.10315464285714285},{""ts"":1787246400,""favorable_extreme"":0.10577,""stop"":0.10315464285714285},{""ts"":1787247000,""favorable_extreme"":0.10621,""stop"":0.10315464285714285},{""ts"":1787247300,""favorable_extreme"":0.10687,""stop"":0.10315464285714285},{""ts"":1787247600,""favorable_extreme"":0.10718,""stop"":0.10315464285714285},{""ts"":1787248500,""favorable_extreme"":0.10719,""stop"":0.10315464285714285},{""ts"":1787250000,""favorable_extreme"":0.10765,""stop"":0.10315464285714285},{""ts"":1787251200,""favorable_extreme"":0.10831,""stop"":0.10315464285714285},{""ts"":1787251500,""favorable_extreme"":0.10912,""stop"":0.10366399999999999},{""ts"":1787252700,""favorable_extreme"":0.10932,""stop"":0.103854},{""ts"":1787253000,""favorable_extreme"":0.11042,""stop"":0.10489899999999999},{""ts"":1787256900,""favorable_extreme"":0.11064,""stop"":0.105108},{""ts"":1787259300,""favorable_extreme"":0.11181,""stop"":0.1062195},{""ts"":1787259600,""favorable_extreme"":0.11282,""stop"":0.107179},{""ts"":1787259900,""favorable_extreme"":0.11343,""stop"":0.1077585},{""ts"":1787260200,""favorable_extreme"":0.11414,""stop"":0.108433},{""ts"":1787263200,""favorable_extreme"":0.11457,""stop"":0.1088415},{""ts"":1787263500,""favorable_extreme"":0.11482,""stop"":0.109079},{""ts"":1787263800,""favorable_extreme"":0.11569,""stop"":0.10990549999999999},{""ts"":1787264700,""favorable_extreme"":0.11613,""stop"":0.11032349999999999},{""ts"":1787266200,""favorable_extreme"":0.11635,""stop"":0.11053249999999999},{""ts"":1787267100,""favorable_extreme"":0.11654,""stop"":0.110713},{""ts"":1787267400,""favorable_extreme"":0.11701,""stop"":0.1111595},{""ts"":1787268000,""favorable_extreme"":0.11772,""stop"":0.111834},{""ts"":1787268300,""favorable_extreme"":0.11821,""stop"":0.1122995},{""ts"":1787268600,""favorable_extreme"":0.11851,""stop"":0.1125845},{""ts"":1787268900,""favorable_extreme"":0.11883,""stop"":0.1128885},{""ts"":1787273400,""favorable_extreme"":0.11906,""stop"":0.113107},{""ts"":1787273700,""favorable_extreme"":0.11989,""stop"":0.1138955},{""ts"":1787274000,""favorable_extreme"":0.12035,""stop"":0.11433249999999999},{""ts"":1787274600,""favorable_extreme"":0.1204,""stop"":0.11437999999999998},{""ts"":1787276400,""favorable_extreme"":0.1222,""stop"":0.11609},{""ts"":1787277000,""favorable_extreme"":0.12221,""stop"":0.1160995},{""ts"":1787277300,""favorable_extreme"":0.12244,""stop"":0.11631799999999999},{""ts"":1787277900,""favorable_extreme"":0.1232,""stop"":0.11704},{""ts"":1787278800,""favorable_extreme"":0.1234,""stop"":0.11722999999999999},{""ts"":1787280600,""favorable_extreme"":0.12386,""stop"":0.117667},{""ts"":1787280900,""favorable_extreme"":0.12455,""stop"":0.11832249999999998},{""ts"":1787283000,""favorable_extreme"":0.12458,""stop"":0.118351},{""ts"":1787283300,""favorable_extreme"":0.1252,""stop"":0.11894},{""ts"":1787283600,""favorable_extreme"":0.12548,""stop"":0.119206},{""ts"":1787284800,""favorable_extreme"":0.12628,""stop"":0.119966},{""ts"":1787286900,""favorable_extreme"":0.12648,""stop"":0.120156},{""ts"":1787288100,""favorable_extreme"":0.12667,""stop"":0.1203365},{""ts"":1787288400,""favorable_extreme"":0.12728,""stop"":0.120916},{""ts"":1787288700,""favorable_extreme"":0.12741,""stop"":0.1210395},{""ts"":1787289000,""favorable_extreme"":0.12754,""stop"":0.12116299999999998},{""ts"":1787289300,""favorable_extreme"":0.12994,""stop"":0.123443},{""ts"":1787289600,""favorable_extreme"":0.1302,""stop"":0.12369000000000001},{""ts"":1787291700,""favorable_extreme"":0.13072,""stop"":0.124184},{""ts"":1787295000,""favorable_extreme"":0.13167,""stop"":0.1250865},{""ts"":1787295900,""favorable_extreme"":0.13245,""stop"":0.1258275},{""ts"":1787296200,""favorable_extreme"":0.13266,""stop"":0.126027},{""ts"":1787296500,""favorable_extreme"":0.13353,""stop"":0.1268535},{""ts"":1787298300,""favorable_extreme"":0.13481,""stop"":0.1280695},{""ts"":1787300400,""favorable_extreme"":0.13542,""stop"":0.128649},{""ts"":1787300700,""favorable_extreme"":0.13613,""stop"":0.1293235},{""ts"":1787301300,""favorable_extreme"":0.13632,""stop"":0.12950399999999998},{""ts"":1787301600,""favorable_extreme"":0.139,""stop"":0.13205},{""ts"":1787301900,""favorable_extreme"":0.13963,""stop"":0.1326485},{""ts"":1787302200,""favorable_extreme"":0.14292,""stop"":0.13577399999999998},{""ts"":1787302500,""favorable_extreme"":0.14489,""stop"":0.13764549999999998}]",1787302800,0.13764549999999998,14.1775928377782,8.0887964188891,partial_trail_stop,
2929,overheated_24h,ENAUSDT,LONG,tp,2.0,tp,6.0,True,1787245200,0.10315464285714285,tp_branch,65,"[{""ts"":1787245500,""favorable_extreme"":0.10452,""stop"":0.10315464285714285},{""ts"":1787245800,""favorable_extreme"":0.10494,""stop"":0.10315464285714285},{""ts"":1787246100,""favorable_extreme"":0.10573,""stop"":0.10315464285714285},{""ts"":1787246400,""favorable_extreme"":0.10577,""stop"":0.10315464285714285},{""ts"":1787247000,""favorable_extreme"":0.10621,""stop"":0.10315464285714285},{""ts"":1787247300,""favorable_extreme"":0.10687,""stop"":0.10315464285714285},{""ts"":1787247600,""favorable_extreme"":0.10718,""stop"":0.10315464285714285},{""ts"":1787248500,""favorable_extreme"":0.10719,""stop"":0.10315464285714285},{""ts"":1787250000,""favorable_extreme"":0.10765,""stop"":0.10315464285714285},{""ts"":1787251200,""favorable_extreme"":0.10831,""stop"":0.10315464285714285},{""ts"":1787251500,""favorable_extreme"":0.10912,""stop"":0.10315464285714285},{""ts"":1787252700,""favorable_extreme"":0.10932,""stop"":0.10315464285714285},{""ts"":1787253000,""favorable_extreme"":0.11042,""stop"":0.10379479999999999},{""ts"":1787256900,""favorable_extreme"":0.11064,""stop"":0.1040016},{""ts"":1787259300,""favorable_extreme"":0.11181,""stop"":0.1051014},{""ts"":1787259600,""favorable_extreme"":0.11282,""stop"":0.1060508},{""ts"":1787259900,""favorable_extreme"":0.11343,""stop"":0.1066242},{""ts"":1787260200,""favorable_extreme"":0.11414,""stop"":0.1072916},{""ts"":1787263200,""favorable_extreme"":0.11457,""stop"":0.1076958},{""ts"":1787263500,""favorable_extreme"":0.11482,""stop"":0.1079308},{""ts"":1787263800,""favorable_extreme"":0.11569,""stop"":0.1087486},{""ts"":1787264700,""favorable_extreme"":0.11613,""stop"":0.10916219999999999},{""ts"":1787266200,""favorable_extreme"":0.11635,""stop"":0.109369},{""ts"":1787267100,""favorable_extreme"":0.11654,""stop"":0.1095476},{""ts"":1787267400,""favorable_extreme"":0.11701,""stop"":0.1099894},{""ts"":1787268000,""favorable_extreme"":0.11772,""stop"":0.1106568},{""ts"":1787268300,""favorable_extreme"":0.11821,""stop"":0.11111739999999999},{""ts"":1787268600,""favorable_extreme"":0.11851,""stop"":0.1113994},{""ts"":1787268900,""favorable_extreme"":0.11883,""stop"":0.1117002},{""ts"":1787273400,""favorable_extreme"":0.11906,""stop"":0.1119164},{""ts"":1787273700,""favorable_extreme"":0.11989,""stop"":0.1126966},{""ts"":1787274000,""favorable_extreme"":0.12035,""stop"":0.113129},{""ts"":1787274600,""favorable_extreme"":0.1204,""stop"":0.11317599999999998},{""ts"":1787276400,""favorable_extreme"":0.1222,""stop"":0.114868},{""ts"":1787277000,""favorable_extreme"":0.12221,""stop"":0.11487739999999999},{""ts"":1787277300,""favorable_extreme"":0.12244,""stop"":0.11509359999999999},{""ts"":1787277900,""favorable_extreme"":0.1232,""stop"":0.115808},{""ts"":1787278800,""favorable_extreme"":0.1234,""stop"":0.11599599999999999},{""ts"":1787280600,""favorable_extreme"":0.12386,""stop"":0.11642839999999999},{""ts"":1787280900,""favorable_extreme"":0.12455,""stop"":0.11707699999999999},{""ts"":1787283000,""favorable_extreme"":0.12458,""stop"":0.11710519999999999},{""ts"":1787283300,""favorable_extreme"":0.1252,""stop"":0.117688},{""ts"":1787283600,""favorable_extreme"":0.12548,""stop"":0.1179512},{""ts"":1787284800,""favorable_extreme"":0.12628,""stop"":0.1187032},{""ts"":1787286900,""favorable_extreme"":0.12648,""stop"":0.1188912},{""ts"":1787288100,""favorable_extreme"":0.12667,""stop"":0.1190698},{""ts"":1787288400,""favorable_extreme"":0.12728,""stop"":0.11964319999999999},{""ts"":1787288700,""favorable_extreme"":0.12741,""stop"":0.1197654},{""ts"":1787289000,""favorable_extreme"":0.12754,""stop"":0.11988759999999998},{""ts"":1787289300,""favorable_extreme"":0.12994,""stop"":0.12214359999999999},{""ts"":1787289600,""favorable_extreme"":0.1302,""stop"":0.122388},{""ts"":1787291700,""favorable_extreme"":0.13072,""stop"":0.1228768},{""ts"":1787295000,""favorable_extreme"":0.13167,""stop"":0.1237698},{""ts"":1787295900,""favorable_extreme"":0.13245,""stop"":0.124503},{""ts"":1787296200,""favorable_extreme"":0.13266,""stop"":0.12470039999999999},{""ts"":1787296500,""favorable_extreme"":0.13353,""stop"":0.1255182},{""ts"":1787298300,""favorable_extreme"":0.13481,""stop"":0.1267214},{""ts"":1787300400,""favorable_extreme"":0.13542,""stop"":0.1272948},{""ts"":1787300700,""favorable_extreme"":0.13613,""stop"":0.1279622},{""ts"":1787301300,""favorable_extreme"":0.13632,""stop"":0.1281408},{""ts"":1787301600,""favorable_extreme"":0.139,""stop"":0.13066},{""ts"":1787301900,""favorable_extreme"":0.13963,""stop"":0.13125219999999999},{""ts"":1787302200,""favorable_extreme"":0.14292,""stop"":0.1343448},{""ts"":1787302500,""favorable_extreme"":0.14489,""stop"":0.13619659999999997}]",1787302800,0.13619659999999997,13.666033667486287,7.833016833743144,partial_trail_stop,
2929,overheated_24h,ENAUSDT,LONG,tp,2.0,tp,8.0,True,1787245200,0.10315464285714285,tp_branch,65,"[{""ts"":1787245500,""favorable_extreme"":0.10452,""stop"":0.10315464285714285},{""ts"":1787245800,""favorable_extreme"":0.10494,""stop"":0.10315464285714285},{""ts"":1787246100,""favorable_extreme"":0.10573,""stop"":0.10315464285714285},{""ts"":1787246400,""favorable_extreme"":0.10577,""stop"":0.10315464285714285},{""ts"":1787247000,""favorable_extreme"":0.10621,""stop"":0.10315464285714285},{""ts"":1787247300,""favorable_extreme"":0.10687,""stop"":0.10315464285714285},{""ts"":1787247600,""favorable_extreme"":0.10718,""stop"":0.10315464285714285},{""ts"":1787248500,""favorable_extreme"":0.10719,""stop"":0.10315464285714285},{""ts"":1787250000,""favorable_extreme"":0.10765,""stop"":0.10315464285714285},{""ts"":1787251200,""favorable_extreme"":0.10831,""stop"":0.10315464285714285},{""ts"":1787251500,""favorable_extreme"":0.10912,""stop"":0.10315464285714285},{""ts"":1787252700,""favorable_extreme"":0.10932,""stop"":0.10315464285714285},{""ts"":1787253000,""favorable_extreme"":0.11042,""stop"":0.10315464285714285},{""ts"":1787256900,""favorable_extreme"":0.11064,""stop"":0.10315464285714285},{""ts"":1787259300,""favorable_extreme"":0.11181,""stop"":0.10315464285714285},{""ts"":1787259600,""favorable_extreme"":0.11282,""stop"":0.10379440000000001},{""ts"":1787259900,""favorable_extreme"":0.11343,""stop"":0.1043556},{""ts"":1787260200,""favorable_extreme"":0.11414,""stop"":0.10500880000000001},{""ts"":1787263200,""favorable_extreme"":0.11457,""stop"":0.10540440000000001},{""ts"":1787263500,""favorable_extreme"":0.11482,""stop"":0.1056344},{""ts"":1787263800,""favorable_extreme"":0.11569,""stop"":0.10643480000000001},{""ts"":1787264700,""favorable_extreme"":0.11613,""stop"":0.1068396},{""ts"":1787266200,""favorable_extreme"":0.11635,""stop"":0.107042},{""ts"":1787267100,""favorable_extreme"":0.11654,""stop"":0.10721680000000001},{""ts"":1787267400,""favorable_extreme"":0.11701,""stop"":0.1076492},{""ts"":1787268000,""favorable_extreme"":0.11772,""stop"":0.10830240000000001},{""ts"":1787268300,""favorable_extreme"":0.11821,""stop"":0.1087532},{""ts"":1787268600,""favorable_extreme"":0.11851,""stop"":0.1090292},{""ts"":1787268900,""favorable_extreme"":0.11883,""stop"":0.1093236},{""ts"":1787273400,""favorable_extreme"":0.11906,""stop"":0.1095352},{""ts"":1787273700,""favorable_extreme"":0.11989,""stop"":0.1102988},{""ts"":1787274000,""favorable_extreme"":0.12035,""stop"":0.110722},{""ts"":1787274600,""favorable_extreme"":0.1204,""stop"":0.110768},{""ts"":1787276400,""favorable_extreme"":0.1222,""stop"":0.11242400000000001},{""ts"":1787277000,""favorable_extreme"":0.12221,""stop"":0.11243320000000001},{""ts"":1787277300,""favorable_extreme"":0.12244,""stop"":0.1126448},{""ts"":1787277900,""favorable_extreme"":0.1232,""stop"":0.11334400000000001},{""ts"":1787278800,""favorable_extreme"":0.1234,""stop"":0.113528},{""ts"":1787280600,""favorable_extreme"":0.12386,""stop"":0.1139512},{""ts"":1787280900,""favorable_extreme"":0.12455,""stop"":0.114586},{""ts"":1787283000,""favorable_extreme"":0.12458,""stop"":0.1146136},{""ts"":1787283300,""favorable_extreme"":0.1252,""stop"":0.11518400000000001},{""ts"":1787283600,""favorable_extreme"":0.12548,""stop"":0.11544160000000002},{""ts"":1787284800,""favorable_extreme"":0.12628,""stop"":0.1161776},{""ts"":1787286900,""favorable_extreme"":0.12648,""stop"":0.11636160000000001},{""ts"":1787288100,""favorable_extreme"":0.12667,""stop"":0.11653640000000001},{""ts"":1787288400,""favorable_extreme"":0.12728,""stop"":0.11709760000000001},{""ts"":1787288700,""favorable_extreme"":0.12741,""stop"":0.11721720000000001},{""ts"":1787289000,""favorable_extreme"":0.12754,""stop"":0.11733679999999999},{""ts"":1787289300,""favorable_extreme"":0.12994,""stop"":0.1195448},{""ts"":1787289600,""favorable_extreme"":0.1302,""stop"":0.11978400000000002},{""ts"":1787291700,""favorable_extreme"":0.13072,""stop"":0.1202624},{""ts"":1787295000,""favorable_extreme"":0.13167,""stop"":0.12113640000000002},{""ts"":1787295900,""favorable_extreme"":0.13245,""stop"":0.12185400000000002},{""ts"":1787296200,""favorable_extreme"":0.13266,""stop"":0.12204720000000001},{""ts"":1787296500,""favorable_extreme"":0.13353,""stop"":0.12284760000000002},{""ts"":1787298300,""favorable_extreme"":0.13481,""stop"":0.12402520000000002},{""ts"":1787300400,""favorable_extreme"":0.13542,""stop"":0.12458640000000001},{""ts"":1787300700,""favorable_extreme"":0.13613,""stop"":0.1252396},{""ts"":1787301300,""favorable_extreme"":0.13632,""stop"":0.1254144},{""ts"":1787301600,""favorable_extreme"":0.139,""stop"":0.12788000000000002},{""ts"":1787301900,""favorable_extreme"":0.13963,""stop"":0.1284596},{""ts"":1787302200,""favorable_extreme"":0.14292,""stop"":0.1314864},{""ts"":1787302500,""favorable_extreme"":0.14489,""stop"":0.1332988}]",1787303100,0.1332988,12.642915326902472,7.321457663451236,partial_trail_stop,
2929,overheated_24h,ENAUSDT,LONG,tp,2.0,tp,10.0,True,1787245200,0.10315464285714285,tp_branch,76,"[{""ts"":1787245500,""favorable_extreme"":0.10452,""stop"":0.10315464285714285},{""ts"":1787245800,""favorable_extreme"":0.10494,""stop"":0.10315464285714285},{""ts"":1787246100,""favorable_extreme"":0.10573,""stop"":0.10315464285714285},{""ts"":1787246400,""favorable_extreme"":0.10577,""stop"":0.10315464285714285},{""ts"":1787247000,""favorable_extreme"":0.10621,""stop"":0.10315464285714285},{""ts"":1787247300,""favorable_extreme"":0.10687,""stop"":0.10315464285714285},{""ts"":1787247600,""favorable_extreme"":0.10718,""stop"":0.10315464285714285},{""ts"":1787248500,""favorable_extreme"":0.10719,""stop"":0.10315464285714285},{""ts"":1787250000,""favorable_extreme"":0.10765,""stop"":0.10315464285714285},{""ts"":1787251200,""favorable_extreme"":0.10831,""stop"":0.10315464285714285},{""ts"":1787251500,""favorable_extreme"":0.10912,""stop"":0.10315464285714285},{""ts"":1787252700,""favorable_extreme"":0.10932,""stop"":0.10315464285714285},{""ts"":1787253000,""favorable_extreme"":0.11042,""stop"":0.10315464285714285},{""ts"":1787256900,""favorable_extreme"":0.11064,""stop"":0.10315464285714285},{""ts"":1787259300,""favorable_extreme"":0.11181,""stop"":0.10315464285714285},{""ts"":1787259600,""favorable_extreme"":0.11282,""stop"":0.10315464285714285},{""ts"":1787259900,""favorable_extreme"":0.11343,""stop"":0.10315464285714285},{""ts"":1787260200,""favorable_extreme"":0.11414,""stop"":0.10315464285714285},{""ts"":1787263200,""favorable_extreme"":0.11457,""stop"":0.10315464285714285},{""ts"":1787263500,""favorable_extreme"":0.11482,""stop"":0.10333800000000001},{""ts"":1787263800,""favorable_extreme"":0.11569,""stop"":0.104121},{""ts"":1787264700,""favorable_extreme"":0.11613,""stop"":0.104517},{""ts"":1787266200,""favorable_extreme"":0.11635,""stop"":0.104715},{""ts"":1787267100,""favorable_extreme"":0.11654,""stop"":0.10488600000000001},{""ts"":1787267400,""favorable_extreme"":0.11701,""stop"":0.105309},{""ts"":1787268000,""favorable_extreme"":0.11772,""stop"":0.105948},{""ts"":1787268300,""favorable_extreme"":0.11821,""stop"":0.106389},{""ts"":1787268600,""favorable_extreme"":0.11851,""stop"":0.106659},{""ts"":1787268900,""favorable_extreme"":0.11883,""stop"":0.106947},{""ts"":1787273400,""favorable_extreme"":0.11906,""stop"":0.107154},{""ts"":1787273700,""favorable_extreme"":0.11989,""stop"":0.107901},{""ts"":1787274000,""favorable_extreme"":0.12035,""stop"":0.108315},{""ts"":1787274600,""favorable_extreme"":0.1204,""stop"":0.10836},{""ts"":1787276400,""favorable_extreme"":0.1222,""stop"":0.10998000000000001},{""ts"":1787277000,""favorable_extreme"":0.12221,""stop"":0.109989},{""ts"":1787277300,""favorable_extreme"":0.12244,""stop"":0.110196},{""ts"":1787277900,""favorable_extreme"":0.1232,""stop"":0.11088},{""ts"":1787278800,""favorable_extreme"":0.1234,""stop"":0.11105999999999999},{""ts"":1787280600,""favorable_extreme"":0.12386,""stop"":0.111474},{""ts"":1787280900,""favorable_extreme"":0.12455,""stop"":0.112095},{""ts"":1787283000,""favorable_extreme"":0.12458,""stop"":0.112122},{""ts"":1787283300,""favorable_extreme"":0.1252,""stop"":0.11268},{""ts"":1787283600,""favorable_extreme"":0.12548,""stop"":0.112932},{""ts"":1787284800,""favorable_extreme"":0.12628,""stop"":0.113652},{""ts"":1787286900,""favorable_extreme"":0.12648,""stop"":0.11383200000000002},{""ts"":1787288100,""favorable_extreme"":0.12667,""stop"":0.11400300000000001},{""ts"":1787288400,""favorable_extreme"":0.12728,""stop"":0.114552},{""ts"":1787288700,""favorable_extreme"":0.12741,""stop"":0.114669},{""ts"":1787289000,""favorable_extreme"":0.12754,""stop"":0.11478599999999999},{""ts"":1787289300,""favorable_extreme"":0.12994,""stop"":0.11694600000000001},{""ts"":1787289600,""favorable_extreme"":0.1302,""stop"":0.11718},{""ts"":1787291700,""favorable_extreme"":0.13072,""stop"":0.117648},{""ts"":1787295000,""favorable_extreme"":0.13167,""stop"":0.11850300000000001},{""ts"":1787295900,""favorable_extreme"":0.13245,""stop"":0.11920500000000002},{""ts"":1787296200,""favorable_extreme"":0.13266,""stop"":0.119394},{""ts"":1787296500,""favorable_extreme"":0.13353,""stop"":0.120177},{""ts"":1787298300,""favorable_extreme"":0.13481,""stop"":0.12132900000000002},{""ts"":1787300400,""favorable_extreme"":0.13542,""stop"":0.12187800000000001},{""ts"":1787300700,""favorable_extreme"":0.13613,""stop"":0.122517},{""ts"":1787301300,""favorable_extreme"":0.13632,""stop"":0.122688},{""ts"":1787301600,""favorable_extreme"":0.139,""stop"":0.12510000000000002},{""ts"":1787301900,""favorable_extreme"":0.13963,""stop"":0.125667},{""ts"":1787302200,""favorable_extreme"":0.14292,""stop"":0.128628},{""ts"":1787302500,""favorable_extreme"":0.14489,""stop"":0.130401},{""ts"":1787320200,""favorable_extreme"":0.14555,""stop"":0.13099500000000003},{""ts"":1787320800,""favorable_extreme"":0.14666,""stop"":0.13199400000000003},{""ts"":1787322300,""favorable_extreme"":0.14761,""stop"":0.132849},{""ts"":1787322900,""favorable_extreme"":0.14831,""stop"":0.13347900000000001},{""ts"":1787324100,""favorable_extreme"":0.14919,""stop"":0.134271},{""ts"":1787324400,""favorable_extreme"":0.1505,""stop"":0.13545},{""ts"":1787324700,""favorable_extreme"":0.15218,""stop"":0.136962},{""ts"":1787325000,""favorable_extreme"":0.15267,""stop"":0.137403},{""ts"":1787325600,""favorable_extreme"":0.1538,""stop"":0.13842},{""ts"":1787325900,""favorable_extreme"":0.15489,""stop"":0.139401},{""ts"":1787326200,""favorable_extreme"":0.15548,""stop"":0.139932}]",1787337900,0.139932,14.98488115503437,8.492440577517186,partial_trail_stop,
2944,overheated_24h,PYTHUSDT,LONG,tp,2.0,tp,2.0,True,1787289900,0.04665964285714286,tp_branch,1,[],1787290200,0.04665964285714286,2.0,2.0,partial_tp_floor,
2944,overheated_24h,PYTHUSDT,LONG,tp,2.0,tp,3.0,True,1787289900,0.04665964285714286,tp_branch,1,[],1787290200,0.04665964285714286,2.0,2.0,partial_tp_floor,
2944,overheated_24h,PYTHUSDT,LONG,tp,2.0,tp,4.0,True,1787289900,0.04665964285714286,tp_branch,1,[],1787290200,0.04665964285714286,2.0,2.0,partial_tp_floor,
2944,overheated_24h,PYTHUSDT,LONG,tp,2.0,tp,5.0,True,1787289900,0.04665964285714286,tp_branch,1,[],1787290200,0.04665964285714286,2.0,2.0,partial_tp_floor,
2944,overheated_24h,PYTHUSDT,LONG,tp,2.0,tp,6.0,True,1787289900,0.04665964285714286,tp_branch,1,[],1787290200,0.04665964285714286,2.0,2.0,partial_tp_floor,
2944,overheated_24h,PYTHUSDT,LONG,tp,2.0,tp,8.0,True,1787289900,0.04665964285714286,tp_branch,1,[],1787290200,0.04665964285714286,2.0,2.0,partial_tp_floor,
2944,overheated_24h,PYTHUSDT,LONG,tp,2.0,tp,10.0,True,1787289900,0.04665964285714286,tp_branch,1,[],1787290200,0.04665964285714286,2.0,2.0,partial_tp_floor,
2948,overheated_24h,TURBOUSDT,LONG,tp,1.999999999999994,tp,2.0,True,1787239800,0.00091405,tp_branch,1,[],1787240100,0.00091405,1.999999999999994,1.999999999999994,partial_tp_floor,
2948,overheated_24h,TURBOUSDT,LONG,tp,1.999999999999994,tp,3.0,True,1787239800,0.00091405,tp_branch,1,[],1787240100,0.00091405,1.999999999999994,1.999999999999994,partial_tp_floor,
2948,overheated_24h,TURBOUSDT,LONG,tp,1.999999999999994,tp,4.0,True,1787239800,0.00091405,tp_branch,1,[],1787240100,0.00091405,1.999999999999994,1.999999999999994,partial_tp_floor,
2948,overheated_24h,TURBOUSDT,LONG,tp,1.999999999999994,tp,5.0,True,1787239800,0.00091405,tp_branch,1,[],1787240100,0.00091405,1.999999999999994,1.999999999999994,partial_tp_floor,
2948,overheated_24h,TURBOUSDT,LONG,tp,1.999999999999994,tp,6.0,True,1787239800,0.00091405,tp_branch,1,[],1787240100,0.00091405,1.999999999999994,1.999999999999994,partial_tp_floor,
2948,overheated_24h,TURBOUSDT,LONG,tp,1.999999999999994,tp,8.0,True,1787239800,0.00091405,tp_branch,1,[],1787240100,0.00091405,1.999999999999994,1.999999999999994,partial_tp_floor,
2948,overheated_24h,TURBOUSDT,LONG,tp,1.999999999999994,tp,10.0,True,1787239800,0.00091405,tp_branch,1,[],1787240100,0.00091405,1.999999999999994,1.999999999999994,partial_tp_floor,
2949,overheated_24h,SUSDT,LONG,tp,1.9999999999999944,tp,2.0,True,1787299200,0.025746785714285715,tp_branch,1,[],1787299500,0.025746785714285715,1.9999999999999944,1.9999999999999944,partial_tp_floor,
2949,overheated_24h,SUSDT,LONG,tp,1.9999999999999944,tp,3.0,True,1787299200,0.025746785714285715,tp_branch,1,[],1787299500,0.025746785714285715,1.9999999999999944,1.9999999999999944,partial_tp_floor,
2949,overheated_24h,SUSDT,LONG,tp,1.9999999999999944,tp,4.0,True,1787299200,0.025746785714285715,tp_branch,1,[],1787299500,0.025746785714285715,1.9999999999999944,1.9999999999999944,partial_tp_floor,
2949,overheated_24h,SUSDT,LONG,tp,1.9999999999999944,tp,5.0,True,1787299200,0.025746785714285715,tp_branch,1,[],1787299500,0.025746785714285715,1.9999999999999944,1.9999999999999944,partial_tp_floor,
2949,overheated_24h,SUSDT,LONG,tp,1.9999999999999944,tp,6.0,True,1787299200,0.025746785714285715,tp_branch,1,[],1787299500,0.025746785714285715,1.9999999999999944,1.9999999999999944,partial_tp_floor,
2949,overheated_24h,SUSDT,LONG,tp,1.9999999999999944,tp,8.0,True,1787299200,0.025746785714285715,tp_branch,1,[],1787299500,0.025746785714285715,1.9999999999999944,1.9999999999999944,partial_tp_floor,
2949,overheated_24h,SUSDT,LONG,tp,1.9999999999999944,tp,10.0,True,1787299200,0.025746785714285715,tp_branch,1,[],1787299500,0.025746785714285715,1.9999999999999944,1.9999999999999944,partial_tp_floor,
2955,overheated_24h,WIFUSDT,LONG,tp,2.0,tp,2.0,True,1787246700,0.16381785714285713,tp_branch,1,[],1787247000,0.16381785714285713,2.0,2.0,partial_tp_floor,
2955,overheated_24h,WIFUSDT,LONG,tp,2.0,tp,3.0,True,1787246700,0.16381785714285713,tp_branch,1,[],1787247000,0.16381785714285713,2.0,2.0,partial_tp_floor,
2955,overheated_24h,WIFUSDT,LONG,tp,2.0,tp,4.0,True,1787246700,0.16381785714285713,tp_branch,1,[],1787247000,0.16381785714285713,2.0,2.0,partial_tp_floor,
2955,overheated_24h,WIFUSDT,LONG,tp,2.0,tp,5.0,True,1787246700,0.16381785714285713,tp_branch,1,[],1787247000,0.16381785714285713,2.0,2.0,partial_tp_floor,
2955,overheated_24h,WIFUSDT,LONG,tp,2.0,tp,6.0,True,1787246700,0.16381785714285713,tp_branch,1,[],1787247000,0.16381785714285713,2.0,2.0,partial_tp_floor,
2955,overheated_24h,WIFUSDT,LONG,tp,2.0,tp,8.0,True,1787246700,0.16381785714285713,tp_branch,1,[],1787247000,0.16381785714285713,2.0,2.0,partial_tp_floor,
2955,overheated_24h,WIFUSDT,LONG,tp,2.0,tp,10.0,True,1787246700,0.16381785714285713,tp_branch,1,[],1787247000,0.16381785714285713,2.0,2.0,partial_tp_floor,
2979,overheated_24h,CROUSDT,LONG,tp,2.0,tp,2.0,True,1787239500,0.05471,tp_branch,2,"[{""ts"":1787239800,""favorable_extreme"":0.05488,""stop"":0.05471}]",1787240100,0.05471,2.0,2.0,partial_tp_floor,
2979,overheated_24h,CROUSDT,LONG,tp,2.0,tp,3.0,True,1787239500,0.05471,tp_branch,2,"[{""ts"":1787239800,""favorable_extreme"":0.05488,""stop"":0.05471}]",1787240100,0.05471,2.0,2.0,partial_tp_floor,
2979,overheated_24h,CROUSDT,LONG,tp,2.0,tp,4.0,True,1787239500,0.05471,tp_branch,2,"[{""ts"":1787239800,""favorable_extreme"":0.05488,""stop"":0.05471}]",1787240100,0.05471,2.0,2.0,partial_tp_floor,
2979,overheated_24h,CROUSDT,LONG,tp,2.0,tp,5.0,True,1787239500,0.05471,tp_branch,2,"[{""ts"":1787239800,""favorable_extreme"":0.05488,""stop"":0.05471}]",1787240100,0.05471,2.0,2.0,partial_tp_floor,
2979,overheated_24h,CROUSDT,LONG,tp,2.0,tp,6.0,True,1787239500,0.05471,tp_branch,2,"[{""ts"":1787239800,""favorable_extreme"":0.05488,""stop"":0.05471}]",1787240100,0.05471,2.0,2.0,partial_tp_floor,
2979,overheated_24h,CROUSDT,LONG,tp,2.0,tp,8.0,True,1787239500,0.05471,tp_branch,2,"[{""ts"":1787239800,""favorable_extreme"":0.05488,""stop"":0.05471}]",1787240100,0.05471,2.0,2.0,partial_tp_floor,
2979,overheated_24h,CROUSDT,LONG,tp,2.0,tp,10.0,True,1787239500,0.05471,tp_branch,2,"[{""ts"":1787239800,""favorable_extreme"":0.05488,""stop"":0.05471}]",1787240100,0.05471,2.0,2.0,partial_tp_floor,
2995,overheated_24h,PENGUUSDT,LONG,sl,-1.0,sl,2.0,False,,,not_activated,0,[],,,,-1.0,baseline_sl,
2995,overheated_24h,PENGUUSDT,LONG,sl,-1.0,sl,3.0,False,,,not_activated,0,[],,,,-1.0,baseline_sl,
2995,overheated_24h,PENGUUSDT,LONG,sl,-1.0,sl,4.0,False,,,not_activated,0,[],,,,-1.0,baseline_sl,
2995,overheated_24h,PENGUUSDT,LONG,sl,-1.0,sl,5.0,False,,,not_activated,0,[],,,,-1.0,baseline_sl,
2995,overheated_24h,PENGUUSDT,LONG,sl,-1.0,sl,6.0,False,,,not_activated,0,[],,,,-1.0,baseline_sl,
2995,overheated_24h,PENGUUSDT,LONG,sl,-1.0,sl,8.0,False,,,not_activated,0,[],,,,-1.0,baseline_sl,
2995,overheated_24h,PENGUUSDT,LONG,sl,-1.0,sl,10.0,False,,,not_activated,0,[],,,,-1.0,baseline_sl,
3003,overheated_24h,BOMEUSDT,LONG,sl,-1.0,sl,2.0,False,,,not_activated,0,[],,,,-1.0,baseline_sl,
3003,overheated_24h,BOMEUSDT,LONG,sl,-1.0,sl,3.0,False,,,not_activated,0,[],,,,-1.0,baseline_sl,
3003,overheated_24h,BOMEUSDT,LONG,sl,-1.0,sl,4.0,False,,,not_activated,0,[],,,,-1.0,baseline_sl,
3003,overheated_24h,BOMEUSDT,LONG,sl,-1.0,sl,5.0,False,,,not_activated,0,[],,,,-1.0,baseline_sl,
3003,overheated_24h,BOMEUSDT,LONG,sl,-1.0,sl,6.0,False,,,not_activated,0,[],,,,-1.0,baseline_sl,
3003,overheated_24h,BOMEUSDT,LONG,sl,-1.0,sl,8.0,False,,,not_activated,0,[],,,,-1.0,baseline_sl,
3003,overheated_24h,BOMEUSDT,LONG,sl,-1.0,sl,10.0,False,,,not_activated,0,[],,,,-1.0,baseline_sl,
3004,overheated_24h,MONUSDT,LONG,sl,-1.0,sl,2.0,False,,,not_activated,0,[],,,,-1.0,baseline_sl,
3004,overheated_24h,MONUSDT,LONG,sl,-1.0,sl,3.0,False,,,not_activated,0,[],,,,-1.0,baseline_sl,
3004,overheated_24h,MONUSDT,LONG,sl,-1.0,sl,4.0,False,,,not_activated,0,[],,,,-1.0,baseline_sl,
3004,overheated_24h,MONUSDT,LONG,sl,-1.0,sl,5.0,False,,,not_activated,0,[],,,,-1.0,baseline_sl,
3004,overheated_24h,MONUSDT,LONG,sl,-1.0,sl,6.0,False,,,not_activated,0,[],,,,-1.0,baseline_sl,
3004,overheated_24h,MONUSDT,LONG,sl,-1.0,sl,8.0,False,,,not_activated,0,[],,,,-1.0,baseline_sl,
3004,overheated_24h,MONUSDT,LONG,sl,-1.0,sl,10.0,False,,,not_activated,0,[],,,,-1.0,baseline_sl,
3005,overheated_24h,AVAAIUSDT,LONG,tp,2.000000000000002,tp,2.0,True,1787249400,0.02037792857142857,tp_branch,1,[],1787249700,0.02037792857142857,2.000000000000002,2.000000000000002,partial_tp_floor,
3005,overheated_24h,AVAAIUSDT,LONG,tp,2.000000000000002,tp,3.0,True,1787249400,0.02037792857142857,tp_branch,1,[],1787249700,0.02037792857142857,2.000000000000002,2.000000000000002,partial_tp_floor,
3005,overheated_24h,AVAAIUSDT,LONG,tp,2.000000000000002,tp,4.0,True,1787249400,0.02037792857142857,tp_branch,1,[],1787249700,0.02037792857142857,2.000000000000002,2.000000000000002,partial_tp_floor,
3005,overheated_24h,AVAAIUSDT,LONG,tp,2.000000000000002,tp,5.0,True,1787249400,0.02037792857142857,tp_branch,1,[],1787249700,0.02037792857142857,2.000000000000002,2.000000000000002,partial_tp_floor,
3005,overheated_24h,AVAAIUSDT,LONG,tp,2.000000000000002,tp,6.0,True,1787249400,0.02037792857142857,tp_branch,1,[],1787249700,0.02037792857142857,2.000000000000002,2.000000000000002,partial_tp_floor,
3005,overheated_24h,AVAAIUSDT,LONG,tp,2.000000000000002,tp,8.0,True,1787249400,0.02037792857142857,tp_branch,1,[],1787249700,0.02037792857142857,2.000000000000002,2.000000000000002,partial_tp_floor,
3005,overheated_24h,AVAAIUSDT,LONG,tp,2.000000000000002,tp,10.0,True,1787249400,0.02037792857142857,tp_branch,1,[],1787249700,0.02037792857142857,2.000000000000002,2.000000000000002,partial_tp_floor,
3007,overheated_24h,INJUSDT,LONG,sl,-1.0,sl,2.0,False,,,not_activated,0,[],,,,-1.0,baseline_sl,
3007,overheated_24h,INJUSDT,LONG,sl,-1.0,sl,3.0,False,,,not_activated,0,[],,,,-1.0,baseline_sl,
3007,overheated_24h,INJUSDT,LONG,sl,-1.0,sl,4.0,False,,,not_activated,0,[],,,,-1.0,baseline_sl,
3007,overheated_24h,INJUSDT,LONG,sl,-1.0,sl,5.0,False,,,not_activated,0,[],,,,-1.0,baseline_sl,
3007,overheated_24h,INJUSDT,LONG,sl,-1.0,sl,6.0,False,,,not_activated,0,[],,,,-1.0,baseline_sl,
3007,overheated_24h,INJUSDT,LONG,sl,-1.0,sl,8.0,False,,,not_activated,0,[],,,,-1.0,baseline_sl,
3007,overheated_24h,INJUSDT,LONG,sl,-1.0,sl,10.0,False,,,not_activated,0,[],,,,-1.0,baseline_sl,
3009,overheated_24h,MEGAUSDT,LONG,tp,2.000000000000005,tp,2.0,True,1787312700,0.04058571428571429,tp_branch,3,"[{""ts"":1787313000,""favorable_extreme"":0.04109,""stop"":0.04058571428571429},{""ts"":1787313300,""favorable_extreme"":0.04161,""stop"":0.0407778}]",1787313900,0.0407778,2.1379076923076985,2.0689538461538515,partial_trail_stop,
3009,overheated_24h,MEGAUSDT,LONG,tp,2.000000000000005,tp,3.0,True,1787312700,0.04058571428571429,tp_branch,6,"[{""ts"":1787313000,""favorable_extreme"":0.04109,""stop"":0.04058571428571429},{""ts"":1787313300,""favorable_extreme"":0.04161,""stop"":0.04058571428571429},{""ts"":1787320200,""favorable_extreme"":0.04172,""stop"":0.04058571428571429},{""ts"":1787322300,""favorable_extreme"":0.04188,""stop"":0.0406236},{""ts"":1787322900,""favorable_extreme"":0.04216,""stop"":0.0408952}]",1787326200,0.0408952,2.222194871794876,2.1110974358974404,partial_trail_stop,
3009,overheated_24h,MEGAUSDT,LONG,tp,2.000000000000005,tp,4.0,True,1787312700,0.04058571428571429,tp_branch,6,"[{""ts"":1787313000,""favorable_extreme"":0.04109,""stop"":0.04058571428571429},{""ts"":1787313300,""favorable_extreme"":0.04161,""stop"":0.04058571428571429},{""ts"":1787320200,""favorable_extreme"":0.04172,""stop"":0.04058571428571429},{""ts"":1787322300,""favorable_extreme"":0.04188,""stop"":0.04058571428571429},{""ts"":1787322900,""favorable_extreme"":0.04216,""stop"":0.04058571428571429}]",1787328300,0.04058571428571429,2.000000000000005,2.000000000000005,partial_tp_floor,
3009,overheated_24h,MEGAUSDT,LONG,tp,2.000000000000005,tp,5.0,True,1787312700,0.04058571428571429,tp_branch,6,"[{""ts"":1787313000,""favorable_extreme"":0.04109,""stop"":0.04058571428571429},{""ts"":1787313300,""favorable_extreme"":0.04161,""stop"":0.04058571428571429},{""ts"":1787320200,""favorable_extreme"":0.04172,""stop"":0.04058571428571429},{""ts"":1787322300,""favorable_extreme"":0.04188,""stop"":0.04058571428571429},{""ts"":1787322900,""favorable_extreme"":0.04216,""stop"":0.04058571428571429}]",1787328300,0.04058571428571429,2.000000000000005,2.000000000000005,partial_tp_floor,
3009,overheated_24h,MEGAUSDT,LONG,tp,2.000000000000005,tp,6.0,True,1787312700,0.04058571428571429,tp_branch,6,"[{""ts"":1787313000,""favorable_extreme"":0.04109,""stop"":0.04058571428571429},{""ts"":1787313300,""favorable_extreme"":0.04161,""stop"":0.04058571428571429},{""ts"":1787320200,""favorable_extreme"":0.04172,""stop"":0.04058571428571429},{""ts"":1787322300,""favorable_extreme"":0.04188,""stop"":0.04058571428571429},{""ts"":1787322900,""favorable_extreme"":0.04216,""stop"":0.04058571428571429}]",1787328300,0.04058571428571429,2.000000000000005,2.000000000000005,partial_tp_floor,
3009,overheated_24h,MEGAUSDT,LONG,tp,2.000000000000005,tp,8.0,True,1787312700,0.04058571428571429,tp_branch,6,"[{""ts"":1787313000,""favorable_extreme"":0.04109,""stop"":0.04058571428571429},{""ts"":1787313300,""favorable_extreme"":0.04161,""stop"":0.04058571428571429},{""ts"":1787320200,""favorable_extreme"":0.04172,""stop"":0.04058571428571429},{""ts"":1787322300,""favorable_extreme"":0.04188,""stop"":0.04058571428571429},{""ts"":1787322900,""favorable_extreme"":0.04216,""stop"":0.04058571428571429}]",1787328300,0.04058571428571429,2.000000000000005,2.000000000000005,partial_tp_floor,
3009,overheated_24h,MEGAUSDT,LONG,tp,2.000000000000005,tp,10.0,True,1787312700,0.04058571428571429,tp_branch,6,"[{""ts"":1787313000,""favorable_extreme"":0.04109,""stop"":0.04058571428571429},{""ts"":1787313300,""favorable_extreme"":0.04161,""stop"":0.04058571428571429},{""ts"":1787320200,""favorable_extreme"":0.04172,""stop"":0.04058571428571429},{""ts"":1787322300,""favorable_extreme"":0.04188,""stop"":0.04058571428571429},{""ts"":1787322900,""favorable_extreme"":0.04216,""stop"":0.04058571428571429}]",1787328300,0.04058571428571429,2.000000000000005,2.000000000000005,partial_tp_floor,
3010,overheated_24h,BIOUSDT,LONG,sl,-1.0,sl,2.0,False,,,not_activated,0,[],,,,-1.0,baseline_sl,
3010,overheated_24h,BIOUSDT,LONG,sl,-1.0,sl,3.0,False,,,not_activated,0,[],,,,-1.0,baseline_sl,
3010,overheated_24h,BIOUSDT,LONG,sl,-1.0,sl,4.0,False,,,not_activated,0,[],,,,-1.0,baseline_sl,
3010,overheated_24h,BIOUSDT,LONG,sl,-1.0,sl,5.0,False,,,not_activated,0,[],,,,-1.0,baseline_sl,
3010,overheated_24h,BIOUSDT,LONG,sl,-1.0,sl,6.0,False,,,not_activated,0,[],,,,-1.0,baseline_sl,
3010,overheated_24h,BIOUSDT,LONG,sl,-1.0,sl,8.0,False,,,not_activated,0,[],,,,-1.0,baseline_sl,
3010,overheated_24h,BIOUSDT,LONG,sl,-1.0,sl,10.0,False,,,not_activated,0,[],,,,-1.0,baseline_sl,
3011,overheated_24h,FLOCKUSDT,LONG,sl,-1.0,sl,2.0,False,,,not_activated,0,[],,,,-1.0,baseline_sl,
3011,overheated_24h,FLOCKUSDT,LONG,sl,-1.0,sl,3.0,False,,,not_activated,0,[],,,,-1.0,baseline_sl,
3011,overheated_24h,FLOCKUSDT,LONG,sl,-1.0,sl,4.0,False,,,not_activated,0,[],,,,-1.0,baseline_sl,
3011,overheated_24h,FLOCKUSDT,LONG,sl,-1.0,sl,5.0,False,,,not_activated,0,[],,,,-1.0,baseline_sl,
3011,overheated_24h,FLOCKUSDT,LONG,sl,-1.0,sl,6.0,False,,,not_activated,0,[],,,,-1.0,baseline_sl,
3011,overheated_24h,FLOCKUSDT,LONG,sl,-1.0,sl,8.0,False,,,not_activated,0,[],,,,-1.0,baseline_sl,
3011,overheated_24h,FLOCKUSDT,LONG,sl,-1.0,sl,10.0,False,,,not_activated,0,[],,,,-1.0,baseline_sl,
3015,overheated_24h,PNUTUSDT,LONG,tp,1.9999999999999956,tp,2.0,True,1787299800,0.05516107142857143,tp_branch,1,[],1787300100,0.05516107142857143,1.9999999999999956,1.9999999999999956,partial_tp_floor,
3015,overheated_24h,PNUTUSDT,LONG,tp,1.9999999999999956,tp,3.0,True,1787299800,0.05516107142857143,tp_branch,1,[],1787300100,0.05516107142857143,1.9999999999999956,1.9999999999999956,partial_tp_floor,
3015,overheated_24h,PNUTUSDT,LONG,tp,1.9999999999999956,tp,4.0,True,1787299800,0.05516107142857143,tp_branch,1,[],1787300100,0.05516107142857143,1.9999999999999956,1.9999999999999956,partial_tp_floor,
3015,overheated_24h,PNUTUSDT,LONG,tp,1.9999999999999956,tp,5.0,True,1787299800,0.05516107142857143,tp_branch,1,[],1787300100,0.05516107142857143,1.9999999999999956,1.9999999999999956,partial_tp_floor,
3015,overheated_24h,PNUTUSDT,LONG,tp,1.9999999999999956,tp,6.0,True,1787299800,0.05516107142857143,tp_branch,1,[],1787300100,0.05516107142857143,1.9999999999999956,1.9999999999999956,partial_tp_floor,
3015,overheated_24h,PNUTUSDT,LONG,tp,1.9999999999999956,tp,8.0,True,1787299800,0.05516107142857143,tp_branch,1,[],1787300100,0.05516107142857143,1.9999999999999956,1.9999999999999956,partial_tp_floor,
3015,overheated_24h,PNUTUSDT,LONG,tp,1.9999999999999956,tp,10.0,True,1787299800,0.05516107142857143,tp_branch,1,[],1787300100,0.05516107142857143,1.9999999999999956,1.9999999999999956,partial_tp_floor,
3016,overheated_24h,XLMUSDT,LONG,tp,2.0,tp,2.0,True,1787247000,0.19058250000000002,tp_branch,1,[],1787247300,0.19058250000000002,2.0,2.0,partial_tp_floor,
3016,overheated_24h,XLMUSDT,LONG,tp,2.0,tp,3.0,True,1787247000,0.19058250000000002,tp_branch,1,[],1787247300,0.19058250000000002,2.0,2.0,partial_tp_floor,
3016,overheated_24h,XLMUSDT,LONG,tp,2.0,tp,4.0,True,1787247000,0.19058250000000002,tp_branch,1,[],1787247300,0.19058250000000002,2.0,2.0,partial_tp_floor,
3016,overheated_24h,XLMUSDT,LONG,tp,2.0,tp,5.0,True,1787247000,0.19058250000000002,tp_branch,1,[],1787247300,0.19058250000000002,2.0,2.0,partial_tp_floor,
3016,overheated_24h,XLMUSDT,LONG,tp,2.0,tp,6.0,True,1787247000,0.19058250000000002,tp_branch,1,[],1787247300,0.19058250000000002,2.0,2.0,partial_tp_floor,
3016,overheated_24h,XLMUSDT,LONG,tp,2.0,tp,8.0,True,1787247000,0.19058250000000002,tp_branch,1,[],1787247300,0.19058250000000002,2.0,2.0,partial_tp_floor,
3016,overheated_24h,XLMUSDT,LONG,tp,2.0,tp,10.0,True,1787247000,0.19058250000000002,tp_branch,1,[],1787247300,0.19058250000000002,2.0,2.0,partial_tp_floor,
3045,overheated_24h,ORDIUSDT,LONG,sl,-1.0,sl,2.0,False,,,not_activated,0,[],,,,-1.0,baseline_sl,
3045,overheated_24h,ORDIUSDT,LONG,sl,-1.0,sl,3.0,False,,,not_activated,0,[],,,,-1.0,baseline_sl,
3045,overheated_24h,ORDIUSDT,LONG,sl,-1.0,sl,4.0,False,,,not_activated,0,[],,,,-1.0,baseline_sl,
3045,overheated_24h,ORDIUSDT,LONG,sl,-1.0,sl,5.0,False,,,not_activated,0,[],,,,-1.0,baseline_sl,
3045,overheated_24h,ORDIUSDT,LONG,sl,-1.0,sl,6.0,False,,,not_activated,0,[],,,,-1.0,baseline_sl,
3045,overheated_24h,ORDIUSDT,LONG,sl,-1.0,sl,8.0,False,,,not_activated,0,[],,,,-1.0,baseline_sl,
3045,overheated_24h,ORDIUSDT,LONG,sl,-1.0,sl,10.0,False,,,not_activated,0,[],,,,-1.0,baseline_sl,
3048,overheated_24h,BOMEUSDT,LONG,sl,-1.0,sl,2.0,False,,,not_activated,0,[],,,,-1.0,baseline_sl,
3048,overheated_24h,BOMEUSDT,LONG,sl,-1.0,sl,3.0,False,,,not_activated,0,[],,,,-1.0,baseline_sl,
3048,overheated_24h,BOMEUSDT,LONG,sl,-1.0,sl,4.0,False,,,not_activated,0,[],,,,-1.0,baseline_sl,
3048,overheated_24h,BOMEUSDT,LONG,sl,-1.0,sl,5.0,False,,,not_activated,0,[],,,,-1.0,baseline_sl,
3048,overheated_24h,BOMEUSDT,LONG,sl,-1.0,sl,6.0,False,,,not_activated,0,[],,,,-1.0,baseline_sl,
3048,overheated_24h,BOMEUSDT,LONG,sl,-1.0,sl,8.0,False,,,not_activated,0,[],,,,-1.0,baseline_sl,
3048,overheated_24h,BOMEUSDT,LONG,sl,-1.0,sl,10.0,False,,,not_activated,0,[],,,,-1.0,baseline_sl,
3049,overheated_24h,COLLECTUSDT,LONG,tp,1.9999999999999976,tp,2.0,True,1787229300,0.06274821428571428,tp_branch,1,[],1787229600,0.06274821428571428,1.9999999999999976,1.9999999999999976,partial_tp_floor,
3049,overheated_24h,COLLECTUSDT,LONG,tp,1.9999999999999976,tp,3.0,True,1787229300,0.06274821428571428,tp_branch,1,[],1787229600,0.06274821428571428,1.9999999999999976,1.9999999999999976,partial_tp_floor,
3049,overheated_24h,COLLECTUSDT,LONG,tp,1.9999999999999976,tp,4.0,True,1787229300,0.06274821428571428,tp_branch,1,[],1787229600,0.06274821428571428,1.9999999999999976,1.9999999999999976,partial_tp_floor,
3049,overheated_24h,COLLECTUSDT,LONG,tp,1.9999999999999976,tp,5.0,True,1787229300,0.06274821428571428,tp_branch,1,[],1787229600,0.06274821428571428,1.9999999999999976,1.9999999999999976,partial_tp_floor,
3049,overheated_24h,COLLECTUSDT,LONG,tp,1.9999999999999976,tp,6.0,True,1787229300,0.06274821428571428,tp_branch,1,[],1787229600,0.06274821428571428,1.9999999999999976,1.9999999999999976,partial_tp_floor,
3049,overheated_24h,COLLECTUSDT,LONG,tp,1.9999999999999976,tp,8.0,True,1787229300,0.06274821428571428,tp_branch,1,[],1787229600,0.06274821428571428,1.9999999999999976,1.9999999999999976,partial_tp_floor,
3049,overheated_24h,COLLECTUSDT,LONG,tp,1.9999999999999976,tp,10.0,True,1787229300,0.06274821428571428,tp_branch,1,[],1787229600,0.06274821428571428,1.9999999999999976,1.9999999999999976,partial_tp_floor,
3053,overheated_24h,FORMUSDT,LONG,tp,2.0,tp,2.0,True,1787298600,0.2598285714285714,tp_branch,1,[],1787298900,0.2598285714285714,2.0,2.0,partial_tp_floor,
3053,overheated_24h,FORMUSDT,LONG,tp,2.0,tp,3.0,True,1787298600,0.2598285714285714,tp_branch,1,[],1787298900,0.2598285714285714,2.0,2.0,partial_tp_floor,
3053,overheated_24h,FORMUSDT,LONG,tp,2.0,tp,4.0,True,1787298600,0.2598285714285714,tp_branch,1,[],1787298900,0.2598285714285714,2.0,2.0,partial_tp_floor,
3053,overheated_24h,FORMUSDT,LONG,tp,2.0,tp,5.0,True,1787298600,0.2598285714285714,tp_branch,1,[],1787298900,0.2598285714285714,2.0,2.0,partial_tp_floor,
3053,overheated_24h,FORMUSDT,LONG,tp,2.0,tp,6.0,True,1787298600,0.2598285714285714,tp_branch,1,[],1787298900,0.2598285714285714,2.0,2.0,partial_tp_floor,
3053,overheated_24h,FORMUSDT,LONG,tp,2.0,tp,8.0,True,1787298600,0.2598285714285714,tp_branch,1,[],1787298900,0.2598285714285714,2.0,2.0,partial_tp_floor,
3053,overheated_24h,FORMUSDT,LONG,tp,2.0,tp,10.0,True,1787298600,0.2598285714285714,tp_branch,1,[],1787298900,0.2598285714285714,2.0,2.0,partial_tp_floor,
3054,overheated_24h,BRETTUSDT,LONG,sl,-1.0,sl,2.0,False,,,not_activated,0,[],,,,-1.0,baseline_sl,
3054,overheated_24h,BRETTUSDT,LONG,sl,-1.0,sl,3.0,False,,,not_activated,0,[],,,,-1.0,baseline_sl,
3054,overheated_24h,BRETTUSDT,LONG,sl,-1.0,sl,4.0,False,,,not_activated,0,[],,,,-1.0,baseline_sl,
3054,overheated_24h,BRETTUSDT,LONG,sl,-1.0,sl,5.0,False,,,not_activated,0,[],,,,-1.0,baseline_sl,
3054,overheated_24h,BRETTUSDT,LONG,sl,-1.0,sl,6.0,False,,,not_activated,0,[],,,,-1.0,baseline_sl,
3054,overheated_24h,BRETTUSDT,LONG,sl,-1.0,sl,8.0,False,,,not_activated,0,[],,,,-1.0,baseline_sl,
3054,overheated_24h,BRETTUSDT,LONG,sl,-1.0,sl,10.0,False,,,not_activated,0,[],,,,-1.0,baseline_sl,
3077,overheated_24h,BRETTUSDT,LONG,tp,2.0,tp,2.0,True,1787297100,0.004822285714285714,tp_branch,8,"[{""ts"":1787297400,""favorable_extreme"":0.004852,""stop"":0.004822285714285714},{""ts"":1787297700,""favorable_extreme"":0.004909,""stop"":0.004822285714285714},{""ts"":1787298000,""favorable_extreme"":0.00491,""stop"":0.004822285714285714},{""ts"":1787298300,""favorable_extreme"":0.004926,""stop"":0.0048274799999999994},{""ts"":1787298600,""favorable_extreme"":0.004927,""stop"":0.00482846},{""ts"":1787298900,""favorable_extreme"":0.004938,""stop"":0.00483924},{""ts"":1787299200,""favorable_extreme"":0.004951,""stop"":0.00485198}]",1787299800,0.00485198,2.1842730496453906,2.0921365248226955,partial_trail_stop,
3077,overheated_24h,BRETTUSDT,LONG,tp,2.0,tp,3.0,True,1787297100,0.004822285714285714,tp_branch,10,"[{""ts"":1787297400,""favorable_extreme"":0.004852,""stop"":0.004822285714285714},{""ts"":1787297700,""favorable_extreme"":0.004909,""stop"":0.004822285714285714},{""ts"":1787298000,""favorable_extreme"":0.00491,""stop"":0.004822285714285714},{""ts"":1787298300,""favorable_extreme"":0.004926,""stop"":0.004822285714285714},{""ts"":1787298600,""favorable_extreme"":0.004927,""stop"":0.004822285714285714},{""ts"":1787298900,""favorable_extreme"":0.004938,""stop"":0.004822285714285714},{""ts"":1787299200,""favorable_extreme"":0.004951,""stop"":0.004822285714285714},{""ts"":1787301900,""favorable_extreme"":0.004988,""stop"":0.00483836},{""ts"":1787302500,""favorable_extreme"":0.005017,""stop"":0.004866489999999999}]",1787302800,0.004866489999999999,2.2743173758865236,2.137158687943262,partial_trail_stop,
3077,overheated_24h,BRETTUSDT,LONG,tp,2.0,tp,4.0,True,1787297100,0.004822285714285714,tp_branch,11,"[{""ts"":1787297400,""favorable_extreme"":0.004852,""stop"":0.004822285714285714},{""ts"":1787297700,""favorable_extreme"":0.004909,""stop"":0.004822285714285714},{""ts"":1787298000,""favorable_extreme"":0.00491,""stop"":0.004822285714285714},{""ts"":1787298300,""favorable_extreme"":0.004926,""stop"":0.004822285714285714},{""ts"":1787298600,""favorable_extreme"":0.004927,""stop"":0.004822285714285714},{""ts"":1787298900,""favorable_extreme"":0.004938,""stop"":0.004822285714285714},{""ts"":1787299200,""favorable_extreme"":0.004951,""stop"":0.004822285714285714},{""ts"":1787301900,""favorable_extreme"":0.004988,""stop"":0.004822285714285714},{""ts"":1787302500,""favorable_extreme"":0.005017,""stop"":0.004822285714285714},{""ts"":1787302800,""favorable_extreme"":0.005045,""stop"":0.0048432}]",1787303100,0.0048432,2.1297872340425545,2.0648936170212773,partial_trail_stop,
3077,overheated_24h,BRETTUSDT,LONG,tp,2.0,tp,5.0,True,1787297100,0.004822285714285714,tp_branch,24,"[{""ts"":1787297400,""favorable_extreme"":0.004852,""stop"":0.004822285714285714},{""ts"":1787297700,""favorable_extreme"":0.004909,""stop"":0.004822285714285714},{""ts"":1787298000,""favorable_extreme"":0.00491,""stop"":0.004822285714285714},{""ts"":1787298300,""favorable_extreme"":0.004926,""stop"":0.004822285714285714},{""ts"":1787298600,""favorable_extreme"":0.004927,""stop"":0.004822285714285714},{""ts"":1787298900,""favorable_extreme"":0.004938,""stop"":0.004822285714285714},{""ts"":1787299200,""favorable_extreme"":0.004951,""stop"":0.004822285714285714},{""ts"":1787301900,""favorable_extreme"":0.004988,""stop"":0.004822285714285714},{""ts"":1787302500,""favorable_extreme"":0.005017,""stop"":0.004822285714285714},{""ts"":1787302800,""favorable_extreme"":0.005045,""stop"":0.004822285714285714},{""ts"":1787305500,""favorable_extreme"":0.005061,""stop"":0.004822285714285714},{""ts"":1787306400,""favorable_extreme"":0.005083,""stop"":0.00482885},{""ts"":1787306700,""favorable_extreme"":0.005093,""stop"":0.00483835},{""ts"":1787307000,""favorable_extreme"":0.0051,""stop"":0.004845},{""ts"":1787307300,""favorable_extreme"":0.005117,""stop"":0.00486115},{""ts"":1787307900,""favorable_extreme"":0.005164,""stop"":0.0049058},{""ts"":1787308200,""favorable_extreme"":0.005182,""stop"":0.0049229},{""ts"":1787308500,""favorable_extreme"":0.005192,""stop"":0.004932399999999999},{""ts"":1787319900,""favorable_extreme"":0.005235,""stop"":0.00497325},{""ts"":1787323500,""favorable_extreme"":0.005265,""stop"":0.005001749999999999},{""ts"":1787323800,""favorable_extreme"":0.005272,""stop"":0.0050084},{""ts"":1787324400,""favorable_extreme"":0.005273,""stop"":0.00500935},{""ts"":1787331900,""favorable_extreme"":0.005319,""stop"":0.00505305}]",1787338800,0.00505305,3.432047872340428,2.716023936170214,partial_trail_stop,
3077,overheated_24h,BRETTUSDT,LONG,tp,2.0,tp,6.0,True,1787297100,0.004822285714285714,tp_branch,24,"[{""ts"":1787297400,""favorable_extreme"":0.004852,""stop"":0.004822285714285714},{""ts"":1787297700,""favorable_extreme"":0.004909,""stop"":0.004822285714285714},{""ts"":1787298000,""favorable_extreme"":0.00491,""stop"":0.004822285714285714},{""ts"":1787298300,""favorable_extreme"":0.004926,""stop"":0.004822285714285714},{""ts"":1787298600,""favorable_extreme"":0.004927,""stop"":0.004822285714285714},{""ts"":1787298900,""favorable_extreme"":0.004938,""stop"":0.004822285714285714},{""ts"":1787299200,""favorable_extreme"":0.004951,""stop"":0.004822285714285714},{""ts"":1787301900,""favorable_extreme"":0.004988,""stop"":0.004822285714285714},{""ts"":1787302500,""favorable_extreme"":0.005017,""stop"":0.004822285714285714},{""ts"":1787302800,""favorable_extreme"":0.005045,""stop"":0.004822285714285714},{""ts"":1787305500,""favorable_extreme"":0.005061,""stop"":0.004822285714285714},{""ts"":1787306400,""favorable_extreme"":0.005083,""stop"":0.004822285714285714},{""ts"":1787306700,""favorable_extreme"":0.005093,""stop"":0.004822285714285714},{""ts"":1787307000,""favorable_extreme"":0.0051,""stop"":0.004822285714285714},{""ts"":1787307300,""favorable_extreme"":0.005117,""stop"":0.004822285714285714},{""ts"":1787307900,""favorable_extreme"":0.005164,""stop"":0.00485416},{""ts"":1787308200,""favorable_extreme"":0.005182,""stop"":0.00487108},{""ts"":1787308500,""favorable_extreme"":0.005192,""stop"":0.0048804799999999995},{""ts"":1787319900,""favorable_extreme"":0.005235,""stop"":0.0049209},{""ts"":1787323500,""favorable_extreme"":0.005265,""stop"":0.0049491},{""ts"":1787323800,""favorable_extreme"":0.005272,""stop"":0.00495568},{""ts"":1787324400,""favorable_extreme"":0.005273,""stop"":0.004956619999999999},{""ts"":1787331900,""favorable_extreme"":0.005319,""stop"":0.00499986}]",1787339100,0.00499986,3.101968085106386,2.550984042553193,partial_trail_stop,
3077,overheated_24h,BRETTUSDT,LONG,tp,2.0,tp,8.0,True,1787297100,0.004822285714285714,tp_branch,50,"[{""ts"":1787297400,""favorable_extreme"":0.004852,""stop"":0.004822285714285714},{""ts"":1787297700,""favorable_extreme"":0.004909,""stop"":0.004822285714285714},{""ts"":1787298000,""favorable_extreme"":0.00491,""stop"":0.004822285714285714},{""ts"":1787298300,""favorable_extreme"":0.004926,""stop"":0.004822285714285714},{""ts"":1787298600,""favorable_extreme"":0.004927,""stop"":0.004822285714285714},{""ts"":1787298900,""favorable_extreme"":0.004938,""stop"":0.004822285714285714},{""ts"":1787299200,""favorable_extreme"":0.004951,""stop"":0.004822285714285714},{""ts"":1787301900,""favorable_extreme"":0.004988,""stop"":0.004822285714285714},{""ts"":1787302500,""favorable_extreme"":0.005017,""stop"":0.004822285714285714},{""ts"":1787302800,""favorable_extreme"":0.005045,""stop"":0.004822285714285714},{""ts"":1787305500,""favorable_extreme"":0.005061,""stop"":0.004822285714285714},{""ts"":1787306400,""favorable_extreme"":0.005083,""stop"":0.004822285714285714},{""ts"":1787306700,""favorable_extreme"":0.005093,""stop"":0.004822285714285714},{""ts"":1787307000,""favorable_extreme"":0.0051,""stop"":0.004822285714285714},{""ts"":1787307300,""favorable_extreme"":0.005117,""stop"":0.004822285714285714},{""ts"":1787307900,""favorable_extreme"":0.005164,""stop"":0.004822285714285714},{""ts"":1787308200,""favorable_extreme"":0.005182,""stop"":0.004822285714285714},{""ts"":1787308500,""favorable_extreme"":0.005192,""stop"":0.004822285714285714},{""ts"":1787319900,""favorable_extreme"":0.005235,""stop"":0.004822285714285714},{""ts"":1787323500,""favorable_extreme"":0.005265,""stop"":0.0048438},{""ts"":1787323800,""favorable_extreme"":0.005272,""stop"":0.00485024},{""ts"":1787324400,""favorable_extreme"":0.005273,""stop"":0.00485116},{""ts"":1787331900,""favorable_extreme"":0.005319,""stop"":0.00489348},{""ts"":1787351100,""favorable_extreme"":0.00533,""stop"":0.0049036},{""ts"":1787352900,""favorable_extreme"":0.005376,""stop"":0.00494592},{""ts"":1787353500,""favorable_extreme"":0.00542,""stop"":0.0049864},{""ts"":1787353800,""favorable_extreme"":0.005444,""stop"":0.00500848},{""ts"":1787354400,""favorable_extreme"":0.005468,""stop"":0.00503056},{""ts"":1787354700,""favorable_extreme"":0.005479,""stop"":0.0050406800000000005},{""ts"":1787355000,""favorable_extreme"":0.005487,""stop"":0.00504804},{""ts"":1787357700,""favorable_extreme"":0.005497,""stop"":0.00505724},{""ts"":1787358600,""favorable_extreme"":0.005511,""stop"":0.005070120000000001},{""ts"":1787359200,""favorable_extreme"":0.005527,""stop"":0.00508484},{""ts"":1787364600,""favorable_extreme"":0.005601,""stop"":0.00515292},{""ts"":1787364900,""favorable_extreme"":0.005634,""stop"":0.00518328},{""ts"":1787366700,""favorable_extreme"":0.00566,""stop"":0.0052072},{""ts"":1787367900,""favorable_extreme"":0.005673,""stop"":0.0052191600000000005},{""ts"":1787368500,""favorable_extreme"":0.005735,""stop"":0.0052762},{""ts"":1787368800,""favorable_extreme"":0.00575,""stop"":0.00529},{""ts"":1787369100,""favorable_extreme"":0.005751,""stop"":0.00529092},{""ts"":1787369400,""favorable_extreme"":0.005801,""stop"":0.00533692},{""ts"":1787369700,""favorable_extreme"":0.005805,""stop"":0.005340600000000001},{""ts"":1787370600,""favorable_extreme"":0.005823,""stop"":0.005357160000000001},{""ts"":1787370900,""favorable_extreme"":0.005854,""stop"":0.00538568},{""ts"":1787371800,""favorable_extreme"":0.005878,""stop"":0.005407760000000001},{""ts"":1787372400,""favorable_extreme"":0.005893,""stop"":0.00542156},{""ts"":1787372700,""favorable_extreme"":0.005995,""stop"":0.0055154},{""ts"":1787373600,""favorable_extreme"":0.006031,""stop"":0.00554852},{""ts"":1787375100,""favorable_extreme"":0.006033,""stop"":0.005550360000000001}]",1787375400,0.005550360000000001,6.518191489361711,4.259095744680856,partial_trail_stop,
3077,overheated_24h,BRETTUSDT,LONG,tp,2.0,tp,10.0,True,1787297100,0.004822285714285714,tp_branch,50,"[{""ts"":1787297400,""favorable_extreme"":0.004852,""stop"":0.004822285714285714},{""ts"":1787297700,""favorable_extreme"":0.004909,""stop"":0.004822285714285714},{""ts"":1787298000,""favorable_extreme"":0.00491,""stop"":0.004822285714285714},{""ts"":1787298300,""favorable_extreme"":0.004926,""stop"":0.004822285714285714},{""ts"":1787298600,""favorable_extreme"":0.004927,""stop"":0.004822285714285714},{""ts"":1787298900,""favorable_extreme"":0.004938,""stop"":0.004822285714285714},{""ts"":1787299200,""favorable_extreme"":0.004951,""stop"":0.004822285714285714},{""ts"":1787301900,""favorable_extreme"":0.004988,""stop"":0.004822285714285714},{""ts"":1787302500,""favorable_extreme"":0.005017,""stop"":0.004822285714285714},{""ts"":1787302800,""favorable_extreme"":0.005045,""stop"":0.004822285714285714},{""ts"":1787305500,""favorable_extreme"":0.005061,""stop"":0.004822285714285714},{""ts"":1787306400,""favorable_extreme"":0.005083,""stop"":0.004822285714285714},{""ts"":1787306700,""favorable_extreme"":0.005093,""stop"":0.004822285714285714},{""ts"":1787307000,""favorable_extreme"":0.0051,""stop"":0.004822285714285714},{""ts"":1787307300,""favorable_extreme"":0.005117,""stop"":0.004822285714285714},{""ts"":1787307900,""favorable_extreme"":0.005164,""stop"":0.004822285714285714},{""ts"":1787308200,""favorable_extreme"":0.005182,""stop"":0.004822285714285714},{""ts"":1787308500,""favorable_extreme"":0.005192,""stop"":0.004822285714285714},{""ts"":1787319900,""favorable_extreme"":0.005235,""stop"":0.004822285714285714},{""ts"":1787323500,""favorable_extreme"":0.005265,""stop"":0.004822285714285714},{""ts"":1787323800,""favorable_extreme"":0.005272,""stop"":0.004822285714285714},{""ts"":1787324400,""favorable_extreme"":0.005273,""stop"":0.004822285714285714},{""ts"":1787331900,""favorable_extreme"":0.005319,""stop"":0.004822285714285714},{""ts"":1787351100,""favorable_extreme"":0.00533,""stop"":0.004822285714285714},{""ts"":1787352900,""favorable_extreme"":0.005376,""stop"":0.0048384},{""ts"":1787353500,""favorable_extreme"":0.00542,""stop"":0.004878},{""ts"":1787353800,""favorable_extreme"":0.005444,""stop"":0.0048996000000000005},{""ts"":1787354400,""favorable_extreme"":0.005468,""stop"":0.0049212},{""ts"":1787354700,""favorable_extreme"":0.005479,""stop"":0.004931100000000001},{""ts"":1787355000,""favorable_extreme"":0.005487,""stop"":0.0049383},{""ts"":1787357700,""favorable_extreme"":0.005497,""stop"":0.0049473},{""ts"":1787358600,""favorable_extreme"":0.005511,""stop"":0.004959900000000001},{""ts"":1787359200,""favorable_extreme"":0.005527,""stop"":0.0049743},{""ts"":1787364600,""favorable_extreme"":0.005601,""stop"":0.0050409},{""ts"":1787364900,""favorable_extreme"":0.005634,""stop"":0.005070600000000001},{""ts"":1787366700,""favorable_extreme"":0.00566,""stop"":0.0050940000000000004},{""ts"":1787367900,""favorable_extreme"":0.005673,""stop"":0.0051057},{""ts"":1787368500,""favorable_extreme"":0.005735,""stop"":0.005161499999999999},{""ts"":1787368800,""favorable_extreme"":0.00575,""stop"":0.005175},{""ts"":1787369100,""favorable_extreme"":0.005751,""stop"":0.0051759},{""ts"":1787369400,""favorable_extreme"":0.005801,""stop"":0.0052209},{""ts"":1787369700,""favorable_extreme"":0.005805,""stop"":0.0052245},{""ts"":1787370600,""favorable_extreme"":0.005823,""stop"":0.0052407},{""ts"":1787370900,""favorable_extreme"":0.005854,""stop"":0.0052686},{""ts"":1787371800,""favorable_extreme"":0.005878,""stop"":0.0052902},{""ts"":1787372400,""favorable_extreme"":0.005893,""stop"":0.0053037},{""ts"":1787372700,""favorable_extreme"":0.005995,""stop"":0.0053955},{""ts"":1787373600,""favorable_extreme"":0.006031,""stop"":0.0054279},{""ts"":1787375100,""favorable_extreme"":0.006033,""stop"":0.0054297}]",1787375400,0.0054297,5.769414893617025,3.8847074468085125,partial_trail_stop,
3078,overheated_24h,COLLECTUSDT,LONG,sl,-1.0,sl,2.0,False,,,not_activated,0,[],,,,-1.0,baseline_sl,
3078,overheated_24h,COLLECTUSDT,LONG,sl,-1.0,sl,3.0,False,,,not_activated,0,[],,,,-1.0,baseline_sl,
3078,overheated_24h,COLLECTUSDT,LONG,sl,-1.0,sl,4.0,False,,,not_activated,0,[],,,,-1.0,baseline_sl,
3078,overheated_24h,COLLECTUSDT,LONG,sl,-1.0,sl,5.0,False,,,not_activated,0,[],,,,-1.0,baseline_sl,
3078,overheated_24h,COLLECTUSDT,LONG,sl,-1.0,sl,6.0,False,,,not_activated,0,[],,,,-1.0,baseline_sl,
3078,overheated_24h,COLLECTUSDT,LONG,sl,-1.0,sl,8.0,False,,,not_activated,0,[],,,,-1.0,baseline_sl,
3078,overheated_24h,COLLECTUSDT,LONG,sl,-1.0,sl,10.0,False,,,not_activated,0,[],,,,-1.0,baseline_sl,
3080,overheated_24h,MONUSDT,LONG,tp,2.0,tp,2.0,True,1787295300,0.02794392857142857,tp_branch,1,[],1787295600,0.02794392857142857,2.0,2.0,partial_tp_floor,
3080,overheated_24h,MONUSDT,LONG,tp,2.0,tp,3.0,True,1787295300,0.02794392857142857,tp_branch,1,[],1787295600,0.02794392857142857,2.0,2.0,partial_tp_floor,
3080,overheated_24h,MONUSDT,LONG,tp,2.0,tp,4.0,True,1787295300,0.02794392857142857,tp_branch,1,[],1787295600,0.02794392857142857,2.0,2.0,partial_tp_floor,
3080,overheated_24h,MONUSDT,LONG,tp,2.0,tp,5.0,True,1787295300,0.02794392857142857,tp_branch,1,[],1787295600,0.02794392857142857,2.0,2.0,partial_tp_floor,
3080,overheated_24h,MONUSDT,LONG,tp,2.0,tp,6.0,True,1787295300,0.02794392857142857,tp_branch,1,[],1787295600,0.02794392857142857,2.0,2.0,partial_tp_floor,
3080,overheated_24h,MONUSDT,LONG,tp,2.0,tp,8.0,True,1787295300,0.02794392857142857,tp_branch,1,[],1787295600,0.02794392857142857,2.0,2.0,partial_tp_floor,
3080,overheated_24h,MONUSDT,LONG,tp,2.0,tp,10.0,True,1787295300,0.02794392857142857,tp_branch,1,[],1787295600,0.02794392857142857,2.0,2.0,partial_tp_floor,
3081,overheated_24h,ORDIUSDT,LONG,tp,2.0,tp,2.0,True,1787298000,4.403607142857142,tp_branch,1,[],1787298300,4.403607142857142,2.0,2.0,partial_tp_floor,
3081,overheated_24h,ORDIUSDT,LONG,tp,2.0,tp,3.0,True,1787298000,4.403607142857142,tp_branch,1,[],1787298300,4.403607142857142,2.0,2.0,partial_tp_floor,
3081,overheated_24h,ORDIUSDT,LONG,tp,2.0,tp,4.0,True,1787298000,4.403607142857142,tp_branch,1,[],1787298300,4.403607142857142,2.0,2.0,partial_tp_floor,
3081,overheated_24h,ORDIUSDT,LONG,tp,2.0,tp,5.0,True,1787298000,4.403607142857142,tp_branch,1,[],1787298300,4.403607142857142,2.0,2.0,partial_tp_floor,
3081,overheated_24h,ORDIUSDT,LONG,tp,2.0,tp,6.0,True,1787298000,4.403607142857142,tp_branch,1,[],1787298300,4.403607142857142,2.0,2.0,partial_tp_floor,
3081,overheated_24h,ORDIUSDT,LONG,tp,2.0,tp,8.0,True,1787298000,4.403607142857142,tp_branch,1,[],1787298300,4.403607142857142,2.0,2.0,partial_tp_floor,
3081,overheated_24h,ORDIUSDT,LONG,tp,2.0,tp,10.0,True,1787298000,4.403607142857142,tp_branch,1,[],1787298300,4.403607142857142,2.0,2.0,partial_tp_floor,
3082,overheated_24h,XRPUSDT,LONG,tp,1.999999999999991,tp,2.0,True,1787235300,1.2417142857142858,tp_branch,1,[],1787235600,1.2417142857142858,1.999999999999991,1.999999999999991,partial_tp_floor,
3082,overheated_24h,XRPUSDT,LONG,tp,1.999999999999991,tp,3.0,True,1787235300,1.2417142857142858,tp_branch,1,[],1787235600,1.2417142857142858,1.999999999999991,1.999999999999991,partial_tp_floor,
3082,overheated_24h,XRPUSDT,LONG,tp,1.999999999999991,tp,4.0,True,1787235300,1.2417142857142858,tp_branch,1,[],1787235600,1.2417142857142858,1.999999999999991,1.999999999999991,partial_tp_floor,
3082,overheated_24h,XRPUSDT,LONG,tp,1.999999999999991,tp,5.0,True,1787235300,1.2417142857142858,tp_branch,1,[],1787235600,1.2417142857142858,1.999999999999991,1.999999999999991,partial_tp_floor,
3082,overheated_24h,XRPUSDT,LONG,tp,1.999999999999991,tp,6.0,True,1787235300,1.2417142857142858,tp_branch,1,[],1787235600,1.2417142857142858,1.999999999999991,1.999999999999991,partial_tp_floor,
3082,overheated_24h,XRPUSDT,LONG,tp,1.999999999999991,tp,8.0,True,1787235300,1.2417142857142858,tp_branch,1,[],1787235600,1.2417142857142858,1.999999999999991,1.999999999999991,partial_tp_floor,
3082,overheated_24h,XRPUSDT,LONG,tp,1.999999999999991,tp,10.0,True,1787235300,1.2417142857142858,tp_branch,1,[],1787235600,1.2417142857142858,1.999999999999991,1.999999999999991,partial_tp_floor,
3099,overheated_24h,PUMPUSDT,LONG,tp,2.0,tp,2.0,True,1787268300,0.003926535714285715,tp_branch,1,[],1787268600,0.003926535714285715,2.0,2.0,partial_tp_floor,
3099,overheated_24h,PUMPUSDT,LONG,tp,2.0,tp,3.0,True,1787268300,0.003926535714285715,tp_branch,1,[],1787268600,0.003926535714285715,2.0,2.0,partial_tp_floor,
3099,overheated_24h,PUMPUSDT,LONG,tp,2.0,tp,4.0,True,1787268300,0.003926535714285715,tp_branch,1,[],1787268600,0.003926535714285715,2.0,2.0,partial_tp_floor,
3099,overheated_24h,PUMPUSDT,LONG,tp,2.0,tp,5.0,True,1787268300,0.003926535714285715,tp_branch,1,[],1787268600,0.003926535714285715,2.0,2.0,partial_tp_floor,
3099,overheated_24h,PUMPUSDT,LONG,tp,2.0,tp,6.0,True,1787268300,0.003926535714285715,tp_branch,1,[],1787268600,0.003926535714285715,2.0,2.0,partial_tp_floor,
3099,overheated_24h,PUMPUSDT,LONG,tp,2.0,tp,8.0,True,1787268300,0.003926535714285715,tp_branch,1,[],1787268600,0.003926535714285715,2.0,2.0,partial_tp_floor,
3099,overheated_24h,PUMPUSDT,LONG,tp,2.0,tp,10.0,True,1787268300,0.003926535714285715,tp_branch,1,[],1787268600,0.003926535714285715,2.0,2.0,partial_tp_floor,
3100,overheated_24h,THETAUSDT,LONG,tp,2.0,tp,2.0,True,1787304300,0.1696,tp_branch,14,"[{""ts"":1787304600,""favorable_extreme"":0.1716,""stop"":0.1696},{""ts"":1787304900,""favorable_extreme"":0.1732,""stop"":0.169736},{""ts"":1787305500,""favorable_extreme"":0.1736,""stop"":0.170128},{""ts"":1787305800,""favorable_extreme"":0.1742,""stop"":0.17071599999999998},{""ts"":1787307000,""favorable_extreme"":0.1744,""stop"":0.170912},{""ts"":1787307300,""favorable_extreme"":0.176,""stop"":0.17248},{""ts"":1787307600,""favorable_extreme"":0.1765,""stop"":0.17296999999999998},{""ts"":1787313000,""favorable_extreme"":0.1769,""stop"":0.173362},{""ts"":1787313900,""favorable_extreme"":0.177,""stop"":0.17345999999999998},{""ts"":1787314200,""favorable_extreme"":0.1775,""stop"":0.17395},{""ts"":1787314500,""favorable_extreme"":0.1783,""stop"":0.17473399999999997},{""ts"":1787315400,""favorable_extreme"":0.1845,""stop"":0.18081},{""ts"":1787317200,""favorable_extreme"":0.1847,""stop"":0.181006}]",1787318100,0.181006,5.041599999999997,3.5207999999999986,partial_trail_stop,
3100,overheated_24h,THETAUSDT,LONG,tp,2.0,tp,3.0,True,1787304300,0.1696,tp_branch,14,"[{""ts"":1787304600,""favorable_extreme"":0.1716,""stop"":0.1696},{""ts"":1787304900,""favorable_extreme"":0.1732,""stop"":0.1696},{""ts"":1787305500,""favorable_extreme"":0.1736,""stop"":0.1696},{""ts"":1787305800,""favorable_extreme"":0.1742,""stop"":0.1696},{""ts"":1787307000,""favorable_extreme"":0.1744,""stop"":0.1696},{""ts"":1787307300,""favorable_extreme"":0.176,""stop"":0.17071999999999998},{""ts"":1787307600,""favorable_extreme"":0.1765,""stop"":0.171205},{""ts"":1787313000,""favorable_extreme"":0.1769,""stop"":0.171593},{""ts"":1787313900,""favorable_extreme"":0.177,""stop"":0.17168999999999998},{""ts"":1787314200,""favorable_extreme"":0.1775,""stop"":0.172175},{""ts"":1787314500,""favorable_extreme"":0.1783,""stop"":0.172951},{""ts"":1787315400,""favorable_extreme"":0.1845,""stop"":0.17896499999999999},{""ts"":1787317200,""favorable_extreme"":0.1847,""stop"":0.17915899999999998}]",1787325600,0.17915899999999998,4.54906666666666,3.27453333333333,partial_trail_stop,
3100,overheated_24h,THETAUSDT,LONG,tp,2.0,tp,4.0,True,1787304300,0.1696,tp_branch,29,"[{""ts"":1787304600,""favorable_extreme"":0.1716,""stop"":0.1696},{""ts"":1787304900,""favorable_extreme"":0.1732,""stop"":0.1696},{""ts"":1787305500,""favorable_extreme"":0.1736,""stop"":0.1696},{""ts"":1787305800,""favorable_extreme"":0.1742,""stop"":0.1696},{""ts"":1787307000,""favorable_extreme"":0.1744,""stop"":0.1696},{""ts"":1787307300,""favorable_extreme"":0.176,""stop"":0.1696},{""ts"":1787307600,""favorable_extreme"":0.1765,""stop"":0.1696},{""ts"":1787313000,""favorable_extreme"":0.1769,""stop"":0.169824},{""ts"":1787313900,""favorable_extreme"":0.177,""stop"":0.16992},{""ts"":1787314200,""favorable_extreme"":0.1775,""stop"":0.1704},{""ts"":1787314500,""favorable_extreme"":0.1783,""stop"":0.171168},{""ts"":1787315400,""favorable_extreme"":0.1845,""stop"":0.17712},{""ts"":1787317200,""favorable_extreme"":0.1847,""stop"":0.177312},{""ts"":1787328300,""favorable_extreme"":0.1851,""stop"":0.177696},{""ts"":1787328600,""favorable_extreme"":0.1853,""stop"":0.177888},{""ts"":1787328900,""favorable_extreme"":0.1862,""stop"":0.178752},{""ts"":1787329200,""favorable_extreme"":0.1871,""stop"":0.17961599999999997},{""ts"":1787329800,""favorable_extreme"":0.1882,""stop"":0.180672},{""ts"":1787330100,""favorable_extreme"":0.1889,""stop"":0.181344},{""ts"":1787330400,""favorable_extreme"":0.1893,""stop"":0.181728},{""ts"":1787330700,""favorable_extreme"":0.1897,""stop"":0.182112},{""ts"":1787331000,""favorable_extreme"":0.1903,""stop"":0.182688},{""ts"":1787331600,""favorable_extreme"":0.1907,""stop"":0.183072},{""ts"":1787331900,""favorable_extreme"":0.1911,""stop"":0.18345599999999998},{""ts"":1787332200,""favorable_extreme"":0.1919,""stop"":0.18422399999999997},{""ts"":1787334600,""favorable_extreme"":0.1924,""stop"":0.18470399999999998},{""ts"":1787334900,""favorable_extreme"":0.1929,""stop"":0.185184},{""ts"":1787339400,""favorable_extreme"":0.1938,""stop"":0.186048}]",1787340300,0.186048,6.386133333333327,4.193066666666663,partial_trail_stop,
3100,overheated_24h,THETAUSDT,LONG,tp,2.0,tp,5.0,True,1787304300,0.1696,tp_branch,29,"[{""ts"":1787304600,""favorable_extreme"":0.1716,""stop"":0.1696},{""ts"":1787304900,""favorable_extreme"":0.1732,""stop"":0.1696},{""ts"":1787305500,""favorable_extreme"":0.1736,""stop"":0.1696},{""ts"":1787305800,""favorable_extreme"":0.1742,""stop"":0.1696},{""ts"":1787307000,""favorable_extreme"":0.1744,""stop"":0.1696},{""ts"":1787307300,""favorable_extreme"":0.176,""stop"":0.1696},{""ts"":1787307600,""favorable_extreme"":0.1765,""stop"":0.1696},{""ts"":1787313000,""favorable_extreme"":0.1769,""stop"":0.1696},{""ts"":1787313900,""favorable_extreme"":0.177,""stop"":0.1696},{""ts"":1787314200,""favorable_extreme"":0.1775,""stop"":0.1696},{""ts"":1787314500,""favorable_extreme"":0.1783,""stop"":0.1696},{""ts"":1787315400,""favorable_extreme"":0.1845,""stop"":0.175275},{""ts"":1787317200,""favorable_extreme"":0.1847,""stop"":0.17546499999999998},{""ts"":1787328300,""favorable_extreme"":0.1851,""stop"":0.17584499999999997},{""ts"":1787328600,""favorable_extreme"":0.1853,""stop"":0.176035},{""ts"":1787328900,""favorable_extreme"":0.1862,""stop"":0.17689},{""ts"":1787329200,""favorable_extreme"":0.1871,""stop"":0.177745},{""ts"":1787329800,""favorable_extreme"":0.1882,""stop"":0.17879},{""ts"":1787330100,""favorable_extreme"":0.1889,""stop"":0.179455},{""ts"":1787330400,""favorable_extreme"":0.1893,""stop"":0.179835},{""ts"":1787330700,""favorable_extreme"":0.1897,""stop"":0.180215},{""ts"":1787331000,""favorable_extreme"":0.1903,""stop"":0.180785},{""ts"":1787331600,""favorable_extreme"":0.1907,""stop"":0.181165},{""ts"":1787331900,""favorable_extreme"":0.1911,""stop"":0.18154499999999998},{""ts"":1787332200,""favorable_extreme"":0.1919,""stop"":0.18230499999999997},{""ts"":1787334600,""favorable_extreme"":0.1924,""stop"":0.18277999999999997},{""ts"":1787334900,""favorable_extreme"":0.1929,""stop"":0.18325499999999997},{""ts"":1787339400,""favorable_extreme"":0.1938,""stop"":0.18411}]",1787340300,0.18411,5.869333333333328,3.934666666666664,partial_trail_stop,
3100,overheated_24h,THETAUSDT,LONG,tp,2.0,tp,6.0,True,1787304300,0.1696,tp_branch,29,"[{""ts"":1787304600,""favorable_extreme"":0.1716,""stop"":0.1696},{""ts"":1787304900,""favorable_extreme"":0.1732,""stop"":0.1696},{""ts"":1787305500,""favorable_extreme"":0.1736,""stop"":0.1696},{""ts"":1787305800,""favorable_extreme"":0.1742,""stop"":0.1696},{""ts"":1787307000,""favorable_extreme"":0.1744,""stop"":0.1696},{""ts"":1787307300,""favorable_extreme"":0.176,""stop"":0.1696},{""ts"":1787307600,""favorable_extreme"":0.1765,""stop"":0.1696},{""ts"":1787313000,""favorable_extreme"":0.1769,""stop"":0.1696},{""ts"":1787313900,""favorable_extreme"":0.177,""stop"":0.1696},{""ts"":1787314200,""favorable_extreme"":0.1775,""stop"":0.1696},{""ts"":1787314500,""favorable_extreme"":0.1783,""stop"":0.1696},{""ts"":1787315400,""favorable_extreme"":0.1845,""stop"":0.17343},{""ts"":1787317200,""favorable_extreme"":0.1847,""stop"":0.173618},{""ts"":1787328300,""favorable_extreme"":0.1851,""stop"":0.17399399999999998},{""ts"":1787328600,""favorable_extreme"":0.1853,""stop"":0.17418199999999998},{""ts"":1787328900,""favorable_extreme"":0.1862,""stop"":0.175028},{""ts"":1787329200,""favorable_extreme"":0.1871,""stop"":0.17587399999999997},{""ts"":1787329800,""favorable_extreme"":0.1882,""stop"":0.17690799999999998},{""ts"":1787330100,""favorable_extreme"":0.1889,""stop"":0.177566},{""ts"":1787330400,""favorable_extreme"":0.1893,""stop"":0.177942},{""ts"":1787330700,""favorable_extreme"":0.1897,""stop"":0.178318},{""ts"":1787331000,""favorable_extreme"":0.1903,""stop"":0.17888199999999999},{""ts"":1787331600,""favorable_extreme"":0.1907,""stop"":0.179258},{""ts"":1787331900,""favorable_extreme"":0.1911,""stop"":0.179634},{""ts"":1787332200,""favorable_extreme"":0.1919,""stop"":0.180386},{""ts"":1787334600,""favorable_extreme"":0.1924,""stop"":0.180856},{""ts"":1787334900,""favorable_extreme"":0.1929,""stop"":0.181326},{""ts"":1787339400,""favorable_extreme"":0.1938,""stop"":0.182172}]",1787340300,0.182172,5.35253333333333,3.676266666666665,partial_trail_stop,
3100,overheated_24h,THETAUSDT,LONG,tp,2.0,tp,8.0,True,1787304300,0.1696,tp_branch,42,"[{""ts"":1787304600,""favorable_extreme"":0.1716,""stop"":0.1696},{""ts"":1787304900,""favorable_extreme"":0.1732,""stop"":0.1696},{""ts"":1787305500,""favorable_extreme"":0.1736,""stop"":0.1696},{""ts"":1787305800,""favorable_extreme"":0.1742,""stop"":0.1696},{""ts"":1787307000,""favorable_extreme"":0.1744,""stop"":0.1696},{""ts"":1787307300,""favorable_extreme"":0.176,""stop"":0.1696},{""ts"":1787307600,""favorable_extreme"":0.1765,""stop"":0.1696},{""ts"":1787313000,""favorable_extreme"":0.1769,""stop"":0.1696},{""ts"":1787313900,""favorable_extreme"":0.177,""stop"":0.1696},{""ts"":1787314200,""favorable_extreme"":0.1775,""stop"":0.1696},{""ts"":1787314500,""favorable_extreme"":0.1783,""stop"":0.1696},{""ts"":1787315400,""favorable_extreme"":0.1845,""stop"":0.16974},{""ts"":1787317200,""favorable_extreme"":0.1847,""stop"":0.16992400000000002},{""ts"":1787328300,""favorable_extreme"":0.1851,""stop"":0.170292},{""ts"":1787328600,""favorable_extreme"":0.1853,""stop"":0.170476},{""ts"":1787328900,""favorable_extreme"":0.1862,""stop"":0.171304},{""ts"":1787329200,""favorable_extreme"":0.1871,""stop"":0.172132},{""ts"":1787329800,""favorable_extreme"":0.1882,""stop"":0.17314400000000002},{""ts"":1787330100,""favorable_extreme"":0.1889,""stop"":0.17378800000000003},{""ts"":1787330400,""favorable_extreme"":0.1893,""stop"":0.174156},{""ts"":1787330700,""favorable_extreme"":0.1897,""stop"":0.174524},{""ts"":1787331000,""favorable_extreme"":0.1903,""stop"":0.175076},{""ts"":1787331600,""favorable_extreme"":0.1907,""stop"":0.17544400000000002},{""ts"":1787331900,""favorable_extreme"":0.1911,""stop"":0.175812},{""ts"":1787332200,""favorable_extreme"":0.1919,""stop"":0.17654799999999998},{""ts"":1787334600,""favorable_extreme"":0.1924,""stop"":0.177008},{""ts"":1787334900,""favorable_extreme"":0.1929,""stop"":0.177468},{""ts"":1787339400,""favorable_extreme"":0.1938,""stop"":0.178296},{""ts"":1787340300,""favorable_extreme"":0.1945,""stop"":0.17894000000000002},{""ts"":1787365500,""favorable_extreme"":0.195,""stop"":0.1794},{""ts"":1787365800,""favorable_extreme"":0.1959,""stop"":0.180228},{""ts"":1787367600,""favorable_extreme"":0.197,""stop"":0.18124},{""ts"":1787368800,""favorable_extreme"":0.1984,""stop"":0.182528},{""ts"":1787369100,""favorable_extreme"":0.1997,""stop"":0.183724},{""ts"":1787371500,""favorable_extreme"":0.1998,""stop"":0.183816},{""ts"":1787371800,""favorable_extreme"":0.2001,""stop"":0.184092},{""ts"":1787373300,""favorable_extreme"":0.2012,""stop"":0.185104},{""ts"":1787373600,""favorable_extreme"":0.2027,""stop"":0.186484},{""ts"":1787373900,""favorable_extreme"":0.2033,""stop"":0.187036},{""ts"":1787374500,""favorable_extreme"":0.2039,""stop"":0.187588},{""ts"":1787374800,""favorable_extreme"":0.2046,""stop"":0.188232}]",1787375400,0.188232,6.9685333333333315,4.484266666666666,partial_trail_stop,
3100,overheated_24h,THETAUSDT,LONG,tp,2.0,tp,10.0,True,1787304300,0.1696,tp_branch,42,"[{""ts"":1787304600,""favorable_extreme"":0.1716,""stop"":0.1696},{""ts"":1787304900,""favorable_extreme"":0.1732,""stop"":0.1696},{""ts"":1787305500,""favorable_extreme"":0.1736,""stop"":0.1696},{""ts"":1787305800,""favorable_extreme"":0.1742,""stop"":0.1696},{""ts"":1787307000,""favorable_extreme"":0.1744,""stop"":0.1696},{""ts"":1787307300,""favorable_extreme"":0.176,""stop"":0.1696},{""ts"":1787307600,""favorable_extreme"":0.1765,""stop"":0.1696},{""ts"":1787313000,""favorable_extreme"":0.1769,""stop"":0.1696},{""ts"":1787313900,""favorable_extreme"":0.177,""stop"":0.1696},{""ts"":1787314200,""favorable_extreme"":0.1775,""stop"":0.1696},{""ts"":1787314500,""favorable_extreme"":0.1783,""stop"":0.1696},{""ts"":1787315400,""favorable_extreme"":0.1845,""stop"":0.1696},{""ts"":1787317200,""favorable_extreme"":0.1847,""stop"":0.1696},{""ts"":1787328300,""favorable_extreme"":0.1851,""stop"":0.1696},{""ts"":1787328600,""favorable_extreme"":0.1853,""stop"":0.1696},{""ts"":1787328900,""favorable_extreme"":0.1862,""stop"":0.1696},{""ts"":1787329200,""favorable_extreme"":0.1871,""stop"":0.1696},{""ts"":1787329800,""favorable_extreme"":0.1882,""stop"":0.1696},{""ts"":1787330100,""favorable_extreme"":0.1889,""stop"":0.17001000000000002},{""ts"":1787330400,""favorable_extreme"":0.1893,""stop"":0.17037},{""ts"":1787330700,""favorable_extreme"":0.1897,""stop"":0.17073000000000002},{""ts"":1787331000,""favorable_extreme"":0.1903,""stop"":0.17127},{""ts"":1787331600,""favorable_extreme"":0.1907,""stop"":0.17163},{""ts"":1787331900,""favorable_extreme"":0.1911,""stop"":0.17199},{""ts"":1787332200,""favorable_extreme"":0.1919,""stop"":0.17271},{""ts"":1787334600,""favorable_extreme"":0.1924,""stop"":0.17315999999999998},{""ts"":1787334900,""favorable_extreme"":0.1929,""stop"":0.17361},{""ts"":1787339400,""favorable_extreme"":0.1938,""stop"":0.17442},{""ts"":1787340300,""favorable_extreme"":0.1945,""stop"":0.17505},{""ts"":1787365500,""favorable_extreme"":0.195,""stop"":0.17550000000000002},{""ts"":1787365800,""favorable_extreme"":0.1959,""stop"":0.17631},{""ts"":1787367600,""favorable_extreme"":0.197,""stop"":0.1773},{""ts"":1787368800,""favorable_extreme"":0.1984,""stop"":0.17856},{""ts"":1787369100,""favorable_extreme"":0.1997,""stop"":0.17973},{""ts"":1787371500,""favorable_extreme"":0.1998,""stop"":0.17982},{""ts"":1787371800,""favorable_extreme"":0.2001,""stop"":0.18009},{""ts"":1787373300,""favorable_extreme"":0.2012,""stop"":0.18108},{""ts"":1787373600,""favorable_extreme"":0.2027,""stop"":0.18243},{""ts"":1787373900,""favorable_extreme"":0.2033,""stop"":0.18297000000000002},{""ts"":1787374500,""favorable_extreme"":0.2039,""stop"":0.18351},{""ts"":1787374800,""favorable_extreme"":0.2046,""stop"":0.18414}]",1787375400,0.18414,5.877333333333329,3.9386666666666645,partial_trail_stop,
3103,overheated_24h,RIFUSDT,LONG,sl,-1.0,sl,2.0,False,,,not_activated,0,[],,,,-1.0,baseline_sl,
3103,overheated_24h,RIFUSDT,LONG,sl,-1.0,sl,3.0,False,,,not_activated,0,[],,,,-1.0,baseline_sl,
3103,overheated_24h,RIFUSDT,LONG,sl,-1.0,sl,4.0,False,,,not_activated,0,[],,,,-1.0,baseline_sl,
3103,overheated_24h,RIFUSDT,LONG,sl,-1.0,sl,5.0,False,,,not_activated,0,[],,,,-1.0,baseline_sl,
3103,overheated_24h,RIFUSDT,LONG,sl,-1.0,sl,6.0,False,,,not_activated,0,[],,,,-1.0,baseline_sl,
3103,overheated_24h,RIFUSDT,LONG,sl,-1.0,sl,8.0,False,,,not_activated,0,[],,,,-1.0,baseline_sl,
3103,overheated_24h,RIFUSDT,LONG,sl,-1.0,sl,10.0,False,,,not_activated,0,[],,,,-1.0,baseline_sl,
3107,overheated_24h,ONGUSDT,LONG,tp,1.9999999999999978,tp,2.0,True,1787255100,0.08835714285714284,tp_branch,1,[],1787255400,0.08835714285714284,1.9999999999999978,1.9999999999999978,partial_tp_floor,
3107,overheated_24h,ONGUSDT,LONG,tp,1.9999999999999978,tp,3.0,True,1787255100,0.08835714285714284,tp_branch,1,[],1787255400,0.08835714285714284,1.9999999999999978,1.9999999999999978,partial_tp_floor,
3107,overheated_24h,ONGUSDT,LONG,tp,1.9999999999999978,tp,4.0,True,1787255100,0.08835714285714284,tp_branch,1,[],1787255400,0.08835714285714284,1.9999999999999978,1.9999999999999978,partial_tp_floor,
3107,overheated_24h,ONGUSDT,LONG,tp,1.9999999999999978,tp,5.0,True,1787255100,0.08835714285714284,tp_branch,1,[],1787255400,0.08835714285714284,1.9999999999999978,1.9999999999999978,partial_tp_floor,
3107,overheated_24h,ONGUSDT,LONG,tp,1.9999999999999978,tp,6.0,True,1787255100,0.08835714285714284,tp_branch,1,[],1787255400,0.08835714285714284,1.9999999999999978,1.9999999999999978,partial_tp_floor,
3107,overheated_24h,ONGUSDT,LONG,tp,1.9999999999999978,tp,8.0,True,1787255100,0.08835714285714284,tp_branch,1,[],1787255400,0.08835714285714284,1.9999999999999978,1.9999999999999978,partial_tp_floor,
3107,overheated_24h,ONGUSDT,LONG,tp,1.9999999999999978,tp,10.0,True,1787255100,0.08835714285714284,tp_branch,1,[],1787255400,0.08835714285714284,1.9999999999999978,1.9999999999999978,partial_tp_floor,
3110,overheated_24h,GALAUSDT,LONG,tp,2.0,tp,2.0,True,1787296200,0.0016853214285714286,tp_branch,1,[],1787296500,0.0016853214285714286,2.0,2.0,partial_tp_floor,
3110,overheated_24h,GALAUSDT,LONG,tp,2.0,tp,3.0,True,1787296200,0.0016853214285714286,tp_branch,1,[],1787296500,0.0016853214285714286,2.0,2.0,partial_tp_floor,
3110,overheated_24h,GALAUSDT,LONG,tp,2.0,tp,4.0,True,1787296200,0.0016853214285714286,tp_branch,1,[],1787296500,0.0016853214285714286,2.0,2.0,partial_tp_floor,
3110,overheated_24h,GALAUSDT,LONG,tp,2.0,tp,5.0,True,1787296200,0.0016853214285714286,tp_branch,1,[],1787296500,0.0016853214285714286,2.0,2.0,partial_tp_floor,
3110,overheated_24h,GALAUSDT,LONG,tp,2.0,tp,6.0,True,1787296200,0.0016853214285714286,tp_branch,1,[],1787296500,0.0016853214285714286,2.0,2.0,partial_tp_floor,
3110,overheated_24h,GALAUSDT,LONG,tp,2.0,tp,8.0,True,1787296200,0.0016853214285714286,tp_branch,1,[],1787296500,0.0016853214285714286,2.0,2.0,partial_tp_floor,
3110,overheated_24h,GALAUSDT,LONG,tp,2.0,tp,10.0,True,1787296200,0.0016853214285714286,tp_branch,1,[],1787296500,0.0016853214285714286,2.0,2.0,partial_tp_floor,
3111,overheated_24h,ONUSDT,LONG,sl,-1.0,sl,2.0,False,,,not_activated,0,[],,,,-1.0,baseline_sl,
3111,overheated_24h,ONUSDT,LONG,sl,-1.0,sl,3.0,False,,,not_activated,0,[],,,,-1.0,baseline_sl,
3111,overheated_24h,ONUSDT,LONG,sl,-1.0,sl,4.0,False,,,not_activated,0,[],,,,-1.0,baseline_sl,
3111,overheated_24h,ONUSDT,LONG,sl,-1.0,sl,5.0,False,,,not_activated,0,[],,,,-1.0,baseline_sl,
3111,overheated_24h,ONUSDT,LONG,sl,-1.0,sl,6.0,False,,,not_activated,0,[],,,,-1.0,baseline_sl,
3111,overheated_24h,ONUSDT,LONG,sl,-1.0,sl,8.0,False,,,not_activated,0,[],,,,-1.0,baseline_sl,
3111,overheated_24h,ONUSDT,LONG,sl,-1.0,sl,10.0,False,,,not_activated,0,[],,,,-1.0,baseline_sl,
3121,overheated_24h,PEOPLEUSDT,LONG,tp,2.0,tp,2.0,True,1787239200,0.009382035714285714,tp_branch,1,[],1787239500,0.009382035714285714,2.0,2.0,partial_tp_floor,
3121,overheated_24h,PEOPLEUSDT,LONG,tp,2.0,tp,3.0,True,1787239200,0.009382035714285714,tp_branch,1,[],1787239500,0.009382035714285714,2.0,2.0,partial_tp_floor,
3121,overheated_24h,PEOPLEUSDT,LONG,tp,2.0,tp,4.0,True,1787239200,0.009382035714285714,tp_branch,1,[],1787239500,0.009382035714285714,2.0,2.0,partial_tp_floor,
3121,overheated_24h,PEOPLEUSDT,LONG,tp,2.0,tp,5.0,True,1787239200,0.009382035714285714,tp_branch,1,[],1787239500,0.009382035714285714,2.0,2.0,partial_tp_floor,
3121,overheated_24h,PEOPLEUSDT,LONG,tp,2.0,tp,6.0,True,1787239200,0.009382035714285714,tp_branch,1,[],1787239500,0.009382035714285714,2.0,2.0,partial_tp_floor,
3121,overheated_24h,PEOPLEUSDT,LONG,tp,2.0,tp,8.0,True,1787239200,0.009382035714285714,tp_branch,1,[],1787239500,0.009382035714285714,2.0,2.0,partial_tp_floor,
3121,overheated_24h,PEOPLEUSDT,LONG,tp,2.0,tp,10.0,True,1787239200,0.009382035714285714,tp_branch,1,[],1787239500,0.009382035714285714,2.0,2.0,partial_tp_floor,
3122,overheated_24h,STXUSDT,LONG,tp,2.0,tp,2.0,True,1787270400,0.14636785714285716,tp_branch,3,"[{""ts"":1787270700,""favorable_extreme"":0.1479,""stop"":0.14636785714285716},{""ts"":1787271000,""favorable_extreme"":0.1482,""stop"":0.14636785714285716}]",1787271900,0.14636785714285716,2.0,2.0,partial_tp_floor,
3122,overheated_24h,STXUSDT,LONG,tp,2.0,tp,3.0,True,1787270400,0.14636785714285716,tp_branch,3,"[{""ts"":1787270700,""favorable_extreme"":0.1479,""stop"":0.14636785714285716},{""ts"":1787271000,""favorable_extreme"":0.1482,""stop"":0.14636785714285716}]",1787271900,0.14636785714285716,2.0,2.0,partial_tp_floor,
3122,overheated_24h,STXUSDT,LONG,tp,2.0,tp,4.0,True,1787270400,0.14636785714285716,tp_branch,3,"[{""ts"":1787270700,""favorable_extreme"":0.1479,""stop"":0.14636785714285716},{""ts"":1787271000,""favorable_extreme"":0.1482,""stop"":0.14636785714285716}]",1787271900,0.14636785714285716,2.0,2.0,partial_tp_floor,
3122,overheated_24h,STXUSDT,LONG,tp,2.0,tp,5.0,True,1787270400,0.14636785714285716,tp_branch,3,"[{""ts"":1787270700,""favorable_extreme"":0.1479,""stop"":0.14636785714285716},{""ts"":1787271000,""favorable_extreme"":0.1482,""stop"":0.14636785714285716}]",1787271900,0.14636785714285716,2.0,2.0,partial_tp_floor,
3122,overheated_24h,STXUSDT,LONG,tp,2.0,tp,6.0,True,1787270400,0.14636785714285716,tp_branch,3,"[{""ts"":1787270700,""favorable_extreme"":0.1479,""stop"":0.14636785714285716},{""ts"":1787271000,""favorable_extreme"":0.1482,""stop"":0.14636785714285716}]",1787271900,0.14636785714285716,2.0,2.0,partial_tp_floor,
3122,overheated_24h,STXUSDT,LONG,tp,2.0,tp,8.0,True,1787270400,0.14636785714285716,tp_branch,3,"[{""ts"":1787270700,""favorable_extreme"":0.1479,""stop"":0.14636785714285716},{""ts"":1787271000,""favorable_extreme"":0.1482,""stop"":0.14636785714285716}]",1787271900,0.14636785714285716,2.0,2.0,partial_tp_floor,
3122,overheated_24h,STXUSDT,LONG,tp,2.0,tp,10.0,True,1787270400,0.14636785714285716,tp_branch,3,"[{""ts"":1787270700,""favorable_extreme"":0.1479,""stop"":0.14636785714285716},{""ts"":1787271000,""favorable_extreme"":0.1482,""stop"":0.14636785714285716}]",1787271900,0.14636785714285716,2.0,2.0,partial_tp_floor,
3123,overheated_24h,ROBOUSDT,LONG,sl,-1.0,sl,2.0,False,,,not_activated,0,[],,,,-1.0,baseline_sl,
3123,overheated_24h,ROBOUSDT,LONG,sl,-1.0,sl,3.0,False,,,not_activated,0,[],,,,-1.0,baseline_sl,
3123,overheated_24h,ROBOUSDT,LONG,sl,-1.0,sl,4.0,False,,,not_activated,0,[],,,,-1.0,baseline_sl,
3123,overheated_24h,ROBOUSDT,LONG,sl,-1.0,sl,5.0,False,,,not_activated,0,[],,,,-1.0,baseline_sl,
3123,overheated_24h,ROBOUSDT,LONG,sl,-1.0,sl,6.0,False,,,not_activated,0,[],,,,-1.0,baseline_sl,
3123,overheated_24h,ROBOUSDT,LONG,sl,-1.0,sl,8.0,False,,,not_activated,0,[],,,,-1.0,baseline_sl,
3123,overheated_24h,ROBOUSDT,LONG,sl,-1.0,sl,10.0,False,,,not_activated,0,[],,,,-1.0,baseline_sl,
3134,overheated_24h,GOATUSDT,LONG,sl,-1.0,sl,2.0,False,,,not_activated,0,[],,,,-1.0,baseline_sl,
3134,overheated_24h,GOATUSDT,LONG,sl,-1.0,sl,3.0,False,,,not_activated,0,[],,,,-1.0,baseline_sl,
3134,overheated_24h,GOATUSDT,LONG,sl,-1.0,sl,4.0,False,,,not_activated,0,[],,,,-1.0,baseline_sl,
3134,overheated_24h,GOATUSDT,LONG,sl,-1.0,sl,5.0,False,,,not_activated,0,[],,,,-1.0,baseline_sl,
3134,overheated_24h,GOATUSDT,LONG,sl,-1.0,sl,6.0,False,,,not_activated,0,[],,,,-1.0,baseline_sl,
3134,overheated_24h,GOATUSDT,LONG,sl,-1.0,sl,8.0,False,,,not_activated,0,[],,,,-1.0,baseline_sl,
3134,overheated_24h,GOATUSDT,LONG,sl,-1.0,sl,10.0,False,,,not_activated,0,[],,,,-1.0,baseline_sl,
3163,overheated_24h,SATSUSDT,LONG,sl,-1.0,sl,2.0,False,,,not_activated,0,[],,,,-1.0,baseline_sl,
3163,overheated_24h,SATSUSDT,LONG,sl,-1.0,sl,3.0,False,,,not_activated,0,[],,,,-1.0,baseline_sl,
3163,overheated_24h,SATSUSDT,LONG,sl,-1.0,sl,4.0,False,,,not_activated,0,[],,,,-1.0,baseline_sl,
3163,overheated_24h,SATSUSDT,LONG,sl,-1.0,sl,5.0,False,,,not_activated,0,[],,,,-1.0,baseline_sl,
3163,overheated_24h,SATSUSDT,LONG,sl,-1.0,sl,6.0,False,,,not_activated,0,[],,,,-1.0,baseline_sl,
3163,overheated_24h,SATSUSDT,LONG,sl,-1.0,sl,8.0,False,,,not_activated,0,[],,,,-1.0,baseline_sl,
3163,overheated_24h,SATSUSDT,LONG,sl,-1.0,sl,10.0,False,,,not_activated,0,[],,,,-1.0,baseline_sl,
3211,overheated_24h,PENGUUSDT,LONG,tp,2.0,tp,2.0,True,1787302200,0.007710357142857143,tp_branch,2,"[{""ts"":1787302500,""favorable_extreme"":0.007748,""stop"":0.007710357142857143}]",1787302800,0.007710357142857143,2.0,2.0,partial_tp_floor,
3211,overheated_24h,PENGUUSDT,LONG,tp,2.0,tp,3.0,True,1787302200,0.007710357142857143,tp_branch,2,"[{""ts"":1787302500,""favorable_extreme"":0.007748,""stop"":0.007710357142857143}]",1787302800,0.007710357142857143,2.0,2.0,partial_tp_floor,
3211,overheated_24h,PENGUUSDT,LONG,tp,2.0,tp,4.0,True,1787302200,0.007710357142857143,tp_branch,2,"[{""ts"":1787302500,""favorable_extreme"":0.007748,""stop"":0.007710357142857143}]",1787302800,0.007710357142857143,2.0,2.0,partial_tp_floor,
3211,overheated_24h,PENGUUSDT,LONG,tp,2.0,tp,5.0,True,1787302200,0.007710357142857143,tp_branch,2,"[{""ts"":1787302500,""favorable_extreme"":0.007748,""stop"":0.007710357142857143}]",1787302800,0.007710357142857143,2.0,2.0,partial_tp_floor,
3211,overheated_24h,PENGUUSDT,LONG,tp,2.0,tp,6.0,True,1787302200,0.007710357142857143,tp_branch,2,"[{""ts"":1787302500,""favorable_extreme"":0.007748,""stop"":0.007710357142857143}]",1787302800,0.007710357142857143,2.0,2.0,partial_tp_floor,
3211,overheated_24h,PENGUUSDT,LONG,tp,2.0,tp,8.0,True,1787302200,0.007710357142857143,tp_branch,2,"[{""ts"":1787302500,""favorable_extreme"":0.007748,""stop"":0.007710357142857143}]",1787302800,0.007710357142857143,2.0,2.0,partial_tp_floor,
3211,overheated_24h,PENGUUSDT,LONG,tp,2.0,tp,10.0,True,1787302200,0.007710357142857143,tp_branch,2,"[{""ts"":1787302500,""favorable_extreme"":0.007748,""stop"":0.007710357142857143}]",1787302800,0.007710357142857143,2.0,2.0,partial_tp_floor,
3212,overheated_24h,MOODENGUSDT,LONG,sl,-1.0,sl,2.0,False,,,not_activated,0,[],,,,-1.0,baseline_sl,
3212,overheated_24h,MOODENGUSDT,LONG,sl,-1.0,sl,3.0,False,,,not_activated,0,[],,,,-1.0,baseline_sl,
3212,overheated_24h,MOODENGUSDT,LONG,sl,-1.0,sl,4.0,False,,,not_activated,0,[],,,,-1.0,baseline_sl,
3212,overheated_24h,MOODENGUSDT,LONG,sl,-1.0,sl,5.0,False,,,not_activated,0,[],,,,-1.0,baseline_sl,
3212,overheated_24h,MOODENGUSDT,LONG,sl,-1.0,sl,6.0,False,,,not_activated,0,[],,,,-1.0,baseline_sl,
3212,overheated_24h,MOODENGUSDT,LONG,sl,-1.0,sl,8.0,False,,,not_activated,0,[],,,,-1.0,baseline_sl,
3212,overheated_24h,MOODENGUSDT,LONG,sl,-1.0,sl,10.0,False,,,not_activated,0,[],,,,-1.0,baseline_sl,
3213,overheated_24h,COLLECTUSDT,LONG,tp,1.999999999999998,tp,2.0,True,1787285400,0.06879964285714285,tp_branch,1,[],1787285700,0.06879964285714285,1.999999999999998,1.999999999999998,partial_tp_floor,
3213,overheated_24h,COLLECTUSDT,LONG,tp,1.999999999999998,tp,3.0,True,1787285400,0.06879964285714285,tp_branch,1,[],1787285700,0.06879964285714285,1.999999999999998,1.999999999999998,partial_tp_floor,
3213,overheated_24h,COLLECTUSDT,LONG,tp,1.999999999999998,tp,4.0,True,1787285400,0.06879964285714285,tp_branch,1,[],1787285700,0.06879964285714285,1.999999999999998,1.999999999999998,partial_tp_floor,
3213,overheated_24h,COLLECTUSDT,LONG,tp,1.999999999999998,tp,5.0,True,1787285400,0.06879964285714285,tp_branch,1,[],1787285700,0.06879964285714285,1.999999999999998,1.999999999999998,partial_tp_floor,
3213,overheated_24h,COLLECTUSDT,LONG,tp,1.999999999999998,tp,6.0,True,1787285400,0.06879964285714285,tp_branch,1,[],1787285700,0.06879964285714285,1.999999999999998,1.999999999999998,partial_tp_floor,
3213,overheated_24h,COLLECTUSDT,LONG,tp,1.999999999999998,tp,8.0,True,1787285400,0.06879964285714285,tp_branch,1,[],1787285700,0.06879964285714285,1.999999999999998,1.999999999999998,partial_tp_floor,
3213,overheated_24h,COLLECTUSDT,LONG,tp,1.999999999999998,tp,10.0,True,1787285400,0.06879964285714285,tp_branch,1,[],1787285700,0.06879964285714285,1.999999999999998,1.999999999999998,partial_tp_floor,
3214,overheated_24h,FILUSDT,LONG,sl,-1.0,sl,2.0,False,,,not_activated,0,[],,,,-1.0,baseline_sl,
3214,overheated_24h,FILUSDT,LONG,sl,-1.0,sl,3.0,False,,,not_activated,0,[],,,,-1.0,baseline_sl,
3214,overheated_24h,FILUSDT,LONG,sl,-1.0,sl,4.0,False,,,not_activated,0,[],,,,-1.0,baseline_sl,
3214,overheated_24h,FILUSDT,LONG,sl,-1.0,sl,5.0,False,,,not_activated,0,[],,,,-1.0,baseline_sl,
3214,overheated_24h,FILUSDT,LONG,sl,-1.0,sl,6.0,False,,,not_activated,0,[],,,,-1.0,baseline_sl,
3214,overheated_24h,FILUSDT,LONG,sl,-1.0,sl,8.0,False,,,not_activated,0,[],,,,-1.0,baseline_sl,
3214,overheated_24h,FILUSDT,LONG,sl,-1.0,sl,10.0,False,,,not_activated,0,[],,,,-1.0,baseline_sl,
3215,overheated_24h,CROUSDT,LONG,sl,-1.0,sl,2.0,False,,,not_activated,0,[],,,,-1.0,baseline_sl,
3215,overheated_24h,CROUSDT,LONG,sl,-1.0,sl,3.0,False,,,not_activated,0,[],,,,-1.0,baseline_sl,
3215,overheated_24h,CROUSDT,LONG,sl,-1.0,sl,4.0,False,,,not_activated,0,[],,,,-1.0,baseline_sl,
3215,overheated_24h,CROUSDT,LONG,sl,-1.0,sl,5.0,False,,,not_activated,0,[],,,,-1.0,baseline_sl,
3215,overheated_24h,CROUSDT,LONG,sl,-1.0,sl,6.0,False,,,not_activated,0,[],,,,-1.0,baseline_sl,
3215,overheated_24h,CROUSDT,LONG,sl,-1.0,sl,8.0,False,,,not_activated,0,[],,,,-1.0,baseline_sl,
3215,overheated_24h,CROUSDT,LONG,sl,-1.0,sl,10.0,False,,,not_activated,0,[],,,,-1.0,baseline_sl,
3216,overheated_24h,PEOPLEUSDT,LONG,sl,-1.0,sl,2.0,False,,,not_activated,0,[],,,,-1.0,baseline_sl,
3216,overheated_24h,PEOPLEUSDT,LONG,sl,-1.0,sl,3.0,False,,,not_activated,0,[],,,,-1.0,baseline_sl,
3216,overheated_24h,PEOPLEUSDT,LONG,sl,-1.0,sl,4.0,False,,,not_activated,0,[],,,,-1.0,baseline_sl,
3216,overheated_24h,PEOPLEUSDT,LONG,sl,-1.0,sl,5.0,False,,,not_activated,0,[],,,,-1.0,baseline_sl,
3216,overheated_24h,PEOPLEUSDT,LONG,sl,-1.0,sl,6.0,False,,,not_activated,0,[],,,,-1.0,baseline_sl,
3216,overheated_24h,PEOPLEUSDT,LONG,sl,-1.0,sl,8.0,False,,,not_activated,0,[],,,,-1.0,baseline_sl,
3216,overheated_24h,PEOPLEUSDT,LONG,sl,-1.0,sl,10.0,False,,,not_activated,0,[],,,,-1.0,baseline_sl,
3217,overheated_24h,WIFUSDT,LONG,sl,-1.0,sl,2.0,False,,,not_activated,0,[],,,,-1.0,baseline_sl,
3217,overheated_24h,WIFUSDT,LONG,sl,-1.0,sl,3.0,False,,,not_activated,0,[],,,,-1.0,baseline_sl,
3217,overheated_24h,WIFUSDT,LONG,sl,-1.0,sl,4.0,False,,,not_activated,0,[],,,,-1.0,baseline_sl,
3217,overheated_24h,WIFUSDT,LONG,sl,-1.0,sl,5.0,False,,,not_activated,0,[],,,,-1.0,baseline_sl,
3217,overheated_24h,WIFUSDT,LONG,sl,-1.0,sl,6.0,False,,,not_activated,0,[],,,,-1.0,baseline_sl,
3217,overheated_24h,WIFUSDT,LONG,sl,-1.0,sl,8.0,False,,,not_activated,0,[],,,,-1.0,baseline_sl,
3217,overheated_24h,WIFUSDT,LONG,sl,-1.0,sl,10.0,False,,,not_activated,0,[],,,,-1.0,baseline_sl,
3218,overheated_24h,AEROUSDT,LONG,sl,-1.0,sl,2.0,False,,,not_activated,0,[],,,,-1.0,baseline_sl,
3218,overheated_24h,AEROUSDT,LONG,sl,-1.0,sl,3.0,False,,,not_activated,0,[],,,,-1.0,baseline_sl,
3218,overheated_24h,AEROUSDT,LONG,sl,-1.0,sl,4.0,False,,,not_activated,0,[],,,,-1.0,baseline_sl,
3218,overheated_24h,AEROUSDT,LONG,sl,-1.0,sl,5.0,False,,,not_activated,0,[],,,,-1.0,baseline_sl,
3218,overheated_24h,AEROUSDT,LONG,sl,-1.0,sl,6.0,False,,,not_activated,0,[],,,,-1.0,baseline_sl,
3218,overheated_24h,AEROUSDT,LONG,sl,-1.0,sl,8.0,False,,,not_activated,0,[],,,,-1.0,baseline_sl,
3218,overheated_24h,AEROUSDT,LONG,sl,-1.0,sl,10.0,False,,,not_activated,0,[],,,,-1.0,baseline_sl,
3219,overheated_24h,ENAUSDT,LONG,tp,2.0,tp,2.0,True,1787259600,0.11228107142857144,tp_branch,1,[],1787259900,0.11228107142857144,2.0,2.0,partial_tp_floor,
3219,overheated_24h,ENAUSDT,LONG,tp,2.0,tp,3.0,True,1787259600,0.11228107142857144,tp_branch,1,[],1787259900,0.11228107142857144,2.0,2.0,partial_tp_floor,
3219,overheated_24h,ENAUSDT,LONG,tp,2.0,tp,4.0,True,1787259600,0.11228107142857144,tp_branch,1,[],1787259900,0.11228107142857144,2.0,2.0,partial_tp_floor,
3219,overheated_24h,ENAUSDT,LONG,tp,2.0,tp,5.0,True,1787259600,0.11228107142857144,tp_branch,1,[],1787259900,0.11228107142857144,2.0,2.0,partial_tp_floor,
3219,overheated_24h,ENAUSDT,LONG,tp,2.0,tp,6.0,True,1787259600,0.11228107142857144,tp_branch,1,[],1787259900,0.11228107142857144,2.0,2.0,partial_tp_floor,
3219,overheated_24h,ENAUSDT,LONG,tp,2.0,tp,8.0,True,1787259600,0.11228107142857144,tp_branch,1,[],1787259900,0.11228107142857144,2.0,2.0,partial_tp_floor,
3219,overheated_24h,ENAUSDT,LONG,tp,2.0,tp,10.0,True,1787259600,0.11228107142857144,tp_branch,1,[],1787259900,0.11228107142857144,2.0,2.0,partial_tp_floor,
3222,overheated_24h,TURBOUSDT,LONG,tp,1.999999999999995,tp,2.0,True,1787291700,0.0009666321428571428,tp_branch,1,[],1787292000,0.0009666321428571428,1.999999999999995,1.999999999999995,partial_tp_floor,
3222,overheated_24h,TURBOUSDT,LONG,tp,1.999999999999995,tp,3.0,True,1787291700,0.0009666321428571428,tp_branch,1,[],1787292000,0.0009666321428571428,1.999999999999995,1.999999999999995,partial_tp_floor,
3222,overheated_24h,TURBOUSDT,LONG,tp,1.999999999999995,tp,4.0,True,1787291700,0.0009666321428571428,tp_branch,1,[],1787292000,0.0009666321428571428,1.999999999999995,1.999999999999995,partial_tp_floor,
3222,overheated_24h,TURBOUSDT,LONG,tp,1.999999999999995,tp,5.0,True,1787291700,0.0009666321428571428,tp_branch,1,[],1787292000,0.0009666321428571428,1.999999999999995,1.999999999999995,partial_tp_floor,
3222,overheated_24h,TURBOUSDT,LONG,tp,1.999999999999995,tp,6.0,True,1787291700,0.0009666321428571428,tp_branch,1,[],1787292000,0.0009666321428571428,1.999999999999995,1.999999999999995,partial_tp_floor,
3222,overheated_24h,TURBOUSDT,LONG,tp,1.999999999999995,tp,8.0,True,1787291700,0.0009666321428571428,tp_branch,1,[],1787292000,0.0009666321428571428,1.999999999999995,1.999999999999995,partial_tp_floor,
3222,overheated_24h,TURBOUSDT,LONG,tp,1.999999999999995,tp,10.0,True,1787291700,0.0009666321428571428,tp_branch,1,[],1787292000,0.0009666321428571428,1.999999999999995,1.999999999999995,partial_tp_floor,
3224,overheated_24h,XRPUSDT,LONG,sl,-1.0,sl,2.0,False,,,not_activated,0,[],,,,-1.0,baseline_sl,
3224,overheated_24h,XRPUSDT,LONG,sl,-1.0,sl,3.0,False,,,not_activated,0,[],,,,-1.0,baseline_sl,
3224,overheated_24h,XRPUSDT,LONG,sl,-1.0,sl,4.0,False,,,not_activated,0,[],,,,-1.0,baseline_sl,
3224,overheated_24h,XRPUSDT,LONG,sl,-1.0,sl,5.0,False,,,not_activated,0,[],,,,-1.0,baseline_sl,
3224,overheated_24h,XRPUSDT,LONG,sl,-1.0,sl,6.0,False,,,not_activated,0,[],,,,-1.0,baseline_sl,
3224,overheated_24h,XRPUSDT,LONG,sl,-1.0,sl,8.0,False,,,not_activated,0,[],,,,-1.0,baseline_sl,
3224,overheated_24h,XRPUSDT,LONG,sl,-1.0,sl,10.0,False,,,not_activated,0,[],,,,-1.0,baseline_sl,
3225,overheated_24h,XLMUSDT,LONG,sl,-1.0,sl,2.0,False,,,not_activated,0,[],,,,-1.0,baseline_sl,
3225,overheated_24h,XLMUSDT,LONG,sl,-1.0,sl,3.0,False,,,not_activated,0,[],,,,-1.0,baseline_sl,
3225,overheated_24h,XLMUSDT,LONG,sl,-1.0,sl,4.0,False,,,not_activated,0,[],,,,-1.0,baseline_sl,
3225,overheated_24h,XLMUSDT,LONG,sl,-1.0,sl,5.0,False,,,not_activated,0,[],,,,-1.0,baseline_sl,
3225,overheated_24h,XLMUSDT,LONG,sl,-1.0,sl,6.0,False,,,not_activated,0,[],,,,-1.0,baseline_sl,
3225,overheated_24h,XLMUSDT,LONG,sl,-1.0,sl,8.0,False,,,not_activated,0,[],,,,-1.0,baseline_sl,
3225,overheated_24h,XLMUSDT,LONG,sl,-1.0,sl,10.0,False,,,not_activated,0,[],,,,-1.0,baseline_sl,
3226,overheated_24h,USELESSUSDT,LONG,tp,2.000000000000002,tp,2.0,True,1787298600,0.05385178571428572,tp_branch,10,"[{""ts"":1787298900,""favorable_extreme"":0.05542,""stop"":0.054311599999999995},{""ts"":1787299800,""favorable_extreme"":0.05544,""stop"":0.0543312},{""ts"":1787300100,""favorable_extreme"":0.05616,""stop"":0.055036800000000004},{""ts"":1787300700,""favorable_extreme"":0.05634,""stop"":0.0552132},{""ts"":1787301000,""favorable_extreme"":0.05637,""stop"":0.0552426},{""ts"":1787301600,""favorable_extreme"":0.0565,""stop"":0.05537},{""ts"":1787301900,""favorable_extreme"":0.05723,""stop"":0.0560854},{""ts"":1787302200,""favorable_extreme"":0.0575,""stop"":0.056350000000000004},{""ts"":1787302500,""favorable_extreme"":0.05774,""stop"":0.056585199999999995}]",1787302800,0.056585199999999995,2.9571137372600504,2.4785568686300263,partial_trail_stop,
3226,overheated_24h,USELESSUSDT,LONG,tp,2.000000000000002,tp,3.0,True,1787298600,0.05385178571428572,tp_branch,10,"[{""ts"":1787298900,""favorable_extreme"":0.05542,""stop"":0.05385178571428572},{""ts"":1787299800,""favorable_extreme"":0.05544,""stop"":0.05385178571428572},{""ts"":1787300100,""favorable_extreme"":0.05616,""stop"":0.0544752},{""ts"":1787300700,""favorable_extreme"":0.05634,""stop"":0.0546498},{""ts"":1787301000,""favorable_extreme"":0.05637,""stop"":0.0546789},{""ts"":1787301600,""favorable_extreme"":0.0565,""stop"":0.054805},{""ts"":1787301900,""favorable_extreme"":0.05723,""stop"":0.0555131},{""ts"":1787302200,""favorable_extreme"":0.0575,""stop"":0.055775},{""ts"":1787302500,""favorable_extreme"":0.05774,""stop"":0.056007799999999996}]",1787302800,0.056007799999999996,2.7549352841868315,2.377467642093417,partial_trail_stop,
3226,overheated_24h,USELESSUSDT,LONG,tp,2.000000000000002,tp,4.0,True,1787298600,0.05385178571428572,tp_branch,11,"[{""ts"":1787298900,""favorable_extreme"":0.05542,""stop"":0.05385178571428572},{""ts"":1787299800,""favorable_extreme"":0.05544,""stop"":0.05385178571428572},{""ts"":1787300100,""favorable_extreme"":0.05616,""stop"":0.0539136},{""ts"":1787300700,""favorable_extreme"":0.05634,""stop"":0.0540864},{""ts"":1787301000,""favorable_extreme"":0.05637,""stop"":0.0541152},{""ts"":1787301600,""favorable_extreme"":0.0565,""stop"":0.05424},{""ts"":1787301900,""favorable_extreme"":0.05723,""stop"":0.0549408},{""ts"":1787302200,""favorable_extreme"":0.0575,""stop"":0.0552},{""ts"":1787302500,""favorable_extreme"":0.05774,""stop"":0.0554304},{""ts"":1787302800,""favorable_extreme"":0.05788,""stop"":0.0555648}]",1787303100,0.0555648,2.599817420121303,2.2999087100606523,partial_trail_stop,
3226,overheated_24h,USELESSUSDT,LONG,tp,2.000000000000002,tp,5.0,True,1787298600,0.05385178571428572,tp_branch,11,"[{""ts"":1787298900,""favorable_extreme"":0.05542,""stop"":0.05385178571428572},{""ts"":1787299800,""favorable_extreme"":0.05544,""stop"":0.05385178571428572},{""ts"":1787300100,""favorable_extreme"":0.05616,""stop"":0.05385178571428572},{""ts"":1787300700,""favorable_extreme"":0.05634,""stop"":0.05385178571428572},{""ts"":1787301000,""favorable_extreme"":0.05637,""stop"":0.05385178571428572},{""ts"":1787301600,""favorable_extreme"":0.0565,""stop"":0.05385178571428572},{""ts"":1787301900,""favorable_extreme"":0.05723,""stop"":0.0543685},{""ts"":1787302200,""favorable_extreme"":0.0575,""stop"":0.054625},{""ts"":1787302500,""favorable_extreme"":0.05774,""stop"":0.054853},{""ts"":1787302800,""favorable_extreme"":0.05788,""stop"":0.054986}]",1787303700,0.054986,2.397148752579254,2.198574376289628,partial_trail_stop,
3226,overheated_24h,USELESSUSDT,LONG,tp,2.000000000000002,tp,6.0,True,1787298600,0.05385178571428572,tp_branch,11,"[{""ts"":1787298900,""favorable_extreme"":0.05542,""stop"":0.05385178571428572},{""ts"":1787299800,""favorable_extreme"":0.05544,""stop"":0.05385178571428572},{""ts"":1787300100,""favorable_extreme"":0.05616,""stop"":0.05385178571428572},{""ts"":1787300700,""favorable_extreme"":0.05634,""stop"":0.05385178571428572},{""ts"":1787301000,""favorable_extreme"":0.05637,""stop"":0.05385178571428572},{""ts"":1787301600,""favorable_extreme"":0.0565,""stop"":0.05385178571428572},{""ts"":1787301900,""favorable_extreme"":0.05723,""stop"":0.05385178571428572},{""ts"":1787302200,""favorable_extreme"":0.0575,""stop"":0.05405},{""ts"":1787302500,""favorable_extreme"":0.05774,""stop"":0.05427559999999999},{""ts"":1787302800,""favorable_extreme"":0.05788,""stop"":0.054407199999999996}]",1787303700,0.054407199999999996,2.194480085037203,2.0972400425186026,partial_trail_stop,
3226,overheated_24h,USELESSUSDT,LONG,tp,2.000000000000002,tp,8.0,True,1787298600,0.05385178571428572,tp_branch,11,"[{""ts"":1787298900,""favorable_extreme"":0.05542,""stop"":0.05385178571428572},{""ts"":1787299800,""favorable_extreme"":0.05544,""stop"":0.05385178571428572},{""ts"":1787300100,""favorable_extreme"":0.05616,""stop"":0.05385178571428572},{""ts"":1787300700,""favorable_extreme"":0.05634,""stop"":0.05385178571428572},{""ts"":1787301000,""favorable_extreme"":0.05637,""stop"":0.05385178571428572},{""ts"":1787301600,""favorable_extreme"":0.0565,""stop"":0.05385178571428572},{""ts"":1787301900,""favorable_extreme"":0.05723,""stop"":0.05385178571428572},{""ts"":1787302200,""favorable_extreme"":0.0575,""stop"":0.05385178571428572},{""ts"":1787302500,""favorable_extreme"":0.05774,""stop"":0.05385178571428572},{""ts"":1787302800,""favorable_extreme"":0.05788,""stop"":0.05385178571428572}]",1787303700,0.05385178571428572,2.000000000000002,2.000000000000002,partial_tp_floor,
3226,overheated_24h,USELESSUSDT,LONG,tp,2.000000000000002,tp,10.0,True,1787298600,0.05385178571428572,tp_branch,11,"[{""ts"":1787298900,""favorable_extreme"":0.05542,""stop"":0.05385178571428572},{""ts"":1787299800,""favorable_extreme"":0.05544,""stop"":0.05385178571428572},{""ts"":1787300100,""favorable_extreme"":0.05616,""stop"":0.05385178571428572},{""ts"":1787300700,""favorable_extreme"":0.05634,""stop"":0.05385178571428572},{""ts"":1787301000,""favorable_extreme"":0.05637,""stop"":0.05385178571428572},{""ts"":1787301600,""favorable_extreme"":0.0565,""stop"":0.05385178571428572},{""ts"":1787301900,""favorable_extreme"":0.05723,""stop"":0.05385178571428572},{""ts"":1787302200,""favorable_extreme"":0.0575,""stop"":0.05385178571428572},{""ts"":1787302500,""favorable_extreme"":0.05774,""stop"":0.05385178571428572},{""ts"":1787302800,""favorable_extreme"":0.05788,""stop"":0.05385178571428572}]",1787303700,0.05385178571428572,2.000000000000002,2.000000000000002,partial_tp_floor,
3232,overheated_24h,COREUSDT,LONG,tp,2.000000000000003,tp,2.0,True,1787356800,0.026885357142857145,tp_branch,1,[],1787357100,0.026885357142857145,2.000000000000003,2.000000000000003,partial_tp_floor,
3232,overheated_24h,COREUSDT,LONG,tp,2.000000000000003,tp,3.0,True,1787356800,0.026885357142857145,tp_branch,1,[],1787357100,0.026885357142857145,2.000000000000003,2.000000000000003,partial_tp_floor,
3232,overheated_24h,COREUSDT,LONG,tp,2.000000000000003,tp,4.0,True,1787356800,0.026885357142857145,tp_branch,1,[],1787357100,0.026885357142857145,2.000000000000003,2.000000000000003,partial_tp_floor,
3232,overheated_24h,COREUSDT,LONG,tp,2.000000000000003,tp,5.0,True,1787356800,0.026885357142857145,tp_branch,1,[],1787357100,0.026885357142857145,2.000000000000003,2.000000000000003,partial_tp_floor,
3232,overheated_24h,COREUSDT,LONG,tp,2.000000000000003,tp,6.0,True,1787356800,0.026885357142857145,tp_branch,1,[],1787357100,0.026885357142857145,2.000000000000003,2.000000000000003,partial_tp_floor,
3232,overheated_24h,COREUSDT,LONG,tp,2.000000000000003,tp,8.0,True,1787356800,0.026885357142857145,tp_branch,1,[],1787357100,0.026885357142857145,2.000000000000003,2.000000000000003,partial_tp_floor,
3232,overheated_24h,COREUSDT,LONG,tp,2.000000000000003,tp,10.0,True,1787356800,0.026885357142857145,tp_branch,1,[],1787357100,0.026885357142857145,2.000000000000003,2.000000000000003,partial_tp_floor,
3236,overheated_24h,PEOPLEUSDT,LONG,tp,2.0000000000000044,tp,2.0,True,1787258400,0.011097250000000001,tp_branch,1,[],1787258700,0.011097250000000001,2.0000000000000044,2.0000000000000044,partial_tp_floor,
3236,overheated_24h,PEOPLEUSDT,LONG,tp,2.0000000000000044,tp,3.0,True,1787258400,0.011097250000000001,tp_branch,1,[],1787258700,0.011097250000000001,2.0000000000000044,2.0000000000000044,partial_tp_floor,
3236,overheated_24h,PEOPLEUSDT,LONG,tp,2.0000000000000044,tp,4.0,True,1787258400,0.011097250000000001,tp_branch,1,[],1787258700,0.011097250000000001,2.0000000000000044,2.0000000000000044,partial_tp_floor,
3236,overheated_24h,PEOPLEUSDT,LONG,tp,2.0000000000000044,tp,5.0,True,1787258400,0.011097250000000001,tp_branch,1,[],1787258700,0.011097250000000001,2.0000000000000044,2.0000000000000044,partial_tp_floor,
3236,overheated_24h,PEOPLEUSDT,LONG,tp,2.0000000000000044,tp,6.0,True,1787258400,0.011097250000000001,tp_branch,1,[],1787258700,0.011097250000000001,2.0000000000000044,2.0000000000000044,partial_tp_floor,
3236,overheated_24h,PEOPLEUSDT,LONG,tp,2.0000000000000044,tp,8.0,True,1787258400,0.011097250000000001,tp_branch,1,[],1787258700,0.011097250000000001,2.0000000000000044,2.0000000000000044,partial_tp_floor,
3236,overheated_24h,PEOPLEUSDT,LONG,tp,2.0000000000000044,tp,10.0,True,1787258400,0.011097250000000001,tp_branch,1,[],1787258700,0.011097250000000001,2.0000000000000044,2.0000000000000044,partial_tp_floor,
3237,overheated_24h,AVAAIUSDT,LONG,sl,-1.0,sl,2.0,False,,,not_activated,0,[],,,,-1.0,baseline_sl,
3237,overheated_24h,AVAAIUSDT,LONG,sl,-1.0,sl,3.0,False,,,not_activated,0,[],,,,-1.0,baseline_sl,
3237,overheated_24h,AVAAIUSDT,LONG,sl,-1.0,sl,4.0,False,,,not_activated,0,[],,,,-1.0,baseline_sl,
3237,overheated_24h,AVAAIUSDT,LONG,sl,-1.0,sl,5.0,False,,,not_activated,0,[],,,,-1.0,baseline_sl,
3237,overheated_24h,AVAAIUSDT,LONG,sl,-1.0,sl,6.0,False,,,not_activated,0,[],,,,-1.0,baseline_sl,
3237,overheated_24h,AVAAIUSDT,LONG,sl,-1.0,sl,8.0,False,,,not_activated,0,[],,,,-1.0,baseline_sl,
3237,overheated_24h,AVAAIUSDT,LONG,sl,-1.0,sl,10.0,False,,,not_activated,0,[],,,,-1.0,baseline_sl,
3240,overheated_24h,XRPUSDT,LONG,sl,-1.0,sl,2.0,False,,,not_activated,0,[],,,,-1.0,baseline_sl,
3240,overheated_24h,XRPUSDT,LONG,sl,-1.0,sl,3.0,False,,,not_activated,0,[],,,,-1.0,baseline_sl,
3240,overheated_24h,XRPUSDT,LONG,sl,-1.0,sl,4.0,False,,,not_activated,0,[],,,,-1.0,baseline_sl,
3240,overheated_24h,XRPUSDT,LONG,sl,-1.0,sl,5.0,False,,,not_activated,0,[],,,,-1.0,baseline_sl,
3240,overheated_24h,XRPUSDT,LONG,sl,-1.0,sl,6.0,False,,,not_activated,0,[],,,,-1.0,baseline_sl,
3240,overheated_24h,XRPUSDT,LONG,sl,-1.0,sl,8.0,False,,,not_activated,0,[],,,,-1.0,baseline_sl,
3240,overheated_24h,XRPUSDT,LONG,sl,-1.0,sl,10.0,False,,,not_activated,0,[],,,,-1.0,baseline_sl,
3275,overheated_24h,ONTUSDT,LONG,sl,-1.0,sl,2.0,False,,,not_activated,0,[],,,,-1.0,baseline_sl,
3275,overheated_24h,ONTUSDT,LONG,sl,-1.0,sl,3.0,False,,,not_activated,0,[],,,,-1.0,baseline_sl,
3275,overheated_24h,ONTUSDT,LONG,sl,-1.0,sl,4.0,False,,,not_activated,0,[],,,,-1.0,baseline_sl,
3275,overheated_24h,ONTUSDT,LONG,sl,-1.0,sl,5.0,False,,,not_activated,0,[],,,,-1.0,baseline_sl,
3275,overheated_24h,ONTUSDT,LONG,sl,-1.0,sl,6.0,False,,,not_activated,0,[],,,,-1.0,baseline_sl,
3275,overheated_24h,ONTUSDT,LONG,sl,-1.0,sl,8.0,False,,,not_activated,0,[],,,,-1.0,baseline_sl,
3275,overheated_24h,ONTUSDT,LONG,sl,-1.0,sl,10.0,False,,,not_activated,0,[],,,,-1.0,baseline_sl,
3276,overheated_24h,龙虾USDT,LONG,sl,-1.0,sl,2.0,False,,,not_activated,0,[],,,,-1.0,baseline_sl,
3276,overheated_24h,龙虾USDT,LONG,sl,-1.0,sl,3.0,False,,,not_activated,0,[],,,,-1.0,baseline_sl,
3276,overheated_24h,龙虾USDT,LONG,sl,-1.0,sl,4.0,False,,,not_activated,0,[],,,,-1.0,baseline_sl,
3276,overheated_24h,龙虾USDT,LONG,sl,-1.0,sl,5.0,False,,,not_activated,0,[],,,,-1.0,baseline_sl,
3276,overheated_24h,龙虾USDT,LONG,sl,-1.0,sl,6.0,False,,,not_activated,0,[],,,,-1.0,baseline_sl,
3276,overheated_24h,龙虾USDT,LONG,sl,-1.0,sl,8.0,False,,,not_activated,0,[],,,,-1.0,baseline_sl,
3276,overheated_24h,龙虾USDT,LONG,sl,-1.0,sl,10.0,False,,,not_activated,0,[],,,,-1.0,baseline_sl,
3277,overheated_24h,GASUSDT,LONG,sl,-1.0,sl,2.0,False,,,not_activated,0,[],,,,-1.0,baseline_sl,
3277,overheated_24h,GASUSDT,LONG,sl,-1.0,sl,3.0,False,,,not_activated,0,[],,,,-1.0,baseline_sl,
3277,overheated_24h,GASUSDT,LONG,sl,-1.0,sl,4.0,False,,,not_activated,0,[],,,,-1.0,baseline_sl,
3277,overheated_24h,GASUSDT,LONG,sl,-1.0,sl,5.0,False,,,not_activated,0,[],,,,-1.0,baseline_sl,
3277,overheated_24h,GASUSDT,LONG,sl,-1.0,sl,6.0,False,,,not_activated,0,[],,,,-1.0,baseline_sl,
3277,overheated_24h,GASUSDT,LONG,sl,-1.0,sl,8.0,False,,,not_activated,0,[],,,,-1.0,baseline_sl,
3277,overheated_24h,GASUSDT,LONG,sl,-1.0,sl,10.0,False,,,not_activated,0,[],,,,-1.0,baseline_sl,
3288,overheated_24h,ONTUSDT,LONG,sl,-1.0,sl,2.0,False,,,not_activated,0,[],,,,-1.0,baseline_sl,
3288,overheated_24h,ONTUSDT,LONG,sl,-1.0,sl,3.0,False,,,not_activated,0,[],,,,-1.0,baseline_sl,
3288,overheated_24h,ONTUSDT,LONG,sl,-1.0,sl,4.0,False,,,not_activated,0,[],,,,-1.0,baseline_sl,
3288,overheated_24h,ONTUSDT,LONG,sl,-1.0,sl,5.0,False,,,not_activated,0,[],,,,-1.0,baseline_sl,
3288,overheated_24h,ONTUSDT,LONG,sl,-1.0,sl,6.0,False,,,not_activated,0,[],,,,-1.0,baseline_sl,
3288,overheated_24h,ONTUSDT,LONG,sl,-1.0,sl,8.0,False,,,not_activated,0,[],,,,-1.0,baseline_sl,
3288,overheated_24h,ONTUSDT,LONG,sl,-1.0,sl,10.0,False,,,not_activated,0,[],,,,-1.0,baseline_sl,
3329,overheated_24h,AVAAIUSDT,LONG,sl,-1.0,sl,2.0,False,,,not_activated,0,[],,,,-1.0,baseline_sl,
3329,overheated_24h,AVAAIUSDT,LONG,sl,-1.0,sl,3.0,False,,,not_activated,0,[],,,,-1.0,baseline_sl,
3329,overheated_24h,AVAAIUSDT,LONG,sl,-1.0,sl,4.0,False,,,not_activated,0,[],,,,-1.0,baseline_sl,
3329,overheated_24h,AVAAIUSDT,LONG,sl,-1.0,sl,5.0,False,,,not_activated,0,[],,,,-1.0,baseline_sl,
3329,overheated_24h,AVAAIUSDT,LONG,sl,-1.0,sl,6.0,False,,,not_activated,0,[],,,,-1.0,baseline_sl,
3329,overheated_24h,AVAAIUSDT,LONG,sl,-1.0,sl,8.0,False,,,not_activated,0,[],,,,-1.0,baseline_sl,
3329,overheated_24h,AVAAIUSDT,LONG,sl,-1.0,sl,10.0,False,,,not_activated,0,[],,,,-1.0,baseline_sl,
3330,overheated_24h,PEOPLEUSDT,LONG,tp,2.0,tp,2.0,True,1787297700,0.01137225,tp_branch,1,[],1787298000,0.01137225,2.0,2.0,partial_tp_floor,
3330,overheated_24h,PEOPLEUSDT,LONG,tp,2.0,tp,3.0,True,1787297700,0.01137225,tp_branch,1,[],1787298000,0.01137225,2.0,2.0,partial_tp_floor,
3330,overheated_24h,PEOPLEUSDT,LONG,tp,2.0,tp,4.0,True,1787297700,0.01137225,tp_branch,1,[],1787298000,0.01137225,2.0,2.0,partial_tp_floor,
3330,overheated_24h,PEOPLEUSDT,LONG,tp,2.0,tp,5.0,True,1787297700,0.01137225,tp_branch,1,[],1787298000,0.01137225,2.0,2.0,partial_tp_floor,
3330,overheated_24h,PEOPLEUSDT,LONG,tp,2.0,tp,6.0,True,1787297700,0.01137225,tp_branch,1,[],1787298000,0.01137225,2.0,2.0,partial_tp_floor,
3330,overheated_24h,PEOPLEUSDT,LONG,tp,2.0,tp,8.0,True,1787297700,0.01137225,tp_branch,1,[],1787298000,0.01137225,2.0,2.0,partial_tp_floor,
3330,overheated_24h,PEOPLEUSDT,LONG,tp,2.0,tp,10.0,True,1787297700,0.01137225,tp_branch,1,[],1787298000,0.01137225,2.0,2.0,partial_tp_floor,
3332,overheated_24h,ENAUSDT,LONG,tp,2.0,tp,2.0,True,1787280600,0.12343607142857144,tp_branch,1,[],1787280900,0.12343607142857144,2.0,2.0,partial_tp_floor,
3332,overheated_24h,ENAUSDT,LONG,tp,2.0,tp,3.0,True,1787280600,0.12343607142857144,tp_branch,1,[],1787280900,0.12343607142857144,2.0,2.0,partial_tp_floor,
3332,overheated_24h,ENAUSDT,LONG,tp,2.0,tp,4.0,True,1787280600,0.12343607142857144,tp_branch,1,[],1787280900,0.12343607142857144,2.0,2.0,partial_tp_floor,
3332,overheated_24h,ENAUSDT,LONG,tp,2.0,tp,5.0,True,1787280600,0.12343607142857144,tp_branch,1,[],1787280900,0.12343607142857144,2.0,2.0,partial_tp_floor,
3332,overheated_24h,ENAUSDT,LONG,tp,2.0,tp,6.0,True,1787280600,0.12343607142857144,tp_branch,1,[],1787280900,0.12343607142857144,2.0,2.0,partial_tp_floor,
3332,overheated_24h,ENAUSDT,LONG,tp,2.0,tp,8.0,True,1787280600,0.12343607142857144,tp_branch,1,[],1787280900,0.12343607142857144,2.0,2.0,partial_tp_floor,
3332,overheated_24h,ENAUSDT,LONG,tp,2.0,tp,10.0,True,1787280600,0.12343607142857144,tp_branch,1,[],1787280900,0.12343607142857144,2.0,2.0,partial_tp_floor,
3333,overheated_24h,YBUSDT,LONG,sl,-1.0,sl,2.0,False,,,not_activated,0,[],,,,-1.0,baseline_sl,
3333,overheated_24h,YBUSDT,LONG,sl,-1.0,sl,3.0,False,,,not_activated,0,[],,,,-1.0,baseline_sl,
3333,overheated_24h,YBUSDT,LONG,sl,-1.0,sl,4.0,False,,,not_activated,0,[],,,,-1.0,baseline_sl,
3333,overheated_24h,YBUSDT,LONG,sl,-1.0,sl,5.0,False,,,not_activated,0,[],,,,-1.0,baseline_sl,
3333,overheated_24h,YBUSDT,LONG,sl,-1.0,sl,6.0,False,,,not_activated,0,[],,,,-1.0,baseline_sl,
3333,overheated_24h,YBUSDT,LONG,sl,-1.0,sl,8.0,False,,,not_activated,0,[],,,,-1.0,baseline_sl,
3333,overheated_24h,YBUSDT,LONG,sl,-1.0,sl,10.0,False,,,not_activated,0,[],,,,-1.0,baseline_sl,
3334,overheated_24h,AIOTUSDT,LONG,sl,-1.0,sl,2.0,False,,,not_activated,0,[],,,,-1.0,baseline_sl,
3334,overheated_24h,AIOTUSDT,LONG,sl,-1.0,sl,3.0,False,,,not_activated,0,[],,,,-1.0,baseline_sl,
3334,overheated_24h,AIOTUSDT,LONG,sl,-1.0,sl,4.0,False,,,not_activated,0,[],,,,-1.0,baseline_sl,
3334,overheated_24h,AIOTUSDT,LONG,sl,-1.0,sl,5.0,False,,,not_activated,0,[],,,,-1.0,baseline_sl,
3334,overheated_24h,AIOTUSDT,LONG,sl,-1.0,sl,6.0,False,,,not_activated,0,[],,,,-1.0,baseline_sl,
3334,overheated_24h,AIOTUSDT,LONG,sl,-1.0,sl,8.0,False,,,not_activated,0,[],,,,-1.0,baseline_sl,
3334,overheated_24h,AIOTUSDT,LONG,sl,-1.0,sl,10.0,False,,,not_activated,0,[],,,,-1.0,baseline_sl,
3350,overheated_24h,CRVUSDT,LONG,tp,2.0,tp,2.0,True,1787347800,0.3398357142857143,tp_branch,1,[],1787348100,0.3398357142857143,2.0,2.0,partial_tp_floor,
3350,overheated_24h,CRVUSDT,LONG,tp,2.0,tp,3.0,True,1787347800,0.3398357142857143,tp_branch,1,[],1787348100,0.3398357142857143,2.0,2.0,partial_tp_floor,
3350,overheated_24h,CRVUSDT,LONG,tp,2.0,tp,4.0,True,1787347800,0.3398357142857143,tp_branch,1,[],1787348100,0.3398357142857143,2.0,2.0,partial_tp_floor,
3350,overheated_24h,CRVUSDT,LONG,tp,2.0,tp,5.0,True,1787347800,0.3398357142857143,tp_branch,1,[],1787348100,0.3398357142857143,2.0,2.0,partial_tp_floor,
3350,overheated_24h,CRVUSDT,LONG,tp,2.0,tp,6.0,True,1787347800,0.3398357142857143,tp_branch,1,[],1787348100,0.3398357142857143,2.0,2.0,partial_tp_floor,
3350,overheated_24h,CRVUSDT,LONG,tp,2.0,tp,8.0,True,1787347800,0.3398357142857143,tp_branch,1,[],1787348100,0.3398357142857143,2.0,2.0,partial_tp_floor,
3350,overheated_24h,CRVUSDT,LONG,tp,2.0,tp,10.0,True,1787347800,0.3398357142857143,tp_branch,1,[],1787348100,0.3398357142857143,2.0,2.0,partial_tp_floor,
3351,overheated_24h,ENAUSDT,LONG,tp,2.0,tp,2.0,True,1787301600,0.13894142857142858,tp_branch,1,[],1787301900,0.13894142857142858,2.0,2.0,partial_tp_floor,
3351,overheated_24h,ENAUSDT,LONG,tp,2.0,tp,3.0,True,1787301600,0.13894142857142858,tp_branch,1,[],1787301900,0.13894142857142858,2.0,2.0,partial_tp_floor,
3351,overheated_24h,ENAUSDT,LONG,tp,2.0,tp,4.0,True,1787301600,0.13894142857142858,tp_branch,1,[],1787301900,0.13894142857142858,2.0,2.0,partial_tp_floor,
3351,overheated_24h,ENAUSDT,LONG,tp,2.0,tp,5.0,True,1787301600,0.13894142857142858,tp_branch,1,[],1787301900,0.13894142857142858,2.0,2.0,partial_tp_floor,
3351,overheated_24h,ENAUSDT,LONG,tp,2.0,tp,6.0,True,1787301600,0.13894142857142858,tp_branch,1,[],1787301900,0.13894142857142858,2.0,2.0,partial_tp_floor,
3351,overheated_24h,ENAUSDT,LONG,tp,2.0,tp,8.0,True,1787301600,0.13894142857142858,tp_branch,1,[],1787301900,0.13894142857142858,2.0,2.0,partial_tp_floor,
3351,overheated_24h,ENAUSDT,LONG,tp,2.0,tp,10.0,True,1787301600,0.13894142857142858,tp_branch,1,[],1787301900,0.13894142857142858,2.0,2.0,partial_tp_floor,
3354,overheated_24h,SPKUSDT,LONG,tp,2.0,tp,2.0,True,1787291700,0.018256428571428573,tp_branch,1,[],1787292000,0.018256428571428573,2.0,2.0,partial_tp_floor,
3354,overheated_24h,SPKUSDT,LONG,tp,2.0,tp,3.0,True,1787291700,0.018256428571428573,tp_branch,1,[],1787292000,0.018256428571428573,2.0,2.0,partial_tp_floor,
3354,overheated_24h,SPKUSDT,LONG,tp,2.0,tp,4.0,True,1787291700,0.018256428571428573,tp_branch,1,[],1787292000,0.018256428571428573,2.0,2.0,partial_tp_floor,
3354,overheated_24h,SPKUSDT,LONG,tp,2.0,tp,5.0,True,1787291700,0.018256428571428573,tp_branch,1,[],1787292000,0.018256428571428573,2.0,2.0,partial_tp_floor,
3354,overheated_24h,SPKUSDT,LONG,tp,2.0,tp,6.0,True,1787291700,0.018256428571428573,tp_branch,1,[],1787292000,0.018256428571428573,2.0,2.0,partial_tp_floor,
3354,overheated_24h,SPKUSDT,LONG,tp,2.0,tp,8.0,True,1787291700,0.018256428571428573,tp_branch,1,[],1787292000,0.018256428571428573,2.0,2.0,partial_tp_floor,
3354,overheated_24h,SPKUSDT,LONG,tp,2.0,tp,10.0,True,1787291700,0.018256428571428573,tp_branch,1,[],1787292000,0.018256428571428573,2.0,2.0,partial_tp_floor,
3360,overheated_24h,WIFUSDT,LONG,tp,2.0000000000000053,tp,2.0,True,1787302500,0.17899285714285715,tp_branch,1,[],1787302800,0.17899285714285715,2.0000000000000053,2.0000000000000053,partial_tp_floor,
3360,overheated_24h,WIFUSDT,LONG,tp,2.0000000000000053,tp,3.0,True,1787302500,0.17899285714285715,tp_branch,1,[],1787302800,0.17899285714285715,2.0000000000000053,2.0000000000000053,partial_tp_floor,
3360,overheated_24h,WIFUSDT,LONG,tp,2.0000000000000053,tp,4.0,True,1787302500,0.17899285714285715,tp_branch,1,[],1787302800,0.17899285714285715,2.0000000000000053,2.0000000000000053,partial_tp_floor,
3360,overheated_24h,WIFUSDT,LONG,tp,2.0000000000000053,tp,5.0,True,1787302500,0.17899285714285715,tp_branch,1,[],1787302800,0.17899285714285715,2.0000000000000053,2.0000000000000053,partial_tp_floor,
3360,overheated_24h,WIFUSDT,LONG,tp,2.0000000000000053,tp,6.0,True,1787302500,0.17899285714285715,tp_branch,1,[],1787302800,0.17899285714285715,2.0000000000000053,2.0000000000000053,partial_tp_floor,
3360,overheated_24h,WIFUSDT,LONG,tp,2.0000000000000053,tp,8.0,True,1787302500,0.17899285714285715,tp_branch,1,[],1787302800,0.17899285714285715,2.0000000000000053,2.0000000000000053,partial_tp_floor,
3360,overheated_24h,WIFUSDT,LONG,tp,2.0000000000000053,tp,10.0,True,1787302500,0.17899285714285715,tp_branch,1,[],1787302800,0.17899285714285715,2.0000000000000053,2.0000000000000053,partial_tp_floor,
3362,overheated_24h,STXUSDT,LONG,tp,2.000000000000006,tp,2.0,True,1787302200,0.16326785714285713,tp_branch,1,[],1787302500,0.16326785714285713,2.000000000000006,2.000000000000006,partial_tp_floor,
3362,overheated_24h,STXUSDT,LONG,tp,2.000000000000006,tp,3.0,True,1787302200,0.16326785714285713,tp_branch,1,[],1787302500,0.16326785714285713,2.000000000000006,2.000000000000006,partial_tp_floor,
3362,overheated_24h,STXUSDT,LONG,tp,2.000000000000006,tp,4.0,True,1787302200,0.16326785714285713,tp_branch,1,[],1787302500,0.16326785714285713,2.000000000000006,2.000000000000006,partial_tp_floor,
3362,overheated_24h,STXUSDT,LONG,tp,2.000000000000006,tp,5.0,True,1787302200,0.16326785714285713,tp_branch,1,[],1787302500,0.16326785714285713,2.000000000000006,2.000000000000006,partial_tp_floor,
3362,overheated_24h,STXUSDT,LONG,tp,2.000000000000006,tp,6.0,True,1787302200,0.16326785714285713,tp_branch,1,[],1787302500,0.16326785714285713,2.000000000000006,2.000000000000006,partial_tp_floor,
3362,overheated_24h,STXUSDT,LONG,tp,2.000000000000006,tp,8.0,True,1787302200,0.16326785714285713,tp_branch,1,[],1787302500,0.16326785714285713,2.000000000000006,2.000000000000006,partial_tp_floor,
3362,overheated_24h,STXUSDT,LONG,tp,2.000000000000006,tp,10.0,True,1787302200,0.16326785714285713,tp_branch,1,[],1787302500,0.16326785714285713,2.000000000000006,2.000000000000006,partial_tp_floor,
3364,overheated_24h,RSRUSDT,LONG,tp,2.000000000000005,tp,2.0,True,1787343000,0.001536,tp_branch,1,[],1787343300,0.001536,2.000000000000005,2.000000000000005,partial_tp_floor,
3364,overheated_24h,RSRUSDT,LONG,tp,2.000000000000005,tp,3.0,True,1787343000,0.001536,tp_branch,1,[],1787343300,0.001536,2.000000000000005,2.000000000000005,partial_tp_floor,
3364,overheated_24h,RSRUSDT,LONG,tp,2.000000000000005,tp,4.0,True,1787343000,0.001536,tp_branch,1,[],1787343300,0.001536,2.000000000000005,2.000000000000005,partial_tp_floor,
3364,overheated_24h,RSRUSDT,LONG,tp,2.000000000000005,tp,5.0,True,1787343000,0.001536,tp_branch,1,[],1787343300,0.001536,2.000000000000005,2.000000000000005,partial_tp_floor,
3364,overheated_24h,RSRUSDT,LONG,tp,2.000000000000005,tp,6.0,True,1787343000,0.001536,tp_branch,1,[],1787343300,0.001536,2.000000000000005,2.000000000000005,partial_tp_floor,
3364,overheated_24h,RSRUSDT,LONG,tp,2.000000000000005,tp,8.0,True,1787343000,0.001536,tp_branch,1,[],1787343300,0.001536,2.000000000000005,2.000000000000005,partial_tp_floor,
3364,overheated_24h,RSRUSDT,LONG,tp,2.000000000000005,tp,10.0,True,1787343000,0.001536,tp_branch,1,[],1787343300,0.001536,2.000000000000005,2.000000000000005,partial_tp_floor,
3388,overheated_24h,PEPEUSDT,LONG,tp,2.0,tp,2.0,True,1787307000,3.634107142857143e-06,tp_branch,1,[],1787307300,3.634107142857143e-06,2.0,2.0,partial_tp_floor,
3388,overheated_24h,PEPEUSDT,LONG,tp,2.0,tp,3.0,True,1787307000,3.634107142857143e-06,tp_branch,1,[],1787307300,3.634107142857143e-06,2.0,2.0,partial_tp_floor,
3388,overheated_24h,PEPEUSDT,LONG,tp,2.0,tp,4.0,True,1787307000,3.634107142857143e-06,tp_branch,1,[],1787307300,3.634107142857143e-06,2.0,2.0,partial_tp_floor,
3388,overheated_24h,PEPEUSDT,LONG,tp,2.0,tp,5.0,True,1787307000,3.634107142857143e-06,tp_branch,1,[],1787307300,3.634107142857143e-06,2.0,2.0,partial_tp_floor,
3388,overheated_24h,PEPEUSDT,LONG,tp,2.0,tp,6.0,True,1787307000,3.634107142857143e-06,tp_branch,1,[],1787307300,3.634107142857143e-06,2.0,2.0,partial_tp_floor,
3388,overheated_24h,PEPEUSDT,LONG,tp,2.0,tp,8.0,True,1787307000,3.634107142857143e-06,tp_branch,1,[],1787307300,3.634107142857143e-06,2.0,2.0,partial_tp_floor,
3388,overheated_24h,PEPEUSDT,LONG,tp,2.0,tp,10.0,True,1787307000,3.634107142857143e-06,tp_branch,1,[],1787307300,3.634107142857143e-06,2.0,2.0,partial_tp_floor,
3392,overheated_24h,EIGENUSDT,LONG,tp,2.000000000000004,tp,2.0,True,1787358300,0.223525,tp_branch,1,[],1787358600,0.223525,2.000000000000004,2.000000000000004,partial_tp_floor,
3392,overheated_24h,EIGENUSDT,LONG,tp,2.000000000000004,tp,3.0,True,1787358300,0.223525,tp_branch,1,[],1787358600,0.223525,2.000000000000004,2.000000000000004,partial_tp_floor,
3392,overheated_24h,EIGENUSDT,LONG,tp,2.000000000000004,tp,4.0,True,1787358300,0.223525,tp_branch,1,[],1787358600,0.223525,2.000000000000004,2.000000000000004,partial_tp_floor,
3392,overheated_24h,EIGENUSDT,LONG,tp,2.000000000000004,tp,5.0,True,1787358300,0.223525,tp_branch,1,[],1787358600,0.223525,2.000000000000004,2.000000000000004,partial_tp_floor,
3392,overheated_24h,EIGENUSDT,LONG,tp,2.000000000000004,tp,6.0,True,1787358300,0.223525,tp_branch,1,[],1787358600,0.223525,2.000000000000004,2.000000000000004,partial_tp_floor,
3392,overheated_24h,EIGENUSDT,LONG,tp,2.000000000000004,tp,8.0,True,1787358300,0.223525,tp_branch,1,[],1787358600,0.223525,2.000000000000004,2.000000000000004,partial_tp_floor,
3392,overheated_24h,EIGENUSDT,LONG,tp,2.000000000000004,tp,10.0,True,1787358300,0.223525,tp_branch,1,[],1787358600,0.223525,2.000000000000004,2.000000000000004,partial_tp_floor,
3393,overheated_24h,XPINUSDT,LONG,sl,-1.0,sl,2.0,False,,,not_activated,0,[],,,,-1.0,baseline_sl,
3393,overheated_24h,XPINUSDT,LONG,sl,-1.0,sl,3.0,False,,,not_activated,0,[],,,,-1.0,baseline_sl,
3393,overheated_24h,XPINUSDT,LONG,sl,-1.0,sl,4.0,False,,,not_activated,0,[],,,,-1.0,baseline_sl,
3393,overheated_24h,XPINUSDT,LONG,sl,-1.0,sl,5.0,False,,,not_activated,0,[],,,,-1.0,baseline_sl,
3393,overheated_24h,XPINUSDT,LONG,sl,-1.0,sl,6.0,False,,,not_activated,0,[],,,,-1.0,baseline_sl,
3393,overheated_24h,XPINUSDT,LONG,sl,-1.0,sl,8.0,False,,,not_activated,0,[],,,,-1.0,baseline_sl,
3393,overheated_24h,XPINUSDT,LONG,sl,-1.0,sl,10.0,False,,,not_activated,0,[],,,,-1.0,baseline_sl,
3398,overheated_24h,SPKUSDT,LONG,tp,2.0,tp,2.0,True,1787299800,0.01788642857142857,tp_branch,1,[],1787300100,0.01788642857142857,2.0,2.0,partial_tp_floor,
3398,overheated_24h,SPKUSDT,LONG,tp,2.0,tp,3.0,True,1787299800,0.01788642857142857,tp_branch,1,[],1787300100,0.01788642857142857,2.0,2.0,partial_tp_floor,
3398,overheated_24h,SPKUSDT,LONG,tp,2.0,tp,4.0,True,1787299800,0.01788642857142857,tp_branch,1,[],1787300100,0.01788642857142857,2.0,2.0,partial_tp_floor,
3398,overheated_24h,SPKUSDT,LONG,tp,2.0,tp,5.0,True,1787299800,0.01788642857142857,tp_branch,1,[],1787300100,0.01788642857142857,2.0,2.0,partial_tp_floor,
3398,overheated_24h,SPKUSDT,LONG,tp,2.0,tp,6.0,True,1787299800,0.01788642857142857,tp_branch,1,[],1787300100,0.01788642857142857,2.0,2.0,partial_tp_floor,
3398,overheated_24h,SPKUSDT,LONG,tp,2.0,tp,8.0,True,1787299800,0.01788642857142857,tp_branch,1,[],1787300100,0.01788642857142857,2.0,2.0,partial_tp_floor,
3398,overheated_24h,SPKUSDT,LONG,tp,2.0,tp,10.0,True,1787299800,0.01788642857142857,tp_branch,1,[],1787300100,0.01788642857142857,2.0,2.0,partial_tp_floor,
3399,overheated_24h,BTWUSDT,LONG,sl,-1.0,sl,2.0,False,,,not_activated,0,[],,,,-1.0,baseline_sl,
3399,overheated_24h,BTWUSDT,LONG,sl,-1.0,sl,3.0,False,,,not_activated,0,[],,,,-1.0,baseline_sl,
3399,overheated_24h,BTWUSDT,LONG,sl,-1.0,sl,4.0,False,,,not_activated,0,[],,,,-1.0,baseline_sl,
3399,overheated_24h,BTWUSDT,LONG,sl,-1.0,sl,5.0,False,,,not_activated,0,[],,,,-1.0,baseline_sl,
3399,overheated_24h,BTWUSDT,LONG,sl,-1.0,sl,6.0,False,,,not_activated,0,[],,,,-1.0,baseline_sl,
3399,overheated_24h,BTWUSDT,LONG,sl,-1.0,sl,8.0,False,,,not_activated,0,[],,,,-1.0,baseline_sl,
3399,overheated_24h,BTWUSDT,LONG,sl,-1.0,sl,10.0,False,,,not_activated,0,[],,,,-1.0,baseline_sl,
3400,overheated_24h,BCHUSDT,LONG,tp,1.9999999999999942,tp,2.0,True,1787297400,258.87571428571425,tp_branch,1,[],1787297700,258.87571428571425,1.9999999999999942,1.9999999999999942,partial_tp_floor,
3400,overheated_24h,BCHUSDT,LONG,tp,1.9999999999999942,tp,3.0,True,1787297400,258.87571428571425,tp_branch,1,[],1787297700,258.87571428571425,1.9999999999999942,1.9999999999999942,partial_tp_floor,
3400,overheated_24h,BCHUSDT,LONG,tp,1.9999999999999942,tp,4.0,True,1787297400,258.87571428571425,tp_branch,1,[],1787297700,258.87571428571425,1.9999999999999942,1.9999999999999942,partial_tp_floor,
3400,overheated_24h,BCHUSDT,LONG,tp,1.9999999999999942,tp,5.0,True,1787297400,258.87571428571425,tp_branch,1,[],1787297700,258.87571428571425,1.9999999999999942,1.9999999999999942,partial_tp_floor,
3400,overheated_24h,BCHUSDT,LONG,tp,1.9999999999999942,tp,6.0,True,1787297400,258.87571428571425,tp_branch,1,[],1787297700,258.87571428571425,1.9999999999999942,1.9999999999999942,partial_tp_floor,
3400,overheated_24h,BCHUSDT,LONG,tp,1.9999999999999942,tp,8.0,True,1787297400,258.87571428571425,tp_branch,1,[],1787297700,258.87571428571425,1.9999999999999942,1.9999999999999942,partial_tp_floor,
3400,overheated_24h,BCHUSDT,LONG,tp,1.9999999999999942,tp,10.0,True,1787297400,258.87571428571425,tp_branch,1,[],1787297700,258.87571428571425,1.9999999999999942,1.9999999999999942,partial_tp_floor,
3401,overheated_24h,COLLECTUSDT,LONG,sl,-1.0,sl,2.0,False,,,not_activated,0,[],,,,-1.0,baseline_sl,
3401,overheated_24h,COLLECTUSDT,LONG,sl,-1.0,sl,3.0,False,,,not_activated,0,[],,,,-1.0,baseline_sl,
3401,overheated_24h,COLLECTUSDT,LONG,sl,-1.0,sl,4.0,False,,,not_activated,0,[],,,,-1.0,baseline_sl,
3401,overheated_24h,COLLECTUSDT,LONG,sl,-1.0,sl,5.0,False,,,not_activated,0,[],,,,-1.0,baseline_sl,
3401,overheated_24h,COLLECTUSDT,LONG,sl,-1.0,sl,6.0,False,,,not_activated,0,[],,,,-1.0,baseline_sl,
3401,overheated_24h,COLLECTUSDT,LONG,sl,-1.0,sl,8.0,False,,,not_activated,0,[],,,,-1.0,baseline_sl,
3401,overheated_24h,COLLECTUSDT,LONG,sl,-1.0,sl,10.0,False,,,not_activated,0,[],,,,-1.0,baseline_sl,
3403,overheated_24h,TURBOUSDT,LONG,tp,2.000000000000004,tp,2.0,True,1787300700,0.0010201392857142858,tp_branch,1,[],1787301000,0.0010201392857142858,2.000000000000004,2.000000000000004,partial_tp_floor,
3403,overheated_24h,TURBOUSDT,LONG,tp,2.000000000000004,tp,3.0,True,1787300700,0.0010201392857142858,tp_branch,1,[],1787301000,0.0010201392857142858,2.000000000000004,2.000000000000004,partial_tp_floor,
3403,overheated_24h,TURBOUSDT,LONG,tp,2.000000000000004,tp,4.0,True,1787300700,0.0010201392857142858,tp_branch,1,[],1787301000,0.0010201392857142858,2.000000000000004,2.000000000000004,partial_tp_floor,
3403,overheated_24h,TURBOUSDT,LONG,tp,2.000000000000004,tp,5.0,True,1787300700,0.0010201392857142858,tp_branch,1,[],1787301000,0.0010201392857142858,2.000000000000004,2.000000000000004,partial_tp_floor,
3403,overheated_24h,TURBOUSDT,LONG,tp,2.000000000000004,tp,6.0,True,1787300700,0.0010201392857142858,tp_branch,1,[],1787301000,0.0010201392857142858,2.000000000000004,2.000000000000004,partial_tp_floor,
3403,overheated_24h,TURBOUSDT,LONG,tp,2.000000000000004,tp,8.0,True,1787300700,0.0010201392857142858,tp_branch,1,[],1787301000,0.0010201392857142858,2.000000000000004,2.000000000000004,partial_tp_floor,
3403,overheated_24h,TURBOUSDT,LONG,tp,2.000000000000004,tp,10.0,True,1787300700,0.0010201392857142858,tp_branch,1,[],1787301000,0.0010201392857142858,2.000000000000004,2.000000000000004,partial_tp_floor,
3414,overheated_24h,XPLUSDT,LONG,tp,1.999999999999996,tp,2.0,True,1787305500,0.10165071428571427,tp_branch,1,[],1787305800,0.10165071428571427,1.999999999999996,1.999999999999996,partial_tp_floor,
3414,overheated_24h,XPLUSDT,LONG,tp,1.999999999999996,tp,3.0,True,1787305500,0.10165071428571427,tp_branch,1,[],1787305800,0.10165071428571427,1.999999999999996,1.999999999999996,partial_tp_floor,
3414,overheated_24h,XPLUSDT,LONG,tp,1.999999999999996,tp,4.0,True,1787305500,0.10165071428571427,tp_branch,1,[],1787305800,0.10165071428571427,1.999999999999996,1.999999999999996,partial_tp_floor,
3414,overheated_24h,XPLUSDT,LONG,tp,1.999999999999996,tp,5.0,True,1787305500,0.10165071428571427,tp_branch,1,[],1787305800,0.10165071428571427,1.999999999999996,1.999999999999996,partial_tp_floor,
3414,overheated_24h,XPLUSDT,LONG,tp,1.999999999999996,tp,6.0,True,1787305500,0.10165071428571427,tp_branch,1,[],1787305800,0.10165071428571427,1.999999999999996,1.999999999999996,partial_tp_floor,
3414,overheated_24h,XPLUSDT,LONG,tp,1.999999999999996,tp,8.0,True,1787305500,0.10165071428571427,tp_branch,1,[],1787305800,0.10165071428571427,1.999999999999996,1.999999999999996,partial_tp_floor,
3414,overheated_24h,XPLUSDT,LONG,tp,1.999999999999996,tp,10.0,True,1787305500,0.10165071428571427,tp_branch,1,[],1787305800,0.10165071428571427,1.999999999999996,1.999999999999996,partial_tp_floor,
3415,overheated_24h,BOMEUSDT,LONG,tp,2.000000000000002,tp,2.0,True,1787298300,0.0014768035714285716,tp_branch,1,[],1787298600,0.0014768035714285716,2.000000000000002,2.000000000000002,partial_tp_floor,
3415,overheated_24h,BOMEUSDT,LONG,tp,2.000000000000002,tp,3.0,True,1787298300,0.0014768035714285716,tp_branch,1,[],1787298600,0.0014768035714285716,2.000000000000002,2.000000000000002,partial_tp_floor,
3415,overheated_24h,BOMEUSDT,LONG,tp,2.000000000000002,tp,4.0,True,1787298300,0.0014768035714285716,tp_branch,1,[],1787298600,0.0014768035714285716,2.000000000000002,2.000000000000002,partial_tp_floor,
3415,overheated_24h,BOMEUSDT,LONG,tp,2.000000000000002,tp,5.0,True,1787298300,0.0014768035714285716,tp_branch,1,[],1787298600,0.0014768035714285716,2.000000000000002,2.000000000000002,partial_tp_floor,
3415,overheated_24h,BOMEUSDT,LONG,tp,2.000000000000002,tp,6.0,True,1787298300,0.0014768035714285716,tp_branch,1,[],1787298600,0.0014768035714285716,2.000000000000002,2.000000000000002,partial_tp_floor,
3415,overheated_24h,BOMEUSDT,LONG,tp,2.000000000000002,tp,8.0,True,1787298300,0.0014768035714285716,tp_branch,1,[],1787298600,0.0014768035714285716,2.000000000000002,2.000000000000002,partial_tp_floor,
3415,overheated_24h,BOMEUSDT,LONG,tp,2.000000000000002,tp,10.0,True,1787298300,0.0014768035714285716,tp_branch,1,[],1787298600,0.0014768035714285716,2.000000000000002,2.000000000000002,partial_tp_floor,
3416,overheated_24h,ENSUSDT,LONG,tp,2.0,tp,2.0,True,1787302500,5.089642857142858,tp_branch,1,[],1787302800,5.089642857142858,2.0,2.0,partial_tp_floor,
3416,overheated_24h,ENSUSDT,LONG,tp,2.0,tp,3.0,True,1787302500,5.089642857142858,tp_branch,1,[],1787302800,5.089642857142858,2.0,2.0,partial_tp_floor,
3416,overheated_24h,ENSUSDT,LONG,tp,2.0,tp,4.0,True,1787302500,5.089642857142858,tp_branch,1,[],1787302800,5.089642857142858,2.0,2.0,partial_tp_floor,
3416,overheated_24h,ENSUSDT,LONG,tp,2.0,tp,5.0,True,1787302500,5.089642857142858,tp_branch,1,[],1787302800,5.089642857142858,2.0,2.0,partial_tp_floor,
3416,overheated_24h,ENSUSDT,LONG,tp,2.0,tp,6.0,True,1787302500,5.089642857142858,tp_branch,1,[],1787302800,5.089642857142858,2.0,2.0,partial_tp_floor,
3416,overheated_24h,ENSUSDT,LONG,tp,2.0,tp,8.0,True,1787302500,5.089642857142858,tp_branch,1,[],1787302800,5.089642857142858,2.0,2.0,partial_tp_floor,
3416,overheated_24h,ENSUSDT,LONG,tp,2.0,tp,10.0,True,1787302500,5.089642857142858,tp_branch,1,[],1787302800,5.089642857142858,2.0,2.0,partial_tp_floor,
3420,overheated_24h,SSVUSDT,LONG,tp,2.0000000000000058,tp,2.0,True,1787296800,2.8815,tp_branch,1,[],1787297100,2.8815,2.0000000000000058,2.0000000000000058,partial_tp_floor,
3420,overheated_24h,SSVUSDT,LONG,tp,2.0000000000000058,tp,3.0,True,1787296800,2.8815,tp_branch,1,[],1787297100,2.8815,2.0000000000000058,2.0000000000000058,partial_tp_floor,
3420,overheated_24h,SSVUSDT,LONG,tp,2.0000000000000058,tp,4.0,True,1787296800,2.8815,tp_branch,1,[],1787297100,2.8815,2.0000000000000058,2.0000000000000058,partial_tp_floor,
3420,overheated_24h,SSVUSDT,LONG,tp,2.0000000000000058,tp,5.0,True,1787296800,2.8815,tp_branch,1,[],1787297100,2.8815,2.0000000000000058,2.0000000000000058,partial_tp_floor,
3420,overheated_24h,SSVUSDT,LONG,tp,2.0000000000000058,tp,6.0,True,1787296800,2.8815,tp_branch,1,[],1787297100,2.8815,2.0000000000000058,2.0000000000000058,partial_tp_floor,
3420,overheated_24h,SSVUSDT,LONG,tp,2.0000000000000058,tp,8.0,True,1787296800,2.8815,tp_branch,1,[],1787297100,2.8815,2.0000000000000058,2.0000000000000058,partial_tp_floor,
3420,overheated_24h,SSVUSDT,LONG,tp,2.0000000000000058,tp,10.0,True,1787296800,2.8815,tp_branch,1,[],1787297100,2.8815,2.0000000000000058,2.0000000000000058,partial_tp_floor,
3421,overheated_24h,CHIPUSDT,LONG,sl,-1.0,sl,2.0,False,,,not_activated,0,[],,,,-1.0,baseline_sl,
3421,overheated_24h,CHIPUSDT,LONG,sl,-1.0,sl,3.0,False,,,not_activated,0,[],,,,-1.0,baseline_sl,
3421,overheated_24h,CHIPUSDT,LONG,sl,-1.0,sl,4.0,False,,,not_activated,0,[],,,,-1.0,baseline_sl,
3421,overheated_24h,CHIPUSDT,LONG,sl,-1.0,sl,5.0,False,,,not_activated,0,[],,,,-1.0,baseline_sl,
3421,overheated_24h,CHIPUSDT,LONG,sl,-1.0,sl,6.0,False,,,not_activated,0,[],,,,-1.0,baseline_sl,
3421,overheated_24h,CHIPUSDT,LONG,sl,-1.0,sl,8.0,False,,,not_activated,0,[],,,,-1.0,baseline_sl,
3421,overheated_24h,CHIPUSDT,LONG,sl,-1.0,sl,10.0,False,,,not_activated,0,[],,,,-1.0,baseline_sl,
3423,overheated_24h,PROMUSDT,LONG,tp,2.0,tp,2.0,True,1787324700,2.6629285714285715,tp_branch,1,[],1787325000,2.6629285714285715,2.0,2.0,partial_tp_floor,
3423,overheated_24h,PROMUSDT,LONG,tp,2.0,tp,3.0,True,1787324700,2.6629285714285715,tp_branch,1,[],1787325000,2.6629285714285715,2.0,2.0,partial_tp_floor,
3423,overheated_24h,PROMUSDT,LONG,tp,2.0,tp,4.0,True,1787324700,2.6629285714285715,tp_branch,1,[],1787325000,2.6629285714285715,2.0,2.0,partial_tp_floor,
3423,overheated_24h,PROMUSDT,LONG,tp,2.0,tp,5.0,True,1787324700,2.6629285714285715,tp_branch,1,[],1787325000,2.6629285714285715,2.0,2.0,partial_tp_floor,
3423,overheated_24h,PROMUSDT,LONG,tp,2.0,tp,6.0,True,1787324700,2.6629285714285715,tp_branch,1,[],1787325000,2.6629285714285715,2.0,2.0,partial_tp_floor,
3423,overheated_24h,PROMUSDT,LONG,tp,2.0,tp,8.0,True,1787324700,2.6629285714285715,tp_branch,1,[],1787325000,2.6629285714285715,2.0,2.0,partial_tp_floor,
3423,overheated_24h,PROMUSDT,LONG,tp,2.0,tp,10.0,True,1787324700,2.6629285714285715,tp_branch,1,[],1787325000,2.6629285714285715,2.0,2.0,partial_tp_floor,
3432,overheated_24h,ORDIUSDT,LONG,sl,-1.0,sl,2.0,False,,,not_activated,0,[],,,,-1.0,baseline_sl,
3432,overheated_24h,ORDIUSDT,LONG,sl,-1.0,sl,3.0,False,,,not_activated,0,[],,,,-1.0,baseline_sl,
3432,overheated_24h,ORDIUSDT,LONG,sl,-1.0,sl,4.0,False,,,not_activated,0,[],,,,-1.0,baseline_sl,
3432,overheated_24h,ORDIUSDT,LONG,sl,-1.0,sl,5.0,False,,,not_activated,0,[],,,,-1.0,baseline_sl,
3432,overheated_24h,ORDIUSDT,LONG,sl,-1.0,sl,6.0,False,,,not_activated,0,[],,,,-1.0,baseline_sl,
3432,overheated_24h,ORDIUSDT,LONG,sl,-1.0,sl,8.0,False,,,not_activated,0,[],,,,-1.0,baseline_sl,
3432,overheated_24h,ORDIUSDT,LONG,sl,-1.0,sl,10.0,False,,,not_activated,0,[],,,,-1.0,baseline_sl,
3433,overheated_24h,FETUSDT,LONG,tp,1.9999999999999947,tp,2.0,True,1787302200,0.1612642857142857,tp_branch,2,"[{""ts"":1787302500,""favorable_extreme"":0.1629,""stop"":0.1612642857142857}]",1787302800,0.1612642857142857,1.9999999999999947,1.9999999999999947,partial_tp_floor,
3433,overheated_24h,FETUSDT,LONG,tp,1.9999999999999947,tp,3.0,True,1787302200,0.1612642857142857,tp_branch,2,"[{""ts"":1787302500,""favorable_extreme"":0.1629,""stop"":0.1612642857142857}]",1787302800,0.1612642857142857,1.9999999999999947,1.9999999999999947,partial_tp_floor,
3433,overheated_24h,FETUSDT,LONG,tp,1.9999999999999947,tp,4.0,True,1787302200,0.1612642857142857,tp_branch,2,"[{""ts"":1787302500,""favorable_extreme"":0.1629,""stop"":0.1612642857142857}]",1787302800,0.1612642857142857,1.9999999999999947,1.9999999999999947,partial_tp_floor,
3433,overheated_24h,FETUSDT,LONG,tp,1.9999999999999947,tp,5.0,True,1787302200,0.1612642857142857,tp_branch,2,"[{""ts"":1787302500,""favorable_extreme"":0.1629,""stop"":0.1612642857142857}]",1787302800,0.1612642857142857,1.9999999999999947,1.9999999999999947,partial_tp_floor,
3433,overheated_24h,FETUSDT,LONG,tp,1.9999999999999947,tp,6.0,True,1787302200,0.1612642857142857,tp_branch,2,"[{""ts"":1787302500,""favorable_extreme"":0.1629,""stop"":0.1612642857142857}]",1787302800,0.1612642857142857,1.9999999999999947,1.9999999999999947,partial_tp_floor,
3433,overheated_24h,FETUSDT,LONG,tp,1.9999999999999947,tp,8.0,True,1787302200,0.1612642857142857,tp_branch,2,"[{""ts"":1787302500,""favorable_extreme"":0.1629,""stop"":0.1612642857142857}]",1787302800,0.1612642857142857,1.9999999999999947,1.9999999999999947,partial_tp_floor,
3433,overheated_24h,FETUSDT,LONG,tp,1.9999999999999947,tp,10.0,True,1787302200,0.1612642857142857,tp_branch,2,"[{""ts"":1787302500,""favorable_extreme"":0.1629,""stop"":0.1612642857142857}]",1787302800,0.1612642857142857,1.9999999999999947,1.9999999999999947,partial_tp_floor,
3435,overheated_24h,USELESSUSDT,LONG,tp,2.000000000000002,tp,2.0,True,1787309100,0.059250000000000004,tp_branch,2,"[{""ts"":1787309400,""favorable_extreme"":0.05973,""stop"":0.059250000000000004}]",1787309700,0.059250000000000004,2.000000000000002,2.000000000000002,partial_tp_floor,
3435,overheated_24h,USELESSUSDT,LONG,tp,2.000000000000002,tp,3.0,True,1787309100,0.059250000000000004,tp_branch,2,"[{""ts"":1787309400,""favorable_extreme"":0.05973,""stop"":0.059250000000000004}]",1787309700,0.059250000000000004,2.000000000000002,2.000000000000002,partial_tp_floor,
3435,overheated_24h,USELESSUSDT,LONG,tp,2.000000000000002,tp,4.0,True,1787309100,0.059250000000000004,tp_branch,2,"[{""ts"":1787309400,""favorable_extreme"":0.05973,""stop"":0.059250000000000004}]",1787309700,0.059250000000000004,2.000000000000002,2.000000000000002,partial_tp_floor,
3435,overheated_24h,USELESSUSDT,LONG,tp,2.000000000000002,tp,5.0,True,1787309100,0.059250000000000004,tp_branch,2,"[{""ts"":1787309400,""favorable_extreme"":0.05973,""stop"":0.059250000000000004}]",1787309700,0.059250000000000004,2.000000000000002,2.000000000000002,partial_tp_floor,
3435,overheated_24h,USELESSUSDT,LONG,tp,2.000000000000002,tp,6.0,True,1787309100,0.059250000000000004,tp_branch,2,"[{""ts"":1787309400,""favorable_extreme"":0.05973,""stop"":0.059250000000000004}]",1787309700,0.059250000000000004,2.000000000000002,2.000000000000002,partial_tp_floor,
3435,overheated_24h,USELESSUSDT,LONG,tp,2.000000000000002,tp,8.0,True,1787309100,0.059250000000000004,tp_branch,2,"[{""ts"":1787309400,""favorable_extreme"":0.05973,""stop"":0.059250000000000004}]",1787309700,0.059250000000000004,2.000000000000002,2.000000000000002,partial_tp_floor,
3435,overheated_24h,USELESSUSDT,LONG,tp,2.000000000000002,tp,10.0,True,1787309100,0.059250000000000004,tp_branch,2,"[{""ts"":1787309400,""favorable_extreme"":0.05973,""stop"":0.059250000000000004}]",1787309700,0.059250000000000004,2.000000000000002,2.000000000000002,partial_tp_floor,
3437,overheated_24h,BRETTUSDT,LONG,tp,2.0000000000000044,tp,2.0,True,1787331900,0.005297178571428572,tp_branch,1,[],1787332200,0.005297178571428572,2.0000000000000044,2.0000000000000044,partial_tp_floor,
3437,overheated_24h,BRETTUSDT,LONG,tp,2.0000000000000044,tp,3.0,True,1787331900,0.005297178571428572,tp_branch,1,[],1787332200,0.005297178571428572,2.0000000000000044,2.0000000000000044,partial_tp_floor,
3437,overheated_24h,BRETTUSDT,LONG,tp,2.0000000000000044,tp,4.0,True,1787331900,0.005297178571428572,tp_branch,1,[],1787332200,0.005297178571428572,2.0000000000000044,2.0000000000000044,partial_tp_floor,
3437,overheated_24h,BRETTUSDT,LONG,tp,2.0000000000000044,tp,5.0,True,1787331900,0.005297178571428572,tp_branch,1,[],1787332200,0.005297178571428572,2.0000000000000044,2.0000000000000044,partial_tp_floor,
3437,overheated_24h,BRETTUSDT,LONG,tp,2.0000000000000044,tp,6.0,True,1787331900,0.005297178571428572,tp_branch,1,[],1787332200,0.005297178571428572,2.0000000000000044,2.0000000000000044,partial_tp_floor,
3437,overheated_24h,BRETTUSDT,LONG,tp,2.0000000000000044,tp,8.0,True,1787331900,0.005297178571428572,tp_branch,1,[],1787332200,0.005297178571428572,2.0000000000000044,2.0000000000000044,partial_tp_floor,
3437,overheated_24h,BRETTUSDT,LONG,tp,2.0000000000000044,tp,10.0,True,1787331900,0.005297178571428572,tp_branch,1,[],1787332200,0.005297178571428572,2.0000000000000044,2.0000000000000044,partial_tp_floor,
3438,overheated_24h,PYTHUSDT,LONG,sl,-1.0,sl,2.0,False,,,not_activated,0,[],,,,-1.0,baseline_sl,
3438,overheated_24h,PYTHUSDT,LONG,sl,-1.0,sl,3.0,False,,,not_activated,0,[],,,,-1.0,baseline_sl,
3438,overheated_24h,PYTHUSDT,LONG,sl,-1.0,sl,4.0,False,,,not_activated,0,[],,,,-1.0,baseline_sl,
3438,overheated_24h,PYTHUSDT,LONG,sl,-1.0,sl,5.0,False,,,not_activated,0,[],,,,-1.0,baseline_sl,
3438,overheated_24h,PYTHUSDT,LONG,sl,-1.0,sl,6.0,False,,,not_activated,0,[],,,,-1.0,baseline_sl,
3438,overheated_24h,PYTHUSDT,LONG,sl,-1.0,sl,8.0,False,,,not_activated,0,[],,,,-1.0,baseline_sl,
3438,overheated_24h,PYTHUSDT,LONG,sl,-1.0,sl,10.0,False,,,not_activated,0,[],,,,-1.0,baseline_sl,
3439,overheated_24h,BONKUSDT,LONG,sl,-1.0,sl,2.0,False,,,not_activated,0,[],,,,-1.0,baseline_sl,
3439,overheated_24h,BONKUSDT,LONG,sl,-1.0,sl,3.0,False,,,not_activated,0,[],,,,-1.0,baseline_sl,
3439,overheated_24h,BONKUSDT,LONG,sl,-1.0,sl,4.0,False,,,not_activated,0,[],,,,-1.0,baseline_sl,
3439,overheated_24h,BONKUSDT,LONG,sl,-1.0,sl,5.0,False,,,not_activated,0,[],,,,-1.0,baseline_sl,
3439,overheated_24h,BONKUSDT,LONG,sl,-1.0,sl,6.0,False,,,not_activated,0,[],,,,-1.0,baseline_sl,
3439,overheated_24h,BONKUSDT,LONG,sl,-1.0,sl,8.0,False,,,not_activated,0,[],,,,-1.0,baseline_sl,
3439,overheated_24h,BONKUSDT,LONG,sl,-1.0,sl,10.0,False,,,not_activated,0,[],,,,-1.0,baseline_sl,
3440,overheated_24h,币安人生USDT,LONG,tp,2.0,tp,2.0,True,1787373600,0.5704682142857143,tp_branch,3,"[{""ts"":1787373900,""favorable_extreme"":0.58788,""stop"":0.5761223999999999},{""ts"":1787374800,""favorable_extreme"":0.58898,""stop"":0.5772004}]",1787375100,0.5772004,2.266894906374995,2.1334474531874976,partial_trail_stop,
3440,overheated_24h,币安人生USDT,LONG,tp,2.0,tp,3.0,True,1787373600,0.5704682142857143,tp_branch,3,"[{""ts"":1787373900,""favorable_extreme"":0.58788,""stop"":0.5704682142857143},{""ts"":1787374800,""favorable_extreme"":0.58898,""stop"":0.5713105999999999}]",1787375100,0.5713105999999999,2.033396056776748,2.016698028388374,partial_trail_stop,
3440,overheated_24h,币安人生USDT,LONG,tp,2.0,tp,4.0,True,1787373600,0.5704682142857143,tp_branch,3,"[{""ts"":1787373900,""favorable_extreme"":0.58788,""stop"":0.5704682142857143},{""ts"":1787374800,""favorable_extreme"":0.58898,""stop"":0.5704682142857143}]",1787375100,0.5704682142857143,2.0,2.0,partial_tp_floor,
3440,overheated_24h,币安人生USDT,LONG,tp,2.0,tp,5.0,True,1787373600,0.5704682142857143,tp_branch,3,"[{""ts"":1787373900,""favorable_extreme"":0.58788,""stop"":0.5704682142857143},{""ts"":1787374800,""favorable_extreme"":0.58898,""stop"":0.5704682142857143}]",1787375100,0.5704682142857143,2.0,2.0,partial_tp_floor,
3440,overheated_24h,币安人生USDT,LONG,tp,2.0,tp,6.0,True,1787373600,0.5704682142857143,tp_branch,3,"[{""ts"":1787373900,""favorable_extreme"":0.58788,""stop"":0.5704682142857143},{""ts"":1787374800,""favorable_extreme"":0.58898,""stop"":0.5704682142857143}]",1787375100,0.5704682142857143,2.0,2.0,partial_tp_floor,
3440,overheated_24h,币安人生USDT,LONG,tp,2.0,tp,8.0,True,1787373600,0.5704682142857143,tp_branch,3,"[{""ts"":1787373900,""favorable_extreme"":0.58788,""stop"":0.5704682142857143},{""ts"":1787374800,""favorable_extreme"":0.58898,""stop"":0.5704682142857143}]",1787375100,0.5704682142857143,2.0,2.0,partial_tp_floor,
3440,overheated_24h,币安人生USDT,LONG,tp,2.0,tp,10.0,True,1787373600,0.5704682142857143,tp_branch,3,"[{""ts"":1787373900,""favorable_extreme"":0.58788,""stop"":0.5704682142857143},{""ts"":1787374800,""favorable_extreme"":0.58898,""stop"":0.5704682142857143}]",1787375100,0.5704682142857143,2.0,2.0,partial_tp_floor,
3441,overheated_24h,GALAUSDT,LONG,tp,1.9999999999999973,tp,2.0,True,1787309400,0.0019177857142857143,tp_branch,1,[],1787309700,0.0019177857142857143,1.9999999999999973,1.9999999999999973,partial_tp_floor,
3441,overheated_24h,GALAUSDT,LONG,tp,1.9999999999999973,tp,3.0,True,1787309400,0.0019177857142857143,tp_branch,1,[],1787309700,0.0019177857142857143,1.9999999999999973,1.9999999999999973,partial_tp_floor,
3441,overheated_24h,GALAUSDT,LONG,tp,1.9999999999999973,tp,4.0,True,1787309400,0.0019177857142857143,tp_branch,1,[],1787309700,0.0019177857142857143,1.9999999999999973,1.9999999999999973,partial_tp_floor,
3441,overheated_24h,GALAUSDT,LONG,tp,1.9999999999999973,tp,5.0,True,1787309400,0.0019177857142857143,tp_branch,1,[],1787309700,0.0019177857142857143,1.9999999999999973,1.9999999999999973,partial_tp_floor,
3441,overheated_24h,GALAUSDT,LONG,tp,1.9999999999999973,tp,6.0,True,1787309400,0.0019177857142857143,tp_branch,1,[],1787309700,0.0019177857142857143,1.9999999999999973,1.9999999999999973,partial_tp_floor,
3441,overheated_24h,GALAUSDT,LONG,tp,1.9999999999999973,tp,8.0,True,1787309400,0.0019177857142857143,tp_branch,1,[],1787309700,0.0019177857142857143,1.9999999999999973,1.9999999999999973,partial_tp_floor,
3441,overheated_24h,GALAUSDT,LONG,tp,1.9999999999999973,tp,10.0,True,1787309400,0.0019177857142857143,tp_branch,1,[],1787309700,0.0019177857142857143,1.9999999999999973,1.9999999999999973,partial_tp_floor,
3471,overheated_24h,ASTEROIDUSDT,LONG,sl,-1.0,sl,2.0,False,,,not_activated,0,[],,,,-1.0,baseline_sl,
3471,overheated_24h,ASTEROIDUSDT,LONG,sl,-1.0,sl,3.0,False,,,not_activated,0,[],,,,-1.0,baseline_sl,
3471,overheated_24h,ASTEROIDUSDT,LONG,sl,-1.0,sl,4.0,False,,,not_activated,0,[],,,,-1.0,baseline_sl,
3471,overheated_24h,ASTEROIDUSDT,LONG,sl,-1.0,sl,5.0,False,,,not_activated,0,[],,,,-1.0,baseline_sl,
3471,overheated_24h,ASTEROIDUSDT,LONG,sl,-1.0,sl,6.0,False,,,not_activated,0,[],,,,-1.0,baseline_sl,
3471,overheated_24h,ASTEROIDUSDT,LONG,sl,-1.0,sl,8.0,False,,,not_activated,0,[],,,,-1.0,baseline_sl,
3471,overheated_24h,ASTEROIDUSDT,LONG,sl,-1.0,sl,10.0,False,,,not_activated,0,[],,,,-1.0,baseline_sl,
3472,overheated_24h,MOODENGUSDT,LONG,sl,-1.0,sl,2.0,False,,,not_activated,0,[],,,,-1.0,baseline_sl,
3472,overheated_24h,MOODENGUSDT,LONG,sl,-1.0,sl,3.0,False,,,not_activated,0,[],,,,-1.0,baseline_sl,
3472,overheated_24h,MOODENGUSDT,LONG,sl,-1.0,sl,4.0,False,,,not_activated,0,[],,,,-1.0,baseline_sl,
3472,overheated_24h,MOODENGUSDT,LONG,sl,-1.0,sl,5.0,False,,,not_activated,0,[],,,,-1.0,baseline_sl,
3472,overheated_24h,MOODENGUSDT,LONG,sl,-1.0,sl,6.0,False,,,not_activated,0,[],,,,-1.0,baseline_sl,
3472,overheated_24h,MOODENGUSDT,LONG,sl,-1.0,sl,8.0,False,,,not_activated,0,[],,,,-1.0,baseline_sl,
3472,overheated_24h,MOODENGUSDT,LONG,sl,-1.0,sl,10.0,False,,,not_activated,0,[],,,,-1.0,baseline_sl,
3474,overheated_24h,PEOPLEUSDT,LONG,tp,2.0,tp,2.0,True,1787302200,0.012765571428571428,tp_branch,2,"[{""ts"":1787302500,""favorable_extreme"":0.013146,""stop"":0.01288308}]",1787302800,0.01288308,2.193021236653761,2.0965106183268807,partial_trail_stop,
3474,overheated_24h,PEOPLEUSDT,LONG,tp,2.0,tp,3.0,True,1787302200,0.012765571428571428,tp_branch,2,"[{""ts"":1787302500,""favorable_extreme"":0.013146,""stop"":0.012765571428571428}]",1787302800,0.012765571428571428,2.0,2.0,partial_tp_floor,
3474,overheated_24h,PEOPLEUSDT,LONG,tp,2.0,tp,4.0,True,1787302200,0.012765571428571428,tp_branch,2,"[{""ts"":1787302500,""favorable_extreme"":0.013146,""stop"":0.012765571428571428}]",1787302800,0.012765571428571428,2.0,2.0,partial_tp_floor,
3474,overheated_24h,PEOPLEUSDT,LONG,tp,2.0,tp,5.0,True,1787302200,0.012765571428571428,tp_branch,2,"[{""ts"":1787302500,""favorable_extreme"":0.013146,""stop"":0.012765571428571428}]",1787302800,0.012765571428571428,2.0,2.0,partial_tp_floor,
3474,overheated_24h,PEOPLEUSDT,LONG,tp,2.0,tp,6.0,True,1787302200,0.012765571428571428,tp_branch,2,"[{""ts"":1787302500,""favorable_extreme"":0.013146,""stop"":0.012765571428571428}]",1787302800,0.012765571428571428,2.0,2.0,partial_tp_floor,
3474,overheated_24h,PEOPLEUSDT,LONG,tp,2.0,tp,8.0,True,1787302200,0.012765571428571428,tp_branch,2,"[{""ts"":1787302500,""favorable_extreme"":0.013146,""stop"":0.012765571428571428}]",1787302800,0.012765571428571428,2.0,2.0,partial_tp_floor,
3474,overheated_24h,PEOPLEUSDT,LONG,tp,2.0,tp,10.0,True,1787302200,0.012765571428571428,tp_branch,2,"[{""ts"":1787302500,""favorable_extreme"":0.013146,""stop"":0.012765571428571428}]",1787302800,0.012765571428571428,2.0,2.0,partial_tp_floor,
3475,overheated_24h,BERAUSDT,LONG,sl,-1.0,sl,2.0,False,,,not_activated,0,[],,,,-1.0,baseline_sl,
3475,overheated_24h,BERAUSDT,LONG,sl,-1.0,sl,3.0,False,,,not_activated,0,[],,,,-1.0,baseline_sl,
3475,overheated_24h,BERAUSDT,LONG,sl,-1.0,sl,4.0,False,,,not_activated,0,[],,,,-1.0,baseline_sl,
3475,overheated_24h,BERAUSDT,LONG,sl,-1.0,sl,5.0,False,,,not_activated,0,[],,,,-1.0,baseline_sl,
3475,overheated_24h,BERAUSDT,LONG,sl,-1.0,sl,6.0,False,,,not_activated,0,[],,,,-1.0,baseline_sl,
3475,overheated_24h,BERAUSDT,LONG,sl,-1.0,sl,8.0,False,,,not_activated,0,[],,,,-1.0,baseline_sl,
3475,overheated_24h,BERAUSDT,LONG,sl,-1.0,sl,10.0,False,,,not_activated,0,[],,,,-1.0,baseline_sl,
3477,overheated_24h,XRPUSDT,LONG,tp,2.0,tp,2.0,True,1787305800,1.4282785714285713,tp_branch,1,[],1787306100,1.4282785714285713,2.0,2.0,partial_tp_floor,
3477,overheated_24h,XRPUSDT,LONG,tp,2.0,tp,3.0,True,1787305800,1.4282785714285713,tp_branch,1,[],1787306100,1.4282785714285713,2.0,2.0,partial_tp_floor,
3477,overheated_24h,XRPUSDT,LONG,tp,2.0,tp,4.0,True,1787305800,1.4282785714285713,tp_branch,1,[],1787306100,1.4282785714285713,2.0,2.0,partial_tp_floor,
3477,overheated_24h,XRPUSDT,LONG,tp,2.0,tp,5.0,True,1787305800,1.4282785714285713,tp_branch,1,[],1787306100,1.4282785714285713,2.0,2.0,partial_tp_floor,
3477,overheated_24h,XRPUSDT,LONG,tp,2.0,tp,6.0,True,1787305800,1.4282785714285713,tp_branch,1,[],1787306100,1.4282785714285713,2.0,2.0,partial_tp_floor,
3477,overheated_24h,XRPUSDT,LONG,tp,2.0,tp,8.0,True,1787305800,1.4282785714285713,tp_branch,1,[],1787306100,1.4282785714285713,2.0,2.0,partial_tp_floor,
3477,overheated_24h,XRPUSDT,LONG,tp,2.0,tp,10.0,True,1787305800,1.4282785714285713,tp_branch,1,[],1787306100,1.4282785714285713,2.0,2.0,partial_tp_floor,
3494,overheated_24h,PUMPUSDT,LONG,tp,1.9999999999999982,tp,2.0,True,1787373300,0.004362035714285714,tp_branch,1,[],1787373600,0.004362035714285714,1.9999999999999982,1.9999999999999982,partial_tp_floor,
3494,overheated_24h,PUMPUSDT,LONG,tp,1.9999999999999982,tp,3.0,True,1787373300,0.004362035714285714,tp_branch,1,[],1787373600,0.004362035714285714,1.9999999999999982,1.9999999999999982,partial_tp_floor,
3494,overheated_24h,PUMPUSDT,LONG,tp,1.9999999999999982,tp,4.0,True,1787373300,0.004362035714285714,tp_branch,1,[],1787373600,0.004362035714285714,1.9999999999999982,1.9999999999999982,partial_tp_floor,
3494,overheated_24h,PUMPUSDT,LONG,tp,1.9999999999999982,tp,5.0,True,1787373300,0.004362035714285714,tp_branch,1,[],1787373600,0.004362035714285714,1.9999999999999982,1.9999999999999982,partial_tp_floor,
3494,overheated_24h,PUMPUSDT,LONG,tp,1.9999999999999982,tp,6.0,True,1787373300,0.004362035714285714,tp_branch,1,[],1787373600,0.004362035714285714,1.9999999999999982,1.9999999999999982,partial_tp_floor,
3494,overheated_24h,PUMPUSDT,LONG,tp,1.9999999999999982,tp,8.0,True,1787373300,0.004362035714285714,tp_branch,1,[],1787373600,0.004362035714285714,1.9999999999999982,1.9999999999999982,partial_tp_floor,
3494,overheated_24h,PUMPUSDT,LONG,tp,1.9999999999999982,tp,10.0,True,1787373300,0.004362035714285714,tp_branch,1,[],1787373600,0.004362035714285714,1.9999999999999982,1.9999999999999982,partial_tp_floor,
3495,overheated_24h,KAIAUSDT,LONG,tp,2.0000000000000036,tp,2.0,True,1787356800,0.030927857142857142,tp_branch,1,[],1787357100,0.030927857142857142,2.0000000000000036,2.0000000000000036,partial_tp_floor,
3495,overheated_24h,KAIAUSDT,LONG,tp,2.0000000000000036,tp,3.0,True,1787356800,0.030927857142857142,tp_branch,1,[],1787357100,0.030927857142857142,2.0000000000000036,2.0000000000000036,partial_tp_floor,
3495,overheated_24h,KAIAUSDT,LONG,tp,2.0000000000000036,tp,4.0,True,1787356800,0.030927857142857142,tp_branch,1,[],1787357100,0.030927857142857142,2.0000000000000036,2.0000000000000036,partial_tp_floor,
3495,overheated_24h,KAIAUSDT,LONG,tp,2.0000000000000036,tp,5.0,True,1787356800,0.030927857142857142,tp_branch,1,[],1787357100,0.030927857142857142,2.0000000000000036,2.0000000000000036,partial_tp_floor,
3495,overheated_24h,KAIAUSDT,LONG,tp,2.0000000000000036,tp,6.0,True,1787356800,0.030927857142857142,tp_branch,1,[],1787357100,0.030927857142857142,2.0000000000000036,2.0000000000000036,partial_tp_floor,
3495,overheated_24h,KAIAUSDT,LONG,tp,2.0000000000000036,tp,8.0,True,1787356800,0.030927857142857142,tp_branch,1,[],1787357100,0.030927857142857142,2.0000000000000036,2.0000000000000036,partial_tp_floor,
3495,overheated_24h,KAIAUSDT,LONG,tp,2.0000000000000036,tp,10.0,True,1787356800,0.030927857142857142,tp_branch,1,[],1787357100,0.030927857142857142,2.0000000000000036,2.0000000000000036,partial_tp_floor,
3496,overheated_24h,BBUSDT,LONG,tp,2.0,tp,2.0,True,1787303700,0.01242357142857143,tp_branch,2,"[{""ts"":1787304000,""favorable_extreme"":0.01373,""stop"":0.0134554}]",1787304300,0.0134554,3.278937583001325,2.6394687915006623,partial_trail_stop,
3496,overheated_24h,BBUSDT,LONG,tp,2.0,tp,3.0,True,1787303700,0.01242357142857143,tp_branch,2,"[{""ts"":1787304000,""favorable_extreme"":0.01373,""stop"":0.0133181}]",1787304300,0.0133181,3.108756086764052,2.554378043382026,partial_trail_stop,
3496,overheated_24h,BBUSDT,LONG,tp,2.0,tp,4.0,True,1787303700,0.01242357142857143,tp_branch,2,"[{""ts"":1787304000,""favorable_extreme"":0.01373,""stop"":0.0131808}]",1787304300,0.0131808,2.938574590526779,2.4692872952633893,partial_trail_stop,
3496,overheated_24h,BBUSDT,LONG,tp,2.0,tp,5.0,True,1787303700,0.01242357142857143,tp_branch,3,"[{""ts"":1787304000,""favorable_extreme"":0.01373,""stop"":0.013043499999999998},{""ts"":1787304300,""favorable_extreme"":0.01386,""stop"":0.013167}]",1787304600,0.013167,2.9214696768481607,2.4607348384240804,partial_trail_stop,
3496,overheated_24h,BBUSDT,LONG,tp,2.0,tp,6.0,True,1787303700,0.01242357142857143,tp_branch,3,"[{""ts"":1787304000,""favorable_extreme"":0.01373,""stop"":0.012906199999999998},{""ts"":1787304300,""favorable_extreme"":0.01386,""stop"":0.0130284}]",1787304600,0.0130284,2.749676848162903,2.3748384240814513,partial_trail_stop,
3496,overheated_24h,BBUSDT,LONG,tp,2.0,tp,8.0,True,1787303700,0.01242357142857143,tp_branch,3,"[{""ts"":1787304000,""favorable_extreme"":0.01373,""stop"":0.0126316},{""ts"":1787304300,""favorable_extreme"":0.01386,""stop"":0.0127512}]",1787304600,0.0127512,2.4060911907923854,2.2030455953961927,partial_trail_stop,
3496,overheated_24h,BBUSDT,LONG,tp,2.0,tp,10.0,True,1787303700,0.01242357142857143,tp_branch,4,"[{""ts"":1787304000,""favorable_extreme"":0.01373,""stop"":0.01242357142857143},{""ts"":1787304300,""favorable_extreme"":0.01386,""stop"":0.012474},{""ts"":1787304600,""favorable_extreme"":0.014,""stop"":0.0126}]",1787304900,0.0126,2.2186808322266476,2.109340416113324,partial_trail_stop,
3521,overheated_24h,ZECUSDT,LONG,tp,2.0,tp,2.0,True,1787343000,695.6017857142858,tp_branch,1,[],1787343300,695.6017857142858,2.0,2.0,partial_tp_floor,
3521,overheated_24h,ZECUSDT,LONG,tp,2.0,tp,3.0,True,1787343000,695.6017857142858,tp_branch,1,[],1787343300,695.6017857142858,2.0,2.0,partial_tp_floor,
3521,overheated_24h,ZECUSDT,LONG,tp,2.0,tp,4.0,True,1787343000,695.6017857142858,tp_branch,1,[],1787343300,695.6017857142858,2.0,2.0,partial_tp_floor,
3521,overheated_24h,ZECUSDT,LONG,tp,2.0,tp,5.0,True,1787343000,695.6017857142858,tp_branch,1,[],1787343300,695.6017857142858,2.0,2.0,partial_tp_floor,
3521,overheated_24h,ZECUSDT,LONG,tp,2.0,tp,6.0,True,1787343000,695.6017857142858,tp_branch,1,[],1787343300,695.6017857142858,2.0,2.0,partial_tp_floor,
3521,overheated_24h,ZECUSDT,LONG,tp,2.0,tp,8.0,True,1787343000,695.6017857142858,tp_branch,1,[],1787343300,695.6017857142858,2.0,2.0,partial_tp_floor,
3521,overheated_24h,ZECUSDT,LONG,tp,2.0,tp,10.0,True,1787343000,695.6017857142858,tp_branch,1,[],1787343300,695.6017857142858,2.0,2.0,partial_tp_floor,
3522,overheated_24h,ONEUSDT,LONG,sl,-1.0,sl,2.0,False,,,not_activated,0,[],,,,-1.0,baseline_sl,
3522,overheated_24h,ONEUSDT,LONG,sl,-1.0,sl,3.0,False,,,not_activated,0,[],,,,-1.0,baseline_sl,
3522,overheated_24h,ONEUSDT,LONG,sl,-1.0,sl,4.0,False,,,not_activated,0,[],,,,-1.0,baseline_sl,
3522,overheated_24h,ONEUSDT,LONG,sl,-1.0,sl,5.0,False,,,not_activated,0,[],,,,-1.0,baseline_sl,
3522,overheated_24h,ONEUSDT,LONG,sl,-1.0,sl,6.0,False,,,not_activated,0,[],,,,-1.0,baseline_sl,
3522,overheated_24h,ONEUSDT,LONG,sl,-1.0,sl,8.0,False,,,not_activated,0,[],,,,-1.0,baseline_sl,
3522,overheated_24h,ONEUSDT,LONG,sl,-1.0,sl,10.0,False,,,not_activated,0,[],,,,-1.0,baseline_sl,
3524,overheated_24h,PIEVERSEUSDT,LONG,sl,-1.0,sl,2.0,False,,,not_activated,0,[],,,,-1.0,baseline_sl,
3524,overheated_24h,PIEVERSEUSDT,LONG,sl,-1.0,sl,3.0,False,,,not_activated,0,[],,,,-1.0,baseline_sl,
3524,overheated_24h,PIEVERSEUSDT,LONG,sl,-1.0,sl,4.0,False,,,not_activated,0,[],,,,-1.0,baseline_sl,
3524,overheated_24h,PIEVERSEUSDT,LONG,sl,-1.0,sl,5.0,False,,,not_activated,0,[],,,,-1.0,baseline_sl,
3524,overheated_24h,PIEVERSEUSDT,LONG,sl,-1.0,sl,6.0,False,,,not_activated,0,[],,,,-1.0,baseline_sl,
3524,overheated_24h,PIEVERSEUSDT,LONG,sl,-1.0,sl,8.0,False,,,not_activated,0,[],,,,-1.0,baseline_sl,
3524,overheated_24h,PIEVERSEUSDT,LONG,sl,-1.0,sl,10.0,False,,,not_activated,0,[],,,,-1.0,baseline_sl,
3526,overheated_24h,IMXUSDT,LONG,sl,-1.0,sl,2.0,False,,,not_activated,0,[],,,,-1.0,baseline_sl,
3526,overheated_24h,IMXUSDT,LONG,sl,-1.0,sl,3.0,False,,,not_activated,0,[],,,,-1.0,baseline_sl,
3526,overheated_24h,IMXUSDT,LONG,sl,-1.0,sl,4.0,False,,,not_activated,0,[],,,,-1.0,baseline_sl,
3526,overheated_24h,IMXUSDT,LONG,sl,-1.0,sl,5.0,False,,,not_activated,0,[],,,,-1.0,baseline_sl,
3526,overheated_24h,IMXUSDT,LONG,sl,-1.0,sl,6.0,False,,,not_activated,0,[],,,,-1.0,baseline_sl,
3526,overheated_24h,IMXUSDT,LONG,sl,-1.0,sl,8.0,False,,,not_activated,0,[],,,,-1.0,baseline_sl,
3526,overheated_24h,IMXUSDT,LONG,sl,-1.0,sl,10.0,False,,,not_activated,0,[],,,,-1.0,baseline_sl,
3545,overheated_24h,ROBOUSDT,LONG,tp,2.0000000000000018,tp,2.0,True,1787322600,0.017213214285714287,tp_branch,1,[],1787322900,0.017213214285714287,2.0000000000000018,2.0000000000000018,partial_tp_floor,
3545,overheated_24h,ROBOUSDT,LONG,tp,2.0000000000000018,tp,3.0,True,1787322600,0.017213214285714287,tp_branch,1,[],1787322900,0.017213214285714287,2.0000000000000018,2.0000000000000018,partial_tp_floor,
3545,overheated_24h,ROBOUSDT,LONG,tp,2.0000000000000018,tp,4.0,True,1787322600,0.017213214285714287,tp_branch,1,[],1787322900,0.017213214285714287,2.0000000000000018,2.0000000000000018,partial_tp_floor,
3545,overheated_24h,ROBOUSDT,LONG,tp,2.0000000000000018,tp,5.0,True,1787322600,0.017213214285714287,tp_branch,1,[],1787322900,0.017213214285714287,2.0000000000000018,2.0000000000000018,partial_tp_floor,
3545,overheated_24h,ROBOUSDT,LONG,tp,2.0000000000000018,tp,6.0,True,1787322600,0.017213214285714287,tp_branch,1,[],1787322900,0.017213214285714287,2.0000000000000018,2.0000000000000018,partial_tp_floor,
3545,overheated_24h,ROBOUSDT,LONG,tp,2.0000000000000018,tp,8.0,True,1787322600,0.017213214285714287,tp_branch,1,[],1787322900,0.017213214285714287,2.0000000000000018,2.0000000000000018,partial_tp_floor,
3545,overheated_24h,ROBOUSDT,LONG,tp,2.0000000000000018,tp,10.0,True,1787322600,0.017213214285714287,tp_branch,1,[],1787322900,0.017213214285714287,2.0000000000000018,2.0000000000000018,partial_tp_floor,
3561,overheated_24h,AAVEUSDT,LONG,sl,-1.0,sl,2.0,False,,,not_activated,0,[],,,,-1.0,baseline_sl,
3561,overheated_24h,AAVEUSDT,LONG,sl,-1.0,sl,3.0,False,,,not_activated,0,[],,,,-1.0,baseline_sl,
3561,overheated_24h,AAVEUSDT,LONG,sl,-1.0,sl,4.0,False,,,not_activated,0,[],,,,-1.0,baseline_sl,
3561,overheated_24h,AAVEUSDT,LONG,sl,-1.0,sl,5.0,False,,,not_activated,0,[],,,,-1.0,baseline_sl,
3561,overheated_24h,AAVEUSDT,LONG,sl,-1.0,sl,6.0,False,,,not_activated,0,[],,,,-1.0,baseline_sl,
3561,overheated_24h,AAVEUSDT,LONG,sl,-1.0,sl,8.0,False,,,not_activated,0,[],,,,-1.0,baseline_sl,
3561,overheated_24h,AAVEUSDT,LONG,sl,-1.0,sl,10.0,False,,,not_activated,0,[],,,,-1.0,baseline_sl,
3562,overheated_24h,VELVETUSDT,LONG,sl,-1.0,sl,2.0,False,,,not_activated,0,[],,,,-1.0,baseline_sl,
3562,overheated_24h,VELVETUSDT,LONG,sl,-1.0,sl,3.0,False,,,not_activated,0,[],,,,-1.0,baseline_sl,
3562,overheated_24h,VELVETUSDT,LONG,sl,-1.0,sl,4.0,False,,,not_activated,0,[],,,,-1.0,baseline_sl,
3562,overheated_24h,VELVETUSDT,LONG,sl,-1.0,sl,5.0,False,,,not_activated,0,[],,,,-1.0,baseline_sl,
3562,overheated_24h,VELVETUSDT,LONG,sl,-1.0,sl,6.0,False,,,not_activated,0,[],,,,-1.0,baseline_sl,
3562,overheated_24h,VELVETUSDT,LONG,sl,-1.0,sl,8.0,False,,,not_activated,0,[],,,,-1.0,baseline_sl,
3562,overheated_24h,VELVETUSDT,LONG,sl,-1.0,sl,10.0,False,,,not_activated,0,[],,,,-1.0,baseline_sl,
3566,overheated_24h,RIVERUSDT,LONG,sl,-1.0,sl,2.0,False,,,not_activated,0,[],,,,-1.0,baseline_sl,
3566,overheated_24h,RIVERUSDT,LONG,sl,-1.0,sl,3.0,False,,,not_activated,0,[],,,,-1.0,baseline_sl,
3566,overheated_24h,RIVERUSDT,LONG,sl,-1.0,sl,4.0,False,,,not_activated,0,[],,,,-1.0,baseline_sl,
3566,overheated_24h,RIVERUSDT,LONG,sl,-1.0,sl,5.0,False,,,not_activated,0,[],,,,-1.0,baseline_sl,
3566,overheated_24h,RIVERUSDT,LONG,sl,-1.0,sl,6.0,False,,,not_activated,0,[],,,,-1.0,baseline_sl,
3566,overheated_24h,RIVERUSDT,LONG,sl,-1.0,sl,8.0,False,,,not_activated,0,[],,,,-1.0,baseline_sl,
3566,overheated_24h,RIVERUSDT,LONG,sl,-1.0,sl,10.0,False,,,not_activated,0,[],,,,-1.0,baseline_sl,
3567,overheated_24h,STXUSDT,LONG,tp,2.0,tp,2.0,True,1787331900,0.17097857142857142,tp_branch,1,[],1787332200,0.17097857142857142,2.0,2.0,partial_tp_floor,
3567,overheated_24h,STXUSDT,LONG,tp,2.0,tp,3.0,True,1787331900,0.17097857142857142,tp_branch,1,[],1787332200,0.17097857142857142,2.0,2.0,partial_tp_floor,
3567,overheated_24h,STXUSDT,LONG,tp,2.0,tp,4.0,True,1787331900,0.17097857142857142,tp_branch,1,[],1787332200,0.17097857142857142,2.0,2.0,partial_tp_floor,
3567,overheated_24h,STXUSDT,LONG,tp,2.0,tp,5.0,True,1787331900,0.17097857142857142,tp_branch,1,[],1787332200,0.17097857142857142,2.0,2.0,partial_tp_floor,
3567,overheated_24h,STXUSDT,LONG,tp,2.0,tp,6.0,True,1787331900,0.17097857142857142,tp_branch,1,[],1787332200,0.17097857142857142,2.0,2.0,partial_tp_floor,
3567,overheated_24h,STXUSDT,LONG,tp,2.0,tp,8.0,True,1787331900,0.17097857142857142,tp_branch,1,[],1787332200,0.17097857142857142,2.0,2.0,partial_tp_floor,
3567,overheated_24h,STXUSDT,LONG,tp,2.0,tp,10.0,True,1787331900,0.17097857142857142,tp_branch,1,[],1787332200,0.17097857142857142,2.0,2.0,partial_tp_floor,
3568,overheated_24h,BCHUSDT,LONG,tp,1.9999999999999916,tp,2.0,True,1787324100,277.36321428571426,tp_branch,1,[],1787324400,277.36321428571426,1.9999999999999916,1.9999999999999916,partial_tp_floor,
3568,overheated_24h,BCHUSDT,LONG,tp,1.9999999999999916,tp,3.0,True,1787324100,277.36321428571426,tp_branch,1,[],1787324400,277.36321428571426,1.9999999999999916,1.9999999999999916,partial_tp_floor,
3568,overheated_24h,BCHUSDT,LONG,tp,1.9999999999999916,tp,4.0,True,1787324100,277.36321428571426,tp_branch,1,[],1787324400,277.36321428571426,1.9999999999999916,1.9999999999999916,partial_tp_floor,
3568,overheated_24h,BCHUSDT,LONG,tp,1.9999999999999916,tp,5.0,True,1787324100,277.36321428571426,tp_branch,1,[],1787324400,277.36321428571426,1.9999999999999916,1.9999999999999916,partial_tp_floor,
3568,overheated_24h,BCHUSDT,LONG,tp,1.9999999999999916,tp,6.0,True,1787324100,277.36321428571426,tp_branch,1,[],1787324400,277.36321428571426,1.9999999999999916,1.9999999999999916,partial_tp_floor,
3568,overheated_24h,BCHUSDT,LONG,tp,1.9999999999999916,tp,8.0,True,1787324100,277.36321428571426,tp_branch,1,[],1787324400,277.36321428571426,1.9999999999999916,1.9999999999999916,partial_tp_floor,
3568,overheated_24h,BCHUSDT,LONG,tp,1.9999999999999916,tp,10.0,True,1787324100,277.36321428571426,tp_branch,1,[],1787324400,277.36321428571426,1.9999999999999916,1.9999999999999916,partial_tp_floor,
3569,overheated_24h,ENAUSDT,LONG,tp,1.999999999999995,tp,2.0,True,1787324400,0.15027035714285714,tp_branch,1,[],1787324700,0.15027035714285714,1.999999999999995,1.999999999999995,partial_tp_floor,
3569,overheated_24h,ENAUSDT,LONG,tp,1.999999999999995,tp,3.0,True,1787324400,0.15027035714285714,tp_branch,1,[],1787324700,0.15027035714285714,1.999999999999995,1.999999999999995,partial_tp_floor,
3569,overheated_24h,ENAUSDT,LONG,tp,1.999999999999995,tp,4.0,True,1787324400,0.15027035714285714,tp_branch,1,[],1787324700,0.15027035714285714,1.999999999999995,1.999999999999995,partial_tp_floor,
3569,overheated_24h,ENAUSDT,LONG,tp,1.999999999999995,tp,5.0,True,1787324400,0.15027035714285714,tp_branch,1,[],1787324700,0.15027035714285714,1.999999999999995,1.999999999999995,partial_tp_floor,
3569,overheated_24h,ENAUSDT,LONG,tp,1.999999999999995,tp,6.0,True,1787324400,0.15027035714285714,tp_branch,1,[],1787324700,0.15027035714285714,1.999999999999995,1.999999999999995,partial_tp_floor,
3569,overheated_24h,ENAUSDT,LONG,tp,1.999999999999995,tp,8.0,True,1787324400,0.15027035714285714,tp_branch,1,[],1787324700,0.15027035714285714,1.999999999999995,1.999999999999995,partial_tp_floor,
3569,overheated_24h,ENAUSDT,LONG,tp,1.999999999999995,tp,10.0,True,1787324400,0.15027035714285714,tp_branch,1,[],1787324700,0.15027035714285714,1.999999999999995,1.999999999999995,partial_tp_floor,
3572,overheated_24h,PEPEUSDT,LONG,sl,-1.0,sl,2.0,False,,,not_activated,0,[],,,,-1.0,baseline_sl,
3572,overheated_24h,PEPEUSDT,LONG,sl,-1.0,sl,3.0,False,,,not_activated,0,[],,,,-1.0,baseline_sl,
3572,overheated_24h,PEPEUSDT,LONG,sl,-1.0,sl,4.0,False,,,not_activated,0,[],,,,-1.0,baseline_sl,
3572,overheated_24h,PEPEUSDT,LONG,sl,-1.0,sl,5.0,False,,,not_activated,0,[],,,,-1.0,baseline_sl,
3572,overheated_24h,PEPEUSDT,LONG,sl,-1.0,sl,6.0,False,,,not_activated,0,[],,,,-1.0,baseline_sl,
3572,overheated_24h,PEPEUSDT,LONG,sl,-1.0,sl,8.0,False,,,not_activated,0,[],,,,-1.0,baseline_sl,
3572,overheated_24h,PEPEUSDT,LONG,sl,-1.0,sl,10.0,False,,,not_activated,0,[],,,,-1.0,baseline_sl,
3573,overheated_24h,TURBOUSDT,LONG,sl,-1.0,sl,2.0,False,,,not_activated,0,[],,,,-1.0,baseline_sl,
3573,overheated_24h,TURBOUSDT,LONG,sl,-1.0,sl,3.0,False,,,not_activated,0,[],,,,-1.0,baseline_sl,
3573,overheated_24h,TURBOUSDT,LONG,sl,-1.0,sl,4.0,False,,,not_activated,0,[],,,,-1.0,baseline_sl,
3573,overheated_24h,TURBOUSDT,LONG,sl,-1.0,sl,5.0,False,,,not_activated,0,[],,,,-1.0,baseline_sl,
3573,overheated_24h,TURBOUSDT,LONG,sl,-1.0,sl,6.0,False,,,not_activated,0,[],,,,-1.0,baseline_sl,
3573,overheated_24h,TURBOUSDT,LONG,sl,-1.0,sl,8.0,False,,,not_activated,0,[],,,,-1.0,baseline_sl,
3573,overheated_24h,TURBOUSDT,LONG,sl,-1.0,sl,10.0,False,,,not_activated,0,[],,,,-1.0,baseline_sl,
3574,overheated_24h,PLUMEUSDT,LONG,sl,-1.0,sl,2.0,False,,,not_activated,0,[],,,,-1.0,baseline_sl,
3574,overheated_24h,PLUMEUSDT,LONG,sl,-1.0,sl,3.0,False,,,not_activated,0,[],,,,-1.0,baseline_sl,
3574,overheated_24h,PLUMEUSDT,LONG,sl,-1.0,sl,4.0,False,,,not_activated,0,[],,,,-1.0,baseline_sl,
3574,overheated_24h,PLUMEUSDT,LONG,sl,-1.0,sl,5.0,False,,,not_activated,0,[],,,,-1.0,baseline_sl,
3574,overheated_24h,PLUMEUSDT,LONG,sl,-1.0,sl,6.0,False,,,not_activated,0,[],,,,-1.0,baseline_sl,
3574,overheated_24h,PLUMEUSDT,LONG,sl,-1.0,sl,8.0,False,,,not_activated,0,[],,,,-1.0,baseline_sl,
3574,overheated_24h,PLUMEUSDT,LONG,sl,-1.0,sl,10.0,False,,,not_activated,0,[],,,,-1.0,baseline_sl,
3584,overheated_24h,JASMYUSDT,LONG,tp,2.0000000000000058,tp,2.0,True,1787349900,0.004626285714285715,tp_branch,1,[],1787350200,0.004626285714285715,2.0000000000000058,2.0000000000000058,partial_tp_floor,
3584,overheated_24h,JASMYUSDT,LONG,tp,2.0000000000000058,tp,3.0,True,1787349900,0.004626285714285715,tp_branch,1,[],1787350200,0.004626285714285715,2.0000000000000058,2.0000000000000058,partial_tp_floor,
3584,overheated_24h,JASMYUSDT,LONG,tp,2.0000000000000058,tp,4.0,True,1787349900,0.004626285714285715,tp_branch,1,[],1787350200,0.004626285714285715,2.0000000000000058,2.0000000000000058,partial_tp_floor,
3584,overheated_24h,JASMYUSDT,LONG,tp,2.0000000000000058,tp,5.0,True,1787349900,0.004626285714285715,tp_branch,1,[],1787350200,0.004626285714285715,2.0000000000000058,2.0000000000000058,partial_tp_floor,
3584,overheated_24h,JASMYUSDT,LONG,tp,2.0000000000000058,tp,6.0,True,1787349900,0.004626285714285715,tp_branch,1,[],1787350200,0.004626285714285715,2.0000000000000058,2.0000000000000058,partial_tp_floor,
3584,overheated_24h,JASMYUSDT,LONG,tp,2.0000000000000058,tp,8.0,True,1787349900,0.004626285714285715,tp_branch,1,[],1787350200,0.004626285714285715,2.0000000000000058,2.0000000000000058,partial_tp_floor,
3584,overheated_24h,JASMYUSDT,LONG,tp,2.0000000000000058,tp,10.0,True,1787349900,0.004626285714285715,tp_branch,1,[],1787350200,0.004626285714285715,2.0000000000000058,2.0000000000000058,partial_tp_floor,
3585,overheated_24h,ENSUSDT,LONG,tp,1.9999999999999942,tp,2.0,True,1787329500,5.36175,tp_branch,1,[],1787329800,5.36175,1.9999999999999942,1.9999999999999942,partial_tp_floor,
3585,overheated_24h,ENSUSDT,LONG,tp,1.9999999999999942,tp,3.0,True,1787329500,5.36175,tp_branch,1,[],1787329800,5.36175,1.9999999999999942,1.9999999999999942,partial_tp_floor,
3585,overheated_24h,ENSUSDT,LONG,tp,1.9999999999999942,tp,4.0,True,1787329500,5.36175,tp_branch,1,[],1787329800,5.36175,1.9999999999999942,1.9999999999999942,partial_tp_floor,
3585,overheated_24h,ENSUSDT,LONG,tp,1.9999999999999942,tp,5.0,True,1787329500,5.36175,tp_branch,1,[],1787329800,5.36175,1.9999999999999942,1.9999999999999942,partial_tp_floor,
3585,overheated_24h,ENSUSDT,LONG,tp,1.9999999999999942,tp,6.0,True,1787329500,5.36175,tp_branch,1,[],1787329800,5.36175,1.9999999999999942,1.9999999999999942,partial_tp_floor,
3585,overheated_24h,ENSUSDT,LONG,tp,1.9999999999999942,tp,8.0,True,1787329500,5.36175,tp_branch,1,[],1787329800,5.36175,1.9999999999999942,1.9999999999999942,partial_tp_floor,
3585,overheated_24h,ENSUSDT,LONG,tp,1.9999999999999942,tp,10.0,True,1787329500,5.36175,tp_branch,1,[],1787329800,5.36175,1.9999999999999942,1.9999999999999942,partial_tp_floor,
3589,overheated_24h,USUALUSDT,LONG,tp,2.0,tp,2.0,True,1787315400,0.011998214285714286,tp_branch,1,[],1787315700,0.011998214285714286,2.0,2.0,partial_tp_floor,
3589,overheated_24h,USUALUSDT,LONG,tp,2.0,tp,3.0,True,1787315400,0.011998214285714286,tp_branch,1,[],1787315700,0.011998214285714286,2.0,2.0,partial_tp_floor,
3589,overheated_24h,USUALUSDT,LONG,tp,2.0,tp,4.0,True,1787315400,0.011998214285714286,tp_branch,1,[],1787315700,0.011998214285714286,2.0,2.0,partial_tp_floor,
3589,overheated_24h,USUALUSDT,LONG,tp,2.0,tp,5.0,True,1787315400,0.011998214285714286,tp_branch,1,[],1787315700,0.011998214285714286,2.0,2.0,partial_tp_floor,
3589,overheated_24h,USUALUSDT,LONG,tp,2.0,tp,6.0,True,1787315400,0.011998214285714286,tp_branch,1,[],1787315700,0.011998214285714286,2.0,2.0,partial_tp_floor,
3589,overheated_24h,USUALUSDT,LONG,tp,2.0,tp,8.0,True,1787315400,0.011998214285714286,tp_branch,1,[],1787315700,0.011998214285714286,2.0,2.0,partial_tp_floor,
3589,overheated_24h,USUALUSDT,LONG,tp,2.0,tp,10.0,True,1787315400,0.011998214285714286,tp_branch,1,[],1787315700,0.011998214285714286,2.0,2.0,partial_tp_floor,
3590,overheated_24h,YGGUSDT,LONG,sl,-1.0,sl,2.0,False,,,not_activated,0,[],,,,-1.0,baseline_sl,
3590,overheated_24h,YGGUSDT,LONG,sl,-1.0,sl,3.0,False,,,not_activated,0,[],,,,-1.0,baseline_sl,
3590,overheated_24h,YGGUSDT,LONG,sl,-1.0,sl,4.0,False,,,not_activated,0,[],,,,-1.0,baseline_sl,
3590,overheated_24h,YGGUSDT,LONG,sl,-1.0,sl,5.0,False,,,not_activated,0,[],,,,-1.0,baseline_sl,
3590,overheated_24h,YGGUSDT,LONG,sl,-1.0,sl,6.0,False,,,not_activated,0,[],,,,-1.0,baseline_sl,
3590,overheated_24h,YGGUSDT,LONG,sl,-1.0,sl,8.0,False,,,not_activated,0,[],,,,-1.0,baseline_sl,
3590,overheated_24h,YGGUSDT,LONG,sl,-1.0,sl,10.0,False,,,not_activated,0,[],,,,-1.0,baseline_sl,
3591,overheated_24h,SSVUSDT,LONG,sl,-1.0,sl,2.0,False,,,not_activated,0,[],,,,-1.0,baseline_sl,
3591,overheated_24h,SSVUSDT,LONG,sl,-1.0,sl,3.0,False,,,not_activated,0,[],,,,-1.0,baseline_sl,
3591,overheated_24h,SSVUSDT,LONG,sl,-1.0,sl,4.0,False,,,not_activated,0,[],,,,-1.0,baseline_sl,
3591,overheated_24h,SSVUSDT,LONG,sl,-1.0,sl,5.0,False,,,not_activated,0,[],,,,-1.0,baseline_sl,
3591,overheated_24h,SSVUSDT,LONG,sl,-1.0,sl,6.0,False,,,not_activated,0,[],,,,-1.0,baseline_sl,
3591,overheated_24h,SSVUSDT,LONG,sl,-1.0,sl,8.0,False,,,not_activated,0,[],,,,-1.0,baseline_sl,
3591,overheated_24h,SSVUSDT,LONG,sl,-1.0,sl,10.0,False,,,not_activated,0,[],,,,-1.0,baseline_sl,
3593,overheated_24h,XPLUSDT,LONG,sl,-1.0,sl,2.0,False,,,not_activated,0,[],,,,-1.0,baseline_sl,
3593,overheated_24h,XPLUSDT,LONG,sl,-1.0,sl,3.0,False,,,not_activated,0,[],,,,-1.0,baseline_sl,
3593,overheated_24h,XPLUSDT,LONG,sl,-1.0,sl,4.0,False,,,not_activated,0,[],,,,-1.0,baseline_sl,
3593,overheated_24h,XPLUSDT,LONG,sl,-1.0,sl,5.0,False,,,not_activated,0,[],,,,-1.0,baseline_sl,
3593,overheated_24h,XPLUSDT,LONG,sl,-1.0,sl,6.0,False,,,not_activated,0,[],,,,-1.0,baseline_sl,
3593,overheated_24h,XPLUSDT,LONG,sl,-1.0,sl,8.0,False,,,not_activated,0,[],,,,-1.0,baseline_sl,
3593,overheated_24h,XPLUSDT,LONG,sl,-1.0,sl,10.0,False,,,not_activated,0,[],,,,-1.0,baseline_sl,
3609,overheated_24h,GALAUSDT,LONG,tp,2.0,tp,2.0,True,1787330400,0.002074892857142857,tp_branch,1,[],1787330700,0.002074892857142857,2.0,2.0,partial_tp_floor,
3609,overheated_24h,GALAUSDT,LONG,tp,2.0,tp,3.0,True,1787330400,0.002074892857142857,tp_branch,1,[],1787330700,0.002074892857142857,2.0,2.0,partial_tp_floor,
3609,overheated_24h,GALAUSDT,LONG,tp,2.0,tp,4.0,True,1787330400,0.002074892857142857,tp_branch,1,[],1787330700,0.002074892857142857,2.0,2.0,partial_tp_floor,
3609,overheated_24h,GALAUSDT,LONG,tp,2.0,tp,5.0,True,1787330400,0.002074892857142857,tp_branch,1,[],1787330700,0.002074892857142857,2.0,2.0,partial_tp_floor,
3609,overheated_24h,GALAUSDT,LONG,tp,2.0,tp,6.0,True,1787330400,0.002074892857142857,tp_branch,1,[],1787330700,0.002074892857142857,2.0,2.0,partial_tp_floor,
3609,overheated_24h,GALAUSDT,LONG,tp,2.0,tp,8.0,True,1787330400,0.002074892857142857,tp_branch,1,[],1787330700,0.002074892857142857,2.0,2.0,partial_tp_floor,
3609,overheated_24h,GALAUSDT,LONG,tp,2.0,tp,10.0,True,1787330400,0.002074892857142857,tp_branch,1,[],1787330700,0.002074892857142857,2.0,2.0,partial_tp_floor,
3612,overheated_24h,WIFUSDT,LONG,sl,-1.0,sl,2.0,False,,,not_activated,0,[],,,,-1.0,baseline_sl,
3612,overheated_24h,WIFUSDT,LONG,sl,-1.0,sl,3.0,False,,,not_activated,0,[],,,,-1.0,baseline_sl,
3612,overheated_24h,WIFUSDT,LONG,sl,-1.0,sl,4.0,False,,,not_activated,0,[],,,,-1.0,baseline_sl,
3612,overheated_24h,WIFUSDT,LONG,sl,-1.0,sl,5.0,False,,,not_activated,0,[],,,,-1.0,baseline_sl,
3612,overheated_24h,WIFUSDT,LONG,sl,-1.0,sl,6.0,False,,,not_activated,0,[],,,,-1.0,baseline_sl,
3612,overheated_24h,WIFUSDT,LONG,sl,-1.0,sl,8.0,False,,,not_activated,0,[],,,,-1.0,baseline_sl,
3612,overheated_24h,WIFUSDT,LONG,sl,-1.0,sl,10.0,False,,,not_activated,0,[],,,,-1.0,baseline_sl,
3617,overheated_24h,IOTAUSDT,LONG,tp,2.0000000000000058,tp,2.0,True,1787346600,0.04395964285714286,tp_branch,1,[],1787346900,0.04395964285714286,2.0000000000000058,2.0000000000000058,partial_tp_floor,
3617,overheated_24h,IOTAUSDT,LONG,tp,2.0000000000000058,tp,3.0,True,1787346600,0.04395964285714286,tp_branch,1,[],1787346900,0.04395964285714286,2.0000000000000058,2.0000000000000058,partial_tp_floor,
3617,overheated_24h,IOTAUSDT,LONG,tp,2.0000000000000058,tp,4.0,True,1787346600,0.04395964285714286,tp_branch,1,[],1787346900,0.04395964285714286,2.0000000000000058,2.0000000000000058,partial_tp_floor,
3617,overheated_24h,IOTAUSDT,LONG,tp,2.0000000000000058,tp,5.0,True,1787346600,0.04395964285714286,tp_branch,1,[],1787346900,0.04395964285714286,2.0000000000000058,2.0000000000000058,partial_tp_floor,
3617,overheated_24h,IOTAUSDT,LONG,tp,2.0000000000000058,tp,6.0,True,1787346600,0.04395964285714286,tp_branch,1,[],1787346900,0.04395964285714286,2.0000000000000058,2.0000000000000058,partial_tp_floor,
3617,overheated_24h,IOTAUSDT,LONG,tp,2.0000000000000058,tp,8.0,True,1787346600,0.04395964285714286,tp_branch,1,[],1787346900,0.04395964285714286,2.0000000000000058,2.0000000000000058,partial_tp_floor,
3617,overheated_24h,IOTAUSDT,LONG,tp,2.0000000000000058,tp,10.0,True,1787346600,0.04395964285714286,tp_branch,1,[],1787346900,0.04395964285714286,2.0000000000000058,2.0000000000000058,partial_tp_floor,
3619,overheated_24h,TUTUSDT,LONG,tp,2.0,tp,2.0,True,1787421300,0.05235228571428572,tp_branch,1,[],1787421600,0.05235228571428572,2.0,2.0,partial_tp_floor,
3619,overheated_24h,TUTUSDT,LONG,tp,2.0,tp,3.0,True,1787421300,0.05235228571428572,tp_branch,1,[],1787421600,0.05235228571428572,2.0,2.0,partial_tp_floor,
3619,overheated_24h,TUTUSDT,LONG,tp,2.0,tp,4.0,True,1787421300,0.05235228571428572,tp_branch,1,[],1787421600,0.05235228571428572,2.0,2.0,partial_tp_floor,
3619,overheated_24h,TUTUSDT,LONG,tp,2.0,tp,5.0,True,1787421300,0.05235228571428572,tp_branch,1,[],1787421600,0.05235228571428572,2.0,2.0,partial_tp_floor,
3619,overheated_24h,TUTUSDT,LONG,tp,2.0,tp,6.0,True,1787421300,0.05235228571428572,tp_branch,1,[],1787421600,0.05235228571428572,2.0,2.0,partial_tp_floor,
3619,overheated_24h,TUTUSDT,LONG,tp,2.0,tp,8.0,True,1787421300,0.05235228571428572,tp_branch,1,[],1787421600,0.05235228571428572,2.0,2.0,partial_tp_floor,
3619,overheated_24h,TUTUSDT,LONG,tp,2.0,tp,10.0,True,1787421300,0.05235228571428572,tp_branch,1,[],1787421600,0.05235228571428572,2.0,2.0,partial_tp_floor,
3620,overheated_24h,USELESSUSDT,LONG,tp,1.999999999999998,tp,2.0,True,1787350500,0.06408178571428572,tp_branch,1,[],1787350800,0.06408178571428572,1.999999999999998,1.999999999999998,partial_tp_floor,
3620,overheated_24h,USELESSUSDT,LONG,tp,1.999999999999998,tp,3.0,True,1787350500,0.06408178571428572,tp_branch,1,[],1787350800,0.06408178571428572,1.999999999999998,1.999999999999998,partial_tp_floor,
3620,overheated_24h,USELESSUSDT,LONG,tp,1.999999999999998,tp,4.0,True,1787350500,0.06408178571428572,tp_branch,1,[],1787350800,0.06408178571428572,1.999999999999998,1.999999999999998,partial_tp_floor,
3620,overheated_24h,USELESSUSDT,LONG,tp,1.999999999999998,tp,5.0,True,1787350500,0.06408178571428572,tp_branch,1,[],1787350800,0.06408178571428572,1.999999999999998,1.999999999999998,partial_tp_floor,
3620,overheated_24h,USELESSUSDT,LONG,tp,1.999999999999998,tp,6.0,True,1787350500,0.06408178571428572,tp_branch,1,[],1787350800,0.06408178571428572,1.999999999999998,1.999999999999998,partial_tp_floor,
3620,overheated_24h,USELESSUSDT,LONG,tp,1.999999999999998,tp,8.0,True,1787350500,0.06408178571428572,tp_branch,1,[],1787350800,0.06408178571428572,1.999999999999998,1.999999999999998,partial_tp_floor,
3620,overheated_24h,USELESSUSDT,LONG,tp,1.999999999999998,tp,10.0,True,1787350500,0.06408178571428572,tp_branch,1,[],1787350800,0.06408178571428572,1.999999999999998,1.999999999999998,partial_tp_floor,
3621,overheated_24h,FETUSDT,LONG,tp,2.000000000000005,tp,2.0,True,1787353800,0.16995,tp_branch,1,[],1787354100,0.16995,2.000000000000005,2.000000000000005,partial_tp_floor,
3621,overheated_24h,FETUSDT,LONG,tp,2.000000000000005,tp,3.0,True,1787353800,0.16995,tp_branch,1,[],1787354100,0.16995,2.000000000000005,2.000000000000005,partial_tp_floor,
3621,overheated_24h,FETUSDT,LONG,tp,2.000000000000005,tp,4.0,True,1787353800,0.16995,tp_branch,1,[],1787354100,0.16995,2.000000000000005,2.000000000000005,partial_tp_floor,
3621,overheated_24h,FETUSDT,LONG,tp,2.000000000000005,tp,5.0,True,1787353800,0.16995,tp_branch,1,[],1787354100,0.16995,2.000000000000005,2.000000000000005,partial_tp_floor,
3621,overheated_24h,FETUSDT,LONG,tp,2.000000000000005,tp,6.0,True,1787353800,0.16995,tp_branch,1,[],1787354100,0.16995,2.000000000000005,2.000000000000005,partial_tp_floor,
3621,overheated_24h,FETUSDT,LONG,tp,2.000000000000005,tp,8.0,True,1787353800,0.16995,tp_branch,1,[],1787354100,0.16995,2.000000000000005,2.000000000000005,partial_tp_floor,
3621,overheated_24h,FETUSDT,LONG,tp,2.000000000000005,tp,10.0,True,1787353800,0.16995,tp_branch,1,[],1787354100,0.16995,2.000000000000005,2.000000000000005,partial_tp_floor,
3644,overheated_24h,BASEDUSDT,LONG,sl,-1.0,sl,2.0,False,,,not_activated,0,[],,,,-1.0,baseline_sl,
3644,overheated_24h,BASEDUSDT,LONG,sl,-1.0,sl,3.0,False,,,not_activated,0,[],,,,-1.0,baseline_sl,
3644,overheated_24h,BASEDUSDT,LONG,sl,-1.0,sl,4.0,False,,,not_activated,0,[],,,,-1.0,baseline_sl,
3644,overheated_24h,BASEDUSDT,LONG,sl,-1.0,sl,5.0,False,,,not_activated,0,[],,,,-1.0,baseline_sl,
3644,overheated_24h,BASEDUSDT,LONG,sl,-1.0,sl,6.0,False,,,not_activated,0,[],,,,-1.0,baseline_sl,
3644,overheated_24h,BASEDUSDT,LONG,sl,-1.0,sl,8.0,False,,,not_activated,0,[],,,,-1.0,baseline_sl,
3644,overheated_24h,BASEDUSDT,LONG,sl,-1.0,sl,10.0,False,,,not_activated,0,[],,,,-1.0,baseline_sl,
3645,overheated_24h,BERAUSDT,LONG,sl,-1.0,sl,2.0,False,,,not_activated,0,[],,,,-1.0,baseline_sl,
3645,overheated_24h,BERAUSDT,LONG,sl,-1.0,sl,3.0,False,,,not_activated,0,[],,,,-1.0,baseline_sl,
3645,overheated_24h,BERAUSDT,LONG,sl,-1.0,sl,4.0,False,,,not_activated,0,[],,,,-1.0,baseline_sl,
3645,overheated_24h,BERAUSDT,LONG,sl,-1.0,sl,5.0,False,,,not_activated,0,[],,,,-1.0,baseline_sl,
3645,overheated_24h,BERAUSDT,LONG,sl,-1.0,sl,6.0,False,,,not_activated,0,[],,,,-1.0,baseline_sl,
3645,overheated_24h,BERAUSDT,LONG,sl,-1.0,sl,8.0,False,,,not_activated,0,[],,,,-1.0,baseline_sl,
3645,overheated_24h,BERAUSDT,LONG,sl,-1.0,sl,10.0,False,,,not_activated,0,[],,,,-1.0,baseline_sl,
3648,overheated_24h,HOLOUSDT,LONG,sl,-1.0,sl,2.0,False,,,not_activated,0,[],,,,-1.0,baseline_sl,
3648,overheated_24h,HOLOUSDT,LONG,sl,-1.0,sl,3.0,False,,,not_activated,0,[],,,,-1.0,baseline_sl,
3648,overheated_24h,HOLOUSDT,LONG,sl,-1.0,sl,4.0,False,,,not_activated,0,[],,,,-1.0,baseline_sl,
3648,overheated_24h,HOLOUSDT,LONG,sl,-1.0,sl,5.0,False,,,not_activated,0,[],,,,-1.0,baseline_sl,
3648,overheated_24h,HOLOUSDT,LONG,sl,-1.0,sl,6.0,False,,,not_activated,0,[],,,,-1.0,baseline_sl,
3648,overheated_24h,HOLOUSDT,LONG,sl,-1.0,sl,8.0,False,,,not_activated,0,[],,,,-1.0,baseline_sl,
3648,overheated_24h,HOLOUSDT,LONG,sl,-1.0,sl,10.0,False,,,not_activated,0,[],,,,-1.0,baseline_sl,
3649,overheated_24h,MEUSDT,LONG,sl,-1.0,sl,2.0,False,,,not_activated,0,[],,,,-1.0,baseline_sl,
3649,overheated_24h,MEUSDT,LONG,sl,-1.0,sl,3.0,False,,,not_activated,0,[],,,,-1.0,baseline_sl,
3649,overheated_24h,MEUSDT,LONG,sl,-1.0,sl,4.0,False,,,not_activated,0,[],,,,-1.0,baseline_sl,
3649,overheated_24h,MEUSDT,LONG,sl,-1.0,sl,5.0,False,,,not_activated,0,[],,,,-1.0,baseline_sl,
3649,overheated_24h,MEUSDT,LONG,sl,-1.0,sl,6.0,False,,,not_activated,0,[],,,,-1.0,baseline_sl,
3649,overheated_24h,MEUSDT,LONG,sl,-1.0,sl,8.0,False,,,not_activated,0,[],,,,-1.0,baseline_sl,
3649,overheated_24h,MEUSDT,LONG,sl,-1.0,sl,10.0,False,,,not_activated,0,[],,,,-1.0,baseline_sl,
3650,overheated_24h,FARTCOINUSDT,LONG,tp,2.0000000000000036,tp,2.0,True,1787350200,0.2002782142857143,tp_branch,1,[],1787350500,0.2002782142857143,2.0000000000000036,2.0000000000000036,partial_tp_floor,
3650,overheated_24h,FARTCOINUSDT,LONG,tp,2.0000000000000036,tp,3.0,True,1787350200,0.2002782142857143,tp_branch,1,[],1787350500,0.2002782142857143,2.0000000000000036,2.0000000000000036,partial_tp_floor,
3650,overheated_24h,FARTCOINUSDT,LONG,tp,2.0000000000000036,tp,4.0,True,1787350200,0.2002782142857143,tp_branch,1,[],1787350500,0.2002782142857143,2.0000000000000036,2.0000000000000036,partial_tp_floor,
3650,overheated_24h,FARTCOINUSDT,LONG,tp,2.0000000000000036,tp,5.0,True,1787350200,0.2002782142857143,tp_branch,1,[],1787350500,0.2002782142857143,2.0000000000000036,2.0000000000000036,partial_tp_floor,
3650,overheated_24h,FARTCOINUSDT,LONG,tp,2.0000000000000036,tp,6.0,True,1787350200,0.2002782142857143,tp_branch,1,[],1787350500,0.2002782142857143,2.0000000000000036,2.0000000000000036,partial_tp_floor,
3650,overheated_24h,FARTCOINUSDT,LONG,tp,2.0000000000000036,tp,8.0,True,1787350200,0.2002782142857143,tp_branch,1,[],1787350500,0.2002782142857143,2.0000000000000036,2.0000000000000036,partial_tp_floor,
3650,overheated_24h,FARTCOINUSDT,LONG,tp,2.0000000000000036,tp,10.0,True,1787350200,0.2002782142857143,tp_branch,1,[],1787350500,0.2002782142857143,2.0000000000000036,2.0000000000000036,partial_tp_floor,
3651,overheated_24h,XPLUSDT,LONG,sl,-1.0,sl,2.0,False,,,not_activated,0,[],,,,-1.0,baseline_sl,
3651,overheated_24h,XPLUSDT,LONG,sl,-1.0,sl,3.0,False,,,not_activated,0,[],,,,-1.0,baseline_sl,
3651,overheated_24h,XPLUSDT,LONG,sl,-1.0,sl,4.0,False,,,not_activated,0,[],,,,-1.0,baseline_sl,
3651,overheated_24h,XPLUSDT,LONG,sl,-1.0,sl,5.0,False,,,not_activated,0,[],,,,-1.0,baseline_sl,
3651,overheated_24h,XPLUSDT,LONG,sl,-1.0,sl,6.0,False,,,not_activated,0,[],,,,-1.0,baseline_sl,
3651,overheated_24h,XPLUSDT,LONG,sl,-1.0,sl,8.0,False,,,not_activated,0,[],,,,-1.0,baseline_sl,
3651,overheated_24h,XPLUSDT,LONG,sl,-1.0,sl,10.0,False,,,not_activated,0,[],,,,-1.0,baseline_sl,
3652,overheated_24h,USUALUSDT,LONG,tp,2.0,tp,2.0,True,1787368500,0.012749642857142857,tp_branch,1,[],1787368800,0.012749642857142857,2.0,2.0,partial_tp_floor,
3652,overheated_24h,USUALUSDT,LONG,tp,2.0,tp,3.0,True,1787368500,0.012749642857142857,tp_branch,1,[],1787368800,0.012749642857142857,2.0,2.0,partial_tp_floor,
3652,overheated_24h,USUALUSDT,LONG,tp,2.0,tp,4.0,True,1787368500,0.012749642857142857,tp_branch,1,[],1787368800,0.012749642857142857,2.0,2.0,partial_tp_floor,
3652,overheated_24h,USUALUSDT,LONG,tp,2.0,tp,5.0,True,1787368500,0.012749642857142857,tp_branch,1,[],1787368800,0.012749642857142857,2.0,2.0,partial_tp_floor,
3652,overheated_24h,USUALUSDT,LONG,tp,2.0,tp,6.0,True,1787368500,0.012749642857142857,tp_branch,1,[],1787368800,0.012749642857142857,2.0,2.0,partial_tp_floor,
3652,overheated_24h,USUALUSDT,LONG,tp,2.0,tp,8.0,True,1787368500,0.012749642857142857,tp_branch,1,[],1787368800,0.012749642857142857,2.0,2.0,partial_tp_floor,
3652,overheated_24h,USUALUSDT,LONG,tp,2.0,tp,10.0,True,1787368500,0.012749642857142857,tp_branch,1,[],1787368800,0.012749642857142857,2.0,2.0,partial_tp_floor,
3654,overheated_24h,ZORAUSDT,LONG,sl,-1.0,sl,2.0,False,,,not_activated,0,[],,,,-1.0,baseline_sl,
3654,overheated_24h,ZORAUSDT,LONG,sl,-1.0,sl,3.0,False,,,not_activated,0,[],,,,-1.0,baseline_sl,
3654,overheated_24h,ZORAUSDT,LONG,sl,-1.0,sl,4.0,False,,,not_activated,0,[],,,,-1.0,baseline_sl,
3654,overheated_24h,ZORAUSDT,LONG,sl,-1.0,sl,5.0,False,,,not_activated,0,[],,,,-1.0,baseline_sl,
3654,overheated_24h,ZORAUSDT,LONG,sl,-1.0,sl,6.0,False,,,not_activated,0,[],,,,-1.0,baseline_sl,
3654,overheated_24h,ZORAUSDT,LONG,sl,-1.0,sl,8.0,False,,,not_activated,0,[],,,,-1.0,baseline_sl,
3654,overheated_24h,ZORAUSDT,LONG,sl,-1.0,sl,10.0,False,,,not_activated,0,[],,,,-1.0,baseline_sl,
3655,overheated_24h,PEPEUSDT,LONG,tp,2.000000000000003,tp,2.0,True,1787331900,3.881071428571429e-06,tp_branch,2,"[{""ts"":1787332200,""favorable_extreme"":3.976e-06,""stop"":3.896479999999999e-06}]",1787332500,3.896479999999999e-06,2.1112245424078333,2.055612271203918,partial_trail_stop,
3655,overheated_24h,PEPEUSDT,LONG,tp,2.000000000000003,tp,3.0,True,1787331900,3.881071428571429e-06,tp_branch,2,"[{""ts"":1787332200,""favorable_extreme"":3.976e-06,""stop"":3.881071428571429e-06}]",1787332500,3.881071428571429e-06,2.000000000000003,2.000000000000003,partial_tp_floor,
3655,overheated_24h,PEPEUSDT,LONG,tp,2.000000000000003,tp,4.0,True,1787331900,3.881071428571429e-06,tp_branch,2,"[{""ts"":1787332200,""favorable_extreme"":3.976e-06,""stop"":3.881071428571429e-06}]",1787332500,3.881071428571429e-06,2.000000000000003,2.000000000000003,partial_tp_floor,
3655,overheated_24h,PEPEUSDT,LONG,tp,2.000000000000003,tp,5.0,True,1787331900,3.881071428571429e-06,tp_branch,2,"[{""ts"":1787332200,""favorable_extreme"":3.976e-06,""stop"":3.881071428571429e-06}]",1787332500,3.881071428571429e-06,2.000000000000003,2.000000000000003,partial_tp_floor,
3655,overheated_24h,PEPEUSDT,LONG,tp,2.000000000000003,tp,6.0,True,1787331900,3.881071428571429e-06,tp_branch,2,"[{""ts"":1787332200,""favorable_extreme"":3.976e-06,""stop"":3.881071428571429e-06}]",1787332500,3.881071428571429e-06,2.000000000000003,2.000000000000003,partial_tp_floor,
3655,overheated_24h,PEPEUSDT,LONG,tp,2.000000000000003,tp,8.0,True,1787331900,3.881071428571429e-06,tp_branch,2,"[{""ts"":1787332200,""favorable_extreme"":3.976e-06,""stop"":3.881071428571429e-06}]",1787332500,3.881071428571429e-06,2.000000000000003,2.000000000000003,partial_tp_floor,
3655,overheated_24h,PEPEUSDT,LONG,tp,2.000000000000003,tp,10.0,True,1787331900,3.881071428571429e-06,tp_branch,2,"[{""ts"":1787332200,""favorable_extreme"":3.976e-06,""stop"":3.881071428571429e-06}]",1787332500,3.881071428571429e-06,2.000000000000003,2.000000000000003,partial_tp_floor,
3657,overheated_24h,HEMIUSDT,LONG,sl,-1.0,sl,2.0,False,,,not_activated,0,[],,,,-1.0,baseline_sl,
3657,overheated_24h,HEMIUSDT,LONG,sl,-1.0,sl,3.0,False,,,not_activated,0,[],,,,-1.0,baseline_sl,
3657,overheated_24h,HEMIUSDT,LONG,sl,-1.0,sl,4.0,False,,,not_activated,0,[],,,,-1.0,baseline_sl,
3657,overheated_24h,HEMIUSDT,LONG,sl,-1.0,sl,5.0,False,,,not_activated,0,[],,,,-1.0,baseline_sl,
3657,overheated_24h,HEMIUSDT,LONG,sl,-1.0,sl,6.0,False,,,not_activated,0,[],,,,-1.0,baseline_sl,
3657,overheated_24h,HEMIUSDT,LONG,sl,-1.0,sl,8.0,False,,,not_activated,0,[],,,,-1.0,baseline_sl,
3657,overheated_24h,HEMIUSDT,LONG,sl,-1.0,sl,10.0,False,,,not_activated,0,[],,,,-1.0,baseline_sl,
3658,overheated_24h,SCRTUSDT,LONG,tp,2.0,tp,2.0,True,1787319000,0.030610714285714286,tp_branch,1,[],1787319300,0.030610714285714286,2.0,2.0,partial_tp_floor,
3658,overheated_24h,SCRTUSDT,LONG,tp,2.0,tp,3.0,True,1787319000,0.030610714285714286,tp_branch,1,[],1787319300,0.030610714285714286,2.0,2.0,partial_tp_floor,
3658,overheated_24h,SCRTUSDT,LONG,tp,2.0,tp,4.0,True,1787319000,0.030610714285714286,tp_branch,1,[],1787319300,0.030610714285714286,2.0,2.0,partial_tp_floor,
3658,overheated_24h,SCRTUSDT,LONG,tp,2.0,tp,5.0,True,1787319000,0.030610714285714286,tp_branch,1,[],1787319300,0.030610714285714286,2.0,2.0,partial_tp_floor,
3658,overheated_24h,SCRTUSDT,LONG,tp,2.0,tp,6.0,True,1787319000,0.030610714285714286,tp_branch,1,[],1787319300,0.030610714285714286,2.0,2.0,partial_tp_floor,
3658,overheated_24h,SCRTUSDT,LONG,tp,2.0,tp,8.0,True,1787319000,0.030610714285714286,tp_branch,1,[],1787319300,0.030610714285714286,2.0,2.0,partial_tp_floor,
3658,overheated_24h,SCRTUSDT,LONG,tp,2.0,tp,10.0,True,1787319000,0.030610714285714286,tp_branch,1,[],1787319300,0.030610714285714286,2.0,2.0,partial_tp_floor,
3659,overheated_24h,TRBUSDT,LONG,tp,2.0000000000000084,tp,2.0,True,1787334000,17.525000000000002,tp_branch,1,[],1787334300,17.525000000000002,2.0000000000000084,2.0000000000000084,partial_tp_floor,
3659,overheated_24h,TRBUSDT,LONG,tp,2.0000000000000084,tp,3.0,True,1787334000,17.525000000000002,tp_branch,1,[],1787334300,17.525000000000002,2.0000000000000084,2.0000000000000084,partial_tp_floor,
3659,overheated_24h,TRBUSDT,LONG,tp,2.0000000000000084,tp,4.0,True,1787334000,17.525000000000002,tp_branch,1,[],1787334300,17.525000000000002,2.0000000000000084,2.0000000000000084,partial_tp_floor,
3659,overheated_24h,TRBUSDT,LONG,tp,2.0000000000000084,tp,5.0,True,1787334000,17.525000000000002,tp_branch,1,[],1787334300,17.525000000000002,2.0000000000000084,2.0000000000000084,partial_tp_floor,
3659,overheated_24h,TRBUSDT,LONG,tp,2.0000000000000084,tp,6.0,True,1787334000,17.525000000000002,tp_branch,1,[],1787334300,17.525000000000002,2.0000000000000084,2.0000000000000084,partial_tp_floor,
3659,overheated_24h,TRBUSDT,LONG,tp,2.0000000000000084,tp,8.0,True,1787334000,17.525000000000002,tp_branch,1,[],1787334300,17.525000000000002,2.0000000000000084,2.0000000000000084,partial_tp_floor,
3659,overheated_24h,TRBUSDT,LONG,tp,2.0000000000000084,tp,10.0,True,1787334000,17.525000000000002,tp_branch,1,[],1787334300,17.525000000000002,2.0000000000000084,2.0000000000000084,partial_tp_floor,
3660,overheated_24h,BPUSDT,LONG,sl,-1.0,sl,2.0,False,,,not_activated,0,[],,,,-1.0,baseline_sl,
3660,overheated_24h,BPUSDT,LONG,sl,-1.0,sl,3.0,False,,,not_activated,0,[],,,,-1.0,baseline_sl,
3660,overheated_24h,BPUSDT,LONG,sl,-1.0,sl,4.0,False,,,not_activated,0,[],,,,-1.0,baseline_sl,
3660,overheated_24h,BPUSDT,LONG,sl,-1.0,sl,5.0,False,,,not_activated,0,[],,,,-1.0,baseline_sl,
3660,overheated_24h,BPUSDT,LONG,sl,-1.0,sl,6.0,False,,,not_activated,0,[],,,,-1.0,baseline_sl,
3660,overheated_24h,BPUSDT,LONG,sl,-1.0,sl,8.0,False,,,not_activated,0,[],,,,-1.0,baseline_sl,
3660,overheated_24h,BPUSDT,LONG,sl,-1.0,sl,10.0,False,,,not_activated,0,[],,,,-1.0,baseline_sl,
3661,overheated_24h,TURBOUSDT,LONG,sl,-1.0,sl,2.0,False,,,not_activated,0,[],,,,-1.0,baseline_sl,
3661,overheated_24h,TURBOUSDT,LONG,sl,-1.0,sl,3.0,False,,,not_activated,0,[],,,,-1.0,baseline_sl,
3661,overheated_24h,TURBOUSDT,LONG,sl,-1.0,sl,4.0,False,,,not_activated,0,[],,,,-1.0,baseline_sl,
3661,overheated_24h,TURBOUSDT,LONG,sl,-1.0,sl,5.0,False,,,not_activated,0,[],,,,-1.0,baseline_sl,
3661,overheated_24h,TURBOUSDT,LONG,sl,-1.0,sl,6.0,False,,,not_activated,0,[],,,,-1.0,baseline_sl,
3661,overheated_24h,TURBOUSDT,LONG,sl,-1.0,sl,8.0,False,,,not_activated,0,[],,,,-1.0,baseline_sl,
3661,overheated_24h,TURBOUSDT,LONG,sl,-1.0,sl,10.0,False,,,not_activated,0,[],,,,-1.0,baseline_sl,
3662,overheated_24h,WIFUSDT,LONG,tp,1.9999999999999958,tp,2.0,True,1787348400,0.19484642857142856,tp_branch,1,[],1787348700,0.19484642857142856,1.9999999999999958,1.9999999999999958,partial_tp_floor,
3662,overheated_24h,WIFUSDT,LONG,tp,1.9999999999999958,tp,3.0,True,1787348400,0.19484642857142856,tp_branch,1,[],1787348700,0.19484642857142856,1.9999999999999958,1.9999999999999958,partial_tp_floor,
3662,overheated_24h,WIFUSDT,LONG,tp,1.9999999999999958,tp,4.0,True,1787348400,0.19484642857142856,tp_branch,1,[],1787348700,0.19484642857142856,1.9999999999999958,1.9999999999999958,partial_tp_floor,
3662,overheated_24h,WIFUSDT,LONG,tp,1.9999999999999958,tp,5.0,True,1787348400,0.19484642857142856,tp_branch,1,[],1787348700,0.19484642857142856,1.9999999999999958,1.9999999999999958,partial_tp_floor,
3662,overheated_24h,WIFUSDT,LONG,tp,1.9999999999999958,tp,6.0,True,1787348400,0.19484642857142856,tp_branch,1,[],1787348700,0.19484642857142856,1.9999999999999958,1.9999999999999958,partial_tp_floor,
3662,overheated_24h,WIFUSDT,LONG,tp,1.9999999999999958,tp,8.0,True,1787348400,0.19484642857142856,tp_branch,1,[],1787348700,0.19484642857142856,1.9999999999999958,1.9999999999999958,partial_tp_floor,
3662,overheated_24h,WIFUSDT,LONG,tp,1.9999999999999958,tp,10.0,True,1787348400,0.19484642857142856,tp_branch,1,[],1787348700,0.19484642857142856,1.9999999999999958,1.9999999999999958,partial_tp_floor,
3677,overheated_24h,0GUSDT,LONG,sl,-1.0,sl,2.0,False,,,not_activated,0,[],,,,-1.0,baseline_sl,
3677,overheated_24h,0GUSDT,LONG,sl,-1.0,sl,3.0,False,,,not_activated,0,[],,,,-1.0,baseline_sl,
3677,overheated_24h,0GUSDT,LONG,sl,-1.0,sl,4.0,False,,,not_activated,0,[],,,,-1.0,baseline_sl,
3677,overheated_24h,0GUSDT,LONG,sl,-1.0,sl,5.0,False,,,not_activated,0,[],,,,-1.0,baseline_sl,
3677,overheated_24h,0GUSDT,LONG,sl,-1.0,sl,6.0,False,,,not_activated,0,[],,,,-1.0,baseline_sl,
3677,overheated_24h,0GUSDT,LONG,sl,-1.0,sl,8.0,False,,,not_activated,0,[],,,,-1.0,baseline_sl,
3677,overheated_24h,0GUSDT,LONG,sl,-1.0,sl,10.0,False,,,not_activated,0,[],,,,-1.0,baseline_sl,
3679,overheated_24h,PIEVERSEUSDT,LONG,sl,-1.0,sl,2.0,False,,,not_activated,0,[],,,,-1.0,baseline_sl,
3679,overheated_24h,PIEVERSEUSDT,LONG,sl,-1.0,sl,3.0,False,,,not_activated,0,[],,,,-1.0,baseline_sl,
3679,overheated_24h,PIEVERSEUSDT,LONG,sl,-1.0,sl,4.0,False,,,not_activated,0,[],,,,-1.0,baseline_sl,
3679,overheated_24h,PIEVERSEUSDT,LONG,sl,-1.0,sl,5.0,False,,,not_activated,0,[],,,,-1.0,baseline_sl,
3679,overheated_24h,PIEVERSEUSDT,LONG,sl,-1.0,sl,6.0,False,,,not_activated,0,[],,,,-1.0,baseline_sl,
3679,overheated_24h,PIEVERSEUSDT,LONG,sl,-1.0,sl,8.0,False,,,not_activated,0,[],,,,-1.0,baseline_sl,
3679,overheated_24h,PIEVERSEUSDT,LONG,sl,-1.0,sl,10.0,False,,,not_activated,0,[],,,,-1.0,baseline_sl,
3680,overheated_24h,SNXUSDT,LONG,sl,-1.0,sl,2.0,False,,,not_activated,0,[],,,,-1.0,baseline_sl,
3680,overheated_24h,SNXUSDT,LONG,sl,-1.0,sl,3.0,False,,,not_activated,0,[],,,,-1.0,baseline_sl,
3680,overheated_24h,SNXUSDT,LONG,sl,-1.0,sl,4.0,False,,,not_activated,0,[],,,,-1.0,baseline_sl,
3680,overheated_24h,SNXUSDT,LONG,sl,-1.0,sl,5.0,False,,,not_activated,0,[],,,,-1.0,baseline_sl,
3680,overheated_24h,SNXUSDT,LONG,sl,-1.0,sl,6.0,False,,,not_activated,0,[],,,,-1.0,baseline_sl,
3680,overheated_24h,SNXUSDT,LONG,sl,-1.0,sl,8.0,False,,,not_activated,0,[],,,,-1.0,baseline_sl,
3680,overheated_24h,SNXUSDT,LONG,sl,-1.0,sl,10.0,False,,,not_activated,0,[],,,,-1.0,baseline_sl,
3682,overheated_24h,AAVEUSDT,LONG,tp,2.0,tp,2.0,True,1787346000,117.57714285714286,tp_branch,1,[],1787346300,117.57714285714286,2.0,2.0,partial_tp_floor,
3682,overheated_24h,AAVEUSDT,LONG,tp,2.0,tp,3.0,True,1787346000,117.57714285714286,tp_branch,1,[],1787346300,117.57714285714286,2.0,2.0,partial_tp_floor,
3682,overheated_24h,AAVEUSDT,LONG,tp,2.0,tp,4.0,True,1787346000,117.57714285714286,tp_branch,1,[],1787346300,117.57714285714286,2.0,2.0,partial_tp_floor,
3682,overheated_24h,AAVEUSDT,LONG,tp,2.0,tp,5.0,True,1787346000,117.57714285714286,tp_branch,1,[],1787346300,117.57714285714286,2.0,2.0,partial_tp_floor,
3682,overheated_24h,AAVEUSDT,LONG,tp,2.0,tp,6.0,True,1787346000,117.57714285714286,tp_branch,1,[],1787346300,117.57714285714286,2.0,2.0,partial_tp_floor,
3682,overheated_24h,AAVEUSDT,LONG,tp,2.0,tp,8.0,True,1787346000,117.57714285714286,tp_branch,1,[],1787346300,117.57714285714286,2.0,2.0,partial_tp_floor,
3682,overheated_24h,AAVEUSDT,LONG,tp,2.0,tp,10.0,True,1787346000,117.57714285714286,tp_branch,1,[],1787346300,117.57714285714286,2.0,2.0,partial_tp_floor,
3684,overheated_24h,ONEUSDT,LONG,sl,-1.0,sl,2.0,False,,,not_activated,0,[],,,,-1.0,baseline_sl,
3684,overheated_24h,ONEUSDT,LONG,sl,-1.0,sl,3.0,False,,,not_activated,0,[],,,,-1.0,baseline_sl,
3684,overheated_24h,ONEUSDT,LONG,sl,-1.0,sl,4.0,False,,,not_activated,0,[],,,,-1.0,baseline_sl,
3684,overheated_24h,ONEUSDT,LONG,sl,-1.0,sl,5.0,False,,,not_activated,0,[],,,,-1.0,baseline_sl,
3684,overheated_24h,ONEUSDT,LONG,sl,-1.0,sl,6.0,False,,,not_activated,0,[],,,,-1.0,baseline_sl,
3684,overheated_24h,ONEUSDT,LONG,sl,-1.0,sl,8.0,False,,,not_activated,0,[],,,,-1.0,baseline_sl,
3684,overheated_24h,ONEUSDT,LONG,sl,-1.0,sl,10.0,False,,,not_activated,0,[],,,,-1.0,baseline_sl,
3687,overheated_24h,MINAUSDT,LONG,tp,2.0000000000000053,tp,2.0,True,1787325900,0.053523214285714285,tp_branch,1,[],1787326200,0.053523214285714285,2.0000000000000053,2.0000000000000053,partial_tp_floor,
3687,overheated_24h,MINAUSDT,LONG,tp,2.0000000000000053,tp,3.0,True,1787325900,0.053523214285714285,tp_branch,1,[],1787326200,0.053523214285714285,2.0000000000000053,2.0000000000000053,partial_tp_floor,
3687,overheated_24h,MINAUSDT,LONG,tp,2.0000000000000053,tp,4.0,True,1787325900,0.053523214285714285,tp_branch,1,[],1787326200,0.053523214285714285,2.0000000000000053,2.0000000000000053,partial_tp_floor,
3687,overheated_24h,MINAUSDT,LONG,tp,2.0000000000000053,tp,5.0,True,1787325900,0.053523214285714285,tp_branch,1,[],1787326200,0.053523214285714285,2.0000000000000053,2.0000000000000053,partial_tp_floor,
3687,overheated_24h,MINAUSDT,LONG,tp,2.0000000000000053,tp,6.0,True,1787325900,0.053523214285714285,tp_branch,1,[],1787326200,0.053523214285714285,2.0000000000000053,2.0000000000000053,partial_tp_floor,
3687,overheated_24h,MINAUSDT,LONG,tp,2.0000000000000053,tp,8.0,True,1787325900,0.053523214285714285,tp_branch,1,[],1787326200,0.053523214285714285,2.0000000000000053,2.0000000000000053,partial_tp_floor,
3687,overheated_24h,MINAUSDT,LONG,tp,2.0000000000000053,tp,10.0,True,1787325900,0.053523214285714285,tp_branch,1,[],1787326200,0.053523214285714285,2.0000000000000053,2.0000000000000053,partial_tp_floor,
3688,overheated_24h,FLOKIUSDT,LONG,tp,1.9999999999999956,tp,2.0,True,1787337000,2.76175e-05,tp_branch,1,[],1787337300,2.76175e-05,1.9999999999999956,1.9999999999999956,partial_tp_floor,
3688,overheated_24h,FLOKIUSDT,LONG,tp,1.9999999999999956,tp,3.0,True,1787337000,2.76175e-05,tp_branch,1,[],1787337300,2.76175e-05,1.9999999999999956,1.9999999999999956,partial_tp_floor,
3688,overheated_24h,FLOKIUSDT,LONG,tp,1.9999999999999956,tp,4.0,True,1787337000,2.76175e-05,tp_branch,1,[],1787337300,2.76175e-05,1.9999999999999956,1.9999999999999956,partial_tp_floor,
3688,overheated_24h,FLOKIUSDT,LONG,tp,1.9999999999999956,tp,5.0,True,1787337000,2.76175e-05,tp_branch,1,[],1787337300,2.76175e-05,1.9999999999999956,1.9999999999999956,partial_tp_floor,
3688,overheated_24h,FLOKIUSDT,LONG,tp,1.9999999999999956,tp,6.0,True,1787337000,2.76175e-05,tp_branch,1,[],1787337300,2.76175e-05,1.9999999999999956,1.9999999999999956,partial_tp_floor,
3688,overheated_24h,FLOKIUSDT,LONG,tp,1.9999999999999956,tp,8.0,True,1787337000,2.76175e-05,tp_branch,1,[],1787337300,2.76175e-05,1.9999999999999956,1.9999999999999956,partial_tp_floor,
3688,overheated_24h,FLOKIUSDT,LONG,tp,1.9999999999999956,tp,10.0,True,1787337000,2.76175e-05,tp_branch,1,[],1787337300,2.76175e-05,1.9999999999999956,1.9999999999999956,partial_tp_floor,
3693,overheated_24h,KMNOUSDT,LONG,sl,-1.0,sl,2.0,False,,,not_activated,0,[],,,,-1.0,baseline_sl,
3693,overheated_24h,KMNOUSDT,LONG,sl,-1.0,sl,3.0,False,,,not_activated,0,[],,,,-1.0,baseline_sl,
3693,overheated_24h,KMNOUSDT,LONG,sl,-1.0,sl,4.0,False,,,not_activated,0,[],,,,-1.0,baseline_sl,
3693,overheated_24h,KMNOUSDT,LONG,sl,-1.0,sl,5.0,False,,,not_activated,0,[],,,,-1.0,baseline_sl,
3693,overheated_24h,KMNOUSDT,LONG,sl,-1.0,sl,6.0,False,,,not_activated,0,[],,,,-1.0,baseline_sl,
3693,overheated_24h,KMNOUSDT,LONG,sl,-1.0,sl,8.0,False,,,not_activated,0,[],,,,-1.0,baseline_sl,
3693,overheated_24h,KMNOUSDT,LONG,sl,-1.0,sl,10.0,False,,,not_activated,0,[],,,,-1.0,baseline_sl,
3694,overheated_24h,REDUSDT,LONG,sl,-1.0,sl,2.0,False,,,not_activated,0,[],,,,-1.0,baseline_sl,
3694,overheated_24h,REDUSDT,LONG,sl,-1.0,sl,3.0,False,,,not_activated,0,[],,,,-1.0,baseline_sl,
3694,overheated_24h,REDUSDT,LONG,sl,-1.0,sl,4.0,False,,,not_activated,0,[],,,,-1.0,baseline_sl,
3694,overheated_24h,REDUSDT,LONG,sl,-1.0,sl,5.0,False,,,not_activated,0,[],,,,-1.0,baseline_sl,
3694,overheated_24h,REDUSDT,LONG,sl,-1.0,sl,6.0,False,,,not_activated,0,[],,,,-1.0,baseline_sl,
3694,overheated_24h,REDUSDT,LONG,sl,-1.0,sl,8.0,False,,,not_activated,0,[],,,,-1.0,baseline_sl,
3694,overheated_24h,REDUSDT,LONG,sl,-1.0,sl,10.0,False,,,not_activated,0,[],,,,-1.0,baseline_sl,
3695,overheated_24h,MINAUSDT,LONG,tp,2.0,tp,2.0,True,1787352300,0.056952857142857145,tp_branch,1,[],1787352600,0.056952857142857145,2.0,2.0,partial_tp_floor,
3695,overheated_24h,MINAUSDT,LONG,tp,2.0,tp,3.0,True,1787352300,0.056952857142857145,tp_branch,1,[],1787352600,0.056952857142857145,2.0,2.0,partial_tp_floor,
3695,overheated_24h,MINAUSDT,LONG,tp,2.0,tp,4.0,True,1787352300,0.056952857142857145,tp_branch,1,[],1787352600,0.056952857142857145,2.0,2.0,partial_tp_floor,
3695,overheated_24h,MINAUSDT,LONG,tp,2.0,tp,5.0,True,1787352300,0.056952857142857145,tp_branch,1,[],1787352600,0.056952857142857145,2.0,2.0,partial_tp_floor,
3695,overheated_24h,MINAUSDT,LONG,tp,2.0,tp,6.0,True,1787352300,0.056952857142857145,tp_branch,1,[],1787352600,0.056952857142857145,2.0,2.0,partial_tp_floor,
3695,overheated_24h,MINAUSDT,LONG,tp,2.0,tp,8.0,True,1787352300,0.056952857142857145,tp_branch,1,[],1787352600,0.056952857142857145,2.0,2.0,partial_tp_floor,
3695,overheated_24h,MINAUSDT,LONG,tp,2.0,tp,10.0,True,1787352300,0.056952857142857145,tp_branch,1,[],1787352600,0.056952857142857145,2.0,2.0,partial_tp_floor,
3696,overheated_24h,MELANIAUSDT,LONG,tp,2.0,tp,2.0,True,1787365200,0.09726107142857143,tp_branch,1,[],1787365500,0.09726107142857143,2.0,2.0,partial_tp_floor,
3696,overheated_24h,MELANIAUSDT,LONG,tp,2.0,tp,3.0,True,1787365200,0.09726107142857143,tp_branch,1,[],1787365500,0.09726107142857143,2.0,2.0,partial_tp_floor,
3696,overheated_24h,MELANIAUSDT,LONG,tp,2.0,tp,4.0,True,1787365200,0.09726107142857143,tp_branch,1,[],1787365500,0.09726107142857143,2.0,2.0,partial_tp_floor,
3696,overheated_24h,MELANIAUSDT,LONG,tp,2.0,tp,5.0,True,1787365200,0.09726107142857143,tp_branch,1,[],1787365500,0.09726107142857143,2.0,2.0,partial_tp_floor,
3696,overheated_24h,MELANIAUSDT,LONG,tp,2.0,tp,6.0,True,1787365200,0.09726107142857143,tp_branch,1,[],1787365500,0.09726107142857143,2.0,2.0,partial_tp_floor,
3696,overheated_24h,MELANIAUSDT,LONG,tp,2.0,tp,8.0,True,1787365200,0.09726107142857143,tp_branch,1,[],1787365500,0.09726107142857143,2.0,2.0,partial_tp_floor,
3696,overheated_24h,MELANIAUSDT,LONG,tp,2.0,tp,10.0,True,1787365200,0.09726107142857143,tp_branch,1,[],1787365500,0.09726107142857143,2.0,2.0,partial_tp_floor,
3697,overheated_24h,BCHUSDT,LONG,sl,-1.0,sl,2.0,False,,,not_activated,0,[],,,,-1.0,baseline_sl,
3697,overheated_24h,BCHUSDT,LONG,sl,-1.0,sl,3.0,False,,,not_activated,0,[],,,,-1.0,baseline_sl,
3697,overheated_24h,BCHUSDT,LONG,sl,-1.0,sl,4.0,False,,,not_activated,0,[],,,,-1.0,baseline_sl,
3697,overheated_24h,BCHUSDT,LONG,sl,-1.0,sl,5.0,False,,,not_activated,0,[],,,,-1.0,baseline_sl,
3697,overheated_24h,BCHUSDT,LONG,sl,-1.0,sl,6.0,False,,,not_activated,0,[],,,,-1.0,baseline_sl,
3697,overheated_24h,BCHUSDT,LONG,sl,-1.0,sl,8.0,False,,,not_activated,0,[],,,,-1.0,baseline_sl,
3697,overheated_24h,BCHUSDT,LONG,sl,-1.0,sl,10.0,False,,,not_activated,0,[],,,,-1.0,baseline_sl,
3700,overheated_24h,GALAUSDT,LONG,sl,-1.0,sl,2.0,False,,,not_activated,0,[],,,,-1.0,baseline_sl,
3700,overheated_24h,GALAUSDT,LONG,sl,-1.0,sl,3.0,False,,,not_activated,0,[],,,,-1.0,baseline_sl,
3700,overheated_24h,GALAUSDT,LONG,sl,-1.0,sl,4.0,False,,,not_activated,0,[],,,,-1.0,baseline_sl,
3700,overheated_24h,GALAUSDT,LONG,sl,-1.0,sl,5.0,False,,,not_activated,0,[],,,,-1.0,baseline_sl,
3700,overheated_24h,GALAUSDT,LONG,sl,-1.0,sl,6.0,False,,,not_activated,0,[],,,,-1.0,baseline_sl,
3700,overheated_24h,GALAUSDT,LONG,sl,-1.0,sl,8.0,False,,,not_activated,0,[],,,,-1.0,baseline_sl,
3700,overheated_24h,GALAUSDT,LONG,sl,-1.0,sl,10.0,False,,,not_activated,0,[],,,,-1.0,baseline_sl,
3701,overheated_24h,LITUSDT,LONG,sl,-1.0,sl,2.0,False,,,not_activated,0,[],,,,-1.0,baseline_sl,
3701,overheated_24h,LITUSDT,LONG,sl,-1.0,sl,3.0,False,,,not_activated,0,[],,,,-1.0,baseline_sl,
3701,overheated_24h,LITUSDT,LONG,sl,-1.0,sl,4.0,False,,,not_activated,0,[],,,,-1.0,baseline_sl,
3701,overheated_24h,LITUSDT,LONG,sl,-1.0,sl,5.0,False,,,not_activated,0,[],,,,-1.0,baseline_sl,
3701,overheated_24h,LITUSDT,LONG,sl,-1.0,sl,6.0,False,,,not_activated,0,[],,,,-1.0,baseline_sl,
3701,overheated_24h,LITUSDT,LONG,sl,-1.0,sl,8.0,False,,,not_activated,0,[],,,,-1.0,baseline_sl,
3701,overheated_24h,LITUSDT,LONG,sl,-1.0,sl,10.0,False,,,not_activated,0,[],,,,-1.0,baseline_sl,
3703,overheated_24h,ROBOUSDT,LONG,sl,-1.0,sl,2.0,False,,,not_activated,0,[],,,,-1.0,baseline_sl,
3703,overheated_24h,ROBOUSDT,LONG,sl,-1.0,sl,3.0,False,,,not_activated,0,[],,,,-1.0,baseline_sl,
3703,overheated_24h,ROBOUSDT,LONG,sl,-1.0,sl,4.0,False,,,not_activated,0,[],,,,-1.0,baseline_sl,
3703,overheated_24h,ROBOUSDT,LONG,sl,-1.0,sl,5.0,False,,,not_activated,0,[],,,,-1.0,baseline_sl,
3703,overheated_24h,ROBOUSDT,LONG,sl,-1.0,sl,6.0,False,,,not_activated,0,[],,,,-1.0,baseline_sl,
3703,overheated_24h,ROBOUSDT,LONG,sl,-1.0,sl,8.0,False,,,not_activated,0,[],,,,-1.0,baseline_sl,
3703,overheated_24h,ROBOUSDT,LONG,sl,-1.0,sl,10.0,False,,,not_activated,0,[],,,,-1.0,baseline_sl,
3706,overheated_24h,THETAUSDT,LONG,sl,-1.0,sl,2.0,False,,,not_activated,0,[],,,,-1.0,baseline_sl,
3706,overheated_24h,THETAUSDT,LONG,sl,-1.0,sl,3.0,False,,,not_activated,0,[],,,,-1.0,baseline_sl,
3706,overheated_24h,THETAUSDT,LONG,sl,-1.0,sl,4.0,False,,,not_activated,0,[],,,,-1.0,baseline_sl,
3706,overheated_24h,THETAUSDT,LONG,sl,-1.0,sl,5.0,False,,,not_activated,0,[],,,,-1.0,baseline_sl,
3706,overheated_24h,THETAUSDT,LONG,sl,-1.0,sl,6.0,False,,,not_activated,0,[],,,,-1.0,baseline_sl,
3706,overheated_24h,THETAUSDT,LONG,sl,-1.0,sl,8.0,False,,,not_activated,0,[],,,,-1.0,baseline_sl,
3706,overheated_24h,THETAUSDT,LONG,sl,-1.0,sl,10.0,False,,,not_activated,0,[],,,,-1.0,baseline_sl,
3707,overheated_24h,USUSDT,LONG,sl,-1.0,sl,2.0,False,,,not_activated,0,[],,,,-1.0,baseline_sl,
3707,overheated_24h,USUSDT,LONG,sl,-1.0,sl,3.0,False,,,not_activated,0,[],,,,-1.0,baseline_sl,
3707,overheated_24h,USUSDT,LONG,sl,-1.0,sl,4.0,False,,,not_activated,0,[],,,,-1.0,baseline_sl,
3707,overheated_24h,USUSDT,LONG,sl,-1.0,sl,5.0,False,,,not_activated,0,[],,,,-1.0,baseline_sl,
3707,overheated_24h,USUSDT,LONG,sl,-1.0,sl,6.0,False,,,not_activated,0,[],,,,-1.0,baseline_sl,
3707,overheated_24h,USUSDT,LONG,sl,-1.0,sl,8.0,False,,,not_activated,0,[],,,,-1.0,baseline_sl,
3707,overheated_24h,USUSDT,LONG,sl,-1.0,sl,10.0,False,,,not_activated,0,[],,,,-1.0,baseline_sl,
3708,overheated_24h,ENSUSDT,LONG,tp,2.0,tp,2.0,True,1787348400,5.729928571428571,tp_branch,1,[],1787348700,5.729928571428571,2.0,2.0,partial_tp_floor,
3708,overheated_24h,ENSUSDT,LONG,tp,2.0,tp,3.0,True,1787348400,5.729928571428571,tp_branch,1,[],1787348700,5.729928571428571,2.0,2.0,partial_tp_floor,
3708,overheated_24h,ENSUSDT,LONG,tp,2.0,tp,4.0,True,1787348400,5.729928571428571,tp_branch,1,[],1787348700,5.729928571428571,2.0,2.0,partial_tp_floor,
3708,overheated_24h,ENSUSDT,LONG,tp,2.0,tp,5.0,True,1787348400,5.729928571428571,tp_branch,1,[],1787348700,5.729928571428571,2.0,2.0,partial_tp_floor,
3708,overheated_24h,ENSUSDT,LONG,tp,2.0,tp,6.0,True,1787348400,5.729928571428571,tp_branch,1,[],1787348700,5.729928571428571,2.0,2.0,partial_tp_floor,
3708,overheated_24h,ENSUSDT,LONG,tp,2.0,tp,8.0,True,1787348400,5.729928571428571,tp_branch,1,[],1787348700,5.729928571428571,2.0,2.0,partial_tp_floor,
3708,overheated_24h,ENSUSDT,LONG,tp,2.0,tp,10.0,True,1787348400,5.729928571428571,tp_branch,1,[],1787348700,5.729928571428571,2.0,2.0,partial_tp_floor,
3710,overheated_24h,ACTUSDT,LONG,sl,-1.0,sl,2.0,False,,,not_activated,0,[],,,,-1.0,baseline_sl,
3710,overheated_24h,ACTUSDT,LONG,sl,-1.0,sl,3.0,False,,,not_activated,0,[],,,,-1.0,baseline_sl,
3710,overheated_24h,ACTUSDT,LONG,sl,-1.0,sl,4.0,False,,,not_activated,0,[],,,,-1.0,baseline_sl,
3710,overheated_24h,ACTUSDT,LONG,sl,-1.0,sl,5.0,False,,,not_activated,0,[],,,,-1.0,baseline_sl,
3710,overheated_24h,ACTUSDT,LONG,sl,-1.0,sl,6.0,False,,,not_activated,0,[],,,,-1.0,baseline_sl,
3710,overheated_24h,ACTUSDT,LONG,sl,-1.0,sl,8.0,False,,,not_activated,0,[],,,,-1.0,baseline_sl,
3710,overheated_24h,ACTUSDT,LONG,sl,-1.0,sl,10.0,False,,,not_activated,0,[],,,,-1.0,baseline_sl,
3713,overheated_24h,MAGMAUSDT,LONG,tp,2.0,tp,2.0,True,1787355900,0.3343267857142857,tp_branch,1,[],1787356200,0.3343267857142857,2.0,2.0,partial_tp_floor,
3713,overheated_24h,MAGMAUSDT,LONG,tp,2.0,tp,3.0,True,1787355900,0.3343267857142857,tp_branch,1,[],1787356200,0.3343267857142857,2.0,2.0,partial_tp_floor,
3713,overheated_24h,MAGMAUSDT,LONG,tp,2.0,tp,4.0,True,1787355900,0.3343267857142857,tp_branch,1,[],1787356200,0.3343267857142857,2.0,2.0,partial_tp_floor,
3713,overheated_24h,MAGMAUSDT,LONG,tp,2.0,tp,5.0,True,1787355900,0.3343267857142857,tp_branch,1,[],1787356200,0.3343267857142857,2.0,2.0,partial_tp_floor,
3713,overheated_24h,MAGMAUSDT,LONG,tp,2.0,tp,6.0,True,1787355900,0.3343267857142857,tp_branch,1,[],1787356200,0.3343267857142857,2.0,2.0,partial_tp_floor,
3713,overheated_24h,MAGMAUSDT,LONG,tp,2.0,tp,8.0,True,1787355900,0.3343267857142857,tp_branch,1,[],1787356200,0.3343267857142857,2.0,2.0,partial_tp_floor,
3713,overheated_24h,MAGMAUSDT,LONG,tp,2.0,tp,10.0,True,1787355900,0.3343267857142857,tp_branch,1,[],1787356200,0.3343267857142857,2.0,2.0,partial_tp_floor,
3716,overheated_24h,STXUSDT,LONG,tp,2.0,tp,2.0,True,1787349900,0.18779642857142856,tp_branch,1,[],1787350200,0.18779642857142856,2.0,2.0,partial_tp_floor,
3716,overheated_24h,STXUSDT,LONG,tp,2.0,tp,3.0,True,1787349900,0.18779642857142856,tp_branch,1,[],1787350200,0.18779642857142856,2.0,2.0,partial_tp_floor,
3716,overheated_24h,STXUSDT,LONG,tp,2.0,tp,4.0,True,1787349900,0.18779642857142856,tp_branch,1,[],1787350200,0.18779642857142856,2.0,2.0,partial_tp_floor,
3716,overheated_24h,STXUSDT,LONG,tp,2.0,tp,5.0,True,1787349900,0.18779642857142856,tp_branch,1,[],1787350200,0.18779642857142856,2.0,2.0,partial_tp_floor,
3716,overheated_24h,STXUSDT,LONG,tp,2.0,tp,6.0,True,1787349900,0.18779642857142856,tp_branch,1,[],1787350200,0.18779642857142856,2.0,2.0,partial_tp_floor,
3716,overheated_24h,STXUSDT,LONG,tp,2.0,tp,8.0,True,1787349900,0.18779642857142856,tp_branch,1,[],1787350200,0.18779642857142856,2.0,2.0,partial_tp_floor,
3716,overheated_24h,STXUSDT,LONG,tp,2.0,tp,10.0,True,1787349900,0.18779642857142856,tp_branch,1,[],1787350200,0.18779642857142856,2.0,2.0,partial_tp_floor,
3717,overheated_24h,ZORAUSDT,LONG,sl,-1.0,sl,2.0,False,,,not_activated,0,[],,,,-1.0,baseline_sl,
3717,overheated_24h,ZORAUSDT,LONG,sl,-1.0,sl,3.0,False,,,not_activated,0,[],,,,-1.0,baseline_sl,
3717,overheated_24h,ZORAUSDT,LONG,sl,-1.0,sl,4.0,False,,,not_activated,0,[],,,,-1.0,baseline_sl,
3717,overheated_24h,ZORAUSDT,LONG,sl,-1.0,sl,5.0,False,,,not_activated,0,[],,,,-1.0,baseline_sl,
3717,overheated_24h,ZORAUSDT,LONG,sl,-1.0,sl,6.0,False,,,not_activated,0,[],,,,-1.0,baseline_sl,
3717,overheated_24h,ZORAUSDT,LONG,sl,-1.0,sl,8.0,False,,,not_activated,0,[],,,,-1.0,baseline_sl,
3717,overheated_24h,ZORAUSDT,LONG,sl,-1.0,sl,10.0,False,,,not_activated,0,[],,,,-1.0,baseline_sl,
3725,overheated_24h,KMNOUSDT,LONG,sl,-1.0,sl,2.0,False,,,not_activated,0,[],,,,-1.0,baseline_sl,
3725,overheated_24h,KMNOUSDT,LONG,sl,-1.0,sl,3.0,False,,,not_activated,0,[],,,,-1.0,baseline_sl,
3725,overheated_24h,KMNOUSDT,LONG,sl,-1.0,sl,4.0,False,,,not_activated,0,[],,,,-1.0,baseline_sl,
3725,overheated_24h,KMNOUSDT,LONG,sl,-1.0,sl,5.0,False,,,not_activated,0,[],,,,-1.0,baseline_sl,
3725,overheated_24h,KMNOUSDT,LONG,sl,-1.0,sl,6.0,False,,,not_activated,0,[],,,,-1.0,baseline_sl,
3725,overheated_24h,KMNOUSDT,LONG,sl,-1.0,sl,8.0,False,,,not_activated,0,[],,,,-1.0,baseline_sl,
3725,overheated_24h,KMNOUSDT,LONG,sl,-1.0,sl,10.0,False,,,not_activated,0,[],,,,-1.0,baseline_sl,
3727,overheated_24h,COTIUSDT,LONG,tp,2.0000000000000036,tp,2.0,True,1787343000,0.013002142857142858,tp_branch,1,[],1787343300,0.013002142857142858,2.0000000000000036,2.0000000000000036,partial_tp_floor,
3727,overheated_24h,COTIUSDT,LONG,tp,2.0000000000000036,tp,3.0,True,1787343000,0.013002142857142858,tp_branch,1,[],1787343300,0.013002142857142858,2.0000000000000036,2.0000000000000036,partial_tp_floor,
3727,overheated_24h,COTIUSDT,LONG,tp,2.0000000000000036,tp,4.0,True,1787343000,0.013002142857142858,tp_branch,1,[],1787343300,0.013002142857142858,2.0000000000000036,2.0000000000000036,partial_tp_floor,
3727,overheated_24h,COTIUSDT,LONG,tp,2.0000000000000036,tp,5.0,True,1787343000,0.013002142857142858,tp_branch,1,[],1787343300,0.013002142857142858,2.0000000000000036,2.0000000000000036,partial_tp_floor,
3727,overheated_24h,COTIUSDT,LONG,tp,2.0000000000000036,tp,6.0,True,1787343000,0.013002142857142858,tp_branch,1,[],1787343300,0.013002142857142858,2.0000000000000036,2.0000000000000036,partial_tp_floor,
3727,overheated_24h,COTIUSDT,LONG,tp,2.0000000000000036,tp,8.0,True,1787343000,0.013002142857142858,tp_branch,1,[],1787343300,0.013002142857142858,2.0000000000000036,2.0000000000000036,partial_tp_floor,
3727,overheated_24h,COTIUSDT,LONG,tp,2.0000000000000036,tp,10.0,True,1787343000,0.013002142857142858,tp_branch,1,[],1787343300,0.013002142857142858,2.0000000000000036,2.0000000000000036,partial_tp_floor,
3731,overheated_24h,XCNUSDT,LONG,tp,1.9999999999999958,tp,2.0,True,1787349900,0.003935821428571428,tp_branch,1,[],1787350200,0.003935821428571428,1.9999999999999958,1.9999999999999958,partial_tp_floor,
3731,overheated_24h,XCNUSDT,LONG,tp,1.9999999999999958,tp,3.0,True,1787349900,0.003935821428571428,tp_branch,1,[],1787350200,0.003935821428571428,1.9999999999999958,1.9999999999999958,partial_tp_floor,
3731,overheated_24h,XCNUSDT,LONG,tp,1.9999999999999958,tp,4.0,True,1787349900,0.003935821428571428,tp_branch,1,[],1787350200,0.003935821428571428,1.9999999999999958,1.9999999999999958,partial_tp_floor,
3731,overheated_24h,XCNUSDT,LONG,tp,1.9999999999999958,tp,5.0,True,1787349900,0.003935821428571428,tp_branch,1,[],1787350200,0.003935821428571428,1.9999999999999958,1.9999999999999958,partial_tp_floor,
3731,overheated_24h,XCNUSDT,LONG,tp,1.9999999999999958,tp,6.0,True,1787349900,0.003935821428571428,tp_branch,1,[],1787350200,0.003935821428571428,1.9999999999999958,1.9999999999999958,partial_tp_floor,
3731,overheated_24h,XCNUSDT,LONG,tp,1.9999999999999958,tp,8.0,True,1787349900,0.003935821428571428,tp_branch,1,[],1787350200,0.003935821428571428,1.9999999999999958,1.9999999999999958,partial_tp_floor,
3731,overheated_24h,XCNUSDT,LONG,tp,1.9999999999999958,tp,10.0,True,1787349900,0.003935821428571428,tp_branch,1,[],1787350200,0.003935821428571428,1.9999999999999958,1.9999999999999958,partial_tp_floor,
3732,overheated_24h,YGGUSDT,LONG,sl,-1.0,sl,2.0,False,,,not_activated,0,[],,,,-1.0,baseline_sl,
3732,overheated_24h,YGGUSDT,LONG,sl,-1.0,sl,3.0,False,,,not_activated,0,[],,,,-1.0,baseline_sl,
3732,overheated_24h,YGGUSDT,LONG,sl,-1.0,sl,4.0,False,,,not_activated,0,[],,,,-1.0,baseline_sl,
3732,overheated_24h,YGGUSDT,LONG,sl,-1.0,sl,5.0,False,,,not_activated,0,[],,,,-1.0,baseline_sl,
3732,overheated_24h,YGGUSDT,LONG,sl,-1.0,sl,6.0,False,,,not_activated,0,[],,,,-1.0,baseline_sl,
3732,overheated_24h,YGGUSDT,LONG,sl,-1.0,sl,8.0,False,,,not_activated,0,[],,,,-1.0,baseline_sl,
3732,overheated_24h,YGGUSDT,LONG,sl,-1.0,sl,10.0,False,,,not_activated,0,[],,,,-1.0,baseline_sl,
3733,overheated_24h,BCHUSDT,LONG,sl,-1.0,sl,2.0,False,,,not_activated,0,[],,,,-1.0,baseline_sl,
3733,overheated_24h,BCHUSDT,LONG,sl,-1.0,sl,3.0,False,,,not_activated,0,[],,,,-1.0,baseline_sl,
3733,overheated_24h,BCHUSDT,LONG,sl,-1.0,sl,4.0,False,,,not_activated,0,[],,,,-1.0,baseline_sl,
3733,overheated_24h,BCHUSDT,LONG,sl,-1.0,sl,5.0,False,,,not_activated,0,[],,,,-1.0,baseline_sl,
3733,overheated_24h,BCHUSDT,LONG,sl,-1.0,sl,6.0,False,,,not_activated,0,[],,,,-1.0,baseline_sl,
3733,overheated_24h,BCHUSDT,LONG,sl,-1.0,sl,8.0,False,,,not_activated,0,[],,,,-1.0,baseline_sl,
3733,overheated_24h,BCHUSDT,LONG,sl,-1.0,sl,10.0,False,,,not_activated,0,[],,,,-1.0,baseline_sl,
3734,overheated_24h,PROMUSDT,LONG,tp,1.9999999999999978,tp,2.0,True,1787490000,3.0750714285714285,tp_branch,1,[],1787490300,3.0750714285714285,1.9999999999999978,1.9999999999999978,partial_tp_floor,
3734,overheated_24h,PROMUSDT,LONG,tp,1.9999999999999978,tp,3.0,True,1787490000,3.0750714285714285,tp_branch,1,[],1787490300,3.0750714285714285,1.9999999999999978,1.9999999999999978,partial_tp_floor,
3734,overheated_24h,PROMUSDT,LONG,tp,1.9999999999999978,tp,4.0,True,1787490000,3.0750714285714285,tp_branch,1,[],1787490300,3.0750714285714285,1.9999999999999978,1.9999999999999978,partial_tp_floor,
3734,overheated_24h,PROMUSDT,LONG,tp,1.9999999999999978,tp,5.0,True,1787490000,3.0750714285714285,tp_branch,1,[],1787490300,3.0750714285714285,1.9999999999999978,1.9999999999999978,partial_tp_floor,
3734,overheated_24h,PROMUSDT,LONG,tp,1.9999999999999978,tp,6.0,True,1787490000,3.0750714285714285,tp_branch,1,[],1787490300,3.0750714285714285,1.9999999999999978,1.9999999999999978,partial_tp_floor,
3734,overheated_24h,PROMUSDT,LONG,tp,1.9999999999999978,tp,8.0,True,1787490000,3.0750714285714285,tp_branch,1,[],1787490300,3.0750714285714285,1.9999999999999978,1.9999999999999978,partial_tp_floor,
3734,overheated_24h,PROMUSDT,LONG,tp,1.9999999999999978,tp,10.0,True,1787490000,3.0750714285714285,tp_branch,1,[],1787490300,3.0750714285714285,1.9999999999999978,1.9999999999999978,partial_tp_floor,
3735,overheated_24h,PEPEUSDT,LONG,sl,-1.0,sl,2.0,False,,,not_activated,0,[],,,,-1.0,baseline_sl,
3735,overheated_24h,PEPEUSDT,LONG,sl,-1.0,sl,3.0,False,,,not_activated,0,[],,,,-1.0,baseline_sl,
3735,overheated_24h,PEPEUSDT,LONG,sl,-1.0,sl,4.0,False,,,not_activated,0,[],,,,-1.0,baseline_sl,
3735,overheated_24h,PEPEUSDT,LONG,sl,-1.0,sl,5.0,False,,,not_activated,0,[],,,,-1.0,baseline_sl,
3735,overheated_24h,PEPEUSDT,LONG,sl,-1.0,sl,6.0,False,,,not_activated,0,[],,,,-1.0,baseline_sl,
3735,overheated_24h,PEPEUSDT,LONG,sl,-1.0,sl,8.0,False,,,not_activated,0,[],,,,-1.0,baseline_sl,
3735,overheated_24h,PEPEUSDT,LONG,sl,-1.0,sl,10.0,False,,,not_activated,0,[],,,,-1.0,baseline_sl,
3736,overheated_24h,KAIAUSDT,LONG,sl,-1.0,sl,2.0,False,,,not_activated,0,[],,,,-1.0,baseline_sl,
3736,overheated_24h,KAIAUSDT,LONG,sl,-1.0,sl,3.0,False,,,not_activated,0,[],,,,-1.0,baseline_sl,
3736,overheated_24h,KAIAUSDT,LONG,sl,-1.0,sl,4.0,False,,,not_activated,0,[],,,,-1.0,baseline_sl,
3736,overheated_24h,KAIAUSDT,LONG,sl,-1.0,sl,5.0,False,,,not_activated,0,[],,,,-1.0,baseline_sl,
3736,overheated_24h,KAIAUSDT,LONG,sl,-1.0,sl,6.0,False,,,not_activated,0,[],,,,-1.0,baseline_sl,
3736,overheated_24h,KAIAUSDT,LONG,sl,-1.0,sl,8.0,False,,,not_activated,0,[],,,,-1.0,baseline_sl,
3736,overheated_24h,KAIAUSDT,LONG,sl,-1.0,sl,10.0,False,,,not_activated,0,[],,,,-1.0,baseline_sl,
3738,overheated_24h,TIAUSDT,LONG,sl,-1.0,sl,2.0,False,,,not_activated,0,[],,,,-1.0,baseline_sl,
3738,overheated_24h,TIAUSDT,LONG,sl,-1.0,sl,3.0,False,,,not_activated,0,[],,,,-1.0,baseline_sl,
3738,overheated_24h,TIAUSDT,LONG,sl,-1.0,sl,4.0,False,,,not_activated,0,[],,,,-1.0,baseline_sl,
3738,overheated_24h,TIAUSDT,LONG,sl,-1.0,sl,5.0,False,,,not_activated,0,[],,,,-1.0,baseline_sl,
3738,overheated_24h,TIAUSDT,LONG,sl,-1.0,sl,6.0,False,,,not_activated,0,[],,,,-1.0,baseline_sl,
3738,overheated_24h,TIAUSDT,LONG,sl,-1.0,sl,8.0,False,,,not_activated,0,[],,,,-1.0,baseline_sl,
3738,overheated_24h,TIAUSDT,LONG,sl,-1.0,sl,10.0,False,,,not_activated,0,[],,,,-1.0,baseline_sl,
3740,overheated_24h,ENSUSDT,LONG,sl,-1.0,sl,2.0,False,,,not_activated,0,[],,,,-1.0,baseline_sl,
3740,overheated_24h,ENSUSDT,LONG,sl,-1.0,sl,3.0,False,,,not_activated,0,[],,,,-1.0,baseline_sl,
3740,overheated_24h,ENSUSDT,LONG,sl,-1.0,sl,4.0,False,,,not_activated,0,[],,,,-1.0,baseline_sl,
3740,overheated_24h,ENSUSDT,LONG,sl,-1.0,sl,5.0,False,,,not_activated,0,[],,,,-1.0,baseline_sl,
3740,overheated_24h,ENSUSDT,LONG,sl,-1.0,sl,6.0,False,,,not_activated,0,[],,,,-1.0,baseline_sl,
3740,overheated_24h,ENSUSDT,LONG,sl,-1.0,sl,8.0,False,,,not_activated,0,[],,,,-1.0,baseline_sl,
3740,overheated_24h,ENSUSDT,LONG,sl,-1.0,sl,10.0,False,,,not_activated,0,[],,,,-1.0,baseline_sl,
3742,overheated_24h,SUSDT,LONG,sl,-1.0,sl,2.0,False,,,not_activated,0,[],,,,-1.0,baseline_sl,
3742,overheated_24h,SUSDT,LONG,sl,-1.0,sl,3.0,False,,,not_activated,0,[],,,,-1.0,baseline_sl,
3742,overheated_24h,SUSDT,LONG,sl,-1.0,sl,4.0,False,,,not_activated,0,[],,,,-1.0,baseline_sl,
3742,overheated_24h,SUSDT,LONG,sl,-1.0,sl,5.0,False,,,not_activated,0,[],,,,-1.0,baseline_sl,
3742,overheated_24h,SUSDT,LONG,sl,-1.0,sl,6.0,False,,,not_activated,0,[],,,,-1.0,baseline_sl,
3742,overheated_24h,SUSDT,LONG,sl,-1.0,sl,8.0,False,,,not_activated,0,[],,,,-1.0,baseline_sl,
3742,overheated_24h,SUSDT,LONG,sl,-1.0,sl,10.0,False,,,not_activated,0,[],,,,-1.0,baseline_sl,
3745,overheated_24h,SLPUSDT,LONG,sl,-1.0,sl,2.0,False,,,not_activated,0,[],,,,-1.0,baseline_sl,
3745,overheated_24h,SLPUSDT,LONG,sl,-1.0,sl,3.0,False,,,not_activated,0,[],,,,-1.0,baseline_sl,
3745,overheated_24h,SLPUSDT,LONG,sl,-1.0,sl,4.0,False,,,not_activated,0,[],,,,-1.0,baseline_sl,
3745,overheated_24h,SLPUSDT,LONG,sl,-1.0,sl,5.0,False,,,not_activated,0,[],,,,-1.0,baseline_sl,
3745,overheated_24h,SLPUSDT,LONG,sl,-1.0,sl,6.0,False,,,not_activated,0,[],,,,-1.0,baseline_sl,
3745,overheated_24h,SLPUSDT,LONG,sl,-1.0,sl,8.0,False,,,not_activated,0,[],,,,-1.0,baseline_sl,
3745,overheated_24h,SLPUSDT,LONG,sl,-1.0,sl,10.0,False,,,not_activated,0,[],,,,-1.0,baseline_sl,
3748,overheated_24h,STXUSDT,LONG,tp,1.999999999999996,tp,2.0,True,1787367000,0.2057857142857143,tp_branch,1,[],1787367300,0.2057857142857143,1.999999999999996,1.999999999999996,partial_tp_floor,
3748,overheated_24h,STXUSDT,LONG,tp,1.999999999999996,tp,3.0,True,1787367000,0.2057857142857143,tp_branch,1,[],1787367300,0.2057857142857143,1.999999999999996,1.999999999999996,partial_tp_floor,
3748,overheated_24h,STXUSDT,LONG,tp,1.999999999999996,tp,4.0,True,1787367000,0.2057857142857143,tp_branch,1,[],1787367300,0.2057857142857143,1.999999999999996,1.999999999999996,partial_tp_floor,
3748,overheated_24h,STXUSDT,LONG,tp,1.999999999999996,tp,5.0,True,1787367000,0.2057857142857143,tp_branch,1,[],1787367300,0.2057857142857143,1.999999999999996,1.999999999999996,partial_tp_floor,
3748,overheated_24h,STXUSDT,LONG,tp,1.999999999999996,tp,6.0,True,1787367000,0.2057857142857143,tp_branch,1,[],1787367300,0.2057857142857143,1.999999999999996,1.999999999999996,partial_tp_floor,
3748,overheated_24h,STXUSDT,LONG,tp,1.999999999999996,tp,8.0,True,1787367000,0.2057857142857143,tp_branch,1,[],1787367300,0.2057857142857143,1.999999999999996,1.999999999999996,partial_tp_floor,
3748,overheated_24h,STXUSDT,LONG,tp,1.999999999999996,tp,10.0,True,1787367000,0.2057857142857143,tp_branch,1,[],1787367300,0.2057857142857143,1.999999999999996,1.999999999999996,partial_tp_floor,
3751,overheated_24h,XCNUSDT,LONG,sl,-1.0,sl,2.0,False,,,not_activated,0,[],,,,-1.0,baseline_sl,
3751,overheated_24h,XCNUSDT,LONG,sl,-1.0,sl,3.0,False,,,not_activated,0,[],,,,-1.0,baseline_sl,
3751,overheated_24h,XCNUSDT,LONG,sl,-1.0,sl,4.0,False,,,not_activated,0,[],,,,-1.0,baseline_sl,
3751,overheated_24h,XCNUSDT,LONG,sl,-1.0,sl,5.0,False,,,not_activated,0,[],,,,-1.0,baseline_sl,
3751,overheated_24h,XCNUSDT,LONG,sl,-1.0,sl,6.0,False,,,not_activated,0,[],,,,-1.0,baseline_sl,
3751,overheated_24h,XCNUSDT,LONG,sl,-1.0,sl,8.0,False,,,not_activated,0,[],,,,-1.0,baseline_sl,
3751,overheated_24h,XCNUSDT,LONG,sl,-1.0,sl,10.0,False,,,not_activated,0,[],,,,-1.0,baseline_sl,
3754,overheated_24h,FLOKIUSDT,LONG,sl,-1.0,sl,2.0,False,,,not_activated,0,[],,,,-1.0,baseline_sl,
3754,overheated_24h,FLOKIUSDT,LONG,sl,-1.0,sl,3.0,False,,,not_activated,0,[],,,,-1.0,baseline_sl,
3754,overheated_24h,FLOKIUSDT,LONG,sl,-1.0,sl,4.0,False,,,not_activated,0,[],,,,-1.0,baseline_sl,
3754,overheated_24h,FLOKIUSDT,LONG,sl,-1.0,sl,5.0,False,,,not_activated,0,[],,,,-1.0,baseline_sl,
3754,overheated_24h,FLOKIUSDT,LONG,sl,-1.0,sl,6.0,False,,,not_activated,0,[],,,,-1.0,baseline_sl,
3754,overheated_24h,FLOKIUSDT,LONG,sl,-1.0,sl,8.0,False,,,not_activated,0,[],,,,-1.0,baseline_sl,
3754,overheated_24h,FLOKIUSDT,LONG,sl,-1.0,sl,10.0,False,,,not_activated,0,[],,,,-1.0,baseline_sl,
3755,overheated_24h,DASHUSDT,LONG,tp,2.0000000000000058,tp,2.0,True,1787364000,42.03642857142857,tp_branch,1,[],1787364300,42.03642857142857,2.0000000000000058,2.0000000000000058,partial_tp_floor,
3755,overheated_24h,DASHUSDT,LONG,tp,2.0000000000000058,tp,3.0,True,1787364000,42.03642857142857,tp_branch,1,[],1787364300,42.03642857142857,2.0000000000000058,2.0000000000000058,partial_tp_floor,
3755,overheated_24h,DASHUSDT,LONG,tp,2.0000000000000058,tp,4.0,True,1787364000,42.03642857142857,tp_branch,1,[],1787364300,42.03642857142857,2.0000000000000058,2.0000000000000058,partial_tp_floor,
3755,overheated_24h,DASHUSDT,LONG,tp,2.0000000000000058,tp,5.0,True,1787364000,42.03642857142857,tp_branch,1,[],1787364300,42.03642857142857,2.0000000000000058,2.0000000000000058,partial_tp_floor,
3755,overheated_24h,DASHUSDT,LONG,tp,2.0000000000000058,tp,6.0,True,1787364000,42.03642857142857,tp_branch,1,[],1787364300,42.03642857142857,2.0000000000000058,2.0000000000000058,partial_tp_floor,
3755,overheated_24h,DASHUSDT,LONG,tp,2.0000000000000058,tp,8.0,True,1787364000,42.03642857142857,tp_branch,1,[],1787364300,42.03642857142857,2.0000000000000058,2.0000000000000058,partial_tp_floor,
3755,overheated_24h,DASHUSDT,LONG,tp,2.0000000000000058,tp,10.0,True,1787364000,42.03642857142857,tp_branch,1,[],1787364300,42.03642857142857,2.0000000000000058,2.0000000000000058,partial_tp_floor,
3757,overheated_24h,MEWUSDT,LONG,sl,-1.0,sl,2.0,False,,,not_activated,0,[],,,,-1.0,baseline_sl,
3757,overheated_24h,MEWUSDT,LONG,sl,-1.0,sl,3.0,False,,,not_activated,0,[],,,,-1.0,baseline_sl,
3757,overheated_24h,MEWUSDT,LONG,sl,-1.0,sl,4.0,False,,,not_activated,0,[],,,,-1.0,baseline_sl,
3757,overheated_24h,MEWUSDT,LONG,sl,-1.0,sl,5.0,False,,,not_activated,0,[],,,,-1.0,baseline_sl,
3757,overheated_24h,MEWUSDT,LONG,sl,-1.0,sl,6.0,False,,,not_activated,0,[],,,,-1.0,baseline_sl,
3757,overheated_24h,MEWUSDT,LONG,sl,-1.0,sl,8.0,False,,,not_activated,0,[],,,,-1.0,baseline_sl,
3757,overheated_24h,MEWUSDT,LONG,sl,-1.0,sl,10.0,False,,,not_activated,0,[],,,,-1.0,baseline_sl,
3758,overheated_24h,ETCUSDT,LONG,sl,-1.0,sl,2.0,False,,,not_activated,0,[],,,,-1.0,baseline_sl,
3758,overheated_24h,ETCUSDT,LONG,sl,-1.0,sl,3.0,False,,,not_activated,0,[],,,,-1.0,baseline_sl,
3758,overheated_24h,ETCUSDT,LONG,sl,-1.0,sl,4.0,False,,,not_activated,0,[],,,,-1.0,baseline_sl,
3758,overheated_24h,ETCUSDT,LONG,sl,-1.0,sl,5.0,False,,,not_activated,0,[],,,,-1.0,baseline_sl,
3758,overheated_24h,ETCUSDT,LONG,sl,-1.0,sl,6.0,False,,,not_activated,0,[],,,,-1.0,baseline_sl,
3758,overheated_24h,ETCUSDT,LONG,sl,-1.0,sl,8.0,False,,,not_activated,0,[],,,,-1.0,baseline_sl,
3758,overheated_24h,ETCUSDT,LONG,sl,-1.0,sl,10.0,False,,,not_activated,0,[],,,,-1.0,baseline_sl,
3759,overheated_24h,BEATUSDT,LONG,sl,-1.0,sl,2.0,False,,,not_activated,0,[],,,,-1.0,baseline_sl,
3759,overheated_24h,BEATUSDT,LONG,sl,-1.0,sl,3.0,False,,,not_activated,0,[],,,,-1.0,baseline_sl,
3759,overheated_24h,BEATUSDT,LONG,sl,-1.0,sl,4.0,False,,,not_activated,0,[],,,,-1.0,baseline_sl,
3759,overheated_24h,BEATUSDT,LONG,sl,-1.0,sl,5.0,False,,,not_activated,0,[],,,,-1.0,baseline_sl,
3759,overheated_24h,BEATUSDT,LONG,sl,-1.0,sl,6.0,False,,,not_activated,0,[],,,,-1.0,baseline_sl,
3759,overheated_24h,BEATUSDT,LONG,sl,-1.0,sl,8.0,False,,,not_activated,0,[],,,,-1.0,baseline_sl,
3759,overheated_24h,BEATUSDT,LONG,sl,-1.0,sl,10.0,False,,,not_activated,0,[],,,,-1.0,baseline_sl,
3760,overheated_24h,PENGUUSDT,LONG,sl,-1.0,sl,2.0,False,,,not_activated,0,[],,,,-1.0,baseline_sl,
3760,overheated_24h,PENGUUSDT,LONG,sl,-1.0,sl,3.0,False,,,not_activated,0,[],,,,-1.0,baseline_sl,
3760,overheated_24h,PENGUUSDT,LONG,sl,-1.0,sl,4.0,False,,,not_activated,0,[],,,,-1.0,baseline_sl,
3760,overheated_24h,PENGUUSDT,LONG,sl,-1.0,sl,5.0,False,,,not_activated,0,[],,,,-1.0,baseline_sl,
3760,overheated_24h,PENGUUSDT,LONG,sl,-1.0,sl,6.0,False,,,not_activated,0,[],,,,-1.0,baseline_sl,
3760,overheated_24h,PENGUUSDT,LONG,sl,-1.0,sl,8.0,False,,,not_activated,0,[],,,,-1.0,baseline_sl,
3760,overheated_24h,PENGUUSDT,LONG,sl,-1.0,sl,10.0,False,,,not_activated,0,[],,,,-1.0,baseline_sl,
3762,overheated_24h,WIFUSDT,LONG,sl,-1.0,sl,2.0,False,,,not_activated,0,[],,,,-1.0,baseline_sl,
3762,overheated_24h,WIFUSDT,LONG,sl,-1.0,sl,3.0,False,,,not_activated,0,[],,,,-1.0,baseline_sl,
3762,overheated_24h,WIFUSDT,LONG,sl,-1.0,sl,4.0,False,,,not_activated,0,[],,,,-1.0,baseline_sl,
3762,overheated_24h,WIFUSDT,LONG,sl,-1.0,sl,5.0,False,,,not_activated,0,[],,,,-1.0,baseline_sl,
3762,overheated_24h,WIFUSDT,LONG,sl,-1.0,sl,6.0,False,,,not_activated,0,[],,,,-1.0,baseline_sl,
3762,overheated_24h,WIFUSDT,LONG,sl,-1.0,sl,8.0,False,,,not_activated,0,[],,,,-1.0,baseline_sl,
3762,overheated_24h,WIFUSDT,LONG,sl,-1.0,sl,10.0,False,,,not_activated,0,[],,,,-1.0,baseline_sl,
3768,overheated_24h,ZECUSDT,LONG,tp,1.9999999999999964,tp,2.0,True,1787363700,803.1471428571429,tp_branch,1,[],1787364000,803.1471428571429,1.9999999999999964,1.9999999999999964,partial_tp_floor,
3768,overheated_24h,ZECUSDT,LONG,tp,1.9999999999999964,tp,3.0,True,1787363700,803.1471428571429,tp_branch,1,[],1787364000,803.1471428571429,1.9999999999999964,1.9999999999999964,partial_tp_floor,
3768,overheated_24h,ZECUSDT,LONG,tp,1.9999999999999964,tp,4.0,True,1787363700,803.1471428571429,tp_branch,1,[],1787364000,803.1471428571429,1.9999999999999964,1.9999999999999964,partial_tp_floor,
3768,overheated_24h,ZECUSDT,LONG,tp,1.9999999999999964,tp,5.0,True,1787363700,803.1471428571429,tp_branch,1,[],1787364000,803.1471428571429,1.9999999999999964,1.9999999999999964,partial_tp_floor,
3768,overheated_24h,ZECUSDT,LONG,tp,1.9999999999999964,tp,6.0,True,1787363700,803.1471428571429,tp_branch,1,[],1787364000,803.1471428571429,1.9999999999999964,1.9999999999999964,partial_tp_floor,
3768,overheated_24h,ZECUSDT,LONG,tp,1.9999999999999964,tp,8.0,True,1787363700,803.1471428571429,tp_branch,1,[],1787364000,803.1471428571429,1.9999999999999964,1.9999999999999964,partial_tp_floor,
3768,overheated_24h,ZECUSDT,LONG,tp,1.9999999999999964,tp,10.0,True,1787363700,803.1471428571429,tp_branch,1,[],1787364000,803.1471428571429,1.9999999999999964,1.9999999999999964,partial_tp_floor,
3770,overheated_24h,TRBUSDT,LONG,tp,1.999999999999994,tp,2.0,True,1787363700,19.194642857142856,tp_branch,1,[],1787364000,19.194642857142856,1.999999999999994,1.999999999999994,partial_tp_floor,
3770,overheated_24h,TRBUSDT,LONG,tp,1.999999999999994,tp,3.0,True,1787363700,19.194642857142856,tp_branch,1,[],1787364000,19.194642857142856,1.999999999999994,1.999999999999994,partial_tp_floor,
3770,overheated_24h,TRBUSDT,LONG,tp,1.999999999999994,tp,4.0,True,1787363700,19.194642857142856,tp_branch,1,[],1787364000,19.194642857142856,1.999999999999994,1.999999999999994,partial_tp_floor,
3770,overheated_24h,TRBUSDT,LONG,tp,1.999999999999994,tp,5.0,True,1787363700,19.194642857142856,tp_branch,1,[],1787364000,19.194642857142856,1.999999999999994,1.999999999999994,partial_tp_floor,
3770,overheated_24h,TRBUSDT,LONG,tp,1.999999999999994,tp,6.0,True,1787363700,19.194642857142856,tp_branch,1,[],1787364000,19.194642857142856,1.999999999999994,1.999999999999994,partial_tp_floor,
3770,overheated_24h,TRBUSDT,LONG,tp,1.999999999999994,tp,8.0,True,1787363700,19.194642857142856,tp_branch,1,[],1787364000,19.194642857142856,1.999999999999994,1.999999999999994,partial_tp_floor,
3770,overheated_24h,TRBUSDT,LONG,tp,1.999999999999994,tp,10.0,True,1787363700,19.194642857142856,tp_branch,1,[],1787364000,19.194642857142856,1.999999999999994,1.999999999999994,partial_tp_floor,
3772,overheated_24h,IOTAUSDT,LONG,sl,-1.0,sl,2.0,False,,,not_activated,0,[],,,,-1.0,baseline_sl,
3772,overheated_24h,IOTAUSDT,LONG,sl,-1.0,sl,3.0,False,,,not_activated,0,[],,,,-1.0,baseline_sl,
3772,overheated_24h,IOTAUSDT,LONG,sl,-1.0,sl,4.0,False,,,not_activated,0,[],,,,-1.0,baseline_sl,
3772,overheated_24h,IOTAUSDT,LONG,sl,-1.0,sl,5.0,False,,,not_activated,0,[],,,,-1.0,baseline_sl,
3772,overheated_24h,IOTAUSDT,LONG,sl,-1.0,sl,6.0,False,,,not_activated,0,[],,,,-1.0,baseline_sl,
3772,overheated_24h,IOTAUSDT,LONG,sl,-1.0,sl,8.0,False,,,not_activated,0,[],,,,-1.0,baseline_sl,
3772,overheated_24h,IOTAUSDT,LONG,sl,-1.0,sl,10.0,False,,,not_activated,0,[],,,,-1.0,baseline_sl,
3773,overheated_24h,SYRUPUSDT,LONG,sl,-1.0,sl,2.0,False,,,not_activated,0,[],,,,-1.0,baseline_sl,
3773,overheated_24h,SYRUPUSDT,LONG,sl,-1.0,sl,3.0,False,,,not_activated,0,[],,,,-1.0,baseline_sl,
3773,overheated_24h,SYRUPUSDT,LONG,sl,-1.0,sl,4.0,False,,,not_activated,0,[],,,,-1.0,baseline_sl,
3773,overheated_24h,SYRUPUSDT,LONG,sl,-1.0,sl,5.0,False,,,not_activated,0,[],,,,-1.0,baseline_sl,
3773,overheated_24h,SYRUPUSDT,LONG,sl,-1.0,sl,6.0,False,,,not_activated,0,[],,,,-1.0,baseline_sl,
3773,overheated_24h,SYRUPUSDT,LONG,sl,-1.0,sl,8.0,False,,,not_activated,0,[],,,,-1.0,baseline_sl,
3773,overheated_24h,SYRUPUSDT,LONG,sl,-1.0,sl,10.0,False,,,not_activated,0,[],,,,-1.0,baseline_sl,
3774,overheated_24h,CKBUSDT,LONG,sl,-1.0,sl,2.0,False,,,not_activated,0,[],,,,-1.0,baseline_sl,
3774,overheated_24h,CKBUSDT,LONG,sl,-1.0,sl,3.0,False,,,not_activated,0,[],,,,-1.0,baseline_sl,
3774,overheated_24h,CKBUSDT,LONG,sl,-1.0,sl,4.0,False,,,not_activated,0,[],,,,-1.0,baseline_sl,
3774,overheated_24h,CKBUSDT,LONG,sl,-1.0,sl,5.0,False,,,not_activated,0,[],,,,-1.0,baseline_sl,
3774,overheated_24h,CKBUSDT,LONG,sl,-1.0,sl,6.0,False,,,not_activated,0,[],,,,-1.0,baseline_sl,
3774,overheated_24h,CKBUSDT,LONG,sl,-1.0,sl,8.0,False,,,not_activated,0,[],,,,-1.0,baseline_sl,
3774,overheated_24h,CKBUSDT,LONG,sl,-1.0,sl,10.0,False,,,not_activated,0,[],,,,-1.0,baseline_sl,
3775,overheated_24h,RVNUSDT,LONG,sl,-1.0,sl,2.0,False,,,not_activated,0,[],,,,-1.0,baseline_sl,
3775,overheated_24h,RVNUSDT,LONG,sl,-1.0,sl,3.0,False,,,not_activated,0,[],,,,-1.0,baseline_sl,
3775,overheated_24h,RVNUSDT,LONG,sl,-1.0,sl,4.0,False,,,not_activated,0,[],,,,-1.0,baseline_sl,
3775,overheated_24h,RVNUSDT,LONG,sl,-1.0,sl,5.0,False,,,not_activated,0,[],,,,-1.0,baseline_sl,
3775,overheated_24h,RVNUSDT,LONG,sl,-1.0,sl,6.0,False,,,not_activated,0,[],,,,-1.0,baseline_sl,
3775,overheated_24h,RVNUSDT,LONG,sl,-1.0,sl,8.0,False,,,not_activated,0,[],,,,-1.0,baseline_sl,
3775,overheated_24h,RVNUSDT,LONG,sl,-1.0,sl,10.0,False,,,not_activated,0,[],,,,-1.0,baseline_sl,
3776,overheated_24h,BLURUSDT,LONG,sl,-1.0,sl,2.0,False,,,not_activated,0,[],,,,-1.0,baseline_sl,
3776,overheated_24h,BLURUSDT,LONG,sl,-1.0,sl,3.0,False,,,not_activated,0,[],,,,-1.0,baseline_sl,
3776,overheated_24h,BLURUSDT,LONG,sl,-1.0,sl,4.0,False,,,not_activated,0,[],,,,-1.0,baseline_sl,
3776,overheated_24h,BLURUSDT,LONG,sl,-1.0,sl,5.0,False,,,not_activated,0,[],,,,-1.0,baseline_sl,
3776,overheated_24h,BLURUSDT,LONG,sl,-1.0,sl,6.0,False,,,not_activated,0,[],,,,-1.0,baseline_sl,
3776,overheated_24h,BLURUSDT,LONG,sl,-1.0,sl,8.0,False,,,not_activated,0,[],,,,-1.0,baseline_sl,
3776,overheated_24h,BLURUSDT,LONG,sl,-1.0,sl,10.0,False,,,not_activated,0,[],,,,-1.0,baseline_sl,
3794,overheated_24h,KAITOUSDT,LONG,sl,-1.0,sl,2.0,False,,,not_activated,0,[],,,,-1.0,baseline_sl,
3794,overheated_24h,KAITOUSDT,LONG,sl,-1.0,sl,3.0,False,,,not_activated,0,[],,,,-1.0,baseline_sl,
3794,overheated_24h,KAITOUSDT,LONG,sl,-1.0,sl,4.0,False,,,not_activated,0,[],,,,-1.0,baseline_sl,
3794,overheated_24h,KAITOUSDT,LONG,sl,-1.0,sl,5.0,False,,,not_activated,0,[],,,,-1.0,baseline_sl,
3794,overheated_24h,KAITOUSDT,LONG,sl,-1.0,sl,6.0,False,,,not_activated,0,[],,,,-1.0,baseline_sl,
3794,overheated_24h,KAITOUSDT,LONG,sl,-1.0,sl,8.0,False,,,not_activated,0,[],,,,-1.0,baseline_sl,
3794,overheated_24h,KAITOUSDT,LONG,sl,-1.0,sl,10.0,False,,,not_activated,0,[],,,,-1.0,baseline_sl,
3795,overheated_24h,AAVEUSDT,LONG,sl,-1.0,sl,2.0,False,,,not_activated,0,[],,,,-1.0,baseline_sl,
3795,overheated_24h,AAVEUSDT,LONG,sl,-1.0,sl,3.0,False,,,not_activated,0,[],,,,-1.0,baseline_sl,
3795,overheated_24h,AAVEUSDT,LONG,sl,-1.0,sl,4.0,False,,,not_activated,0,[],,,,-1.0,baseline_sl,
3795,overheated_24h,AAVEUSDT,LONG,sl,-1.0,sl,5.0,False,,,not_activated,0,[],,,,-1.0,baseline_sl,
3795,overheated_24h,AAVEUSDT,LONG,sl,-1.0,sl,6.0,False,,,not_activated,0,[],,,,-1.0,baseline_sl,
3795,overheated_24h,AAVEUSDT,LONG,sl,-1.0,sl,8.0,False,,,not_activated,0,[],,,,-1.0,baseline_sl,
3795,overheated_24h,AAVEUSDT,LONG,sl,-1.0,sl,10.0,False,,,not_activated,0,[],,,,-1.0,baseline_sl,
3796,overheated_24h,REUSDT,LONG,sl,-1.0,sl,2.0,False,,,not_activated,0,[],,,,-1.0,baseline_sl,
3796,overheated_24h,REUSDT,LONG,sl,-1.0,sl,3.0,False,,,not_activated,0,[],,,,-1.0,baseline_sl,
3796,overheated_24h,REUSDT,LONG,sl,-1.0,sl,4.0,False,,,not_activated,0,[],,,,-1.0,baseline_sl,
3796,overheated_24h,REUSDT,LONG,sl,-1.0,sl,5.0,False,,,not_activated,0,[],,,,-1.0,baseline_sl,
3796,overheated_24h,REUSDT,LONG,sl,-1.0,sl,6.0,False,,,not_activated,0,[],,,,-1.0,baseline_sl,
3796,overheated_24h,REUSDT,LONG,sl,-1.0,sl,8.0,False,,,not_activated,0,[],,,,-1.0,baseline_sl,
3796,overheated_24h,REUSDT,LONG,sl,-1.0,sl,10.0,False,,,not_activated,0,[],,,,-1.0,baseline_sl,
3799,overheated_24h,USELESSUSDT,LONG,sl,-1.0,sl,2.0,False,,,not_activated,0,[],,,,-1.0,baseline_sl,
3799,overheated_24h,USELESSUSDT,LONG,sl,-1.0,sl,3.0,False,,,not_activated,0,[],,,,-1.0,baseline_sl,
3799,overheated_24h,USELESSUSDT,LONG,sl,-1.0,sl,4.0,False,,,not_activated,0,[],,,,-1.0,baseline_sl,
3799,overheated_24h,USELESSUSDT,LONG,sl,-1.0,sl,5.0,False,,,not_activated,0,[],,,,-1.0,baseline_sl,
3799,overheated_24h,USELESSUSDT,LONG,sl,-1.0,sl,6.0,False,,,not_activated,0,[],,,,-1.0,baseline_sl,
3799,overheated_24h,USELESSUSDT,LONG,sl,-1.0,sl,8.0,False,,,not_activated,0,[],,,,-1.0,baseline_sl,
3799,overheated_24h,USELESSUSDT,LONG,sl,-1.0,sl,10.0,False,,,not_activated,0,[],,,,-1.0,baseline_sl,
3800,overheated_24h,CRVUSDT,LONG,sl,-1.0,sl,2.0,False,,,not_activated,0,[],,,,-1.0,baseline_sl,
3800,overheated_24h,CRVUSDT,LONG,sl,-1.0,sl,3.0,False,,,not_activated,0,[],,,,-1.0,baseline_sl,
3800,overheated_24h,CRVUSDT,LONG,sl,-1.0,sl,4.0,False,,,not_activated,0,[],,,,-1.0,baseline_sl,
3800,overheated_24h,CRVUSDT,LONG,sl,-1.0,sl,5.0,False,,,not_activated,0,[],,,,-1.0,baseline_sl,
3800,overheated_24h,CRVUSDT,LONG,sl,-1.0,sl,6.0,False,,,not_activated,0,[],,,,-1.0,baseline_sl,
3800,overheated_24h,CRVUSDT,LONG,sl,-1.0,sl,8.0,False,,,not_activated,0,[],,,,-1.0,baseline_sl,
3800,overheated_24h,CRVUSDT,LONG,sl,-1.0,sl,10.0,False,,,not_activated,0,[],,,,-1.0,baseline_sl,
3801,overheated_24h,SUIUSDT,LONG,sl,-1.0,sl,2.0,False,,,not_activated,0,[],,,,-1.0,baseline_sl,
3801,overheated_24h,SUIUSDT,LONG,sl,-1.0,sl,3.0,False,,,not_activated,0,[],,,,-1.0,baseline_sl,
3801,overheated_24h,SUIUSDT,LONG,sl,-1.0,sl,4.0,False,,,not_activated,0,[],,,,-1.0,baseline_sl,
3801,overheated_24h,SUIUSDT,LONG,sl,-1.0,sl,5.0,False,,,not_activated,0,[],,,,-1.0,baseline_sl,
3801,overheated_24h,SUIUSDT,LONG,sl,-1.0,sl,6.0,False,,,not_activated,0,[],,,,-1.0,baseline_sl,
3801,overheated_24h,SUIUSDT,LONG,sl,-1.0,sl,8.0,False,,,not_activated,0,[],,,,-1.0,baseline_sl,
3801,overheated_24h,SUIUSDT,LONG,sl,-1.0,sl,10.0,False,,,not_activated,0,[],,,,-1.0,baseline_sl,
3804,overheated_24h,GRTUSDT,LONG,sl,-1.0,sl,2.0,False,,,not_activated,0,[],,,,-1.0,baseline_sl,
3804,overheated_24h,GRTUSDT,LONG,sl,-1.0,sl,3.0,False,,,not_activated,0,[],,,,-1.0,baseline_sl,
3804,overheated_24h,GRTUSDT,LONG,sl,-1.0,sl,4.0,False,,,not_activated,0,[],,,,-1.0,baseline_sl,
3804,overheated_24h,GRTUSDT,LONG,sl,-1.0,sl,5.0,False,,,not_activated,0,[],,,,-1.0,baseline_sl,
3804,overheated_24h,GRTUSDT,LONG,sl,-1.0,sl,6.0,False,,,not_activated,0,[],,,,-1.0,baseline_sl,
3804,overheated_24h,GRTUSDT,LONG,sl,-1.0,sl,8.0,False,,,not_activated,0,[],,,,-1.0,baseline_sl,
3804,overheated_24h,GRTUSDT,LONG,sl,-1.0,sl,10.0,False,,,not_activated,0,[],,,,-1.0,baseline_sl,
3805,overheated_24h,XRPUSDT,LONG,tp,1.9999999999999962,tp,2.0,True,1787368800,1.593635714285714,tp_branch,1,[],1787369100,1.593635714285714,1.9999999999999962,1.9999999999999962,partial_tp_floor,
3805,overheated_24h,XRPUSDT,LONG,tp,1.9999999999999962,tp,3.0,True,1787368800,1.593635714285714,tp_branch,1,[],1787369100,1.593635714285714,1.9999999999999962,1.9999999999999962,partial_tp_floor,
3805,overheated_24h,XRPUSDT,LONG,tp,1.9999999999999962,tp,4.0,True,1787368800,1.593635714285714,tp_branch,1,[],1787369100,1.593635714285714,1.9999999999999962,1.9999999999999962,partial_tp_floor,
3805,overheated_24h,XRPUSDT,LONG,tp,1.9999999999999962,tp,5.0,True,1787368800,1.593635714285714,tp_branch,1,[],1787369100,1.593635714285714,1.9999999999999962,1.9999999999999962,partial_tp_floor,
3805,overheated_24h,XRPUSDT,LONG,tp,1.9999999999999962,tp,6.0,True,1787368800,1.593635714285714,tp_branch,1,[],1787369100,1.593635714285714,1.9999999999999962,1.9999999999999962,partial_tp_floor,
3805,overheated_24h,XRPUSDT,LONG,tp,1.9999999999999962,tp,8.0,True,1787368800,1.593635714285714,tp_branch,1,[],1787369100,1.593635714285714,1.9999999999999962,1.9999999999999962,partial_tp_floor,
3805,overheated_24h,XRPUSDT,LONG,tp,1.9999999999999962,tp,10.0,True,1787368800,1.593635714285714,tp_branch,1,[],1787369100,1.593635714285714,1.9999999999999962,1.9999999999999962,partial_tp_floor,
3806,overheated_24h,KSMUSDT,LONG,sl,-1.0,sl,2.0,False,,,not_activated,0,[],,,,-1.0,baseline_sl,
3806,overheated_24h,KSMUSDT,LONG,sl,-1.0,sl,3.0,False,,,not_activated,0,[],,,,-1.0,baseline_sl,
3806,overheated_24h,KSMUSDT,LONG,sl,-1.0,sl,4.0,False,,,not_activated,0,[],,,,-1.0,baseline_sl,
3806,overheated_24h,KSMUSDT,LONG,sl,-1.0,sl,5.0,False,,,not_activated,0,[],,,,-1.0,baseline_sl,
3806,overheated_24h,KSMUSDT,LONG,sl,-1.0,sl,6.0,False,,,not_activated,0,[],,,,-1.0,baseline_sl,
3806,overheated_24h,KSMUSDT,LONG,sl,-1.0,sl,8.0,False,,,not_activated,0,[],,,,-1.0,baseline_sl,
3806,overheated_24h,KSMUSDT,LONG,sl,-1.0,sl,10.0,False,,,not_activated,0,[],,,,-1.0,baseline_sl,
3807,overheated_24h,TOSHIUSDT,LONG,sl,-1.0,sl,2.0,False,,,not_activated,0,[],,,,-1.0,baseline_sl,
3807,overheated_24h,TOSHIUSDT,LONG,sl,-1.0,sl,3.0,False,,,not_activated,0,[],,,,-1.0,baseline_sl,
3807,overheated_24h,TOSHIUSDT,LONG,sl,-1.0,sl,4.0,False,,,not_activated,0,[],,,,-1.0,baseline_sl,
3807,overheated_24h,TOSHIUSDT,LONG,sl,-1.0,sl,5.0,False,,,not_activated,0,[],,,,-1.0,baseline_sl,
3807,overheated_24h,TOSHIUSDT,LONG,sl,-1.0,sl,6.0,False,,,not_activated,0,[],,,,-1.0,baseline_sl,
3807,overheated_24h,TOSHIUSDT,LONG,sl,-1.0,sl,8.0,False,,,not_activated,0,[],,,,-1.0,baseline_sl,
3807,overheated_24h,TOSHIUSDT,LONG,sl,-1.0,sl,10.0,False,,,not_activated,0,[],,,,-1.0,baseline_sl,
3808,overheated_24h,POLUSDT,LONG,tp,2.0,tp,2.0,True,1787370000,0.10393964285714286,tp_branch,1,[],1787370300,0.10393964285714286,2.0,2.0,partial_tp_floor,
3808,overheated_24h,POLUSDT,LONG,tp,2.0,tp,3.0,True,1787370000,0.10393964285714286,tp_branch,1,[],1787370300,0.10393964285714286,2.0,2.0,partial_tp_floor,
3808,overheated_24h,POLUSDT,LONG,tp,2.0,tp,4.0,True,1787370000,0.10393964285714286,tp_branch,1,[],1787370300,0.10393964285714286,2.0,2.0,partial_tp_floor,
3808,overheated_24h,POLUSDT,LONG,tp,2.0,tp,5.0,True,1787370000,0.10393964285714286,tp_branch,1,[],1787370300,0.10393964285714286,2.0,2.0,partial_tp_floor,
3808,overheated_24h,POLUSDT,LONG,tp,2.0,tp,6.0,True,1787370000,0.10393964285714286,tp_branch,1,[],1787370300,0.10393964285714286,2.0,2.0,partial_tp_floor,
3808,overheated_24h,POLUSDT,LONG,tp,2.0,tp,8.0,True,1787370000,0.10393964285714286,tp_branch,1,[],1787370300,0.10393964285714286,2.0,2.0,partial_tp_floor,
3808,overheated_24h,POLUSDT,LONG,tp,2.0,tp,10.0,True,1787370000,0.10393964285714286,tp_branch,1,[],1787370300,0.10393964285714286,2.0,2.0,partial_tp_floor,
3809,overheated_24h,FFUSDT,LONG,sl,-1.0,sl,2.0,False,,,not_activated,0,[],,,,-1.0,baseline_sl,
3809,overheated_24h,FFUSDT,LONG,sl,-1.0,sl,3.0,False,,,not_activated,0,[],,,,-1.0,baseline_sl,
3809,overheated_24h,FFUSDT,LONG,sl,-1.0,sl,4.0,False,,,not_activated,0,[],,,,-1.0,baseline_sl,
3809,overheated_24h,FFUSDT,LONG,sl,-1.0,sl,5.0,False,,,not_activated,0,[],,,,-1.0,baseline_sl,
3809,overheated_24h,FFUSDT,LONG,sl,-1.0,sl,6.0,False,,,not_activated,0,[],,,,-1.0,baseline_sl,
3809,overheated_24h,FFUSDT,LONG,sl,-1.0,sl,8.0,False,,,not_activated,0,[],,,,-1.0,baseline_sl,
3809,overheated_24h,FFUSDT,LONG,sl,-1.0,sl,10.0,False,,,not_activated,0,[],,,,-1.0,baseline_sl,
3810,overheated_24h,SHIBUSDT,LONG,sl,-1.0,sl,2.0,False,,,not_activated,0,[],,,,-1.0,baseline_sl,
3810,overheated_24h,SHIBUSDT,LONG,sl,-1.0,sl,3.0,False,,,not_activated,0,[],,,,-1.0,baseline_sl,
3810,overheated_24h,SHIBUSDT,LONG,sl,-1.0,sl,4.0,False,,,not_activated,0,[],,,,-1.0,baseline_sl,
3810,overheated_24h,SHIBUSDT,LONG,sl,-1.0,sl,5.0,False,,,not_activated,0,[],,,,-1.0,baseline_sl,
3810,overheated_24h,SHIBUSDT,LONG,sl,-1.0,sl,6.0,False,,,not_activated,0,[],,,,-1.0,baseline_sl,
3810,overheated_24h,SHIBUSDT,LONG,sl,-1.0,sl,8.0,False,,,not_activated,0,[],,,,-1.0,baseline_sl,
3810,overheated_24h,SHIBUSDT,LONG,sl,-1.0,sl,10.0,False,,,not_activated,0,[],,,,-1.0,baseline_sl,
3811,overheated_24h,VIRTUALUSDT,LONG,sl,-1.0,sl,2.0,False,,,not_activated,0,[],,,,-1.0,baseline_sl,
3811,overheated_24h,VIRTUALUSDT,LONG,sl,-1.0,sl,3.0,False,,,not_activated,0,[],,,,-1.0,baseline_sl,
3811,overheated_24h,VIRTUALUSDT,LONG,sl,-1.0,sl,4.0,False,,,not_activated,0,[],,,,-1.0,baseline_sl,
3811,overheated_24h,VIRTUALUSDT,LONG,sl,-1.0,sl,5.0,False,,,not_activated,0,[],,,,-1.0,baseline_sl,
3811,overheated_24h,VIRTUALUSDT,LONG,sl,-1.0,sl,6.0,False,,,not_activated,0,[],,,,-1.0,baseline_sl,
3811,overheated_24h,VIRTUALUSDT,LONG,sl,-1.0,sl,8.0,False,,,not_activated,0,[],,,,-1.0,baseline_sl,
3811,overheated_24h,VIRTUALUSDT,LONG,sl,-1.0,sl,10.0,False,,,not_activated,0,[],,,,-1.0,baseline_sl,
3812,overheated_24h,CCUSDT,LONG,tp,2.0,tp,2.0,True,1787371500,0.12249142857142857,tp_branch,2,"[{""ts"":1787371800,""favorable_extreme"":0.12321,""stop"":0.12249142857142857}]",1787372100,0.12249142857142857,2.0,2.0,partial_tp_floor,
3812,overheated_24h,CCUSDT,LONG,tp,2.0,tp,3.0,True,1787371500,0.12249142857142857,tp_branch,2,"[{""ts"":1787371800,""favorable_extreme"":0.12321,""stop"":0.12249142857142857}]",1787372100,0.12249142857142857,2.0,2.0,partial_tp_floor,
3812,overheated_24h,CCUSDT,LONG,tp,2.0,tp,4.0,True,1787371500,0.12249142857142857,tp_branch,2,"[{""ts"":1787371800,""favorable_extreme"":0.12321,""stop"":0.12249142857142857}]",1787372100,0.12249142857142857,2.0,2.0,partial_tp_floor,
3812,overheated_24h,CCUSDT,LONG,tp,2.0,tp,5.0,True,1787371500,0.12249142857142857,tp_branch,2,"[{""ts"":1787371800,""favorable_extreme"":0.12321,""stop"":0.12249142857142857}]",1787372100,0.12249142857142857,2.0,2.0,partial_tp_floor,
3812,overheated_24h,CCUSDT,LONG,tp,2.0,tp,6.0,True,1787371500,0.12249142857142857,tp_branch,2,"[{""ts"":1787371800,""favorable_extreme"":0.12321,""stop"":0.12249142857142857}]",1787372100,0.12249142857142857,2.0,2.0,partial_tp_floor,
3812,overheated_24h,CCUSDT,LONG,tp,2.0,tp,8.0,True,1787371500,0.12249142857142857,tp_branch,2,"[{""ts"":1787371800,""favorable_extreme"":0.12321,""stop"":0.12249142857142857}]",1787372100,0.12249142857142857,2.0,2.0,partial_tp_floor,
3812,overheated_24h,CCUSDT,LONG,tp,2.0,tp,10.0,True,1787371500,0.12249142857142857,tp_branch,2,"[{""ts"":1787371800,""favorable_extreme"":0.12321,""stop"":0.12249142857142857}]",1787372100,0.12249142857142857,2.0,2.0,partial_tp_floor,
3815,overheated_24h,BRETTUSDT,LONG,sl,-1.0,sl,2.0,False,,,not_activated,0,[],,,,-1.0,baseline_sl,
3815,overheated_24h,BRETTUSDT,LONG,sl,-1.0,sl,3.0,False,,,not_activated,0,[],,,,-1.0,baseline_sl,
3815,overheated_24h,BRETTUSDT,LONG,sl,-1.0,sl,4.0,False,,,not_activated,0,[],,,,-1.0,baseline_sl,
3815,overheated_24h,BRETTUSDT,LONG,sl,-1.0,sl,5.0,False,,,not_activated,0,[],,,,-1.0,baseline_sl,
3815,overheated_24h,BRETTUSDT,LONG,sl,-1.0,sl,6.0,False,,,not_activated,0,[],,,,-1.0,baseline_sl,
3815,overheated_24h,BRETTUSDT,LONG,sl,-1.0,sl,8.0,False,,,not_activated,0,[],,,,-1.0,baseline_sl,
3815,overheated_24h,BRETTUSDT,LONG,sl,-1.0,sl,10.0,False,,,not_activated,0,[],,,,-1.0,baseline_sl,
3816,overheated_24h,SKYAIUSDT,LONG,sl,-1.0,sl,2.0,False,,,not_activated,0,[],,,,-1.0,baseline_sl,
3816,overheated_24h,SKYAIUSDT,LONG,sl,-1.0,sl,3.0,False,,,not_activated,0,[],,,,-1.0,baseline_sl,
3816,overheated_24h,SKYAIUSDT,LONG,sl,-1.0,sl,4.0,False,,,not_activated,0,[],,,,-1.0,baseline_sl,
3816,overheated_24h,SKYAIUSDT,LONG,sl,-1.0,sl,5.0,False,,,not_activated,0,[],,,,-1.0,baseline_sl,
3816,overheated_24h,SKYAIUSDT,LONG,sl,-1.0,sl,6.0,False,,,not_activated,0,[],,,,-1.0,baseline_sl,
3816,overheated_24h,SKYAIUSDT,LONG,sl,-1.0,sl,8.0,False,,,not_activated,0,[],,,,-1.0,baseline_sl,
3816,overheated_24h,SKYAIUSDT,LONG,sl,-1.0,sl,10.0,False,,,not_activated,0,[],,,,-1.0,baseline_sl,
3817,overheated_24h,FETUSDT,LONG,sl,-1.0,sl,2.0,False,,,not_activated,0,[],,,,-1.0,baseline_sl,
3817,overheated_24h,FETUSDT,LONG,sl,-1.0,sl,3.0,False,,,not_activated,0,[],,,,-1.0,baseline_sl,
3817,overheated_24h,FETUSDT,LONG,sl,-1.0,sl,4.0,False,,,not_activated,0,[],,,,-1.0,baseline_sl,
3817,overheated_24h,FETUSDT,LONG,sl,-1.0,sl,5.0,False,,,not_activated,0,[],,,,-1.0,baseline_sl,
3817,overheated_24h,FETUSDT,LONG,sl,-1.0,sl,6.0,False,,,not_activated,0,[],,,,-1.0,baseline_sl,
3817,overheated_24h,FETUSDT,LONG,sl,-1.0,sl,8.0,False,,,not_activated,0,[],,,,-1.0,baseline_sl,
3817,overheated_24h,FETUSDT,LONG,sl,-1.0,sl,10.0,False,,,not_activated,0,[],,,,-1.0,baseline_sl,
3818,overheated_24h,SAHARAUSDT,LONG,sl,-1.0,sl,2.0,False,,,not_activated,0,[],,,,-1.0,baseline_sl,
3818,overheated_24h,SAHARAUSDT,LONG,sl,-1.0,sl,3.0,False,,,not_activated,0,[],,,,-1.0,baseline_sl,
3818,overheated_24h,SAHARAUSDT,LONG,sl,-1.0,sl,4.0,False,,,not_activated,0,[],,,,-1.0,baseline_sl,
3818,overheated_24h,SAHARAUSDT,LONG,sl,-1.0,sl,5.0,False,,,not_activated,0,[],,,,-1.0,baseline_sl,
3818,overheated_24h,SAHARAUSDT,LONG,sl,-1.0,sl,6.0,False,,,not_activated,0,[],,,,-1.0,baseline_sl,
3818,overheated_24h,SAHARAUSDT,LONG,sl,-1.0,sl,8.0,False,,,not_activated,0,[],,,,-1.0,baseline_sl,
3818,overheated_24h,SAHARAUSDT,LONG,sl,-1.0,sl,10.0,False,,,not_activated,0,[],,,,-1.0,baseline_sl,
3827,overheated_24h,POLUSDT,LONG,tp,2.0,tp,2.0,True,1787388600,0.11866892857142858,tp_branch,1,[],1787388900,0.11866892857142858,2.0,2.0,partial_tp_floor,
3827,overheated_24h,POLUSDT,LONG,tp,2.0,tp,3.0,True,1787388600,0.11866892857142858,tp_branch,1,[],1787388900,0.11866892857142858,2.0,2.0,partial_tp_floor,
3827,overheated_24h,POLUSDT,LONG,tp,2.0,tp,4.0,True,1787388600,0.11866892857142858,tp_branch,1,[],1787388900,0.11866892857142858,2.0,2.0,partial_tp_floor,
3827,overheated_24h,POLUSDT,LONG,tp,2.0,tp,5.0,True,1787388600,0.11866892857142858,tp_branch,1,[],1787388900,0.11866892857142858,2.0,2.0,partial_tp_floor,
3827,overheated_24h,POLUSDT,LONG,tp,2.0,tp,6.0,True,1787388600,0.11866892857142858,tp_branch,1,[],1787388900,0.11866892857142858,2.0,2.0,partial_tp_floor,
3827,overheated_24h,POLUSDT,LONG,tp,2.0,tp,8.0,True,1787388600,0.11866892857142858,tp_branch,1,[],1787388900,0.11866892857142858,2.0,2.0,partial_tp_floor,
3827,overheated_24h,POLUSDT,LONG,tp,2.0,tp,10.0,True,1787388600,0.11866892857142858,tp_branch,1,[],1787388900,0.11866892857142858,2.0,2.0,partial_tp_floor,
3830,overheated_24h,MUBARAKUSDT,LONG,sl,-1.0,sl,2.0,False,,,not_activated,0,[],,,,-1.0,baseline_sl,
3830,overheated_24h,MUBARAKUSDT,LONG,sl,-1.0,sl,3.0,False,,,not_activated,0,[],,,,-1.0,baseline_sl,
3830,overheated_24h,MUBARAKUSDT,LONG,sl,-1.0,sl,4.0,False,,,not_activated,0,[],,,,-1.0,baseline_sl,
3830,overheated_24h,MUBARAKUSDT,LONG,sl,-1.0,sl,5.0,False,,,not_activated,0,[],,,,-1.0,baseline_sl,
3830,overheated_24h,MUBARAKUSDT,LONG,sl,-1.0,sl,6.0,False,,,not_activated,0,[],,,,-1.0,baseline_sl,
3830,overheated_24h,MUBARAKUSDT,LONG,sl,-1.0,sl,8.0,False,,,not_activated,0,[],,,,-1.0,baseline_sl,
3830,overheated_24h,MUBARAKUSDT,LONG,sl,-1.0,sl,10.0,False,,,not_activated,0,[],,,,-1.0,baseline_sl,
3832,overheated_24h,TRUMPUSDT,LONG,sl,-1.0,sl,2.0,False,,,not_activated,0,[],,,,-1.0,baseline_sl,
3832,overheated_24h,TRUMPUSDT,LONG,sl,-1.0,sl,3.0,False,,,not_activated,0,[],,,,-1.0,baseline_sl,
3832,overheated_24h,TRUMPUSDT,LONG,sl,-1.0,sl,4.0,False,,,not_activated,0,[],,,,-1.0,baseline_sl,
3832,overheated_24h,TRUMPUSDT,LONG,sl,-1.0,sl,5.0,False,,,not_activated,0,[],,,,-1.0,baseline_sl,
3832,overheated_24h,TRUMPUSDT,LONG,sl,-1.0,sl,6.0,False,,,not_activated,0,[],,,,-1.0,baseline_sl,
3832,overheated_24h,TRUMPUSDT,LONG,sl,-1.0,sl,8.0,False,,,not_activated,0,[],,,,-1.0,baseline_sl,
3832,overheated_24h,TRUMPUSDT,LONG,sl,-1.0,sl,10.0,False,,,not_activated,0,[],,,,-1.0,baseline_sl,
3877,overheated_24h,ZAMAUSDT,LONG,tp,2.0000000000000027,tp,2.0,True,1787383800,0.06307,tp_branch,1,[],1787384100,0.06307,2.0000000000000027,2.0000000000000027,partial_tp_floor,
3877,overheated_24h,ZAMAUSDT,LONG,tp,2.0000000000000027,tp,3.0,True,1787383800,0.06307,tp_branch,1,[],1787384100,0.06307,2.0000000000000027,2.0000000000000027,partial_tp_floor,
3877,overheated_24h,ZAMAUSDT,LONG,tp,2.0000000000000027,tp,4.0,True,1787383800,0.06307,tp_branch,1,[],1787384100,0.06307,2.0000000000000027,2.0000000000000027,partial_tp_floor,
3877,overheated_24h,ZAMAUSDT,LONG,tp,2.0000000000000027,tp,5.0,True,1787383800,0.06307,tp_branch,1,[],1787384100,0.06307,2.0000000000000027,2.0000000000000027,partial_tp_floor,
3877,overheated_24h,ZAMAUSDT,LONG,tp,2.0000000000000027,tp,6.0,True,1787383800,0.06307,tp_branch,1,[],1787384100,0.06307,2.0000000000000027,2.0000000000000027,partial_tp_floor,
3877,overheated_24h,ZAMAUSDT,LONG,tp,2.0000000000000027,tp,8.0,True,1787383800,0.06307,tp_branch,1,[],1787384100,0.06307,2.0000000000000027,2.0000000000000027,partial_tp_floor,
3877,overheated_24h,ZAMAUSDT,LONG,tp,2.0000000000000027,tp,10.0,True,1787383800,0.06307,tp_branch,1,[],1787384100,0.06307,2.0000000000000027,2.0000000000000027,partial_tp_floor,
3880,overheated_24h,MOVEUSDT,LONG,sl,-1.0,sl,2.0,False,,,not_activated,0,[],,,,-1.0,baseline_sl,
3880,overheated_24h,MOVEUSDT,LONG,sl,-1.0,sl,3.0,False,,,not_activated,0,[],,,,-1.0,baseline_sl,
3880,overheated_24h,MOVEUSDT,LONG,sl,-1.0,sl,4.0,False,,,not_activated,0,[],,,,-1.0,baseline_sl,
3880,overheated_24h,MOVEUSDT,LONG,sl,-1.0,sl,5.0,False,,,not_activated,0,[],,,,-1.0,baseline_sl,
3880,overheated_24h,MOVEUSDT,LONG,sl,-1.0,sl,6.0,False,,,not_activated,0,[],,,,-1.0,baseline_sl,
3880,overheated_24h,MOVEUSDT,LONG,sl,-1.0,sl,8.0,False,,,not_activated,0,[],,,,-1.0,baseline_sl,
3880,overheated_24h,MOVEUSDT,LONG,sl,-1.0,sl,10.0,False,,,not_activated,0,[],,,,-1.0,baseline_sl,
3882,overheated_24h,PUMPUSDT,LONG,sl,-1.0,sl,2.0,False,,,not_activated,0,[],,,,-1.0,baseline_sl,
3882,overheated_24h,PUMPUSDT,LONG,sl,-1.0,sl,3.0,False,,,not_activated,0,[],,,,-1.0,baseline_sl,
3882,overheated_24h,PUMPUSDT,LONG,sl,-1.0,sl,4.0,False,,,not_activated,0,[],,,,-1.0,baseline_sl,
3882,overheated_24h,PUMPUSDT,LONG,sl,-1.0,sl,5.0,False,,,not_activated,0,[],,,,-1.0,baseline_sl,
3882,overheated_24h,PUMPUSDT,LONG,sl,-1.0,sl,6.0,False,,,not_activated,0,[],,,,-1.0,baseline_sl,
3882,overheated_24h,PUMPUSDT,LONG,sl,-1.0,sl,8.0,False,,,not_activated,0,[],,,,-1.0,baseline_sl,
3882,overheated_24h,PUMPUSDT,LONG,sl,-1.0,sl,10.0,False,,,not_activated,0,[],,,,-1.0,baseline_sl,
3883,overheated_24h,ZRXUSDT,LONG,sl,-1.0,sl,2.0,False,,,not_activated,0,[],,,,-1.0,baseline_sl,
3883,overheated_24h,ZRXUSDT,LONG,sl,-1.0,sl,3.0,False,,,not_activated,0,[],,,,-1.0,baseline_sl,
3883,overheated_24h,ZRXUSDT,LONG,sl,-1.0,sl,4.0,False,,,not_activated,0,[],,,,-1.0,baseline_sl,
3883,overheated_24h,ZRXUSDT,LONG,sl,-1.0,sl,5.0,False,,,not_activated,0,[],,,,-1.0,baseline_sl,
3883,overheated_24h,ZRXUSDT,LONG,sl,-1.0,sl,6.0,False,,,not_activated,0,[],,,,-1.0,baseline_sl,
3883,overheated_24h,ZRXUSDT,LONG,sl,-1.0,sl,8.0,False,,,not_activated,0,[],,,,-1.0,baseline_sl,
3883,overheated_24h,ZRXUSDT,LONG,sl,-1.0,sl,10.0,False,,,not_activated,0,[],,,,-1.0,baseline_sl,
3887,overheated_24h,MAGMAUSDT,LONG,sl,-1.0,sl,2.0,False,,,not_activated,0,[],,,,-1.0,baseline_sl,
3887,overheated_24h,MAGMAUSDT,LONG,sl,-1.0,sl,3.0,False,,,not_activated,0,[],,,,-1.0,baseline_sl,
3887,overheated_24h,MAGMAUSDT,LONG,sl,-1.0,sl,4.0,False,,,not_activated,0,[],,,,-1.0,baseline_sl,
3887,overheated_24h,MAGMAUSDT,LONG,sl,-1.0,sl,5.0,False,,,not_activated,0,[],,,,-1.0,baseline_sl,
3887,overheated_24h,MAGMAUSDT,LONG,sl,-1.0,sl,6.0,False,,,not_activated,0,[],,,,-1.0,baseline_sl,
3887,overheated_24h,MAGMAUSDT,LONG,sl,-1.0,sl,8.0,False,,,not_activated,0,[],,,,-1.0,baseline_sl,
3887,overheated_24h,MAGMAUSDT,LONG,sl,-1.0,sl,10.0,False,,,not_activated,0,[],,,,-1.0,baseline_sl,
3888,overheated_24h,RECALLUSDT,LONG,sl,-1.0,sl,2.0,False,,,not_activated,0,[],,,,-1.0,baseline_sl,
3888,overheated_24h,RECALLUSDT,LONG,sl,-1.0,sl,3.0,False,,,not_activated,0,[],,,,-1.0,baseline_sl,
3888,overheated_24h,RECALLUSDT,LONG,sl,-1.0,sl,4.0,False,,,not_activated,0,[],,,,-1.0,baseline_sl,
3888,overheated_24h,RECALLUSDT,LONG,sl,-1.0,sl,5.0,False,,,not_activated,0,[],,,,-1.0,baseline_sl,
3888,overheated_24h,RECALLUSDT,LONG,sl,-1.0,sl,6.0,False,,,not_activated,0,[],,,,-1.0,baseline_sl,
3888,overheated_24h,RECALLUSDT,LONG,sl,-1.0,sl,8.0,False,,,not_activated,0,[],,,,-1.0,baseline_sl,
3888,overheated_24h,RECALLUSDT,LONG,sl,-1.0,sl,10.0,False,,,not_activated,0,[],,,,-1.0,baseline_sl,
3895,overheated_24h,BIGTIMEUSDT,LONG,sl,-1.0,sl,2.0,False,,,not_activated,0,[],,,,-1.0,baseline_sl,
3895,overheated_24h,BIGTIMEUSDT,LONG,sl,-1.0,sl,3.0,False,,,not_activated,0,[],,,,-1.0,baseline_sl,
3895,overheated_24h,BIGTIMEUSDT,LONG,sl,-1.0,sl,4.0,False,,,not_activated,0,[],,,,-1.0,baseline_sl,
3895,overheated_24h,BIGTIMEUSDT,LONG,sl,-1.0,sl,5.0,False,,,not_activated,0,[],,,,-1.0,baseline_sl,
3895,overheated_24h,BIGTIMEUSDT,LONG,sl,-1.0,sl,6.0,False,,,not_activated,0,[],,,,-1.0,baseline_sl,
3895,overheated_24h,BIGTIMEUSDT,LONG,sl,-1.0,sl,8.0,False,,,not_activated,0,[],,,,-1.0,baseline_sl,
3895,overheated_24h,BIGTIMEUSDT,LONG,sl,-1.0,sl,10.0,False,,,not_activated,0,[],,,,-1.0,baseline_sl,
3897,overheated_24h,AAVEUSDT,LONG,tp,1.9999999999999973,tp,2.0,True,1787488800,133.81071428571428,tp_branch,1,[],1787489100,133.81071428571428,1.9999999999999973,1.9999999999999973,partial_tp_floor,
3897,overheated_24h,AAVEUSDT,LONG,tp,1.9999999999999973,tp,3.0,True,1787488800,133.81071428571428,tp_branch,1,[],1787489100,133.81071428571428,1.9999999999999973,1.9999999999999973,partial_tp_floor,
3897,overheated_24h,AAVEUSDT,LONG,tp,1.9999999999999973,tp,4.0,True,1787488800,133.81071428571428,tp_branch,1,[],1787489100,133.81071428571428,1.9999999999999973,1.9999999999999973,partial_tp_floor,
3897,overheated_24h,AAVEUSDT,LONG,tp,1.9999999999999973,tp,5.0,True,1787488800,133.81071428571428,tp_branch,1,[],1787489100,133.81071428571428,1.9999999999999973,1.9999999999999973,partial_tp_floor,
3897,overheated_24h,AAVEUSDT,LONG,tp,1.9999999999999973,tp,6.0,True,1787488800,133.81071428571428,tp_branch,1,[],1787489100,133.81071428571428,1.9999999999999973,1.9999999999999973,partial_tp_floor,
3897,overheated_24h,AAVEUSDT,LONG,tp,1.9999999999999973,tp,8.0,True,1787488800,133.81071428571428,tp_branch,1,[],1787489100,133.81071428571428,1.9999999999999973,1.9999999999999973,partial_tp_floor,
3897,overheated_24h,AAVEUSDT,LONG,tp,1.9999999999999973,tp,10.0,True,1787488800,133.81071428571428,tp_branch,1,[],1787489100,133.81071428571428,1.9999999999999973,1.9999999999999973,partial_tp_floor,
3956,overheated_24h,POLUSDT,LONG,sl,-1.0,sl,2.0,False,,,not_activated,0,[],,,,-1.0,baseline_sl,
3956,overheated_24h,POLUSDT,LONG,sl,-1.0,sl,3.0,False,,,not_activated,0,[],,,,-1.0,baseline_sl,
3956,overheated_24h,POLUSDT,LONG,sl,-1.0,sl,4.0,False,,,not_activated,0,[],,,,-1.0,baseline_sl,
3956,overheated_24h,POLUSDT,LONG,sl,-1.0,sl,5.0,False,,,not_activated,0,[],,,,-1.0,baseline_sl,
3956,overheated_24h,POLUSDT,LONG,sl,-1.0,sl,6.0,False,,,not_activated,0,[],,,,-1.0,baseline_sl,
3956,overheated_24h,POLUSDT,LONG,sl,-1.0,sl,8.0,False,,,not_activated,0,[],,,,-1.0,baseline_sl,
3956,overheated_24h,POLUSDT,LONG,sl,-1.0,sl,10.0,False,,,not_activated,0,[],,,,-1.0,baseline_sl,
3980,overheated_24h,PUMPUSDT,LONG,tp,2.0,tp,2.0,True,1787469300,0.005429785714285714,tp_branch,1,[],1787469600,0.005429785714285714,2.0,2.0,partial_tp_floor,
3980,overheated_24h,PUMPUSDT,LONG,tp,2.0,tp,3.0,True,1787469300,0.005429785714285714,tp_branch,1,[],1787469600,0.005429785714285714,2.0,2.0,partial_tp_floor,
3980,overheated_24h,PUMPUSDT,LONG,tp,2.0,tp,4.0,True,1787469300,0.005429785714285714,tp_branch,1,[],1787469600,0.005429785714285714,2.0,2.0,partial_tp_floor,
3980,overheated_24h,PUMPUSDT,LONG,tp,2.0,tp,5.0,True,1787469300,0.005429785714285714,tp_branch,1,[],1787469600,0.005429785714285714,2.0,2.0,partial_tp_floor,
3980,overheated_24h,PUMPUSDT,LONG,tp,2.0,tp,6.0,True,1787469300,0.005429785714285714,tp_branch,1,[],1787469600,0.005429785714285714,2.0,2.0,partial_tp_floor,
3980,overheated_24h,PUMPUSDT,LONG,tp,2.0,tp,8.0,True,1787469300,0.005429785714285714,tp_branch,1,[],1787469600,0.005429785714285714,2.0,2.0,partial_tp_floor,
3980,overheated_24h,PUMPUSDT,LONG,tp,2.0,tp,10.0,True,1787469300,0.005429785714285714,tp_branch,1,[],1787469600,0.005429785714285714,2.0,2.0,partial_tp_floor,
4070,overheated_24h,TUTUSDT,LONG,tp,2.000000000000001,tp,2.0,True,1787430600,0.06619832142857143,tp_branch,1,[],1787430900,0.06619832142857143,2.000000000000001,2.000000000000001,partial_tp_floor,
4070,overheated_24h,TUTUSDT,LONG,tp,2.000000000000001,tp,3.0,True,1787430600,0.06619832142857143,tp_branch,1,[],1787430900,0.06619832142857143,2.000000000000001,2.000000000000001,partial_tp_floor,
4070,overheated_24h,TUTUSDT,LONG,tp,2.000000000000001,tp,4.0,True,1787430600,0.06619832142857143,tp_branch,1,[],1787430900,0.06619832142857143,2.000000000000001,2.000000000000001,partial_tp_floor,
4070,overheated_24h,TUTUSDT,LONG,tp,2.000000000000001,tp,5.0,True,1787430600,0.06619832142857143,tp_branch,1,[],1787430900,0.06619832142857143,2.000000000000001,2.000000000000001,partial_tp_floor,
4070,overheated_24h,TUTUSDT,LONG,tp,2.000000000000001,tp,6.0,True,1787430600,0.06619832142857143,tp_branch,1,[],1787430900,0.06619832142857143,2.000000000000001,2.000000000000001,partial_tp_floor,
4070,overheated_24h,TUTUSDT,LONG,tp,2.000000000000001,tp,8.0,True,1787430600,0.06619832142857143,tp_branch,1,[],1787430900,0.06619832142857143,2.000000000000001,2.000000000000001,partial_tp_floor,
4070,overheated_24h,TUTUSDT,LONG,tp,2.000000000000001,tp,10.0,True,1787430600,0.06619832142857143,tp_branch,1,[],1787430900,0.06619832142857143,2.000000000000001,2.000000000000001,partial_tp_floor,
4085,overheated_24h,ZECUSDT,LONG,sl,-1.0,sl,2.0,False,,,not_activated,0,[],,,,-1.0,baseline_sl,
4085,overheated_24h,ZECUSDT,LONG,sl,-1.0,sl,3.0,False,,,not_activated,0,[],,,,-1.0,baseline_sl,
4085,overheated_24h,ZECUSDT,LONG,sl,-1.0,sl,4.0,False,,,not_activated,0,[],,,,-1.0,baseline_sl,
4085,overheated_24h,ZECUSDT,LONG,sl,-1.0,sl,5.0,False,,,not_activated,0,[],,,,-1.0,baseline_sl,
4085,overheated_24h,ZECUSDT,LONG,sl,-1.0,sl,6.0,False,,,not_activated,0,[],,,,-1.0,baseline_sl,
4085,overheated_24h,ZECUSDT,LONG,sl,-1.0,sl,8.0,False,,,not_activated,0,[],,,,-1.0,baseline_sl,
4085,overheated_24h,ZECUSDT,LONG,sl,-1.0,sl,10.0,False,,,not_activated,0,[],,,,-1.0,baseline_sl,
4086,overheated_24h,VVVUSDT,LONG,sl,-1.0,sl,2.0,False,,,not_activated,0,[],,,,-1.0,baseline_sl,
4086,overheated_24h,VVVUSDT,LONG,sl,-1.0,sl,3.0,False,,,not_activated,0,[],,,,-1.0,baseline_sl,
4086,overheated_24h,VVVUSDT,LONG,sl,-1.0,sl,4.0,False,,,not_activated,0,[],,,,-1.0,baseline_sl,
4086,overheated_24h,VVVUSDT,LONG,sl,-1.0,sl,5.0,False,,,not_activated,0,[],,,,-1.0,baseline_sl,
4086,overheated_24h,VVVUSDT,LONG,sl,-1.0,sl,6.0,False,,,not_activated,0,[],,,,-1.0,baseline_sl,
4086,overheated_24h,VVVUSDT,LONG,sl,-1.0,sl,8.0,False,,,not_activated,0,[],,,,-1.0,baseline_sl,
4086,overheated_24h,VVVUSDT,LONG,sl,-1.0,sl,10.0,False,,,not_activated,0,[],,,,-1.0,baseline_sl,
4125,overheated_24h,ZROUSDT,LONG,tp,2.000000000000003,tp,2.0,True,1787491800,1.2745357142857143,tp_branch,1,[],1787492100,1.2745357142857143,2.000000000000003,2.000000000000003,partial_tp_floor,
4125,overheated_24h,ZROUSDT,LONG,tp,2.000000000000003,tp,3.0,True,1787491800,1.2745357142857143,tp_branch,1,[],1787492100,1.2745357142857143,2.000000000000003,2.000000000000003,partial_tp_floor,
4125,overheated_24h,ZROUSDT,LONG,tp,2.000000000000003,tp,4.0,True,1787491800,1.2745357142857143,tp_branch,1,[],1787492100,1.2745357142857143,2.000000000000003,2.000000000000003,partial_tp_floor,
4125,overheated_24h,ZROUSDT,LONG,tp,2.000000000000003,tp,5.0,True,1787491800,1.2745357142857143,tp_branch,1,[],1787492100,1.2745357142857143,2.000000000000003,2.000000000000003,partial_tp_floor,
4125,overheated_24h,ZROUSDT,LONG,tp,2.000000000000003,tp,6.0,True,1787491800,1.2745357142857143,tp_branch,1,[],1787492100,1.2745357142857143,2.000000000000003,2.000000000000003,partial_tp_floor,
4125,overheated_24h,ZROUSDT,LONG,tp,2.000000000000003,tp,8.0,True,1787491800,1.2745357142857143,tp_branch,1,[],1787492100,1.2745357142857143,2.000000000000003,2.000000000000003,partial_tp_floor,
4125,overheated_24h,ZROUSDT,LONG,tp,2.000000000000003,tp,10.0,True,1787491800,1.2745357142857143,tp_branch,1,[],1787492100,1.2745357142857143,2.000000000000003,2.000000000000003,partial_tp_floor,
4128,overheated_24h,STXUSDT,LONG,sl,-1.0,sl,2.0,False,,,not_activated,0,[],,,,-1.0,baseline_sl,
4128,overheated_24h,STXUSDT,LONG,sl,-1.0,sl,3.0,False,,,not_activated,0,[],,,,-1.0,baseline_sl,
4128,overheated_24h,STXUSDT,LONG,sl,-1.0,sl,4.0,False,,,not_activated,0,[],,,,-1.0,baseline_sl,
4128,overheated_24h,STXUSDT,LONG,sl,-1.0,sl,5.0,False,,,not_activated,0,[],,,,-1.0,baseline_sl,
4128,overheated_24h,STXUSDT,LONG,sl,-1.0,sl,6.0,False,,,not_activated,0,[],,,,-1.0,baseline_sl,
4128,overheated_24h,STXUSDT,LONG,sl,-1.0,sl,8.0,False,,,not_activated,0,[],,,,-1.0,baseline_sl,
4128,overheated_24h,STXUSDT,LONG,sl,-1.0,sl,10.0,False,,,not_activated,0,[],,,,-1.0,baseline_sl,
4130,overheated_24h,TSTBSCUSDT,LONG,sl,-1.0,sl,2.0,False,,,not_activated,0,[],,,,-1.0,baseline_sl,
4130,overheated_24h,TSTBSCUSDT,LONG,sl,-1.0,sl,3.0,False,,,not_activated,0,[],,,,-1.0,baseline_sl,
4130,overheated_24h,TSTBSCUSDT,LONG,sl,-1.0,sl,4.0,False,,,not_activated,0,[],,,,-1.0,baseline_sl,
4130,overheated_24h,TSTBSCUSDT,LONG,sl,-1.0,sl,5.0,False,,,not_activated,0,[],,,,-1.0,baseline_sl,
4130,overheated_24h,TSTBSCUSDT,LONG,sl,-1.0,sl,6.0,False,,,not_activated,0,[],,,,-1.0,baseline_sl,
4130,overheated_24h,TSTBSCUSDT,LONG,sl,-1.0,sl,8.0,False,,,not_activated,0,[],,,,-1.0,baseline_sl,
4130,overheated_24h,TSTBSCUSDT,LONG,sl,-1.0,sl,10.0,False,,,not_activated,0,[],,,,-1.0,baseline_sl,
4157,overheated_24h,TUTUSDT,LONG,sl,-1.0,sl,2.0,False,,,not_activated,0,[],,,,-1.0,baseline_sl,
4157,overheated_24h,TUTUSDT,LONG,sl,-1.0,sl,3.0,False,,,not_activated,0,[],,,,-1.0,baseline_sl,
4157,overheated_24h,TUTUSDT,LONG,sl,-1.0,sl,4.0,False,,,not_activated,0,[],,,,-1.0,baseline_sl,
4157,overheated_24h,TUTUSDT,LONG,sl,-1.0,sl,5.0,False,,,not_activated,0,[],,,,-1.0,baseline_sl,
4157,overheated_24h,TUTUSDT,LONG,sl,-1.0,sl,6.0,False,,,not_activated,0,[],,,,-1.0,baseline_sl,
4157,overheated_24h,TUTUSDT,LONG,sl,-1.0,sl,8.0,False,,,not_activated,0,[],,,,-1.0,baseline_sl,
4157,overheated_24h,TUTUSDT,LONG,sl,-1.0,sl,10.0,False,,,not_activated,0,[],,,,-1.0,baseline_sl,
4285,overheated_24h,UAIUSDT,LONG,tp,2.0,tp,2.0,True,1787550300,0.31300892857142854,tp_branch,1,[],1787550600,0.31300892857142854,2.0,2.0,partial_tp_floor,
4285,overheated_24h,UAIUSDT,LONG,tp,2.0,tp,3.0,True,1787550300,0.31300892857142854,tp_branch,1,[],1787550600,0.31300892857142854,2.0,2.0,partial_tp_floor,
4285,overheated_24h,UAIUSDT,LONG,tp,2.0,tp,4.0,True,1787550300,0.31300892857142854,tp_branch,1,[],1787550600,0.31300892857142854,2.0,2.0,partial_tp_floor,
4285,overheated_24h,UAIUSDT,LONG,tp,2.0,tp,5.0,True,1787550300,0.31300892857142854,tp_branch,1,[],1787550600,0.31300892857142854,2.0,2.0,partial_tp_floor,
4285,overheated_24h,UAIUSDT,LONG,tp,2.0,tp,6.0,True,1787550300,0.31300892857142854,tp_branch,1,[],1787550600,0.31300892857142854,2.0,2.0,partial_tp_floor,
4285,overheated_24h,UAIUSDT,LONG,tp,2.0,tp,8.0,True,1787550300,0.31300892857142854,tp_branch,1,[],1787550600,0.31300892857142854,2.0,2.0,partial_tp_floor,
4285,overheated_24h,UAIUSDT,LONG,tp,2.0,tp,10.0,True,1787550300,0.31300892857142854,tp_branch,1,[],1787550600,0.31300892857142854,2.0,2.0,partial_tp_floor,
4296,overheated_24h,PENDLEUSDT,LONG,sl,-1.0,sl,2.0,False,,,not_activated,0,[],,,,-1.0,baseline_sl,
4296,overheated_24h,PENDLEUSDT,LONG,sl,-1.0,sl,3.0,False,,,not_activated,0,[],,,,-1.0,baseline_sl,
4296,overheated_24h,PENDLEUSDT,LONG,sl,-1.0,sl,4.0,False,,,not_activated,0,[],,,,-1.0,baseline_sl,
4296,overheated_24h,PENDLEUSDT,LONG,sl,-1.0,sl,5.0,False,,,not_activated,0,[],,,,-1.0,baseline_sl,
4296,overheated_24h,PENDLEUSDT,LONG,sl,-1.0,sl,6.0,False,,,not_activated,0,[],,,,-1.0,baseline_sl,
4296,overheated_24h,PENDLEUSDT,LONG,sl,-1.0,sl,8.0,False,,,not_activated,0,[],,,,-1.0,baseline_sl,
4296,overheated_24h,PENDLEUSDT,LONG,sl,-1.0,sl,10.0,False,,,not_activated,0,[],,,,-1.0,baseline_sl,
4301,overheated_24h,TRUMPUSDT,LONG,sl,-1.0,sl,2.0,False,,,not_activated,0,[],,,,-1.0,baseline_sl,
4301,overheated_24h,TRUMPUSDT,LONG,sl,-1.0,sl,3.0,False,,,not_activated,0,[],,,,-1.0,baseline_sl,
4301,overheated_24h,TRUMPUSDT,LONG,sl,-1.0,sl,4.0,False,,,not_activated,0,[],,,,-1.0,baseline_sl,
4301,overheated_24h,TRUMPUSDT,LONG,sl,-1.0,sl,5.0,False,,,not_activated,0,[],,,,-1.0,baseline_sl,
4301,overheated_24h,TRUMPUSDT,LONG,sl,-1.0,sl,6.0,False,,,not_activated,0,[],,,,-1.0,baseline_sl,
4301,overheated_24h,TRUMPUSDT,LONG,sl,-1.0,sl,8.0,False,,,not_activated,0,[],,,,-1.0,baseline_sl,
4301,overheated_24h,TRUMPUSDT,LONG,sl,-1.0,sl,10.0,False,,,not_activated,0,[],,,,-1.0,baseline_sl,
4313,overheated_24h,XPLUSDT,LONG,sl,-1.0,sl,2.0,False,,,not_activated,0,[],,,,-1.0,baseline_sl,
4313,overheated_24h,XPLUSDT,LONG,sl,-1.0,sl,3.0,False,,,not_activated,0,[],,,,-1.0,baseline_sl,
4313,overheated_24h,XPLUSDT,LONG,sl,-1.0,sl,4.0,False,,,not_activated,0,[],,,,-1.0,baseline_sl,
4313,overheated_24h,XPLUSDT,LONG,sl,-1.0,sl,5.0,False,,,not_activated,0,[],,,,-1.0,baseline_sl,
4313,overheated_24h,XPLUSDT,LONG,sl,-1.0,sl,6.0,False,,,not_activated,0,[],,,,-1.0,baseline_sl,
4313,overheated_24h,XPLUSDT,LONG,sl,-1.0,sl,8.0,False,,,not_activated,0,[],,,,-1.0,baseline_sl,
4313,overheated_24h,XPLUSDT,LONG,sl,-1.0,sl,10.0,False,,,not_activated,0,[],,,,-1.0,baseline_sl,
4315,overheated_24h,AAVEUSDT,LONG,sl,-1.0,sl,2.0,False,,,not_activated,0,[],,,,-1.0,baseline_sl,
4315,overheated_24h,AAVEUSDT,LONG,sl,-1.0,sl,3.0,False,,,not_activated,0,[],,,,-1.0,baseline_sl,
4315,overheated_24h,AAVEUSDT,LONG,sl,-1.0,sl,4.0,False,,,not_activated,0,[],,,,-1.0,baseline_sl,
4315,overheated_24h,AAVEUSDT,LONG,sl,-1.0,sl,5.0,False,,,not_activated,0,[],,,,-1.0,baseline_sl,
4315,overheated_24h,AAVEUSDT,LONG,sl,-1.0,sl,6.0,False,,,not_activated,0,[],,,,-1.0,baseline_sl,
4315,overheated_24h,AAVEUSDT,LONG,sl,-1.0,sl,8.0,False,,,not_activated,0,[],,,,-1.0,baseline_sl,
4315,overheated_24h,AAVEUSDT,LONG,sl,-1.0,sl,10.0,False,,,not_activated,0,[],,,,-1.0,baseline_sl,
4329,overheated_24h,SPKUSDT,LONG,tp,2.0,tp,2.0,True,1787509800,0.023266428571428573,tp_branch,1,[],1787510100,0.023266428571428573,2.0,2.0,partial_tp_floor,
4329,overheated_24h,SPKUSDT,LONG,tp,2.0,tp,3.0,True,1787509800,0.023266428571428573,tp_branch,1,[],1787510100,0.023266428571428573,2.0,2.0,partial_tp_floor,
4329,overheated_24h,SPKUSDT,LONG,tp,2.0,tp,4.0,True,1787509800,0.023266428571428573,tp_branch,1,[],1787510100,0.023266428571428573,2.0,2.0,partial_tp_floor,
4329,overheated_24h,SPKUSDT,LONG,tp,2.0,tp,5.0,True,1787509800,0.023266428571428573,tp_branch,1,[],1787510100,0.023266428571428573,2.0,2.0,partial_tp_floor,
4329,overheated_24h,SPKUSDT,LONG,tp,2.0,tp,6.0,True,1787509800,0.023266428571428573,tp_branch,1,[],1787510100,0.023266428571428573,2.0,2.0,partial_tp_floor,
4329,overheated_24h,SPKUSDT,LONG,tp,2.0,tp,8.0,True,1787509800,0.023266428571428573,tp_branch,1,[],1787510100,0.023266428571428573,2.0,2.0,partial_tp_floor,
4329,overheated_24h,SPKUSDT,LONG,tp,2.0,tp,10.0,True,1787509800,0.023266428571428573,tp_branch,1,[],1787510100,0.023266428571428573,2.0,2.0,partial_tp_floor,
4332,overheated_24h,STXUSDT,LONG,sl,-1.0,sl,2.0,False,,,not_activated,0,[],,,,-1.0,baseline_sl,
4332,overheated_24h,STXUSDT,LONG,sl,-1.0,sl,3.0,False,,,not_activated,0,[],,,,-1.0,baseline_sl,
4332,overheated_24h,STXUSDT,LONG,sl,-1.0,sl,4.0,False,,,not_activated,0,[],,,,-1.0,baseline_sl,
4332,overheated_24h,STXUSDT,LONG,sl,-1.0,sl,5.0,False,,,not_activated,0,[],,,,-1.0,baseline_sl,
4332,overheated_24h,STXUSDT,LONG,sl,-1.0,sl,6.0,False,,,not_activated,0,[],,,,-1.0,baseline_sl,
4332,overheated_24h,STXUSDT,LONG,sl,-1.0,sl,8.0,False,,,not_activated,0,[],,,,-1.0,baseline_sl,
4332,overheated_24h,STXUSDT,LONG,sl,-1.0,sl,10.0,False,,,not_activated,0,[],,,,-1.0,baseline_sl,
4335,overheated_24h,ZROUSDT,LONG,sl,-1.0,sl,2.0,False,,,not_activated,0,[],,,,-1.0,baseline_sl,
4335,overheated_24h,ZROUSDT,LONG,sl,-1.0,sl,3.0,False,,,not_activated,0,[],,,,-1.0,baseline_sl,
4335,overheated_24h,ZROUSDT,LONG,sl,-1.0,sl,4.0,False,,,not_activated,0,[],,,,-1.0,baseline_sl,
4335,overheated_24h,ZROUSDT,LONG,sl,-1.0,sl,5.0,False,,,not_activated,0,[],,,,-1.0,baseline_sl,
4335,overheated_24h,ZROUSDT,LONG,sl,-1.0,sl,6.0,False,,,not_activated,0,[],,,,-1.0,baseline_sl,
4335,overheated_24h,ZROUSDT,LONG,sl,-1.0,sl,8.0,False,,,not_activated,0,[],,,,-1.0,baseline_sl,
4335,overheated_24h,ZROUSDT,LONG,sl,-1.0,sl,10.0,False,,,not_activated,0,[],,,,-1.0,baseline_sl,
4342,overheated_24h,龙虾USDT,LONG,sl,-1.0,sl,2.0,False,,,not_activated,0,[],,,,-1.0,baseline_sl,
4342,overheated_24h,龙虾USDT,LONG,sl,-1.0,sl,3.0,False,,,not_activated,0,[],,,,-1.0,baseline_sl,
4342,overheated_24h,龙虾USDT,LONG,sl,-1.0,sl,4.0,False,,,not_activated,0,[],,,,-1.0,baseline_sl,
4342,overheated_24h,龙虾USDT,LONG,sl,-1.0,sl,5.0,False,,,not_activated,0,[],,,,-1.0,baseline_sl,
4342,overheated_24h,龙虾USDT,LONG,sl,-1.0,sl,6.0,False,,,not_activated,0,[],,,,-1.0,baseline_sl,
4342,overheated_24h,龙虾USDT,LONG,sl,-1.0,sl,8.0,False,,,not_activated,0,[],,,,-1.0,baseline_sl,
4342,overheated_24h,龙虾USDT,LONG,sl,-1.0,sl,10.0,False,,,not_activated,0,[],,,,-1.0,baseline_sl,
4355,overheated_24h,SPKUSDT,LONG,sl,-1.0,sl,2.0,False,,,not_activated,0,[],,,,-1.0,baseline_sl,
4355,overheated_24h,SPKUSDT,LONG,sl,-1.0,sl,3.0,False,,,not_activated,0,[],,,,-1.0,baseline_sl,
4355,overheated_24h,SPKUSDT,LONG,sl,-1.0,sl,4.0,False,,,not_activated,0,[],,,,-1.0,baseline_sl,
4355,overheated_24h,SPKUSDT,LONG,sl,-1.0,sl,5.0,False,,,not_activated,0,[],,,,-1.0,baseline_sl,
4355,overheated_24h,SPKUSDT,LONG,sl,-1.0,sl,6.0,False,,,not_activated,0,[],,,,-1.0,baseline_sl,
4355,overheated_24h,SPKUSDT,LONG,sl,-1.0,sl,8.0,False,,,not_activated,0,[],,,,-1.0,baseline_sl,
4355,overheated_24h,SPKUSDT,LONG,sl,-1.0,sl,10.0,False,,,not_activated,0,[],,,,-1.0,baseline_sl,
4356,overheated_24h,ZORAUSDT,LONG,sl,-1.0,sl,2.0,False,,,not_activated,0,[],,,,-1.0,baseline_sl,
4356,overheated_24h,ZORAUSDT,LONG,sl,-1.0,sl,3.0,False,,,not_activated,0,[],,,,-1.0,baseline_sl,
4356,overheated_24h,ZORAUSDT,LONG,sl,-1.0,sl,4.0,False,,,not_activated,0,[],,,,-1.0,baseline_sl,
4356,overheated_24h,ZORAUSDT,LONG,sl,-1.0,sl,5.0,False,,,not_activated,0,[],,,,-1.0,baseline_sl,
4356,overheated_24h,ZORAUSDT,LONG,sl,-1.0,sl,6.0,False,,,not_activated,0,[],,,,-1.0,baseline_sl,
4356,overheated_24h,ZORAUSDT,LONG,sl,-1.0,sl,8.0,False,,,not_activated,0,[],,,,-1.0,baseline_sl,
4356,overheated_24h,ZORAUSDT,LONG,sl,-1.0,sl,10.0,False,,,not_activated,0,[],,,,-1.0,baseline_sl,
4359,overheated_24h,BRETTUSDT,LONG,sl,-1.0,sl,2.0,False,,,not_activated,0,[],,,,-1.0,baseline_sl,
4359,overheated_24h,BRETTUSDT,LONG,sl,-1.0,sl,3.0,False,,,not_activated,0,[],,,,-1.0,baseline_sl,
4359,overheated_24h,BRETTUSDT,LONG,sl,-1.0,sl,4.0,False,,,not_activated,0,[],,,,-1.0,baseline_sl,
4359,overheated_24h,BRETTUSDT,LONG,sl,-1.0,sl,5.0,False,,,not_activated,0,[],,,,-1.0,baseline_sl,
4359,overheated_24h,BRETTUSDT,LONG,sl,-1.0,sl,6.0,False,,,not_activated,0,[],,,,-1.0,baseline_sl,
4359,overheated_24h,BRETTUSDT,LONG,sl,-1.0,sl,8.0,False,,,not_activated,0,[],,,,-1.0,baseline_sl,
4359,overheated_24h,BRETTUSDT,LONG,sl,-1.0,sl,10.0,False,,,not_activated,0,[],,,,-1.0,baseline_sl,
4365,overheated_24h,ARXUSDT,LONG,sl,-1.0,sl,2.0,False,,,not_activated,0,[],,,,-1.0,baseline_sl,
4365,overheated_24h,ARXUSDT,LONG,sl,-1.0,sl,3.0,False,,,not_activated,0,[],,,,-1.0,baseline_sl,
4365,overheated_24h,ARXUSDT,LONG,sl,-1.0,sl,4.0,False,,,not_activated,0,[],,,,-1.0,baseline_sl,
4365,overheated_24h,ARXUSDT,LONG,sl,-1.0,sl,5.0,False,,,not_activated,0,[],,,,-1.0,baseline_sl,
4365,overheated_24h,ARXUSDT,LONG,sl,-1.0,sl,6.0,False,,,not_activated,0,[],,,,-1.0,baseline_sl,
4365,overheated_24h,ARXUSDT,LONG,sl,-1.0,sl,8.0,False,,,not_activated,0,[],,,,-1.0,baseline_sl,
4365,overheated_24h,ARXUSDT,LONG,sl,-1.0,sl,10.0,False,,,not_activated,0,[],,,,-1.0,baseline_sl,
4372,overheated_24h,TUTUSDT,LONG,sl,-1.0,sl,2.0,False,,,not_activated,0,[],,,,-1.0,baseline_sl,
4372,overheated_24h,TUTUSDT,LONG,sl,-1.0,sl,3.0,False,,,not_activated,0,[],,,,-1.0,baseline_sl,
4372,overheated_24h,TUTUSDT,LONG,sl,-1.0,sl,4.0,False,,,not_activated,0,[],,,,-1.0,baseline_sl,
4372,overheated_24h,TUTUSDT,LONG,sl,-1.0,sl,5.0,False,,,not_activated,0,[],,,,-1.0,baseline_sl,
4372,overheated_24h,TUTUSDT,LONG,sl,-1.0,sl,6.0,False,,,not_activated,0,[],,,,-1.0,baseline_sl,
4372,overheated_24h,TUTUSDT,LONG,sl,-1.0,sl,8.0,False,,,not_activated,0,[],,,,-1.0,baseline_sl,
4372,overheated_24h,TUTUSDT,LONG,sl,-1.0,sl,10.0,False,,,not_activated,0,[],,,,-1.0,baseline_sl,
4374,overheated_24h,PTBUSDT,LONG,sl,-1.0,sl,2.0,False,,,not_activated,0,[],,,,-1.0,baseline_sl,
4374,overheated_24h,PTBUSDT,LONG,sl,-1.0,sl,3.0,False,,,not_activated,0,[],,,,-1.0,baseline_sl,
4374,overheated_24h,PTBUSDT,LONG,sl,-1.0,sl,4.0,False,,,not_activated,0,[],,,,-1.0,baseline_sl,
4374,overheated_24h,PTBUSDT,LONG,sl,-1.0,sl,5.0,False,,,not_activated,0,[],,,,-1.0,baseline_sl,
4374,overheated_24h,PTBUSDT,LONG,sl,-1.0,sl,6.0,False,,,not_activated,0,[],,,,-1.0,baseline_sl,
4374,overheated_24h,PTBUSDT,LONG,sl,-1.0,sl,8.0,False,,,not_activated,0,[],,,,-1.0,baseline_sl,
4374,overheated_24h,PTBUSDT,LONG,sl,-1.0,sl,10.0,False,,,not_activated,0,[],,,,-1.0,baseline_sl,
4376,overheated_24h,PROMUSDT,LONG,tp,2.0,tp,2.0,True,1787625900,4.14925,tp_branch,2,"[{""ts"":1787626200,""favorable_extreme"":4.248,""stop"":4.1630400000000005}]",1787626500,4.1630400000000005,2.0442519053349386,2.0221259526674693,partial_trail_stop,
4376,overheated_24h,PROMUSDT,LONG,tp,2.0,tp,3.0,True,1787625900,4.14925,tp_branch,2,"[{""ts"":1787626200,""favorable_extreme"":4.248,""stop"":4.14925}]",1787626500,4.14925,2.0,2.0,partial_tp_floor,
4376,overheated_24h,PROMUSDT,LONG,tp,2.0,tp,4.0,True,1787625900,4.14925,tp_branch,2,"[{""ts"":1787626200,""favorable_extreme"":4.248,""stop"":4.14925}]",1787626500,4.14925,2.0,2.0,partial_tp_floor,
4376,overheated_24h,PROMUSDT,LONG,tp,2.0,tp,5.0,True,1787625900,4.14925,tp_branch,2,"[{""ts"":1787626200,""favorable_extreme"":4.248,""stop"":4.14925}]",1787626500,4.14925,2.0,2.0,partial_tp_floor,
4376,overheated_24h,PROMUSDT,LONG,tp,2.0,tp,6.0,True,1787625900,4.14925,tp_branch,2,"[{""ts"":1787626200,""favorable_extreme"":4.248,""stop"":4.14925}]",1787626500,4.14925,2.0,2.0,partial_tp_floor,
4376,overheated_24h,PROMUSDT,LONG,tp,2.0,tp,8.0,True,1787625900,4.14925,tp_branch,2,"[{""ts"":1787626200,""favorable_extreme"":4.248,""stop"":4.14925}]",1787626500,4.14925,2.0,2.0,partial_tp_floor,
4376,overheated_24h,PROMUSDT,LONG,tp,2.0,tp,10.0,True,1787625900,4.14925,tp_branch,2,"[{""ts"":1787626200,""favorable_extreme"":4.248,""stop"":4.14925}]",1787626500,4.14925,2.0,2.0,partial_tp_floor,
4377,overheated_24h,SCRTUSDT,LONG,sl,-1.0,sl,2.0,False,,,not_activated,0,[],,,,-1.0,baseline_sl,
4377,overheated_24h,SCRTUSDT,LONG,sl,-1.0,sl,3.0,False,,,not_activated,0,[],,,,-1.0,baseline_sl,
4377,overheated_24h,SCRTUSDT,LONG,sl,-1.0,sl,4.0,False,,,not_activated,0,[],,,,-1.0,baseline_sl,
4377,overheated_24h,SCRTUSDT,LONG,sl,-1.0,sl,5.0,False,,,not_activated,0,[],,,,-1.0,baseline_sl,
4377,overheated_24h,SCRTUSDT,LONG,sl,-1.0,sl,6.0,False,,,not_activated,0,[],,,,-1.0,baseline_sl,
4377,overheated_24h,SCRTUSDT,LONG,sl,-1.0,sl,8.0,False,,,not_activated,0,[],,,,-1.0,baseline_sl,
4377,overheated_24h,SCRTUSDT,LONG,sl,-1.0,sl,10.0,False,,,not_activated,0,[],,,,-1.0,baseline_sl,
4378,overheated_24h,RATSUSDT,LONG,sl,-1.0,sl,2.0,False,,,not_activated,0,[],,,,-1.0,baseline_sl,
4378,overheated_24h,RATSUSDT,LONG,sl,-1.0,sl,3.0,False,,,not_activated,0,[],,,,-1.0,baseline_sl,
4378,overheated_24h,RATSUSDT,LONG,sl,-1.0,sl,4.0,False,,,not_activated,0,[],,,,-1.0,baseline_sl,
4378,overheated_24h,RATSUSDT,LONG,sl,-1.0,sl,5.0,False,,,not_activated,0,[],,,,-1.0,baseline_sl,
4378,overheated_24h,RATSUSDT,LONG,sl,-1.0,sl,6.0,False,,,not_activated,0,[],,,,-1.0,baseline_sl,
4378,overheated_24h,RATSUSDT,LONG,sl,-1.0,sl,8.0,False,,,not_activated,0,[],,,,-1.0,baseline_sl,
4378,overheated_24h,RATSUSDT,LONG,sl,-1.0,sl,10.0,False,,,not_activated,0,[],,,,-1.0,baseline_sl,
4380,overheated_24h,UAIUSDT,LONG,tp,2.0,tp,2.0,True,1787580900,0.37752642857142854,tp_branch,2,"[{""ts"":1787581200,""favorable_extreme"":0.38275,""stop"":0.37752642857142854}]",1787581500,0.37752642857142854,2.0,2.0,partial_tp_floor,
4380,overheated_24h,UAIUSDT,LONG,tp,2.0,tp,3.0,True,1787580900,0.37752642857142854,tp_branch,2,"[{""ts"":1787581200,""favorable_extreme"":0.38275,""stop"":0.37752642857142854}]",1787581500,0.37752642857142854,2.0,2.0,partial_tp_floor,
4380,overheated_24h,UAIUSDT,LONG,tp,2.0,tp,4.0,True,1787580900,0.37752642857142854,tp_branch,2,"[{""ts"":1787581200,""favorable_extreme"":0.38275,""stop"":0.37752642857142854}]",1787581500,0.37752642857142854,2.0,2.0,partial_tp_floor,
4380,overheated_24h,UAIUSDT,LONG,tp,2.0,tp,5.0,True,1787580900,0.37752642857142854,tp_branch,2,"[{""ts"":1787581200,""favorable_extreme"":0.38275,""stop"":0.37752642857142854}]",1787581500,0.37752642857142854,2.0,2.0,partial_tp_floor,
4380,overheated_24h,UAIUSDT,LONG,tp,2.0,tp,6.0,True,1787580900,0.37752642857142854,tp_branch,2,"[{""ts"":1787581200,""favorable_extreme"":0.38275,""stop"":0.37752642857142854}]",1787581500,0.37752642857142854,2.0,2.0,partial_tp_floor,
4380,overheated_24h,UAIUSDT,LONG,tp,2.0,tp,8.0,True,1787580900,0.37752642857142854,tp_branch,2,"[{""ts"":1787581200,""favorable_extreme"":0.38275,""stop"":0.37752642857142854}]",1787581500,0.37752642857142854,2.0,2.0,partial_tp_floor,
4380,overheated_24h,UAIUSDT,LONG,tp,2.0,tp,10.0,True,1787580900,0.37752642857142854,tp_branch,2,"[{""ts"":1787581200,""favorable_extreme"":0.38275,""stop"":0.37752642857142854}]",1787581500,0.37752642857142854,2.0,2.0,partial_tp_floor,
4385,overheated_24h,BTRUSDT,LONG,sl,-1.0,sl,2.0,False,,,not_activated,0,[],,,,-1.0,baseline_sl,
4385,overheated_24h,BTRUSDT,LONG,sl,-1.0,sl,3.0,False,,,not_activated,0,[],,,,-1.0,baseline_sl,
4385,overheated_24h,BTRUSDT,LONG,sl,-1.0,sl,4.0,False,,,not_activated,0,[],,,,-1.0,baseline_sl,
4385,overheated_24h,BTRUSDT,LONG,sl,-1.0,sl,5.0,False,,,not_activated,0,[],,,,-1.0,baseline_sl,
4385,overheated_24h,BTRUSDT,LONG,sl,-1.0,sl,6.0,False,,,not_activated,0,[],,,,-1.0,baseline_sl,
4385,overheated_24h,BTRUSDT,LONG,sl,-1.0,sl,8.0,False,,,not_activated,0,[],,,,-1.0,baseline_sl,
4385,overheated_24h,BTRUSDT,LONG,sl,-1.0,sl,10.0,False,,,not_activated,0,[],,,,-1.0,baseline_sl,
4396,overheated_24h,VELVETUSDT,LONG,sl,-1.0,sl,2.0,False,,,not_activated,0,[],,,,-1.0,baseline_sl,
4396,overheated_24h,VELVETUSDT,LONG,sl,-1.0,sl,3.0,False,,,not_activated,0,[],,,,-1.0,baseline_sl,
4396,overheated_24h,VELVETUSDT,LONG,sl,-1.0,sl,4.0,False,,,not_activated,0,[],,,,-1.0,baseline_sl,
4396,overheated_24h,VELVETUSDT,LONG,sl,-1.0,sl,5.0,False,,,not_activated,0,[],,,,-1.0,baseline_sl,
4396,overheated_24h,VELVETUSDT,LONG,sl,-1.0,sl,6.0,False,,,not_activated,0,[],,,,-1.0,baseline_sl,
4396,overheated_24h,VELVETUSDT,LONG,sl,-1.0,sl,8.0,False,,,not_activated,0,[],,,,-1.0,baseline_sl,
4396,overheated_24h,VELVETUSDT,LONG,sl,-1.0,sl,10.0,False,,,not_activated,0,[],,,,-1.0,baseline_sl,
4422,overheated_24h,SUPERUSDT,LONG,tp,1.999999999999995,tp,2.0,True,1787580000,0.13365,tp_branch,2,"[{""ts"":1787580300,""favorable_extreme"":0.1366,""stop"":0.133868}]",1787580600,0.133868,2.0398173515981677,2.019908675799081,partial_trail_stop,
4422,overheated_24h,SUPERUSDT,LONG,tp,1.999999999999995,tp,3.0,True,1787580000,0.13365,tp_branch,2,"[{""ts"":1787580300,""favorable_extreme"":0.1366,""stop"":0.13365}]",1787580600,0.13365,1.999999999999995,1.999999999999995,partial_tp_floor,
4422,overheated_24h,SUPERUSDT,LONG,tp,1.999999999999995,tp,4.0,True,1787580000,0.13365,tp_branch,2,"[{""ts"":1787580300,""favorable_extreme"":0.1366,""stop"":0.13365}]",1787580600,0.13365,1.999999999999995,1.999999999999995,partial_tp_floor,
4422,overheated_24h,SUPERUSDT,LONG,tp,1.999999999999995,tp,5.0,True,1787580000,0.13365,tp_branch,2,"[{""ts"":1787580300,""favorable_extreme"":0.1366,""stop"":0.13365}]",1787580600,0.13365,1.999999999999995,1.999999999999995,partial_tp_floor,
4422,overheated_24h,SUPERUSDT,LONG,tp,1.999999999999995,tp,6.0,True,1787580000,0.13365,tp_branch,2,"[{""ts"":1787580300,""favorable_extreme"":0.1366,""stop"":0.13365}]",1787580600,0.13365,1.999999999999995,1.999999999999995,partial_tp_floor,
4422,overheated_24h,SUPERUSDT,LONG,tp,1.999999999999995,tp,8.0,True,1787580000,0.13365,tp_branch,2,"[{""ts"":1787580300,""favorable_extreme"":0.1366,""stop"":0.13365}]",1787580600,0.13365,1.999999999999995,1.999999999999995,partial_tp_floor,
4422,overheated_24h,SUPERUSDT,LONG,tp,1.999999999999995,tp,10.0,True,1787580000,0.13365,tp_branch,2,"[{""ts"":1787580300,""favorable_extreme"":0.1366,""stop"":0.13365}]",1787580600,0.13365,1.999999999999995,1.999999999999995,partial_tp_floor,
4469,overheated_24h,SUPERUSDT,LONG,sl,-1.0,sl,2.0,False,,,not_activated,0,[],,,,-1.0,baseline_sl,
4469,overheated_24h,SUPERUSDT,LONG,sl,-1.0,sl,3.0,False,,,not_activated,0,[],,,,-1.0,baseline_sl,
4469,overheated_24h,SUPERUSDT,LONG,sl,-1.0,sl,4.0,False,,,not_activated,0,[],,,,-1.0,baseline_sl,
4469,overheated_24h,SUPERUSDT,LONG,sl,-1.0,sl,5.0,False,,,not_activated,0,[],,,,-1.0,baseline_sl,
4469,overheated_24h,SUPERUSDT,LONG,sl,-1.0,sl,6.0,False,,,not_activated,0,[],,,,-1.0,baseline_sl,
4469,overheated_24h,SUPERUSDT,LONG,sl,-1.0,sl,8.0,False,,,not_activated,0,[],,,,-1.0,baseline_sl,
4469,overheated_24h,SUPERUSDT,LONG,sl,-1.0,sl,10.0,False,,,not_activated,0,[],,,,-1.0,baseline_sl,
4472,overheated_24h,COTIUSDT,LONG,sl,-1.0,sl,2.0,False,,,not_activated,0,[],,,,-1.0,baseline_sl,
4472,overheated_24h,COTIUSDT,LONG,sl,-1.0,sl,3.0,False,,,not_activated,0,[],,,,-1.0,baseline_sl,
4472,overheated_24h,COTIUSDT,LONG,sl,-1.0,sl,4.0,False,,,not_activated,0,[],,,,-1.0,baseline_sl,
4472,overheated_24h,COTIUSDT,LONG,sl,-1.0,sl,5.0,False,,,not_activated,0,[],,,,-1.0,baseline_sl,
4472,overheated_24h,COTIUSDT,LONG,sl,-1.0,sl,6.0,False,,,not_activated,0,[],,,,-1.0,baseline_sl,
4472,overheated_24h,COTIUSDT,LONG,sl,-1.0,sl,8.0,False,,,not_activated,0,[],,,,-1.0,baseline_sl,
4472,overheated_24h,COTIUSDT,LONG,sl,-1.0,sl,10.0,False,,,not_activated,0,[],,,,-1.0,baseline_sl,
4477,overheated_24h,SUPERUSDT,LONG,sl,-1.0,sl,2.0,False,,,not_activated,0,[],,,,-1.0,baseline_sl,
4477,overheated_24h,SUPERUSDT,LONG,sl,-1.0,sl,3.0,False,,,not_activated,0,[],,,,-1.0,baseline_sl,
4477,overheated_24h,SUPERUSDT,LONG,sl,-1.0,sl,4.0,False,,,not_activated,0,[],,,,-1.0,baseline_sl,
4477,overheated_24h,SUPERUSDT,LONG,sl,-1.0,sl,5.0,False,,,not_activated,0,[],,,,-1.0,baseline_sl,
4477,overheated_24h,SUPERUSDT,LONG,sl,-1.0,sl,6.0,False,,,not_activated,0,[],,,,-1.0,baseline_sl,
4477,overheated_24h,SUPERUSDT,LONG,sl,-1.0,sl,8.0,False,,,not_activated,0,[],,,,-1.0,baseline_sl,
4477,overheated_24h,SUPERUSDT,LONG,sl,-1.0,sl,10.0,False,,,not_activated,0,[],,,,-1.0,baseline_sl,
4500,overheated_24h,STORJUSDT,LONG,sl,-1.0,sl,2.0,False,,,not_activated,0,[],,,,-1.0,baseline_sl,
4500,overheated_24h,STORJUSDT,LONG,sl,-1.0,sl,3.0,False,,,not_activated,0,[],,,,-1.0,baseline_sl,
4500,overheated_24h,STORJUSDT,LONG,sl,-1.0,sl,4.0,False,,,not_activated,0,[],,,,-1.0,baseline_sl,
4500,overheated_24h,STORJUSDT,LONG,sl,-1.0,sl,5.0,False,,,not_activated,0,[],,,,-1.0,baseline_sl,
4500,overheated_24h,STORJUSDT,LONG,sl,-1.0,sl,6.0,False,,,not_activated,0,[],,,,-1.0,baseline_sl,
4500,overheated_24h,STORJUSDT,LONG,sl,-1.0,sl,8.0,False,,,not_activated,0,[],,,,-1.0,baseline_sl,
4500,overheated_24h,STORJUSDT,LONG,sl,-1.0,sl,10.0,False,,,not_activated,0,[],,,,-1.0,baseline_sl,
4511,overheated_24h,UAIUSDT,LONG,sl,-1.0,sl,2.0,False,,,not_activated,0,[],,,,-1.0,baseline_sl,
4511,overheated_24h,UAIUSDT,LONG,sl,-1.0,sl,3.0,False,,,not_activated,0,[],,,,-1.0,baseline_sl,
4511,overheated_24h,UAIUSDT,LONG,sl,-1.0,sl,4.0,False,,,not_activated,0,[],,,,-1.0,baseline_sl,
4511,overheated_24h,UAIUSDT,LONG,sl,-1.0,sl,5.0,False,,,not_activated,0,[],,,,-1.0,baseline_sl,
4511,overheated_24h,UAIUSDT,LONG,sl,-1.0,sl,6.0,False,,,not_activated,0,[],,,,-1.0,baseline_sl,
4511,overheated_24h,UAIUSDT,LONG,sl,-1.0,sl,8.0,False,,,not_activated,0,[],,,,-1.0,baseline_sl,
4511,overheated_24h,UAIUSDT,LONG,sl,-1.0,sl,10.0,False,,,not_activated,0,[],,,,-1.0,baseline_sl,
4557,overheated_24h,TACUSDT,LONG,tp,2.0,tp,2.0,True,1787625600,0.0025038571428571427,tp_branch,1,[],1787625900,0.0025038571428571427,2.0,2.0,partial_tp_floor,
4557,overheated_24h,TACUSDT,LONG,tp,2.0,tp,3.0,True,1787625600,0.0025038571428571427,tp_branch,1,[],1787625900,0.0025038571428571427,2.0,2.0,partial_tp_floor,
4557,overheated_24h,TACUSDT,LONG,tp,2.0,tp,4.0,True,1787625600,0.0025038571428571427,tp_branch,1,[],1787625900,0.0025038571428571427,2.0,2.0,partial_tp_floor,
4557,overheated_24h,TACUSDT,LONG,tp,2.0,tp,5.0,True,1787625600,0.0025038571428571427,tp_branch,1,[],1787625900,0.0025038571428571427,2.0,2.0,partial_tp_floor,
4557,overheated_24h,TACUSDT,LONG,tp,2.0,tp,6.0,True,1787625600,0.0025038571428571427,tp_branch,1,[],1787625900,0.0025038571428571427,2.0,2.0,partial_tp_floor,
4557,overheated_24h,TACUSDT,LONG,tp,2.0,tp,8.0,True,1787625600,0.0025038571428571427,tp_branch,1,[],1787625900,0.0025038571428571427,2.0,2.0,partial_tp_floor,
4557,overheated_24h,TACUSDT,LONG,tp,2.0,tp,10.0,True,1787625600,0.0025038571428571427,tp_branch,1,[],1787625900,0.0025038571428571427,2.0,2.0,partial_tp_floor,
4622,overheated_24h,CTRUSDT,LONG,sl,-1.0,sl,2.0,False,,,not_activated,0,[],,,,-1.0,baseline_sl,
4622,overheated_24h,CTRUSDT,LONG,sl,-1.0,sl,3.0,False,,,not_activated,0,[],,,,-1.0,baseline_sl,
4622,overheated_24h,CTRUSDT,LONG,sl,-1.0,sl,4.0,False,,,not_activated,0,[],,,,-1.0,baseline_sl,
4622,overheated_24h,CTRUSDT,LONG,sl,-1.0,sl,5.0,False,,,not_activated,0,[],,,,-1.0,baseline_sl,
4622,overheated_24h,CTRUSDT,LONG,sl,-1.0,sl,6.0,False,,,not_activated,0,[],,,,-1.0,baseline_sl,
4622,overheated_24h,CTRUSDT,LONG,sl,-1.0,sl,8.0,False,,,not_activated,0,[],,,,-1.0,baseline_sl,
4622,overheated_24h,CTRUSDT,LONG,sl,-1.0,sl,10.0,False,,,not_activated,0,[],,,,-1.0,baseline_sl,
4642,overheated_24h,VIRTUALUSDT,LONG,sl,-1.0,sl,2.0,False,,,not_activated,0,[],,,,-1.0,baseline_sl,
4642,overheated_24h,VIRTUALUSDT,LONG,sl,-1.0,sl,3.0,False,,,not_activated,0,[],,,,-1.0,baseline_sl,
4642,overheated_24h,VIRTUALUSDT,LONG,sl,-1.0,sl,4.0,False,,,not_activated,0,[],,,,-1.0,baseline_sl,
4642,overheated_24h,VIRTUALUSDT,LONG,sl,-1.0,sl,5.0,False,,,not_activated,0,[],,,,-1.0,baseline_sl,
4642,overheated_24h,VIRTUALUSDT,LONG,sl,-1.0,sl,6.0,False,,,not_activated,0,[],,,,-1.0,baseline_sl,
4642,overheated_24h,VIRTUALUSDT,LONG,sl,-1.0,sl,8.0,False,,,not_activated,0,[],,,,-1.0,baseline_sl,
4642,overheated_24h,VIRTUALUSDT,LONG,sl,-1.0,sl,10.0,False,,,not_activated,0,[],,,,-1.0,baseline_sl,
4643,overheated_24h,AEROUSDT,LONG,sl,-1.0,sl,2.0,False,,,not_activated,0,[],,,,-1.0,baseline_sl,
4643,overheated_24h,AEROUSDT,LONG,sl,-1.0,sl,3.0,False,,,not_activated,0,[],,,,-1.0,baseline_sl,
4643,overheated_24h,AEROUSDT,LONG,sl,-1.0,sl,4.0,False,,,not_activated,0,[],,,,-1.0,baseline_sl,
4643,overheated_24h,AEROUSDT,LONG,sl,-1.0,sl,5.0,False,,,not_activated,0,[],,,,-1.0,baseline_sl,
4643,overheated_24h,AEROUSDT,LONG,sl,-1.0,sl,6.0,False,,,not_activated,0,[],,,,-1.0,baseline_sl,
4643,overheated_24h,AEROUSDT,LONG,sl,-1.0,sl,8.0,False,,,not_activated,0,[],,,,-1.0,baseline_sl,
4643,overheated_24h,AEROUSDT,LONG,sl,-1.0,sl,10.0,False,,,not_activated,0,[],,,,-1.0,baseline_sl,
4689,overheated_24h,STARUSDT,LONG,tp,2.0,tp,2.0,True,1787675100,0.16845464285714287,tp_branch,1,[],1787675400,0.16845464285714287,2.0,2.0,partial_tp_floor,
4689,overheated_24h,STARUSDT,LONG,tp,2.0,tp,3.0,True,1787675100,0.16845464285714287,tp_branch,1,[],1787675400,0.16845464285714287,2.0,2.0,partial_tp_floor,
4689,overheated_24h,STARUSDT,LONG,tp,2.0,tp,4.0,True,1787675100,0.16845464285714287,tp_branch,1,[],1787675400,0.16845464285714287,2.0,2.0,partial_tp_floor,
4689,overheated_24h,STARUSDT,LONG,tp,2.0,tp,5.0,True,1787675100,0.16845464285714287,tp_branch,1,[],1787675400,0.16845464285714287,2.0,2.0,partial_tp_floor,
4689,overheated_24h,STARUSDT,LONG,tp,2.0,tp,6.0,True,1787675100,0.16845464285714287,tp_branch,1,[],1787675400,0.16845464285714287,2.0,2.0,partial_tp_floor,
4689,overheated_24h,STARUSDT,LONG,tp,2.0,tp,8.0,True,1787675100,0.16845464285714287,tp_branch,1,[],1787675400,0.16845464285714287,2.0,2.0,partial_tp_floor,
4689,overheated_24h,STARUSDT,LONG,tp,2.0,tp,10.0,True,1787675100,0.16845464285714287,tp_branch,1,[],1787675400,0.16845464285714287,2.0,2.0,partial_tp_floor,
4712,overheated_24h,WIFUSDT,LONG,sl,-1.0,sl,2.0,False,,,not_activated,0,[],,,,-1.0,baseline_sl,
4712,overheated_24h,WIFUSDT,LONG,sl,-1.0,sl,3.0,False,,,not_activated,0,[],,,,-1.0,baseline_sl,
4712,overheated_24h,WIFUSDT,LONG,sl,-1.0,sl,4.0,False,,,not_activated,0,[],,,,-1.0,baseline_sl,
4712,overheated_24h,WIFUSDT,LONG,sl,-1.0,sl,5.0,False,,,not_activated,0,[],,,,-1.0,baseline_sl,
4712,overheated_24h,WIFUSDT,LONG,sl,-1.0,sl,6.0,False,,,not_activated,0,[],,,,-1.0,baseline_sl,
4712,overheated_24h,WIFUSDT,LONG,sl,-1.0,sl,8.0,False,,,not_activated,0,[],,,,-1.0,baseline_sl,
4712,overheated_24h,WIFUSDT,LONG,sl,-1.0,sl,10.0,False,,,not_activated,0,[],,,,-1.0,baseline_sl,
4814,overheated_24h,POPCATUSDT,LONG,sl,-1.0,sl,2.0,False,,,not_activated,0,[],,,,-1.0,baseline_sl,
4814,overheated_24h,POPCATUSDT,LONG,sl,-1.0,sl,3.0,False,,,not_activated,0,[],,,,-1.0,baseline_sl,
4814,overheated_24h,POPCATUSDT,LONG,sl,-1.0,sl,4.0,False,,,not_activated,0,[],,,,-1.0,baseline_sl,
4814,overheated_24h,POPCATUSDT,LONG,sl,-1.0,sl,5.0,False,,,not_activated,0,[],,,,-1.0,baseline_sl,
4814,overheated_24h,POPCATUSDT,LONG,sl,-1.0,sl,6.0,False,,,not_activated,0,[],,,,-1.0,baseline_sl,
4814,overheated_24h,POPCATUSDT,LONG,sl,-1.0,sl,8.0,False,,,not_activated,0,[],,,,-1.0,baseline_sl,
4814,overheated_24h,POPCATUSDT,LONG,sl,-1.0,sl,10.0,False,,,not_activated,0,[],,,,-1.0,baseline_sl,
4862,overheated_24h,龙虾USDT,LONG,tp,2.0,tp,2.0,True,1787684700,0.03508410714285714,tp_branch,1,[],1787685000,0.03508410714285714,2.0,2.0,partial_tp_floor,
4862,overheated_24h,龙虾USDT,LONG,tp,2.0,tp,3.0,True,1787684700,0.03508410714285714,tp_branch,1,[],1787685000,0.03508410714285714,2.0,2.0,partial_tp_floor,
4862,overheated_24h,龙虾USDT,LONG,tp,2.0,tp,4.0,True,1787684700,0.03508410714285714,tp_branch,1,[],1787685000,0.03508410714285714,2.0,2.0,partial_tp_floor,
4862,overheated_24h,龙虾USDT,LONG,tp,2.0,tp,5.0,True,1787684700,0.03508410714285714,tp_branch,1,[],1787685000,0.03508410714285714,2.0,2.0,partial_tp_floor,
4862,overheated_24h,龙虾USDT,LONG,tp,2.0,tp,6.0,True,1787684700,0.03508410714285714,tp_branch,1,[],1787685000,0.03508410714285714,2.0,2.0,partial_tp_floor,
4862,overheated_24h,龙虾USDT,LONG,tp,2.0,tp,8.0,True,1787684700,0.03508410714285714,tp_branch,1,[],1787685000,0.03508410714285714,2.0,2.0,partial_tp_floor,
4862,overheated_24h,龙虾USDT,LONG,tp,2.0,tp,10.0,True,1787684700,0.03508410714285714,tp_branch,1,[],1787685000,0.03508410714285714,2.0,2.0,partial_tp_floor,
4879,overheated_24h,FLUIDUSDT,LONG,sl,-1.0,sl,2.0,False,,,not_activated,0,[],,,,-1.0,baseline_sl,
4879,overheated_24h,FLUIDUSDT,LONG,sl,-1.0,sl,3.0,False,,,not_activated,0,[],,,,-1.0,baseline_sl,
4879,overheated_24h,FLUIDUSDT,LONG,sl,-1.0,sl,4.0,False,,,not_activated,0,[],,,,-1.0,baseline_sl,
4879,overheated_24h,FLUIDUSDT,LONG,sl,-1.0,sl,5.0,False,,,not_activated,0,[],,,,-1.0,baseline_sl,
4879,overheated_24h,FLUIDUSDT,LONG,sl,-1.0,sl,6.0,False,,,not_activated,0,[],,,,-1.0,baseline_sl,
4879,overheated_24h,FLUIDUSDT,LONG,sl,-1.0,sl,8.0,False,,,not_activated,0,[],,,,-1.0,baseline_sl,
4879,overheated_24h,FLUIDUSDT,LONG,sl,-1.0,sl,10.0,False,,,not_activated,0,[],,,,-1.0,baseline_sl,
