id,ts_open,ts_open_utc,symbol,direction,alert_type,status,outcome,entry_price,sl_price,tp_price,exit_price,result_r,risk_pct,reward_pct,reward_risk,signal_price,entry_vs_signal_pct,log_match_ts,log_match_delta_sec,ema_gap_pct_log,overheated_pct24_log,overheated_rsi_log,confirmation_volume_ratio_log,confirmation_number_log,confirmation_age_min_log,confirmation_tp_mult_log
1638,1786620062,2026-08-13T11:21:02+00:00,POWERUSDT,SHORT,ema_cross,tp,tp,0.09365,0.09846379310344827,0.08402241379310345,0.084,2.0046561604584516,5.1401955188983175,10.280391037796635,2.0,0.09365,0.0,1786620063.101,1.1010000705718994,0.198,,,,,,
1639,1786620156,2026-08-13T11:22:36+00:00,AVNTUSDT,LONG,ema_cross,tp,tp,0.0971,0.09436206896551724,0.10257586206896552,0.10257586206896552,1.999999999999995,2.819702404204699,5.639404808409384,1.999999999999995,0.0971,0.0,1786620156.915,0.9149999618530273,0.282,,,,,,
1640,1786620213,2026-08-13T11:23:33+00:00,CBRSUSDT,SHORT,ema_cross,sl,sl,215.6,221.48620689655172,203.82758620689654,222.5,-1.1722319859402466,2.730151621777239,5.460303243554478,2.0,215.6,0.0,1786620213.738,0.7379999160766602,0.404,,,,,,
1641,1786620228,2026-08-13T11:23:48+00:00,GIGADEVUSDT,SHORT,ema_cross,sl,sl,63.68,65.45137931034483,60.13724137931034,65.53,-1.0443838816429794,2.7816886154912592,5.563377230982507,1.999999999999996,63.68,0.0,1786620228.85,0.8499999046325684,0.173,,,,,,
1648,1786623292,2026-08-13T12:14:52+00:00,B2USDT,LONG,ema_cross,sl,sl,0.4841,0.4706862068965517,0.5109275862068965,0.4706862068965517,-1.0,2.7708723617947237,5.5417447235894475,2.0,0.4841,0.0,1786623292.779,0.7790000438690186,0.194,,,,,,
1649,1786623324,2026-08-13T12:15:24+00:00,ZHIPUUSDT,LONG,ema_cross,tp,tp,167.3,162.79068965517243,176.31862068965518,176.31862068965518,2.0,2.6953439000762596,5.390687800152519,2.0,167.3,0.0,1786623324.9,0.9000000953674316,0.463,,,,,,
1650,1786623342,2026-08-13T12:15:42+00:00,GPSUSDT,LONG,ema_cross,sl,sl,0.011161,0.010899931034482759,0.011683137931034484,0.010802,-1.3751155725795752,2.3391180496124204,4.678236099224825,1.9999999999999933,0.011161,0.0,1786623342.683,0.6830000877380371,1.307,,,,,,
1651,1786623403,2026-08-13T12:16:43+00:00,CLOUSDT,SHORT,ema_cross,sl,sl,0.10946,0.11667172413793103,0.09503655172413794,0.11685,-1.0247202830639761,6.588456183017569,13.176912366035138,2.0,0.10946,0.0,1786623403.414,0.4140000343322754,0.355,,,,,,
1652,1786623455,2026-08-13T12:17:35+00:00,BANKUSDT,LONG,ema_cross,sl,sl,0.04354,0.04105275862068966,0.04851448275862069,0.04105275862068966,-1.0,5.71254336084139,11.425086721682796,2.0000000000000027,0.04354,0.0,1786623455.211,0.2109999656677246,0.918,,,,,,
1653,1786623554,2026-08-13T12:19:14+00:00,BUSDT,LONG,ema_cross,sl,sl,0.1646,0.15816896551724138,0.17746206896551725,0.1573,-1.135120643431637,3.9070683370343944,7.814136674068806,2.0000000000000044,0.1646,0.0,1786623554.755,0.755000114440918,0.75,,,,,,
1709,1786637841,2026-08-13T16:17:21+00:00,BSPUSDT,SHORT,ema_cross,sl,sl,39.64,42.20724137931035,34.50551724137931,42.20724137931035,-1.0,6.476390966978672,12.952781933957343,2.0,39.64,0.0,1786637841.598,0.5980000495910645,1.568,,,,,,
1710,1786637843,2026-08-13T16:17:23+00:00,SWARMSUSDT,LONG,ema_cross,sl,sl,0.008211,0.007886827586206896,0.008859344827586206,0.007861,-1.079672375279225,3.9480259870064947,7.896051974012989,2.0,0.008211,0.0,1786637843.707,0.7070000171661377,0.253,,,,,,
1711,1786637864,2026-08-13T16:17:44+00:00,MVLLUSDT,LONG,ema_cross,sl,sl,28.88,27.768965517241377,31.10206896551724,27.768965517241377,-1.0,3.8470723087209917,7.694144617441973,1.999999999999997,28.88,0.0,1786637865.027,1.0269999504089355,0.627,,,,,,
1712,1786637923,2026-08-13T16:18:43+00:00,MRVLUSDT,LONG,ema_cross,sl,sl,226.92,222.2506896551724,236.25862068965517,222.2506896551724,-1.0,2.0576900867387535,4.1153801734775195,2.000000000000006,226.92,0.0,1786637923.694,0.6940000057220459,0.41,,,,,,
1713,1786638059,2026-08-13T16:20:59+00:00,COTIUSDT,LONG,ema_cross,sl,sl,0.01238,0.011524827586206897,0.014090344827586207,0.011524827586206897,-1.0,6.907693164726199,13.815386329452398,2.0,0.01238,0.0,1786638059.706,0.7060000896453857,0.654,,,,,,
1714,1786638060,2026-08-13T16:21:00+00:00,JCTUSDT,SHORT,ema_cross,tp,tp,0.003491,0.0037027241379310348,0.003067551724137931,0.002548,4.453908794788273,6.064856428846594,12.129712857693187,2.0,0.003491,0.0,1786638060.402,0.40199995040893555,0.451,,,,,,
1715,1786638064,2026-08-13T16:21:04+00:00,GIGGLEUSDT,SHORT,ema_cross,sl,sl,33.24,34.85586206896552,30.008275862068967,36.42,-1.9679897567221483,4.861197560064739,9.722395120129468,1.9999999999999978,33.24,0.0,1786638064.626,0.625999927520752,0.524,,,,,,
1737,1786651213,2026-08-13T20:00:13+00:00,AAOIUSDT,SHORT,ema_cross,sl,sl,130.43,135.54724137931035,120.19551724137932,139.7,-1.81152291105121,3.9233622474203345,7.846724494840669,2.0,130.43,0.0,1786651214.22,1.2200000286102295,0.422,,,,,,
1738,1786651306,2026-08-13T20:01:46+00:00,PLUMEUSDT,LONG,ema_cross,tp,tp,0.012506,0.012101310344827585,0.013315379310344827,0.013323,2.0188309475119266,3.235963978669553,6.471927957339092,1.9999999999999958,0.012506,0.0,1786651306.482,0.48200011253356934,0.329,,,,,,
1739,1786651321,2026-08-13T20:02:01+00:00,PLTRXUSDT,LONG,ema_cross,sl,sl,179.01,176.35206896551722,184.3258620689655,176.35,-1.0007784120394334,1.4847947234695111,2.9695894469390067,1.9999999999999893,179.01,0.0,1786651321.746,0.7460000514984131,0.281,,,,,,
1740,1786651362,2026-08-13T20:02:42+00:00,ROBOUSDT,LONG,ema_cross,tp,tp,0.01416,0.013428620689655174,0.015622758620689656,0.01565,2.037246581801039,5.165108123904145,10.330216247808302,2.000000000000002,0.01416,0.0,1786651362.977,0.9769999980926514,0.282,,,,,,
1741,1786651433,2026-08-13T20:03:53+00:00,AEONUSDT,LONG,ema_cross,tp,tp,0.0622,0.058888965517241376,0.06882206896551724,0.07129,2.745365548843992,5.323206563920615,10.64641312784122,1.999999999999998,0.0622,0.0,1786651434.666,1.6659998893737793,0.762,,,,,,
1742,1786651454,2026-08-13T20:04:14+00:00,GLWUSDT,SHORT,ema_cross,sl,sl,158.55,161.41758620689657,152.81482758620692,161.41758620689657,-1.0,1.8086321077871719,3.6172642155743264,1.99999999999999,158.55,0.0,1786651454.673,0.6730000972747803,0.35,,,,,,
1743,1786651464,2026-08-13T20:04:24+00:00,ETHFIUSDT,LONG,ema_cross,tp,tp,0.4268,0.4164896551724138,0.44742068965517245,0.44742068965517245,2.0000000000000053,2.4157321526678053,4.831464305335623,2.0000000000000053,0.4268,0.0,1786651465.253,1.253000020980835,0.98,,,,,,
1749,1786652159,2026-08-13T20:15:59+00:00,QUSDT,SHORT,ema_cross,sl,sl,0.021634,0.022590793103448276,0.01972041379310345,0.024029,-2.5031534940714306,4.422636144255686,8.845272288511373,2.0,0.021634,0.0,1786652160.45,1.4500000476837158,0.385,,,,,,
1764,1786681433,2026-08-14T04:23:53+00:00,SWARMSUSDT,LONG,ema_cross,sl,sl,0.008749,0.008398413793103448,0.009450172413793104,0.008317,-1.2322218943641188,4.007157468242679,8.014314936485357,2.0,0.008749,0.0,1786681433.976,0.9760000705718994,0.858,,,,,,
1765,1786681532,2026-08-14T04:25:32+00:00,NESUSDT,LONG,ema_cross,sl,sl,0.2148,0.21121724137931033,0.2219655172413793,0.2105,-1.2001924927815193,1.6679509407307533,3.3359018814615067,2.0,0.2148,0.0,1786681533.104,1.1040000915527344,0.37,,,,,,
1766,1786681622,2026-08-14T04:27:02+00:00,SLXUSDT,LONG,ema_cross,sl,sl,0.07939,0.07734551724137931,0.08347896551724138,0.07698,-1.1787822567043298,2.5752396506117825,5.150479301223547,1.9999999999999931,0.07939,0.0,1786681623.343,1.3429999351501465,0.208,,,,,,
1767,1786681631,2026-08-14T04:27:11+00:00,MUSDT,LONG,ema_cross,sl,sl,1.1723,1.1381793103448274,1.2405413793103448,1.127,-1.3276402223345078,2.910576614789086,5.821153229578172,2.0,1.1723,0.0,1786681632.391,1.3910000324249268,0.667,,,,,,
1787,1786693126,2026-08-14T07:38:46+00:00,CHIPUSDT,SHORT,ema_cross,sl,sl,0.02188,0.02262103448275862,0.020397931034482758,0.02265,-1.039087947882738,3.3868120784214777,6.7736241568429705,2.000000000000005,0.02188,0.0,1786693126.611,0.6110000610351562,0.352,,,,,,
1788,1786693160,2026-08-14T07:39:20+00:00,ACEUSDT,LONG,ema_cross,tp,tp,0.1311,0.12324482758620689,0.1468103448275862,0.1468103448275862,2.0,5.991740971619454,11.983481943238909,2.0,0.1311,0.0,1786693161.255,1.255000114440918,1.035,,,,,,
1793,1786694601,2026-08-14T08:03:21+00:00,CROSSUSDT,LONG,ema_cross,tp,tp,0.10934,0.10595758620689656,0.1161048275862069,0.1161048275862069,2.0,3.0934825252455136,6.186965050491027,2.0,0.10934,0.0,1786694602.094,1.0940001010894775,0.721,,,,,,
1794,1786694729,2026-08-14T08:05:29+00:00,CROUSDT,LONG,ema_cross,sl,sl,0.049,0.048388275862068966,0.05022344827586207,0.04831,-1.1279594137542306,1.2484166080225216,2.4968332160450433,2.0,0.049,0.0,1786694729.922,0.9219999313354492,0.331,,,,,,
1849,1786708937,2026-08-14T12:02:17+00:00,ORDIUSDT,SHORT,ema_cross,sl,sl,3.408,3.4855862068965515,3.2528275862068963,3.4855862068965515,-1.0,2.276590577950458,4.553181155900929,2.0000000000000058,3.408,0.0,1786708938.24,1.2400000095367432,0.234,,,,,,
1850,1786708982,2026-08-14T12:03:02+00:00,PIXELUSDT,LONG,ema_cross,sl,sl,0.004778,0.004652068965517241,0.005029862068965518,0.004617,-1.2784775465498384,2.6356432499530933,5.271286499906187,2.0,0.004778,0.0,1786708983.081,1.0810000896453857,0.376,,,,,,
1851,1786709001,2026-08-14T12:03:21+00:00,AIAUSDT,SHORT,ema_cross,sl,sl,0.06593,0.06845172413793103,0.060886551724137934,0.06859,-1.054833857514016,3.8248508083285766,7.649701616657163,2.0000000000000027,0.06593,0.0,1786709001.556,0.5559999942779541,0.569,,,,,,
1852,1786709063,2026-08-14T12:04:23+00:00,TLMUSDT,LONG,ema_cross,sl,sl,0.001659,0.0016151724137931035,0.001746655172413793,0.001599,-1.369000786782064,2.64180748685332,5.2836149737066265,1.9999999999999951,0.001659,0.0,1786709063.847,0.8469998836517334,0.229,,,,,,
1902,1786723334,2026-08-14T16:02:14+00:00,AAOIUSDT,LONG,ema_cross,tp,tp,149.24,143.47103448275863,160.77793103448275,160.77793103448275,1.9999999999999951,3.865562528304331,7.731125056608643,1.9999999999999951,149.24,0.0,1786723335.936,1.936000108718872,0.489,,,,,,
1905,1786732549,2026-08-14T18:35:49+00:00,USARUSDT,LONG,ema_cross,sl,sl,20.23,19.66103448275862,21.36793103448276,18.9,-2.3375757575757548,2.812484019977166,5.624968039954315,1.9999999999999938,20.23,0.0,1786732550.367,1.3670001029968262,0.542,,,,,,
1907,1786736861,2026-08-14T19:47:41+00:00,ONGUSDT,LONG,ema_cross,tp,tp,0.0433,0.04241724137931034,0.04506551724137931,0.04507,2.005078124999997,2.0387035119853505,4.077407023970701,2.0,0.0433,0.0,1786736862.398,1.3980000019073486,0.21,,,,,,
1908,1786736914,2026-08-14T19:48:34+00:00,ALICEUSDT,LONG,ema_cross,tp,tp,0.1382,0.13488965517241377,0.1448206896551724,0.1448206896551724,1.9999999999999916,2.39532910823894,4.790658216477859,1.9999999999999916,0.1382,0.0,1786736915.458,1.4579999446868896,1.333,,,,,,
1909,1786736980,2026-08-14T19:49:40+00:00,INJUSDT,SHORT,ema_cross,tp,tp,4.22,4.318413793103448,4.0231724137931035,4.0231724137931035,1.999999999999991,2.3320804052949895,4.664160810589959,1.999999999999991,4.22,0.0,1786736980.756,0.7560000419616699,0.536,,,,,,
1910,1786737004,2026-08-14T19:50:04+00:00,GRVTUSDT,SHORT,ema_cross,sl,sl,0.3056,0.3297448275862069,0.2573103448275862,0.3298,-1.0022850614110255,7.900794367214299,15.801588734428599,2.0,0.3056,0.0,1786737004.563,0.562999963760376,0.255,,,,,,
1911,1786737707,2026-08-14T20:01:47+00:00,ZAMAUSDT,SHORT,ema_cross,tp,tp,0.04467,0.04593758620689655,0.0421348275862069,0.04211,2.0195865070729084,2.8376678014250047,5.6753356028500095,2.0,0.04467,0.0,1786737707.501,0.500999927520752,0.346,,,,,,
1912,1786737827,2026-08-14T20:03:47+00:00,SCRTUSDT,SHORT,ema_cross,tp,tp,0.02838,0.030837241379310345,0.02346551724137931,0.02199,2.6004771260173998,8.658355811523418,17.316711623046825,1.9999999999999987,0.02838,0.0,1786737828.686,1.686000108718872,1.105,,,,,,
1913,1786737854,2026-08-14T20:04:14+00:00,PRLUSDT,LONG,ema_cross,tp,tp,0.35131,0.3393186206896552,0.37529275862068967,0.38302,2.6443997124370964,3.4133327574919106,6.826665514983821,2.0,0.35131,0.0,1786737854.927,0.9270000457763672,1.186,,,,,,
1914,1786737856,2026-08-14T20:04:16+00:00,GLWUSDT,LONG,ema_cross,tp,tp,166.12,162.83344827586208,172.69310344827588,172.9,2.062952470884488,1.9784202529123056,3.9568405058246285,2.0000000000000084,166.12,0.0,1786737856.577,0.5769999027252197,0.174,,,,,,
1917,1786739898,2026-08-14T20:38:18+00:00,MAVIAUSDT,LONG,ema_cross,sl,sl,0.0317,0.030905172413793102,0.03328965517241379,0.0307,-1.2581344902386078,2.5073425432394227,5.0146850864788455,2.0,0.0317,0.0,1786739898.932,0.931999921798706,0.558,,,,,,
1927,1786769407,2026-08-15T04:50:07+00:00,NEARUSDT,LONG,ema_cross,sl,sl,1.6457,1.6146310344827586,1.7078379310344827,1.6146310344827586,-1.0,1.8878875564951916,3.775775112990383,2.0,1.6457,0.0,1786769407.502,0.502000093460083,0.16,,,,,,
1928,1786769524,2026-08-15T04:52:04+00:00,COTIUSDT,SHORT,ema_cross,sl,sl,0.01042,0.011262068965517243,0.008735862068965518,0.011262068965517243,-1.0,8.081276060626125,16.162552121252233,1.999999999999998,0.01042,0.0,1786769525.213,1.2130000591278076,0.474,,,,,,
1929,1786769544,2026-08-15T04:52:24+00:00,THETAUSDT,LONG,ema_cross,sl,sl,0.1452,0.14296206896551725,0.14967586206896552,0.1396,-2.5023112480739687,1.5412748171368793,3.0825496342737777,2.0000000000000124,0.1452,0.0,1786769544.929,0.9289999008178711,0.362,,,,,,
1938,1786774131,2026-08-15T06:08:51+00:00,AIOUSDT,LONG,overheated_early,sl,sl,0.05113,0.046298928571428574,0.060792142857142864,0.04614,-1.032897168625712,9.448604397753622,18.897208795507257,2.0000000000000013,0.05113,0.0,,,,,,,,,
1939,1786775326,2026-08-15T06:28:46+00:00,HUSDT,LONG,overheated_early,tp,tp,0.12047,0.11065732142857143,0.14009535714285715,0.14072,2.063656712343728,8.145329601916297,16.290659203832618,2.0000000000000027,0.12047,0.0,,,,,,,,,
1958,1786781688,2026-08-15T08:14:48+00:00,DOLOUSDT,SHORT,ema_cross,sl,sl,0.0216,0.022743793103448276,0.01931241379310345,0.022743793103448276,-1.0,5.295338441890161,10.590676883780322,2.0,0.0216,0.0,1786781688.855,0.8550000190734863,0.164,,,,,,
1959,1786781783,2026-08-15T08:16:23+00:00,STBLUSDT,LONG,ema_cross,tp,tp,0.02433,0.02377896551724138,0.02543206896551724,0.02548,2.0869837296620766,2.2648355230522816,4.529671046104563,2.0,0.02433,0.0,1786781783.803,0.8029999732971191,0.387,,,,,,
1960,1786781863,2026-08-15T08:17:43+00:00,SATSUSDT,LONG,ema_cross,sl,sl,1.05e-08,1.0286896551724138e-08,1.0926206896551723e-08,1.027e-08,-1.079288025889966,2.029556650246303,4.059113300492606,2.0,1.05e-08,0.0,1786781864.172,1.1719999313354492,0.193,,,,,,
1961,1786781868,2026-08-15T08:17:48+00:00,YGGUSDT,LONG,ema_cross,sl,sl,0.01955,0.019141034482758622,0.02036793103448276,0.01914,-1.0025295109612167,2.0918952288561576,4.183790457712315,2.0,0.01955,0.0,1786781868.397,0.3970000743865967,0.151,,,,,,
1970,1786786916,2026-08-15T09:41:56+00:00,HEMIUSDT,LONG,ema_cross,sl,sl,0.00552,0.005356931034482758,0.0058461379310344825,0.005321,-1.220342567138927,2.954147926036982,5.908295852073964,2.0,0.00552,0.0,1786786916.536,0.5360000133514404,0.452,,,,,,
1989,1786811177,2026-08-15T16:26:17+00:00,XAIUSDT,LONG,ema_cross,tp,tp,0.006735,0.006500965517241379,0.007203068965517241,0.007203068965517241,2.0,3.4748995212861256,6.949799042572251,2.0,0.006735,0.0,1786811178.355,1.3550000190734863,0.196,,,,,,
1990,1786811191,2026-08-15T16:26:31+00:00,BTRUSDT,LONG,ema_cross,tp,tp,0.02954,0.02667655172413793,0.03526689655172414,0.03526689655172414,1.999999999999999,9.693460649499222,19.386921298998434,1.999999999999999,0.02954,0.0,1786811191.656,0.6559998989105225,0.17,,,,,,
1991,1786811199,2026-08-15T16:26:39+00:00,HOMEUSDT,SHORT,ema_cross,tp,tp,0.00882,0.009526551724137931,0.007406896551724137,0.00718,2.3211322596388464,8.0107905231058,16.02158104621159,1.9999999999999987,0.00882,0.0,1786811199.789,0.7890000343322754,0.572,,,,,,
1992,1786811228,2026-08-15T16:27:08+00:00,NOMUSDT,LONG,ema_cross,tp,tp,0.001637,0.0015990344827586207,0.0017129310344827587,0.0017129310344827587,2.0,2.3192130263518225,4.638426052703645,2.0,0.001637,0.0,1786811228.447,0.44700002670288086,0.151,,,,,,
1993,1786811257,2026-08-15T16:27:37+00:00,OUSDT,LONG,ema_cross,tp,tp,0.4619,0.45136896551724137,0.4829620689655172,0.4859,2.278978388998041,2.2799381863517225,4.559876372703445,2.0,0.4619,0.0,1786811257.823,0.8229999542236328,0.217,,,,,,
1994,1786811322,2026-08-15T16:28:42+00:00,SLPUSDT,LONG,ema_cross,sl,sl,0.000537,0.0005248275862068966,0.0005613448275862069,0.0005248275862068966,-1.0,2.266743723110517,4.533487446221014,1.9999999999999911,0.000537,0.0,1786811323.212,1.2119998931884766,0.203,,,,,,
1995,1786811408,2026-08-15T16:30:08+00:00,BIRBUSDT,LONG,ema_cross,sl,sl,0.05424,0.0522951724137931,0.05812965517241379,0.05197,-1.1671985815602794,3.5855965822398574,7.1711931644797025,1.9999999999999964,0.05424,0.0,1786811409.16,1.1600000858306885,0.345,,,,,,
2042,1786839706,2026-08-16T00:21:46+00:00,BANKUSDT,SHORT,ema_cross,sl,sl,0.03692,0.03922448275862069,0.03231103448275862,0.03922448275862069,-1.0,6.2418276235663335,12.483655247132667,2.0,0.03692,0.0,1786839706.774,0.7739999294281006,0.177,,,,,,
2043,1786839711,2026-08-16T00:21:51+00:00,AIGENSYNUSDT,LONG,ema_cross,sl,sl,0.02151,0.021040689655172414,0.022448620689655172,0.021040689655172414,-1.0,2.181824011285854,4.363648022571692,1.9999999999999927,0.02151,0.0,1786839711.677,0.6770000457763672,0.151,,,,,,
2044,1786839749,2026-08-16T00:22:29+00:00,PROVEUSDT,LONG,ema_cross,sl,sl,0.1527,0.15035517241379312,0.1573896551724138,0.15,-1.1514705882353045,1.5355779870379058,3.0711559740758303,2.000000000000012,0.1527,0.0,1786839750.411,1.4110000133514404,0.188,,,,,,
2045,1786839830,2026-08-16T00:23:50+00:00,EDENUSDT,SHORT,ema_cross,sl,sl,0.04335,0.04905551724137931,0.031938965517241374,0.04905551724137931,-1.0,13.161516127749278,26.323032255498557,2.0,0.04335,0.0,1786839831.164,1.1640000343322754,0.74,,,,,,
2046,1786839912,2026-08-16T00:25:12+00:00,CHILLGUYUSDT,LONG,ema_cross,sl,sl,0.011019,0.010652137931034481,0.011752724137931034,0.010652137931034481,-1.0,3.3293590068565035,6.658718013712991,1.9999999999999953,0.011019,0.0,1786839913.303,1.3029999732971191,0.166,,,,,,
2115,1786862293,2026-08-16T06:38:13+00:00,FHEUSDT,LONG,ema_cross,tp,tp,0.02668,0.025132758620689654,0.02977448275862069,0.03021,2.2814798306217976,5.799255544641473,11.598511089282946,2.0,0.02668,0.0,1786862294.356,1.3559999465942383,0.337,,,,,,
2127,1786867096,2026-08-16T07:58:16+00:00,RONUSDT,LONG,ema_cross,tp,tp,0.05126,0.05004344827586207,0.05369310344827586,0.05369310344827586,1.9999999999999942,2.37329637951216,4.746592759024307,1.9999999999999942,0.05126,0.0,1786867096.44,0.440000057220459,0.268,,,,,,
2133,1786868303,2026-08-16T08:18:23+00:00,龙虾USDT,LONG,ema_cross,tp,tp,0.020317,0.018579241379310347,0.02379251724137931,0.02379251724137931,2.0,8.553224495199364,17.10644899039873,2.0,0.020317,0.0,1786868303.878,0.878000020980835,0.156,,,,,,
2134,1786868334,2026-08-16T08:18:54+00:00,ESPUSDT,SHORT,ema_cross,sl,sl,0.06966,0.07232310344827586,0.06433379310344828,0.07234,-1.0063446847080162,3.8230023661726396,7.646004732345279,2.0,0.06966,0.0,1786868334.658,0.6579999923706055,0.428,,,,,,
2135,1786868350,2026-08-16T08:19:10+00:00,DOLOUSDT,LONG,ema_cross,sl,sl,0.02481,0.023406206896551724,0.02761758620689655,0.02334,-1.0471628592483422,5.658174540299374,11.316349080598762,2.0000000000000027,0.02481,0.0,1786868351.229,1.2290000915527344,0.421,,,,,,
2163,1786882200,2026-08-16T12:10:00+00:00,ARCUSDT,SHORT,ema_cross,sl,sl,0.06951,0.07269827586206896,0.06313344827586206,0.07269827586206896,-1.0,4.586787314154743,9.173574628309506,2.0000000000000044,0.06951,0.0,1786882201.609,1.6089999675750732,0.234,,,,,,
2164,1786882292,2026-08-16T12:11:32+00:00,MORPHOUSDT,LONG,ema_cross,tp,tp,1.9956,1.9717655172413793,2.0432689655172416,2.0475,2.177517361111097,1.1943517116967712,2.3887034233935425,2.0,1.9956,0.0,1786882292.761,0.7609999179840088,0.164,,,,,,
2165,1786882334,2026-08-16T12:12:14+00:00,ACTUSDT,LONG,ema_cross,sl,sl,0.01025,0.009927586206896552,0.010894827586206897,0.00985,-1.2406417112299506,3.1455004205214445,6.291000841042889,2.0,0.01025,0.0,1786882335.251,1.250999927520752,0.219,,,,,,
2166,1786882388,2026-08-16T12:13:08+00:00,TOWNSUSDT,LONG,ema_cross,sl,sl,0.002357,0.0022984137931034484,0.0024741724137931037,0.002296,-1.0412007062978264,2.485626088101475,4.97125217620295,2.0,0.002357,0.0,1786882388.724,0.7239999771118164,0.426,,,,,,
2167,1786882448,2026-08-16T12:14:08+00:00,UAIUSDT,LONG,ema_cross,sl,sl,0.26287,0.254011724137931,0.28058655172413793,0.24179,-2.3796955895519383,3.36983142316316,6.739662846326298,1.9999999999999938,0.26287,0.0,1786882448.67,0.6700000762939453,0.276,,,,,,
2203,1786913869,2026-08-16T20:57:49+00:00,EPICUSDT,LONG,ema_cross,sl,sl,0.3629,0.33853793103448276,0.4116241379310345,0.33853793103448276,-1.0,6.713163120836935,13.42632624167387,2.0,0.3629,0.0,1786913870.485,1.4849998950958252,0.231,,,,,,
2231,1786958861,2026-08-17T09:27:41+00:00,MUBARAKUSDT,LONG,ema_cross,sl,sl,0.01732,0.01640241379310345,0.019155172413793102,0.01640241379310345,-1.0,5.2978418412041,10.595683682408218,2.000000000000004,0.01732,0.0,1786958862.006,1.00600004196167,0.469,,,,,,
2232,1786958874,2026-08-17T09:27:54+00:00,KSTRUSDT,LONG,ema_cross,sl,sl,25.78,25.504827586206897,26.33034482758621,25.26,-1.8897243107769357,1.0673871753029642,2.1347743506059285,2.0,25.78,0.0,1786958874.853,0.8529999256134033,0.191,,,,,,
2233,1786958880,2026-08-17T09:28:00+00:00,ONDOUSDT,LONG,ema_cross,sl,sl,0.3368,0.3316965517241379,0.3470068965517241,0.3298,-1.3716216216216237,1.5152756163485943,3.0305512326971886,2.0,0.3368,0.0,1786958880.421,0.42100000381469727,0.241,,,,,,
2234,1786958953,2026-08-17T09:29:13+00:00,ONUSDT,SHORT,ema_cross,tp,tp,0.36373,0.38603793103448275,0.3191141379310345,0.31582,2.1476666718192083,6.133101760779357,12.266203521558714,2.0,0.36373,0.0,1786958954.414,1.4140000343322754,0.556,,,,,,
2235,1786958959,2026-08-17T09:29:19+00:00,MOVEUSDT,SHORT,ema_cross,sl,sl,0.00616,0.006397586206896551,0.005684827586206896,0.0064,-1.0101596516690885,3.8569189431258395,7.713837886251679,2.0,0.00616,0.0,1786958959.996,0.9960000514984131,0.195,,,,,,
2236,1786958984,2026-08-17T09:29:44+00:00,TLMUSDT,SHORT,ema_cross,tp,tp,0.001448,0.0015021034482758623,0.001339793103448276,0.001334,2.1070745697896736,3.7364259859020845,7.472851971804154,1.999999999999996,0.001448,0.0,1786958985.135,1.1349999904632568,0.568,,,,,,
2237,1786959021,2026-08-17T09:30:21+00:00,PNUTUSDT,LONG,ema_cross,sl,sl,0.04168,0.040842068965517245,0.043355862068965516,0.04084,-1.0024691358024715,2.0103911575881885,4.020782315176377,2.0,0.04168,0.0,1786959021.485,0.4849998950958252,0.182,,,,,,
2238,1786959031,2026-08-17T09:30:31+00:00,PUMPUSDT,LONG,ema_cross,sl,sl,0.00289,0.0027897241379310346,0.0030905517241379315,0.0027897241379310346,-1.0,3.4697530127669762,6.9395060255339525,2.0,0.00289,0.0,1786959032.33,1.3299999237060547,0.16,,,,,,
2239,1786959075,2026-08-17T09:31:15+00:00,LAUSDT,LONG,ema_cross,tp,tp,0.04974,0.04836758620689655,0.05248482758620689,0.05252,2.025628140703518,2.759175297755221,5.518350595510442,2.0,0.04974,0.0,1786959076.191,1.190999984741211,0.213,,,,,,
2240,1786959078,2026-08-17T09:31:18+00:00,ARCUSDT,LONG,ema_cross,sl,sl,0.0765,0.0733006896551724,0.08289862068965517,0.0733006896551724,-1.0,4.182105025918424,8.364210051836828,1.9999999999999956,0.0765,0.0,1786959078.549,0.5490000247955322,0.241,,,,,,
2259,1786968478,2026-08-17T12:07:58+00:00,EVAAUSDT,LONG,ema_cross,sl,sl,0.8252,0.8014275862068966,0.872744827586207,0.8014275862068966,-1.0,2.8808063249034737,5.761612649806947,2.0,0.8252,0.0,1786968479.223,1.2230000495910645,0.409,,,,,,
2260,1786968577,2026-08-17T12:09:37+00:00,币安人生USDT,SHORT,ema_cross,tp,tp,0.46769,0.4817196551724138,0.43963068965517244,0.42548,3.0086270461583844,2.999776598262477,5.999553196524954,2.0,0.46769,0.0,1786968578.43,1.4300000667572021,0.253,,,,,,
2261,1786975212,2026-08-17T14:00:12+00:00,币安人生USDT,SHORT,ema_cross_confirmed,sl,sl,0.46175,0.48980931034482755,0.4056313793103449,0.48980931034482755,-1.0,6.076732072512736,12.153464145025472,2.0,0.46175,0.0,1786975213.256,1.25600004196167,,,,1.5,1,110,2.0
2268,1786976703,2026-08-17T14:25:03+00:00,ATUSDT,SHORT,ema_cross,sl,sl,0.15172,0.15869896551724139,0.13776206896551724,0.15884,-1.0202085083255104,4.599898179041255,9.199796358082493,1.999999999999996,0.15172,0.0,1786976704.686,1.686000108718872,0.268,,,,,,
2269,1786976826,2026-08-17T14:27:06+00:00,ACEUSDT,LONG,ema_cross,tp,tp,0.1832,0.1450344827586207,0.2595310344827586,0.2595310344827586,1.9999999999999993,20.83270591778347,41.66541183556692,1.9999999999999993,0.1832,0.0,1786976827.544,1.5439999103546143,1.135,,,,,,
2273,1786978382,2026-08-17T14:53:02+00:00,HEMIUSDT,LONG,overheated_confirmed,tp,tp,0.00717,0.006222803571428572,0.009064392857142858,0.009177,2.118884678468412,13.210549910340703,26.421099820681416,2.000000000000001,0.00717,0.0,1786978383.142,1.1419999599456787,,,,3.7,1,0,2.0
2279,1786979994,2026-08-17T15:19:54+00:00,AEONUSDT,LONG,overheated_confirmed,sl,sl,0.0865,0.07702375,0.10545249999999998,0.07642,-1.0637119113573408,10.955202312138718,21.910404624277437,2.0,0.0865,0.0,1786979994.928,0.9279999732971191,,,,4.3,1,0,2.0
2284,1786981136,2026-08-17T15:38:56+00:00,AXTIUSDT,LONG,overheated_confirmed,sl,sl,93.69,90.77571428571429,99.51857142857142,90.77,-1.0019607843137273,3.110562188371983,6.221124376743966,2.0,93.69,0.0,1786981137.056,1.055999994277954,,,,2.8,1,0,2.0
2292,1786982860,2026-08-17T16:07:40+00:00,B2USDT,SHORT,ema_cross,tp,tp,0.4654,0.4801620689655172,0.4358758620689655,0.4358758620689655,2.0,3.171909962509076,6.343819925018152,2.0,0.4654,0.0,1786982861.033,1.0329999923706055,0.204,,,,,,
2293,1786982861,2026-08-17T16:07:41+00:00,CBRSUSDT,LONG,ema_cross,sl,sl,254.1,247.32758620689654,267.6448275862069,246.0,-1.1960285132382875,2.6652553298321346,5.330510659664258,1.9999999999999958,254.1,0.0,1786982862.282,1.2820000648498535,0.982,,,,,,
2294,1786982871,2026-08-17T16:07:51+00:00,JELLYJELLYUSDT,SHORT,ema_cross,tp,tp,0.05757,0.05857620689655173,0.055557586206896555,0.05467,2.8821110349554484,1.7477972842656317,3.4955945685312635,2.0,0.05757,0.0,1786982871.839,0.8389999866485596,0.167,,,,,,
2295,1786982877,2026-08-17T16:07:57+00:00,B2USDT,SHORT,ema_cross_confirmed,sl,sl,0.4637,0.4932241379310345,0.40465172413793105,0.4939,-1.022891847699136,6.367077405873296,12.734154811746592,2.0,0.4637,0.0,1786982878.111,1.1110000610351562,,,,2.5,1,0,2.0
2296,1786982898,2026-08-17T16:08:18+00:00,ACUUSDT,LONG,ema_cross,sl,sl,0.12462,0.11257482758620689,0.14871034482758622,0.1114,-1.0975351407059628,9.665521115224767,19.331042230449544,2.0000000000000013,0.12462,0.0,1786982898.893,0.8929998874664307,0.776,,,,,,
2297,1786982928,2026-08-17T16:08:48+00:00,IDOLUSDT,SHORT,ema_cross,sl,sl,0.01629,0.016628379310344825,0.015613241379310343,0.016708,-1.2353001120962097,2.077221057979288,4.154442115958598,2.00000000000001,0.01629,0.0,1786982929.996,1.996000051498413,0.28,,,,,,
2299,1786982930,2026-08-17T16:08:50+00:00,FLNCUSDT,SHORT,ema_cross,sl,sl,12.57,12.748310344827587,12.213379310344827,12.748310344827587,-1.0,1.4185389405535933,2.8370778811071866,2.0,12.57,0.0,1786982931.031,1.0309998989105225,0.458,,,,,,
2300,1786982942,2026-08-17T16:09:02+00:00,SPCXUSDT,LONG,ema_cross,sl,sl,148.86,146.59862068965518,153.38275862068966,146.59,-1.0038121378469054,1.5191316071105976,3.0382632142211765,1.9999999999999873,148.86,0.0,1786982943.227,1.2269999980926514,0.301,,,,,,
2301,1786982969,2026-08-17T16:09:29+00:00,QUSDT,SHORT,ema_cross,sl,sl,0.0202,0.021431379310344827,0.017737241379310344,0.02192,-1.3968076169140293,6.0959371799248885,12.191874359849777,2.0,0.0202,0.0,1786982970.088,1.0880000591278076,0.828,,,,,,
2302,1786982976,2026-08-17T16:09:36+00:00,CRCLXUSDT,LONG,ema_cross,sl,sl,75.02,73.7706896551724,77.51862068965517,73.09,-1.544852332321268,1.6653030456246225,3.330606091249226,1.9999999999999887,75.02,0.0,1786982977.033,1.0329999923706055,0.205,,,,,,
2304,1786982999,2026-08-17T16:09:59+00:00,AWEUSDT,SHORT,ema_cross,sl,sl,0.05892,0.06062,0.05552,0.06068,-1.0352941176470574,2.885268160217244,5.770536320434488,2.0,0.05892,0.0,1786982999.479,0.4790000915527344,0.399,,,,,,
2305,1786983002,2026-08-17T16:10:02+00:00,CRDOUSDT,LONG,ema_cross,sl,sl,281.12,276.46758620689656,290.4248275862069,275.5,-1.2079750963533955,1.6549565285655412,3.3099130571310824,2.0,281.12,0.0,1786983002.472,0.4719998836517334,0.536,,,,,,
2306,1786983027,2026-08-17T16:10:27+00:00,VELVETUSDT,SHORT,ema_cross,sl,sl,0.61961,0.7629268965517242,0.3329762068965517,0.7629268965517242,-1.0,23.130178104246895,46.260356208493775,1.9999999999999993,0.61961,0.0,1786983027.531,0.5309998989105225,2.769,,,,,,
2307,1786983028,2026-08-17T16:10:28+00:00,COHRUSDT,LONG,ema_cross,sl,sl,357.56,348.57068965517243,375.5386206896552,339.59,-1.9990410065595212,2.5140704622518104,5.028140924503636,2.000000000000006,357.56,0.0,1786983029.211,1.2109999656677246,0.734,,,,,,
2308,1786983053,2026-08-17T16:10:53+00:00,HEIUSDT,LONG,ema_cross,sl,sl,0.136,0.12592206896551725,0.15615586206896553,0.12573,-1.0190583726818585,7.410243407707913,14.820486815415826,2.0,0.136,0.0,1786983053.615,0.6150000095367432,0.156,,,,,,
2309,1786983063,2026-08-17T16:11:03+00:00,VELVETUSDT,SHORT,ema_cross_confirmed,sl,sl,0.62704,0.9136737931034483,0.05377241379310349,0.9136737931034483,-1.0,45.71220226834784,91.42440453669568,2.0,0.62704,0.0,1786983064.053,1.0529999732971191,,,,1.7,1,0,2.0
2310,1786983301,2026-08-17T16:15:01+00:00,QUSDT,SHORT,ema_cross_confirmed,sl,sl,0.019991,0.022453758620689653,0.015065482758620689,0.022462,-1.0033464015681888,12.319336805010531,24.638673610021062,2.0,0.019991,0.0,1786983301.608,0.6080000400543213,,,,1.7,1,5,2.0
2311,1786983302,2026-08-17T16:15:02+00:00,AWEUSDT,SHORT,ema_cross_confirmed,sl,sl,0.05873,0.06213,0.05193,0.06213,-1.0,5.7892048356887456,11.578409671377491,2.0,0.05873,0.0,1786983303.308,1.308000087738037,,,,4.4,1,4,2.0
2313,1786983365,2026-08-17T16:16:05+00:00,TUTUSDT,LONG,overheated_confirmed,sl,sl,0.047858,0.03880828571428571,0.06595742857142857,0.03880828571428571,-1.0,18.909512068440566,37.81902413688113,2.0,0.047858,0.0,1786983365.836,0.8359999656677246,,,,4.0,1,0,2.0
2315,1786983546,2026-08-17T16:19:06+00:00,FHEUSDT,LONG,overheated_confirmed,sl,sl,0.03209,0.030240714285714287,0.03578857142857143,0.02969,-1.2977983777520283,5.762809954146815,11.52561990829363,2.0,0.03209,0.0,1786983546.617,0.6170001029968262,,,,8.2,1,0,2.0
2320,1786986004,2026-08-17T17:00:04+00:00,CRDOUSDT,LONG,ema_cross_confirmed,sl,sl,284.99,278.01137931034486,298.9472413793103,277.53,-1.068979148137177,2.4487247586424594,4.897449517284919,2.0,284.99,0.0,1786986005.15,1.1500000953674316,,,,3.0,1,49,2.0
2330,1786988759,2026-08-17T17:45:59+00:00,IDOLUSDT,SHORT,ema_cross_confirmed,tp,tp,0.016278,0.016954758620689656,0.01492448275862069,0.01492448275862069,2.0,4.157504734547582,8.315009469095164,2.0,0.016278,0.0,1786988759.589,0.5889999866485596,,,,2.4,1,96,2.0
2333,1786989657,2026-08-17T18:00:57+00:00,CBRSUSDT,LONG,ema_cross_confirmed,sl,sl,255.1,244.94137931034481,275.4172413793103,244.9,-1.0040733197555989,3.982211168034175,7.964422336068338,1.9999999999999971,255.1,0.0,1786989657.607,0.6070001125335693,,,,1.6,1,113,2.0
2339,1786992351,2026-08-17T18:45:51+00:00,STARUSDT,LONG,overheated_confirmed,tp,tp,0.13451,0.12637464285714284,0.1507807142857143,0.1507807142857143,2.0,6.048142995210135,12.09628599042027,2.0,0.13451,0.0,1786992351.82,0.8199999332427979,,,,1.9,1,208,2.0
2349,1786995057,2026-08-17T19:30:57+00:00,CRCLXUSDT,LONG,ema_cross_confirmed,sl,sl,75.53,73.65603448275863,79.27793103448275,73.09,-1.3020517066887507,2.4810876701196523,4.9621753402393045,2.0,75.53,0.0,1786995057.528,0.5280001163482666,,,,1.9,1,201,2.0
2353,1786996853,2026-08-17T20:00:53+00:00,FLNCUSDT,SHORT,ema_cross_confirmed,tp,tp,12.632,12.988620689655173,11.918758620689653,11.903,2.0441887449236047,2.823153021336078,5.646306042672156,2.0,12.632,0.0,1786996853.806,0.8059999942779541,,,,1.5,1,231,2.0
2358,1786997357,2026-08-17T20:09:17+00:00,TUTUSDT,LONG,ema_cross,sl,sl,0.045118,0.03868013793103448,0.05799372413793104,0.03868013793103448,-1.0,14.26894381170601,28.537887623412033,2.000000000000001,0.045118,0.0,1786997358.321,1.321000099182129,0.235,,,,,,
2364,1786997408,2026-08-17T20:10:08+00:00,PLUMEUSDT,SHORT,ema_cross,sl,sl,0.012316,0.012873068965517242,0.011201862068965517,0.012877,-1.0070566388115112,4.523132230571952,9.046264461143904,2.0,0.012316,0.0,1786997409.193,1.193000078201294,0.233,,,,,,
2365,1786997431,2026-08-17T20:10:31+00:00,ALLOUSDT,LONG,ema_cross,sl,sl,0.29927,0.2889920689655172,0.3198258620689655,0.28697,-1.1967389116285279,3.4343338906281176,6.868667781256235,2.0,0.29927,0.0,1786997432.389,1.3889999389648438,0.971,,,,,,
2370,1786997449,2026-08-17T20:10:49+00:00,AMATUSDT,LONG,ema_cross,sl,sl,537.4,529.4827586206897,553.2344827586206,524.5,-1.6293554006968651,1.4732492332174034,2.946498466434807,2.0,537.4,0.0,1786997450.217,1.2170000076293945,0.217,,,,,,
2371,1786997451,2026-08-17T20:10:51+00:00,FIGHTUSDT,SHORT,ema_cross,tp,tp,0.003865,0.003995310344827586,0.0036043793103448275,0.00356,2.340566287377618,3.371548378462768,6.743096756925547,2.000000000000003,0.003865,0.0,1786997451.901,0.9010000228881836,0.636,,,,,,
2372,1786997454,2026-08-17T20:10:54+00:00,PLUMEUSDT,SHORT,ema_cross_confirmed,sl,sl,0.012315,0.013429137931034483,0.010086724137931033,0.013476,-1.0420612813370473,9.046999033978752,18.093998067957504,2.0,0.012315,0.0,1786997454.984,0.9839999675750732,,,,2.0,1,0,2.0
2373,1786997473,2026-08-17T20:11:13+00:00,WALUSDT,SHORT,ema_cross,sl,sl,0.02076,0.02168793103448276,0.018904137931034484,0.02174,-1.0561129691564437,4.469802670918884,8.93960534183775,1.9999999999999962,0.02076,0.0,1786997473.714,0.7139999866485596,0.265,,,,,,
2374,1786997496,2026-08-17T20:11:36+00:00,GIGGLEUSDT,LONG,ema_cross,sl,sl,34.85,33.66172413793104,37.226551724137934,33.58,-1.0687753917585656,3.4096868352050587,6.819373670410137,2.0000000000000058,34.85,0.0,1786997496.813,0.812999963760376,0.747,,,,,,
2376,1786997515,2026-08-17T20:11:55+00:00,AMATUSDT,LONG,ema_cross_confirmed,sl,sl,535.7,523.8241379310346,559.451724137931,523.8241379310346,-1.0,2.2168867031856427,4.4337734063712855,2.0,535.7,0.0,1786997515.507,0.5069999694824219,,,,2.7,1,0,2.0
2377,1786997525,2026-08-17T20:12:05+00:00,BEUSDT,SHORT,ema_cross,tp,tp,233.1,237.89310344827587,223.51379310344828,221.8,2.357553956834524,2.056243435553785,4.112486871107556,1.999999999999994,233.1,0.0,1786997525.699,0.6989998817443848,0.154,,,,,,
2385,1787013034,2026-08-18T00:30:34+00:00,ACUUSDT,LONG,overheated_confirmed,sl,sl,0.13227,0.115755,0.1653,0.11571,-1.0027247956403271,12.48582444998866,24.97164889997732,2.0,0.13227,0.0,1787013034.686,0.6860001087188721,,,,2.5,1,7,2.0
2387,1787013345,2026-08-18T00:35:45+00:00,BMTUSDT,LONG,ema_cross,sl,sl,0.01676,0.015608275862068966,0.01906344827586207,0.01518,-1.3718562874251496,6.871862398156529,13.743724796313058,2.0,0.01676,0.0,1787013345.739,0.7390000820159912,0.18,,,,,,
2388,1787013513,2026-08-18T00:38:33+00:00,SKYAIUSDT,LONG,ema_cross,sl,sl,0.07542,0.07040103448275863,0.08545793103448275,0.07040103448275863,-1.0,6.654687771468278,13.309375542936555,2.0,0.07542,0.0,1787013514.242,1.2420001029968262,0.409,,,,,,
2389,1787013550,2026-08-18T00:39:10+00:00,ARMUSDT,SHORT,ema_cross,tp,tp,273.77,277.863448275862,265.58310344827584,265.08,2.1229045573245844,1.4952143316879296,2.99042866337588,2.0000000000000138,273.77,0.0,1787013550.941,0.9409999847412109,0.17,,,,,,
2393,1787015733,2026-08-18T01:15:33+00:00,STARUSDT,LONG,overheated_confirmed,sl,sl,0.1491,0.13927928571428572,0.1687414285714286,0.124,-2.5558222416175713,6.586662834147748,13.173325668295496,2.0,0.1491,0.0,1787015733.619,0.6189999580383301,,,,3.6,1,52,2.0
2395,1787022596,2026-08-18T03:09:56+00:00,ARMUSDT,SHORT,ema_cross_confirmed,tp,tp,264.94,273.12689655172414,248.5662068965517,248.5662068965517,2.0,3.0900945692323343,6.1801891384646686,2.0,264.94,0.0,1787022597.273,1.2730000019073486,,,,2.2,1,150,2.0
2415,1787023814,2026-08-18T03:30:14+00:00,SOPHUSDT,SHORT,ema_cross,sl,sl,0.003412,0.0035423448275862073,0.0031513103448275862,0.003552,-1.0740740740740715,3.820188381776294,7.640376763552576,1.9999999999999967,0.003412,0.0,1787023814.957,0.9570000171661377,0.593,,,,,,
2424,1787031106,2026-08-18T05:31:46+00:00,SANDUSDT,SHORT,ema_cross,sl,sl,0.0382,0.03890172413793103,0.03679655172413793,0.03892,-1.0260442260442322,1.836974183065538,3.673948366131076,2.0,0.0382,0.0,1787031107.304,1.303999900817871,0.278,,,,,,
2425,1787031108,2026-08-18T05:31:48+00:00,INTWUSDT,SHORT,ema_cross,tp,tp,23.93,24.63241379310345,22.525172413793104,22.48,2.064310260186544,2.9352853869763877,5.87057077395276,1.999999999999995,23.93,0.0,1787031108.978,0.9779999256134033,0.421,,,,,,
2426,1787031109,2026-08-18T05:31:49+00:00,CHILLGUYUSDT,SHORT,ema_cross,sl,sl,0.010714,0.011025379310344828,0.010091241379310344,0.011074,-1.1561461794019932,2.9062843974689985,5.812568794937981,1.9999999999999944,0.010714,0.0,1787031110.014,1.0139999389648438,0.153,,,,,,
2427,1787031113,2026-08-18T05:31:53+00:00,LINEAUSDT,SHORT,ema_cross,sl,sl,0.002093,0.002122965517241379,0.002033068965517241,0.002139,-1.5350978135788251,1.4317017315518088,2.8634034631036176,2.0,0.002093,0.0,1787031114.462,1.4619998931884766,0.204,,,,,,
2428,1787031137,2026-08-18T05:32:17+00:00,GUAUSDT,LONG,ema_cross,tp,tp,0.04281,0.041028620689655175,0.04637275862068966,0.04637275862068966,2.000000000000004,4.161128966000527,8.322257932001072,2.000000000000004,0.04281,0.0,1787031138.24,1.2400000095367432,0.214,,,,,,
2429,1787031153,2026-08-18T05:32:33+00:00,LINEAUSDT,SHORT,ema_cross_confirmed,sl,sl,0.002084,0.0021439310344827586,0.0019641379310344825,0.002145,-1.0178365937859641,2.8757694089615504,5.751538817923101,2.0,0.002084,0.0,1787031153.54,0.5399999618530273,,,,6.1,1,0,2.0
2430,1787031168,2026-08-18T05:32:48+00:00,CRWVUSDT,SHORT,ema_cross,tp,tp,103.9,106.05758620689656,99.5848275862069,99.29,2.136646955409939,2.0765988516809943,4.153197703361989,2.0,103.9,0.0,1787031168.469,0.46900010108947754,0.179,,,,,,
2431,1787031176,2026-08-18T05:32:56+00:00,SQQQUSDT,LONG,ema_cross,tp,tp,37.25,36.86379310344827,38.022413793103446,38.022413793103446,1.9999999999999816,1.0367970377227562,2.0735940754454933,1.9999999999999816,37.25,0.0,1787031177.313,1.312999963760376,0.199,,,,,,
2432,1787031177,2026-08-18T05:32:57+00:00,NOTUSDT,SHORT,ema_cross,sl,sl,0.0003768,0.0003867586206896552,0.00035688275862068964,0.0003903,-1.3556094182825478,2.6429460429021177,5.285892085804235,2.0,0.0003768,0.0,1787031178.346,1.3459999561309814,0.189,,,,,,
2433,1787031201,2026-08-18T05:33:21+00:00,BLURUSDT,SHORT,ema_cross,sl,sl,0.0129,0.013050689655172414,0.012598620689655173,0.01306,-1.061784897025176,1.1681368618016557,2.3362737236033113,2.0,0.0129,0.0,1787031201.564,0.5639998912811279,0.23,,,,,,
2434,1787031214,2026-08-18T05:33:34+00:00,CRWVUSDT,SHORT,ema_cross_confirmed,tp,tp,103.75,108.0651724137931,95.11965517241379,94.48,2.1482339779446993,4.1592023265475735,8.318404653095147,2.0,103.75,0.0,1787031214.992,0.9920001029968262,,,,3.7,1,0,2.0
2435,1787031218,2026-08-18T05:33:38+00:00,MANTAUSDT,SHORT,ema_cross,sl,sl,0.05612,0.05696793103448276,0.05442413793103448,0.05739,-1.4977633184221124,1.510924865436137,3.021849730872274,2.0,0.05612,0.0,1787031218.858,0.8580000400543213,0.197,,,,,,
2436,1787031232,2026-08-18T05:33:52+00:00,JUSUNGUSDT,LONG,ema_cross,sl,sl,130.8,127.32344827586208,137.75310344827588,127.32344827586208,-1.0,2.657914162184965,5.31582832436993,2.0,130.8,0.0,1787031232.948,0.9479999542236328,0.45,,,,,,
2437,1787031277,2026-08-18T05:34:37+00:00,INTCUSDT,SHORT,ema_cross,tp,tp,101.41,102.8503448275862,98.52931034482758,98.52931034482758,2.0000000000000098,1.4203183390062144,2.8406366780124426,2.0000000000000098,101.41,0.0,1787031278.344,1.3440001010894775,0.201,,,,,,
2438,1787031280,2026-08-18T05:34:40+00:00,BSVUSDT,SHORT,ema_cross,sl,sl,14.88,15.152758620689657,14.334482758620691,15.26,-1.3931731984829265,1.8330552465702667,3.6661104931405215,1.9999999999999936,14.88,0.0,1787031280.669,0.6689999103546143,0.196,,,,,,
2439,1787031308,2026-08-18T05:35:08+00:00,TQQQXUSDT,SHORT,ema_cross,tp,tp,74.73,75.44275862068966,73.3044827586207,73.29,2.020319303338168,0.9537784299339692,1.9075568598679384,2.0,74.73,0.0,1787031308.492,0.49200010299682617,0.204,,,,,,
2440,1787031343,2026-08-18T05:35:43+00:00,COWUSDT,SHORT,ema_cross,sl,sl,0.1051,0.11308620689655172,0.08912758620689655,0.11308620689655172,-1.0,7.598674497194784,15.197348994389582,2.0000000000000018,0.1051,0.0,1787031344.161,1.1610000133514404,0.21,,,,,,
2441,1787031355,2026-08-18T05:35:55+00:00,EIGENUSDT,SHORT,ema_cross,sl,sl,0.1677,0.17084137931034482,0.16141724137931032,0.1709,-1.0186608122941831,1.8732136615055652,3.7464273230111305,2.0,0.1677,0.0,1787031355.578,0.5780000686645508,0.162,,,,,,
2446,1787031929,2026-08-18T05:45:29+00:00,SOPHUSDT,SHORT,ema_cross_confirmed,sl,sl,0.003368,0.0036286896551724138,0.002846620689655172,0.003631,-1.0088624338624343,7.740191661888773,15.480383323777547,2.0,0.003368,0.0,1787031930.309,1.309000015258789,,,,4.1,1,135,2.0
2447,1787031935,2026-08-18T05:45:35+00:00,SQQQUSDT,LONG,ema_cross_confirmed,tp,tp,37.24,36.66068965517241,38.39862068965518,38.4,2.0023809523809333,1.55561317085819,3.11122634171638,2.0,37.24,0.0,1787031936.062,1.062000036239624,,,,1.9,1,12,2.0
2448,1787031940,2026-08-18T05:45:40+00:00,TQQQXUSDT,SHORT,ema_cross_confirmed,tp,tp,74.67,76.53675,70.93650000000001,70.93650000000001,2.0,2.499999999999995,4.99999999999999,2.0,74.67,0.0,1787031941.187,1.187000036239624,,,,2.1,1,10,2.0
2454,1787033484,2026-08-18T06:11:24+00:00,KATUSDT,SHORT,ema_cross,sl,sl,0.0042,0.0042641379310344825,0.004071724137931034,0.00427,-1.091397849462376,1.5270935960591123,3.0541871921182246,2.0,0.0042,0.0,1787033485.48,1.4800000190734863,0.252,,,,,,
2457,1787034682,2026-08-18T06:31:22+00:00,NOTUSDT,SHORT,ema_cross_confirmed,sl,sl,0.0003755,0.0003954172413793104,0.0003356655172413793,0.0003961,-1.034279778393349,5.304192111667206,10.608384223334411,2.0,0.0003755,0.0,1787034683.297,1.2969999313354492,,,,2.7,1,58,2.0
2459,1787035525,2026-08-18T06:45:25+00:00,BSVUSDT,SHORT,ema_cross_confirmed,sl,sl,14.85,15.39551724137931,13.75896551724138,15.87,-1.8697850821744642,3.673516776965048,7.347033553930096,2.0,14.85,0.0,1787035526.355,1.3550000190734863,,,,6.3,1,70,2.0
2460,1787044201,2026-08-18T09:10:01+00:00,GUAUSDT,LONG,ema_cross_confirmed,sl,sl,0.04353,0.04085793103448276,0.048874137931034484,0.04072,-1.0516195638146855,6.138453860595548,12.276907721191096,2.0,0.04353,0.0,1787044201.522,0.5220000743865967,,,,2.6,1,217,2.0
2466,1787044814,2026-08-18T09:20:14+00:00,VVVUSDT,LONG,overheated_confirmed,tp,tp,14.083,13.598767857142859,15.051464285714284,15.231,2.370763727550988,3.4384161248110603,6.876832249622121,2.0,14.083,0.0,1787044814.876,0.875999927520752,,,,2.7,1,0,2.0
2473,1787045459,2026-08-18T09:30:59+00:00,CHILLGUYUSDT,SHORT,ema_cross_confirmed,sl,sl,0.010611,0.011233758620689656,0.00936548275862069,0.011242,-1.0132336655592462,5.868990865042457,11.737981730084915,2.0,0.010611,0.0,1787045459.895,0.8949999809265137,,,,1.7,1,239,2.0
2481,1787045578,2026-08-18T09:32:58+00:00,BSBUSDT,SHORT,ema_cross,sl,sl,0.1197,0.12531103448275863,0.10847793103448276,0.12531103448275863,-1.0,4.687581021519319,9.375162043038628,1.9999999999999976,0.1197,0.0,1787045578.653,0.6530001163482666,0.32,,,,,,
2482,1787045584,2026-08-18T09:33:04+00:00,WUSDT,SHORT,ema_cross,sl,sl,0.008118,0.008256655172413793,0.007840689655172414,0.008269,-1.0890325789604591,1.7079967037914878,3.4159934075829756,2.0,0.008118,0.0,1787045584.963,0.9630000591278076,0.231,,,,,,
2483,1787045605,2026-08-18T09:33:25+00:00,GFSUSDT,SHORT,ema_cross,tp,tp,52.01,52.69,50.65,50.65,2.0,1.3074408767544698,2.6148817535089397,2.0,52.01,0.0,1787045605.648,0.6480000019073486,0.282,,,,,,
2489,1787045664,2026-08-18T09:34:24+00:00,BIRBUSDT,SHORT,ema_cross,sl,sl,0.05044,0.05180655172413793,0.04770689655172414,0.05194,-1.0976532929598801,2.7092619431759135,5.418523886351827,2.0,0.05044,0.0,1787045664.741,0.7409999370574951,0.272,,,,,,
2492,1787045703,2026-08-18T09:35:03+00:00,JPN225USDT,SHORT,ema_cross,tp,tp,420.88,427.2679310344828,408.1041379310345,408.1041379310345,1.9999999999999911,1.5177559006089123,3.035511801217811,1.9999999999999911,420.88,0.0,1787045704.369,1.36899995803833,0.2,,,,,,
2493,1787045710,2026-08-18T09:35:10+00:00,ARCUSDT,SHORT,ema_cross,tp,tp,0.07073,0.07398068965517242,0.06422862068965518,0.06422862068965518,1.9999999999999958,4.5959135517777705,9.191827103555521,1.9999999999999958,0.07073,0.0,1787045710.661,0.6610000133514404,0.622,,,,,,
2494,1787045719,2026-08-18T09:35:19+00:00,TACUSDT,SHORT,ema_cross,tp,tp,0.002627,0.002720551724137931,0.002439896551724138,0.002419,2.223368964246223,3.5611619390152613,7.122323878030523,2.0,0.002627,0.0,1787045719.509,0.5090000629425049,0.318,,,,,,
2495,1787045727,2026-08-18T09:35:27+00:00,INUSDT,SHORT,ema_cross,sl,sl,0.03095,0.03151724137931034,0.02981551724137931,0.03156,-1.0753799392097287,1.8327669767700911,3.6655339535401934,2.000000000000006,0.03095,0.0,1787045728.372,1.371999979019165,0.306,,,,,,
2499,1787045764,2026-08-18T09:36:04+00:00,WLDUSDT,SHORT,ema_cross,sl,sl,0.3224,0.33250689655172416,0.30218620689655173,0.3439,-2.127260320709651,3.134893471378456,6.269786942756912,2.0,0.3224,0.0,1787045765.306,1.305999994277954,0.798,,,,,,
2500,1787045780,2026-08-18T09:36:20+00:00,IRENUSDT,SHORT,ema_cross,sl,sl,43.49,44.384827586206896,41.70034482758621,44.44,-1.061657032755297,2.0575479103400642,4.1150958206801445,2.000000000000008,43.49,0.0,1787045781.396,1.3959999084472656,0.151,,,,,,
2501,1787045791,2026-08-18T09:36:31+00:00,PENDLEUSDT,LONG,ema_cross,sl,sl,1.358,1.3366206896551724,1.4007586206896554,1.336,-1.029032258064514,1.574323294906307,3.148646589812614,2.0,1.358,0.0,1787045792.198,1.1979999542236328,0.157,,,,,,
2503,1787045825,2026-08-18T09:37:05+00:00,IRENUSDT,SHORT,ema_cross_confirmed,sl,sl,43.14,44.929655172413796,39.56068965517241,44.96,-1.0169556840077063,4.148482087190067,8.296964174380134,2.0,43.14,0.0,1787045825.524,0.5239999294281006,,,,2.6,1,0,2.0
2506,1787046246,2026-08-18T09:44:06+00:00,CLOUSDT,LONG,overheated_confirmed,tp,tp,0.13592,0.13227607142857145,0.14320785714285714,0.1448,2.436930314613355,2.680936265029842,5.361872530059684,2.0,0.13592,0.0,1787046246.82,0.8199999332427979,,,,3.8,1,0,2.0
2507,1787047208,2026-08-18T10:00:08+00:00,GFSUSDT,SHORT,ema_cross_confirmed,tp,tp,51.28,52.64,48.56,48.54,2.0147058823529433,2.6521060842433686,5.304212168486737,2.0,51.28,0.0,1787047208.429,0.4289999008178711,,,,2.3,1,26,2.0
2510,1787053091,2026-08-18T11:38:11+00:00,OPNUSDT,LONG,overheated_confirmed,sl,sl,0.06028,0.05790357142857143,0.06503285714285714,0.0579,-1.0015028554253083,3.9423168072803105,7.884633614560621,2.0,0.06028,0.0,1787053091.592,0.5920000076293945,,,,2.9,1,0,2.0
2515,1787054411,2026-08-18T12:00:11+00:00,CLOUSDT,LONG,overheated_confirmed,tp,tp,0.14133,0.13768607142857145,0.14861785714285713,0.15031,2.464373223561701,2.578312156957873,5.156624313915746,2.0,0.14133,0.0,1787054412.564,1.563999891281128,,,,2.1,1,25,2.0
2518,1787055154,2026-08-18T12:12:34+00:00,IONQUSDT,SHORT,ema_cross,sl,sl,45.04,45.742758620689656,43.634482758620685,45.77,-1.0387634936211998,1.5602988914068767,3.1205977828137534,2.0,45.04,0.0,1787055155.879,1.878999948501587,0.356,,,,,,
2519,1787055156,2026-08-18T12:12:36+00:00,KORUUSDT,SHORT,ema_cross,tp,tp,20.205,20.97513793103448,18.66472413793103,18.66472413793103,2.0,3.811620544590366,7.623241089180732,2.0,20.205,0.0,1787055157.03,1.0299999713897705,0.703,,,,,,
2520,1787055221,2026-08-18T12:13:41+00:00,SOXLUSDT,SHORT,ema_cross,tp,tp,135.94,139.0948275862069,129.6303448275862,129.52,2.0349765001639515,2.320750026634465,4.64150005326893,2.0,135.94,0.0,1787055222.152,1.1519999504089355,0.471,,,,,,
2521,1787055228,2026-08-18T12:13:48+00:00,SOXSUSDT,LONG,ema_cross,tp,tp,42.44,41.571379310344824,44.177241379310345,44.24,2.0722508932115935,2.04670285027138,4.09340570054276,2.0,42.44,0.0,1787055228.522,0.5220000743865967,0.326,,,,,,
2522,1787055248,2026-08-18T12:14:08+00:00,BLUAIUSDT,LONG,ema_cross,sl,sl,0.013249,0.012628034482758621,0.014490931034482759,0.012628034482758621,-1.0,4.686885932835529,9.373771865671058,2.0,0.013249,0.0,1787055249.707,1.7070000171661377,0.156,,,,,,
2523,1787055254,2026-08-18T12:14:14+00:00,SOXSUSDT,LONG,ema_cross_confirmed,tp,tp,42.48,41.177068965517236,45.08586206896552,45.08586206896552,2.0,3.067163452172224,6.134326904344448,2.0,42.48,0.0,1787055254.971,0.9709999561309814,,,,1.5,1,0,2.0
2524,1787055261,2026-08-18T12:14:21+00:00,HUSDT,SHORT,ema_cross,tp,tp,0.11478,0.13083551724137932,0.08266896551724137,0.08262,2.003049762676916,13.988079143909502,27.97615828781898,1.9999999999999982,0.11478,0.0,1787055261.877,0.877000093460083,0.638,,,,,,
2525,1787055271,2026-08-18T12:14:31+00:00,POWERUSDT,LONG,ema_cross,sl,sl,0.08997,0.0870406896551724,0.09582862068965517,0.08699,-1.0173042966450836,3.2558745635518367,6.511749127103673,2.0,0.08997,0.0,1787055272.062,1.062000036239624,0.269,,,,,,
2526,1787055307,2026-08-18T12:15:07+00:00,AMDUSDT,SHORT,ema_cross,tp,tp,489.86,495.55620689655177,478.46758620689656,478.31,2.0276651129002867,1.1628234386460943,2.3256468772921766,1.99999999999999,489.86,0.0,1787055307.722,0.7219998836517334,0.384,,,,,,
2527,1787055343,2026-08-18T12:15:43+00:00,RIVERUSDT,SHORT,ema_cross,sl,sl,2.589,2.678896551724138,2.409206896551724,2.678896551724138,-1.0,3.4722499700323644,6.944499940064729,2.0,2.589,0.0,1787055343.466,0.4660000801086426,0.269,,,,,,
2528,1787055377,2026-08-18T12:16:17+00:00,RIVERUSDT,SHORT,ema_cross_confirmed,sl,sl,2.583,2.762793103448276,2.2234137931034486,2.762793103448276,-1.0,6.960631182666504,13.921262365333009,2.0,2.583,0.0,1787055378.22,1.2200000286102295,,,,1.5,1,0,2.0
2530,1787056661,2026-08-18T12:37:41+00:00,OUSTUSDT,SHORT,ema_cross,tp,tp,46.25,47.430689655172415,43.88862068965517,43.87,2.015771028037383,2.5528424976700865,5.105684995340173,2.0,46.25,0.0,1787056662.526,1.5260000228881836,0.437,,,,,,
2531,1787057117,2026-08-18T12:45:17+00:00,AMDUSDT,SHORT,ema_cross_confirmed,tp,tp,489.04,501.26599999999996,464.58800000000014,464.54,2.0039260592180694,2.499999999999988,4.999999999999976,2.0,489.04,0.0,1787057117.559,0.5590000152587891,,,,1.5,1,29,2.0
2534,1787058912,2026-08-18T13:15:12+00:00,IONQUSDT,SHORT,ema_cross_confirmed,sl,sl,44.55,45.95551724137931,41.73896551724137,45.95551724137931,-1.0,3.154920856070291,6.309841712140582,2.0,44.55,0.0,1787058913.235,1.2349998950958252,,,,1.6,1,62,2.0
2538,1787059813,2026-08-18T13:30:13+00:00,KORUUSDT,SHORT,ema_cross_confirmed,sl,sl,19.968,21.508275862068967,16.887448275862067,21.731,-1.1446001611892185,7.7137212643678215,15.427442528735643,2.0,19.968,0.0,1787059813.546,0.5460000038146973,,,,2.6,1,77,2.0
2552,1787060414,2026-08-18T13:40:14+00:00,PRLUSDT,LONG,overheated_confirmed,sl,sl,0.45094,0.4094039285714286,0.5340121428571428,0.36331,-2.1097325044496613,9.210997345228058,18.421994690456117,2.0,0.45094,0.0,1787060414.967,0.9670000076293945,,,,2.0,1,0,2.0
2555,1787060706,2026-08-18T13:45:06+00:00,SOXLUSDT,SHORT,ema_cross_confirmed,tp,tp,132.4,138.7096551724138,119.78068965517244,119.65,2.0207126461908436,4.765600583394097,9.531201166788193,2.0,132.4,0.0,1787060706.945,0.9449999332427979,,,,5.8,1,91,2.0
2566,1787062515,2026-08-18T14:15:15+00:00,RATSUSDT,LONG,overheated_confirmed,sl,sl,5.093e-05,4.8480178571428576e-05,5.5829642857142854e-05,4.698e-05,-1.6123624170857953,4.810173627668223,9.620347255336446,2.0,5.093e-05,0.0,1787062515.527,0.5269999504089355,,,,5.6,1,3,2.0
2570,1787063407,2026-08-18T14:30:07+00:00,BLUAIUSDT,LONG,ema_cross_confirmed,sl,sl,0.01327,0.012338551724137932,0.015132896551724138,0.012175,-1.1755886272767664,7.019203284567212,14.038406569134423,2.0,0.01327,0.0,1787063408.664,1.6640000343322754,,,,3.3,1,135,2.0
2624,1787153961,2026-08-19T15:39:21+00:00,BTWUSDT,LONG,overheated_confirmed,sl,sl,0.673017,0.6054896785714285,0.8080716428571428,0.556231,-1.7294629422482426,10.033523882542555,20.06704776508511,2.0,0.673017,0.0,1787153962.378,1.378000020980835,,,,1.8,1,26,2.0
2625,1787153963,2026-08-19T15:39:23+00:00,MUBARAKUSDT,LONG,overheated_confirmed,tp,tp,0.02235,0.021154285714285712,0.02474142857142857,0.02474142857142857,2.0,5.349952061361459,10.699904122722918,2.0,0.02235,0.0,1787153963.443,0.44300007820129395,,,,6.6,1,24,2.0
2631,1787158146,2026-08-19T16:49:06+00:00,REUSDT,LONG,overheated_confirmed,tp,tp,0.49972,0.477145,0.54487,0.54487,1.9999999999999976,4.517529816697353,9.035059633394695,1.9999999999999976,0.49972,0.0,1787158146.846,0.8459999561309814,,,,2.3,1,0,2.0
2655,1787158802,2026-08-19T17:00:02+00:00,AEROUSDT,LONG,ema_cross,sl,sl,0.4226,0.41750344827586205,0.4327931034482758,0.4175,-1.000676589986469,1.2059989882011173,2.4119979764022346,2.0,0.4226,0.0,1787158803.16,1.1600000858306885,0.384,,,,,,
2656,1787158815,2026-08-19T17:00:15+00:00,RESOLVUSDT,LONG,ema_cross,tp,tp,0.01759,0.017245172413793104,0.018279655172413794,0.01832,2.116999999999986,1.960361490658885,3.9207229813177507,1.99999999999999,0.01759,0.0,1787158815.43,0.43000006675720215,0.155,,,,,,
2657,1787158834,2026-08-19T17:00:34+00:00,AXTIUSDT,SHORT,ema_cross,tp,tp,76.37,79.60896551724139,69.89206896551725,69.89206896551725,1.9999999999999956,4.241149033968028,8.482298067936036,1.9999999999999956,76.37,0.0,1787158834.965,0.9649999141693115,1.071,,,,,,
2662,1787161548,2026-08-19T17:45:48+00:00,TREEUSDT,LONG,overheated_confirmed,sl,sl,0.04724,0.04546464285714285,0.05079071428571429,0.04546464285714285,-1.0,3.7581649933470533,7.516329986694107,2.0,0.04724,0.0,1787161549.467,1.4670000076293945,,,,4.7,1,0,2.0
2664,1787162196,2026-08-19T17:56:36+00:00,TREEUSDT,LONG,overheated_confirmed,sl,sl,0.04724,0.04546464285714285,0.05079071428571429,0.045,-1.2617179641923113,3.7581649933470533,7.516329986694107,2.0,0.04724,0.0,1787162197.342,1.3420000076293945,,,,4.7,1,0,2.0
2667,1787163034,2026-08-19T18:10:34+00:00,HEMIUSDT,LONG,overheated_early,tp,tp,0.009034,0.007604339285714286,0.011893321428571428,0.011939,2.0319506376388006,15.825334450804892,31.650668901609784,2.0,0.009034,0.0,,,,,,,,,
2668,1787163066,2026-08-19T18:11:06+00:00,DOSUSDT,LONG,overheated_early,sl,sl,0.2738,0.25256964285714284,0.3162607142857143,0.2389,-1.6438724871730162,7.753965355316709,15.507930710633419,2.0,0.2738,0.0,,,,,,,,,
2669,1787163079,2026-08-19T18:11:19+00:00,MVLLUSDT,LONG,overheated_early,tp,tp,29.82,27.83517857142857,33.78964285714286,33.84,2.0253711201079634,6.656007473411902,13.312014946823805,2.0,29.82,0.0,,,,,,,,,
2670,1787163117,2026-08-19T18:11:57+00:00,牛来USDT,LONG,overheated_early,sl,sl,0.0399,0.0389025,0.041895,0.03888,-1.0225563909774453,2.499999999999996,5.000000000000009,2.000000000000007,0.0399,0.0,,,,,,,,,
2671,1787163200,2026-08-19T18:13:20+00:00,BRUSDT,LONG,overheated_early,tp,tp,0.22981,0.20537928571428568,0.27867142857142857,0.28061,2.0793497646405283,10.630831680829514,21.261663361659018,1.999999999999999,0.22981,0.0,,,,,,,,,
2672,1787163216,2026-08-19T18:13:36+00:00,STARUSDT,LONG,overheated_early,sl,sl,0.13844,0.12231660714285715,0.17068678571428572,0.1206,-1.1064668682371448,11.6464842943823,23.2929685887646,2.0,0.13844,0.0,,,,,,,,,
2674,1787163339,2026-08-19T18:15:39+00:00,MAGMAUSDT,LONG,overheated_confirmed,tp,tp,0.19852,0.18949482142857144,0.21657035714285713,0.21657035714285713,2.0,4.546231398059927,9.092462796119854,2.0,0.19852,0.0,1787163339.82,0.8199999332427979,,,,1.8,1,1,2.0
2676,1787167198,2026-08-19T19:19:58+00:00,AEROUSDT,LONG,ema_cross_confirmed,tp,tp,0.4198,0.4121551724137931,0.43508965517241377,0.43508965517241377,2.0,1.821064217772006,3.642128435544012,2.0,0.4198,0.0,1787167199.418,1.4179999828338623,,,,1.7,1,139,2.0
2680,1787167776,2026-08-19T19:29:36+00:00,TREEUSDT,LONG,overheated_early,sl,sl,0.04188,0.04010464285714285,0.04543071428571429,0.03781,-2.292496479581565,4.239152681129771,8.478305362259524,1.999999999999996,0.04188,0.0,,,,,,,,,
2683,1787168514,2026-08-19T19:41:54+00:00,LUNCUSDT,LONG,ema_cross,tp,tp,4.914e-05,4.8477931034482756e-05,5.0464137931034483e-05,5.0464137931034483e-05,1.9999999999999898,1.3473116921392854,2.694623384278557,1.9999999999999898,4.914e-05,0.0,1787168515.313,1.312999963760376,0.194,,,,,,
2684,1787168517,2026-08-19T19:41:57+00:00,DASHUSDT,LONG,ema_cross,tp,tp,30.8,30.453793103448277,31.49241379310345,31.49241379310345,2.0,1.1240483654276754,2.2480967308553508,2.0,30.8,0.0,1787168517.956,0.9560000896453857,0.174,,,,,,
2685,1787168530,2026-08-19T19:42:10+00:00,GDXUSDT,LONG,ema_cross,sl,sl,96.72,95.18068965517242,99.79862068965517,95.18068965517242,-1.0,1.59151193633952,3.18302387267904,2.0,96.72,0.0,1787168530.727,0.7269999980926514,0.667,,,,,,
2686,1787168532,2026-08-19T19:42:12+00:00,TRUMPUSDT,LONG,ema_cross,tp,tp,1.453,1.4323103448275862,1.4943793103448277,1.4943793103448277,2.0,1.4239267152383919,2.8478534304767837,2.0,1.453,0.0,1787168532.476,0.4760000705718994,0.166,,,,,,
2687,1787168537,2026-08-19T19:42:17+00:00,JUPUSDT,LONG,ema_cross,tp,tp,0.1778,0.17567241379310347,0.18205517241379313,0.1823,2.1150729335494307,1.1966176641712836,2.3932353283425827,2.000000000000013,0.1778,0.0,1787168537.532,0.5320000648498535,0.177,,,,,,
2688,1787168542,2026-08-19T19:42:22+00:00,VETUSDT,LONG,ema_cross,tp,tp,0.004687,0.004638241379310345,0.00478451724137931,0.004794,2.1944837340876746,1.0402948728324166,2.080589745664814,1.9999999999999822,0.004687,0.0,1787168543.13,1.130000114440918,0.324,,,,,,
2689,1787168558,2026-08-19T19:42:38+00:00,TRBUSDT,LONG,ema_cross,tp,tp,13.68,13.525862068965518,13.988275862068965,13.988275862068965,2.0000000000000115,1.1267392619479673,2.2534785238959474,2.0000000000000115,13.68,0.0,1787168559.367,1.3670001029968262,0.189,,,,,,
2690,1787168563,2026-08-19T19:42:43+00:00,AMATUSDT,SHORT,ema_cross,sl,sl,495.4,502.64827586206894,480.90344827586205,502.9,-1.0347288296860133,1.4631158381245388,2.9262316762490777,2.0,495.4,0.0,1787168563.687,0.687000036239624,0.31,,,,,,
2691,1787168577,2026-08-19T19:42:57+00:00,ONDOUSDT,LONG,ema_cross,tp,tp,0.3385,0.3327931034482759,0.3499137931034483,0.3499137931034483,2.0,1.6859369429022533,3.3718738858045065,2.0,0.3385,0.0,1787168578.556,1.555999994277954,0.231,,,,,,
2692,1787168586,2026-08-19T19:43:06+00:00,GDXUSDT,LONG,ema_cross_confirmed,tp,tp,96.61,94.30103448275862,101.22793103448275,101.26,2.0138888888888946,2.3899860441376415,4.779972088275283,2.0,96.61,0.0,1787168586.666,0.6659998893737793,,,,1.6,1,0,2.0
2693,1787168587,2026-08-19T19:43:07+00:00,TRUMPUSDT,LONG,ema_cross_confirmed,tp,tp,1.455,1.4239655172413794,1.5170689655172414,1.539,2.706666666666666,2.1329541414859547,4.2659082829719095,2.0,1.455,0.0,1787168587.739,0.7390000820159912,,,,2.7,1,0,2.0
2694,1787168590,2026-08-19T19:43:10+00:00,GRVTUSDT,LONG,ema_cross,sl,sl,0.3124,0.2999,0.3374,0.2951,-1.3840000000000017,4.001280409731117,8.002560819462216,1.9999999999999956,0.3124,0.0,1787168590.649,0.6489999294281006,0.852,,,,,,
2696,1787168596,2026-08-19T19:43:16+00:00,COINXUSDT,LONG,ema_cross,tp,tp,157.88,156.12724137931033,161.38551724137932,161.59,2.116663387763129,1.1101840769506344,2.2203681539012687,2.0,157.88,0.0,1787168596.92,0.9200000762939453,0.618,,,,,,
2697,1787168612,2026-08-19T19:43:32+00:00,MSTRXUSDT,LONG,ema_cross,tp,tp,103.4,101.86172413793103,106.47655172413793,106.47655172413793,1.9999999999999907,1.4876942573200884,2.9753885146401626,1.9999999999999907,103.4,0.0,1787168613.007,1.0069999694824219,0.963,,,,,,
2698,1787168635,2026-08-19T19:43:55+00:00,TIAUSDT,LONG,ema_cross,tp,tp,0.3208,0.3155034482758621,0.3313931034482758,0.3313931034482758,2.0000000000000107,1.6510448017886221,3.3020896035772616,2.0000000000000107,0.3208,0.0,1787168635.738,0.7379999160766602,0.156,,,,,,
2699,1787168653,2026-08-19T19:44:13+00:00,TIAUSDT,LONG,ema_cross_confirmed,tp,tp,0.3211,0.3131551724137931,0.3369896551724138,0.3369896551724138,2.0,2.474253374714078,4.948506749428156,2.0,0.3211,0.0,1787168654.037,1.0369999408721924,,,,2.9,1,0,2.0
2700,1787168653,2026-08-19T19:44:13+00:00,KSMUSDT,LONG,ema_cross,tp,tp,2.95,2.914034482758621,3.021931034482759,3.028,2.1687440076701914,1.2191700759789519,2.4383401519579193,2.0000000000000124,2.95,0.0,1787168654.766,1.7660000324249268,0.22,,,,,,
2701,1787168659,2026-08-19T19:44:19+00:00,TSTBSCUSDT,LONG,ema_cross,tp,tp,0.015106,0.014368965517241379,0.016580068965517242,0.016580068965517242,2.000000000000002,4.879084355611152,9.758168711222314,2.000000000000002,0.015106,0.0,1787168659.747,0.746999979019165,0.731,,,,,,
2702,1787168678,2026-08-19T19:44:38+00:00,CRCLXUSDT,LONG,ema_cross,tp,tp,77.53,76.27586206896552,80.03827586206896,80.03827586206896,2.0,1.6176163175989657,3.2352326351979315,2.0,77.53,0.0,1787168678.438,0.437999963760376,1.112,,,,,,
2703,1787168693,2026-08-19T19:44:53+00:00,XLMUSDT,LONG,ema_cross,tp,tp,0.16523,0.16312827586206896,0.16943344827586207,0.16943344827586207,2.0000000000000133,1.271999115131046,2.5439982302621083,2.0000000000000133,0.16523,0.0,1787168693.864,0.8640000820159912,0.24,,,,,,
2704,1787168714,2026-08-19T19:45:14+00:00,KSMUSDT,LONG,ema_cross_confirmed,tp,tp,2.957,2.903051724137931,3.0648965517241376,3.071,2.113135186960701,1.824425967604628,3.648851935209256,2.0,2.957,0.0,1787168714.568,0.568000078201294,,,,6.5,1,0,2.0
2705,1787168726,2026-08-19T19:45:26+00:00,TREEUSDT,LONG,ema_cross,sl,sl,0.04188,0.040724482758620686,0.04419103448275862,0.03781,-3.5222321695016277,2.759114711984991,5.518229423969965,1.999999999999994,0.04188,0.0,1787168727.302,1.3020000457763672,2.181,,,,,,
2706,1787168735,2026-08-19T19:45:35+00:00,ZKUSDT,LONG,ema_cross,tp,tp,0.00796,0.007808275862068966,0.008263448275862069,0.00827,2.0431818181818158,1.9060821348119903,3.8121642696239806,2.0,0.00796,0.0,1787168735.575,0.5750000476837158,0.289,,,,,,
2707,1787168736,2026-08-19T19:45:36+00:00,ALGOUSDT,LONG,ema_cross,tp,tp,0.08071,0.07970862068965517,0.08271275862068966,0.0841,3.3853305785123795,1.2407128117269606,2.481425623453921,2.0,0.08071,0.0,1787168737.275,1.2750000953674316,0.182,,,,,,
2708,1787168744,2026-08-19T19:45:44+00:00,ADBEUSDT,LONG,ema_cross,sl,sl,273.5,270.0289655172414,280.44206896551725,270.0289655172414,-1.0,1.269116812708821,2.538233625417642,2.0,273.5,0.0,1787168744.882,0.8819999694824219,0.36,,,,,,
2709,1787168759,2026-08-19T19:45:59+00:00,TRIAUSDT,SHORT,ema_cross,sl,sl,0.00762,0.00799448275862069,0.006871034482758621,0.00799448275862069,-1.0,4.914471897909311,9.828943795818622,2.0,0.00762,0.0,1787168759.63,0.630000114440918,0.228,,,,,,
2710,1787168781,2026-08-19T19:46:21+00:00,FARTCOINUSDT,LONG,ema_cross,tp,tp,0.1523,0.14864310344827586,0.15961379310344825,0.16028,2.1821782178217903,2.4011139538569477,4.802227907713895,2.0,0.1523,0.0,1787168782.137,1.1370000839233398,0.618,,,,,,
2713,1787169603,2026-08-19T20:00:03+00:00,RESOLVUSDT,LONG,ema_cross_confirmed,tp,tp,0.01768,0.017162758620689656,0.01871448275862069,0.01876,2.087999999999994,2.92557341238883,5.85114682477766,2.0,0.01768,0.0,1787169604.253,1.253000020980835,,,,1.7,1,179,2.0
2714,1787169619,2026-08-19T20:00:19+00:00,MSTRXUSDT,LONG,ema_cross_confirmed,tp,tp,104.19,101.88258620689655,108.8048275862069,108.8048275862069,2.0,2.2146211662380746,4.429242332476149,2.0,104.19,0.0,1787169619.954,0.9539999961853027,,,,1.9,1,16,2.0
2715,1787172057,2026-08-19T20:40:57+00:00,ZKUSDT,LONG,ema_cross_confirmed,tp,tp,0.00806,0.007832413793103447,0.008515172413793104,0.008515172413793104,2.0,2.8236502096346414,5.647300419269283,2.0,0.00806,0.0,1787172057.953,0.9530000686645508,,,,6.8,1,55,2.0
2716,1787172331,2026-08-19T20:45:31+00:00,MAGMAUSDT,LONG,overheated_confirmed,tp,tp,0.21727,0.20661303571428571,0.23858392857142854,0.23858392857142854,2.0,4.904940528243327,9.809881056486654,2.0,0.21727,0.0,1787172331.998,0.997999906539917,,,,1.7,1,39,2.0
2717,1787172354,2026-08-19T20:45:54+00:00,TRUMPUSDT,LONG,ema_cross_confirmed,tp,tp,1.545,1.5139655172413793,1.591551724137931,1.597,1.6755555555555597,2.008704385671239,3.0130565785068586,1.5,1.545,0.0,1787172354.699,0.6989998817443848,,,,2.5,2,63,1.5
2727,1787173238,2026-08-19T21:00:38+00:00,BOMEUSDT,LONG,overheated_confirmed,tp,tp,0.0008983,0.0008453339285714286,0.0010042321428571426,0.0010056,2.0258251576143764,5.8962564208584425,11.792512841716873,1.999999999999998,0.0008983,0.0,1787173239.479,1.4790000915527344,,,,2.6,1,10,2.0
2728,1787173242,2026-08-19T21:00:42+00:00,LUNCUSDT,LONG,ema_cross_confirmed,tp,tp,5.008e-05,4.908689655172414e-05,5.206620689655172e-05,5.206620689655172e-05,2.0,1.9830340420843857,3.9660680841687714,2.0,5.008e-05,0.0,1787173242.644,0.6440000534057617,,,,5.7,1,78,2.0
2729,1787173243,2026-08-19T21:00:43+00:00,DASHUSDT,LONG,ema_cross_confirmed,tp,tp,31.34,30.820689655172416,32.378620689655165,32.378620689655165,1.9999999999999931,1.657020883304353,3.3140417666086948,1.9999999999999931,31.34,0.0,1787173243.767,0.7669999599456787,,,,4.3,1,78,2.0
2730,1787173245,2026-08-19T21:00:45+00:00,JUPUSDT,LONG,ema_cross_confirmed,tp,tp,0.1798,0.17660862068965516,0.18618275862068964,0.18618275862068964,2.0,1.7749606842852212,3.5499213685704425,2.0,0.1798,0.0,1787173246.176,1.1760001182556152,,,,2.2,1,78,2.0
2731,1787173246,2026-08-19T21:00:46+00:00,VETUSDT,LONG,ema_cross_confirmed,tp,tp,0.00477,0.004696862068965517,0.004916275862068966,0.004927,2.1466289486091386,1.533289958794194,3.066579917588388,2.0,0.00477,0.0,1787173247.253,1.253000020980835,,,,7.7,1,78,2.0
2732,1787173247,2026-08-19T21:00:47+00:00,龙虾USDT,LONG,ema_cross_confirmed,tp,tp,0.02081,0.018967793103448274,0.024494413793103447,0.024603,2.0589435459718484,8.852507912310065,17.70501582462013,2.0,0.02081,0.0,1787173248.408,1.4079999923706055,,,,2.3,1,78,2.0
2733,1787173249,2026-08-19T21:00:49+00:00,TRBUSDT,LONG,ema_cross_confirmed,tp,tp,13.91,13.678793103448276,14.372413793103448,14.372413793103448,2.0,1.6621631671583303,3.3243263343166607,2.0,13.91,0.0,1787173249.543,0.5429999828338623,,,,4.4,1,77,2.0
2734,1787173250,2026-08-19T21:00:50+00:00,ONDOUSDT,LONG,ema_cross_confirmed,tp,tp,0.3475,0.33893965517241376,0.3646206896551724,0.3649,2.032628398791541,2.463408583478049,4.926817166956098,2.0,0.3475,0.0,1787173251.325,1.3250000476837158,,,,3.7,1,77,2.0
2735,1787173256,2026-08-19T21:00:56+00:00,XLMUSDT,LONG,ema_cross_confirmed,tp,tp,0.16834,0.16518741379310345,0.17464517241379307,0.17478,2.042767295597492,1.8727493209555308,3.7454986419110616,2.0,0.16834,0.0,1787173257.004,1.003999948501587,,,,2.0,1,75,2.0
2736,1787173259,2026-08-19T21:00:59+00:00,ALGOUSDT,LONG,ema_cross_confirmed,tp,tp,0.0816,0.08009793103448276,0.0846041379310345,0.08475,2.097107438016524,1.8407707910750546,3.681541582150109,2.0,0.0816,0.0,1787173259.464,0.46399998664855957,,,,3.4,1,75,2.0
2737,1787173261,2026-08-19T21:01:01+00:00,FARTCOINUSDT,LONG,ema_cross_confirmed,tp,tp,0.15388,0.1483946551724138,0.16485068965517238,0.16488,2.0053433914820107,3.5646899061516755,7.129379812303351,2.0,0.15388,0.0,1787173261.858,0.8580000400543213,,,,3.4,1,74,2.0
2738,1787173427,2026-08-19T21:03:47+00:00,TAIKOUSDT,LONG,ema_cross,tp,tp,0.0733,0.07213793103448277,0.07562413793103448,0.0757,2.065281899109798,1.5853601166674458,3.1707202333348916,2.0,0.0733,0.0,1787173427.558,0.5580000877380371,0.225,,,,,,
2739,1787173436,2026-08-19T21:03:56+00:00,PRLUSDT,SHORT,ema_cross,tp,tp,0.32226,0.3549958620689655,0.256788275862069,0.256788275862069,2.0,10.158214506598865,20.31642901319773,2.0,0.32226,0.0,1787173437.243,1.2430000305175781,1.542,,,,,,
2740,1787173437,2026-08-19T21:03:57+00:00,BNBUSDT,LONG,ema_cross,tp,tp,618.3,614.8913793103447,625.1172413793103,625.1172413793103,1.9999999999999667,0.5512891298164659,1.1025782596329134,1.9999999999999667,618.3,0.0,1787173438.334,1.3340001106262207,0.17,,,,,,
2741,1787173457,2026-08-19T21:04:17+00:00,RAYUSDT,LONG,ema_cross,tp,tp,0.6393,0.6332379310344828,0.6514241379310345,0.654,2.424914675767943,0.9482354083399339,1.8964708166798854,2.000000000000018,0.6393,0.0,1787173457.893,0.8929998874664307,0.235,,,,,,
2742,1787173469,2026-08-19T21:04:29+00:00,HIMSUSDT,LONG,ema_cross,sl,sl,31.071,30.580689655172414,32.051620689655174,30.456,-1.254307616569379,1.5780320711518385,3.1560641423036664,1.9999999999999927,31.071,0.0,1787173469.541,0.5409998893737793,0.779,,,,,,
2743,1787173480,2026-08-19T21:04:40+00:00,MNTUSDT,LONG,ema_cross,tp,tp,0.4549,0.44944137931034484,0.46581724137931035,0.4843,5.385975994946282,1.1999605824698156,2.399921164939619,1.9999999999999898,0.4549,0.0,1787173480.553,0.5529999732971191,0.356,,,,,,
2744,1787173485,2026-08-19T21:04:45+00:00,KASUSDT,LONG,ema_cross,tp,tp,0.02648,0.02608758620689655,0.027264827586206897,0.027264827586206897,2.0,1.4819252005417247,2.9638504010834494,2.0,0.02648,0.0,1787173485.591,0.5910000801086426,0.247,,,,,,
2745,1787173488,2026-08-19T21:04:48+00:00,PYTHUSDT,LONG,ema_cross,tp,tp,0.04126,0.04049137931034483,0.04279724137931035,0.0428,2.0035890533871727,1.8628712788540256,3.725742557708068,2.000000000000009,0.04126,0.0,1787173488.795,0.7950000762939453,0.259,,,,,,
2746,1787173495,2026-08-19T21:04:55+00:00,IBMUSDT,LONG,ema_cross,sl,sl,236.95,235.39,240.07,235.39,-1.0,0.6583667440388278,1.3167334880776556,2.0,236.95,0.0,1787173495.842,0.8420000076293945,0.161,,,,,,
2747,1787173498,2026-08-19T21:04:58+00:00,TAIKOUSDT,LONG,ema_cross_confirmed,tp,tp,0.0737,0.07195689655172414,0.07718620689655172,0.0772,2.0079129574678616,2.365133579750145,4.73026715950029,2.0,0.0737,0.0,1787173499.362,1.3619999885559082,,,,6.8,1,0,2.0
2748,1787173500,2026-08-19T21:05:00+00:00,BNBUSDT,LONG,ema_cross_confirmed,tp,tp,623.75,618.6370689655173,633.9758620689654,634.9,2.180745236890933,0.8197083822817953,1.6394167645635906,2.0,623.75,0.0,1787173501.208,1.2079999446868896,,,,5.4,1,0,2.0
2749,1787173533,2026-08-19T21:05:33+00:00,REUSDT,LONG,ema_cross,tp,tp,0.52357,0.5060413793103448,0.5586272413793103,0.56372,2.290539610095799,3.347903945920358,6.695807891840694,1.9999999999999936,0.52357,0.0,1787173534.426,1.4260001182556152,1.329,,,,,,
2750,1787173551,2026-08-19T21:05:51+00:00,UBERUSDT,LONG,ema_cross,tp,tp,78.04,77.03103448275863,80.05793103448276,80.05793103448276,2.0,1.292882518248819,2.585765036497638,2.0,78.04,0.0,1787173552.14,1.1400001049041748,0.219,,,,,,
2751,1787173552,2026-08-19T21:05:52+00:00,XANUSDT,LONG,ema_cross,tp,tp,0.010965,0.010652172413793104,0.011590655172413793,0.011598,2.023478835978832,2.852964762488802,5.705929524977589,1.9999999999999944,0.010965,0.0,1787173553.251,1.250999927520752,0.455,,,,,,
2752,1787173562,2026-08-19T21:06:02+00:00,MNTUSDT,LONG,ema_cross_confirmed,tp,tp,0.4584,0.45021206896551724,0.47477586206896544,0.4843,3.163192251000225,1.7861978696515557,3.5723957393031114,2.0,0.4584,0.0,1787173562.871,0.8710000514984131,,,,3.7,1,0,2.0
2753,1787173563,2026-08-19T21:06:03+00:00,KASUSDT,LONG,ema_cross_confirmed,tp,tp,0.02674,0.02615137931034483,0.027917241379310342,0.02796,2.0726420620972488,2.201274082480072,4.402548164960144,2.0,0.02674,0.0,1787173563.991,0.9909999370574951,,,,2.9,1,0,2.0
2754,1787173588,2026-08-19T21:06:28+00:00,SATSUSDT,LONG,ema_cross,tp,tp,1.062e-08,1.0366896551724138e-08,1.1126206896551724e-08,1.113e-08,2.014986376021792,2.3832716410156545,4.766543282031294,1.9999999999999936,1.062e-08,0.0,1787173589.13,1.130000114440918,0.159,,,,,,
2755,1787173611,2026-08-19T21:06:51+00:00,XPLUSDT,LONG,ema_cross,tp,tp,0.07977,0.0780996551724138,0.0831106896551724,0.08315,2.0235342691990246,2.0939511440218106,4.187902288043639,2.0000000000000084,0.07977,0.0,1787173612.026,1.0260000228881836,0.581,,,,,,
2756,1787173624,2026-08-19T21:07:04+00:00,MRVLUSDT,LONG,ema_cross,sl,sl,237.41,232.0151724137931,248.1996551724138,232.0151724137931,-1.0,2.2723674597560763,4.544734919512153,2.0,237.41,0.0,1787173625.141,1.1410000324249268,0.514,,,,,,
2757,1787173626,2026-08-19T21:07:06+00:00,XANUSDT,LONG,ema_cross_confirmed,tp,tp,0.010998,0.010528758620689657,0.011936482758620689,0.012106,2.361258083480309,4.266606467633606,8.533212935267212,2.0,0.010998,0.0,1787173626.761,0.7609999179840088,,,,3.3,1,0,2.0
2758,1787173627,2026-08-19T21:07:07+00:00,SATSUSDT,LONG,ema_cross_confirmed,tp,tp,1.072e-08,1.0340344827586206e-08,1.1479310344827585e-08,1.149e-08,2.028156221616716,3.5415594441585165,7.083118888317033,2.0,1.072e-08,0.0,1787173627.977,0.9769999980926514,,,,4.5,1,0,2.0
2759,1787173637,2026-08-19T21:07:17+00:00,AVAXUSDT,LONG,ema_cross,tp,tp,6.611,6.498931034482759,6.835137931034483,6.846,2.096923076923085,1.6951893135265634,3.39037862705314,2.000000000000008,6.611,0.0,1787173637.639,0.6389999389648438,0.19,,,,,,
2760,1787173651,2026-08-19T21:07:31+00:00,NOWUSDT,LONG,ema_cross,tp,tp,127.03,125.10448275862069,130.88103448275862,130.95,2.035816618911168,1.5157972458311506,3.031594491662301,2.0,127.03,0.0,1787173651.756,0.7560000419616699,0.205,,,,,,
2761,1787173663,2026-08-19T21:07:43+00:00,FLOKIUSDT,LONG,ema_cross,tp,tp,2.136e-05,2.1115172413793102e-05,2.1849655172413792e-05,2.22e-05,3.4309859154929634,1.14619656463903,2.29239312927806,2.0,2.136e-05,0.0,1787173663.75,0.75,0.495,,,,,,
2762,1787173671,2026-08-19T21:07:51+00:00,MOODENGUSDT,LONG,ema_cross,tp,tp,0.03697,0.03642931034482759,0.03805137931034483,0.03826,2.385841836734695,1.4625092106367683,2.9250184212735366,2.0,0.03697,0.0,1787173672.092,1.0920000076293945,0.327,,,,,,
2763,1787173688,2026-08-19T21:08:08+00:00,AVAXUSDT,LONG,ema_cross_confirmed,tp,tp,6.707,6.538896551724138,7.043206896551724,7.044,2.0047179487179467,2.506388076276459,5.012776152552918,2.0,6.707,0.0,1787173689.337,1.3369998931884766,,,,5.0,1,0,2.0
2764,1787173693,2026-08-19T21:08:13+00:00,MVLLUSDT,LONG,ema_cross,sl,sl,30.99,29.659655172413792,33.650689655172414,29.659655172413792,-1.0,4.292819708248487,8.585639416496985,2.0000000000000027,30.99,0.0,1787173693.545,0.5450000762939453,0.551,,,,,,
2765,1787173700,2026-08-19T21:08:20+00:00,MANAUSDT,LONG,ema_cross,tp,tp,0.06543,0.06475896551724138,0.06677206896551724,0.06731,2.8016443987666695,1.0255761619419619,2.0511523238839025,1.9999999999999793,0.06543,0.0,1787173700.54,0.5399999618530273,0.178,,,,,,
2766,1787173710,2026-08-19T21:08:30+00:00,ZAMAUSDT,LONG,ema_cross,tp,tp,0.04433,0.04308137931034483,0.046827241379310346,0.04683,2.0022093344379974,2.816649423990914,5.633298847981828,2.0,0.04433,0.0,1787173710.819,0.8190000057220459,0.5,,,,,,
2767,1787173714,2026-08-19T21:08:34+00:00,VANAUSDT,LONG,ema_cross,tp,tp,0.888,0.8750689655172413,0.9138620689655172,0.9138620689655172,1.9999999999999913,1.456197576887238,2.9123951537744635,1.9999999999999913,0.888,0.0,1787173715.188,1.187999963760376,0.308,,,,,,
2768,1787173720,2026-08-19T21:08:40+00:00,UVXYUSDT,SHORT,ema_cross,sl,sl,19.61,19.88344827586207,19.06310344827586,19.88344827586207,-1.0,1.3944328192864321,2.7888656385728643,2.0,19.61,0.0,1787173720.871,0.8710000514984131,0.252,,,,,,
2769,1787173727,2026-08-19T21:08:47+00:00,BONKUSDT,LONG,ema_cross,tp,tp,2.404e-06,2.3650689655172415e-06,2.4818620689655176e-06,2.4818620689655176e-06,2.0,1.6194273911297286,3.238854782259457,2.0,2.404e-06,0.0,1787173727.931,0.9309999942779541,0.184,,,,,,
2770,1787173750,2026-08-19T21:09:10+00:00,FLOKIUSDT,LONG,ema_cross_confirmed,tp,tp,2.179e-05,2.1422758620689653e-05,2.2524482758620693e-05,2.254e-05,2.042253521126753,1.685366587013983,3.370733174027966,2.0,2.179e-05,0.0,1787173751.058,1.058000087738037,,,,2.3,1,0,2.0
2771,1787173751,2026-08-19T21:09:11+00:00,MOODENGUSDT,LONG,ema_cross_confirmed,tp,tp,0.0376,0.03678896551724138,0.03922206896551724,0.03922206896551724,2.0,2.157006603081436,4.314013206162872,2.0,0.0376,0.0,1787173752.466,1.4660000801086426,,,,6.9,1,0,2.0
2772,1787173754,2026-08-19T21:09:14+00:00,ZAMAUSDT,LONG,ema_cross_confirmed,tp,tp,0.04515,0.043277068965517244,0.04889586206896552,0.0515,3.3904078063150123,4.148241493871003,8.296482987742007,2.0,0.04515,0.0,1787173754.898,0.8980000019073486,,,,2.3,1,0,2.0
2773,1787173755,2026-08-19T21:09:15+00:00,VANAUSDT,LONG,ema_cross_confirmed,tp,tp,0.9,0.8806034482758621,0.9387931034482758,0.9387931034482758,2.0,2.1551724137931,4.3103448275862,2.0,0.9,0.0,1787173755.988,0.9879999160766602,,,,5.1,1,0,2.0
2774,1787173814,2026-08-19T21:10:14+00:00,BONKUSDT,LONG,ema_cross_confirmed,tp,tp,2.44e-06,2.381603448275862e-06,2.5567931034482756e-06,2.56e-06,2.054915854738713,2.3933013001695826,4.786602600339165,2.0,2.44e-06,0.0,1787173815.304,1.303999900817871,,,,3.9,1,0,2.0
2775,1787174101,2026-08-19T21:15:01+00:00,RAYUSDT,LONG,ema_cross_confirmed,tp,tp,0.6506,0.6415068965517241,0.6687862068965517,0.6693,2.0565036025786956,1.3976488546381576,2.795297709276315,2.0,0.6506,0.0,1787174101.64,0.6400001049041748,,,,4.2,1,10,2.0
2776,1787174116,2026-08-19T21:15:16+00:00,UVXYUSDT,SHORT,ema_cross_confirmed,sl,sl,19.54,20.086896551724138,18.446206896551722,20.11,-1.0422446406052954,2.7988564571347934,5.597712914269587,2.0,19.54,0.0,1787174117.364,1.3640000820159912,,,,6.5,1,5,2.0
2778,1787174142,2026-08-19T21:15:42+00:00,TRUMPUSDT,LONG,ema_cross_confirmed,sl,sl,1.687,1.6559655172413794,1.7180344827586207,1.6559655172413794,-1.0,1.8396255340024088,1.8396255340024088,1.0,1.687,0.0,1787174143.167,1.1670000553131104,,,,4.8,3,93,1.0
2779,1787174151,2026-08-19T21:15:51+00:00,TSTBSCUSDT,LONG,ema_cross_confirmed,tp,tp,0.015152,0.014046448275862069,0.017363103448275866,0.017363103448275866,2.0000000000000018,7.296407894257732,14.592815788515475,2.0000000000000018,0.015152,0.0,1787174151.419,0.41899991035461426,,,,2.9,1,91,2.0
2780,1787174158,2026-08-19T21:15:58+00:00,SKYAIUSDT,LONG,overheated_confirmed,tp,tp,0.07026,0.06230571428571429,0.08616857142857143,0.08616857142857143,2.0,11.321215078687322,22.642430157374644,2.0,0.07026,0.0,1787174159.003,1.003000020980835,,,,2.2,1,28,2.0
2781,1787207838,2026-08-20T06:37:18+00:00,BIOUSDT,LONG,overheated_early,tp,tp,0.02982,0.028802142857142856,0.031855714285714286,0.031855714285714286,2.0,3.413337165852258,6.826674331704516,2.0,0.02982,0.0,,,,,,,,,
2782,1787207843,2026-08-20T06:37:23+00:00,KORUUSDT,LONG,overheated_early,sl,sl,20.793,19.199785714285714,23.97942857142857,19.171,-1.0180676978255996,7.662262712039079,15.324525424078159,2.0,20.793,0.0,,,,,,,,,
2783,1787207865,2026-08-20T06:37:45+00:00,BMNRUSDT,LONG,overheated_early,sl,sl,21.71,21.06607142857143,22.997857142857143,21.06607142857143,-1.0,2.966045930117784,5.932091860235568,2.0,21.71,0.0,,,,,,,,,
2784,1787207875,2026-08-20T06:37:55+00:00,MSTRXUSDT,LONG,overheated_early,tp,tp,108.39,105.44357142857143,114.28285714285715,114.5,2.073696969696971,2.7183583092799792,5.436716618559971,2.000000000000005,108.39,0.0,,,,,,,,,
2787,1787207945,2026-08-20T06:39:05+00:00,REUSDT,LONG,overheated_early,sl,sl,0.51356,0.4845548214285714,0.5715703571428572,0.48306,-1.0515363635803954,5.647865599234479,11.295731198468959,2.0,0.51356,0.0,,,,,,,,,
2788,1787207945,2026-08-20T06:39:05+00:00,REDUSDT,LONG,overheated_confirmed,sl,sl,0.1176,0.10981607142857143,0.13316785714285712,0.10981607142857143,-1.0,6.618986880466468,13.237973760932926,1.9999999999999982,0.1176,0.0,1787207945.684,0.6840000152587891,,,,2.0,1,0,2.0
2789,1787207953,2026-08-20T06:39:13+00:00,USELESSUSDT,LONG,overheated_early,tp,tp,0.04263,0.04011053571428572,0.04766892857142858,0.04766892857142858,2.0000000000000027,5.910073388961493,11.820146777923004,2.0000000000000027,0.04263,0.0,,,,,,,,,
2790,1787207965,2026-08-20T06:39:25+00:00,CRCLXUSDT,LONG,overheated_early,sl,sl,82.24,79.9830357142857,86.75392857142856,79.88,-1.0456523459134406,2.7443631878821617,5.488726375764306,1.9999999999999938,82.24,0.0,,,,,,,,,
2795,1787208067,2026-08-20T06:41:07+00:00,HYPEUSDT,LONG,overheated_confirmed,tp,tp,72.053,69.85469642857143,76.44960714285713,76.474,2.011096218675121,3.050953563943996,6.101907127887992,2.0,72.053,0.0,1787208067.808,0.8080000877380371,,,,1.7,1,0,2.0
2797,1787208073,2026-08-20T06:41:13+00:00,SKYAIUSDT,LONG,overheated_early,sl,sl,0.07223,0.063875,0.08894,0.063875,-1.0,11.56721583829434,23.13443167658868,2.0,0.07223,0.0,,,,,,,,,
2799,1787208110,2026-08-20T06:41:50+00:00,TRUMPUSDT,LONG,overheated_early,tp,tp,1.657,1.597375,1.77625,1.77625,2.0,3.5983705491852773,7.196741098370555,2.0,1.657,0.0,,,,,,,,,
2801,1787208234,2026-08-20T06:43:54+00:00,BOMEUSDT,LONG,overheated_early,tp,tp,0.0009727,0.0009172428571428571,0.0010836142857142857,0.0010836142857142857,2.0,5.701361453391884,11.402722906783769,2.0,0.0009727,0.0,,,,,,,,,
2806,1787208305,2026-08-20T06:45:05+00:00,ETHUSDT,LONG,overheated_confirmed,tp,tp,2261.11,2215.2239285714286,2352.882142857143,2352.882142857143,2.0,2.0293604215881373,4.058720843176275,2.0,2261.11,0.0,1787208306.336,1.3359999656677246,,,,2.4,1,6,2.0
2807,1787208309,2026-08-20T06:45:09+00:00,ARBUSDT,LONG,overheated_confirmed,tp,tp,0.0882,0.08581017857142857,0.09297964285714286,0.09303,2.021071508630352,2.709548104956268,5.419096209912536,2.0,0.0882,0.0,1787208309.974,0.9739999771118164,,,,2.0,1,3,2.0
2811,1787209029,2026-08-20T06:57:09+00:00,HEIUSDT,SHORT,ema_cross,sl,sl,0.12873,0.13682862068965518,0.11253275862068966,0.137,-1.021161543046922,6.291168095747042,12.582336191494093,2.0000000000000018,0.12873,0.0,1787209030.234,1.2339999675750732,0.86,,,,,,
2812,1787209064,2026-08-20T06:57:44+00:00,GPSUSDT,SHORT,ema_cross,sl,sl,0.011987,0.013556241379310344,0.008848517241379309,0.013654,-1.0622967390348954,13.091193620675268,26.18238724135055,2.000000000000001,0.011987,0.0,1787209064.488,0.48799991607666016,0.77,,,,,,
2813,1787209107,2026-08-20T06:58:27+00:00,CHIPUSDT,LONG,ema_cross,tp,tp,0.0294,0.027422758620689654,0.03335448275862069,0.03356,2.1039414021625396,6.725310813980764,13.45062162796154,2.0000000000000018,0.0294,0.0,1787209108.381,1.38100004196167,0.152,,,,,,
2814,1787209120,2026-08-20T06:58:40+00:00,CROUSDT,LONG,ema_cross,tp,tp,0.0496,0.04907344827586207,0.05065310344827586,0.05079,2.2599869024230617,1.0615962180200207,2.1231924360400414,2.0,0.0496,0.0,1787209120.422,0.4219999313354492,0.51,,,,,,
2815,1787209142,2026-08-20T06:59:02+00:00,DYDXUSDT,LONG,ema_cross,tp,tp,0.11107,0.10866172413793103,0.11588655172413793,0.11598,2.0388029782359607,2.168250528557642,4.336501057115272,1.9999999999999942,0.11107,0.0,1787209143.3,1.2999999523162842,0.555,,,,,,
2816,1787209145,2026-08-20T06:59:05+00:00,EPICUSDT,SHORT,ema_cross,sl,sl,0.3295,0.3459896551724138,0.2965206896551724,0.3459896551724138,-1.0,5.004447700277328,10.008895400554657,2.0,0.3295,0.0,1787209146.273,1.2730000019073486,0.318,,,,,,
2817,1787209183,2026-08-20T06:59:43+00:00,SKYAIUSDT,LONG,ema_cross,tp,tp,0.07223,0.06663896551724138,0.08341206896551724,0.08341206896551724,2.0,7.740598757799557,15.481197515599114,2.0,0.07223,0.0,1787209183.667,0.6670000553131104,0.248,,,,,,
2819,1787209280,2026-08-20T07:01:20+00:00,AVAAIUSDT,LONG,ema_cross,tp,tp,0.014495,0.013552689655172413,0.01637962068965517,0.01637962068965517,1.9999999999999982,6.500933734581488,13.001867469162963,1.9999999999999982,0.014495,0.0,1787209281.08,1.0799999237060547,0.217,,,,,,
2820,1787209287,2026-08-20T07:01:27+00:00,WLDUSDT,LONG,ema_cross,tp,tp,0.3589,0.34737241379310346,0.38195517241379306,0.38195517241379306,2.0,3.2119214842286246,6.423842968457249,2.0,0.3589,0.0,1787209287.986,0.9860000610351562,0.185,,,,,,
2821,1787209301,2026-08-20T07:01:41+00:00,BANANAS31USDT,LONG,ema_cross,tp,tp,0.008966,0.008750310344827586,0.009397379310344827,0.009523,2.5824140687449977,2.4056396963240507,4.811279392648082,1.999999999999992,0.008966,0.0,1787209302.148,1.1480000019073486,0.441,,,,,,
2822,1787209329,2026-08-20T07:02:09+00:00,DIAUSDT,LONG,ema_cross,tp,tp,0.1311,0.1261103448275862,0.14107931034482757,0.1413,2.0442294402211525,3.805991740971615,7.61198348194323,2.0,0.1311,0.0,1787209329.86,0.8599998950958252,0.348,,,,,,
2824,1787210116,2026-08-20T07:15:16+00:00,AVAAIUSDT,LONG,ema_cross_confirmed,tp,tp,0.015147,0.013733534482758622,0.01797393103448276,0.01797393103448276,2.0,9.331653246460547,18.663306492921095,2.0,0.015147,0.0,1787210116.697,0.6970000267028809,,,,6.4,1,13,2.0
2832,1787210240,2026-08-20T07:17:20+00:00,BOMEUSDT,LONG,overheated_confirmed,tp,tp,0.0010396,0.000984142857142857,0.0011505142857142856,0.0011505142857142856,2.0,5.334469301379652,10.668938602759305,2.0,0.0010396,0.0,1787210240.629,0.6289999485015869,,,,1.8,1,0,2.0
2833,1787210242,2026-08-20T07:17:22+00:00,EDGEXUSDT,LONG,overheated_confirmed,tp,tp,0.3369,0.3238392857142857,0.3630214285714285,0.3631,2.0060158599945352,3.8767332400457875,7.753466480091575,2.0,0.3369,0.0,1787210243.007,1.0069999694824219,,,,1.8,1,0,2.0
2837,1787211014,2026-08-20T07:30:14+00:00,EPICUSDT,SHORT,ema_cross_confirmed,sl,sl,0.3294,0.3623793103448276,0.26344137931034484,0.3623793103448276,-1.0,10.01193392374851,20.02386784749702,2.0,0.3294,0.0,1787211014.768,0.7679998874664307,,,,2.0,1,30,2.0
2839,1787211277,2026-08-20T07:34:37+00:00,WETUSDT,LONG,ema_cross,tp,tp,0.07326,0.07217862068965518,0.07542275862068966,0.07542275862068966,2.0,1.476084234704923,2.952168469409846,2.0,0.07326,0.0,1787211277.789,0.7890000343322754,0.185,,,,,,
2841,1787212180,2026-08-20T07:49:40+00:00,REDUSDT,LONG,overheated_early,sl,sl,0.1121,0.10431607142857144,0.12766785714285714,0.1041,-1.0277586602431765,6.943736459793547,13.887472919587093,2.0,0.1121,0.0,,,,,,,,,
2845,1787212512,2026-08-20T07:55:12+00:00,BIOUSDT,LONG,overheated_confirmed,tp,tp,0.03049,0.029472142857142856,0.03252571428571428,0.03253,2.0042105263157923,3.3383310687344814,6.676662137468951,1.9999999999999967,0.03049,0.0,1787212512.978,0.9779999256134033,,,,1.6,1,1,2.0
2846,1787212805,2026-08-20T08:00:05+00:00,HEIUSDT,SHORT,ema_cross_confirmed,sl,sl,0.12606,0.14225724137931034,0.09366551724137934,0.1423,-1.0026398705611863,12.848834982794171,25.697669965588343,2.0,0.12606,0.0,1787212805.936,0.9360001087188721,,,,1.6,1,62,2.0
2847,1787212813,2026-08-20T08:00:13+00:00,MONUSDT,LONG,overheated_confirmed,tp,tp,0.02506,0.024237142857142856,0.026705714285714284,0.026705714285714284,2.0,3.2835480560939447,6.5670961121878895,2.0,0.02506,0.0,1787212813.514,0.5139999389648438,,,,1.6,1,44,2.0
2848,1787212817,2026-08-20T08:00:17+00:00,EDGEXUSDT,LONG,overheated_confirmed,sl,sl,0.3655,0.35243928571428573,0.38509107142857135,0.3491,-1.2556740497675694,3.573382841508689,5.360074262263026,1.4999999999999978,0.3655,0.0,1787212817.926,0.9260001182556152,,,,1.8,2,43,1.5
2850,1787212855,2026-08-20T08:00:55+00:00,METUSDT,LONG,overheated_confirmed,sl,sl,0.2181,0.21027321428571427,0.23375357142857142,0.21,-1.0349075975359334,3.588622519158972,7.177245038317944,2.0,0.2181,0.0,1787212855.802,0.8020000457763672,,,,1.7,1,80,2.0
2851,1787212946,2026-08-20T08:02:26+00:00,MAGMAUSDT,LONG,overheated_early,tp,tp,0.22841,0.21268678571428573,0.25985642857142854,0.26103,2.074639409426463,6.883767911087199,13.767535822174398,2.0,0.22841,0.0,,,,,,,,,
2853,1787213047,2026-08-20T08:04:07+00:00,BOMEUSDT,LONG,overheated_confirmed,tp,tp,0.0011321,0.0010659875,0.0012643250000000002,0.0012657,2.0207978823974266,5.839810970762306,11.679621941524612,2.0,0.0011321,0.0,1787213048.239,1.2390000820159912,,,,1.9,1,0,2.0
2854,1787213700,2026-08-20T08:15:00+00:00,CROUSDT,LONG,ema_cross_confirmed,tp,tp,0.0504,0.049610172413793105,0.05197965517241379,0.05213,2.1903514516481177,1.567118226600983,3.134236453201966,2.0,0.0504,0.0,1787213701.022,1.0220000743865967,,,,1.5,1,76,2.0
2855,1787213701,2026-08-20T08:15:01+00:00,DYDXUSDT,LONG,ema_cross_confirmed,tp,tp,0.11219,0.10857758620689655,0.1194148275862069,0.1194148275862069,2.0,3.219907115699664,6.439814231399328,2.0,0.11219,0.0,1787213702.271,1.2709999084472656,,,,5.5,1,75,2.0
2856,1787213704,2026-08-20T08:15:04+00:00,WLDUSDT,LONG,ema_cross_confirmed,tp,tp,0.3663,0.3490086206896552,0.4008827586206896,0.4015,2.035696480207402,4.720551272275403,9.441102544550805,2.0,0.3663,0.0,1787213705.33,1.3299999237060547,,,,2.3,1,73,2.0
2857,1787213709,2026-08-20T08:15:09+00:00,BMNRUSDT,LONG,overheated_confirmed,sl,sl,22.04,21.396071428571428,23.32785714285714,21.15,-1.382140876317251,2.9216359865180173,5.8432719730360345,2.0,22.04,0.0,1787213710.294,1.2939999103546143,,,,5.2,1,58,2.0
2858,1787213710,2026-08-20T08:15:10+00:00,CRCLXUSDT,LONG,overheated_confirmed,sl,sl,83.54,81.28303571428572,88.05392857142859,80.44,-1.3735263865812184,2.7016570334142798,5.4033140668285595,2.0,83.54,0.0,1787213711.377,1.377000093460083,,,,2.9,1,58,2.0
2859,1787213712,2026-08-20T08:15:12+00:00,WETUSDT,LONG,ema_cross_confirmed,tp,tp,0.07354,0.07191793103448275,0.07678413793103447,0.0768,2.009778911564627,2.205696172854555,4.41139234570911,2.0,0.07354,0.0,1787213713.113,1.1129999160766602,,,,3.3,1,40,2.0
2860,1787213713,2026-08-20T08:15:13+00:00,AVAAIUSDT,LONG,overheated_confirmed,tp,tp,0.016585,0.015196107142857141,0.019362785714285714,0.019362785714285714,2.0,8.374391662000951,16.748783324001902,2.0,0.016585,0.0,1787213714.321,1.321000099182129,,,,3.5,1,9,2.0
2861,1787213756,2026-08-20T08:15:56+00:00,AEROUSDT,LONG,overheated_confirmed,tp,tp,0.4736,0.4633571428571429,0.49408571428571424,0.49408571428571424,2.0,2.1627654440154367,4.325530888030873,2.0,0.4736,0.0,1787213756.815,0.815000057220459,,,,5.2,1,11,2.0
2864,1787214000,2026-08-20T08:20:00+00:00,IOSTUSDT,LONG,ema_cross,tp,tp,0.000557,0.0005468275862068966,0.0005773448275862068,0.000578,2.0644067796610175,1.8262861387977434,3.6525722775954867,2.0,0.000557,0.0,1787214001.292,1.2920000553131104,0.209,,,,,,
2865,1787214072,2026-08-20T08:21:12+00:00,IOSTUSDT,LONG,ema_cross_confirmed,tp,tp,0.000564,0.0005487413793103449,0.0005945172413793103,0.000595,2.0316384180790994,2.7054292002934655,5.410858400586931,2.0,0.000564,0.0,1787214073.441,1.440999984741211,,,,2.7,1,0,2.0
2866,1787214111,2026-08-20T08:21:51+00:00,SPKUSDT,LONG,ema_cross,tp,tp,0.0146,0.014361034482758621,0.01507793103448276,0.01508,2.00865800865801,1.6367501180916364,3.273500236183285,2.000000000000007,0.0146,0.0,1787214112.064,1.063999891281128,0.271,,,,,,
2867,1787214137,2026-08-20T08:22:17+00:00,IDUSDT,LONG,ema_cross,tp,tp,0.02907,0.0286251724137931,0.029959655172413793,0.029959655172413793,2.0,1.530194654994487,3.060389309988974,2.0,0.02907,0.0,1787214137.972,0.9719998836517334,0.226,,,,,,
2868,1787214185,2026-08-20T08:23:05+00:00,VOLXUSDT,SHORT,ema_cross,sl,sl,16.908,17.350758620689657,16.02248275862069,17.67,-1.7210280373831768,2.618633905190771,5.237267810381542,2.0,16.908,0.0,1787214185.959,0.9590001106262207,0.201,,,,,,
2869,1787214188,2026-08-20T08:23:08+00:00,CHILLGUYUSDT,LONG,ema_cross,tp,tp,0.011594,0.011282206896551725,0.012217586206896553,0.012217586206896553,2.0000000000000058,2.689262579336514,5.3785251586730425,2.0000000000000058,0.011594,0.0,1787214189.068,1.068000078201294,0.516,,,,,,
2870,1787214194,2026-08-20T08:23:14+00:00,IDUSDT,LONG,ema_cross_confirmed,tp,tp,0.02953,0.028862758620689655,0.030864482758620693,0.03089,2.038242894056844,2.2595373495101456,4.519074699020291,2.0,0.02953,0.0,1787214194.743,0.7430000305175781,,,,2.2,1,0,2.0
2871,1787214201,2026-08-20T08:23:21+00:00,RVNUSDT,LONG,ema_cross,tp,tp,0.002837,0.0027534137931034485,0.0030041724137931033,0.0030041724137931033,2.0,2.946288575838971,5.892577151677942,2.0,0.002837,0.0,1787214202.107,1.1070001125335693,0.294,,,,,,
2872,1787214206,2026-08-20T08:23:26+00:00,DOSUSDT,SHORT,ema_cross,sl,sl,0.2369,0.24995517241379311,0.21078965517241377,0.2508,-1.0647120972002122,5.5108368146024125,11.021673629204825,2.0,0.2369,0.0,1787214206.474,0.4739999771118164,0.463,,,,,,
2873,1787214210,2026-08-20T08:23:30+00:00,GRIFFAINUSDT,LONG,ema_cross,tp,tp,0.012839,0.012422586206896551,0.013671827586206897,0.013683,2.0268300761841687,3.243350674534219,6.486701349068438,2.0,0.012839,0.0,1787214210.861,0.8610000610351562,0.174,,,,,,
2874,1787214255,2026-08-20T08:24:15+00:00,CHILLGUYUSDT,LONG,ema_cross_confirmed,tp,tp,0.011724,0.011256310344827587,0.012659379310344826,0.012693,2.071886750718869,3.9891645784067995,7.978329156813599,2.0,0.011724,0.0,1787214256.132,1.1319999694824219,,,,1.7,1,0,2.0
2875,1787214256,2026-08-20T08:24:16+00:00,RVNUSDT,LONG,ema_cross_confirmed,tp,tp,0.002876,0.0027506206896551724,0.0031267586206896554,0.0031267586206896554,2.0,4.359503141336149,8.719006282672298,2.0,0.002876,0.0,1787214257.229,1.2290000915527344,,,,3.0,1,0,2.0
2876,1787214272,2026-08-20T08:24:32+00:00,BSVUSDT,LONG,ema_cross,tp,tp,15.86,15.554137931034482,16.471724137931034,16.471724137931034,2.0,1.9285124146627814,3.857024829325563,2.0,15.86,0.0,1787214272.727,0.7269999980926514,0.347,,,,,,
2877,1787214274,2026-08-20T08:24:34+00:00,FUSDT,LONG,ema_cross,tp,tp,0.002809,0.0027572758620689653,0.0029124482758620686,0.0029124482758620686,1.9999999999999916,1.8413719448570527,3.6827438897140894,1.9999999999999916,0.002809,0.0,1787214274.479,0.4790000915527344,0.233,,,,,,
2878,1787214284,2026-08-20T08:24:44+00:00,BIRBUSDT,LONG,ema_cross,tp,tp,0.05435,0.05307655172413793,0.05689689655172414,0.05715,2.1987544002166173,2.343051105541992,4.686102211083972,1.9999999999999944,0.05435,0.0,1787214285.369,1.36899995803833,0.387,,,,,,
2879,1787214311,2026-08-20T08:25:11+00:00,NESUSDT,LONG,ema_cross,sl,sl,0.2169,0.21131379310344828,0.22807241379310347,0.2087,-1.4679012345679014,2.57547574760338,5.15095149520676,2.0,0.2169,0.0,1787214311.922,0.9219999313354492,0.256,,,,,,
2880,1787214318,2026-08-20T08:25:18+00:00,BSVUSDT,LONG,ema_cross_confirmed,tp,tp,15.97,15.511206896551725,16.88758620689655,16.91,2.048853814355505,2.87284347807311,5.745686956146209,1.9999999999999962,15.97,0.0,1787214318.643,0.6429998874664307,,,,1.7,1,0,2.0
2881,1787214319,2026-08-20T08:25:19+00:00,BIRBUSDT,LONG,ema_cross_confirmed,tp,tp,0.05496,0.053049827586206896,0.05878034482758621,0.06043,2.863615849805934,3.475568438488183,6.951136876976366,2.0,0.05496,0.0,1787214320.402,1.4019999504089355,,,,1.9,1,0,2.0
2883,1787214620,2026-08-20T08:30:20+00:00,FUSDT,LONG,ema_cross_confirmed,tp,tp,0.00285,0.0027724137931034484,0.0030051724137931035,0.003018,2.165333333333331,2.7223230490018135,5.444646098003627,2.0,0.00285,0.0,1787214620.858,0.8580000400543213,,,,2.0,1,5,2.0
2887,1787214981,2026-08-20T08:36:21+00:00,COINXUSDT,LONG,overheated_confirmed,sl,sl,171.41,167.7917857142857,178.64642857142857,166.96,-1.2298884611588157,2.110853675814881,4.221707351629762,2.0,171.41,0.0,1787214981.802,0.8020000457763672,,,,2.4,1,0,2.0
2889,1787215042,2026-08-20T08:37:22+00:00,CRVUSDT,LONG,overheated_confirmed,tp,tp,0.2728,0.2632535714285714,0.2918928571428571,0.3144,4.357650579872807,3.499423963133639,6.998847926267278,2.0,0.2728,0.0,1787215042.593,0.5929999351501465,,,,1.8,1,0,2.0
2890,1787215043,2026-08-20T08:37:23+00:00,MSTRXUSDT,LONG,overheated_confirmed,sl,sl,112.53,109.56267857142858,118.46464285714285,109.56267857142858,-1.0,2.636915870053696,5.273831740107392,2.0,112.53,0.0,1787215043.716,0.7160000801086426,,,,2.0,1,0,2.0
2893,1787215188,2026-08-20T08:39:48+00:00,牛来USDT,LONG,overheated_early,tp,tp,0.046,0.03444727272727272,0.06910545454545455,0.06910545454545455,2.0,25.114624505928862,50.229249011857725,2.0,0.046,0.0,,,,,,,,,
2894,1787215224,2026-08-20T08:40:24+00:00,PEPEUSDT,LONG,overheated_confirmed,sl,sl,3.146e-06,3.0684285714285717e-06,3.3011428571428567e-06,3.0684285714285717e-06,-1.0,2.4657161020797314,4.931432204159463,2.0,3.146e-06,0.0,1787215225.184,1.184000015258789,,,,3.3,1,0,2.0
2896,1787216264,2026-08-20T08:57:44+00:00,KAIAUSDT,LONG,ema_cross,tp,tp,0.02506,0.024593448275862066,0.02599310344827586,0.02601,2.036215816703613,1.8617387236150549,3.723477447230096,1.9999999999999927,0.02506,0.0,1787216265.198,1.1979999542236328,0.459,,,,,,
2897,1787216306,2026-08-20T08:58:26+00:00,KAIAUSDT,LONG,ema_cross_confirmed,tp,tp,0.02514,0.024440172413793104,0.02653965517241379,0.02655,2.014781966001483,2.783721504402926,5.567443008805852,2.0,0.02514,0.0,1787216306.577,0.5769999027252197,,,,6.3,1,0,2.0
2898,1787216407,2026-08-20T09:00:07+00:00,BANANAS31USDT,LONG,ema_cross_confirmed,sl,sl,0.009079,0.008755465517241379,0.009726068965517243,0.008742,-1.0416200373034892,3.5635475576453532,7.1270951152907065,2.0,0.009079,0.0,1787216407.794,0.7939999103546143,,,,5.0,1,118,2.0
2899,1787216420,2026-08-20T09:00:20+00:00,GRIFFAINUSDT,LONG,ema_cross_confirmed,sl,sl,0.01297,0.012345379310344828,0.014219241379310346,0.012329,-1.0262228110853495,4.81588812378699,9.63177624757398,2.0,0.01297,0.0,1787216421.432,1.431999921798706,,,,1.8,1,36,2.0
2900,1787216425,2026-08-20T09:00:25+00:00,BRETTUSDT,LONG,overheated_confirmed,tp,tp,0.004281,0.004143053571428572,0.004556892857142857,0.004593,2.261747572815538,3.2222945239763665,6.444589047952733,2.0,0.004281,0.0,1787216425.85,0.8499999046325684,,,,2.3,1,24,2.0
2903,1787217112,2026-08-20T09:11:52+00:00,LITUSDT,LONG,overheated_early,sl,sl,2.875,2.757892857142857,3.1092142857142857,2.757892857142857,-1.0,4.073291925465838,8.146583850931677,2.0,2.875,0.0,,,,,,,,,
2909,1787217327,2026-08-20T09:15:27+00:00,CCUSDT,LONG,overheated_confirmed,sl,sl,0.1045,0.10116839285714285,0.11116321428571428,0.10116839285714285,-1.0,3.1881408065618593,6.3762816131237186,2.0,0.1045,0.0,1787217327.506,0.5060000419616699,,,,2.3,1,3,2.0
2910,1787217329,2026-08-20T09:15:29+00:00,XRPUSDT,LONG,overheated_confirmed,tp,tp,1.1612,1.1409875,1.201625,1.201625,2.0,1.7406562177058187,3.4813124354116374,2.0,1.1612,0.0,1787217330.371,1.371000051498413,,,,1.8,1,0,2.0
2911,1787217389,2026-08-20T09:16:29+00:00,JCTUSDT,LONG,overheated_confirmed,sl,sl,0.002222,0.0019355535714285714,0.0027948928571428573,0.0019355535714285714,-1.0,12.891378423556645,25.78275684711329,2.0,0.002222,0.0,1787217389.961,0.9609999656677246,,,,2.3,1,0,2.0
2916,1787217450,2026-08-20T09:17:30+00:00,FORMUSDT,LONG,overheated_confirmed,tp,tp,0.237,0.23045357142857142,0.2500928571428571,0.2500928571428571,2.0,2.7622061482820945,5.524412296564189,2.0,0.237,0.0,1787217451.159,1.1589999198913574,,,,7.8,1,0,2.0
2920,1787218202,2026-08-20T09:30:02+00:00,SKYAIUSDT,LONG,ema_cross_confirmed,sl,sl,0.07428,0.06589344827586208,0.09105310344827584,0.06589344827586208,-1.0,11.290457356136137,22.580914712272275,2.0,0.07428,0.0,1787218203.119,1.11899995803833,,,,1.7,1,150,2.0
2922,1787218257,2026-08-20T09:30:57+00:00,MAGMAUSDT,LONG,overheated_confirmed,sl,sl,0.25039,0.23601250000000001,0.279145,0.23598,-1.0022604764388814,5.7420424138344135,11.484084827668827,2.0,0.25039,0.0,1787218257.815,0.815000057220459,,,,3.0,1,168,2.0
2925,1787219112,2026-08-20T09:45:12+00:00,MOODENGUSDT,LONG,overheated_confirmed,tp,tp,0.04082,0.03975178571428572,0.04295642857142857,0.04296,2.0033433634236046,2.616889479946799,5.233778959893598,2.0,0.04082,0.0,1787219113.295,1.2950000762939453,,,,2.8,1,28,2.0
2927,1787219172,2026-08-20T09:46:12+00:00,USELESSUSDT,LONG,overheated_confirmed,tp,tp,0.0487,0.04603642857142857,0.054027142857142864,0.0543,2.102440332528826,5.469345849222653,10.938691698445306,2.0,0.0487,0.0,1787219172.555,0.5550000667572021,,,,1.7,1,105,2.0
2928,1787219174,2026-08-20T09:46:14+00:00,SPKUSDT,LONG,ema_cross_confirmed,tp,tp,0.01476,0.014401551724137932,0.015476896551724137,0.01549,2.036556036556039,2.428511354079054,4.857022708158108,2.0,0.01476,0.0,1787219174.943,0.943000078201294,,,,2.8,1,84,2.0
2930,1787220008,2026-08-20T10:00:08+00:00,AVAAIUSDT,LONG,ema_cross_confirmed,tp,tp,0.017606,0.01619253448275862,0.01901946551724138,0.01901946551724138,1.0,8.028317148934345,8.028317148934345,1.0,0.017606,0.0,1787220008.852,0.8519999980926514,,,,2.4,3,178,1.0
2940,1787220927,2026-08-20T10:15:27+00:00,ORDIUSDT,LONG,overheated_confirmed,sl,sl,4.238,4.133160714285715,4.447678571428571,4.133160714285715,-1.0,2.473791545877424,4.947583091754848,2.0,4.238,0.0,1787220927.68,0.6800000667572021,,,,3.1,1,60,2.0
2941,1787221297,2026-08-20T10:21:37+00:00,HYPEUSDT,LONG,overheated_early,sl,sl,73.594,71.27858928571428,78.22482142857142,71.27858928571428,-1.0,3.146194953781176,6.292389907562333,1.9999999999999938,73.594,0.0,,,,,,,,,
2942,1787221314,2026-08-20T10:21:54+00:00,ETHUSDT,LONG,overheated_early,tp,tp,2290.97,2243.9508928571427,2385.008214285714,2385.008214285714,2.0,2.0523667766429563,4.104733553285913,2.0,2290.97,0.0,,,,,,,,,
2943,1787221343,2026-08-20T10:22:23+00:00,ENAUSDT,LONG,overheated_early,tp,tp,0.09782,0.09498767857142858,0.10348464285714287,0.10367,2.0654435407603544,2.8954420656015407,5.790884131203096,2.000000000000005,0.09782,0.0,,,,,,,,,
2945,1787221434,2026-08-20T10:23:54+00:00,EDGEXUSDT,LONG,overheated_early,sl,sl,0.3424,0.3263553571428571,0.3744892857142857,0.3263553571428571,-1.0,4.68593541388518,9.37187082777036,2.0,0.3424,0.0,,,,,,,,,
2947,1787221493,2026-08-20T10:24:53+00:00,XRPUSDT,LONG,overheated_early,tp,tp,1.1612,1.1409875,1.201625,1.201625,2.0,1.7406562177058187,3.4813124354116374,2.0,1.1612,0.0,,,,,,,,,
2951,1787222472,2026-08-20T10:41:12+00:00,ILVUSDT,LONG,ema_cross,tp,tp,3.149,3.0932758620689653,3.260448275862069,3.261,2.0099009900990037,1.769582023849943,3.539164047699871,1.999999999999992,3.149,0.0,1787222473.239,1.2390000820159912,0.261,,,,,,
2953,1787222730,2026-08-20T10:45:30+00:00,ENAUSDT,LONG,overheated_confirmed,tp,tp,0.09943,0.09659767857142858,0.10509464285714286,0.10532,2.0795662316373478,2.848558210370539,5.697116420741078,2.0,0.09943,0.0,1787222731.397,1.3970000743865967,,,,1.6,1,53,2.0
2954,1787223430,2026-08-20T10:57:10+00:00,ARBUSDT,LONG,overheated_early,tp,tp,0.08875,0.08625142857142856,0.09374714285714285,0.09379,2.01715265866209,2.8152917505030235,5.630583501006032,1.9999999999999944,0.08875,0.0,,,,,,,,,
2967,1787224517,2026-08-20T11:15:17+00:00,ETHFIUSDT,LONG,overheated_confirmed,sl,sl,0.5823,0.5575821428571429,0.6317357142857143,0.5542,-1.1368299378702513,4.244866416427464,8.489732832854928,2.0,0.5823,0.0,1787224518.075,1.0750000476837158,,,,1.5,1,153,2.0
2971,1787225459,2026-08-20T11:30:59+00:00,BOMEUSDT,LONG,overheated_confirmed,sl,sl,0.0012942,0.0012280874999999998,0.00139336875,0.0012280874999999998,-1.0,5.108368103847942,7.662552155771905,1.4999999999999984,0.0012942,0.0,1787225460.049,1.0490000247955322,,,,1.6,2,207,1.5
2972,1787225490,2026-08-20T11:31:30+00:00,METUSDT,LONG,overheated_early,tp,tp,0.2085,0.20002499999999998,0.22544999999999998,0.22544999999999998,1.9999999999999967,4.064748201438854,8.129496402877695,1.9999999999999967,0.2085,0.0,,,,,,,,,
2973,1787225505,2026-08-20T11:31:45+00:00,BRETTUSDT,LONG,overheated_early,tp,tp,0.004405,0.004267053571428572,0.004680892857142857,0.0047,2.1385113268608476,3.131587481757735,6.26317496351549,2.000000000000006,0.004405,0.0,,,,,,,,,
2974,1787225510,2026-08-20T11:31:50+00:00,ETHFIUSDT,LONG,overheated_early,sl,sl,0.5633,0.5385821428571429,0.6127357142857143,0.5385821428571429,-1.0,4.388044939260984,8.776089878521969,2.0,0.5633,0.0,,,,,,,,,
2975,1787225555,2026-08-20T11:32:35+00:00,MEGAUSDT,LONG,overheated_early,tp,tp,0.03707,0.03580571428571429,0.03959857142857143,0.03976,2.127683615819213,3.410536051485597,6.821072102971214,2.0000000000000053,0.03707,0.0,,,,,,,,,
2976,1787225592,2026-08-20T11:33:12+00:00,USELESSUSDT,LONG,overheated_early,tp,tp,0.04752,0.04485642857142857,0.05284714285714286,0.05285,2.0010726736390434,5.605158730158737,11.210317460317475,2.0,0.04752,0.0,,,,,,,,,
2977,1787225640,2026-08-20T11:34:00+00:00,PEPEUSDT,LONG,overheated_early,tp,tp,3.115e-06,3.0374285714285715e-06,3.270142857142857e-06,3.35e-06,3.0294659300184286,2.4902545287777964,4.980509057555606,2.0000000000000053,3.115e-06,0.0,,,,,,,,,
2982,1787226313,2026-08-20T11:45:13+00:00,BRETTUSDT,LONG,overheated_confirmed,sl,sl,0.004622,0.004484053571428572,0.004828919642857143,0.004484053571428572,-1.0,2.984561414353705,4.476842121530558,1.5,0.004622,0.0,1787226313.679,0.6789999008178711,,,,4.2,2,189,1.5
2983,1787226324,2026-08-20T11:45:24+00:00,PYTHUSDT,LONG,overheated_confirmed,sl,sl,0.04456,0.04335517857142857,0.04696964285714286,0.04334,-1.0125981917889468,2.7038182867401934,5.407636573480387,2.0,0.04456,0.0,1787226324.577,0.5769999027252197,,,,1.6,1,81,2.0
2984,1787226325,2026-08-20T11:45:25+00:00,SUSDT,LONG,overheated_confirmed,tp,tp,0.0247,0.02407160714285714,0.025956785714285717,0.02596,2.005115089514063,2.5441006362059055,5.088201272411811,2.0,0.0247,0.0,1787226326.394,1.3940000534057617,,,,3.1,1,78,2.0
2985,1787226327,2026-08-20T11:45:27+00:00,WIFUSDT,LONG,overheated_confirmed,sl,sl,0.1573,0.15379107142857143,0.16431785714285713,0.15379107142857143,-1.0,2.230723821632909,4.461447643265818,2.0,0.1573,0.0,1787226328.286,1.2860000133514404,,,,1.5,1,47,2.0
2988,1787227215,2026-08-20T12:00:15+00:00,NESUSDT,LONG,ema_cross_confirmed,sl,sl,0.218,0.20962068965517242,0.23475862068965517,0.2087,-1.1098765432098772,3.8437203416640293,7.687440683328059,2.0,0.218,0.0,1787227215.716,0.7160000801086426,,,,1.9,1,214,2.0
2989,1787227228,2026-08-20T12:00:28+00:00,TURBOUSDT,LONG,overheated_confirmed,tp,tp,0.000887,0.0008692249999999999,0.0009225500000000001,0.000923,2.0253164556961987,2.0039458850056415,4.007891770011283,2.0,0.000887,0.0,1787227228.794,0.7939999103546143,,,,4.0,1,94,2.0
3006,1787227579,2026-08-20T12:06:19+00:00,PENGUUSDT,LONG,overheated_confirmed,sl,sl,0.007207,0.006999035714285715,0.00762292857142857,0.006977,-1.1059591275974614,2.885587424924175,5.77117484984835,2.0,0.007207,0.0,1787227579.999,0.999000072479248,,,,2.8,1,0,2.0
3012,1787227762,2026-08-20T12:09:22+00:00,FLOCKUSDT,LONG,overheated_confirmed,sl,sl,0.03274,0.03190160714285714,0.03441678571428571,0.03190160714285714,-1.0,2.5607601012304735,5.121520202460947,2.0,0.03274,0.0,1787227763.139,1.1389999389648438,,,,1.8,1,0,2.0
3013,1787227774,2026-08-20T12:09:34+00:00,RPLUSDT,LONG,overheated_early,tp,tp,1.571,1.5284107142857142,1.6561785714285713,1.659,2.0662473794549254,2.7109666272619846,5.421933254523955,1.999999999999995,1.571,0.0,,,,,,,,,
3014,1787227791,2026-08-20T12:09:51+00:00,COINXUSDT,LONG,overheated_early,tp,tp,169.95,165.85982142857142,178.13035714285712,178.16,2.0072473259113774,2.406695246501069,4.813390493002138,2.0,169.95,0.0,,,,,,,,,
3017,1787227865,2026-08-20T12:11:05+00:00,CHIPUSDT,LONG,overheated_early,tp,tp,0.03089,0.027820892857142857,0.03702821428571429,0.03718,2.049455984174083,9.935600980437503,19.871201960875005,2.0,0.03089,0.0,,,,,,,,,
3042,1787229030,2026-08-20T12:30:30+00:00,PNUTUSDT,LONG,overheated_confirmed,sl,sl,0.05226,0.05066946428571428,0.05544107142857144,0.05066946428571428,-1.0,3.043505002460233,6.087010004920466,2.0,0.05226,0.0,1787229031.04,1.0399999618530273,,,,2.1,1,19,2.0
3043,1787229033,2026-08-20T12:30:33+00:00,XLMUSDT,LONG,overheated_confirmed,tp,tp,0.182,0.17753375,0.1909325,0.19095,2.003918275958579,2.4539835164835195,4.907967032967039,2.0,0.182,0.0,1787229033.463,0.4630000591278076,,,,1.5,1,19,2.0
3044,1787229210,2026-08-20T12:33:30+00:00,BIOUSDT,LONG,overheated_early,sl,sl,0.03076,0.029489821428571428,0.033300357142857145,0.029489821428571428,-1.0,4.129319152888724,8.25863830577746,2.0000000000000027,0.03076,0.0,,,,,,,,,
3051,1787229450,2026-08-20T12:37:30+00:00,COLLECTUSDT,LONG,overheated_confirmed,tp,tp,0.05716,0.05428589285714286,0.06290821428571429,0.06339,2.1676296986641805,5.028179046286115,10.05635809257223,2.0,0.05716,0.0,1787229450.836,0.8359999656677246,,,,3.9,1,0,2.0
3055,1787229529,2026-08-20T12:38:49+00:00,牛来USDT,LONG,overheated_early,sl,sl,0.0587,0.0439875,0.08812500000000001,0.04358,-1.027697536108751,25.063884156729138,50.127768313458276,2.0,0.0587,0.0,,,,,,,,,
3056,1787229587,2026-08-20T12:39:47+00:00,LITUSDT,LONG,overheated_early,tp,tp,2.725,2.5963214285714287,2.982357142857143,3.064,2.6344712739383844,4.722149410222804,9.444298820445608,2.0,2.725,0.0,,,,,,,,,
3062,1787229907,2026-08-20T12:45:07+00:00,VELODROMEUSDT,LONG,overheated_confirmed,sl,sl,0.01981,0.019299464285714288,0.020831071428571428,0.0192,-1.1948233648128794,2.577161606692142,5.154323213384284,2.0,0.01981,0.0,1787229908.114,1.1140000820159912,,,,3.4,1,10,2.0
3063,1787229922,2026-08-20T12:45:22+00:00,MEGAUSDT,LONG,overheated_confirmed,tp,tp,0.03819,0.03679714285714286,0.04097571428571428,0.04106,2.0605128205128227,3.647177645606546,7.294355291213092,2.0,0.03819,0.0,1787229922.893,0.8929998874664307,,,,1.7,1,37,2.0
3064,1787230435,2026-08-20T12:53:55+00:00,AEONUSDT,SHORT,ema_cross,tp,tp,0.07252,0.07964586206896551,0.058268275862068966,0.05796,2.043261553351079,9.826064629020284,19.65212925804059,2.0000000000000018,0.07252,0.0,1787230436.214,1.2139999866485596,0.676,,,,,,
3065,1787230457,2026-08-20T12:54:17+00:00,POPMARTUSDT,SHORT,ema_cross,sl,sl,18.977,19.30941379310345,18.312172413793103,19.788,-2.4397302904564295,1.7516667181506482,3.5033334363012965,2.0,18.977,0.0,1787230457.469,0.46900010108947754,0.218,,,,,,
3066,1787230497,2026-08-20T12:54:57+00:00,CLOUSDT,SHORT,ema_cross,sl,sl,0.1052,0.11221275862068966,0.0911744827586207,0.11413,-1.27339332251561,6.6661203618723,13.332240723744587,1.999999999999998,0.1052,0.0,1787230497.733,0.7330000400543213,1.589,,,,,,
3067,1787230504,2026-08-20T12:55:04+00:00,FILUSDT,LONG,ema_cross,tp,tp,0.6912,0.6770793103448276,0.7194413793103448,0.7199,2.0324786324786257,2.042923850574716,4.085847701149416,1.9999999999999922,0.6912,0.0,1787230504.966,0.9660000801086426,0.284,,,,,,
3068,1787230530,2026-08-20T12:55:30+00:00,WALUSDT,LONG,ema_cross,tp,tp,0.0227,0.022027241379310347,0.02404551724137931,0.02405,2.006663249615578,2.9636943642716074,5.927388728543215,2.0,0.0227,0.0,1787230530.808,0.8080000877380371,0.233,,,,,,
3069,1787230574,2026-08-20T12:56:14+00:00,AIGENSYNUSDT,LONG,ema_cross,sl,sl,0.02066,0.020216551724137933,0.021546896551724138,0.02019,-1.0598755832037376,2.146409854124242,4.292819708248484,2.0,0.02066,0.0,1787230575.023,1.0230000019073486,0.173,,,,,,
3070,1787230612,2026-08-20T12:56:52+00:00,OKBUSDT,LONG,ema_cross,sl,sl,105.8,103.60448275862069,110.19103448275862,103.60448275862069,-1.0,2.0751580731373407,4.150316146274695,2.0000000000000067,105.8,0.0,1787230613.345,1.3450000286102295,0.237,,,,,,
3071,1787230631,2026-08-20T12:57:11+00:00,DEEPUSDT,LONG,ema_cross,tp,tp,0.01449,0.01415655172413793,0.015156896551724138,0.01542,2.789038262668043,2.3012303372123495,4.602460674424699,2.0,0.01449,0.0,1787230631.983,0.9830000400543213,0.357,,,,,,
3073,1787230686,2026-08-20T12:58:06+00:00,MANTRAUSDT,LONG,ema_cross,sl,sl,0.005019,0.004928931034482759,0.0051991379310344825,0.004928931034482759,-1.0,1.7945599824116607,3.5891199648233214,2.0,0.005019,0.0,1787230687.133,1.1329998970031738,0.414,,,,,,
3074,1787230692,2026-08-20T12:58:12+00:00,COOKIEUSDT,LONG,ema_cross,tp,tp,0.01142,0.01103103448275862,0.012197931034482757,0.0122,2.005319148936171,3.406002777945532,6.812005555891049,1.9999999999999956,0.01142,0.0,1787230693.491,1.4909999370574951,0.368,,,,,,
3079,1787232048,2026-08-20T13:20:48+00:00,HYPEUSDT,LONG,overheated_early,tp,tp,71.934,69.44475,76.9125,76.9125,2.0,3.46046375844524,6.92092751689048,2.0,71.934,0.0,,,,,,,,,
3083,1787232623,2026-08-20T13:30:23+00:00,XRPUSDT,LONG,overheated_confirmed,tp,tp,1.2049,1.1803428571428571,1.254014285714286,1.2578,2.1541593949970816,2.038106304020495,4.07621260804099,2.0,1.2049,0.0,1787232623.773,0.7730000019073486,,,,1.6,1,7,2.0
3095,1787233527,2026-08-20T13:45:27+00:00,POPMARTUSDT,SHORT,ema_cross_confirmed,sl,sl,18.928,19.592827586206898,17.598344827586207,19.788,-1.2935684647302885,3.5124027166467506,7.024805433293501,2.0,18.928,0.0,1787233527.855,0.8550000190734863,,,,1.8,1,50,2.0
3096,1787233529,2026-08-20T13:45:29+00:00,FILUSDT,LONG,ema_cross_confirmed,tp,tp,0.6939,0.6727189655172413,0.7362620689655173,0.7369,2.030118030118029,3.0524620958003537,6.104924191600707,2.0,0.6939,0.0,1787233529.299,0.2990000247955322,,,,2.8,1,50,2.0
3101,1787234409,2026-08-20T14:00:09+00:00,ILVUSDT,LONG,ema_cross_confirmed,tp,tp,3.185,3.1014137931034482,3.3521724137931037,3.354,2.021864686468645,2.6243707031884402,5.2487414063768805,2.0,3.185,0.0,1787234410.43,1.4300000667572021,,,,1.6,1,198,2.0
3102,1787234412,2026-08-20T14:00:12+00:00,MSTRXUSDT,LONG,overheated_early,sl,sl,112.0,108.62982142857143,118.74035714285715,108.51,-1.0355534361256817,3.0090880102040782,6.018176020408169,2.000000000000004,112.0,0.0,,,,,,,,,
3104,1787234434,2026-08-20T14:00:34+00:00,PUMPUSDT,LONG,overheated_confirmed,tp,tp,0.003573,0.0033747321428571424,0.0039695357142857145,0.00397,2.0023417094478937,5.549058414297716,11.098116828595431,2.0,0.003573,0.0,1787234435.111,1.1110000610351562,,,,2.4,1,1,2.0
3105,1787234435,2026-08-20T14:00:35+00:00,THETAUSDT,LONG,overheated_confirmed,tp,tp,0.1621,0.15835,0.1696,0.1706,2.2666666666666666,2.3133867982726732,4.6267735965453465,2.0,0.1621,0.0,1787234436.218,1.2179999351501465,,,,1.5,1,0,2.0
3106,1787234474,2026-08-20T14:01:14+00:00,EDGEXUSDT,LONG,overheated_early,tp,tp,0.3356,0.31758928571428574,0.37162142857142855,0.3726,2.0543327384493364,5.366720585731308,10.733441171462616,2.0,0.3356,0.0,,,,,,,,,
3108,1787234556,2026-08-20T14:02:36+00:00,ONGUSDT,LONG,overheated_confirmed,tp,tp,0.07565,0.06965642857142856,0.08763714285714286,0.08763714285714286,2.0,7.922764611462567,15.845529222925133,2.0,0.07565,0.0,1787234556.782,0.7820000648498535,,,,1.6,1,0,2.0
3109,1787234566,2026-08-20T14:02:46+00:00,BRETTUSDT,LONG,overheated_early,tp,tp,0.004481,0.004319857142857143,0.004803285714285714,0.004803285714285714,2.0,3.5961360665667734,7.192272133133547,2.0,0.004481,0.0,,,,,,,,,
3112,1787234678,2026-08-20T14:04:38+00:00,ONUSDT,LONG,overheated_confirmed,sl,sl,0.29449,0.25185625,0.3797574999999999,0.24819,-1.0859940774621049,14.4771469319841,28.9542938639682,2.0,0.29449,0.0,1787234678.751,0.750999927520752,,,,1.6,1,0,2.0
3115,1787235330,2026-08-20T14:15:30+00:00,DEEPUSDT,LONG,ema_cross_confirmed,tp,tp,0.01471,0.014209827586206897,0.01571034482758621,0.01574,2.0592899000344675,3.400220352094521,6.800440704189042,2.0,0.01471,0.0,1787235330.564,0.5639998912811279,,,,4.8,1,77,2.0
3124,1787236658,2026-08-20T14:37:38+00:00,STXUSDT,LONG,overheated_confirmed,tp,tp,0.1401,0.13696607142857142,0.14636785714285716,0.1464,2.0102564102564053,2.236922606301627,4.473845212603254,2.0,0.1401,0.0,1787236659.16,1.1600000858306885,,,,1.8,1,0,2.0
3125,1787236790,2026-08-20T14:39:50+00:00,MAGMAUSDT,LONG,overheated_early,tp,tp,0.23599,0.2184619642857143,0.27104607142857146,0.28756,2.942143708548549,7.42744849963376,14.854896999267533,2.0000000000000018,0.23599,0.0,,,,,,,,,
3126,1787236796,2026-08-20T14:39:56+00:00,BOMEUSDT,LONG,overheated_early,tp,tp,0.0011319,0.0010576232142857143,0.0012804535714285713,0.0012804535714285713,2.000000000000003,6.562133202074882,13.124266404149784,2.000000000000003,0.0011319,0.0,,,,,,,,,
3129,1787237109,2026-08-20T14:45:09+00:00,CROUSDT,LONG,overheated_confirmed,sl,sl,0.05421,0.05314339285714286,0.05634321428571428,0.05303,-1.1063117361459938,1.9675468416475557,3.9350936832951113,2.0,0.05421,0.0,1787237110.217,1.2170000076293945,,,,1.8,1,44,2.0
3130,1787237134,2026-08-20T14:45:34+00:00,RIFUSDT,LONG,overheated_confirmed,sl,sl,0.08606,0.08269196428571428,0.09279607142857144,0.08269196428571428,-1.0,3.9135901862488027,7.8271803724976055,2.0,0.08606,0.0,1787237134.869,0.8689999580383301,,,,2.1,1,44,2.0
3131,1787237138,2026-08-20T14:45:38+00:00,PEOPLEUSDT,LONG,overheated_confirmed,tp,tp,0.008873,0.008547982142857144,0.009523035714285715,0.009523035714285715,2.0,3.6629985026806833,7.3259970053613666,2.0,0.008873,0.0,1787237139.276,1.2760000228881836,,,,2.3,1,11,2.0
3133,1787238038,2026-08-20T15:00:38+00:00,ROBOUSDT,LONG,overheated_confirmed,sl,sl,0.0152,0.014328392857142857,0.016943214285714284,0.0143,-1.032575291948371,5.7342575187969915,11.468515037593972,1.999999999999998,0.0152,0.0,1787238039.473,1.4730000495910645,,,,1.6,1,23,2.0
3136,1787238879,2026-08-20T15:14:39+00:00,GOATUSDT,LONG,overheated_confirmed,sl,sl,0.015466,0.015172,0.016054000000000002,0.015172,-1.0,1.9009440062071699,3.8018880124143397,2.0,0.015466,0.0,1787238880.543,1.5429999828338623,,,,3.3,1,0,2.0
3137,1787238928,2026-08-20T15:15:28+00:00,OKBUSDT,LONG,ema_cross_confirmed,tp,tp,105.88,102.58672413793103,112.46655172413793,112.5,2.0101565363070004,3.1103852116253936,6.220770423250787,2.0,105.88,0.0,1787238928.722,0.7219998836517334,,,,1.9,1,138,2.0
3138,1787238930,2026-08-20T15:15:30+00:00,MANTRAUSDT,LONG,ema_cross_confirmed,sl,sl,0.005018,0.004882896551724138,0.005288206896551724,0.004882896551724138,-1.0,2.692376410439655,5.38475282087931,2.0,0.005018,0.0,1787238930.22,0.2200000286102295,,,,2.5,1,137,2.0
3142,1787239831,2026-08-20T15:30:31+00:00,CHIPUSDT,LONG,ema_cross_confirmed,tp,tp,0.03067,0.02759603448275862,0.03681793103448276,0.03718,2.1177856301531204,10.02271117457248,20.045422349144975,2.0000000000000013,0.03067,0.0,1787239831.842,0.8420000076293945,,,,2.1,1,109,2.0
3143,1787239837,2026-08-20T15:30:37+00:00,PEOPLEUSDT,LONG,overheated_confirmed,tp,tp,0.009495,0.009169982142857143,0.009982526785714286,0.009982526785714286,1.5,3.423042202663055,5.1345633039945815,1.5,0.009495,0.0,1787239838.336,1.3359999656677246,,,,2.2,2,56,1.5
3146,1787240716,2026-08-20T15:45:16+00:00,MONUSDT,LONG,overheated_confirmed,sl,sl,0.02643,0.025418035714285712,0.02845392857142857,0.02535,-1.0672313393329775,3.8288470893465236,7.657694178693047,2.0,0.02643,0.0,1787240716.754,0.7539999485015869,,,,1.8,1,143,2.0
3147,1787240723,2026-08-20T15:45:23+00:00,ONGUSDT,LONG,overheated_early,tp,tp,0.07616,0.07016642857142857,0.08814714285714285,0.08822,2.0121558813013936,7.869710384153665,15.73942076830731,1.9999999999999978,0.07616,0.0,,,,,,,,,
3148,1787240736,2026-08-20T15:45:36+00:00,GALAUSDT,LONG,overheated_confirmed,sl,sl,0.001626,0.0015583392857142857,0.0017613214285714287,0.001552,-1.093692267088942,4.161175540326834,8.322351080653668,2.0,0.001626,0.0,1787240737.455,1.4549999237060547,,,,1.5,1,101,2.0
3149,1787240947,2026-08-20T15:49:07+00:00,COLLECTUSDT,LONG,overheated_early,tp,tp,0.05765,0.054775892857142856,0.0633982142857143,0.06363,2.080646163404786,4.985441704869286,9.970883409738585,2.000000000000002,0.05765,0.0,,,,,,,,,
3150,1787241627,2026-08-20T16:00:27+00:00,WALUSDT,LONG,ema_cross_confirmed,tp,tp,0.02272,0.021710862068965518,0.024738275862068965,0.02474,2.0017085255424587,4.441628217581348,8.883256435162696,2.0,0.02272,0.0,1787241627.989,0.9890000820159912,,,,2.0,1,184,2.0
3152,1787241691,2026-08-20T16:01:31+00:00,CXMTUSDT,SHORT,ema_cross,sl,sl,8.264,8.491965517241379,7.808068965517241,8.491965517241379,-1.0,2.75853723670595,5.51707447341189,1.999999999999996,8.264,0.0,1787241691.793,0.7929999828338623,0.164,,,,,,
3153,1787241753,2026-08-20T16:02:33+00:00,KAITOUSDT,LONG,ema_cross,sl,sl,0.3618,0.3443137931034483,0.39677241379310346,0.3443137931034483,-1.0,4.833114122872229,9.666228245744458,2.0,0.3618,0.0,1787241753.703,0.7030000686645508,0.313,,,,,,
3154,1787241848,2026-08-20T16:04:08+00:00,SWARMSUSDT,LONG,ema_cross,sl,sl,0.009114,0.008815586206896552,0.009710827586206897,0.008815586206896552,-1.0,3.2742351668142233,6.548470333628447,2.0,0.009114,0.0,1787241848.99,0.9900000095367432,0.611,,,,,,
3155,1787241896,2026-08-20T16:04:56+00:00,UBUSDT,SHORT,ema_cross,sl,sl,0.11427,0.11888793103448275,0.10503413793103449,0.11893,-1.009109916367981,4.041245326404792,8.082490652809584,2.0,0.11427,0.0,1787241896.847,0.8469998836517334,0.18,,,,,,
3156,1787241907,2026-08-20T16:05:07+00:00,BASEDUSDT,LONG,ema_cross,tp,tp,0.08241,0.07954310344827586,0.08814379310344828,0.08814379310344828,2.000000000000005,3.4788212009757706,6.957642401951558,2.000000000000005,0.08241,0.0,1787241907.371,0.3710000514984131,0.372,,,,,,
3157,1787241941,2026-08-20T16:05:41+00:00,RIVERUSDT,LONG,ema_cross,tp,tp,2.749,2.663344827586207,2.9203103448275862,2.9203103448275862,2.0,3.115866584714189,6.231733169428378,2.0,2.749,0.0,1787241941.381,0.3810000419616699,0.271,,,,,,
3162,1787242756,2026-08-20T16:19:16+00:00,ONUSDT,LONG,overheated_early,sl,sl,0.30018,0.25735125000000003,0.3858375,0.25259,-1.111169483115899,14.267689386368168,28.535378772736358,2.0000000000000013,0.30018,0.0,,,,,,,,,
3164,1787243082,2026-08-20T16:24:42+00:00,SATSUSDT,LONG,overheated_confirmed,sl,sl,1.228e-08,1.1834285714285714e-08,1.3171428571428571e-08,1.182e-08,-1.0320512820512828,3.629595160539787,7.259190321079574,2.0,1.228e-08,0.0,1787243083.342,1.3420000076293945,,,,4.8,1,1,2.0
3165,1787243424,2026-08-20T16:30:24+00:00,CLOUSDT,SHORT,ema_cross_confirmed,sl,sl,0.10503,0.1190555172413793,0.07697896551724139,0.11915,-1.0067364901411229,13.353820090811489,26.707640181622978,2.0,0.10503,0.0,1787243424.41,0.4100000858306885,,,,3.9,1,215,2.0
3174,1787244317,2026-08-20T16:45:17+00:00,XRPUSDT,LONG,overheated_confirmed,tp,tp,1.2889,1.264342857142857,1.3257357142857145,1.3321,1.7591623036649204,1.905279141682283,2.8579187125234333,1.5000000000000044,1.2889,0.0,1787244318.519,1.5190000534057617,,,,1.5,2,202,1.5
3185,1787245208,2026-08-20T17:00:08+00:00,WIFUSDT,LONG,overheated_confirmed,tp,tp,0.1616,0.15765714285714286,0.16948571428571427,0.1696,2.028985507246382,2.4398868458274365,4.879773691654873,2.0,0.1616,0.0,1787245209.393,1.3929998874664307,,,,2.1,1,141,2.0
3186,1787245228,2026-08-20T17:00:28+00:00,PEOPLEUSDT,LONG,overheated_confirmed,tp,tp,0.010195,0.009869982142857142,0.010520017857142856,0.010520017857142856,1.0,3.188012330974567,3.188012330974567,1.0,0.010195,0.0,1787245228.657,0.6570000648498535,,,,1.8,3,146,1.0
3210,1787247055,2026-08-20T17:30:55+00:00,SWARMSUSDT,LONG,ema_cross_confirmed,sl,sl,0.009202,0.008754379310344828,0.010097241379310345,0.008201,-2.236268392265619,4.8643848039032,9.7287696078064,2.0,0.009202,0.0,1787247055.313,0.312999963760376,,,,1.9,1,86,2.0
3223,1787247711,2026-08-20T17:41:51+00:00,GOATUSDT,LONG,overheated_confirmed,sl,sl,0.015272,0.014903375,0.016009250000000003,0.01487,-1.0905391658189225,2.4137310110005297,4.827462022001059,2.0,0.015272,0.0,1787247712.329,1.3289999961853027,,,,2.4,1,0,2.0
3227,1787247949,2026-08-20T17:45:49+00:00,XLMUSDT,LONG,overheated_confirmed,sl,sl,0.18965,0.18496303571428574,0.19902392857142856,0.18496303571428574,-1.0,2.4713758427177814,4.942751685435563,2.0,0.18965,0.0,1787247949.867,0.8670001029968262,,,,1.8,1,3,2.0
3233,1787249750,2026-08-20T18:15:50+00:00,CXMTUSDT,SHORT,ema_cross_confirmed,sl,sl,8.216,8.671931034482759,7.3041379310344805,8.671931034482759,-1.0,5.549306651445465,11.09861330289093,2.0,8.216,0.0,1787249750.629,0.6289999485015869,,,,2.0,1,134,2.0
3234,1787249755,2026-08-20T18:15:55+00:00,AVAAIUSDT,LONG,overheated_confirmed,sl,sl,0.02038,0.01878169642857143,0.02357660714285714,0.01878169642857143,-1.0,7.842510164026349,15.685020328052698,2.0,0.02038,0.0,1787249756.198,1.1979999542236328,,,,2.1,1,36,2.0
3235,1787249836,2026-08-20T18:17:16+00:00,MONUSDT,LONG,overheated_early,tp,tp,0.02556,0.024471964285714284,0.02773607142857143,0.02776,2.021992450352863,4.256790744466803,8.513581488933607,2.0,0.02556,0.0,,,,,,,,,
3243,1787251933,2026-08-20T18:52:13+00:00,ROBOUSDT,LONG,ema_cross,tp,tp,0.01326,0.012623448275862068,0.014533103448275861,0.014533103448275861,2.0,4.800540906017579,9.601081812035158,2.0,0.01326,0.0,1787251933.718,0.7179999351501465,0.151,,,,,,
3249,1787253328,2026-08-20T19:15:28+00:00,TURBOUSDT,LONG,overheated_confirmed,sl,sl,0.0009441,0.0009229339285714285,0.000986432142857143,0.0009228,-1.0063275120222719,2.241931090834814,4.483862181669628,2.0,0.0009441,0.0,1787253329.215,1.2149999141693115,,,,1.7,1,39,2.0
3251,1787255117,2026-08-20T19:45:17+00:00,BASEDUSDT,LONG,ema_cross_confirmed,tp,tp,0.08314,0.0788396551724138,0.09174068965517242,0.09174068965517242,2.0,5.172413793103446,10.344827586206891,2.0,0.08314,0.0,1787255117.595,0.5950000286102295,,,,1.9,1,220,2.0
3252,1787256023,2026-08-20T20:00:23+00:00,ONGUSDT,LONG,overheated_confirmed,tp,tp,0.08839,0.08127732142857143,0.09905901785714286,0.09905901785714286,1.5000000000000009,8.046926769350117,12.070390154025183,1.5000000000000009,0.08839,0.0,1787256024.721,1.7209999561309814,,,,3.4,2,81,1.5
3253,1787256068,2026-08-20T20:01:08+00:00,APRUSDT,SHORT,ema_cross,sl,sl,0.18548,0.2018706896551724,0.15269862068965517,0.20427,-1.1463825132013556,8.836904062525557,17.673808125051128,2.0000000000000018,0.18548,0.0,1787256068.812,0.812000036239624,0.206,,,,,,
3254,1787256083,2026-08-20T20:01:23+00:00,PLAYUSDT,SHORT,ema_cross,sl,sl,0.03634,0.03695241379310345,0.0351151724137931,0.03697,-1.0287162162162222,1.6852333327007436,3.370466665401487,2.0,0.03634,0.0,1787256083.808,0.8080000877380371,0.16,,,,,,
3257,1787256204,2026-08-20T20:03:24+00:00,DEXEUSDT,LONG,ema_cross,tp,tp,1.941,1.8790689655172415,2.0648620689655175,2.0648620689655175,2.0000000000000036,3.1906766863863267,6.381353372772665,2.0000000000000036,1.941,0.0,1787256204.228,0.22799992561340332,0.216,,,,,,
3258,1787256247,2026-08-20T20:04:07+00:00,IMXUSDT,LONG,ema_cross,tp,tp,0.1091,0.10647241379310345,0.1143551724137931,0.1144,2.0170603674540644,2.4084199879895114,4.8168399759790095,1.9999999999999947,0.1091,0.0,1787256247.911,0.9110000133514404,0.422,,,,,,
3260,1787256266,2026-08-20T20:04:26+00:00,JASMYUSDT,LONG,ema_cross,tp,tp,0.003888,0.0038010344827586204,0.004061931034482759,0.004061931034482759,2.0,2.2367674187597624,4.473534837519525,2.0,0.003888,0.0,1787256267.078,1.0780000686645508,0.33,,,,,,
3261,1787256292,2026-08-20T20:04:52+00:00,GRVTUSDT,SHORT,ema_cross,tp,tp,0.2814,0.2940758620689655,0.25604827586206896,0.2557,2.0274755168661556,4.504570742347384,9.009141484694748,1.9999999999999956,0.2814,0.0,1787256292.759,0.7590000629425049,0.368,,,,,,
3265,1787256918,2026-08-20T20:15:18+00:00,COLLECTUSDT,LONG,overheated_confirmed,tp,tp,0.06398,0.06048017857142857,0.07097964285714285,0.07097964285714285,2.0,5.470180413522083,10.940360827044167,2.0,0.06398,0.0,1787256919.506,1.50600004196167,,,,2.0,1,98,2.0
3266,1787256920,2026-08-20T20:15:20+00:00,ONGUSDT,LONG,overheated_confirmed,tp,tp,0.09931,0.09219732142857143,0.10642267857142856,0.10642267857142856,1.0,7.162097041011549,7.162097041011549,1.0,0.09931,0.0,1787256921.2,1.2000000476837158,,,,4.8,3,96,1.0
3267,1787256922,2026-08-20T20:15:22+00:00,PEOPLEUSDT,LONG,overheated_confirmed,sl,sl,0.010809,0.010419375,0.011588249999999998,0.010406,-1.034327879371189,3.6046350263669105,7.209270052733821,2.0,0.010809,0.0,1787256923.285,1.2850000858306885,,,,1.6,1,102,2.0
3268,1787256935,2026-08-20T20:15:35+00:00,APRUSDT,SHORT,ema_cross_confirmed,sl,sl,0.18477,0.2175513793103448,0.11920724137931038,0.22024,-1.0820167041844622,17.74172176778958,35.48344353557916,2.0,0.18477,0.0,1787256935.059,0.05900001525878906,,,,1.7,1,14,2.0
3273,1787258721,2026-08-20T20:45:21+00:00,BRETTUSDT,LONG,overheated_confirmed,tp,tp,0.004532,0.004358428571428571,0.004879142857142856,0.004894,2.0855967078189352,3.829907956121543,7.659815912243086,2.0,0.004532,0.0,1787258722.348,1.3480000495910645,,,,2.6,1,131,2.0
3274,1787258732,2026-08-20T20:45:32+00:00,PLAYUSDT,SHORT,ema_cross_confirmed,sl,sl,0.03588,0.0371048275862069,0.0334303448275862,0.03751,-1.330799549549545,3.4136777764963773,6.8273555529927545,2.0,0.03588,0.0,1787258732.866,0.8659999370574951,,,,6.9,1,43,2.0
3284,1787260521,2026-08-20T21:15:21+00:00,ENAUSDT,LONG,overheated_confirmed,sl,sl,0.11387,0.11044946428571428,0.12071107142857143,0.11044946428571428,-1.0,3.0038954195887557,6.007790839177511,2.0,0.11387,0.0,1787260522.353,1.3529999256134033,,,,1.6,1,161,2.0
3285,1787260525,2026-08-20T21:15:25+00:00,GALAUSDT,LONG,overheated_confirmed,tp,tp,0.001595,0.0015206964285714285,0.001743607142857143,0.001743607142857143,2.0,4.658531124048371,9.317062248096741,2.0,0.001595,0.0,1787260526.176,1.1760001182556152,,,,1.9,1,213,2.0
3286,1787260535,2026-08-20T21:15:35+00:00,GRVTUSDT,SHORT,ema_cross_confirmed,tp,tp,0.2788,0.304151724137931,0.22809655172413795,0.22809655172413795,2.0,9.093157868698357,18.186315737396715,2.0,0.2788,0.0,1787260536.004,1.003999948501587,,,,2.7,1,70,2.0
3287,1787261434,2026-08-20T21:30:34+00:00,DOSUSDT,SHORT,ema_cross_confirmed,sl,sl,0.2289,0.25536896551724136,0.17596206896551725,0.2572,-1.069176654507556,11.563549810939874,23.127099621879747,2.0,0.2289,0.0,1787261434.96,0.9600000381469727,,,,5.4,1,85,2.0
3309,1787264860,2026-08-20T22:27:40+00:00,PNUTUSDT,LONG,overheated_early,tp,tp,0.05177,0.04997910714285714,0.05535178571428571,0.05535178571428571,1.9999999999999962,3.4593255884544316,6.918651176908849,1.9999999999999962,0.05177,0.0,1787264859.649,0.3510000705718994,,16.1,62.7,,,,
3310,1787265027,2026-08-20T22:30:27+00:00,JASMYUSDT,LONG,ema_cross_confirmed,tp,tp,0.003892,0.003761551724137931,0.004152896551724138,0.004155,2.016124768702088,3.3517028741538764,6.703405748307764,2.000000000000003,0.003892,0.0,1787265027.596,0.5959999561309814,,,,2.6,1,145,2.0
3311,1787265051,2026-08-20T22:30:51+00:00,ONTUSDT,LONG,overheated_early,sl,sl,0.05014,0.04832553571428571,0.05376892857142857,0.0478,-1.2896368467670465,3.618795942788766,7.237591885577532,2.0,0.05014,0.0,1787265049.854,1.1459999084472656,,24.9,69.8,,,,
3312,1787265155,2026-08-20T22:32:35+00:00,ONGUSDT,LONG,overheated_early,sl,sl,0.09322,0.08576928571428571,0.10812142857142856,0.08576928571428571,-1.0,7.99261347963343,15.98522695926686,2.0,0.09322,0.0,1787265154.006,0.9939999580383301,,53.9,65.9,,,,
3331,1787267001,2026-08-20T23:03:21+00:00,PEOPLEUSDT,LONG,overheated_confirmed,sl,sl,0.010518,0.010056375,0.01144125,0.010056375,-1.0,4.388904734740447,8.777809469480895,2.0,0.010518,0.0,1787267002.339,1.3389999866485596,,,,2.0,1,0,2.0
3337,1787269135,2026-08-20T23:38:55+00:00,ORDIUSDT,LONG,overheated_early,tp,tp,4.166,4.004803571428572,4.488392857142857,4.488392857142857,2.0,3.8693333790549316,7.738666758109863,2.0,4.166,0.0,1787269134.414,0.5859999656677246,,15.1,56.5,,,,
3338,1787269516,2026-08-20T23:45:16+00:00,DEXEUSDT,LONG,ema_cross_confirmed,sl,sl,1.951,1.858103448275862,2.136793103448276,1.845,-1.1410541945063102,4.761483942805639,9.522967885611278,2.0,1.951,0.0,1787269516.135,0.13499999046325684,,,,2.1,1,221,2.0
3339,1787269519,2026-08-20T23:45:19+00:00,龙虾USDT,LONG,overheated_confirmed,sl,sl,0.023891,0.022225196428571427,0.027222607142857142,0.021833,-1.2354397813153224,6.972515053486969,13.945030106973938,2.0,0.023891,0.0,1787269520.143,1.1429998874664307,,,,1.8,1,170,2.0
3340,1787270422,2026-08-21T00:00:22+00:00,COREUSDT,LONG,overheated_confirmed,tp,tp,0.02532,0.024126964285714286,0.027706071428571424,0.02772,2.0116748989672257,4.711831415030461,9.423662830060922,2.0,0.02532,0.0,1787270423.49,1.4900000095367432,,,,2.1,1,56,2.0
3348,1787271184,2026-08-21T00:13:04+00:00,CROSSUSDT,LONG,overheated_early,sl,sl,0.12751,0.12103428571428573,0.14046142857142857,0.10614,-3.3000220604456265,5.078593275597426,10.157186551194853,2.0,0.12751,0.0,1787271182.802,1.1979999542236328,,16.9,69.5,,,,
3349,1787271199,2026-08-21T00:13:19+00:00,FORMUSDT,LONG,overheated_early,tp,tp,0.2472,0.2380875,0.265425,0.2655,2.008230452674899,3.6862864077669886,7.372572815533989,2.000000000000003,0.2472,0.0,1787271198.234,0.7660000324249268,,15.2,57.9,,,,
3352,1787290722,2026-08-21T05:38:42+00:00,ENAUSDT,LONG,overheated_confirmed,tp,tp,0.12906,0.12408428571428572,0.1390114285714286,0.1390114285714286,2.0,3.855349671249257,7.710699342498514,2.0,0.12906,0.0,1787290722.788,0.7880001068115234,,,,2.3,1,0,2.0
3353,1787290755,2026-08-21T05:39:15+00:00,XRPUSDT,LONG,overheated_early,tp,tp,1.306,1.2654892857142859,1.3870214285714286,1.3882,2.029092832583979,3.101892364909202,6.2037847298184206,2.0000000000000053,1.306,0.0,1787290754.621,0.3789999485015869,,18.1,59.3,,,,
3355,1787290793,2026-08-21T05:39:53+00:00,MOODENGUSDT,LONG,overheated_early,tp,tp,0.04511,0.04353660714285714,0.04825678571428571,0.04956,2.828282828282831,3.487902587326217,6.975805174652434,2.0,0.04511,0.0,1787290792.305,0.6949999332427979,,17.6,68.5,,,,
3356,1787290806,2026-08-21T05:40:06+00:00,COLLECTUSDT,LONG,overheated_early,sl,sl,0.06943,0.06533125000000001,0.0776275,0.06533125000000001,-1.0,5.903427913005902,11.806855826011804,2.0,0.06943,0.0,1787290805.693,0.30699992179870605,,42.0,69.0,,,,
3357,1787290811,2026-08-21T05:40:11+00:00,ONGUSDT,LONG,overheated_early,sl,sl,0.1313,0.11766017857142858,0.15857964285714285,0.11642,-1.0909233730018466,10.388287455119135,20.77657491023827,2.0,0.1313,0.0,1787290809.987,1.0130000114440918,,111.2,67.0,,,,
3358,1787290843,2026-08-21T05:40:43+00:00,SPKUSDT,LONG,overheated_confirmed,tp,tp,0.01738,0.016926785714285714,0.01828642857142857,0.01828642857142857,2.0,2.60767713299359,5.21535426598718,2.0,0.01738,0.0,1787290844.0,1.0,,,,3.1,1,1,2.0
3359,1787290881,2026-08-21T05:41:21+00:00,PROMUSDT,LONG,overheated_early,tp,tp,2.24,2.0755357142857145,2.5689285714285717,2.571,2.012595005428881,7.342155612244898,14.684311224489797,2.0,2.24,0.0,1787290879.981,1.0190000534057617,,18.9,57.2,,,,
3361,1787290914,2026-08-21T05:41:54+00:00,GALAUSDT,LONG,overheated_early,tp,tp,0.001656,0.0015721071428571427,0.0018237857142857142,0.0018237857142857142,1.9999999999999973,5.065993788819882,10.131987577639752,1.9999999999999973,0.001656,0.0,1787290913.589,0.41100001335144043,,17.2,58.6,,,,
3363,1787290975,2026-08-21T05:42:55+00:00,GASUSDT,LONG,overheated_early,tp,tp,1.146,1.1075357142857143,1.2229285714285714,1.318,4.471680594243283,3.356394913986529,6.7127898279730775,2.0000000000000058,1.146,0.0,1787290974.602,0.39800000190734863,,16.1,66.3,,,,
3365,1787290999,2026-08-21T05:43:19+00:00,PENGUUSDT,LONG,overheated_early,tp,tp,0.007484,0.0072288392857142855,0.007994321428571429,0.008049,2.2142907131359766,3.4094162785370754,6.818832557074139,1.9999999999999967,0.007484,0.0,1787290998.111,0.8889999389648438,,15.8,67.7,,,,
3367,1787291060,2026-08-21T05:44:20+00:00,PUMPUSDT,LONG,overheated_early,tp,tp,0.003891,0.0036471964285714285,0.004378607142857142,0.004378607142857142,1.9999999999999982,6.265833241546427,12.531666483092843,1.9999999999999982,0.003891,0.0,1787291059.165,0.8350000381469727,,22.1,67.0,,,,
3368,1787291065,2026-08-21T05:44:25+00:00,PEPEUSDT,LONG,overheated_early,tp,tp,3.352e-06,3.2409464285714284e-06,3.574107142857143e-06,3.577e-06,2.0260492040520974,3.3130540402318465,6.626108080463693,2.0,3.352e-06,0.0,1787291064.075,0.9249999523162842,,15.8,67.5,,,,
3371,1787291143,2026-08-21T05:45:43+00:00,TURBOUSDT,LONG,overheated_confirmed,tp,tp,0.0009548,0.0009275803571428572,0.0010092392857142857,0.0010095,2.009578167027489,2.8508214136094288,5.7016428272188575,2.0,0.0009548,0.0,1787291143.404,0.40400004386901855,,,,2.7,1,6,2.0
3372,1787291145,2026-08-21T05:45:45+00:00,WIFUSDT,LONG,overheated_confirmed,tp,tp,0.1699,0.16485357142857143,0.17999285714285712,0.18,2.0014154281670233,2.9702345917766704,5.940469183553341,2.0,0.1699,0.0,1787291145.705,0.7049999237060547,,,,2.2,1,3,2.0
3375,1787291830,2026-08-21T05:57:10+00:00,TRADOORUSDT,LONG,ema_cross,sl,sl,0.653,0.6324827586206897,0.6940344827586208,0.607,-2.242016806722693,3.1419971484395597,6.283994296879136,2.0000000000000053,0.653,0.0,1787291830.77,0.7699999809265137,0.367,,,,,,
3376,1787291869,2026-08-21T05:57:49+00:00,PTBUSDT,LONG,ema_cross,tp,tp,0.000902,0.0008723517241379311,0.000961296551724138,0.000961296551724138,2.0000000000000036,3.2869485434666217,6.573897086933256,2.0000000000000036,0.000902,0.0,1787291869.816,0.8159999847412109,0.177,,,,,,
3377,1787291872,2026-08-21T05:57:52+00:00,JELLYJELLYUSDT,LONG,ema_cross,sl,sl,0.05881,0.05784724137931035,0.060735517241379315,0.05783,-1.017908309455591,1.6370661803939015,3.2741323607878146,2.000000000000007,0.05881,0.0,1787291872.43,0.43000006675720215,0.227,,,,,,
3378,1787291880,2026-08-21T05:58:00+00:00,GWEIUSDT,LONG,ema_cross,sl,sl,0.024388,0.02324813793103448,0.026667724137931035,0.022904,-1.3019119070667928,4.673864478290632,9.347728956581248,1.999999999999997,0.024388,0.0,1787291880.212,0.21199989318847656,0.774,,,,,,
3379,1787291922,2026-08-21T05:58:42+00:00,SENTUSDT,LONG,ema_cross,tp,tp,0.01275,0.012532413793103448,0.013185172413793102,0.01319,2.0221870047543726,1.7065584854631433,3.4131169709263,2.000000000000008,0.01275,0.0,1787291922.298,0.2980000972747803,0.197,,,,,,
3380,1787291932,2026-08-21T05:58:52+00:00,VOLXUSDT,SHORT,ema_cross,tp,tp,16.3,16.873551724137933,15.152896551724137,15.152896551724137,2.0,3.518722233975043,7.037444467950086,2.0,16.3,0.0,1787291932.663,0.6630001068115234,0.178,,,,,,
3381,1787291937,2026-08-21T05:58:57+00:00,币安人生USDT,LONG,ema_cross,tp,tp,0.4865,0.46884241379310343,0.521815172413793,0.52617,2.2466264377917096,3.6295141226919956,7.2590282453839805,1.999999999999997,0.4865,0.0,1787291937.843,0.8429999351501465,0.252,,,,,,
3382,1787291939,2026-08-21T05:58:59+00:00,FHEUSDT,LONG,ema_cross,sl,sl,0.02725,0.025679655172413794,0.030390689655172415,0.025679655172413794,-1.0,5.762733312242957,11.525466624485926,2.000000000000002,0.02725,0.0,1787291939.15,0.15000009536743164,0.196,,,,,,
3383,1787291991,2026-08-21T05:59:51+00:00,币安人生USDT,LONG,ema_cross_confirmed,tp,tp,0.4867,0.4602136206896552,0.5396727586206896,0.54483,2.1947129624205046,5.442033965552662,10.884067931105324,2.0,0.4867,0.0,1787291991.458,0.45799994468688965,,,,2.7,1,0,2.0
3384,1787292016,2026-08-21T06:00:16+00:00,GALAUSDT,LONG,ema_cross,tp,tp,0.001656,0.0016010344827586205,0.0017659310344827585,0.0017659310344827585,1.999999999999996,3.31917374646011,6.638347492920207,1.999999999999996,0.001656,0.0,1787292016.731,0.7309999465942383,0.378,,,,,,
3385,1787292085,2026-08-21T06:01:25+00:00,JUSUNGUSDT,SHORT,ema_cross,sl,sl,121.08,125.44758620689655,112.34482758620689,125.44758620689655,-1.0,3.6071904582891867,7.214380916578385,2.000000000000003,121.08,0.0,1787292085.443,0.44300007820129395,0.234,,,,,,
3389,1787292943,2026-08-21T06:15:43+00:00,SPKUSDT,LONG,overheated_confirmed,sl,sl,0.01836,0.017906785714285715,0.01903982142857143,0.01773,-1.3900709219858194,2.4684873949579846,3.7027310924369763,1.5,0.01836,0.0,1787292944.115,1.1150000095367432,,,,5.9,2,36,1.5
3390,1787292955,2026-08-21T06:15:55+00:00,PEPEUSDT,LONG,overheated_confirmed,tp,tp,3.418e-06,3.3069464285714287e-06,3.640107142857143e-06,3.641e-06,2.008039877793855,3.249080498202793,6.498160996405586,2.0,3.418e-06,0.0,1787292955.58,0.5799999237060547,,,,1.6,1,0,2.0
3391,1787292991,2026-08-21T06:16:31+00:00,GOATUSDT,LONG,overheated_early,sl,sl,0.015508,0.01507605357142857,0.016371892857142856,0.015055,-1.048741163338703,2.785313570875865,5.570627141751719,1.999999999999996,0.015508,0.0,1787292990.133,0.8670001029968262,,15.7,58.0,,,,
3394,1787293060,2026-08-21T06:17:40+00:00,FARTCOINUSDT,LONG,overheated_early,tp,tp,0.17229,0.16475946428571428,0.18735107142857144,0.18752,2.0224324772948212,4.370848983856126,8.741697967712252,2.0,0.17229,0.0,1787293059.023,0.9769999980926514,,15.7,63.4,,,,
3395,1787293065,2026-08-21T06:17:45+00:00,PEOPLEUSDT,LONG,overheated_early,tp,tp,0.010903,0.010351267857142857,0.012006464285714285,0.012201,2.3525908664271657,5.060370016116133,10.120740032232282,2.000000000000003,0.010903,0.0,1787293064.674,0.3259999752044678,,36.0,62.3,,,,
3396,1787293077,2026-08-21T06:17:57+00:00,FORMUSDT,LONG,overheated_confirmed,tp,tp,0.2574,0.24876428571428574,0.27467142857142857,0.2747,2.003308519437552,3.3549783549783503,6.709956709956701,2.0,0.2574,0.0,1787293077.644,0.6440000534057617,,,,2.1,1,0,2.0
3397,1787293127,2026-08-21T06:18:47+00:00,XPLUSDT,LONG,overheated_early,tp,tp,0.09447,0.09105964285714285,0.10129071428571428,0.1015,2.0613676824798417,3.6099895658485717,7.219979131697128,1.999999999999996,0.09447,0.0,1787293126.265,0.7349998950958252,,16.3,64.7,,,,
3402,1787294719,2026-08-21T06:45:19+00:00,BTWUSDT,LONG,overheated_confirmed,sl,sl,0.49424,0.38266223214285716,0.7173955357142857,0.38266223214285716,-1.0,22.57562476876474,45.15124953752948,2.0,0.49424,0.0,1787294720.305,1.3050000667572021,,,,1.6,1,0,2.0
3404,1787294921,2026-08-21T06:48:41+00:00,XPINUSDT,LONG,overheated_early,sl,sl,0.0013512,0.0012080303571428573,0.001637539285714286,0.0011811,-1.1881010289990654,10.595740294341532,21.19148058868308,2.0000000000000013,0.0013512,0.0,1787294920.67,0.3299999237060547,,25.3,64.2,,,,
3405,1787294929,2026-08-21T06:48:49+00:00,ONGUSDT,LONG,overheated_early,sl,sl,0.11461,0.10097017857142858,0.14188964285714287,0.09901,-1.1437099878245165,11.90107445124459,23.802148902489193,2.000000000000001,0.11461,0.0,1787294927.71,1.2899999618530273,,80.9,59.3,,,,
3413,1787296506,2026-08-21T07:15:06+00:00,PEOPLEUSDT,LONG,overheated_confirmed,tp,tp,0.010998,0.010446267857142859,0.012101464285714285,0.012201,2.180405864647055,5.016658873041844,10.033317746083688,2.0,0.010998,0.0,1787296506.975,0.9749999046325684,,,,1.9,1,93,2.0
3417,1787296762,2026-08-21T07:19:22+00:00,BOMEUSDT,LONG,overheated_confirmed,tp,tp,0.0012914,0.0011994982142857144,0.0014752035714285714,0.0014901,2.1620907412804833,7.116446160313276,14.232892320626553,2.0,0.0012914,0.0,1787296762.891,0.8910000324249268,,,,1.8,1,0,2.0
3418,1787296773,2026-08-21T07:19:33+00:00,AIOTUSDT,LONG,overheated_early,sl,sl,0.04389,0.041267142857142856,0.04913571428571428,0.041267142857142856,-1.0,5.975978908309734,11.951957816619467,2.0,0.04389,0.0,1787296771.838,1.1619999408721924,,15.5,69.1,,,,
3419,1787296805,2026-08-21T07:20:05+00:00,GWEIUSDT,LONG,overheated_early,sl,sl,0.025193,0.023476035714285713,0.028626928571428574,0.022904,-1.3331669266770658,6.815243463320315,13.63048692664063,2.0,0.025193,0.0,1787296804.542,0.45799994468688965,,15.3,67.4,,,,
3422,1787296970,2026-08-21T07:22:50+00:00,BRETTUSDT,LONG,overheated_early,tp,tp,0.004779,0.004590910714285715,0.005155178571428572,0.005155178571428572,2.0000000000000044,3.935745673033801,7.871491346067621,2.0000000000000044,0.004779,0.0,1787296969.609,0.39100003242492676,,16.0,67.9,,,,
3424,1787297064,2026-08-21T07:24:24+00:00,PROMUSDT,LONG,overheated_confirmed,tp,tp,2.339,2.1745357142857142,2.6679285714285714,2.6679285714285714,2.0,7.031393147254628,14.062786294509255,2.0,2.339,0.0,1787297065.692,1.691999912261963,,,,2.8,1,0,2.0
3426,1787297413,2026-08-21T07:30:13+00:00,SENTUSDT,LONG,ema_cross_confirmed,tp,tp,0.01292,0.012593620689655171,0.013572758620689655,0.01361,2.114104595879559,2.526155652823745,5.05231130564749,2.0,0.01292,0.0,1787297413.322,0.32200002670288086,,,,2.8,1,91,2.0
3427,1787297415,2026-08-21T07:30:15+00:00,GALAUSDT,LONG,ema_cross_confirmed,tp,tp,0.001725,0.001642551724137931,0.001889896551724138,0.001891,2.0133835215391054,4.779610194902552,9.559220389805104,2.0,0.001725,0.0,1787297415.941,0.9409999847412109,,,,2.1,1,89,2.0
3428,1787297423,2026-08-21T07:30:23+00:00,XPLUSDT,LONG,overheated_confirmed,tp,tp,0.09449,0.09107964285714286,0.1013107142857143,0.1015,2.0555031940517323,3.6092254660357135,7.218450932071427,2.0,0.09449,0.0,1787297423.431,0.4309999942779541,,,,1.6,1,12,2.0
3429,1787297424,2026-08-21T07:30:24+00:00,ENSUSDT,LONG,overheated_confirmed,tp,tp,4.803,4.661678571428571,5.085642857142857,5.085642857142857,2.0,2.942357455161953,5.884714910323906,2.0,4.803,0.0,1787297425.282,1.2820000648498535,,,,1.8,1,10,2.0
3430,1787297425,2026-08-21T07:30:25+00:00,SSVUSDT,LONG,overheated_confirmed,tp,tp,2.803,2.72875,2.9515000000000002,2.958,2.0875420875420865,2.648947556189802,5.297895112379604,2.0,2.803,0.0,1787297426.355,1.3550000190734863,,,,7.8,1,7,2.0
3434,1787298865,2026-08-21T07:54:25+00:00,FETUSDT,LONG,overheated_confirmed,tp,tp,0.1504,0.14526785714285714,0.16066428571428573,0.16066428571428573,2.0,3.412329027355627,6.824658054711254,2.0,0.1504,0.0,1787298866.092,1.0920000076293945,,,,2.0,1,0,2.0
3436,1787298890,2026-08-21T07:54:50+00:00,COREUSDT,LONG,overheated_early,tp,tp,0.02501,0.023727500000000002,0.027575000000000002,0.02772,2.113060428849905,5.127948820471807,10.255897640943628,2.0000000000000027,0.02501,0.0,1787298889.232,0.7679998874664307,,15.8,56.3,,,,
3442,1787299013,2026-08-21T07:56:53+00:00,YBUSDT,LONG,overheated_early,tp,tp,0.0894,0.08608392857142856,0.09603214285714284,0.0965,2.1410877759827684,3.7092521572387382,7.418504314477461,1.9999999999999958,0.0894,0.0,1787299012.126,0.874000072479248,,15.1,68.6,,,,
3443,1787299048,2026-08-21T07:57:28+00:00,GALAUSDT,LONG,overheated_confirmed,tp,tp,0.001752,0.0016681071428571428,0.0019197857142857146,0.001925,2.0621541081311165,4.788405088062628,9.576810176125257,2.0,0.001752,0.0,1787299049.324,1.3239998817443848,,,,1.9,1,0,2.0
3448,1787299220,2026-08-21T08:00:20+00:00,BRETTUSDT,LONG,overheated_confirmed,tp,tp,0.004926,0.0047379107142857145,0.0053021785714285705,0.00546,2.8390771859869024,3.818296502523048,7.636593005046096,2.0,0.004926,0.0,1787299220.564,0.5639998912811279,,,,2.1,1,4,2.0
3449,1787299227,2026-08-21T08:00:27+00:00,ORDIUSDT,LONG,overheated_confirmed,sl,sl,4.495,4.321428571428571,4.842142857142858,4.313,-1.048559670781893,3.8614333386302317,7.7228666772604635,2.0,4.495,0.0,1787299227.598,0.5980000495910645,,,,2.3,1,6,2.0
3450,1787299228,2026-08-21T08:00:28+00:00,USELESSUSDT,LONG,overheated_confirmed,tp,tp,0.05527,0.05233,0.061149999999999996,0.06469,3.2040816326530623,5.319341414872441,10.638682829744882,2.0,0.05527,0.0,1787299229.475,1.4749999046325684,,,,2.6,1,5,2.0
3463,1787299975,2026-08-21T08:12:55+00:00,MINIMAXUSDT,LONG,ema_cross,sl,sl,44.23,42.710344827586205,47.26931034482758,42.09,-1.4082142046743784,3.435801882011739,6.871603764023478,2.0,44.23,0.0,1787299975.731,0.7309999465942383,0.442,,,,,,
3464,1787300042,2026-08-21T08:14:02+00:00,GUAUSDT,SHORT,ema_cross,sl,sl,0.04239,0.0437203448275862,0.03972931034482758,0.0437203448275862,-1.0,3.138345901359295,6.276691802718607,2.0000000000000053,0.04239,0.0,1787300042.89,0.8900001049041748,0.208,,,,,,
3466,1787300128,2026-08-21T08:15:28+00:00,币安人生USDT,LONG,overheated_confirmed,tp,tp,0.5265,0.5012758928571428,0.5769482142857143,0.57737,2.01672153198117,4.790903540903545,9.58180708180709,2.0,0.5265,0.0,1787300129.134,1.1340000629425049,,,,1.8,1,19,2.0
3467,1787300166,2026-08-21T08:16:06+00:00,STABLEUSDT,LONG,ema_cross,sl,sl,0.03215,0.030827241379310342,0.03479551724137931,0.03081,-1.0130344108446272,4.114334745535478,8.228669491070956,2.0,0.03215,0.0,1787300166.937,0.937000036239624,0.673,,,,,,
3468,1787300209,2026-08-21T08:16:49+00:00,COWUSDT,LONG,ema_cross,tp,tp,0.1144,0.11034137931034482,0.12251724137931035,0.1228,2.069668649107899,3.5477453580901916,7.095490716180371,1.9999999999999967,0.1144,0.0,1787300209.515,0.5150001049041748,0.316,,,,,,
3470,1787300251,2026-08-21T08:17:31+00:00,COWUSDT,LONG,ema_cross_confirmed,tp,tp,0.1147,0.10861206896551724,0.1268758620689655,0.1268758620689655,2.0,5.307699245407807,10.615398490815615,2.0,0.1147,0.0,1787300251.607,0.6070001125335693,,,,2.2,1,0,2.0
3473,1787300972,2026-08-21T08:29:32+00:00,ASTEROIDUSDT,LONG,overheated_confirmed,sl,sl,7.51e-05,6.886964285714285e-05,8.756071428571428e-05,6.85e-05,-1.0593293207222694,8.296081415255852,16.592162830511704,2.0,7.51e-05,0.0,1787300972.713,0.7130000591278076,,,,5.8,1,0,2.0
3476,1787301093,2026-08-21T08:31:33+00:00,BERAUSDT,LONG,overheated_confirmed,sl,sl,0.192,0.18623035714285716,0.2035392857142857,0.1857,-1.0919220055710324,3.0050223214285667,6.0100446428571335,2.0,0.192,0.0,1787301093.895,0.8949999809265137,,,,3.5,1,0,2.0
3478,1787301154,2026-08-21T08:32:34+00:00,XRPUSDT,LONG,overheated_confirmed,tp,tp,1.3529,1.3112107142857143,1.4362785714285713,1.4546,2.439475713184273,3.0814757716228587,6.162951543245717,2.0,1.3529,0.0,1787301154.824,0.8239998817443848,,,,1.6,1,0,2.0
3481,1787301906,2026-08-21T08:45:06+00:00,PEOPLEUSDT,LONG,overheated_confirmed,sl,sl,0.012361,0.011752214285714286,0.01357857142857143,0.011752214285714286,-1.0,4.92505229581518,9.85010459163036,2.0,0.012361,0.0,1787301906.976,0.9760000705718994,,,,2.1,1,15,2.0
3482,1787301910,2026-08-21T08:45:10+00:00,PTBUSDT,LONG,ema_cross_confirmed,tp,tp,0.0008975,0.0008530275862068965,0.000986444827586207,0.000986444827586207,2.000000000000002,4.955143598117377,9.910287196234764,2.000000000000002,0.0008975,0.0,1787301911.345,1.3450000286102295,,,,3.4,1,167,2.0
3484,1787302804,2026-08-21T09:00:04+00:00,ENAUSDT,LONG,overheated_confirmed,sl,sl,0.14177,0.13679428571428573,0.1492335714285714,0.13674,-1.0109101349411456,3.509708884611891,5.264563326917826,1.4999999999999971,0.14177,0.0,1787302804.851,0.8510000705718994,,,,2.1,2,133,1.5
3485,1787302805,2026-08-21T09:00:05+00:00,TURBOUSDT,LONG,overheated_confirmed,sl,sl,0.0010584,0.001031180357142857,0.0010992294642857142,0.0010264,-1.1756215967985237,2.571772756721744,3.8576591350826055,1.499999999999996,0.0010584,0.0,1787302806.026,1.0260000228881836,,,,2.6,2,131,1.5
3486,1787302808,2026-08-21T09:00:08+00:00,STXUSDT,LONG,overheated_confirmed,sl,sl,0.1636,0.15926607142857144,0.1722678571428571,0.1587,-1.1306139266584267,2.6491005937827374,5.298201187565475,2.0,0.1636,0.0,1787302809.139,1.1389999389648438,,,,2.0,1,135,2.0
3487,1787302812,2026-08-21T09:00:12+00:00,JELLYJELLYUSDT,LONG,ema_cross_confirmed,sl,sl,0.06021,0.058765862068965516,0.06309827586206897,0.058765862068965516,-1.0,2.398501795440099,4.797003590880198,2.0,0.06021,0.0,1787302812.406,0.40599989891052246,,,,3.0,1,182,2.0
3488,1787302815,2026-08-21T09:00:15+00:00,币安人生USDT,LONG,ema_cross_confirmed,sl,sl,0.5652,0.5387136206896552,0.5916863793103448,0.5387136206896552,-1.0,4.686195914781459,4.686195914781459,1.0,0.5652,0.0,1787302815.034,0.03399991989135742,,,,3.9,3,181,1.0
3489,1787302816,2026-08-21T09:00:16+00:00,GALAUSDT,LONG,ema_cross_confirmed,sl,sl,0.001913,0.001830551724137931,0.001995448275862069,0.001830551724137931,-1.0,4.309894190385208,4.309894190385196,0.9999999999999973,0.001913,0.0,1787302816.364,0.3640000820159912,,,,1.7,3,179,1.0
3490,1787302818,2026-08-21T09:00:18+00:00,EIGENUSDT,LONG,overheated_confirmed,sl,sl,0.2135,0.2063375,0.22782499999999997,0.2063375,-1.0,3.3548009367681444,6.709601873536289,2.0,0.2135,0.0,1787302819.381,1.38100004196167,,,,2.0,1,163,2.0
3491,1787302824,2026-08-21T09:00:24+00:00,ENSUSDT,LONG,overheated_confirmed,sl,sl,5.118,4.976678571428572,5.329982142857143,4.976678571428572,-1.0,2.7612627700552674,4.141894155082902,1.5,5.118,0.0,1787302824.988,0.9879999160766602,,,,2.2,2,100,1.5
3492,1787302828,2026-08-21T09:00:28+00:00,FETUSDT,LONG,overheated_confirmed,sl,sl,0.1619,0.15676785714285713,0.16959821428571428,0.15676785714285713,-1.0,3.1699461748875004,4.754919262331251,1.5,0.1619,0.0,1787302828.649,0.6489999294281006,,,,3.9,2,66,1.5
3498,1787303315,2026-08-21T09:08:35+00:00,BBUSDT,LONG,overheated_confirmed,tp,tp,0.01077,0.009963214285714285,0.01238357142857143,0.01242,2.0451527224435586,7.49104655789893,14.98209311579786,2.0,0.01077,0.0,1787303315.806,0.8059999942779541,,,,2.8,1,0,2.0
3501,1787303711,2026-08-21T09:15:11+00:00,GWEIUSDT,LONG,ema_cross_confirmed,sl,sl,0.024328,0.022618206896551724,0.02774758620689655,0.022618206896551724,-1.0,7.028087403190872,14.056174806381744,2.0,0.024328,0.0,1787303711.577,0.5769999027252197,,,,1.6,1,197,2.0
3502,1787303714,2026-08-21T09:15:14+00:00,HEMIUSDT,LONG,overheated_confirmed,tp,tp,0.011241,0.009957160714285714,0.01380867857142857,0.01406,2.195757702204604,11.421041595180908,22.842083190361816,2.0,0.011241,0.0,1787303715.361,1.3610000610351562,,,,1.8,1,149,2.0
3520,1787304635,2026-08-21T09:30:35+00:00,BBUSDT,LONG,overheated_confirmed,sl,sl,0.01374,0.012933214285714286,0.014546785714285715,0.01267,-1.3262505533421858,5.871802869619467,5.871802869619467,1.0,0.01374,0.0,1787304636.189,1.188999891281128,,,,6.5,3,22,1.0
3523,1787305130,2026-08-21T09:38:50+00:00,ASTEROIDUSDT,LONG,overheated_early,sl,sl,7.44e-05,6.816964285714286e-05,8.68607142857143e-05,6.816964285714286e-05,-1.0,8.37413594470046,16.74827188940092,2.0,7.44e-05,0.0,1787305128.739,1.2609999179840088,,15.2,60.1,,,,
3525,1787305258,2026-08-21T09:40:58+00:00,SPKUSDT,LONG,overheated_early,sl,sl,0.01761,0.016961785714285714,0.018906428571428574,0.0169,-1.0953168044077155,3.680944268678516,7.361888537357032,2.0,0.01761,0.0,1787305257.102,0.8980000019073486,,19.3,69.5,,,,
3533,1787305535,2026-08-21T09:45:35+00:00,PIEVERSEUSDT,LONG,overheated_confirmed,sl,sl,1.1008,1.0347089285714286,1.2329821428571428,1.0347089285714286,-1.0,6.003912738787373,12.007825477574746,2.0,1.1008,0.0,1787305535.993,0.9930000305175781,,,,2.1,1,5,2.0
3534,1787305536,2026-08-21T09:45:36+00:00,IMXUSDT,LONG,overheated_confirmed,sl,sl,0.1247,0.1202107142857143,0.13367857142857142,0.1177,-1.5592680986475767,3.600068736395918,7.200137472791836,2.0,0.1247,0.0,1787305537.081,1.0810000896453857,,,,4.8,1,2,2.0
3551,1787308214,2026-08-21T10:30:14+00:00,XPLUSDT,LONG,overheated_confirmed,sl,sl,0.1056,0.10218964285714285,0.10901035714285714,0.10218964285714285,-1.0,3.2295048701298725,3.2295048701298725,1.0,0.1056,0.0,1787308215.415,1.4149999618530273,,,,1.8,3,192,1.0
3565,1787309305,2026-08-21T10:48:25+00:00,VELVETUSDT,LONG,overheated_confirmed,sl,sl,0.77171,0.6621130357142857,0.9909039285714286,0.66131,-1.0073271711449259,14.201832849867735,28.40366569973547,2.0,0.77171,0.0,1787309305.905,0.9049999713897705,,,,2.3,1,0,2.0
3571,1787309366,2026-08-21T10:49:26+00:00,RIVERUSDT,LONG,overheated_confirmed,sl,sl,3.139,3.0104285714285712,3.396142857142857,2.961,-1.3844444444444441,4.09593592135803,8.19187184271606,2.0,3.139,0.0,1787309366.883,0.8829998970031738,,,,2.7,1,0,2.0
3575,1787310020,2026-08-21T11:00:20+00:00,PUMPUSDT,LONG,overheated_confirmed,sl,sl,0.004098,0.0038494821428571428,0.004470776785714286,0.0038494821428571428,-1.0,6.064369378791052,9.096554068186583,1.5000000000000009,0.004098,0.0,1787310021.19,1.190000057220459,,,,3.6,2,115,1.5
3580,1787310918,2026-08-21T11:15:18+00:00,PENGUUSDT,LONG,overheated_confirmed,tp,tp,0.007863,0.00759225,0.0084045,0.008904,3.8448753462603866,3.443342235787869,6.886684471575738,2.0,0.007863,0.0,1787310919.52,1.5199999809265137,,,,1.6,1,162,2.0
3588,1787311575,2026-08-21T11:26:15+00:00,MVLLUSDT,LONG,overheated_early,sl,sl,35.22,32.355,40.95,32.355,-1.0,8.134582623509376,16.26916524701875,2.0,35.22,0.0,1787311573.74,1.2599999904632568,,17.0,64.1,,,,
3592,1787311650,2026-08-21T11:27:30+00:00,USUALUSDT,LONG,overheated_confirmed,sl,sl,0.01181,0.011515892857142856,0.012398214285714285,0.011515892857142856,-1.0,2.4903229708479495,4.980645941695899,2.0,0.01181,0.0,1787311650.942,0.9419999122619629,,,,1.8,1,0,2.0
3594,1787311772,2026-08-21T11:29:32+00:00,XPLUSDT,LONG,overheated_confirmed,sl,sl,0.10553,0.10198517857142857,0.11261964285714286,0.10188,-1.029671049317414,3.3590651270457994,6.718130254091599,2.0,0.10553,0.0,1787311772.96,0.9600000381469727,,,,1.6,1,0,2.0
3595,1787311804,2026-08-21T11:30:04+00:00,WIFUSDT,LONG,overheated_confirmed,sl,sl,0.1891,0.18405357142857143,0.19919285714285712,0.1838,-1.0502476999292303,2.668656039888188,5.337312079776376,2.0,0.1891,0.0,1787311804.926,0.9260001182556152,,,,1.5,1,217,2.0
3596,1787311823,2026-08-21T11:30:23+00:00,STXUSDT,LONG,overheated_confirmed,tp,tp,0.1663,0.1616607142857143,0.17557857142857142,0.1762,2.133949191685914,2.789708787904815,5.57941757580963,2.0,0.1663,0.0,1787311823.589,0.5889999866485596,,,,1.9,1,41,2.0
3597,1787311828,2026-08-21T11:30:28+00:00,JASMYUSDT,LONG,overheated_confirmed,tp,tp,0.004359,0.004212857142857143,0.004651285714285714,0.004658,2.0459433040078228,3.3526693540458097,6.705338708091619,2.0,0.004359,0.0,1787311829.233,1.2330000400543213,,,,2.9,1,6,2.0
3598,1787312731,2026-08-21T11:45:31+00:00,YGGUSDT,LONG,overheated_confirmed,sl,sl,0.02431,0.02364410714285714,0.025641785714285714,0.02364410714285714,-1.0,2.739172592113772,5.478345184227544,2.0,0.02431,0.0,1787312731.611,0.6110000610351562,,,,2.1,1,18,2.0
3599,1787312732,2026-08-21T11:45:32+00:00,SSVUSDT,LONG,overheated_confirmed,sl,sl,2.899,2.797214285714286,3.1025714285714283,2.797214285714286,-1.0,3.511062928103282,7.022125856206564,2.0,2.899,0.0,1787312732.693,0.693000078201294,,,,2.6,1,17,2.0
3613,1787313621,2026-08-21T12:00:21+00:00,BCHUSDT,LONG,overheated_confirmed,tp,tp,263.34,256.5433928571428,276.9332142857143,292.51,4.291847297758847,2.580924714383371,5.161849428766742,2.0,263.34,0.0,1787313621.438,0.437999963760376,,,,1.8,1,71,2.0
3614,1787313624,2026-08-21T12:00:24+00:00,HEMIUSDT,LONG,overheated_confirmed,sl,sl,0.014375,0.013085642857142858,0.016953714285714287,0.012876,-1.1625948700903004,8.969440993788817,17.938881987577645,2.0000000000000013,0.014375,0.0,1787313624.461,0.4609999656677246,,,,6.6,1,66,2.0
3615,1787313625,2026-08-21T12:00:25+00:00,PLUMEUSDT,LONG,overheated_confirmed,sl,sl,0.015035,0.014366107142857142,0.016372785714285715,0.014355,-1.0166052645629768,4.44890493610148,8.89780987220296,2.0,0.015035,0.0,1787313625.571,0.5710000991821289,,,,1.8,1,66,2.0
3616,1787313626,2026-08-21T12:00:26+00:00,CRVUSDT,LONG,overheated_confirmed,tp,tp,0.3239,0.31058214285714286,0.35053571428571434,0.35053571428571434,2.0,4.111718784457289,8.223437568914578,2.0,0.3239,0.0,1787313626.944,0.9440000057220459,,,,2.2,1,66,2.0
3618,1787313697,2026-08-21T12:01:37+00:00,EDGEXUSDT,LONG,overheated_early,sl,sl,0.3778,0.35631250000000003,0.420775,0.3556,-1.0331588132635254,5.687533086289039,11.375066172578078,2.0,0.3778,0.0,1787313696.617,0.38299989700317383,,16.2,68.5,,,,
3627,1787314510,2026-08-21T12:15:10+00:00,PIEVERSEUSDT,LONG,overheated_confirmed,sl,sl,1.1811,1.1150089285714286,1.2802366071428573,1.1007,-1.2165032017508317,5.5957219057295235,8.393582858594293,1.5000000000000018,1.1811,0.0,1787314511.386,1.3859999179840088,,,,2.1,2,155,1.5
3629,1787314512,2026-08-21T12:15:12+00:00,ROBOUSDT,LONG,overheated_confirmed,tp,tp,0.01609,0.015083392857142858,0.018103214285714285,0.01816,2.0564129856306543,6.256104057533514,12.512208115067027,2.0,0.01609,0.0,1787314513.188,1.187999963760376,,,,2.1,1,122,2.0
3633,1787314724,2026-08-21T12:18:44+00:00,ROBOUSDT,LONG,ema_cross,tp,tp,0.01533,0.014604827586206896,0.016780344827586207,0.01736,2.7993342843556825,4.730413658141576,9.460827316283153,2.0,0.01533,0.0,1787314724.234,0.23399996757507324,0.61,,,,,,
3634,1787314724,2026-08-21T12:18:44+00:00,SLXUSDT,LONG,ema_cross,sl,sl,0.07162,0.06969103448275862,0.07547793103448276,0.06969,-1.0005362888809444,2.6933335901164193,5.3866671802328385,2.0,0.07162,0.0,1787314725.011,1.0109999179840088,0.597,,,,,,
3635,1787314747,2026-08-21T12:19:07+00:00,OPENUSDT,LONG,ema_cross,tp,tp,0.1733,0.16929310344827586,0.18131379310344828,0.1816,2.0714285714285663,2.3121157251726188,4.624231450345221,1.9999999999999931,0.1733,0.0,1787314747.312,0.312000036239624,0.574,,,,,,
3636,1787314768,2026-08-21T12:19:28+00:00,ROBOUSDT,LONG,ema_cross_confirmed,sl,sl,0.01609,0.015002241379310345,0.01826551724137931,0.01471,-1.2686638135996187,6.760463770600716,13.520927541201432,2.0,0.01609,0.0,1787314768.513,0.5130000114440918,,,,2.1,1,0,2.0
3637,1787314769,2026-08-21T12:19:29+00:00,SLXUSDT,LONG,ema_cross_confirmed,sl,sl,0.07292,0.07002655172413792,0.07870689655172415,0.07001,-1.005720414730064,3.967976242268344,7.935952484536688,2.0,0.07292,0.0,1787314769.208,0.20799994468688965,,,,2.5,1,0,2.0
3638,1787314884,2026-08-21T12:21:24+00:00,XNYUSDT,LONG,ema_cross,sl,sl,0.007671,0.007402379310344828,0.008208241379310345,0.007248,-1.5747111681643138,3.5017688652740477,7.003537730548107,2.000000000000003,0.007671,0.0,1787314884.618,0.6180000305175781,0.211,,,,,,
3641,1787318388,2026-08-21T13:19:48+00:00,TUTUSDT,LONG,overheated_confirmed,tp,tp,0.041357,0.03384285714285714,0.056385285714285714,0.056385285714285714,2.0,18.168974676941893,36.337949353883786,2.0,0.041357,0.0,1787318388.991,0.9909999370574951,,,,1.9,1,77,2.0
3642,1787318392,2026-08-21T13:19:52+00:00,UAIUSDT,LONG,ema_cross_confirmed,sl,sl,0.2734,0.26112379310344824,0.29795241379310344,0.24179,-2.5748995814724265,4.490200035315192,8.980400070630385,2.0,0.2734,0.0,1787318392.988,0.9879999160766602,,,,1.7,1,59,2.0
3646,1787318813,2026-08-21T13:26:53+00:00,BBUSDT,LONG,overheated_early,sl,sl,0.01117,0.010143035714285714,0.01322392857142857,0.010143035714285714,-1.0,9.193950633073282,18.387901266146564,2.0,0.01117,0.0,1787318812.2,0.7999999523162842,,18.7,63.7,,,,
3647,1787318827,2026-08-21T13:27:07+00:00,BLESSUSDT,LONG,overheated_early,tp,tp,0.008313,0.007649089285714285,0.009640821428571427,0.009641,2.0002689690416653,7.986415425065731,15.972830850131462,2.0,0.008313,0.0,1787318826.303,0.6970000267028809,,18.5,66.1,,,,
3653,1787318936,2026-08-21T13:28:56+00:00,MEUSDT,LONG,overheated_confirmed,sl,sl,0.0724,0.07038035714285715,0.07643928571428572,0.0687,-1.8320070733863867,2.789561957379639,5.579123914759278,2.0,0.0724,0.0,1787318936.843,0.8429999351501465,,,,1.7,1,0,2.0
3656,1787318962,2026-08-21T13:29:22+00:00,PEOPLEUSDT,LONG,overheated_early,sl,sl,0.011434,0.010706982142857143,0.012888035714285713,0.010401,-1.420872939847223,6.358386016642091,12.716772033284181,2.0,0.011434,0.0,1787318961.349,0.6510000228881836,,36.1,58.7,,,,
3663,1787319118,2026-08-21T13:31:58+00:00,SCRTUSDT,LONG,overheated_confirmed,sl,sl,0.02903,0.026894642857142857,0.03330071428571429,0.02655,-1.1613982271282817,7.355691156931256,14.711382313862511,2.0,0.02903,0.0,1787319118.492,0.49200010299682617,,,,3.4,1,0,2.0
3664,1787319121,2026-08-21T13:32:01+00:00,PIEVERSEUSDT,LONG,overheated_early,sl,sl,1.1631,1.0881642857142857,1.3129714285714287,1.0876,-1.0075302640358412,6.4427576550351935,12.885515310070387,2.0,1.1631,0.0,1787319120.47,0.5299999713897705,,22.5,69.6,,,,
3665,1787319167,2026-08-21T13:32:47+00:00,FETUSDT,LONG,overheated_early,tp,tp,0.1581,0.152175,0.16995,0.17,2.008438818565409,3.7476280834914526,7.495256166982922,2.000000000000005,0.1581,0.0,1787319166.48,0.5199999809265137,,18.0,68.8,,,,
3673,1787319940,2026-08-21T13:45:40+00:00,ENSUSDT,LONG,overheated_confirmed,tp,tp,5.082,4.910035714285714,5.425928571428572,6.172,6.338525441329168,3.3837915331421886,6.767583066284377,2.0,5.082,0.0,1787319940.991,0.9909999370574951,,,,2.1,1,19,2.0
3674,1787319956,2026-08-21T13:45:56+00:00,ZORAUSDT,LONG,overheated_confirmed,sl,sl,0.00717,0.006954107142857143,0.007601785714285715,0.00673,-2.038047973531845,3.0110579796772274,6.022115959354455,2.0,0.00717,0.0,1787319957.398,1.3980000019073486,,,,1.6,1,16,2.0
3676,1787320845,2026-08-21T14:00:45+00:00,GALAUSDT,LONG,overheated_confirmed,sl,sl,0.002018,0.0019165892857142856,0.0022208214285714283,0.0019165892857142856,-1.0,5.0253079428005085,10.050615885601017,2.0,0.002018,0.0,1787320845.8,0.7999999523162842,,,,1.7,1,30,2.0
3678,1787321123,2026-08-21T14:05:23+00:00,CRVUSDT,LONG,overheated_early,tp,tp,0.3178,0.3041232142857143,0.34515357142857145,0.3452,2.003394699046872,4.303582666546793,8.607165333093587,2.0,0.3178,0.0,1787321122.206,0.7939999103546143,,18.5,68.7,,,,
3681,1787321162,2026-08-21T14:06:02+00:00,TURBOUSDT,LONG,overheated_early,sl,sl,0.0010362,0.0009992196428571427,0.0011101607142857141,0.000984,-1.4115601912212017,3.5688435768053672,7.137687153610714,1.9999999999999942,0.0010362,0.0,1787321161.595,0.4049999713897705,,16.5,68.9,,,,
3683,1787321252,2026-08-21T14:07:32+00:00,AAVEUSDT,LONG,overheated_confirmed,tp,tp,110.88,107.46642857142857,117.70714285714286,123.19,3.606193764385854,3.078617810760669,6.157235621521338,2.0,110.88,0.0,1787321252.624,0.624000072479248,,,,1.6,1,0,2.0
3686,1787321402,2026-08-21T14:10:02+00:00,BLESSUSDT,LONG,overheated_confirmed,tp,tp,0.008432,0.007768089285714286,0.009759821428571428,0.009759821428571428,2.0,7.8737039170506895,15.747407834101379,2.0,0.008432,0.0,1787321402.467,0.46700000762939453,,,,2.2,1,0,2.0
3690,1787321522,2026-08-21T14:12:02+00:00,MINAUSDT,LONG,overheated_confirmed,tp,tp,0.05097,0.04961839285714286,0.05367321428571428,0.05374,2.0494120755714142,2.6517699487093203,5.3035398974186405,2.0,0.05097,0.0,1787321523.213,1.2130000591278076,,,,4.2,1,0,2.0
3698,1787340596,2026-08-21T19:29:56+00:00,PENGUUSDT,LONG,overheated_early,tp,tp,0.008243,0.007905553571428572,0.008917892857142857,0.008917892857142857,2.0,4.093733210862894,8.187466421725787,2.0,0.008243,0.0,1787340594.983,1.0169999599456787,,15.4,66.0,,,,
3699,1787340634,2026-08-21T19:30:34+00:00,ENAUSDT,LONG,overheated_early,tp,tp,0.13776,0.13070035714285713,0.15187928571428572,0.15187928571428572,2.0,5.124595569935295,10.24919113987059,2.0,0.13776,0.0,1787340632.736,1.2639999389648438,,26.8,58.0,,,,
3702,1787340694,2026-08-21T19:31:34+00:00,BPUSDT,LONG,overheated_early,sl,sl,0.5085,0.4785,0.5684999999999999,0.467,-1.3833333333333322,5.899705014749258,11.799410029498516,2.0,0.5085,0.0,1787340693.445,0.5550000667572021,,15.6,66.8,,,,
3704,1787340725,2026-08-21T19:32:05+00:00,TRBUSDT,LONG,overheated_early,tp,tp,16.85,16.37,17.810000000000002,18.06,2.5208333333333255,2.848664688427302,5.697329376854604,2.0,16.85,0.0,1787340723.899,1.1010000705718994,,16.3,69.7,,,,
3705,1787340740,2026-08-21T19:32:20+00:00,GPSUSDT,LONG,overheated_early,sl,sl,0.014113,0.011652517857142858,0.019033964285714286,0.011007,-1.2623542133873302,17.434153920903725,34.86830784180745,2.0,0.014113,0.0,1787340738.835,1.1649999618530273,,22.4,69.9,,,,
3709,1787340814,2026-08-21T19:33:34+00:00,B3USDT,LONG,overheated_early,sl,sl,0.0005221,0.0005036660714285713,0.0005589678571428571,0.0005034,-1.0144337886273327,3.530727556297379,7.061455112594738,1.9999999999999942,0.0005221,0.0,1787340813.363,0.6370000839233398,,22.0,68.0,,,,
3711,1787340831,2026-08-21T19:33:51+00:00,RSRUSDT,LONG,overheated_early,sl,sl,0.001498,0.0014445357142857144,0.0016049285714285714,0.001428,-1.309285237140951,3.569044440205981,7.138088880411976,2.000000000000004,0.001498,0.0,1787340830.001,0.999000072479248,,16.1,67.4,,,,
3712,1787340835,2026-08-21T19:33:55+00:00,SSVUSDT,LONG,overheated_early,sl,sl,2.853,2.7279107142857146,3.103178571428572,2.717,-1.0872234118486817,4.3844824996244505,8.768964999248915,2.0000000000000036,2.853,0.0,1787340833.822,1.1779999732971191,,20.7,69.2,,,,
3714,1787340881,2026-08-21T19:34:41+00:00,STABLEUSDT,LONG,overheated_early,sl,sl,0.0322,0.030352857142857143,0.03589428571428571,0.03029,-1.0340293890177878,5.736468500443653,11.472937000887306,2.0,0.0322,0.0,1787340880.599,0.4010000228881836,,16.7,59.9,,,,
3715,1787340887,2026-08-21T19:34:47+00:00,XPLUSDT,LONG,overheated_early,sl,sl,0.09944,0.09506589285714286,0.10818821428571428,0.09459,-1.1087977138191478,4.398740087346284,8.797480174692554,1.999999999999997,0.09944,0.0,1787340885.795,1.2049999237060547,,15.6,60.7,,,,
3718,1787340962,2026-08-21T19:36:02+00:00,NILUSDT,LONG,overheated_early,sl,sl,0.04628,0.04234142857142857,0.05415714285714286,0.0423,-1.0105186797243388,8.5103099148043,17.0206198296086,2.0,0.04628,0.0,1787340961.627,0.372999906539917,,15.7,59.7,,,,
3719,1787340974,2026-08-21T19:36:14+00:00,BERAUSDT,LONG,overheated_early,sl,sl,0.1928,0.18506964285714286,0.20826071428571427,0.185,-1.00900900900901,4.009521339656191,8.019042679312381,2.0,0.1928,0.0,1787340973.153,0.8469998836517334,,17.4,65.4,,,,
3724,1787341522,2026-08-21T19:45:22+00:00,MAGMAUSDT,LONG,overheated_confirmed,tp,tp,0.2978,0.27512160714285716,0.3431567857142857,0.3431567857142857,2.0,7.6153098915859125,15.230619783171825,2.0,0.2978,0.0,1787341522.588,0.5880000591278076,,,,2.0,1,11,2.0
3726,1787341737,2026-08-21T19:48:57+00:00,B3USDT,LONG,overheated_early,sl,sl,0.0005063,0.00048786607142857144,0.0005431678571428571,0.0004811,-1.367044463818659,3.6409102451962396,7.281820490392479,2.0,0.0005063,0.0,1787341736.069,0.9309999942779541,,18.4,64.6,,,,
3728,1787342995,2026-08-21T20:09:55+00:00,COTIUSDT,LONG,overheated_confirmed,sl,sl,0.0123,0.011818928571428572,0.013262142857142856,0.01112,-2.4528582034150004,3.911149825783967,7.822299651567934,2.0,0.0123,0.0,1787342995.912,0.9119999408721924,,,,4.6,1,18,2.0
3729,1787343302,2026-08-21T20:15:02+00:00,ZECUSDT,LONG,overheated_confirmed,tp,tp,693.57,665.578392857143,749.5532142857143,749.5532142857143,2.0,4.035873400357152,8.071746800714305,2.0,693.57,0.0,1787343303.258,1.2579998970031738,,,,3.0,1,24,2.0
3730,1787343304,2026-08-21T20:15:04+00:00,PROMUSDT,LONG,overheated_confirmed,tp,tp,2.65,2.452267857142857,3.0454642857142855,3.096,2.25557662783347,7.461590296495955,14.92318059299191,2.0,2.65,0.0,1787343305.021,1.0209999084472656,,,,2.0,1,24,2.0
3737,1787358806,2026-08-22T00:33:26+00:00,MELANIAUSDT,LONG,overheated_early,tp,tp,0.09258,0.08909892857142857,0.09954214285714286,0.12174,8.376731301939055,3.7600685121748008,7.5201370243496015,2.0,0.09258,0.0,1787358805.533,0.46700000762939453,,15.7,68.0,,,,
3739,1787358822,2026-08-22T00:33:42+00:00,TRUMPUSDT,LONG,overheated_early,tp,tp,1.901,1.7946071428571428,2.113785714285714,2.942,9.784491440080561,5.596678439918842,11.19335687983767,1.999999999999998,1.901,0.0,1787358821.452,0.5480000972747803,,15.7,64.0,,,,
3741,1787358875,2026-08-22T00:34:35+00:00,ENSUSDT,LONG,overheated_confirmed,sl,sl,6.22,5.989,6.6819999999999995,5.925,-1.2770562770562774,3.7138263665594833,7.427652733118967,2.0,6.22,0.0,1787358875.43,0.43000006675720215,,,,3.3,1,0,2.0
3743,1787358897,2026-08-22T00:34:57+00:00,USUALUSDT,LONG,overheated_early,tp,tp,0.01213,0.011602321428571429,0.013185357142857143,0.013185357142857143,2.0,4.350194323401247,8.700388646802494,2.0,0.01213,0.0,1787358895.871,1.128999948501587,,21.1,62.8,,,,
3744,1787358921,2026-08-22T00:35:21+00:00,币安人生USDT,LONG,overheated_early,sl,sl,0.55655,0.5274585714285714,0.6147328571428572,0.52388,-1.1230111962286389,5.227100632724562,10.454201265449143,2.000000000000004,0.55655,0.0,1787358920.554,0.4460000991821289,,17.9,64.6,,,,
3746,1787358938,2026-08-22T00:35:38+00:00,SUSDT,LONG,overheated_confirmed,sl,sl,0.02926,0.028284464285714288,0.03121107142857143,0.028284464285714288,-1.0,3.334024997558829,6.668049995117658,2.0,0.02926,0.0,1787358938.908,0.9079999923706055,,,,6.4,1,0,2.0
3747,1787358940,2026-08-22T00:35:40+00:00,REDUSDT,LONG,overheated_confirmed,sl,sl,0.1261,0.11512857142857141,0.14804285714285714,0.1147,-1.039062499999999,8.700577772742726,17.40115554548545,2.0,0.1261,0.0,1787358941.258,1.2579998970031738,,,,2.0,1,0,2.0
3749,1787358988,2026-08-22T00:36:28+00:00,TUTUSDT,LONG,overheated_early,tp,tp,0.040705,0.03327142857142857,0.055572142857142855,0.056312,2.0995291630633233,18.262059768017266,36.52411953603453,2.0,0.040705,0.0,1787358987.151,0.8489999771118164,,21.4,59.6,,,,
3750,1787358998,2026-08-22T00:36:38+00:00,BRETTUSDT,LONG,overheated_early,sl,sl,0.005491,0.005225178571428572,0.006022642857142857,0.005215,-1.0382910116888358,4.84103858261571,9.682077165231403,1.9999999999999967,0.005491,0.0,1787358997.217,0.7829999923706055,,21.2,65.0,,,,
3752,1787359037,2026-08-22T00:37:17+00:00,XRPUSDT,LONG,overheated_early,tp,tp,1.4688,1.410332142857143,1.5857357142857142,1.5857357142857142,1.9999999999999962,3.9806547619047645,7.961309523809514,1.9999999999999962,1.4688,0.0,1787359035.791,1.2090001106262207,,15.8,68.4,,,,
3753,1787359062,2026-08-22T00:37:42+00:00,THETAUSDT,LONG,overheated_confirmed,sl,sl,0.1889,0.18273928571428572,0.2012214285714286,0.1822,-1.0875362318840578,3.2613627769795115,6.522725553959023,2.0,0.1889,0.0,1787359062.638,0.6380000114440918,,,,1.7,1,0,2.0
3756,1787359109,2026-08-22T00:38:29+00:00,GALAUSDT,LONG,overheated_early,sl,sl,0.002176,0.0020463035714285713,0.0024353928571428573,0.001973,-1.5651934462343378,5.960313813025215,11.92062762605043,2.0,0.002176,0.0,1787359108.052,0.9479999542236328,,33.1,69.9,,,,
3761,1787359152,2026-08-22T00:39:12+00:00,POLUSDT,LONG,overheated_early,tp,tp,0.09526,0.09120517857142857,0.10336964285714285,0.10887,3.356497996212621,4.2565834857982665,8.513166971596533,2.0,0.09526,0.0,1787359150.799,1.2009999752044678,,17.9,60.1,,,,
3763,1787359175,2026-08-22T00:39:35+00:00,SHIBUSDT,LONG,overheated_early,sl,sl,5.967e-06,5.753785714285714e-06,6.393428571428572e-06,5.642e-06,-1.524288107202676,3.573224161459459,7.146448322918918,2.0,5.967e-06,0.0,1787359173.884,1.1159999370574951,,20.6,70.0,,,,
3764,1787359183,2026-08-22T00:39:43+00:00,BONKUSDT,LONG,overheated_early,tp,tp,3.138e-06,3.0092142857142855e-06,3.3955714285714286e-06,3.3955714285714286e-06,2.0,4.104069926249662,8.208139852499324,2.0,3.138e-06,0.0,1787359182.192,0.8080000877380371,,18.6,64.9,,,,
3765,1787359185,2026-08-22T00:39:45+00:00,ETCUSDT,LONG,overheated_confirmed,sl,sl,8.589,8.347339285714286,9.07232142857143,8.265,-1.3407226778984682,2.8136071054338636,5.627214210867727,2.0,8.589,0.0,1787359185.907,0.9070000648498535,,,,2.4,1,0,2.0
3766,1787359186,2026-08-22T00:39:46+00:00,BEATUSDT,LONG,overheated_confirmed,sl,sl,0.1701,0.1248642857142857,0.26057142857142856,0.1248642857142857,-1.0,26.593600403124217,53.18720080624843,1.9999999999999993,0.1701,0.0,1787359186.935,0.934999942779541,,,,2.0,1,0,2.0
3767,1787359196,2026-08-22T00:39:56+00:00,FETUSDT,LONG,overheated_early,sl,sl,0.1701,0.16310357142857143,0.18409285714285714,0.16310357142857143,-1.0,4.113126732174351,8.226253464348702,2.0,0.1701,0.0,1787359194.925,1.0750000476837158,,17.6,63.3,,,,
3769,1787359218,2026-08-22T00:40:18+00:00,AAVEUSDT,LONG,overheated_early,sl,sl,123.47,119.06857142857143,132.27285714285713,118.69,-1.0860110353781252,3.564775711855971,7.129551423711942,2.0,123.47,0.0,1787359217.234,0.7660000324249268,,24.7,69.7,,,,
3771,1787359238,2026-08-22T00:40:38+00:00,USELESSUSDT,LONG,overheated_early,sl,sl,0.06462,0.060440357142857136,0.07297928571428572,0.06041,-1.007263094932922,6.468032895609503,12.936065791219006,2.0,0.06462,0.0,1787359237.163,0.8369998931884766,,30.6,65.4,,,,
3777,1787359323,2026-08-22T00:42:03+00:00,KMNOUSDT,LONG,overheated_early,sl,sl,0.02583,0.025016249999999997,0.0274575,0.02499,-1.032258064516127,3.1504065040650486,6.300813008130084,1.9999999999999958,0.02583,0.0,1787359322.066,0.9340000152587891,,23.4,68.9,,,,
3784,1787359373,2026-08-22T00:42:53+00:00,RVNUSDT,LONG,overheated_confirmed,sl,sl,0.003507,0.0033685714285714287,0.003783857142857143,0.003367,-1.0113519091847258,3.9472076255651967,7.894415251130393,2.0,0.003507,0.0,1787359374.309,1.309000015258789,,,,2.3,1,0,2.0
3785,1787359551,2026-08-22T00:45:51+00:00,IOTAUSDT,LONG,overheated_confirmed,sl,sl,0.04591,0.04443732142857143,0.04885535714285714,0.04441,-1.0185522008002934,3.2077511902168796,6.415502380433759,2.0,0.04591,0.0,1787359551.833,0.8329999446868896,,,,2.1,1,4,2.0
3788,1787360450,2026-08-22T01:00:50+00:00,TRBUSDT,LONG,overheated_confirmed,tp,tp,18.34,17.74267857142857,19.53464285714286,19.55,2.02571001494768,3.256932544009978,6.513865088019956,2.0,18.34,0.0,1787360451.211,1.2109999656677246,,,,1.8,1,19,2.0
3789,1787360453,2026-08-22T01:00:53+00:00,FARTCOINUSDT,LONG,overheated_confirmed,sl,sl,0.20422,0.19435053571428573,0.22395892857142857,0.18755,-1.6890481101521677,4.8327608881178525,9.665521776235705,2.0,0.20422,0.0,1787360453.832,0.8320000171661377,,,,4.3,1,19,2.0
3790,1787360483,2026-08-22T01:01:23+00:00,BICOUSDT,LONG,ema_cross,sl,sl,0.0203,0.019130689655172412,0.02263862068965517,0.01845,-1.5821291654379215,5.760149481909293,11.520298963818586,2.0,0.0203,0.0,1787360483.147,0.14700007438659668,0.635,,,,,,
3791,1787360515,2026-08-22T01:01:55+00:00,BICOUSDT,LONG,ema_cross_confirmed,sl,sl,0.02049,0.01873603448275862,0.023997931034482764,0.01845,-1.1630787378354455,8.560105013379118,17.120210026758237,2.0,0.02049,0.0,1787360515.557,0.556999921798706,,,,2.0,1,0,2.0
3793,1787361343,2026-08-22T01:15:43+00:00,DASHUSDT,LONG,overheated_confirmed,tp,tp,39.7,38.46678571428572,42.16642857142857,42.29,2.1002027222704918,3.1063332133861024,6.212666426772205,2.0,39.7,0.0,1787361344.698,1.6979999542236328,,,,1.7,1,37,2.0
3797,1787361532,2026-08-22T01:18:52+00:00,YGGUSDT,LONG,overheated_early,sl,sl,0.02468,0.02377464285714286,0.026490714285714284,0.02377464285714286,-1.0,3.668383885158597,7.336767770317194,2.0,0.02468,0.0,1787361531.062,0.937999963760376,,16.4,58.2,,,,
3798,1787361537,2026-08-22T01:18:57+00:00,REUSDT,LONG,overheated_confirmed,sl,sl,0.58854,0.5452885714285713,0.6750428571428572,0.5375,-1.1800766283524888,7.348936108238796,14.697872216477592,2.0,0.58854,0.0,1787361537.556,0.5559999942779541,,,,1.8,1,0,2.0
3802,1787361578,2026-08-22T01:19:38+00:00,APRUSDT,LONG,overheated_early,sl,sl,0.21434,0.19658214285714284,0.24985571428571432,0.19455,-1.1144362656369404,8.284901158373218,16.569802316746436,2.0,0.21434,0.0,1787361577.251,0.749000072479248,,17.5,63.3,,,,
3803,1787361585,2026-08-22T01:19:45+00:00,TURBOUSDT,LONG,overheated_early,sl,sl,0.0010752,0.0010297285714285713,0.0011661428571428571,0.0010176,-1.2667295004712498,4.229113520408168,8.458227040816336,2.0,0.0010752,0.0,1787361584.022,0.9779999256134033,,15.3,59.9,,,,
3813,1787361845,2026-08-22T01:24:05+00:00,VIRTUALUSDT,LONG,overheated_confirmed,sl,sl,0.7444,0.7122517857142856,0.8086964285714286,0.7047,-1.2349052935621803,4.318674675673609,8.637349351347218,2.0,0.7444,0.0,1787361845.709,0.7090001106262207,,,,2.1,1,0,2.0
3814,1787361874,2026-08-22T01:24:34+00:00,MOODENGUSDT,LONG,overheated_early,sl,sl,0.05016,0.04781517857142858,0.05484964285714286,0.04658,-1.5267687152539813,4.674683868762809,9.349367737525633,2.000000000000003,0.05016,0.0,1787361873.192,0.8080000877380371,,16.1,69.6,,,,
3819,1787362207,2026-08-22T01:30:07+00:00,SKYAIUSDT,LONG,overheated_confirmed,sl,sl,0.08677,0.07787071428571428,0.10456857142857144,0.0727,-1.5810257645075836,10.256178073396013,20.512356146792026,2.0,0.08677,0.0,1787362207.515,0.5150001049041748,,,,2.9,1,4,2.0
3821,1787362239,2026-08-22T01:30:39+00:00,SLPUSDT,LONG,overheated_confirmed,sl,sl,0.000685,0.0006645357142857142,0.0007259285714285715,0.000639,-2.24781849912739,2.987486965589163,5.974973931178326,2.0,0.000685,0.0,1787362240.08,1.0799999237060547,,,,1.9,1,54,2.0
3822,1787362247,2026-08-22T01:30:47+00:00,WIFUSDT,LONG,overheated_confirmed,sl,sl,0.2083,0.20036607142857144,0.22416785714285717,0.20036607142857144,-1.0,3.8088951375077182,7.6177902750154365,2.0,0.2083,0.0,1787362248.521,1.5209999084472656,,,,1.9,1,51,2.0
3823,1787362251,2026-08-22T01:30:51+00:00,ZECUSDT,LONG,overheated_confirmed,tp,tp,746.88,715.3564285714285,809.9271428571429,809.9271428571429,2.0,4.220700973191339,8.441401946382678,2.0,746.88,0.0,1787362251.494,0.4939999580383301,,,,2.0,1,50,2.0
3824,1787380394,2026-08-22T06:33:14+00:00,POPCATUSDT,LONG,overheated_early,sl,sl,0.05625,0.05421267857142857,0.06032464285714286,0.05377,-1.2172845998772905,3.6219047619047644,7.243809523809529,2.0,0.05625,0.0,1787380392.806,1.194000005722046,,18.4,69.3,,,,
3826,1787380434,2026-08-22T06:33:54+00:00,MELANIAUSDT,LONG,overheated_early,sl,sl,0.1202,0.11539785714285715,0.1298042857142857,0.11539785714285715,-1.0,3.9951271690040366,7.990254338008073,2.0,0.1202,0.0,1787380433.166,0.8340001106262207,,47.0,68.7,,,,
3829,1787380494,2026-08-22T06:34:54+00:00,AAVEUSDT,LONG,overheated_early,tp,tp,119.14,114.39571428571429,128.62857142857143,128.89,2.0551038843721763,3.982109882730996,7.964219765462005,2.000000000000003,119.14,0.0,1787380493.074,0.9260001182556152,,18.7,62.3,,,,
3831,1787380571,2026-08-22T06:36:11+00:00,ENSUSDT,LONG,overheated_early,sl,sl,5.871,5.600035714285715,6.412928571428572,5.599,-1.0038223276657463,4.615300386889547,9.23060077377911,2.000000000000003,5.871,0.0,1787380570.168,0.8320000171661377,,23.6,61.2,,,,
3833,1787380584,2026-08-22T06:36:24+00:00,MOVEUSDT,LONG,overheated_early,tp,tp,0.0086,0.008261964285714286,0.009276071428571429,0.009276071428571429,2.0,3.930647840531562,7.861295681063124,2.0,0.0086,0.0,1787380583.569,0.4309999942779541,,30.7,69.3,,,,
3835,1787380623,2026-08-22T06:37:03+00:00,DASHUSDT,LONG,overheated_early,sl,sl,40.79,39.066607142857144,44.236785714285716,38.96,-1.0618588747280078,4.225037649283783,8.450075298567583,2.000000000000004,40.79,0.0,1787380623.308,0.3080000877380371,,20.7,63.4,,,,
3836,1787380631,2026-08-22T06:37:11+00:00,SUSDT,LONG,overheated_early,sl,sl,0.02906,0.027959107142857143,0.031261785714285714,0.027959107142857143,-1.0,3.7883443122603437,7.5766886245207,2.000000000000003,0.02906,0.0,1787380630.458,0.5420000553131104,,15.0,56.5,,,,
3837,1787380648,2026-08-22T06:37:28+00:00,RVNUSDT,LONG,overheated_early,sl,sl,0.003688,0.003544803571428571,0.003974392857142857,0.003443,-1.7109365257513387,3.8827665013944883,7.765533002788966,1.999999999999997,0.003688,0.0,1787380646.983,1.0169999599456787,,18.4,69.6,,,,
3838,1787380657,2026-08-22T06:37:37+00:00,SUSHIUSDT,LONG,overheated_early,sl,sl,0.2151,0.20878928571428573,0.22772142857142857,0.2086,-1.0299943406904375,2.9338513648137052,5.8677027296274105,2.0,0.2151,0.0,1787380656.334,0.6659998893737793,,16.6,69.7,,,,
3839,1787380673,2026-08-22T06:37:53+00:00,PEPEUSDT,LONG,overheated_early,sl,sl,3.996e-06,3.7903928571428576e-06,4.407214285714286e-06,3.789e-06,-1.0067743616466929,5.145323895323893,10.290647790647785,2.0,3.996e-06,0.0,1787380672.272,0.7279999256134033,,16.3,55.9,,,,
3840,1787380683,2026-08-22T06:38:03+00:00,IOTAUSDT,LONG,overheated_early,sl,sl,0.04601,0.04434285714285714,0.049344285714285716,0.04434285714285714,-1.0,3.6234358990281677,7.24687179805632,1.9999999999999958,0.04601,0.0,1787380682.298,0.7019999027252197,,18.3,67.4,,,,
3841,1787380704,2026-08-22T06:38:24+00:00,ETCUSDT,LONG,overheated_early,sl,sl,8.217,7.935642857142858,8.779714285714286,7.916,-1.0698146737750704,3.424085954206436,6.848171908412872,2.0,8.217,0.0,1787380703.236,0.7639999389648438,,15.9,65.2,,,,
3842,1787380711,2026-08-22T06:38:31+00:00,KSMUSDT,LONG,overheated_early,sl,sl,3.873,3.7583035714285717,4.102392857142857,3.7583035714285717,-1.0,2.9614363173619536,5.922872634723907,2.0,3.873,0.0,1787380709.842,1.1579999923706055,,19.9,68.1,,,,
3844,1787380808,2026-08-22T06:40:08+00:00,ZAMAUSDT,LONG,overheated_early,tp,tp,0.05663,0.0539,0.06209,0.06214,2.0183150183150214,4.82076637824474,9.641532756489493,2.0000000000000027,0.05663,0.0,1787380806.859,1.1410000324249268,,23.1,69.0,,,,
3845,1787380839,2026-08-22T06:40:39+00:00,MINAUSDT,LONG,overheated_early,tp,tp,0.05684,0.054678392857142856,0.06116321428571429,0.06116321428571429,2.0,3.802968231627631,7.605936463255262,2.0,0.05684,0.0,1787380838.464,0.5360000133514404,,19.3,64.1,,,,
3846,1787380847,2026-08-22T06:40:47+00:00,MAGMAUSDT,LONG,overheated_early,sl,sl,0.3074,0.2781430357142857,0.36591392857142857,0.2779,-1.0083069354671363,9.517555070173806,19.035110140347612,2.0,0.3074,0.0,1787380846.526,0.4739999771118164,,30.7,60.8,,,,
3847,1787380851,2026-08-22T06:40:51+00:00,TRBUSDT,LONG,overheated_early,sl,sl,18.71,17.845892857142857,20.438214285714288,17.79,-1.0646827856995258,4.618424066580137,9.236848133160274,2.0,18.71,0.0,1787380850.605,0.39499998092651367,,23.9,59.3,,,,
3848,1787380856,2026-08-22T06:40:56+00:00,WIFUSDT,LONG,overheated_early,sl,sl,0.204,0.19471607142857142,0.22256785714285712,0.1947,-1.0017311021350237,4.550945378151259,9.101890756302518,2.0,0.204,0.0,1787380854.776,1.2239999771118164,,20.9,60.8,,,,
3862,1787381780,2026-08-22T06:56:20+00:00,NILUSDT,LONG,ema_cross,sl,sl,0.04751,0.04496862068965517,0.052592758620689656,0.04453,-1.1725915875169584,5.349146096284634,10.698292192569268,2.0,0.04751,0.0,1787381780.915,0.9149999618530273,1.007,,,,,,
3863,1787381826,2026-08-22T06:57:06+00:00,FIGHTUSDT,LONG,ema_cross,sl,sl,0.003478,0.003360758620689655,0.0037124827586206897,0.003359,-1.0150000000000001,3.3709424758581075,6.7418849517162025,1.9999999999999962,0.003478,0.0,1787381826.821,0.8210000991821289,0.571,,,,,,
3864,1787381839,2026-08-22T06:57:19+00:00,ACUUSDT,SHORT,ema_cross,sl,sl,0.11632,0.12468241379310345,0.0995951724137931,0.12934,-1.5569667230217326,7.18914528292937,14.37829056585875,2.0000000000000018,0.11632,0.0,1787381839.869,0.8689999580383301,0.614,,,,,,
3865,1787381865,2026-08-22T06:57:45+00:00,USARUSDT,LONG,ema_cross,sl,sl,19.07,18.569655172413793,20.070689655172416,18.54,-1.0592694693314961,2.6237274650561493,5.247454930112299,2.0,19.07,0.0,1787381866.126,1.125999927520752,0.324,,,,,,
3866,1787381921,2026-08-22T06:58:41+00:00,USARUSDT,LONG,ema_cross_confirmed,sl,sl,19.07,18.31948275862069,20.57103448275862,18.31948275862069,-1.0,3.9355911975842144,7.871182395168429,2.0,19.07,0.0,1787381921.172,0.17199993133544922,,,,1.5,1,0,2.0
3869,1787381993,2026-08-22T06:59:53+00:00,JCTUSDT,LONG,ema_cross,sl,sl,0.002235,0.002060413793103448,0.0025841724137931035,0.002006,-1.3116729211929667,7.811463395818881,15.622926791637742,1.9999999999999976,0.002235,0.0,1787381993.761,0.7609999179840088,0.476,,,,,,
3870,1787382015,2026-08-22T07:00:15+00:00,EVAAUSDT,LONG,ema_cross,sl,sl,0.7329,0.7102172413793103,0.7782655172413793,0.7102172413793103,-1.0,3.0949322718910754,6.189864543782136,1.9999999999999951,0.7329,0.0,1787382015.864,0.8640000820159912,0.152,,,,,,
3871,1787382026,2026-08-22T07:00:26+00:00,TUTUSDT,LONG,ema_cross,tp,tp,0.037415,0.03252506896551724,0.04719486206896551,0.047272,2.0157748505020887,13.069440156308318,26.138880312616635,2.0,0.037415,0.0,1787382027.243,1.2430000305175781,0.315,,,,,,
3872,1787382028,2026-08-22T07:00:28+00:00,XMRUSDT,LONG,ema_cross,sl,sl,430.23,420.4496551724138,449.7906896551724,418.63,-1.1860522511723062,2.2732828551207938,4.5465657102415875,2.0,430.23,0.0,1787382028.686,0.6860001087188721,0.838,,,,,,
3873,1787382138,2026-08-22T07:02:18+00:00,FHEUSDT,LONG,ema_cross,sl,sl,0.02386,0.02217655172413793,0.027226896551724136,0.0218,-1.2236788201556728,7.055525045524183,14.11105009104835,1.999999999999998,0.02386,0.0,1787382138.439,0.43899989128112793,0.461,,,,,,
3879,1787383181,2026-08-22T07:19:41+00:00,STXUSDT,LONG,overheated_early,tp,tp,0.1939,0.18561785714285714,0.21046428571428571,0.2105,2.0043122035360095,4.271347528180944,8.542695056361902,2.0000000000000036,0.1939,0.0,1787383179.738,1.2620000839233398,,22.5,68.1,,,,
3881,1787383204,2026-08-22T07:20:04+00:00,PROMUSDT,LONG,overheated_early,tp,tp,2.814,2.5965535714285717,3.2488928571428572,3.541,3.3433522214010045,7.72730734084678,15.454614681693574,2.000000000000002,2.814,0.0,1787383203.202,0.7980000972747803,,19.4,62.3,,,,
3884,1787383247,2026-08-22T07:20:47+00:00,MOVEUSDT,LONG,overheated_confirmed,sl,sl,0.00875,0.008411964285714287,0.00942607142857143,0.008411964285714287,-1.0,3.8632653061224493,7.726530612244899,2.0,0.00875,0.0,1787383248.213,1.2130000591278076,,,,1.8,1,0,2.0
3885,1787383289,2026-08-22T07:21:29+00:00,MUBARAKUSDT,LONG,overheated_early,sl,sl,0.02554,0.023120714285714286,0.03037857142857143,0.023120714285714286,-1.0,9.472536077861058,18.945072155722116,2.0,0.02554,0.0,1787383287.945,1.0550000667572021,,15.9,67.4,,,,
3889,1787383375,2026-08-22T07:22:55+00:00,USELESSUSDT,LONG,overheated_early,tp,tp,0.06441,0.06004928571428571,0.07313142857142857,0.07319,2.013431613431615,6.7702441945571925,13.540488389114385,2.0,0.06441,0.0,1787383374.538,0.46199989318847656,,25.8,55.2,,,,
3891,1787383850,2026-08-22T07:30:50+00:00,RECALLUSDT,LONG,overheated_confirmed,sl,sl,0.05711,0.05491946428571429,0.06149107142857143,0.05485,-1.0317110948072055,3.8356429947219652,7.6712859894439305,2.0,0.05711,0.0,1787383850.717,0.7170000076293945,,,,1.7,1,8,2.0
3893,1787384746,2026-08-22T07:45:46+00:00,ZAMAUSDT,LONG,overheated_confirmed,sl,sl,0.06476,0.06203,0.07021999999999999,0.06167,-1.1318681318681318,4.215565163681279,8.431130327362558,2.0,0.06476,0.0,1787384746.853,0.8529999256134033,,,,5.9,1,26,2.0
3896,1787386011,2026-08-22T08:06:51+00:00,BIGTIMEUSDT,LONG,overheated_confirmed,sl,sl,0.006846,0.006569625,0.007398749999999999,0.006558,-1.0420624151967448,4.037028921998243,8.074057843996487,2.0,0.006846,0.0,1787386012.097,1.0969998836517334,,,,2.4,1,0,2.0
3900,1787386537,2026-08-22T08:15:37+00:00,KAIAUSDT,LONG,overheated_confirmed,sl,sl,0.03277,0.0314875,0.035335,0.03079,-1.5438596491228076,3.913640524870305,7.82728104974061,2.0,0.03277,0.0,1787386537.843,0.8429999351501465,,,,2.4,1,97,2.0
3902,1787387151,2026-08-22T08:25:51+00:00,UAIUSDT,SHORT,ema_cross,tp,tp,0.24543,0.25744172413793104,0.22140655172413795,0.22105,2.029683642418329,4.894154805007957,9.788309610015913,2.0,0.24543,0.0,1787387151.97,0.9700000286102295,0.626,,,,,,
3903,1787387258,2026-08-22T08:27:38+00:00,ICXUSDT,LONG,ema_cross,sl,sl,0.01796,0.017240000000000002,0.0194,0.01706,-1.2500000000000049,4.008908685968811,8.01781737193764,2.000000000000005,0.01796,0.0,1787387258.927,0.9270000457763672,0.208,,,,,,
3904,1787387375,2026-08-22T08:29:35+00:00,BASUSDT,SHORT,ema_cross,tp,tp,0.025534,0.02633751724137931,0.02392696551724138,0.023851,2.094541241095189,3.146852202472425,6.293704404944863,2.0000000000000044,0.025534,0.0,1787387375.52,0.5199999809265137,0.269,,,,,,
3936,1787388336,2026-08-22T08:45:36+00:00,CCUSDT,LONG,overheated_confirmed,sl,sl,0.12134,0.11686035714285714,0.13029928571428573,0.11663,-1.0514231045204496,3.691810497068454,7.383620994136908,2.0,0.12134,0.0,1787388337.172,1.1719999313354492,,,,2.0,1,128,2.0
3937,1787388339,2026-08-22T08:45:39+00:00,NILUSDT,LONG,ema_cross_confirmed,sl,sl,0.05091,0.04709793103448275,0.058534137931034486,0.04701,-1.0230664857530505,7.48785889907139,14.97571779814278,2.0,0.05091,0.0,1787388339.829,0.8289999961853027,,,,1.9,1,109,2.0
3938,1787388341,2026-08-22T08:45:41+00:00,ACUUSDT,SHORT,ema_cross_confirmed,sl,sl,0.11525,0.1319748275862069,0.0818003448275862,0.1427,-1.6412725248443352,14.511780985862819,29.023561971725638,2.0,0.11525,0.0,1787388341.197,0.19700002670288086,,,,1.6,1,108,2.0
3939,1787388345,2026-08-22T08:45:45+00:00,TUTUSDT,LONG,ema_cross_confirmed,tp,tp,0.040262,0.03292710344827586,0.05493179310344828,0.05493179310344828,2.0,18.217914042333067,36.435828084666134,2.0,0.040262,0.0,1787388345.141,0.14100003242492676,,,,2.8,1,105,2.0
3940,1787388354,2026-08-22T08:45:54+00:00,BASUSDT,SHORT,ema_cross_confirmed,tp,tp,0.025234,0.02684103448275862,0.022019931034482756,0.021814,2.1281435069951065,6.368528504234848,12.737057008469696,2.0,0.025234,0.0,1787388354.936,0.9360001087188721,,,,3.2,1,15,2.0
3943,1787389234,2026-08-22T09:00:34+00:00,POLUSDT,LONG,overheated_confirmed,sl,sl,0.11899,0.11441553571428571,0.12813892857142856,0.11362,-1.1739079517507904,3.844410694776272,7.6888213895525315,1.999999999999997,0.11899,0.0,1787389235.212,1.2119998931884766,,,,2.3,1,146,2.0
3944,1787389242,2026-08-22T09:00:42+00:00,HOMEUSDT,LONG,ema_cross_confirmed,sl,sl,0.00646,0.0060037931034482754,0.007372413793103448,0.0060037931034482754,-1.0,7.0620262624105905,14.124052524821181,2.0,0.00646,0.0,1787389242.44,0.440000057220459,,,,1.7,1,121,2.0
3947,1787390124,2026-08-22T09:15:24+00:00,UAIUSDT,SHORT,ema_cross_confirmed,sl,sl,0.23495,0.25897344827586205,0.18690310344827588,0.27123,-1.510191192513064,10.224919461954483,20.449838923908967,2.0,0.23495,0.0,1787390124.135,0.13499999046325684,,,,3.2,1,49,2.0
3951,1787397609,2026-08-22T11:20:09+00:00,MOVEUSDT,LONG,overheated_early,sl,sl,0.00878,0.00831017857142857,0.009719642857142857,0.00824,-1.1493728620296433,5.351041327692811,10.702082655385622,2.0,0.00878,0.0,1787397608.067,0.9330000877380371,,27.2,65.0,,,,
3955,1787397753,2026-08-22T11:22:33+00:00,ZECUSDT,LONG,overheated_early,tp,tp,781.03,735.5591071428571,871.9717857142857,871.9717857142857,2.0,5.821913736622521,11.643827473245041,2.0,781.03,0.0,1787397751.771,1.2290000915527344,,20.2,63.2,,,,
3959,1787397790,2026-08-22T11:23:10+00:00,MELANIAUSDT,LONG,overheated_early,sl,sl,0.11198,0.10428982142857142,0.12736035714285715,0.10428982142857142,-1.0,6.867457198989621,13.734914397979242,2.0,0.11198,0.0,1787397789.273,0.7269999980926514,,29.6,60.2,,,,
3962,1787397854,2026-08-22T11:24:14+00:00,TRUMPUSDT,LONG,overheated_early,sl,sl,2.693,2.4815,3.116,2.4815,-1.0,7.853694764203491,15.707389528406981,2.0,2.693,0.0,1787397853.08,0.9200000762939453,,51.5,68.9,,,,
3973,1787400469,2026-08-22T12:07:49+00:00,POLUSDT,LONG,overheated_early,sl,sl,0.10945,0.10347035714285716,0.12140928571428572,0.10234,-1.189034223257483,5.463355739737643,10.926711479475298,2.000000000000002,0.10945,0.0,1787400467.755,1.244999885559082,,20.8,66.8,,,,
3974,1787400477,2026-08-22T12:07:57+00:00,LITUSDT,LONG,overheated_early,tp,tp,3.157,2.9219285714285714,3.6271428571428572,3.687,2.2546338498936485,7.446038282275216,14.892076564550432,2.0,3.157,0.0,1787400476.461,0.5390000343322754,,16.5,56.7,,,,
3981,1787403287,2026-08-22T12:54:47+00:00,TAGUSDT,SHORT,ema_cross,tp,tp,0.0008588,0.000896603448275862,0.0007831931034482758,0.0007831931034482758,2.0,4.401891974366798,8.803783948733596,2.0,0.0008588,0.0,1787403289.273,2.2730000019073486,0.919,,,,,,
3983,1787403352,2026-08-22T12:55:52+00:00,BSBUSDT,SHORT,ema_cross,tp,tp,0.11369,0.12086689655172414,0.09933620689655173,0.09933620689655173,1.999999999999998,6.3126893761317096,12.625378752263408,1.999999999999998,0.11369,0.0,1787403352.969,0.9690001010894775,0.184,,,,,,
3984,1787403405,2026-08-22T12:56:45+00:00,TRADOORUSDT,SHORT,ema_cross,sl,sl,0.579,0.6044827586206897,0.5280344827586206,0.605,-1.0202976995940445,4.401167292001679,8.802334584003338,1.9999999999999956,0.579,0.0,1787403406.655,1.6549999713897705,0.356,,,,,,
3985,1787403454,2026-08-22T12:57:34+00:00,POWERUSDT,SHORT,ema_cross,sl,sl,0.08109,0.08454413793103448,0.07418172413793103,0.08454413793103448,-1.0,4.259634888438132,8.519269776876264,2.0,0.08109,0.0,1787403456.408,2.4079999923706055,0.769,,,,,,
3988,1787403626,2026-08-22T13:00:26+00:00,TRADOORUSDT,SHORT,ema_cross_confirmed,sl,sl,0.572,0.6229655172413793,0.4700689655172413,0.623,-1.000676589986469,8.910055461779603,17.820110923559206,2.0,0.572,0.0,1787403626.781,0.7809998989105225,,,,1.7,1,3,2.0
4018,1787414135,2026-08-22T15:55:35+00:00,CVXUSDT,LONG,overheated_early,sl,sl,2.117,2.003589285714286,2.3438214285714283,2.003,-1.0051960321209261,5.3571428571428505,10.714285714285701,2.0,2.117,0.0,1787414134.416,0.5840001106262207,,15.9,58.3,,,,
4019,1787414291,2026-08-22T15:58:11+00:00,TRUMPUSDT,LONG,overheated_early,tp,tp,2.423,2.1876607142857143,2.8936785714285715,2.899,2.0226117307838223,9.712723306408822,19.425446612817645,2.0,2.423,0.0,1787414289.912,1.0880000591278076,,28.9,59.3,,,,
4028,1787415337,2026-08-22T16:15:37+00:00,RIVERUSDT,SHORT,ema_cross,tp,tp,2.477,2.6204827586206894,2.1900344827586204,2.184,2.0420571977889934,5.792602285857469,11.585204571714955,2.000000000000003,2.477,0.0,1787415338.417,1.4170000553131104,0.435,,,,,,
4029,1787415342,2026-08-22T16:15:42+00:00,BLUAIUSDT,SHORT,ema_cross,sl,sl,0.012029,0.012517655172413792,0.011051689655172413,0.012517655172413792,-1.0,4.06230918957347,8.124618379146952,2.0000000000000036,0.012029,0.0,1787415343.383,1.3829998970031738,0.886,,,,,,
4030,1787415350,2026-08-22T16:15:50+00:00,RIVERUSDT,SHORT,ema_cross_confirmed,tp,tp,2.45,2.7369655172413796,1.8760689655172413,1.751,2.4358327325162223,11.71287825475018,23.42575650950036,2.0,2.45,0.0,1787415350.761,0.7609999179840088,,,,3.5,1,0,2.0
4031,1787415362,2026-08-22T16:16:02+00:00,B2USDT,SHORT,ema_cross,tp,tp,0.4409,0.45853793103448276,0.4056241379310345,0.4056241379310345,2.0,4.00043797561414,8.00087595122828,2.0,0.4409,0.0,1787415362.923,0.9230000972747803,0.491,,,,,,
4032,1787415410,2026-08-22T16:16:50+00:00,COAIUSDT,SHORT,ema_cross,sl,sl,0.2847,0.29787586206896555,0.258348275862069,0.2983,-1.032190526040302,4.627981056889897,9.255962113779775,1.9999999999999958,0.2847,0.0,1787415411.103,1.1029999256134033,0.879,,,,,,
4033,1787415422,2026-08-22T16:17:02+00:00,EDENUSDT,SHORT,ema_cross,sl,sl,0.05042,0.05451103448275862,0.042237931034482756,0.05455,-1.0095246122724217,8.113912103844939,16.227824207689892,2.0000000000000018,0.05042,0.0,1787415423.262,1.2620000839233398,0.449,,,,,,
4034,1787415453,2026-08-22T16:17:33+00:00,SWARMSUSDT,SHORT,ema_cross,sl,sl,0.00776,0.008256827586206897,0.0067663448275862076,0.008274,-1.0345641310383118,6.402417348027016,12.804834696054032,2.0,0.00776,0.0,1787415454.282,1.2820000648498535,0.688,,,,,,
4035,1787415457,2026-08-22T16:17:37+00:00,MUUUSDT,SHORT,ema_cross,tp,tp,30.91,32.346896551724136,28.036206896551725,28.036206896551725,2.0000000000000027,4.648646236571128,9.297292473142267,2.0000000000000027,30.91,0.0,1787415457.967,0.9670000076293945,0.192,,,,,,
4036,1787415476,2026-08-22T16:17:56+00:00,MAVIAUSDT,SHORT,ema_cross,sl,sl,0.02925,0.030261724137931035,0.027226551724137932,0.03032,-1.057600545330606,3.458885941644558,6.917771883289127,2.0000000000000036,0.02925,0.0,1787415476.71,0.7100000381469727,0.495,,,,,,
4037,1787415494,2026-08-22T16:18:14+00:00,SQDUSDT,SHORT,ema_cross,tp,tp,0.03501,0.03710862068965517,0.030812758620689655,0.02929,2.725599737101549,5.9943464428882285,11.988692885776477,2.000000000000003,0.03501,0.0,1787415494.762,0.7620000839233398,3.996,,,,,,
4038,1787415507,2026-08-22T16:18:27+00:00,DOSUSDT,SHORT,ema_cross,sl,sl,0.2303,0.2453103448275862,0.2002793103448276,0.2487,-1.2258212726855047,6.51773548744516,13.03547097489032,2.0,0.2303,0.0,1787415508.183,1.183000087738037,0.432,,,,,,
4039,1787415512,2026-08-22T16:18:32+00:00,FIGHTUSDT,SHORT,ema_cross,sl,sl,0.003367,0.0035047586206896552,0.0030914827586206897,0.003509,-1.0307884856070082,4.091435125917879,8.182870251835773,2.000000000000003,0.003367,0.0,1787415512.524,0.5239999294281006,0.683,,,,,,
4040,1787415541,2026-08-22T16:19:01+00:00,BUSDT,SHORT,ema_cross,tp,tp,0.1445,0.1514655172413793,0.13056896551724137,0.1298,2.1103960396039594,4.820427156663882,9.640854313327765,2.0,0.1445,0.0,1787415541.695,0.6949999332427979,0.366,,,,,,
4041,1787415567,2026-08-22T16:19:27+00:00,LABUSDT,SHORT,ema_cross,sl,sl,0.07161,0.07717379310344827,0.06048241379310344,0.07725,-1.0136969321351113,7.769575622745811,15.539151245491622,2.0,0.07161,0.0,1787415567.585,0.5850000381469727,0.846,,,,,,
4042,1787415585,2026-08-22T16:19:45+00:00,INXUSDT,SHORT,ema_cross,tp,tp,0.00746,0.007877586206896551,0.006624827586206896,0.006624827586206896,2.000000000000002,5.597670333733932,11.195340667467875,2.000000000000002,0.00746,0.0,1787415585.581,0.5810000896453857,1.098,,,,,,
4044,1787415646,2026-08-22T16:20:46+00:00,JCTUSDT,SHORT,ema_cross,sl,sl,0.001906,0.0021191379310344827,0.0014797241379310344,0.0021191379310344827,-1.0,11.18247277200854,22.36494554401708,2.0,0.001906,0.0,1787415647.259,1.2590000629425049,0.379,,,,,,
4046,1787415663,2026-08-22T16:21:03+00:00,ALLOUSDT,SHORT,ema_cross,tp,tp,0.28662,0.30133793103448275,0.25718413793103445,0.25425,2.1993580432032234,5.1349979186667944,10.269995837333589,2.0,0.28662,0.0,1787415663.678,0.6779999732971191,0.415,,,,,,
4071,1787422411,2026-08-22T18:13:31+00:00,STXUSDT,LONG,overheated_early,tp,tp,0.218,0.2065357142857143,0.24092857142857144,0.242,2.0934579439252348,5.258846657929222,10.517693315858457,2.000000000000002,0.218,0.0,1787422410.334,0.6659998893737793,,26.4,63.4,,,,
4076,1787425203,2026-08-22T19:00:03+00:00,SWARMSUSDT,SHORT,ema_cross_confirmed,sl,sl,0.007732,0.008725655172413794,0.005744689655172413,0.008774,-1.0486535258189893,12.851205023458274,25.702410046916548,2.0,0.00776,0.3608247422680444,1787425204.009,1.0090000629425049,,,,3.4,1,162,2.0
4079,1787426970,2026-08-22T19:29:30+00:00,DASHUSDT,LONG,overheated_early,sl,sl,43.83,41.309999999999995,48.87,41.309999999999995,-1.0,5.749486652977421,11.498973305954824,1.9999999999999971,43.83,0.0,1787426968.871,1.128999948501587,,25.8,67.2,,,,
4083,1787428808,2026-08-22T20:00:08+00:00,FIGHTUSDT,SHORT,ema_cross_confirmed,sl,sl,0.003365,0.0036405172413793104,0.002813965517241379,0.003734,-1.3392991239048802,8.187733770559005,16.37546754111801,2.0,0.003367,0.059400059400067276,1787428808.865,0.8650000095367432,,,,1.6,1,221,2.0
4087,1787429712,2026-08-22T20:15:12+00:00,VVVUSDT,LONG,overheated_confirmed,sl,sl,17.413,16.19419642857143,19.85060714285714,16.19419642857143,-1.0,6.999388798188535,13.99877759637707,2.0,17.48,-0.38329519450801014,1787429712.797,0.7969999313354492,,,,2.1,1,1,2.0
4110,1787430543,2026-08-22T20:29:03+00:00,PTBUSDT,SHORT,ema_cross,sl,sl,0.0008282,0.0008744551724137931,0.0007356896551724138,0.0008777,-1.0701505889369323,5.58502444020685,11.170048880413686,1.9999999999999976,0.0008282,0.0,1787430544.149,1.1489999294281006,0.333,,,,,,
4112,1787430656,2026-08-22T20:30:56+00:00,STBLUSDT,SHORT,ema_cross,sl,sl,0.02513,0.02614103448275862,0.02310793103448276,0.02631,-1.1671214188267423,4.023217201586227,8.046434403172467,2.0000000000000036,0.02513,0.0,1787430657.41,1.4100000858306885,0.711,,,,,,
4113,1787430659,2026-08-22T20:30:59+00:00,TUTUSDT,LONG,overheated_confirmed,tp,tp,0.06352,0.05682533928571428,0.07690932142857142,0.07705,2.021013547576561,10.53945326556315,21.0789065311263,2.0,0.0537,18.286778398510233,1787430659.74,0.7400000095367432,,,,2.1,1,103,2.0
4114,1787430667,2026-08-22T20:31:07+00:00,MOVRUSDT,SHORT,ema_cross,sl,sl,0.732,0.7650344827586206,0.6659310344827586,0.922,-5.751565762004185,4.51290748068588,9.025814961371776,2.0000000000000036,0.732,0.0,1787430667.641,0.6410000324249268,0.242,,,,,,
4115,1787430723,2026-08-22T20:32:03+00:00,GRASSUSDT,SHORT,ema_cross,sl,sl,0.3061,0.32342413793103447,0.271451724137931,0.3236,-1.0101512738853509,5.65963343058951,11.31926686117902,2.0,0.3061,0.0,1787430723.759,0.7590000629425049,0.41,,,,,,
4116,1787430827,2026-08-22T20:33:47+00:00,TACUSDT,SHORT,ema_cross,tp,tp,0.001931,0.0020641379310344828,0.0016647241379310345,0.001532,2.996891996891997,6.8947659779638935,13.789531955927787,2.0,0.001931,0.0,1787430828.299,1.2990000247955322,2.652,,,,,,
4117,1787430832,2026-08-22T20:33:52+00:00,HEIUSDT,SHORT,ema_cross,sl,sl,0.12993,0.13914896551724137,0.11149206896551722,0.13914896551724137,-1.0,7.095332499993369,14.190664999986739,2.0,0.12993,0.0,1787430832.733,0.7330000400543213,0.374,,,,,,
4118,1787430843,2026-08-22T20:34:03+00:00,TACUSDT,SHORT,ema_cross_confirmed,sl,sl,0.001627,0.0018932758620689655,0.001094448275862069,0.0018932758620689655,-1.0,16.366064048492042,32.732128096984084,2.0,0.001931,15.743138270326257,1787430843.602,0.6019999980926514,,,,6.6,1,0,2.0
4121,1787431559,2026-08-22T20:45:59+00:00,TUTUSDT,LONG,overheated_confirmed,sl,sl,0.076101,0.06940633928571428,0.08614299107142859,0.06940633928571428,-1.0,8.797073250398443,13.195609875597672,1.500000000000001,0.0537,41.71508379888269,1787431560.467,1.4670000076293945,,,,3.5,2,118,1.5
4124,1787432272,2026-08-22T20:57:52+00:00,CROSSUSDT,LONG,overheated_early,sl,sl,0.12468,0.11460375,0.14483249999999998,0.11398,-1.0619029897035115,8.08168912415784,16.16337824831567,1.9999999999999987,0.12468,0.0,1787432270.942,1.058000087738037,,17.2,67.5,,,,
4133,1787433301,2026-08-22T21:15:01+00:00,STBLUSDT,SHORT,ema_cross_confirmed,sl,sl,0.02477,0.02679206896551724,0.02072586206896552,0.02852,-1.8545361527967261,8.16337894839419,16.32675789678838,2.0,0.02513,1.432550736171903,1787433302.146,1.1459999084472656,,,,1.7,1,44,2.0
4134,1787433302,2026-08-22T21:15:02+00:00,MOVRUSDT,SHORT,ema_cross_confirmed,sl,sl,0.719,0.7850689655172414,0.5868620689655172,0.922,-3.0725469728601253,9.18900772145221,18.37801544290442,2.0,0.732,1.775956284153007,1787433303.451,1.4509999752044678,,,,3.1,1,43,2.0
4135,1787433304,2026-08-22T21:15:04+00:00,GRASSUSDT,SHORT,ema_cross_confirmed,sl,sl,0.2978,0.332448275862069,0.22850344827586205,0.3327,-1.0072651273885342,11.634746763622895,23.26949352724579,2.0,0.3061,2.7115321790264537,1787433304.525,0.5250000953674316,,,,4.4,1,42,2.0
4153,1787437805,2026-08-22T22:30:05+00:00,ZROUSDT,LONG,overheated_confirmed,sl,sl,1.191,1.117232142857143,1.3385357142857142,1.117232142857143,-1.0,6.193774739114781,12.387549478229563,2.0,1.127,5.678793256433013,1787437805.6,0.5999999046325684,,,,2.0,1,91,2.0
4161,1787444102,2026-08-23T00:15:02+00:00,HEIUSDT,SHORT,ema_cross_confirmed,sl,sl,0.12761,0.14604793103448277,0.09073413793103446,0.14658,-1.0288573031606496,14.448656872096832,28.897313744193664,2.0,0.12993,1.785576849072569,1787444102.995,0.994999885559082,,,,2.1,1,221,2.0
4162,1787444151,2026-08-23T00:15:51+00:00,HOMEUSDT,SHORT,ema_cross,sl,sl,0.00604,0.00637344827586207,0.005373103448275862,0.00637344827586207,-1.0,5.520666818908433,11.041333637816852,1.9999999999999973,0.00604,0.0,1787444151.981,0.9809999465942383,0.291,,,,,,
4163,1787444255,2026-08-23T00:17:35+00:00,ATUSDT,SHORT,ema_cross,tp,tp,0.14597,0.1512565517241379,0.13539689655172413,0.13539689655172413,2.0000000000000053,3.62167001722129,7.2433400344426,2.0000000000000053,0.14597,0.0,1787444256.401,1.4010000228881836,0.327,,,,,,
4166,1787444378,2026-08-23T00:19:38+00:00,4USDT,SHORT,ema_cross,sl,sl,0.01072,0.01139296551724138,0.009374068965517242,0.011394,-1.001537200245951,6.277663407102418,12.555326814204836,2.0,0.01072,0.0,1787444379.054,1.053999900817871,0.203,,,,,,
4167,1787444394,2026-08-23T00:19:54+00:00,COOKIEUSDT,SHORT,ema_cross,sl,sl,0.01056,0.011028275862068965,0.009623448275862069,0.011028275862068965,-1.0,4.434430512016718,8.868861024033436,2.0,0.01056,0.0,1787444394.44,0.440000057220459,0.482,,,,,,
4168,1787444427,2026-08-23T00:20:27+00:00,SOONUSDT,SHORT,ema_cross,sl,sl,0.1915,0.19797241379310346,0.1785551724137931,0.19797241379310346,-1.0,3.3798505447015423,6.759701089403085,2.0,0.1915,0.0,1787444428.412,1.4119999408721924,0.59,,,,,,
4169,1787444471,2026-08-23T00:21:11+00:00,SOONUSDT,SHORT,ema_cross_confirmed,sl,sl,0.1903,0.2032448275862069,0.16441034482758618,0.2058,-1.1973894512519978,6.8023266348959055,13.604653269791811,2.0,0.1915,0.6266318537859041,1787444472.07,1.0699999332427979,,,,2.2,1,0,2.0
4170,1787462913,2026-08-23T05:28:33+00:00,TUTUSDT,LONG,overheated_early,tp,tp,0.0586,0.05036108928571428,0.07507782142857142,0.07524,2.0196844676502397,14.059574597757193,28.119149195514364,1.9999999999999982,0.0586,0.0,1787462911.989,1.0109999179840088,,51.3,63.2,,,,
4234,1787464079,2026-08-23T05:47:59+00:00,GUSDT,SHORT,ema_cross,sl,sl,0.003769,0.0038933793103448277,0.003520241379310345,0.0039,-1.053229830884389,3.3000612986157467,6.600122597231493,2.0,0.003769,0.0,1787464080.509,1.5090000629425049,0.667,,,,,,
4236,1787464152,2026-08-23T05:49:12+00:00,STORJUSDT,SHORT,ema_cross,sl,sl,0.03935,0.04102379310344828,0.03600241379310345,0.04109,-1.0395550061804677,4.253603820707185,8.50720764141437,2.0,0.03935,0.0,1787464153.242,1.2420001029968262,0.196,,,,,,
4237,1787464157,2026-08-23T05:49:17+00:00,BANKUSDT,SHORT,ema_cross,sl,sl,0.03525,0.03651689655172413,0.03271620689655172,0.03653,-1.010342950462716,3.5940327708486106,7.18806554169724,2.0000000000000053,0.03525,0.0,1787464157.517,0.5169999599456787,0.189,,,,,,
4238,1787464160,2026-08-23T05:49:20+00:00,RAVEUSDT,SHORT,ema_cross,sl,sl,0.2777,0.28864137931034484,0.25581724137931033,0.2942,-1.5080365584620237,3.9399997516546033,7.8799995033092065,2.0,0.2777,0.0,1787464160.513,0.5130000114440918,0.219,,,,,,
4239,1787464182,2026-08-23T05:49:42+00:00,WETUSDT,SHORT,ema_cross,sl,sl,0.06686,0.06891758620689656,0.0627448275862069,0.06902,-1.0497737556561044,3.077454691738791,6.154909383477561,1.9999999999999933,0.06686,0.0,1787464182.864,0.8640000820159912,0.921,,,,,,
4240,1787464186,2026-08-23T05:49:46+00:00,DEEPUSDT,SHORT,ema_cross,sl,sl,0.01285,0.01352896551724138,0.011492068965517242,0.01353,-1.0015236160487546,5.283778344290895,10.567556688581776,1.9999999999999973,0.01285,0.0,1787464187.136,1.1359999179840088,1.06,,,,,,
4241,1787464216,2026-08-23T05:50:16+00:00,PARTIUSDT,SHORT,ema_cross,sl,sl,0.02255,0.023580344827586208,0.020489310344827587,0.02384,-1.2520080321285136,4.569156663353467,9.138313326706934,2.0,0.02255,0.0,1787464217.476,1.4760000705718994,0.188,,,,,,
4243,1787464239,2026-08-23T05:50:39+00:00,BMTUSDT,SHORT,ema_cross,sl,sl,0.01537,0.016380344827586206,0.013349310344827586,0.01648,-1.098634812286692,6.5734861911919715,13.146972382383954,2.0000000000000018,0.01537,0.0,1787464239.655,0.6549999713897705,0.429,,,,,,
4244,1787464258,2026-08-23T05:50:58+00:00,STARUSDT,SHORT,ema_cross,sl,sl,0.12196,0.13388103448275862,0.09811793103448276,0.13602,-1.1794278441468284,9.774544508657447,19.549089017314895,2.0,0.12196,0.0,1787464258.802,0.8020000457763672,0.542,,,,,,
4245,1787464275,2026-08-23T05:51:15+00:00,PARTIUSDT,SHORT,ema_cross_confirmed,sl,sl,0.02242,0.024480689655172413,0.01829862068965517,0.02452,-1.019076305220884,9.191300870528162,18.382601741056323,2.0,0.02255,0.5764966740576569,1787464275.636,0.6359999179840088,,,,5.4,1,0,2.0
4246,1787464277,2026-08-23T05:51:17+00:00,STARUSDT,SHORT,ema_cross_confirmed,sl,sl,0.12298,0.14682206896551725,0.07529586206896552,0.14682206896551725,-1.0,19.386948256234543,38.773896512469086,2.0,0.12196,-0.8363397835355912,1787464277.974,0.9739999771118164,,,,4.7,1,0,2.0
4247,1787464282,2026-08-23T05:51:22+00:00,KGENUSDT,SHORT,ema_cross,sl,sl,0.16718,0.1751203448275862,0.15129931034482758,0.17552,-1.0503322186997885,4.749578195708942,9.499156391417884,2.0,0.16718,0.0,1787464283.288,1.2880001068115234,0.708,,,,,,
4267,1787465712,2026-08-23T06:15:12+00:00,STORJUSDT,SHORT,ema_cross_confirmed,sl,sl,0.03899,0.04233758620689655,0.03229482758620689,0.04233758620689655,-1.0,8.585755852517455,17.17151170503491,2.0,0.03935,0.9148665819568136,1787465712.477,0.47699999809265137,,,,2.9,1,25,2.0
4281,1787485723,2026-08-23T11:48:43+00:00,ZROUSDT,LONG,overheated_early,sl,sl,1.223,1.135357142857143,1.3982857142857144,1.135,-1.004074979625103,7.166218899661253,14.332437799322506,2.0,1.223,0.0,1787485722.68,0.31999993324279785,,21.9,67.1,,,,
4282,1787486306,2026-08-23T11:58:26+00:00,ICXUSDT,SHORT,ema_cross,tp,tp,0.0172,0.018050689655172415,0.015498620689655173,0.01511,2.456830158086743,4.945870088211713,9.891740176423415,1.999999999999998,0.0172,0.0,1787486307.077,1.0769999027252197,0.289,,,,,,
4283,1787486334,2026-08-23T11:58:54+00:00,OPNUSDT,SHORT,ema_cross,sl,sl,0.05592,0.05876034482758621,0.050239310344827585,0.05878,-1.0069199951438625,5.079300478516112,10.158600957032212,1.9999999999999976,0.05592,0.0,1787486334.76,0.7599999904632568,0.481,,,,,,
4284,1787486495,2026-08-23T12:01:35+00:00,CYSUSDT,LONG,ema_cross,tp,tp,0.5765,0.5390275862068966,0.6514448275862069,0.6546,2.0841998711695973,6.499985046505359,12.999970093010738,2.000000000000003,0.5765,0.0,1787486497.108,2.1080000400543213,0.501,,,,,,
4289,1787489813,2026-08-23T12:56:53+00:00,FFUSDT,LONG,overheated_early,sl,sl,0.08669,0.08296732142857143,0.09413535714285715,0.08296732142857143,-1.0,4.294242209515028,8.58848441903004,1.9999999999999962,0.08669,0.0,1787489812.61,0.3900001049041748,,15.4,63.0,,,,
4300,1787494544,2026-08-23T14:15:44+00:00,PENDLEUSDT,LONG,overheated_confirmed,sl,sl,1.968,1.8630535714285714,2.177892857142857,1.8630535714285714,-1.0,5.332643728222996,10.665287456445991,2.0,1.93,1.9689119170984475,1787494545.489,1.4890000820159912,,,,2.3,1,19,2.0
4302,1787495445,2026-08-23T14:30:45+00:00,TRUMPUSDT,LONG,overheated_confirmed,sl,sl,2.917,2.598303571428571,3.554392857142857,2.598303571428571,-1.0,10.92548606689848,21.85097213379696,2.0,2.855,2.17162872154115,1787495446.103,1.1029999256134033,,,,2.6,1,5,2.0
4312,1787498628,2026-08-23T15:23:48+00:00,ENAUSDT,LONG,overheated_early,sl,sl,0.17331,0.15793714285714286,0.20405571428571428,0.1577,-1.0154260756435272,8.870150102623699,17.740300205247415,2.0000000000000018,0.17331,0.0,1787498626.963,1.0369999408721924,,16.4,67.3,,,,
4314,1787500486,2026-08-23T15:54:46+00:00,XPLUSDT,LONG,overheated_confirmed,sl,sl,0.11098,0.10287517857142857,0.12718964285714285,0.10285,-1.003106616432018,7.30295677470844,14.60591354941688,2.0,0.1119,-0.8221626452189492,1787500486.685,0.684999942779541,,,,1.9,1,0,2.0
4325,1787501252,2026-08-23T16:07:32+00:00,GRASSUSDT,LONG,ema_cross,tp,tp,0.3247,0.3065689655172414,0.36096206896551725,0.36096206896551725,2.000000000000003,5.583934241687281,11.16786848337458,2.000000000000003,0.3247,0.0,1787501253.436,1.436000108718872,0.198,,,,,,
4326,1787501342,2026-08-23T16:09:02+00:00,MYXUSDT,LONG,ema_cross,sl,sl,0.0764,0.07287241379310344,0.0834551724137931,0.0728,-1.0205278592375335,4.617259433110673,9.234518866221347,2.0,0.0764,0.0,1787501342.697,0.6970000267028809,0.26,,,,,,
4327,1787501387,2026-08-23T16:09:47+00:00,UAIUSDT,LONG,ema_cross,sl,sl,0.28924,0.27344137931034485,0.32083724137931036,0.27344137931034485,-1.0,5.46211474542081,10.92422949084164,2.0000000000000036,0.28924,0.0,1787501387.932,0.931999921798706,0.255,,,,,,
4336,1787506247,2026-08-23T17:30:47+00:00,SPKUSDT,LONG,overheated_confirmed,tp,tp,0.02061,0.019226785714285714,0.023376428571428572,0.023376428571428572,2.0,6.711374506134334,13.422749012268667,2.0,0.0205,0.5365853658536536,1787506247.974,0.9739999771118164,,,,1.6,1,65,2.0
4346,1787510719,2026-08-23T18:45:19+00:00,SPKUSDT,LONG,overheated_confirmed,sl,sl,0.02311,0.021726785714285712,0.024493214285714285,0.02172,-1.0049057578104816,5.985349570377699,5.985349570377699,1.0,0.0205,12.731707317073159,1787510719.722,0.7219998836517334,,,,4.2,3,139,1.0
4347,1787511270,2026-08-23T18:54:30+00:00,CYSUSDT,LONG,overheated_early,tp,tp,0.6015,0.5452875,0.713925,0.718,2.07249277295975,9.345386533665835,18.69077306733167,2.0,0.6015,0.0,1787511269.583,0.41700005531311035,,15.9,69.6,,,,
4360,1787523308,2026-08-23T22:15:08+00:00,UAIUSDT,LONG,overheated_early,tp,tp,0.27951,0.25466517857142856,0.3291996428571428,0.3291996428571428,2.0,8.88870574525828,17.77741149051656,2.0,0.27951,0.0,1787523307.518,0.48200011253356934,,19.1,69.8,,,,
4363,1787530515,2026-08-24T00:15:15+00:00,UAIUSDT,LONG,overheated_confirmed,tp,tp,0.28,0.2551551785714286,0.32968964285714286,0.32968964285714286,2.0,8.873150510204077,17.746301020408154,2.0,0.28022,-0.0785097423452994,1787530516.685,1.684999942779541,,,,3.8,1,90,2.0
4364,1787530517,2026-08-24T00:15:17+00:00,SPKUSDT,LONG,overheated_confirmed,sl,sl,0.02356,0.02200964285714286,0.026660714285714284,0.02199,-1.0126698917300183,6.580463254911466,13.160926509822932,2.0,0.02189,7.6290543627227105,1787530517.844,0.8440001010894775,,,,2.0,1,198,2.0
4369,1787553329,2026-08-24T06:35:29+00:00,LITUSDT,LONG,overheated_early,sl,sl,3.64,3.305607142857143,4.308785714285714,3.286,-1.0586350528676716,9.186616954474092,18.373233908948194,2.0000000000000013,3.64,0.0,1787553328.529,0.47099995613098145,,17.3,64.9,,,,
4371,1787553362,2026-08-24T06:36:02+00:00,SPKUSDT,LONG,overheated_early,sl,sl,0.02229,0.020418214285714286,0.02603357142857143,0.020418214285714286,-1.0,8.397423572389927,16.794847144779855,2.0,0.02229,0.0,1787553361.391,0.6089999675750732,,28.4,60.8,,,,
4373,1787553531,2026-08-24T06:38:51+00:00,AAVEUSDT,LONG,overheated_early,sl,sl,141.72,133.08482142857142,158.99035714285714,133.08482142857142,-1.0,6.093126285230442,12.186252570460864,1.9999999999999967,141.72,0.0,1787553530.657,0.3429999351501465,,15.8,55.6,,,,
4375,1787553658,2026-08-24T06:40:58+00:00,SCRTUSDT,LONG,overheated_early,sl,sl,0.01943,0.015920535714285713,0.026448928571428568,0.01468,-1.3534829288149388,18.062091022718917,36.12418204543782,1.9999999999999991,0.01943,0.0,1787553657.303,0.6970000267028809,,21.0,69.0,,,,
4379,1787553917,2026-08-24T06:45:17+00:00,SCRTUSDT,LONG,overheated_confirmed,sl,sl,0.02142,0.01791053571428572,0.028438928571428566,0.01787,-1.0115503994301136,16.38405362144856,32.76810724289712,2.0,0.01958,9.39734422880491,1787553918.377,1.377000093460083,,,,2.9,1,0,2.0
4381,1787553978,2026-08-24T06:46:18+00:00,RATSUSDT,LONG,overheated_confirmed,sl,sl,4.678e-05,4.3211607142857145e-05,5.391678571428572e-05,4.289e-05,-1.0901266076164753,7.628030904537959,15.256061809075918,2.0,4.687e-05,-0.1920204821847537,1787553979.115,1.1150000095367432,,,,2.9,1,0,2.0
4382,1787553979,2026-08-24T06:46:19+00:00,UAIUSDT,LONG,overheated_confirmed,tp,tp,0.32871,0.3032067857142857,0.37971642857142857,0.37971642857142857,2.0,7.758575731104707,15.517151462209414,2.0,0.32652,0.6707092980521945,1787553980.246,1.246000051498413,,,,2.4,1,0,2.0
4383,1787555033,2026-08-24T07:03:53+00:00,GRASSUSDT,LONG,overheated_early,sl,sl,0.3675,0.33579642857142855,0.4309071428571429,0.3352,-1.018812661935338,8.626822157434406,17.25364431486881,2.0,0.3675,0.0,1787555032.511,0.4890000820159912,,24.9,69.1,,,,
4384,1787555440,2026-08-24T07:10:40+00:00,MORPHOUSDT,LONG,overheated_early,sl,sl,2.7435,2.5482,3.1341,2.547,-1.0061443932411667,7.118644067796612,14.237288135593223,2.0,2.7435,0.0,1787555439.421,0.5789999961853027,,19.0,58.7,,,,
4387,1787557515,2026-08-24T07:45:15+00:00,GRASSUSDT,LONG,overheated_confirmed,sl,sl,0.3726,0.34089642857142854,0.43600714285714287,0.3384,-1.07874281851977,8.508741660915579,17.017483321831158,2.0,0.3688,1.0303687635574754,1787557515.947,0.9470000267028809,,,,1.6,1,69,2.0
4388,1787557517,2026-08-24T07:45:17+00:00,PROMUSDT,LONG,overheated_confirmed,sl,sl,3.827,3.5153749999999997,4.4502500000000005,3.5153749999999997,-1.0,8.14280114972564,16.28560229945128,2.0,3.526,8.536585365853663,1787557518.842,1.8420000076293945,,,,1.9,1,61,2.0
4391,1787562277,2026-08-24T09:04:37+00:00,RATSUSDT,LONG,overheated_early,sl,sl,4.745e-05,4.379214285714286e-05,5.4765714285714284e-05,4.289e-05,-1.2466315172817823,7.70886647598976,15.41773295197952,2.0,4.745e-05,0.0,1787562276.418,0.5820000171661377,,18.8,65.6,,,,
4393,1787564085,2026-08-24T09:34:45+00:00,PTBUSDT,LONG,overheated_early,sl,sl,0.0008769,0.00079275,0.0010452,0.0007877,-1.0600118835412957,9.596305165925415,19.19261033185084,2.0000000000000013,0.0008769,0.0,1787564083.827,1.1730000972747803,,15.8,69.9,,,,
4399,1787569581,2026-08-24T11:06:21+00:00,TUTUSDT,LONG,overheated_early,sl,sl,0.079014,0.06737426785714286,0.10229346428571429,0.067365,-1.0007962259809005,14.73122755822657,29.46245511645314,2.0,0.079014,0.0,1787569579.781,1.2190001010894775,,23.0,66.7,,,,
4402,1787572024,2026-08-24T11:47:04+00:00,ZAMAUSDT,LONG,overheated_early,sl,sl,0.06202,0.05651875,0.0730225,0.05614,-1.0688479890933873,8.87012254111577,17.74024508223155,2.0000000000000013,0.06202,0.0,1787572022.895,1.1050000190734863,,16.6,69.1,,,,
4403,1787573328,2026-08-24T12:08:48+00:00,SUPERUSDT,LONG,overheated_early,tp,tp,0.1149,0.109425,0.12585000000000002,0.1266,2.136986301369858,4.765013054830294,9.530026109660588,2.0,0.1149,0.0,1787573326.718,1.2820000648498535,,15.1,59.5,,,,
4406,1787574821,2026-08-24T12:33:41+00:00,PROMUSDT,LONG,overheated_early,tp,tp,3.577,3.196160714285714,4.338678571428572,4.338678571428572,2.0,10.64689085027358,21.29378170054716,2.0,3.577,0.0,1787574820.493,0.5069999694824219,,34.9,67.2,,,,
4424,1787576052,2026-08-24T12:54:12+00:00,PARTIUSDT,LONG,ema_cross,sl,sl,0.02587,0.024703793103448276,0.028202413793103447,0.024703793103448276,-1.0,4.507950895058851,9.015901790117688,1.9999999999999971,0.02587,0.0,1787576053.559,1.559000015258789,0.187,,,,,,
4428,1787576344,2026-08-24T12:59:04+00:00,NGUSDT,LONG,ema_cross,sl,sl,2.881,2.8556896551724136,2.931620689655172,2.854,-1.0667574931879986,0.8785263737447486,1.7570527474894972,2.0,2.881,0.0,1787576345.067,1.066999912261963,0.262,,,,,,
4429,1787576454,2026-08-24T13:00:54+00:00,SUPERUSDT,LONG,overheated_confirmed,sl,sl,0.1265,0.121025,0.13745000000000002,0.1207,-1.0593607305936057,4.328063241106726,8.656126482213452,2.0,0.1227,3.096984515077423,1787576455.128,1.128000020980835,,,,4.9,1,7,2.0
4482,1787586340,2026-08-24T15:45:40+00:00,PROMUSDT,LONG,overheated_confirmed,tp,tp,3.717,3.3361607142857146,4.478678571428571,4.482,2.008721339147561,10.245878012221832,20.491756024443653,1.999999999999999,3.675,1.14285714285715,1787586340.679,0.6789999008178711,,,,1.8,1,15,2.0
4485,1787587248,2026-08-24T16:00:48+00:00,BICOUSDT,SHORT,ema_cross,sl,sl,0.01844,0.01972034482758621,0.015879310344827587,0.02033,-1.4761648262860212,6.943301668037999,13.886603336075998,2.0,0.01844,0.0,1787587249.409,1.4089999198913574,0.246,,,,,,
4488,1787587294,2026-08-24T16:01:34+00:00,BICOUSDT,SHORT,ema_cross_confirmed,sl,sl,0.01842,0.020980689655172413,0.01329862068965517,0.020980689655172413,-1.0,13.901681081283465,27.80336216256693,2.0,0.01844,0.10845986984817056,1787587294.819,0.8190000057220459,,,,3.0,1,0,2.0
4495,1787588140,2026-08-24T16:15:40+00:00,PIEVERSEUSDT,LONG,ema_cross,sl,sl,1.0578,0.9999310344827587,1.173537931034483,0.9999310344827587,-1.0,5.470690633129268,10.941381266258537,2.0,1.0578,0.0,1787588141.259,1.2590000629425049,0.516,,,,,,
4498,1787588436,2026-08-24T16:20:36+00:00,ONDSUSDT,SHORT,ema_cross,tp,tp,8.317,8.468,8.015,7.986,2.192052980132456,1.8155584946495107,3.6311169892990214,2.0,8.317,0.0,1787588436.649,0.6489999294281006,0.385,,,,,,
4499,1787588987,2026-08-24T16:29:47+00:00,STORJUSDT,LONG,overheated_early,tp,tp,0.04896,0.04481946428571428,0.057241071428571426,0.057241071428571426,2.0,8.456976540616248,16.913953081232496,2.0,0.04896,0.0,1787588986.617,0.38299989700317383,,18.3,66.1,,,,
4501,1787589948,2026-08-24T16:45:48+00:00,STORJUSDT,LONG,overheated_confirmed,sl,sl,0.05329,0.04914946428571428,0.061571071428571426,0.04877,-1.091646181049725,7.769817440956493,15.539634881912987,2.0,0.05315,0.2634054562558688,1787589949.144,1.1440000534057617,,,,3.0,1,0,2.0
4502,1787590185,2026-08-24T16:49:45+00:00,SUPERUSDT,LONG,overheated_early,sl,sl,0.1221,0.11551607142857143,0.13526785714285713,0.1135,-1.3062110116625973,5.392242892242894,10.784485784485778,1.999999999999998,0.1221,0.0,1787590184.364,0.6359999179840088,,19.1,69.8,,,,
4534,1787597155,2026-08-24T18:45:55+00:00,UAIUSDT,LONG,overheated_confirmed,sl,sl,0.36573,0.33395142857142857,0.42928714285714287,0.32483,-1.2870307934367269,8.689079766103802,17.378159532207604,2.0,0.37201,-1.6881266632617422,1787597156.709,1.7090001106262207,,,,2.9,1,7,2.0
4538,1787598191,2026-08-24T19:03:11+00:00,UAIUSDT,LONG,overheated_early,sl,sl,0.36315,0.33137142857142854,0.42670714285714284,0.32483,-1.2058440098898615,8.750811353041838,17.501622706083676,2.0,0.36315,0.0,1787598190.848,0.15199995040893555,,29.2,69.9,,,,
4552,1787601873,2026-08-24T20:04:33+00:00,GIGGLEUSDT,SHORT,ema_cross,sl,sl,35.38,37.502068965517246,31.13586206896552,37.71,-1.0979850503737387,5.9979337634744025,11.995867526948793,1.9999999999999982,35.38,0.0,1787601873.877,0.877000093460083,0.156,,,,,,
4553,1787601873,2026-08-24T20:04:33+00:00,IONQUSDT,SHORT,ema_cross,sl,sl,41.52,42.499655172413796,39.56068965517242,42.499655172413796,-1.0,2.3594777755630845,4.718955551126169,2.0,41.52,0.0,1787601874.303,1.3029999732971191,0.414,,,,,,
4554,1787601874,2026-08-24T20:04:34+00:00,HIMSUSDT,SHORT,ema_cross,sl,sl,31.049,31.796827586206895,29.553344827586205,32.367,-1.7624383271084056,2.4085400051753534,4.817080010350718,2.000000000000005,31.049,0.0,1787601874.712,0.7119998931884766,0.351,,,,,,
4555,1787602162,2026-08-24T20:09:22+00:00,PEOPLEUSDT,SHORT,ema_cross,tp,tp,0.009877,0.010710103448275863,0.008210793103448275,0.008162,2.0585678807947003,8.434782305111497,16.869564610222994,2.0,0.009877,0.0,1787602163.391,1.3910000324249268,0.422,,,,,,
4558,1787602465,2026-08-24T20:14:25+00:00,ZMUSDT,SHORT,ema_cross,tp,tp,104.46,105.88827586206895,101.60344827586206,101.41,2.135441815548054,1.3672945262004192,2.734589052400852,2.0000000000000098,104.46,0.0,1787602465.869,0.8689999580383301,0.273,,,,,,
4563,1787603602,2026-08-24T20:33:22+00:00,STORJUSDT,LONG,overheated_early,sl,sl,0.04907,0.04412375,0.0589625,0.04407,-1.0108668182966905,10.079987772569796,20.15997554513959,2.0,0.04907,0.0,1787603601.15,0.8499999046325684,,16.6,57.8,,,,
4571,1787609791,2026-08-24T22:16:31+00:00,AINUSDT,LONG,ema_cross,sl,sl,0.07973,0.07743,0.08433,0.07743,-1.0,2.884735983945813,5.7694719678916435,2.000000000000006,0.07973,0.0,1787609793.363,2.36299991607666,0.195,,,,,,
4583,1787617708,2026-08-25T00:28:28+00:00,ONGUSDT,LONG,overheated_confirmed,tp,tp,0.08328,0.0633144642857143,0.12321107142857142,0.16878,4.282379457457943,23.973986208316166,47.94797241663233,2.0,0.08132,2.41023118544024,1787617708.492,0.49200010299682617,,,,2.2,1,202,2.0
4585,1787618097,2026-08-25T00:34:57+00:00,BEUSDT,LONG,ema_cross,tp,tp,207.0,202.74827586206897,215.50344827586207,215.50344827586207,2.0,2.0539730134932537,4.107946026986507,2.0,207.0,0.0,1787618098.581,1.5810000896453857,0.232,,,,,,
4620,1787621993,2026-08-25T01:39:53+00:00,CTRUSDT,LONG,ema_cross,sl,sl,0.00899,0.008735862068965518,0.009498275862068965,0.00873,-1.0230664857530556,2.8268957845882308,5.65379156917648,2.0000000000000067,0.00899,0.0,1787621993.962,0.9619998931884766,0.291,,,,,,
4621,1787622030,2026-08-25T01:40:30+00:00,CTRUSDT,LONG,ema_cross_confirmed,sl,sl,0.00904,0.008658793103448276,0.009802413793103447,0.0085,-1.4165535956580717,4.216890448581015,8.43378089716203,2.0,0.00899,0.5561735261401524,1787622030.514,0.5139999389648438,,,,6.6,1,0,2.0
4623,1787622274,2026-08-25T01:44:34+00:00,CTRUSDT,LONG,overheated_confirmed,sl,sl,0.00904,0.008648392857142856,0.009823214285714286,0.0085,-1.3789329685362475,4.3319374209860975,8.663874841972195,2.0,0.00893,1.2318029115341431,1787622274.735,0.7349998950958252,,,,6.6,1,0,2.0
4626,1787623416,2026-08-25T02:03:36+00:00,AEROUSDT,LONG,overheated_early,sl,sl,0.5389,0.5087017857142858,0.5992964285714286,0.5087017857142858,-1.0,5.603676801951054,11.207353603902128,2.0000000000000036,0.5389,0.0,1787623415.456,0.5439999103546143,,15.5,55.8,,,,
4628,1787623431,2026-08-25T02:03:51+00:00,VIRTUALUSDT,LONG,overheated_early,sl,sl,0.8048,0.7435357142857142,0.9273285714285714,0.7299,-1.2225719948699996,7.612361545015628,15.224723090031242,1.9999999999999982,0.8048,0.0,1787623430.335,0.6649999618530273,,15.5,61.8,,,,
4634,1787625027,2026-08-25T02:30:27+00:00,BEUSDT,LONG,ema_cross_confirmed,tp,tp,208.7,202.32241379310344,221.4551724137931,229.6,3.2771019194376865,3.055863060324175,6.11172612064835,2.0,207.0,0.8212560386473375,1787625027.821,0.8210000991821289,,,,3.7,1,115,2.0
4641,1787626828,2026-08-25T03:00:28+00:00,TACUSDT,LONG,overheated_confirmed,sl,sl,0.002656,0.0023479642857142857,0.0032720714285714284,0.002346,-1.006376811594203,11.597730206540447,23.195460413080895,2.0,0.002225,19.37078651685393,1787626828.711,0.7109999656677246,,,,2.2,1,91,2.0
4671,1787628631,2026-08-25T03:30:31+00:00,PROMUSDT,LONG,overheated_confirmed,sl,sl,4.542,4.124732142857143,5.167901785714285,4.124732142857143,-1.0,9.186874882053214,13.780312323079821,1.5,4.179,8.686288585786063,1787628631.702,0.7019999027252197,,,,2.0,2,26,1.5
4674,1787630619,2026-08-25T04:03:39+00:00,STARUSDT,LONG,overheated_early,tp,tp,0.13767,0.12279267857142855,0.16742464285714287,0.17102,2.241666966739884,10.806509354668005,21.61301870933601,2.0,0.13767,0.0,1787630618.41,0.5899999141693115,,15.5,69.5,,,,
4688,1787631286,2026-08-25T04:14:46+00:00,BTWUSDT,LONG,ema_cross,sl,sl,0.467417,0.41966468965517245,0.5629216206896552,0.373483,-1.9671090115156018,10.216211722044251,20.432423444088514,2.0000000000000013,0.467417,0.0,1787631286.885,0.8849999904632568,0.216,,,,,,
4695,1787634033,2026-08-25T05:00:33+00:00,STARUSDT,LONG,overheated_confirmed,tp,tp,0.14178,0.12690267857142856,0.17153464285714284,0.17153464285714284,2.0,10.493244060214014,20.986488120428028,2.0,0.1387,2.220620043258832,1787634034.252,1.252000093460083,,,,1.7,1,36,2.0
4702,1787635421,2026-08-25T05:23:41+00:00,CTRUSDT,LONG,overheated_early,sl,sl,0.00899,0.00856732142857143,0.009835357142857142,0.0085,-1.1592733417828482,4.701652629906233,9.403305259812486,2.000000000000004,0.00899,0.0,1787635420.603,0.3970000743865967,,15.4,68.1,,,,
4710,1787637223,2026-08-25T05:53:43+00:00,ONGUSDT,LONG,overheated_early,tp,tp,0.0851,0.06445732142857144,0.12638535714285712,0.16878,4.053737489078629,24.2569665939231,48.51393318784621,2.000000000000001,0.0851,0.0,1787637222.276,0.7239999771118164,,21.6,68.9,,,,
4711,1787637818,2026-08-25T06:03:38+00:00,PROMUSDT,LONG,overheated_early,sl,sl,4.329,3.861267857142857,5.264464285714285,3.861267857142857,-1.0,10.804623304623306,21.60924660924661,2.0,4.329,0.0,1787637816.745,1.255000114440918,,26.2,65.8,,,,
4730,1787643227,2026-08-25T07:33:47+00:00,TACUSDT,LONG,overheated_early,tp,tp,0.002491,0.0021592857142857143,0.0031544285714285715,0.0031544285714285715,1.9999999999999987,13.316510867695136,26.633021735390255,1.9999999999999987,0.002491,0.0,1787643226.475,0.5250000953674316,,43.9,67.2,,,,
4731,1787643230,2026-08-25T07:33:50+00:00,POLUSDT,LONG,overheated_early,sl,sl,0.12283,0.1141975,0.140095,0.11263,-1.1815812337098175,7.028006187413499,14.056012374826999,2.0,0.12283,0.0,1787643229.541,0.4590001106262207,,15.2,65.6,,,,
4776,1787645087,2026-08-25T08:04:47+00:00,ONGUSDT,LONG,ema_cross,tp,tp,0.09653,0.08264793103448277,0.12429413793103447,0.16878,5.20455561627503,14.381092888757104,28.76218577751421,2.0,0.09653,0.0,1787645087.622,0.621999979019165,1.127,,,,,,
4800,1787646882,2026-08-25T08:34:42+00:00,JUSUNGUSDT,LONG,ema_cross,sl,sl,129.59,126.77413793103449,135.22172413793103,125.06,-1.6087435709037488,2.172900739999626,4.345801479999252,2.0,129.59,0.0,1787646883.628,1.628000020980835,0.445,,,,,,
4802,1787647535,2026-08-25T08:45:35+00:00,ONGUSDT,LONG,ema_cross_confirmed,tp,tp,0.09929,0.07846689655172415,0.14093620689655173,0.16878,3.3371586599764864,20.97200468151461,41.94400936302923,2.000000000000001,0.09653,2.8592147518906024,1787647536.08,1.0799999237060547,,,,1.6,1,40,2.0
4817,1787650236,2026-08-25T09:30:36+00:00,POPCATUSDT,LONG,overheated_confirmed,sl,sl,0.06476,0.063141,0.06799799999999999,0.063141,-1.0,2.4999999999999933,4.999999999999987,2.0,0.06578,-1.550623289753735,1787650236.993,0.9930000305175781,,,,6.3,1,11,2.0
4849,1787676573,2026-08-25T16:49:33+00:00,TACUSDT,LONG,ema_cross,tp,tp,0.00259,0.0023295172413793103,0.0031109655172413793,0.0031109655172413793,2.0000000000000018,10.05724936759419,20.114498735188395,2.0000000000000018,0.00259,0.0,1787676574.021,1.0209999084472656,0.603,,,,,,
4850,1787676574,2026-08-25T16:49:34+00:00,TLMUSDT,LONG,ema_cross,sl,sl,0.001621,0.0015659310344827587,0.0017311379310344828,0.001534,-1.5798371947401388,3.397221808589844,6.794443617179688,2.0,0.001621,0.0,1787676574.562,0.562000036239624,0.895,,,,,,
4851,1787676574,2026-08-25T16:49:34+00:00,HUSDT,LONG,ema_cross,sl,sl,0.0782,0.07279310344827586,0.08901379310344829,0.07279310344827586,-1.0,6.91418996384162,13.82837992768322,1.9999999999999973,0.0782,0.0,1787676575.055,1.0550000667572021,0.314,,,,,,
4856,1787676856,2026-08-25T16:54:16+00:00,DELLUSDT,LONG,ema_cross,tp,tp,449.73,443.64482758620693,461.9003448275862,464.06,2.354904516348391,1.35307237982636,2.70614475965272,2.0,449.73,0.0,1787676857.028,1.0280001163482666,0.175,,,,,,
4857,1787676857,2026-08-25T16:54:17+00:00,USARUSDT,LONG,ema_cross,tp,tp,18.95,18.549310344827585,19.751379310344827,19.77,2.0464716006884682,2.114457283231736,4.228914566463472,2.0,18.95,0.0,1787676857.424,0.4240000247955322,0.2,,,,,,
4858,1787676857,2026-08-25T16:54:17+00:00,MRNAUSDT,LONG,ema_cross,sl,sl,157.3,152.12241379310345,167.6551724137931,147.63,-1.8676656676656664,3.2915360501567474,6.583072100313476,1.9999999999999944,157.3,0.0,1787676857.825,0.8250000476837158,0.851,,,,,,
4860,1787677162,2026-08-25T16:59:22+00:00,MUBARAKUSDT,SHORT,ema_cross,sl,sl,0.01969,0.021628965517241378,0.01581206896551724,0.02163,-1.0005335230304113,9.847463266842961,19.694926533685923,2.0,0.01969,0.0,1787677163.504,1.503999948501587,1.148,,,,,,
4869,1787683163,2026-08-25T18:39:23+00:00,ZROUSDT,LONG,overheated_early,sl,sl,1.261,1.138642857142857,1.5057142857142858,1.133,-1.0461179217746637,9.70318341452362,19.406366829047254,2.0000000000000018,1.261,0.0,1787683162.375,0.625,,15.4,68.4,,,,
4870,1787683171,2026-08-25T18:39:31+00:00,JASMYUSDT,LONG,overheated_early,sl,sl,0.005172,0.004825553571428572,0.005864892857142858,0.004825553571428572,-1.0,6.698500165727545,13.39700033145509,2.0,0.005172,0.0,1787683170.071,0.9289999008178711,,16.0,67.1,,,,
4880,1787719067,2026-08-26T04:37:47+00:00,BMTUSDT,LONG,overheated_early,tp,tp,0.0223,0.020203214285714286,0.02649357142857143,0.02691,2.1986033043774484,9.4026265214606,18.8052530429212,2.0,0.0223,0.0,1787719066.412,0.5880000591278076,,47.5,68.3,,,,
4888,1787719139,2026-08-26T04:38:59+00:00,币安人生USDT,LONG,ema_cross,sl,sl,0.5348,0.5100624137931035,0.5842751724137932,0.49507,-1.6060580716207356,4.6255770768318225,9.251154153663645,2.0,0.5348,0.0,1787719139.927,0.9270000457763672,0.372,,,,,,
4889,1787719139,2026-08-26T04:38:59+00:00,KORUUSDT,LONG,ema_cross,sl,sl,21.261,20.56565517241379,22.65168965517241,20.564,-1.0023803620133869,3.2705179793340298,6.541035958668043,1.999999999999995,21.261,0.0,1787719140.312,1.312000036239624,0.525,,,,,,
4892,1787719409,2026-08-26T04:43:29+00:00,FLUIDUSDT,LONG,ema_cross,sl,sl,1.584,1.5358620689655174,1.6802758620689655,1.508,-1.5787965616045874,3.0390107976314846,6.078021595262969,2.0,1.584,0.0,1787719409.929,0.9289999008178711,1.184,,,,,,
4918,1787732456,2026-08-26T08:20:56+00:00,HEIUSDT,LONG,ema_cross,tp,tp,0.13338,0.12739655172413794,0.14534689655172414,0.14534689655172414,2.0000000000000044,4.486016101261102,8.972032202522225,2.0000000000000044,0.13338,0.0,1787732457.142,1.1419999599456787,0.388,,,,,,
4919,1787732457,2026-08-26T08:20:57+00:00,FIGHTUSDT,LONG,ema_cross,tp,tp,0.003597,0.0034738275862068965,0.003843344827586207,0.003843344827586207,2.0,3.4243095299722954,6.848619059944591,2.0,0.003597,0.0,1787732457.523,0.5230000019073486,0.19,,,,,,
4920,1787732457,2026-08-26T08:20:57+00:00,EDENUSDT,LONG,ema_cross,sl,sl,0.05911,0.05641827586206897,0.06449344827586206,0.05569,-1.2705611068408915,4.553754251279029,9.107508502558046,1.9999999999999973,0.05911,0.0,1787732457.918,0.9179999828338623,1.652,,,,,,
4921,1787732457,2026-08-26T08:20:57+00:00,TAKEUSDT,SHORT,ema_cross,sl,sl,0.04877,0.05246793103448276,0.041374137931034484,0.05246793103448276,-1.0,7.582388834289026,15.164777668578052,2.0,0.04877,0.0,1787732458.297,1.2969999313354492,0.173,,,,,,
4923,1787732458,2026-08-26T08:20:58+00:00,SPKUSDT,SHORT,ema_cross,sl,sl,0.01827,0.019563103448275863,0.01568379310344828,0.01995,-1.299199999999999,7.077741917218725,14.15548383443745,2.0,0.01827,0.0,1787732459.17,1.1700000762939453,0.222,,,,,,
4924,1787732459,2026-08-26T08:20:59+00:00,XANUSDT,LONG,ema_cross,sl,sl,0.012651,0.012117517241379312,0.01371796551724138,0.012117,-1.0009695559433822,4.216921655368658,8.433843310737329,2.000000000000003,0.012651,0.0,1787732459.56,0.559999942779541,0.172,,,,,,
4928,1787732747,2026-08-26T08:25:47+00:00,KMNOUSDT,SHORT,ema_cross,sl,sl,0.02367,0.024726206896551722,0.021557586206896552,0.02789,-3.995429317662431,4.462217560421302,8.924435120842618,2.000000000000003,0.02367,0.0,1787732748.428,1.4279999732971191,0.335,,,,,,
4930,1787732748,2026-08-26T08:25:48+00:00,HANAUSDT,SHORT,ema_cross,sl,sl,0.01813,0.01943758620689655,0.015514827586206897,0.01991,-1.361286919831224,7.212279133461398,14.424558266922796,2.0,0.01813,0.0,1787732749.45,1.4500000476837158,0.336,,,,,,
4933,1787740203,2026-08-26T10:30:03+00:00,BOBUSDT,LONG,overheated_confirmed,sl,sl,0.006084,0.005881125,0.00648975,0.005879,-1.0104744300677777,3.3345660749506894,6.669132149901379,2.0,0.004669,30.306275433711704,1787740203.48,0.48000001907348633,,,,2.5,1,125,2.0
4937,1787740531,2026-08-26T10:35:31+00:00,BMTUSDT,LONG,overheated_early,sl,sl,0.02615,0.02392142857142857,0.030607142857142857,0.02392142857142857,-1.0,8.522261677137402,17.04452335427479,1.9999999999999984,0.02615,0.0,1787740530.191,0.8090000152587891,,73.1,60.8,,,,
4960,1787741112,2026-08-26T10:45:12+00:00,BOBUSDT,LONG,overheated_confirmed,tp,tp,0.006438,0.006235125,0.0067423125,0.0067423125,1.5,3.151211556383969,4.726817334575953,1.5,0.004669,37.888198757763966,1787741113.187,1.187000036239624,,,,2.7,2,140,1.5
4967,1787741788,2026-08-26T10:56:28+00:00,BICOUSDT,LONG,ema_cross,tp,tp,0.02088,0.01969896551724138,0.02324206896551724,0.02329,2.0405839416058447,5.656295415510627,11.31259083102127,2.000000000000003,0.02088,0.0,1787741789.124,1.124000072479248,0.858,,,,,,
4975,1787744710,2026-08-26T11:45:10+00:00,BICOUSDT,LONG,ema_cross_confirmed,tp,tp,0.02206,0.02028844827586207,0.02560310344827586,0.0266,2.5627250608272516,8.03060618376215,16.0612123675243,2.0,0.02088,5.651340996168585,1787744711.646,1.6459999084472656,,,,3.0,1,48,2.0
4976,1787744712,2026-08-26T11:45:12+00:00,FARTCOINUSDT,LONG,overheated_confirmed,sl,sl,0.215,0.19272446428571427,0.2595510714285715,0.19198,-1.0334207129858977,10.360714285714291,20.721428571428596,2.0000000000000013,0.20918,2.782292762214357,1787744712.717,0.7170000076293945,,,,2.0,1,36,2.0
4985,1787745691,2026-08-26T12:01:31+00:00,BLESSUSDT,LONG,ema_cross,tp,tp,0.009884,0.009209,0.011234000000000001,0.011234000000000001,2.0,6.829218939700528,13.658437879401056,2.0,0.009884,0.0,1787745692.932,1.931999921798706,0.957,,,,,,
4987,1787745693,2026-08-26T12:01:33+00:00,ARXUSDT,SHORT,ema_cross,sl,sl,0.1276,0.13538620689655173,0.11202758620689654,0.1354,-1.0017714791851178,6.102043022375972,12.204086044751921,1.9999999999999964,0.1276,0.0,1787745694.118,1.1180000305175781,0.288,,,,,,
4991,1787745913,2026-08-26T12:05:13+00:00,BICOUSDT,LONG,overheated_early,tp,tp,0.02289,0.021041785714285714,0.02658642857142857,0.0266,2.0073429951690804,8.074330649691072,16.148661299382127,1.9999999999999982,0.02289,0.0,1787745913.309,0.30900001525878906,,20.2,68.7,,,,
4992,1787746213,2026-08-26T12:10:13+00:00,BOBUSDT,LONG,overheated_early,sl,sl,0.005647,0.005323535714285715,0.006293928571428572,0.004862,-2.4268521585513994,5.728073060284848,11.456146120569713,2.0000000000000027,0.005647,0.0,1787746212.921,0.07899999618530273,,39.6,68.2,,,,
4993,1787746226,2026-08-26T12:10:26+00:00,TACUSDT,LONG,overheated_early,tp,tp,0.003679,0.003158285714285714,0.004720428571428572,0.004720428571428572,2.0,14.153690832136064,28.30738166427213,2.0,0.003679,0.0,1787746225.545,0.4549999237060547,,57.4,68.1,,,,
4994,1787758269,2026-08-26T15:31:09+00:00,BICOUSDT,LONG,overheated_confirmed,sl,sl,0.02663,0.024781785714285715,0.030326428571428574,0.024781785714285715,-1.0,6.940346547931981,13.880693095863961,2.0,0.02288,16.389860139860136,1787758270.448,1.4479999542236328,,,,2.2,1,200,2.0
5038,1787758692,2026-08-26T15:38:12+00:00,HUMAUSDT,LONG,ema_cross,tp,tp,0.02305,0.022482068965517243,0.024185862068965516,0.02599,5.17668488160292,2.4639090433091435,4.927818086618287,2.0,0.02305,0.0,1787758692.88,0.880000114440918,0.502,,,,,,
5088,1787760245,2026-08-26T16:04:05+00:00,EDGEXUSDT,SHORT,ema_cross,sl,sl,0.3655,0.3821793103448276,0.3321413793103448,0.3864,-1.2530494107918129,4.563422802962411,9.126845605924808,1.9999999999999967,0.3655,0.0,1787760245.948,0.9479999542236328,0.162,,,,,,
5091,1787760246,2026-08-26T16:04:06+00:00,PARTIUSDT,SHORT,ema_cross,sl,sl,0.02349,0.02472896551724138,0.021012068965517244,0.02472896551724138,-1.0,5.2744381321472105,10.548876264294407,1.9999999999999971,0.02349,0.0,1787760247.414,1.4140000343322754,0.349,,,,,,
5092,1787760247,2026-08-26T16:04:07+00:00,CAKEUSDT,SHORT,ema_cross,sl,sl,1.7042,1.7459103448275861,1.6207793103448276,1.7465,-1.0141369047619055,2.4475029238109482,4.8950058476218965,2.0,1.7042,0.0,1787760247.784,0.7839999198913574,0.186,,,,,,
5093,1787760247,2026-08-26T16:04:07+00:00,WUSDT,SHORT,ema_cross,sl,sl,0.009261,0.009672758620689656,0.00843748275862069,0.009672758620689656,-1.0,4.446157225889816,8.892314451779612,1.9999999999999958,0.009261,0.0,1787760248.179,1.178999900817871,0.166,,,,,,
5103,1787760550,2026-08-26T16:09:10+00:00,UNIUSDT,SHORT,ema_cross,sl,sl,4.228,4.423689655172414,3.836620689655172,4.449,-1.129339207048458,4.628421361693801,9.256842723387601,2.0,4.228,0.0,1787760550.875,0.875,0.159,,,,,,
5106,1787760840,2026-08-26T16:14:00+00:00,TURBOUSDT,SHORT,ema_cross,sl,sl,0.0009634,0.0010163448275862068,0.0008575103448275862,0.0010173,-1.018040901393777,5.495622543720862,10.991245087441746,2.000000000000004,0.0009634,0.0,1787760841.038,1.0380001068115234,0.376,,,,,,
5113,1787761143,2026-08-26T16:19:03+00:00,FLEXUSDT,LONG,ema_cross,tp,tp,111.14,109.12517241379311,115.1696551724138,115.29,2.059729590963554,1.8128734804812772,3.6257469609625668,2.000000000000007,111.14,0.0,1787761143.628,0.628000020980835,0.226,,,,,,
5125,1787831198,2026-08-27T11:46:38+00:00,RUNEUSDT,LONG,overheated_early,sl,sl,0.5662,0.5429392857142857,0.6127214285714286,0.5393,-1.1564563181329657,4.108215168794472,8.216430337588944,2.0,0.5662,0.0,1787831197.201,0.7990000247955322,,17.1,69.2,,,,
5126,1787831201,2026-08-27T11:46:41+00:00,MOVRUSDT,LONG,overheated_early,tp,tp,0.917,0.8477321428571429,1.0555357142857142,1.056,2.006702758442899,7.5537466895154965,15.107493379030993,2.0,0.917,0.0,1787831200.169,0.8310000896453857,,25.3,67.8,,,,
5137,1787831269,2026-08-27T11:47:49+00:00,SKUUUSDT,LONG,ema_cross,sl,sl,23.561,22.743620689655174,25.195758620689656,22.596,-1.1806024299696274,3.469204661707169,6.938409323414353,2.0000000000000044,23.561,0.0,1787831269.804,0.8039999008178711,0.331,,,,,,
5140,1787831472,2026-08-27T11:51:12+00:00,VETUSDT,LONG,overheated_early,tp,tp,0.00694,0.006603732142857143,0.007612535714285714,0.007612535714285714,2.0,4.845358172087277,9.690716344174554,2.0,0.00694,0.0,1787831471.693,0.30699992179870605,,23.2,68.6,,,,
5146,1787831532,2026-08-27T11:52:12+00:00,INTWUSDT,LONG,ema_cross,tp,tp,18.56,18.039310344827584,19.601379310344825,19.63,2.0549668874172147,2.8054399524375806,5.610879904875142,1.9999999999999931,18.56,0.0,1787831533.128,1.128000020980835,0.167,,,,,,
5148,1787831533,2026-08-27T11:52:13+00:00,ESPUSDT,SHORT,ema_cross,sl,sl,0.08538,0.08902931034482758,0.07808137931034483,0.08902931034482758,-1.0,4.274198108254375,8.54839621650875,2.0,0.08538,0.0,1787831533.934,0.9340000152587891,0.191,,,,,,
5154,1787832050,2026-08-27T12:00:50+00:00,MAGMAUSDT,LONG,overheated_confirmed,sl,sl,0.31841,0.2914346428571429,0.3723607142857143,0.28932,-1.0783916537580596,8.471893829608726,16.943787659217453,2.0,0.30728,3.622103618849267,1787832051.151,1.1510000228881836,,,,3.2,1,14,2.0
5156,1787832066,2026-08-27T12:01:06+00:00,KMNOUSDT,LONG,overheated_early,tp,tp,0.02778,0.026338392857142855,0.030663214285714287,0.03069,2.0185804533630605,5.189370564640546,10.378741129281092,2.0,0.02778,0.0,1787832065.727,0.27300000190734863,,16.9,68.6,,,,
5158,1787832132,2026-08-27T12:02:12+00:00,BEAMXUSDT,LONG,ema_cross,sl,sl,0.001895,0.0018319999999999999,0.0020210000000000002,0.0018319999999999999,-1.0,3.324538258575204,6.649076517150408,2.0,0.001895,0.0,1787832133.229,1.2290000915527344,2.226,,,,,,
5161,1787832365,2026-08-27T12:06:05+00:00,MAGMAUSDT,LONG,overheated_early,tp,tp,0.30416,0.2778017857142857,0.35687642857142854,0.35687642857142854,2.0,8.665904223341096,17.331808446682192,2.0,0.30416,0.0,1787832364.774,0.22600007057189941,,25.6,59.5,,,,
5167,1787832429,2026-08-27T12:07:09+00:00,UBERUSDT,SHORT,ema_cross,tp,tp,78.32,79.21310344827586,76.53379310344828,76.53379310344828,1.999999999999984,1.1403261596985013,2.2806523193969848,1.999999999999984,78.32,0.0,1787832429.452,0.4519999027252197,0.186,,,,,,
5180,1787834811,2026-08-27T12:46:51+00:00,KMNOUSDT,LONG,overheated_confirmed,tp,tp,0.02814,0.026714464285714286,0.030991071428571423,0.030991071428571423,2.0,5.065869631434658,10.131739262869315,2.0,0.02789,0.8963786303334411,1787834812.409,1.4089999198913574,,,,3.1,1,60,2.0
5194,1787836870,2026-08-27T13:21:10+00:00,CHIPUSDT,LONG,overheated_early,tp,tp,0.03813,0.03548571428571429,0.043418571428571424,0.043418571428571424,2.0000000000000027,6.93492188378104,13.869843767562099,2.0000000000000027,0.03813,0.0,1787836868.792,1.2079999446868896,,16.0,62.8,,,,
5197,1787837467,2026-08-27T13:31:07+00:00,OKTAUSDT,LONG,overheated_early,sl,sl,162.93,158.13964285714286,172.5107142857143,158.13964285714286,-1.0,2.9401320461898646,5.880264092379729,2.0,162.93,0.0,1787837466.289,0.7109999656677246,,27.3,56.4,,,,
5199,1787838072,2026-08-27T13:41:12+00:00,CRMUSDT,LONG,overheated_early,tp,tp,239.06,233.24428571428572,250.6914285714286,250.6914285714286,2.000000000000005,2.4327425272794607,4.865485054558933,2.000000000000005,239.06,0.0,1787838071.291,0.7090001106262207,,16.7,61.8,,,,
5201,1787838308,2026-08-27T13:45:08+00:00,INTWUSDT,LONG,ema_cross_confirmed,sl,sl,19.02,18.23896551724138,20.58206896551724,18.19,-1.0626931567328897,4.106385293157837,8.212770586315674,2.0,18.56,2.4784482758620734,1787838308.836,0.8359999656677246,,,,3.0,1,112,2.0
5224,1787841059,2026-08-27T14:30:59+00:00,BLESSUSDT,LONG,overheated_confirmed,sl,sl,0.01151,0.010686125,0.01315775,0.010686125,-1.0,7.157906168549087,14.315812337098174,2.0,0.011106,3.6376733297316757,1787841059.639,0.6389999389648438,,,,1.6,1,18,2.0
5225,1787841062,2026-08-27T14:31:02+00:00,INTWUSDT,LONG,overheated_early,sl,sl,19.63,18.794821428571428,21.30035714285714,18.77,-1.0297199059225997,4.254603012881157,8.509206025762314,2.0,19.63,0.0,1787841061.135,0.8650000095367432,,15.5,69.7,,,,
5243,1787844712,2026-08-27T15:31:52+00:00,牛来USDT,LONG,overheated_confirmed,sl,sl,0.05804,0.04608392857142857,0.08195214285714286,0.04608392857142857,-1.0,20.59970955990943,41.19941911981885,1.9999999999999993,0.05738,1.1502265597769272,1787844713.002,1.002000093460083,,,,2.5,1,225,2.0
5266,1787846167,2026-08-27T15:56:07+00:00,ACUUSDT,LONG,overheated_early,sl,sl,0.1499,0.14012910714285715,0.16944178571428573,0.14012910714285715,-1.0,6.518274087486898,13.036548174973795,2.0,0.1499,0.0,1787846166.466,0.5339999198913574,,15.3,62.2,,,,
5273,1787846545,2026-08-27T16:02:25+00:00,TXNUSDT,LONG,ema_cross,sl,sl,267.7,264.70344827586206,273.69310344827585,264.7,-1.0011507479861912,1.1193693403578373,2.2387386807156746,2.0,267.7,0.0,1787846546.183,1.183000087738037,0.213,,,,,,
5275,1787846546,2026-08-27T16:02:26+00:00,COINXUSDT,LONG,ema_cross,sl,sl,192.71,188.49827586206897,201.13344827586207,188.44,-1.0138365809726548,2.1855244346069442,4.371048869213874,1.9999999999999933,192.71,0.0,1787846547.047,1.0469999313354492,0.47,,,,,,
5311,1787850073,2026-08-27T17:01:13+00:00,MOVRUSDT,LONG,overheated_early,sl,sl,1.033,0.9491071428571428,1.2007857142857141,0.9491071428571428,-1.0,8.121283363296913,16.242566726593825,2.0,1.033,0.0,1787850072.617,0.38299989700317383,,48.9,67.4,,,,
