signal_id,strategy,symbol,direction,event_ts,event_utc,entry_price,baseline_sl_price,baseline_tp_price,baseline_risk_pct,baseline_reward_pct,baseline_source,parent_check_sl_pct,parent_check_tp_pct,parent_check_match,parent_check_db_id,variant,scale,outcome,outcome_ts,outcome_utc,outcome_reason,candle_source
overheated_24h-db-6495,overheated_24h,SKRUSDT,LONG,1788044414.0,2026-08-29T23:00:14+00:00,0.010649,0.009743535714285715,0.012459928571428571,8.502810458393139,17.005620916786278,persisted_overheated_24h,,,,,baseline,1.0,WIN,1788063540,2026-08-30T04:19:00+00:00,tp,Gate.io futures 1m
overheated_24h-db-6495,overheated_24h,SKRUSDT,LONG,1788044414.0,2026-08-29T23:00:14+00:00,0.010649,0.009743535714285715,0.012459928571428571,8.502810458393139,17.005620916786278,persisted_overheated_24h,,,,,narrow-1,0.75,WIN,1788049500,2026-08-30T00:25:00+00:00,tp,Gate.io futures 1m
overheated_24h-db-6495,overheated_24h,SKRUSDT,LONG,1788044414.0,2026-08-29T23:00:14+00:00,0.010649,0.009743535714285715,0.012459928571428571,8.502810458393139,17.005620916786278,persisted_overheated_24h,,,,,narrow-2,0.5,WIN,1788049320,2026-08-30T00:22:00+00:00,tp,Gate.io futures 1m
overheated_24h-db-6499,overheated_24h,BROCCOLIF3BUSDT,LONG,1788069852.0,2026-08-30T06:04:12+00:00,0.007475,0.0072083214285714285,0.008008357142857143,3.5676063067367405,7.1352126134734934,persisted_overheated_24h,,,,,baseline,1.0,WIN,1788070740,2026-08-30T06:19:00+00:00,tp,Gate.io futures 1m
overheated_24h-db-6499,overheated_24h,BROCCOLIF3BUSDT,LONG,1788069852.0,2026-08-30T06:04:12+00:00,0.007475,0.0072083214285714285,0.008008357142857143,3.5676063067367405,7.1352126134734934,persisted_overheated_24h,,,,,narrow-1,0.75,WIN,1788070140,2026-08-30T06:09:00+00:00,tp,Gate.io futures 1m
overheated_24h-db-6499,overheated_24h,BROCCOLIF3BUSDT,LONG,1788069852.0,2026-08-30T06:04:12+00:00,0.007475,0.0072083214285714285,0.008008357142857143,3.5676063067367405,7.1352126134734934,persisted_overheated_24h,,,,,narrow-2,0.5,WIN,1788070080,2026-08-30T06:08:00+00:00,tp,Gate.io futures 1m
overheated_24h-db-6524,overheated_24h,ZKCUSDT,LONG,1788071156.0,2026-08-30T06:25:56+00:00,0.04587,0.04410321428571429,0.049403571428571436,3.851723815752592,7.703447631505199,persisted_overheated_24h,,,,,baseline,1.0,WIN,1788075180,2026-08-30T07:33:00+00:00,tp,Gate.io futures 1m
overheated_24h-db-6524,overheated_24h,ZKCUSDT,LONG,1788071156.0,2026-08-30T06:25:56+00:00,0.04587,0.04410321428571429,0.049403571428571436,3.851723815752592,7.703447631505199,persisted_overheated_24h,,,,,narrow-1,0.75,WIN,1788072120,2026-08-30T06:42:00+00:00,tp,Gate.io futures 1m
overheated_24h-db-6524,overheated_24h,ZKCUSDT,LONG,1788071156.0,2026-08-30T06:25:56+00:00,0.04587,0.04410321428571429,0.049403571428571436,3.851723815752592,7.703447631505199,persisted_overheated_24h,,,,,narrow-2,0.5,WIN,1788071220,2026-08-30T06:27:00+00:00,tp,Gate.io futures 1m
overheated_24h-db-6528,overheated_24h,SKRUSDT,LONG,1788071820.0,2026-08-30T06:37:00+00:00,0.012977,0.011989142857142858,0.014952714285714288,7.61236913660432,15.224738273208654,persisted_overheated_24h,,,,,baseline,1.0,WIN,1788083940,2026-08-30T09:59:00+00:00,tp,Gate.io futures 1m
overheated_24h-db-6528,overheated_24h,SKRUSDT,LONG,1788071820.0,2026-08-30T06:37:00+00:00,0.012977,0.011989142857142858,0.014952714285714288,7.61236913660432,15.224738273208654,persisted_overheated_24h,,,,,narrow-1,0.75,WIN,1788083940,2026-08-30T09:59:00+00:00,tp,Gate.io futures 1m
overheated_24h-db-6528,overheated_24h,SKRUSDT,LONG,1788071820.0,2026-08-30T06:37:00+00:00,0.012977,0.011989142857142858,0.014952714285714288,7.61236913660432,15.224738273208654,persisted_overheated_24h,,,,,narrow-2,0.5,WIN,1788083340,2026-08-30T09:49:00+00:00,tp,Gate.io futures 1m
overheated_24h-db-6529,overheated_24h,HNTUSDT,LONG,1788071828.0,2026-08-30T06:37:08+00:00,0.6088,0.5607357142857143,0.7049285714285715,7.894922094987791,15.7898441899756,persisted_overheated_24h,,,,,baseline,1.0,WIN,1788091680,2026-08-30T12:08:00+00:00,tp,Gate.io futures 1m
overheated_24h-db-6529,overheated_24h,HNTUSDT,LONG,1788071828.0,2026-08-30T06:37:08+00:00,0.6088,0.5607357142857143,0.7049285714285715,7.894922094987791,15.7898441899756,persisted_overheated_24h,,,,,narrow-1,0.75,LOSS,1788083040,2026-08-30T09:44:00+00:00,sl,Gate.io futures 1m
overheated_24h-db-6529,overheated_24h,HNTUSDT,LONG,1788071828.0,2026-08-30T06:37:08+00:00,0.6088,0.5607357142857143,0.7049285714285715,7.894922094987791,15.7898441899756,persisted_overheated_24h,,,,,narrow-2,0.5,LOSS,1788071880,2026-08-30T06:38:00+00:00,sl,Gate.io futures 1m
overheated_24h-db-6533,overheated_24h,BROCCOLIF3BUSDT,LONG,1788073324.0,2026-08-30T07:02:04+00:00,0.007843,0.007576321428571428,0.008376357142857142,3.4002112894118497,6.800422578823699,persisted_overheated_24h,,,,,baseline,1.0,LOSS,1788073320,2026-08-30T07:02:00+00:00,sl,Gate.io futures 1m
overheated_24h-db-6533,overheated_24h,BROCCOLIF3BUSDT,LONG,1788073324.0,2026-08-30T07:02:04+00:00,0.007843,0.007576321428571428,0.008376357142857142,3.4002112894118497,6.800422578823699,persisted_overheated_24h,,,,,narrow-1,0.75,LOSS,1788073320,2026-08-30T07:02:00+00:00,sl,Gate.io futures 1m
overheated_24h-db-6533,overheated_24h,BROCCOLIF3BUSDT,LONG,1788073324.0,2026-08-30T07:02:04+00:00,0.007843,0.007576321428571428,0.008376357142857142,3.4002112894118497,6.800422578823699,persisted_overheated_24h,,,,,narrow-2,0.5,LOSS,1788073320,2026-08-30T07:02:00+00:00,sl,Gate.io futures 1m
overheated_24h-db-6540,overheated_24h,LISTAUSDT,LONG,1788074863.0,2026-08-30T07:27:43+00:00,0.07926,0.07604196428571429,0.08569607142857141,4.060100573158854,8.120201146317708,persisted_overheated_24h,,,,,baseline,1.0,LOSS,1788081900,2026-08-30T09:25:00+00:00,sl,Gate.io futures 1m
overheated_24h-db-6540,overheated_24h,LISTAUSDT,LONG,1788074863.0,2026-08-30T07:27:43+00:00,0.07926,0.07604196428571429,0.08569607142857141,4.060100573158854,8.120201146317708,persisted_overheated_24h,,,,,narrow-1,0.75,LOSS,1788080880,2026-08-30T09:08:00+00:00,sl,Gate.io futures 1m
overheated_24h-db-6540,overheated_24h,LISTAUSDT,LONG,1788074863.0,2026-08-30T07:27:43+00:00,0.07926,0.07604196428571429,0.08569607142857141,4.060100573158854,8.120201146317708,persisted_overheated_24h,,,,,narrow-2,0.5,LOSS,1788077880,2026-08-30T08:18:00+00:00,sl,Gate.io futures 1m
overheated_24h-db-6541,overheated_24h,BROCCOLIF3BUSDT,LONG,1788074867.0,2026-08-30T07:27:47+00:00,0.007452,0.007185321428571429,0.007985357142857143,3.5786174373130883,7.157234874626177,persisted_overheated_24h,,,,,baseline,1.0,LOSS,1788080640,2026-08-30T09:04:00+00:00,sl,Gate.io futures 1m
overheated_24h-db-6541,overheated_24h,BROCCOLIF3BUSDT,LONG,1788074867.0,2026-08-30T07:27:47+00:00,0.007452,0.007185321428571429,0.007985357142857143,3.5786174373130883,7.157234874626177,persisted_overheated_24h,,,,,narrow-1,0.75,LOSS,1788080580,2026-08-30T09:03:00+00:00,sl,Gate.io futures 1m
overheated_24h-db-6541,overheated_24h,BROCCOLIF3BUSDT,LONG,1788074867.0,2026-08-30T07:27:47+00:00,0.007452,0.007185321428571429,0.007985357142857143,3.5786174373130883,7.157234874626177,persisted_overheated_24h,,,,,narrow-2,0.5,WIN,1788077400,2026-08-30T08:10:00+00:00,tp,Gate.io futures 1m
overheated_24h-db-6552,overheated_24h,牛来USDT,LONG,1788076947.0,2026-08-30T08:02:27+00:00,0.08276,0.0695075,0.109265,16.013170613823103,32.026341227646206,persisted_overheated_24h,,,,,baseline,1.0,WIN,1788078960,2026-08-30T08:36:00+00:00,tp,Gate.io futures 1m
overheated_24h-db-6552,overheated_24h,牛来USDT,LONG,1788076947.0,2026-08-30T08:02:27+00:00,0.08276,0.0695075,0.109265,16.013170613823103,32.026341227646206,persisted_overheated_24h,,,,,narrow-1,0.75,WIN,1788078960,2026-08-30T08:36:00+00:00,tp,Gate.io futures 1m
overheated_24h-db-6552,overheated_24h,牛来USDT,LONG,1788076947.0,2026-08-30T08:02:27+00:00,0.08276,0.0695075,0.109265,16.013170613823103,32.026341227646206,persisted_overheated_24h,,,,,narrow-2,0.5,WIN,1788078900,2026-08-30T08:35:00+00:00,tp,Gate.io futures 1m
overheated_24h-db-6553,overheated_24h,ZKCUSDT,LONG,1788076950.0,2026-08-30T08:02:30+00:00,0.05161,0.049315535714285715,0.05619892857142858,4.445774628394282,8.891549256788563,persisted_overheated_24h,,,,,baseline,1.0,WIN,1788081300,2026-08-30T09:15:00+00:00,tp,Gate.io futures 1m
overheated_24h-db-6553,overheated_24h,ZKCUSDT,LONG,1788076950.0,2026-08-30T08:02:30+00:00,0.05161,0.049315535714285715,0.05619892857142858,4.445774628394282,8.891549256788563,persisted_overheated_24h,,,,,narrow-1,0.75,WIN,1788079440,2026-08-30T08:44:00+00:00,tp,Gate.io futures 1m
overheated_24h-db-6553,overheated_24h,ZKCUSDT,LONG,1788076950.0,2026-08-30T08:02:30+00:00,0.05161,0.049315535714285715,0.05619892857142858,4.445774628394282,8.891549256788563,persisted_overheated_24h,,,,,narrow-2,0.5,WIN,1788079320,2026-08-30T08:42:00+00:00,tp,Gate.io futures 1m
overheated_24h-db-6581,overheated_24h,ZKPUSDT,LONG,1788082278.0,2026-08-30T09:31:18+00:00,0.0556,0.05212321428571428,0.06255357142857143,6.253211716341219,12.506423432682437,persisted_overheated_24h,,,,,baseline,1.0,LOSS,1788123180,2026-08-30T20:53:00+00:00,sl,Gate.io futures 1m
overheated_24h-db-6581,overheated_24h,ZKPUSDT,LONG,1788082278.0,2026-08-30T09:31:18+00:00,0.0556,0.05212321428571428,0.06255357142857143,6.253211716341219,12.506423432682437,persisted_overheated_24h,,,,,narrow-1,0.75,WIN,1788083460,2026-08-30T09:51:00+00:00,tp,Gate.io futures 1m
overheated_24h-db-6581,overheated_24h,ZKPUSDT,LONG,1788082278.0,2026-08-30T09:31:18+00:00,0.0556,0.05212321428571428,0.06255357142857143,6.253211716341219,12.506423432682437,persisted_overheated_24h,,,,,narrow-2,0.5,WIN,1788082860,2026-08-30T09:41:00+00:00,tp,Gate.io futures 1m
overheated_confirmed-log-1788084328.011-SKRUSDT-LONG,overheated_confirmed,SKRUSDT,LONG,1788084328.011,2026-08-30T10:05:28.011000+00:00,0.015392,0.014268607142857142,0.017638785714285714,7.2985502673002705,14.597100534600541,persisted_confirmed,,,,,baseline,1.0,WIN,1788109680,2026-08-30T17:08:00+00:00,tp,Gate.io futures 1m
overheated_confirmed-log-1788084328.011-SKRUSDT-LONG,overheated_confirmed,SKRUSDT,LONG,1788084328.011,2026-08-30T10:05:28.011000+00:00,0.015392,0.014268607142857142,0.017638785714285714,7.2985502673002705,14.597100534600541,persisted_confirmed,,,,,narrow-1,0.75,LOSS,1788088260,2026-08-30T11:11:00+00:00,sl,Gate.io futures 1m
overheated_confirmed-log-1788084328.011-SKRUSDT-LONG,overheated_confirmed,SKRUSDT,LONG,1788084328.011,2026-08-30T10:05:28.011000+00:00,0.015392,0.014268607142857142,0.017638785714285714,7.2985502673002705,14.597100534600541,persisted_confirmed,,,,,narrow-2,0.5,LOSS,1788087540,2026-08-30T10:59:00+00:00,sl,Gate.io futures 1m
ema_cross_confirmed-log-1788085845.083-UAIUSDT-LONG,ema_cross_confirmed,UAIUSDT,LONG,1788085845.083,2026-08-30T10:30:45.083000+00:00,0.34845,0.32001517241379307,0.4053196551724138,8.160375257915602,16.320750515831204,persisted_confirmed,,,,,baseline,1.0,WIN,1788124020,2026-08-30T21:07:00+00:00,tp,Gate.io futures 1m
ema_cross_confirmed-log-1788085845.083-UAIUSDT-LONG,ema_cross_confirmed,UAIUSDT,LONG,1788085845.083,2026-08-30T10:30:45.083000+00:00,0.34845,0.32001517241379307,0.4053196551724138,8.160375257915602,16.320750515831204,persisted_confirmed,,,,,narrow-1,0.75,WIN,1788105300,2026-08-30T15:55:00+00:00,tp,Gate.io futures 1m
ema_cross_confirmed-log-1788085845.083-UAIUSDT-LONG,ema_cross_confirmed,UAIUSDT,LONG,1788085845.083,2026-08-30T10:30:45.083000+00:00,0.34845,0.32001517241379307,0.4053196551724138,8.160375257915602,16.320750515831204,persisted_confirmed,,,,,narrow-2,0.5,WIN,1788093960,2026-08-30T12:46:00+00:00,tp,Gate.io futures 1m
overheated_24h-db-6634,overheated_24h,MAGICUSDT,LONG,1788087863.0,2026-08-30T11:04:23+00:00,0.05238,0.05080982142857143,0.05552035714285715,2.997668139420713,5.995336278841439,persisted_overheated_24h,,,,,baseline,1.0,LOSS,1788087840,2026-08-30T11:04:00+00:00,sl,Gate.io futures 1m
overheated_24h-db-6634,overheated_24h,MAGICUSDT,LONG,1788087863.0,2026-08-30T11:04:23+00:00,0.05238,0.05080982142857143,0.05552035714285715,2.997668139420713,5.995336278841439,persisted_overheated_24h,,,,,narrow-1,0.75,LOSS,1788087840,2026-08-30T11:04:00+00:00,sl,Gate.io futures 1m
overheated_24h-db-6634,overheated_24h,MAGICUSDT,LONG,1788087863.0,2026-08-30T11:04:23+00:00,0.05238,0.05080982142857143,0.05552035714285715,2.997668139420713,5.995336278841439,persisted_overheated_24h,,,,,narrow-2,0.5,LOSS,1788087840,2026-08-30T11:04:00+00:00,sl,Gate.io futures 1m
overheated_24h-db-6635,overheated_24h,SKRUSDT,LONG,1788087869.0,2026-08-30T11:04:29+00:00,0.014795,0.013671607142857143,0.017041785714285714,7.5930575001206995,15.186115000241388,persisted_overheated_24h,,,,,baseline,1.0,WIN,1788106800,2026-08-30T16:20:00+00:00,tp,Gate.io futures 1m
overheated_24h-db-6635,overheated_24h,SKRUSDT,LONG,1788087869.0,2026-08-30T11:04:29+00:00,0.014795,0.013671607142857143,0.017041785714285714,7.5930575001206995,15.186115000241388,persisted_overheated_24h,,,,,narrow-1,0.75,WIN,1788093420,2026-08-30T12:37:00+00:00,tp,Gate.io futures 1m
overheated_24h-db-6635,overheated_24h,SKRUSDT,LONG,1788087869.0,2026-08-30T11:04:29+00:00,0.014795,0.013671607142857143,0.017041785714285714,7.5930575001206995,15.186115000241388,persisted_overheated_24h,,,,,narrow-2,0.5,WIN,1788093360,2026-08-30T12:36:00+00:00,tp,Gate.io futures 1m
overheated_confirmed-log-1788087928.136-MAGICUSDT-LONG,overheated_confirmed,MAGICUSDT,LONG,1788087928.136,2026-08-30T11:05:28.136000+00:00,0.05304,0.05146982142857143,0.056180357142857136,2.9603668390433064,5.920733678086613,persisted_confirmed,,,,,baseline,1.0,LOSS,1788089520,2026-08-30T11:32:00+00:00,sl,Gate.io futures 1m
overheated_confirmed-log-1788087928.136-MAGICUSDT-LONG,overheated_confirmed,MAGICUSDT,LONG,1788087928.136,2026-08-30T11:05:28.136000+00:00,0.05304,0.05146982142857143,0.056180357142857136,2.9603668390433064,5.920733678086613,persisted_confirmed,,,,,narrow-1,0.75,LOSS,1788087900,2026-08-30T11:05:00+00:00,sl,Gate.io futures 1m
overheated_confirmed-log-1788087928.136-MAGICUSDT-LONG,overheated_confirmed,MAGICUSDT,LONG,1788087928.136,2026-08-30T11:05:28.136000+00:00,0.05304,0.05146982142857143,0.056180357142857136,2.9603668390433064,5.920733678086613,persisted_confirmed,,,,,narrow-2,0.5,LOSS,1788087900,2026-08-30T11:05:00+00:00,sl,Gate.io futures 1m
overheated_24h-db-6638,overheated_24h,AIOUSDT,LONG,1788088158.0,2026-08-30T11:09:18+00:00,0.05209,0.048927678571428566,0.05841464285714285,6.070880070208161,12.14176014041631,persisted_overheated_24h,,,,,baseline,1.0,LOSS,1788115560,2026-08-30T18:46:00+00:00,sl,Gate.io futures 1m
overheated_24h-db-6638,overheated_24h,AIOUSDT,LONG,1788088158.0,2026-08-30T11:09:18+00:00,0.05209,0.048927678571428566,0.05841464285714285,6.070880070208161,12.14176014041631,persisted_overheated_24h,,,,,narrow-1,0.75,LOSS,1788113040,2026-08-30T18:04:00+00:00,sl,Gate.io futures 1m
overheated_24h-db-6638,overheated_24h,AIOUSDT,LONG,1788088158.0,2026-08-30T11:09:18+00:00,0.05209,0.048927678571428566,0.05841464285714285,6.070880070208161,12.14176014041631,persisted_overheated_24h,,,,,narrow-2,0.5,LOSS,1788108780,2026-08-30T16:53:00+00:00,sl,Gate.io futures 1m
overheated_24h-db-6639,overheated_24h,DOSUSDT,LONG,1788088166.0,2026-08-30T11:09:26+00:00,0.3278,0.3078125,0.36777499999999996,6.097467968273335,12.19493593654667,persisted_overheated_24h,,,,,baseline,1.0,LOSS,1788124920,2026-08-30T21:22:00+00:00,sl,Gate.io futures 1m
overheated_24h-db-6639,overheated_24h,DOSUSDT,LONG,1788088166.0,2026-08-30T11:09:26+00:00,0.3278,0.3078125,0.36777499999999996,6.097467968273335,12.19493593654667,persisted_overheated_24h,,,,,narrow-1,0.75,LOSS,1788101760,2026-08-30T14:56:00+00:00,sl,Gate.io futures 1m
overheated_24h-db-6639,overheated_24h,DOSUSDT,LONG,1788088166.0,2026-08-30T11:09:26+00:00,0.3278,0.3078125,0.36777499999999996,6.097467968273335,12.19493593654667,persisted_overheated_24h,,,,,narrow-2,0.5,LOSS,1788089640,2026-08-30T11:34:00+00:00,sl,Gate.io futures 1m
overheated_confirmed-log-1788088525.583-DOSUSDT-LONG,overheated_confirmed,DOSUSDT,LONG,1788088525.583,2026-08-30T11:15:25.583000+00:00,0.3223,0.3023125,0.36227499999999996,6.20152032268073,12.40304064536146,persisted_confirmed,,,,,baseline,1.0,LOSS,1788131820,2026-08-30T23:17:00+00:00,sl,Gate.io futures 1m
overheated_confirmed-log-1788088525.583-DOSUSDT-LONG,overheated_confirmed,DOSUSDT,LONG,1788088525.583,2026-08-30T11:15:25.583000+00:00,0.3223,0.3023125,0.36227499999999996,6.20152032268073,12.40304064536146,persisted_confirmed,,,,,narrow-1,0.75,LOSS,1788124920,2026-08-30T21:22:00+00:00,sl,Gate.io futures 1m
overheated_confirmed-log-1788088525.583-DOSUSDT-LONG,overheated_confirmed,DOSUSDT,LONG,1788088525.583,2026-08-30T11:15:25.583000+00:00,0.3223,0.3023125,0.36227499999999996,6.20152032268073,12.40304064536146,persisted_confirmed,,,,,narrow-2,0.5,LOSS,1788101820,2026-08-30T14:57:00+00:00,sl,Gate.io futures 1m
ema_cross_confirmed-log-1788090329.961-CYSUSDT-LONG,ema_cross_confirmed,CYSUSDT,LONG,1788090329.961,2026-08-30T11:45:29.961000+00:00,0.8248,0.7375931034482759,0.9992137931034482,10.573096090170234,21.146192180340467,persisted_confirmed,,,,,baseline,1.0,WIN,1788166260,2026-08-31T08:51:00+00:00,tp,Gate.io futures 1m
ema_cross_confirmed-log-1788090329.961-CYSUSDT-LONG,ema_cross_confirmed,CYSUSDT,LONG,1788090329.961,2026-08-30T11:45:29.961000+00:00,0.8248,0.7375931034482759,0.9992137931034482,10.573096090170234,21.146192180340467,persisted_confirmed,,,,,narrow-1,0.75,WIN,1788164100,2026-08-31T08:15:00+00:00,tp,Gate.io futures 1m
ema_cross_confirmed-log-1788090329.961-CYSUSDT-LONG,ema_cross_confirmed,CYSUSDT,LONG,1788090329.961,2026-08-30T11:45:29.961000+00:00,0.8248,0.7375931034482759,0.9992137931034482,10.573096090170234,21.146192180340467,persisted_confirmed,,,,,narrow-2,0.5,LOSS,1788094860,2026-08-30T13:01:00+00:00,sl,Gate.io futures 1m
overheated_confirmed-log-1788090334.996-HNTUSDT-LONG,overheated_confirmed,HNTUSDT,LONG,1788090334.996,2026-08-30T11:45:34.996000+00:00,0.6717,0.6130607142857143,0.7889785714285713,8.729981496841695,17.45996299368339,persisted_confirmed,,,,,baseline,1.0,WIN,1788099960,2026-08-30T14:26:00+00:00,tp,Gate.io futures 1m
overheated_confirmed-log-1788090334.996-HNTUSDT-LONG,overheated_confirmed,HNTUSDT,LONG,1788090334.996,2026-08-30T11:45:34.996000+00:00,0.6717,0.6130607142857143,0.7889785714285713,8.729981496841695,17.45996299368339,persisted_confirmed,,,,,narrow-1,0.75,WIN,1788099780,2026-08-30T14:23:00+00:00,tp,Gate.io futures 1m
overheated_confirmed-log-1788090334.996-HNTUSDT-LONG,overheated_confirmed,HNTUSDT,LONG,1788090334.996,2026-08-30T11:45:34.996000+00:00,0.6717,0.6130607142857143,0.7889785714285713,8.729981496841695,17.45996299368339,persisted_confirmed,,,,,narrow-2,0.5,LOSS,1788094020,2026-08-30T12:47:00+00:00,sl,Gate.io futures 1m
overheated_confirmed-log-1788090336.335-牛来USDT-LONG,overheated_confirmed,牛来USDT,LONG,1788090336.335,2026-08-30T11:45:36.335000+00:00,0.1016,0.08679600836585735,0.13120798326828528,14.570857907620713,29.141715815241426,historical_4h_atr_reconstructed,13.043799212598426,26.087598425196852,nearest_prior_parent_only,6552,baseline,1.0,WIN,1788102660,2026-08-30T15:11:00+00:00,tp,Gate.io futures 1m
overheated_confirmed-log-1788090336.335-牛来USDT-LONG,overheated_confirmed,牛来USDT,LONG,1788090336.335,2026-08-30T11:45:36.335000+00:00,0.1016,0.08679600836585735,0.13120798326828528,14.570857907620713,29.141715815241426,historical_4h_atr_reconstructed,13.043799212598426,26.087598425196852,nearest_prior_parent_only,6552,narrow-1,0.75,WIN,1788101700,2026-08-30T14:55:00+00:00,tp,Gate.io futures 1m
overheated_confirmed-log-1788090336.335-牛来USDT-LONG,overheated_confirmed,牛来USDT,LONG,1788090336.335,2026-08-30T11:45:36.335000+00:00,0.1016,0.08679600836585735,0.13120798326828528,14.570857907620713,29.141715815241426,historical_4h_atr_reconstructed,13.043799212598426,26.087598425196852,nearest_prior_parent_only,6552,narrow-2,0.5,WIN,1788095820,2026-08-30T13:17:00+00:00,tp,Gate.io futures 1m
overheated_24h-db-6651,overheated_24h,UNIUSDT,LONG,1788090517.0,2026-08-30T11:48:37+00:00,5.044,4.834696428571428,5.462607142857142,4.14955534156565,8.2991106831313,persisted_overheated_24h,,,,,baseline,1.0,WIN,1788112260,2026-08-30T17:51:00+00:00,tp,Gate.io futures 1m
overheated_24h-db-6651,overheated_24h,UNIUSDT,LONG,1788090517.0,2026-08-30T11:48:37+00:00,5.044,4.834696428571428,5.462607142857142,4.14955534156565,8.2991106831313,persisted_overheated_24h,,,,,narrow-1,0.75,WIN,1788107520,2026-08-30T16:32:00+00:00,tp,Gate.io futures 1m
overheated_24h-db-6651,overheated_24h,UNIUSDT,LONG,1788090517.0,2026-08-30T11:48:37+00:00,5.044,4.834696428571428,5.462607142857142,4.14955534156565,8.2991106831313,persisted_overheated_24h,,,,,narrow-2,0.5,WIN,1788094800,2026-08-30T13:00:00+00:00,tp,Gate.io futures 1m
overheated_24h-db-6652,overheated_24h,ZKUSDT,LONG,1788090521.0,2026-08-30T11:48:41+00:00,0.00934,0.009022321428571428,0.009975357142857142,3.4012695013765653,6.8025390027531305,persisted_overheated_24h,,,,,baseline,1.0,LOSS,1788093660,2026-08-30T12:41:00+00:00,sl,Gate.io futures 1m
overheated_24h-db-6652,overheated_24h,ZKUSDT,LONG,1788090521.0,2026-08-30T11:48:41+00:00,0.00934,0.009022321428571428,0.009975357142857142,3.4012695013765653,6.8025390027531305,persisted_overheated_24h,,,,,narrow-1,0.75,LOSS,1788092280,2026-08-30T12:18:00+00:00,sl,Gate.io futures 1m
overheated_24h-db-6652,overheated_24h,ZKUSDT,LONG,1788090521.0,2026-08-30T11:48:41+00:00,0.00934,0.009022321428571428,0.009975357142857142,3.4012695013765653,6.8025390027531305,persisted_overheated_24h,,,,,narrow-2,0.5,LOSS,1788091260,2026-08-30T12:01:00+00:00,sl,Gate.io futures 1m
overheated_confirmed-log-1788091184.945-HNTUSDT-LONG,overheated_confirmed,HNTUSDT,LONG,1788091184.945,2026-08-30T11:59:44.945000+00:00,0.6717,0.589447963303295,0.83620407339341,12.24535308868617,24.49070617737234,historical_4h_atr_reconstructed,7.1556179416831425,14.311235883366285,nearest_prior_parent_only,6529,baseline,1.0,WIN,1788102780,2026-08-30T15:13:00+00:00,tp,Gate.io futures 1m
overheated_confirmed-log-1788091184.945-HNTUSDT-LONG,overheated_confirmed,HNTUSDT,LONG,1788091184.945,2026-08-30T11:59:44.945000+00:00,0.6717,0.589447963303295,0.83620407339341,12.24535308868617,24.49070617737234,historical_4h_atr_reconstructed,7.1556179416831425,14.311235883366285,nearest_prior_parent_only,6529,narrow-1,0.75,WIN,1788102000,2026-08-30T15:00:00+00:00,tp,Gate.io futures 1m
overheated_confirmed-log-1788091184.945-HNTUSDT-LONG,overheated_confirmed,HNTUSDT,LONG,1788091184.945,2026-08-30T11:59:44.945000+00:00,0.6717,0.589447963303295,0.83620407339341,12.24535308868617,24.49070617737234,historical_4h_atr_reconstructed,7.1556179416831425,14.311235883366285,nearest_prior_parent_only,6529,narrow-2,0.5,WIN,1788099780,2026-08-30T14:23:00+00:00,tp,Gate.io futures 1m
overheated_confirmed-log-1788091461.445-UNIUSDT-LONG,overheated_confirmed,UNIUSDT,LONG,1788091461.445,2026-08-30T12:04:21.445000+00:00,5.101,4.891696428571429,5.519607142857143,4.103187050158231,8.206374100316461,persisted_confirmed,,,,,baseline,1.0,WIN,1788241200,2026-09-01T05:40:00+00:00,tp,Gate.io futures 1m
overheated_confirmed-log-1788091461.445-UNIUSDT-LONG,overheated_confirmed,UNIUSDT,LONG,1788091461.445,2026-08-30T12:04:21.445000+00:00,5.101,4.891696428571429,5.519607142857143,4.103187050158231,8.206374100316461,persisted_confirmed,,,,,narrow-1,0.75,WIN,1788112200,2026-08-30T17:50:00+00:00,tp,Gate.io futures 1m
overheated_confirmed-log-1788091461.445-UNIUSDT-LONG,overheated_confirmed,UNIUSDT,LONG,1788091461.445,2026-08-30T12:04:21.445000+00:00,5.101,4.891696428571429,5.519607142857143,4.103187050158231,8.206374100316461,persisted_confirmed,,,,,narrow-2,0.5,WIN,1788094920,2026-08-30T13:02:00+00:00,tp,Gate.io futures 1m
overheated_24h-db-6668,overheated_24h,牛来USDT,LONG,1788092064.0,2026-08-30T12:14:24+00:00,0.1078,0.09307107142857143,0.13725785714285715,13.663199045852108,27.326398091704217,persisted_overheated_24h,,,,,baseline,1.0,WIN,1788106740,2026-08-30T16:19:00+00:00,tp,Gate.io futures 1m
overheated_24h-db-6668,overheated_24h,牛来USDT,LONG,1788092064.0,2026-08-30T12:14:24+00:00,0.1078,0.09307107142857143,0.13725785714285715,13.663199045852108,27.326398091704217,persisted_overheated_24h,,,,,narrow-1,0.75,WIN,1788102600,2026-08-30T15:10:00+00:00,tp,Gate.io futures 1m
overheated_24h-db-6668,overheated_24h,牛来USDT,LONG,1788092064.0,2026-08-30T12:14:24+00:00,0.1078,0.09307107142857143,0.13725785714285715,13.663199045852108,27.326398091704217,persisted_overheated_24h,,,,,narrow-2,0.5,LOSS,1788092100,2026-08-30T12:15:00+00:00,sl,Gate.io futures 1m
overheated_confirmed-log-1788092186.863-UNIUSDT-LONG,overheated_confirmed,UNIUSDT,LONG,1788092186.863,2026-08-30T12:16:26.863000+00:00,5.185,4.945666570590223,5.663666858819553,4.615880991509671,9.231761983019359,historical_4h_atr_reconstructed,4.0367130458740865,8.073426091748173,nearest_prior_parent_only,6651,baseline,1.0,WIN,1788243960,2026-09-01T06:26:00+00:00,tp,Gate.io futures 1m
overheated_confirmed-log-1788092186.863-UNIUSDT-LONG,overheated_confirmed,UNIUSDT,LONG,1788092186.863,2026-08-30T12:16:26.863000+00:00,5.185,4.945666570590223,5.663666858819553,4.615880991509671,9.231761983019359,historical_4h_atr_reconstructed,4.0367130458740865,8.073426091748173,nearest_prior_parent_only,6651,narrow-1,0.75,LOSS,1788144780,2026-08-31T02:53:00+00:00,sl,Gate.io futures 1m
overheated_confirmed-log-1788092186.863-UNIUSDT-LONG,overheated_confirmed,UNIUSDT,LONG,1788092186.863,2026-08-30T12:16:26.863000+00:00,5.185,4.945666570590223,5.663666858819553,4.615880991509671,9.231761983019359,historical_4h_atr_reconstructed,4.0367130458740865,8.073426091748173,nearest_prior_parent_only,6651,narrow-2,0.5,WIN,1788112200,2026-08-30T17:50:00+00:00,tp,Gate.io futures 1m
overheated_confirmed-log-1788093038.384-UNIUSDT-LONG,overheated_confirmed,UNIUSDT,LONG,1788093038.384,2026-08-30T12:30:38.384000+00:00,5.2,4.960666570590224,5.678666858819554,4.6025659501880085,9.205131900376033,historical_4h_atr_reconstructed,4.02506868131868,8.05013736263736,nearest_prior_parent_only,6651,baseline,1.0,WIN,1788243960,2026-09-01T06:26:00+00:00,tp,Gate.io futures 1m
overheated_confirmed-log-1788093038.384-UNIUSDT-LONG,overheated_confirmed,UNIUSDT,LONG,1788093038.384,2026-08-30T12:30:38.384000+00:00,5.2,4.960666570590224,5.678666858819554,4.6025659501880085,9.205131900376033,historical_4h_atr_reconstructed,4.02506868131868,8.05013736263736,nearest_prior_parent_only,6651,narrow-1,0.75,LOSS,1788143700,2026-08-31T02:35:00+00:00,sl,Gate.io futures 1m
overheated_confirmed-log-1788093038.384-UNIUSDT-LONG,overheated_confirmed,UNIUSDT,LONG,1788093038.384,2026-08-30T12:30:38.384000+00:00,5.2,4.960666570590224,5.678666858819554,4.6025659501880085,9.205131900376033,historical_4h_atr_reconstructed,4.02506868131868,8.05013736263736,nearest_prior_parent_only,6651,narrow-2,0.5,WIN,1788112260,2026-08-30T17:51:00+00:00,tp,Gate.io futures 1m
ema_cross_confirmed-log-1788096055.382-USUALUSDT-LONG,ema_cross_confirmed,USUALUSDT,LONG,1788096055.382,2026-08-30T13:20:55.382000+00:00,0.01191,0.011364827586206896,0.013000344827586208,4.577434204811956,9.154868409623912,persisted_confirmed,,,,,baseline,1.0,LOSS,1788132180,2026-08-30T23:23:00+00:00,sl,Gate.io futures 1m
ema_cross_confirmed-log-1788096055.382-USUALUSDT-LONG,ema_cross_confirmed,USUALUSDT,LONG,1788096055.382,2026-08-30T13:20:55.382000+00:00,0.01191,0.011364827586206896,0.013000344827586208,4.577434204811956,9.154868409623912,persisted_confirmed,,,,,narrow-1,0.75,LOSS,1788123660,2026-08-30T21:01:00+00:00,sl,Gate.io futures 1m
ema_cross_confirmed-log-1788096055.382-USUALUSDT-LONG,ema_cross_confirmed,USUALUSDT,LONG,1788096055.382,2026-08-30T13:20:55.382000+00:00,0.01191,0.011364827586206896,0.013000344827586208,4.577434204811956,9.154868409623912,persisted_confirmed,,,,,narrow-2,0.5,LOSS,1788121920,2026-08-30T20:32:00+00:00,sl,Gate.io futures 1m
overheated_24h-db-6676,overheated_24h,ZKCUSDT,LONG,1788096377.0,2026-08-30T13:26:17+00:00,0.06162,0.05838803571428571,0.06808392857142857,5.244992349422735,10.48998469884546,persisted_overheated_24h,,,,,baseline,1.0,WIN,1788101700,2026-08-30T14:55:00+00:00,tp,Gate.io futures 1m
overheated_24h-db-6676,overheated_24h,ZKCUSDT,LONG,1788096377.0,2026-08-30T13:26:17+00:00,0.06162,0.05838803571428571,0.06808392857142857,5.244992349422735,10.48998469884546,persisted_overheated_24h,,,,,narrow-1,0.75,WIN,1788100620,2026-08-30T14:37:00+00:00,tp,Gate.io futures 1m
overheated_24h-db-6676,overheated_24h,ZKCUSDT,LONG,1788096377.0,2026-08-30T13:26:17+00:00,0.06162,0.05838803571428571,0.06808392857142857,5.244992349422735,10.48998469884546,persisted_overheated_24h,,,,,narrow-2,0.5,WIN,1788100620,2026-08-30T14:37:00+00:00,tp,Gate.io futures 1m
overheated_24h-db-6677,overheated_24h,CYSUSDT,LONG,1788096381.0,2026-08-30T13:26:21+00:00,0.7938,0.7075017857142857,0.9663964285714285,10.871531152143396,21.74306230428679,persisted_overheated_24h,,,,,baseline,1.0,WIN,1788164100,2026-08-31T08:15:00+00:00,tp,Gate.io futures 1m
overheated_24h-db-6677,overheated_24h,CYSUSDT,LONG,1788096381.0,2026-08-30T13:26:21+00:00,0.7938,0.7075017857142857,0.9663964285714285,10.871531152143396,21.74306230428679,persisted_overheated_24h,,,,,narrow-1,0.75,WIN,1788162000,2026-08-31T07:40:00+00:00,tp,Gate.io futures 1m
overheated_24h-db-6677,overheated_24h,CYSUSDT,LONG,1788096381.0,2026-08-30T13:26:21+00:00,0.7938,0.7075017857142857,0.9663964285714285,10.871531152143396,21.74306230428679,persisted_overheated_24h,,,,,narrow-2,0.5,WIN,1788161700,2026-08-31T07:35:00+00:00,tp,Gate.io futures 1m
overheated_confirmed-log-1788096616.531-牛来USDT-LONG,overheated_confirmed,牛来USDT,LONG,1788096616.531,2026-08-30T13:30:16.531000+00:00,0.1125,0.09520593633972468,0.14708812732055063,15.37250103135584,30.745002062711663,historical_4h_atr_reconstructed,13.092380952380953,26.184761904761896,nearest_prior_parent_only,6668,baseline,1.0,LOSS,1788240480,2026-09-01T05:28:00+00:00,sl,Gate.io futures 1m
overheated_confirmed-log-1788096616.531-牛来USDT-LONG,overheated_confirmed,牛来USDT,LONG,1788096616.531,2026-08-30T13:30:16.531000+00:00,0.1125,0.09520593633972468,0.14708812732055063,15.37250103135584,30.745002062711663,historical_4h_atr_reconstructed,13.092380952380953,26.184761904761896,nearest_prior_parent_only,6668,narrow-1,0.75,WIN,1788106740,2026-08-30T16:19:00+00:00,tp,Gate.io futures 1m
overheated_confirmed-log-1788096616.531-牛来USDT-LONG,overheated_confirmed,牛来USDT,LONG,1788096616.531,2026-08-30T13:30:16.531000+00:00,0.1125,0.09520593633972468,0.14708812732055063,15.37250103135584,30.745002062711663,historical_4h_atr_reconstructed,13.092380952380953,26.184761904761896,nearest_prior_parent_only,6668,narrow-2,0.5,WIN,1788102600,2026-08-30T15:10:00+00:00,tp,Gate.io futures 1m
overheated_confirmed-log-1788097528.418-DOSUSDT-LONG,overheated_confirmed,DOSUSDT,LONG,1788097528.418,2026-08-30T13:45:28.418000+00:00,0.3304,0.3043831654500742,0.38243366909985166,7.874344597435173,15.748689194870346,historical_4h_atr_reconstructed,6.04948547215496,12.09897094430992,nearest_prior_parent_only,6639,baseline,1.0,LOSS,1788124920,2026-08-30T21:22:00+00:00,sl,Gate.io futures 1m
overheated_confirmed-log-1788097528.418-DOSUSDT-LONG,overheated_confirmed,DOSUSDT,LONG,1788097528.418,2026-08-30T13:45:28.418000+00:00,0.3304,0.3043831654500742,0.38243366909985166,7.874344597435173,15.748689194870346,historical_4h_atr_reconstructed,6.04948547215496,12.09897094430992,nearest_prior_parent_only,6639,narrow-1,0.75,LOSS,1788104880,2026-08-30T15:48:00+00:00,sl,Gate.io futures 1m
overheated_confirmed-log-1788097528.418-DOSUSDT-LONG,overheated_confirmed,DOSUSDT,LONG,1788097528.418,2026-08-30T13:45:28.418000+00:00,0.3304,0.3043831654500742,0.38243366909985166,7.874344597435173,15.748689194870346,historical_4h_atr_reconstructed,6.04948547215496,12.09897094430992,nearest_prior_parent_only,6639,narrow-2,0.5,LOSS,1788100440,2026-08-30T14:34:00+00:00,sl,Gate.io futures 1m
overheated_confirmed-log-1788097838.304-DOSUSDT-LONG,overheated_confirmed,DOSUSDT,LONG,1788097838.304,2026-08-30T13:50:38.304000+00:00,0.3304,0.31041250000000004,0.370375,6.04948547215496,12.09897094430992,parent_persisted_reconstructed,6.04948547215496,12.09897094430992,signal_price_within_0.5pct,6639,baseline,1.0,LOSS,1788104880,2026-08-30T15:48:00+00:00,sl,Gate.io futures 1m
overheated_confirmed-log-1788097838.304-DOSUSDT-LONG,overheated_confirmed,DOSUSDT,LONG,1788097838.304,2026-08-30T13:50:38.304000+00:00,0.3304,0.31041250000000004,0.370375,6.04948547215496,12.09897094430992,parent_persisted_reconstructed,6.04948547215496,12.09897094430992,signal_price_within_0.5pct,6639,narrow-1,0.75,LOSS,1788101220,2026-08-30T14:47:00+00:00,sl,Gate.io futures 1m
overheated_confirmed-log-1788097838.304-DOSUSDT-LONG,overheated_confirmed,DOSUSDT,LONG,1788097838.304,2026-08-30T13:50:38.304000+00:00,0.3304,0.31041250000000004,0.370375,6.04948547215496,12.09897094430992,parent_persisted_reconstructed,6.04948547215496,12.09897094430992,signal_price_within_0.5pct,6639,narrow-2,0.5,LOSS,1788100380,2026-08-30T14:33:00+00:00,sl,Gate.io futures 1m
overheated_confirmed-log-1788106759.967-SKRUSDT-LONG,overheated_confirmed,SKRUSDT,LONG,1788106759.967,2026-08-30T16:19:19.967000+00:00,0.0165,0.015376607142857143,0.018746785714285716,6.808441558441561,13.616883116883121,parent_persisted_reconstructed,6.808441558441561,13.616883116883121,signal_price_within_0.5pct,6635,baseline,1.0,WIN,1788114900,2026-08-30T18:35:00+00:00,tp,Gate.io futures 1m
overheated_confirmed-log-1788106759.967-SKRUSDT-LONG,overheated_confirmed,SKRUSDT,LONG,1788106759.967,2026-08-30T16:19:19.967000+00:00,0.0165,0.015376607142857143,0.018746785714285716,6.808441558441561,13.616883116883121,parent_persisted_reconstructed,6.808441558441561,13.616883116883121,signal_price_within_0.5pct,6635,narrow-1,0.75,WIN,1788114780,2026-08-30T18:33:00+00:00,tp,Gate.io futures 1m
overheated_confirmed-log-1788106759.967-SKRUSDT-LONG,overheated_confirmed,SKRUSDT,LONG,1788106759.967,2026-08-30T16:19:19.967000+00:00,0.0165,0.015376607142857143,0.018746785714285716,6.808441558441561,13.616883116883121,parent_persisted_reconstructed,6.808441558441561,13.616883116883121,signal_price_within_0.5pct,6635,narrow-2,0.5,WIN,1788109680,2026-08-30T17:08:00+00:00,tp,Gate.io futures 1m
overheated_24h-db-6714,overheated_24h,TNSRUSDT,LONG,1788107369.0,2026-08-30T16:29:29+00:00,0.04128,0.03980196428571428,0.04423607142857142,3.580512873754158,7.1610257475083,persisted_overheated_24h,,,,,baseline,1.0,WIN,1788111300,2026-08-30T17:35:00+00:00,tp,Gate.io futures 1m
overheated_24h-db-6714,overheated_24h,TNSRUSDT,LONG,1788107369.0,2026-08-30T16:29:29+00:00,0.04128,0.03980196428571428,0.04423607142857142,3.580512873754158,7.1610257475083,persisted_overheated_24h,,,,,narrow-1,0.75,LOSS,1788107940,2026-08-30T16:39:00+00:00,sl,Gate.io futures 1m
overheated_24h-db-6714,overheated_24h,TNSRUSDT,LONG,1788107369.0,2026-08-30T16:29:29+00:00,0.04128,0.03980196428571428,0.04423607142857142,3.580512873754158,7.1610257475083,persisted_overheated_24h,,,,,narrow-2,0.5,LOSS,1788107460,2026-08-30T16:31:00+00:00,sl,Gate.io futures 1m
overheated_24h-db-6715,overheated_24h,LABUSDT,LONG,1788107379.0,2026-08-30T16:29:39+00:00,0.08662,0.0807582142857143,0.09834357142857143,6.7672428010687,13.534485602137417,persisted_overheated_24h,,,,,baseline,1.0,LOSS,1788117600,2026-08-30T19:20:00+00:00,sl,Gate.io futures 1m
overheated_24h-db-6715,overheated_24h,LABUSDT,LONG,1788107379.0,2026-08-30T16:29:39+00:00,0.08662,0.0807582142857143,0.09834357142857143,6.7672428010687,13.534485602137417,persisted_overheated_24h,,,,,narrow-1,0.75,LOSS,1788109260,2026-08-30T17:01:00+00:00,sl,Gate.io futures 1m
overheated_24h-db-6715,overheated_24h,LABUSDT,LONG,1788107379.0,2026-08-30T16:29:39+00:00,0.08662,0.0807582142857143,0.09834357142857143,6.7672428010687,13.534485602137417,persisted_overheated_24h,,,,,narrow-2,0.5,LOSS,1788108900,2026-08-30T16:55:00+00:00,sl,Gate.io futures 1m
overheated_24h-db-6716,overheated_24h,SKRUSDT,LONG,1788107382.0,2026-08-30T16:29:42+00:00,0.016856,0.015439196428571427,0.01968960714285714,8.405336802495091,16.81067360499016,persisted_overheated_24h,,,,,baseline,1.0,WIN,1788115560,2026-08-30T18:46:00+00:00,tp,Gate.io futures 1m
overheated_24h-db-6716,overheated_24h,SKRUSDT,LONG,1788107382.0,2026-08-30T16:29:42+00:00,0.016856,0.015439196428571427,0.01968960714285714,8.405336802495091,16.81067360499016,persisted_overheated_24h,,,,,narrow-1,0.75,WIN,1788115320,2026-08-30T18:42:00+00:00,tp,Gate.io futures 1m
overheated_24h-db-6716,overheated_24h,SKRUSDT,LONG,1788107382.0,2026-08-30T16:29:42+00:00,0.016856,0.015439196428571427,0.01968960714285714,8.405336802495091,16.81067360499016,persisted_overheated_24h,,,,,narrow-2,0.5,WIN,1788114780,2026-08-30T18:33:00+00:00,tp,Gate.io futures 1m
overheated_confirmed-log-1788107420.360-SKRUSDT-LONG,overheated_confirmed,SKRUSDT,LONG,1788107420.36,2026-08-30T16:30:20.360000+00:00,0.01676,0.015343196428571428,0.019593607142857145,8.453481929764752,16.906963859529505,parent_persisted_reconstructed,8.453481929764752,16.906963859529505,signal_price_within_0.5pct,6716,baseline,1.0,WIN,1788115560,2026-08-30T18:46:00+00:00,tp,Gate.io futures 1m
overheated_confirmed-log-1788107420.360-SKRUSDT-LONG,overheated_confirmed,SKRUSDT,LONG,1788107420.36,2026-08-30T16:30:20.360000+00:00,0.01676,0.015343196428571428,0.019593607142857145,8.453481929764752,16.906963859529505,parent_persisted_reconstructed,8.453481929764752,16.906963859529505,signal_price_within_0.5pct,6716,narrow-1,0.75,WIN,1788115020,2026-08-30T18:37:00+00:00,tp,Gate.io futures 1m
overheated_confirmed-log-1788107420.360-SKRUSDT-LONG,overheated_confirmed,SKRUSDT,LONG,1788107420.36,2026-08-30T16:30:20.360000+00:00,0.01676,0.015343196428571428,0.019593607142857145,8.453481929764752,16.906963859529505,parent_persisted_reconstructed,8.453481929764752,16.906963859529505,signal_price_within_0.5pct,6716,narrow-2,0.5,WIN,1788114780,2026-08-30T18:33:00+00:00,tp,Gate.io futures 1m
ema_cross_confirmed-log-1788107485.117-CASHCATUSDT-LONG,ema_cross_confirmed,CASHCATUSDT,LONG,1788107485.117,2026-08-30T16:31:25.117000+00:00,0.22981,0.19144982758620688,0.30653034482758623,16.692124978805584,33.384249957611175,persisted_confirmed,,,,,baseline,1.0,LOSS,1788133740,2026-08-30T23:49:00+00:00,sl,Gate.io futures 1m
ema_cross_confirmed-log-1788107485.117-CASHCATUSDT-LONG,ema_cross_confirmed,CASHCATUSDT,LONG,1788107485.117,2026-08-30T16:31:25.117000+00:00,0.22981,0.19144982758620688,0.30653034482758623,16.692124978805584,33.384249957611175,persisted_confirmed,,,,,narrow-1,0.75,LOSS,1788133680,2026-08-30T23:48:00+00:00,sl,Gate.io futures 1m
ema_cross_confirmed-log-1788107485.117-CASHCATUSDT-LONG,ema_cross_confirmed,CASHCATUSDT,LONG,1788107485.117,2026-08-30T16:31:25.117000+00:00,0.22981,0.19144982758620688,0.30653034482758623,16.692124978805584,33.384249957611175,persisted_confirmed,,,,,narrow-2,0.5,LOSS,1788132240,2026-08-30T23:24:00+00:00,sl,Gate.io futures 1m
overheated_24h-db-6734,overheated_24h,SCRTUSDT,LONG,1788107961.0,2026-08-30T16:39:21+00:00,0.01249,0.011066607142857142,0.015336785714285713,11.396259865034889,22.792519730069763,persisted_overheated_24h,,,,,baseline,1.0,LOSS,1788115620,2026-08-30T18:47:00+00:00,sl,Gate.io futures 1m
overheated_24h-db-6734,overheated_24h,SCRTUSDT,LONG,1788107961.0,2026-08-30T16:39:21+00:00,0.01249,0.011066607142857142,0.015336785714285713,11.396259865034889,22.792519730069763,persisted_overheated_24h,,,,,narrow-1,0.75,LOSS,1788112320,2026-08-30T17:52:00+00:00,sl,Gate.io futures 1m
overheated_24h-db-6734,overheated_24h,SCRTUSDT,LONG,1788107961.0,2026-08-30T16:39:21+00:00,0.01249,0.011066607142857142,0.015336785714285713,11.396259865034889,22.792519730069763,persisted_overheated_24h,,,,,narrow-2,0.5,LOSS,1788109320,2026-08-30T17:02:00+00:00,sl,Gate.io futures 1m
overheated_24h-db-6735,overheated_24h,AUCTIONUSDT,LONG,1788107965.0,2026-08-30T16:39:25+00:00,3.64,3.5125,3.895,3.5027472527472514,7.005494505494503,persisted_overheated_24h,,,,,baseline,1.0,WIN,1788115080,2026-08-30T18:38:00+00:00,tp,Gate.io futures 1m
overheated_24h-db-6735,overheated_24h,AUCTIONUSDT,LONG,1788107965.0,2026-08-30T16:39:25+00:00,3.64,3.5125,3.895,3.5027472527472514,7.005494505494503,persisted_overheated_24h,,,,,narrow-1,0.75,WIN,1788108480,2026-08-30T16:48:00+00:00,tp,Gate.io futures 1m
overheated_24h-db-6735,overheated_24h,AUCTIONUSDT,LONG,1788107965.0,2026-08-30T16:39:25+00:00,3.64,3.5125,3.895,3.5027472527472514,7.005494505494503,persisted_overheated_24h,,,,,narrow-2,0.5,WIN,1788108000,2026-08-30T16:40:00+00:00,tp,Gate.io futures 1m
overheated_confirmed-log-1788108323.029-UNIUSDT-LONG,overheated_confirmed,UNIUSDT,LONG,1788108323.029,2026-08-30T16:45:23.029000+00:00,5.343,5.095047529835065,5.83890494032987,4.640697551280837,9.281395102561675,historical_4h_atr_reconstructed,3.917341782305285,7.83468356461057,nearest_prior_parent_only,6651,baseline,1.0,LOSS,1788132540,2026-08-30T23:29:00+00:00,sl,Gate.io futures 1m
overheated_confirmed-log-1788108323.029-UNIUSDT-LONG,overheated_confirmed,UNIUSDT,LONG,1788108323.029,2026-08-30T16:45:23.029000+00:00,5.343,5.095047529835065,5.83890494032987,4.640697551280837,9.281395102561675,historical_4h_atr_reconstructed,3.917341782305285,7.83468356461057,nearest_prior_parent_only,6651,narrow-1,0.75,LOSS,1788132180,2026-08-30T23:23:00+00:00,sl,Gate.io futures 1m
overheated_confirmed-log-1788108323.029-UNIUSDT-LONG,overheated_confirmed,UNIUSDT,LONG,1788108323.029,2026-08-30T16:45:23.029000+00:00,5.343,5.095047529835065,5.83890494032987,4.640697551280837,9.281395102561675,historical_4h_atr_reconstructed,3.917341782305285,7.83468356461057,nearest_prior_parent_only,6651,narrow-2,0.5,LOSS,1788130860,2026-08-30T23:01:00+00:00,sl,Gate.io futures 1m
overheated_confirmed-log-1788108328.696-SCRTUSDT-LONG,overheated_confirmed,SCRTUSDT,LONG,1788108328.696,2026-08-30T16:45:28.696000+00:00,0.01232,0.010896607142857142,0.015166785714285714,11.553513450834881,23.107026901669762,persisted_confirmed,,,,,baseline,1.0,LOSS,1788116640,2026-08-30T19:04:00+00:00,sl,Gate.io futures 1m
overheated_confirmed-log-1788108328.696-SCRTUSDT-LONG,overheated_confirmed,SCRTUSDT,LONG,1788108328.696,2026-08-30T16:45:28.696000+00:00,0.01232,0.010896607142857142,0.015166785714285714,11.553513450834881,23.107026901669762,persisted_confirmed,,,,,narrow-1,0.75,LOSS,1788112320,2026-08-30T17:52:00+00:00,sl,Gate.io futures 1m
overheated_confirmed-log-1788108328.696-SCRTUSDT-LONG,overheated_confirmed,SCRTUSDT,LONG,1788108328.696,2026-08-30T16:45:28.696000+00:00,0.01232,0.010896607142857142,0.015166785714285714,11.553513450834881,23.107026901669762,persisted_confirmed,,,,,narrow-2,0.5,LOSS,1788112320,2026-08-30T17:52:00+00:00,sl,Gate.io futures 1m
overheated_confirmed-log-1788108329.743-AUCTIONUSDT-LONG,overheated_confirmed,AUCTIONUSDT,LONG,1788108329.743,2026-08-30T16:45:29.743000+00:00,3.798,3.6705,4.053,3.357030015797787,6.714060031595574,persisted_confirmed,,,,,baseline,1.0,WIN,1788115500,2026-08-30T18:45:00+00:00,tp,Gate.io futures 1m
overheated_confirmed-log-1788108329.743-AUCTIONUSDT-LONG,overheated_confirmed,AUCTIONUSDT,LONG,1788108329.743,2026-08-30T16:45:29.743000+00:00,3.798,3.6705,4.053,3.357030015797787,6.714060031595574,persisted_confirmed,,,,,narrow-1,0.75,WIN,1788115260,2026-08-30T18:41:00+00:00,tp,Gate.io futures 1m
overheated_confirmed-log-1788108329.743-AUCTIONUSDT-LONG,overheated_confirmed,AUCTIONUSDT,LONG,1788108329.743,2026-08-30T16:45:29.743000+00:00,3.798,3.6705,4.053,3.357030015797787,6.714060031595574,persisted_confirmed,,,,,narrow-2,0.5,WIN,1788115140,2026-08-30T18:39:00+00:00,tp,Gate.io futures 1m
overheated_24h-db-6740,overheated_24h,牛来USDT,LONG,1788108569.0,2026-08-30T16:49:29+00:00,0.12852,0.11212982142857142,0.16130035714285712,12.753017873816198,25.50603574763237,persisted_overheated_24h,,,,,baseline,1.0,LOSS,1788123900,2026-08-30T21:05:00+00:00,sl,Gate.io futures 1m
overheated_24h-db-6740,overheated_24h,牛来USDT,LONG,1788108569.0,2026-08-30T16:49:29+00:00,0.12852,0.11212982142857142,0.16130035714285712,12.753017873816198,25.50603574763237,persisted_overheated_24h,,,,,narrow-1,0.75,LOSS,1788118980,2026-08-30T19:43:00+00:00,sl,Gate.io futures 1m
overheated_24h-db-6740,overheated_24h,牛来USDT,LONG,1788108569.0,2026-08-30T16:49:29+00:00,0.12852,0.11212982142857142,0.16130035714285712,12.753017873816198,25.50603574763237,persisted_overheated_24h,,,,,narrow-2,0.5,LOSS,1788108600,2026-08-30T16:50:00+00:00,sl,Gate.io futures 1m
overheated_24h-db-6745,overheated_24h,HNTUSDT,LONG,1788109467.0,2026-08-30T17:04:27+00:00,0.8947,0.8123339285714286,1.059432142857143,9.205998818438744,18.411997636877487,persisted_overheated_24h,,,,,baseline,1.0,LOSS,1788110520,2026-08-30T17:22:00+00:00,sl,Gate.io futures 1m
overheated_24h-db-6745,overheated_24h,HNTUSDT,LONG,1788109467.0,2026-08-30T17:04:27+00:00,0.8947,0.8123339285714286,1.059432142857143,9.205998818438744,18.411997636877487,persisted_overheated_24h,,,,,narrow-1,0.75,LOSS,1788110520,2026-08-30T17:22:00+00:00,sl,Gate.io futures 1m
overheated_24h-db-6745,overheated_24h,HNTUSDT,LONG,1788109467.0,2026-08-30T17:04:27+00:00,0.8947,0.8123339285714286,1.059432142857143,9.205998818438744,18.411997636877487,persisted_overheated_24h,,,,,narrow-2,0.5,LOSS,1788110220,2026-08-30T17:17:00+00:00,sl,Gate.io futures 1m
overheated_24h-db-6764,overheated_24h,ZORAUSDT,LONG,1788110370.0,2026-08-30T17:19:30+00:00,0.00699,0.006606428571428571,0.0077571428571428565,5.487431023911709,10.974862047823418,persisted_overheated_24h,,,,,baseline,1.0,WIN,1788122940,2026-08-30T20:49:00+00:00,tp,Gate.io futures 1m
overheated_24h-db-6764,overheated_24h,ZORAUSDT,LONG,1788110370.0,2026-08-30T17:19:30+00:00,0.00699,0.006606428571428571,0.0077571428571428565,5.487431023911709,10.974862047823418,persisted_overheated_24h,,,,,narrow-1,0.75,WIN,1788121680,2026-08-30T20:28:00+00:00,tp,Gate.io futures 1m
overheated_24h-db-6764,overheated_24h,ZORAUSDT,LONG,1788110370.0,2026-08-30T17:19:30+00:00,0.00699,0.006606428571428571,0.0077571428571428565,5.487431023911709,10.974862047823418,persisted_overheated_24h,,,,,narrow-2,0.5,WIN,1788120480,2026-08-30T20:08:00+00:00,tp,Gate.io futures 1m
overheated_confirmed-log-1788111023.710-CYSUSDT-LONG,overheated_confirmed,CYSUSDT,LONG,1788111023.71,2026-08-30T17:30:23.710000+00:00,0.8149,0.7286017857142857,0.9874964285714285,10.59003734025209,21.18007468050418,persisted_confirmed,,,,,baseline,1.0,WIN,1788166260,2026-08-31T08:51:00+00:00,tp,Gate.io futures 1m
overheated_confirmed-log-1788111023.710-CYSUSDT-LONG,overheated_confirmed,CYSUSDT,LONG,1788111023.71,2026-08-30T17:30:23.710000+00:00,0.8149,0.7286017857142857,0.9874964285714285,10.59003734025209,21.18007468050418,persisted_confirmed,,,,,narrow-1,0.75,WIN,1788164100,2026-08-31T08:15:00+00:00,tp,Gate.io futures 1m
overheated_confirmed-log-1788111023.710-CYSUSDT-LONG,overheated_confirmed,CYSUSDT,LONG,1788111023.71,2026-08-30T17:30:23.710000+00:00,0.8149,0.7286017857142857,0.9874964285714285,10.59003734025209,21.18007468050418,persisted_confirmed,,,,,narrow-2,0.5,WIN,1788161820,2026-08-31T07:37:00+00:00,tp,Gate.io futures 1m
overheated_confirmed-log-1788111027.369-TNSRUSDT-LONG,overheated_confirmed,TNSRUSDT,LONG,1788111027.369,2026-08-30T17:30:27.369000+00:00,0.04251,0.04103196428571428,0.04546607142857143,3.4769129952616247,6.953825990523249,persisted_confirmed,,,,,baseline,1.0,LOSS,1788118680,2026-08-30T19:38:00+00:00,sl,Gate.io futures 1m
overheated_confirmed-log-1788111027.369-TNSRUSDT-LONG,overheated_confirmed,TNSRUSDT,LONG,1788111027.369,2026-08-30T17:30:27.369000+00:00,0.04251,0.04103196428571428,0.04546607142857143,3.4769129952616247,6.953825990523249,persisted_confirmed,,,,,narrow-1,0.75,WIN,1788111300,2026-08-30T17:35:00+00:00,tp,Gate.io futures 1m
overheated_confirmed-log-1788111027.369-TNSRUSDT-LONG,overheated_confirmed,TNSRUSDT,LONG,1788111027.369,2026-08-30T17:30:27.369000+00:00,0.04251,0.04103196428571428,0.04546607142857143,3.4769129952616247,6.953825990523249,persisted_confirmed,,,,,narrow-2,0.5,WIN,1788111120,2026-08-30T17:32:00+00:00,tp,Gate.io futures 1m
ema_cross_confirmed-log-1788117147.082-COLLECTUSDT-LONG,ema_cross_confirmed,COLLECTUSDT,LONG,1788117147.082,2026-08-30T19:12:27.082000+00:00,0.08561,0.07625672413793104,0.10431655172413794,10.925447800571154,21.85089560114231,persisted_confirmed,,,,,baseline,1.0,LOSS,1788130140,2026-08-30T22:49:00+00:00,sl,Gate.io futures 1m
ema_cross_confirmed-log-1788117147.082-COLLECTUSDT-LONG,ema_cross_confirmed,COLLECTUSDT,LONG,1788117147.082,2026-08-30T19:12:27.082000+00:00,0.08561,0.07625672413793104,0.10431655172413794,10.925447800571154,21.85089560114231,persisted_confirmed,,,,,narrow-1,0.75,LOSS,1788124740,2026-08-30T21:19:00+00:00,sl,Gate.io futures 1m
ema_cross_confirmed-log-1788117147.082-COLLECTUSDT-LONG,ema_cross_confirmed,COLLECTUSDT,LONG,1788117147.082,2026-08-30T19:12:27.082000+00:00,0.08561,0.07625672413793104,0.10431655172413794,10.925447800571154,21.85089560114231,persisted_confirmed,,,,,narrow-2,0.5,LOSS,1788124260,2026-08-30T21:11:00+00:00,sl,Gate.io futures 1m
overheated_24h-db-6792,overheated_24h,UNIUSDT,LONG,1788117758.0,2026-08-30T19:22:38+00:00,5.42,5.194571428571429,5.870857142857143,4.159198734844486,8.318397469688986,persisted_overheated_24h,,,,,baseline,1.0,LOSS,1788131820,2026-08-30T23:17:00+00:00,sl,Gate.io futures 1m
overheated_24h-db-6792,overheated_24h,UNIUSDT,LONG,1788117758.0,2026-08-30T19:22:38+00:00,5.42,5.194571428571429,5.870857142857143,4.159198734844486,8.318397469688986,persisted_overheated_24h,,,,,narrow-1,0.75,LOSS,1788123660,2026-08-30T21:01:00+00:00,sl,Gate.io futures 1m
overheated_24h-db-6792,overheated_24h,UNIUSDT,LONG,1788117758.0,2026-08-30T19:22:38+00:00,5.42,5.194571428571429,5.870857142857143,4.159198734844486,8.318397469688986,persisted_overheated_24h,,,,,narrow-2,0.5,LOSS,1788119340,2026-08-30T19:49:00+00:00,sl,Gate.io futures 1m
overheated_24h-db-6798,overheated_24h,ZKUSDT,LONG,1788118055.0,2026-08-30T19:27:35+00:00,0.00962,0.009253571428571429,0.010352857142857143,3.809028809028808,7.618057618057616,persisted_overheated_24h,,,,,baseline,1.0,LOSS,1788123240,2026-08-30T20:54:00+00:00,sl,Gate.io futures 1m
overheated_24h-db-6798,overheated_24h,ZKUSDT,LONG,1788118055.0,2026-08-30T19:27:35+00:00,0.00962,0.009253571428571429,0.010352857142857143,3.809028809028808,7.618057618057616,persisted_overheated_24h,,,,,narrow-1,0.75,LOSS,1788122640,2026-08-30T20:44:00+00:00,sl,Gate.io futures 1m
overheated_24h-db-6798,overheated_24h,ZKUSDT,LONG,1788118055.0,2026-08-30T19:27:35+00:00,0.00962,0.009253571428571429,0.010352857142857143,3.809028809028808,7.618057618057616,persisted_overheated_24h,,,,,narrow-2,0.5,LOSS,1788120480,2026-08-30T20:08:00+00:00,sl,Gate.io futures 1m
overheated_24h-db-6799,overheated_24h,SKRUSDT,LONG,1788118059.0,2026-08-30T19:27:39+00:00,0.018485,0.01706819642857143,0.021318607142857146,7.664612233857572,15.329224467715145,persisted_overheated_24h,,,,,baseline,1.0,WIN,1788120420,2026-08-30T20:07:00+00:00,tp,Gate.io futures 1m
overheated_24h-db-6799,overheated_24h,SKRUSDT,LONG,1788118059.0,2026-08-30T19:27:39+00:00,0.018485,0.01706819642857143,0.021318607142857146,7.664612233857572,15.329224467715145,persisted_overheated_24h,,,,,narrow-1,0.75,WIN,1788119580,2026-08-30T19:53:00+00:00,tp,Gate.io futures 1m
overheated_24h-db-6799,overheated_24h,SKRUSDT,LONG,1788118059.0,2026-08-30T19:27:39+00:00,0.018485,0.01706819642857143,0.021318607142857146,7.664612233857572,15.329224467715145,persisted_overheated_24h,,,,,narrow-2,0.5,WIN,1788119160,2026-08-30T19:46:00+00:00,tp,Gate.io futures 1m
overheated_24h-db-6800,overheated_24h,TNSRUSDT,LONG,1788118061.0,2026-08-30T19:27:41+00:00,0.04149,0.04001196428571428,0.044446071428571425,3.56239024894123,7.124780497882444,persisted_overheated_24h,,,,,baseline,1.0,LOSS,1788119460,2026-08-30T19:51:00+00:00,sl,Gate.io futures 1m
overheated_24h-db-6800,overheated_24h,TNSRUSDT,LONG,1788118061.0,2026-08-30T19:27:41+00:00,0.04149,0.04001196428571428,0.044446071428571425,3.56239024894123,7.124780497882444,persisted_overheated_24h,,,,,narrow-1,0.75,LOSS,1788119400,2026-08-30T19:50:00+00:00,sl,Gate.io futures 1m
overheated_24h-db-6800,overheated_24h,TNSRUSDT,LONG,1788118061.0,2026-08-30T19:27:41+00:00,0.04149,0.04001196428571428,0.044446071428571425,3.56239024894123,7.124780497882444,persisted_overheated_24h,,,,,narrow-2,0.5,LOSS,1788118680,2026-08-30T19:38:00+00:00,sl,Gate.io futures 1m
overheated_confirmed-log-1788118231.312-ZKUSDT-LONG,overheated_confirmed,ZKUSDT,LONG,1788118231.312,2026-08-30T19:30:31.312000+00:00,0.00961,0.009243571428571429,0.010342857142857143,3.8129924186115645,7.625984837223129,persisted_confirmed,,,,,baseline,1.0,LOSS,1788123240,2026-08-30T20:54:00+00:00,sl,Gate.io futures 1m
overheated_confirmed-log-1788118231.312-ZKUSDT-LONG,overheated_confirmed,ZKUSDT,LONG,1788118231.312,2026-08-30T19:30:31.312000+00:00,0.00961,0.009243571428571429,0.010342857142857143,3.8129924186115645,7.625984837223129,persisted_confirmed,,,,,narrow-1,0.75,LOSS,1788122640,2026-08-30T20:44:00+00:00,sl,Gate.io futures 1m
overheated_confirmed-log-1788118231.312-ZKUSDT-LONG,overheated_confirmed,ZKUSDT,LONG,1788118231.312,2026-08-30T19:30:31.312000+00:00,0.00961,0.009243571428571429,0.010342857142857143,3.8129924186115645,7.625984837223129,persisted_confirmed,,,,,narrow-2,0.5,LOSS,1788120480,2026-08-30T20:08:00+00:00,sl,Gate.io futures 1m
overheated_24h-db-6803,overheated_24h,HNTUSDT,LONG,1788118356.0,2026-08-30T19:32:36+00:00,0.9169,0.8345339285714286,1.081632142857143,8.98310300235265,17.9662060047053,persisted_overheated_24h,,,,,baseline,1.0,LOSS,1788122460,2026-08-30T20:41:00+00:00,sl,Gate.io futures 1m
overheated_24h-db-6803,overheated_24h,HNTUSDT,LONG,1788118356.0,2026-08-30T19:32:36+00:00,0.9169,0.8345339285714286,1.081632142857143,8.98310300235265,17.9662060047053,persisted_overheated_24h,,,,,narrow-1,0.75,LOSS,1788122460,2026-08-30T20:41:00+00:00,sl,Gate.io futures 1m
overheated_24h-db-6803,overheated_24h,HNTUSDT,LONG,1788118356.0,2026-08-30T19:32:36+00:00,0.9169,0.8345339285714286,1.081632142857143,8.98310300235265,17.9662060047053,persisted_overheated_24h,,,,,narrow-2,0.5,LOSS,1788122460,2026-08-30T20:41:00+00:00,sl,Gate.io futures 1m
overheated_24h-db-6807,overheated_24h,UAIUSDT,LONG,1788119547.0,2026-08-30T19:52:27+00:00,0.38137,0.3521735714285714,0.4397628571428571,7.6556699717934205,15.311339943586841,persisted_overheated_24h,,,,,baseline,1.0,no_outcome_yet,,,,Gate.io futures 1m
overheated_24h-db-6807,overheated_24h,UAIUSDT,LONG,1788119547.0,2026-08-30T19:52:27+00:00,0.38137,0.3521735714285714,0.4397628571428571,7.6556699717934205,15.311339943586841,persisted_overheated_24h,,,,,narrow-1,0.75,no_outcome_yet,,,,Gate.io futures 1m
overheated_24h-db-6807,overheated_24h,UAIUSDT,LONG,1788119547.0,2026-08-30T19:52:27+00:00,0.38137,0.3521735714285714,0.4397628571428571,7.6556699717934205,15.311339943586841,persisted_overheated_24h,,,,,narrow-2,0.5,WIN,1788124020,2026-08-30T21:07:00+00:00,tp,Gate.io futures 1m
overheated_confirmed-log-1788120024.139-SKRUSDT-LONG,overheated_confirmed,SKRUSDT,LONG,1788120024.139,2026-08-30T20:00:24.139000+00:00,0.020391,0.018974196428571427,0.023224607142857144,6.948180920153854,13.896361840307708,parent_persisted_reconstructed,6.948180920153854,13.896361840307708,signal_price_within_0.5pct,6799,baseline,1.0,WIN,1788122640,2026-08-30T20:44:00+00:00,tp,Gate.io futures 1m
overheated_confirmed-log-1788120024.139-SKRUSDT-LONG,overheated_confirmed,SKRUSDT,LONG,1788120024.139,2026-08-30T20:00:24.139000+00:00,0.020391,0.018974196428571427,0.023224607142857144,6.948180920153854,13.896361840307708,parent_persisted_reconstructed,6.948180920153854,13.896361840307708,signal_price_within_0.5pct,6799,narrow-1,0.75,WIN,1788122640,2026-08-30T20:44:00+00:00,tp,Gate.io futures 1m
overheated_confirmed-log-1788120024.139-SKRUSDT-LONG,overheated_confirmed,SKRUSDT,LONG,1788120024.139,2026-08-30T20:00:24.139000+00:00,0.020391,0.018974196428571427,0.023224607142857144,6.948180920153854,13.896361840307708,parent_persisted_reconstructed,6.948180920153854,13.896361840307708,signal_price_within_0.5pct,6799,narrow-2,0.5,WIN,1788122220,2026-08-30T20:37:00+00:00,tp,Gate.io futures 1m
overheated_confirmed-log-1788120029.808-ZORAUSDT-LONG,overheated_confirmed,ZORAUSDT,LONG,1788120029.808,2026-08-30T20:00:29.808000+00:00,0.00717,0.006786428571428572,0.007937142857142858,5.349671249252838,10.699342498505686,persisted_confirmed,,,,,baseline,1.0,WIN,1788122940,2026-08-30T20:49:00+00:00,tp,Gate.io futures 1m
overheated_confirmed-log-1788120029.808-ZORAUSDT-LONG,overheated_confirmed,ZORAUSDT,LONG,1788120029.808,2026-08-30T20:00:29.808000+00:00,0.00717,0.006786428571428572,0.007937142857142858,5.349671249252838,10.699342498505686,persisted_confirmed,,,,,narrow-1,0.75,WIN,1788122940,2026-08-30T20:49:00+00:00,tp,Gate.io futures 1m
overheated_confirmed-log-1788120029.808-ZORAUSDT-LONG,overheated_confirmed,ZORAUSDT,LONG,1788120029.808,2026-08-30T20:00:29.808000+00:00,0.00717,0.006786428571428572,0.007937142857142858,5.349671249252838,10.699342498505686,persisted_confirmed,,,,,narrow-2,0.5,WIN,1788121680,2026-08-30T20:28:00+00:00,tp,Gate.io futures 1m
overheated_confirmed-log-1788120931.314-UAIUSDT-LONG,overheated_confirmed,UAIUSDT,LONG,1788120931.314,2026-08-30T20:15:31.314000+00:00,0.37876,0.3495635714285714,0.4371528571428571,7.708424482899083,15.416848965798167,persisted_confirmed,,,,,baseline,1.0,no_outcome_yet,,,,Gate.io futures 1m
overheated_confirmed-log-1788120931.314-UAIUSDT-LONG,overheated_confirmed,UAIUSDT,LONG,1788120931.314,2026-08-30T20:15:31.314000+00:00,0.37876,0.3495635714285714,0.4371528571428571,7.708424482899083,15.416848965798167,persisted_confirmed,,,,,narrow-1,0.75,WIN,1788124020,2026-08-30T21:07:00+00:00,tp,Gate.io futures 1m
overheated_confirmed-log-1788120931.314-UAIUSDT-LONG,overheated_confirmed,UAIUSDT,LONG,1788120931.314,2026-08-30T20:15:31.314000+00:00,0.37876,0.3495635714285714,0.4371528571428571,7.708424482899083,15.416848965798167,persisted_confirmed,,,,,narrow-2,0.5,WIN,1788124020,2026-08-30T21:07:00+00:00,tp,Gate.io futures 1m
ema_cross_confirmed-log-1788120935.085-NEARUSDT-LONG,ema_cross_confirmed,NEARUSDT,LONG,1788120935.085,2026-08-30T20:15:35.085000+00:00,1.8991,1.8322879310344828,2.0327241379310346,3.5180911466229885,7.036182293245988,persisted_confirmed,,,,,baseline,1.0,LOSS,1788132180,2026-08-30T23:23:00+00:00,sl,Gate.io futures 1m
ema_cross_confirmed-log-1788120935.085-NEARUSDT-LONG,ema_cross_confirmed,NEARUSDT,LONG,1788120935.085,2026-08-30T20:15:35.085000+00:00,1.8991,1.8322879310344828,2.0327241379310346,3.5180911466229885,7.036182293245988,persisted_confirmed,,,,,narrow-1,0.75,LOSS,1788132180,2026-08-30T23:23:00+00:00,sl,Gate.io futures 1m
ema_cross_confirmed-log-1788120935.085-NEARUSDT-LONG,ema_cross_confirmed,NEARUSDT,LONG,1788120935.085,2026-08-30T20:15:35.085000+00:00,1.8991,1.8322879310344828,2.0327241379310346,3.5180911466229885,7.036182293245988,persisted_confirmed,,,,,narrow-2,0.5,LOSS,1788123660,2026-08-30T21:01:00+00:00,sl,Gate.io futures 1m
ema_cross_confirmed-log-1788121833.991-BIRBUSDT-LONG,ema_cross_confirmed,BIRBUSDT,LONG,1788121833.991,2026-08-30T20:30:33.991000+00:00,0.05815,0.05590103448275862,0.06264793103448277,3.867524535238831,7.735049070477674,persisted_confirmed,,,,,baseline,1.0,WIN,1788160080,2026-08-31T07:08:00+00:00,tp,Gate.io futures 1m
ema_cross_confirmed-log-1788121833.991-BIRBUSDT-LONG,ema_cross_confirmed,BIRBUSDT,LONG,1788121833.991,2026-08-30T20:30:33.991000+00:00,0.05815,0.05590103448275862,0.06264793103448277,3.867524535238831,7.735049070477674,persisted_confirmed,,,,,narrow-1,0.75,LOSS,1788133560,2026-08-30T23:46:00+00:00,sl,Gate.io futures 1m
ema_cross_confirmed-log-1788121833.991-BIRBUSDT-LONG,ema_cross_confirmed,BIRBUSDT,LONG,1788121833.991,2026-08-30T20:30:33.991000+00:00,0.05815,0.05590103448275862,0.06264793103448277,3.867524535238831,7.735049070477674,persisted_confirmed,,,,,narrow-2,0.5,LOSS,1788133500,2026-08-30T23:45:00+00:00,sl,Gate.io futures 1m
overheated_24h-db-6841,overheated_24h,AUCTIONUSDT,LONG,1788122249.0,2026-08-30T20:37:29+00:00,3.959,3.793892857142857,4.289214285714285,4.170425432107676,8.34085086421534,persisted_overheated_24h,,,,,baseline,1.0,LOSS,1788124980,2026-08-30T21:23:00+00:00,sl,Gate.io futures 1m
overheated_24h-db-6841,overheated_24h,AUCTIONUSDT,LONG,1788122249.0,2026-08-30T20:37:29+00:00,3.959,3.793892857142857,4.289214285714285,4.170425432107676,8.34085086421534,persisted_overheated_24h,,,,,narrow-1,0.75,LOSS,1788123540,2026-08-30T20:59:00+00:00,sl,Gate.io futures 1m
overheated_24h-db-6841,overheated_24h,AUCTIONUSDT,LONG,1788122249.0,2026-08-30T20:37:29+00:00,3.959,3.793892857142857,4.289214285714285,4.170425432107676,8.34085086421534,persisted_overheated_24h,,,,,narrow-2,0.5,LOSS,1788123240,2026-08-30T20:54:00+00:00,sl,Gate.io futures 1m
overheated_24h-db-6851,overheated_24h,CLOUSDT,LONG,1788149810.0,2026-08-31T04:16:50+00:00,0.14096,0.12798125,0.1669175,9.20739926220205,18.414798524404084,persisted_overheated_24h,,,,,baseline,1.0,LOSS,1788246000,2026-09-01T07:00:00+00:00,sl,Gate.io futures 1m
overheated_24h-db-6851,overheated_24h,CLOUSDT,LONG,1788149810.0,2026-08-31T04:16:50+00:00,0.14096,0.12798125,0.1669175,9.20739926220205,18.414798524404084,persisted_overheated_24h,,,,,narrow-1,0.75,LOSS,1788182640,2026-08-31T13:24:00+00:00,sl,Gate.io futures 1m
overheated_24h-db-6851,overheated_24h,CLOUSDT,LONG,1788149810.0,2026-08-31T04:16:50+00:00,0.14096,0.12798125,0.1669175,9.20739926220205,18.414798524404084,persisted_overheated_24h,,,,,narrow-2,0.5,LOSS,1788181980,2026-08-31T13:13:00+00:00,sl,Gate.io futures 1m
ema_cross_confirmed-log-1788149942.317-ENAUSDT-SHORT,ema_cross_confirmed,ENAUSDT,SHORT,1788149942.317,2026-08-31T04:19:02.317000+00:00,0.14655,0.16513758620689656,0.10937482758620692,12.683443334627459,25.366886669254917,persisted_confirmed,,,,,baseline,1.0,no_outcome_yet,,,,Gate.io futures 1m
ema_cross_confirmed-log-1788149942.317-ENAUSDT-SHORT,ema_cross_confirmed,ENAUSDT,SHORT,1788149942.317,2026-08-31T04:19:02.317000+00:00,0.14655,0.16513758620689656,0.10937482758620692,12.683443334627459,25.366886669254917,persisted_confirmed,,,,,narrow-1,0.75,no_outcome_yet,,,,Gate.io futures 1m
ema_cross_confirmed-log-1788149942.317-ENAUSDT-SHORT,ema_cross_confirmed,ENAUSDT,SHORT,1788149942.317,2026-08-31T04:19:02.317000+00:00,0.14655,0.16513758620689656,0.10937482758620692,12.683443334627459,25.366886669254917,persisted_confirmed,,,,,narrow-2,0.5,no_outcome_yet,,,,Gate.io futures 1m
overheated_24h-db-6868,overheated_24h,SKRUSDT,LONG,1788156511.0,2026-08-31T06:08:31+00:00,0.027807,0.025153875,0.03311325,9.541212644298195,19.08242528859639,persisted_overheated_24h,,,,,baseline,1.0,LOSS,1788159720,2026-08-31T07:02:00+00:00,sl,Gate.io futures 1m
overheated_24h-db-6868,overheated_24h,SKRUSDT,LONG,1788156511.0,2026-08-31T06:08:31+00:00,0.027807,0.025153875,0.03311325,9.541212644298195,19.08242528859639,persisted_overheated_24h,,,,,narrow-1,0.75,LOSS,1788158400,2026-08-31T06:40:00+00:00,sl,Gate.io futures 1m
overheated_24h-db-6868,overheated_24h,SKRUSDT,LONG,1788156511.0,2026-08-31T06:08:31+00:00,0.027807,0.025153875,0.03311325,9.541212644298195,19.08242528859639,persisted_overheated_24h,,,,,narrow-2,0.5,LOSS,1788158400,2026-08-31T06:40:00+00:00,sl,Gate.io futures 1m
overheated_24h-db-6869,overheated_24h,ZORAUSDT,LONG,1788156519.0,2026-08-31T06:08:39+00:00,0.00997,0.009379107142857142,0.011151785714285715,5.926708697521139,11.853417395042278,persisted_overheated_24h,,,,,baseline,1.0,LOSS,1788168960,2026-08-31T09:36:00+00:00,sl,Gate.io futures 1m
overheated_24h-db-6869,overheated_24h,ZORAUSDT,LONG,1788156519.0,2026-08-31T06:08:39+00:00,0.00997,0.009379107142857142,0.011151785714285715,5.926708697521139,11.853417395042278,persisted_overheated_24h,,,,,narrow-1,0.75,LOSS,1788168960,2026-08-31T09:36:00+00:00,sl,Gate.io futures 1m
overheated_24h-db-6869,overheated_24h,ZORAUSDT,LONG,1788156519.0,2026-08-31T06:08:39+00:00,0.00997,0.009379107142857142,0.011151785714285715,5.926708697521139,11.853417395042278,persisted_overheated_24h,,,,,narrow-2,0.5,WIN,1788157920,2026-08-31T06:32:00+00:00,tp,Gate.io futures 1m
overheated_24h-db-6870,overheated_24h,HEMIUSDT,LONG,1788156532.0,2026-08-31T06:08:52+00:00,0.015247,0.013256017857142857,0.019228964285714287,13.058189433050064,26.116378866100128,persisted_overheated_24h,,,,,baseline,1.0,no_outcome_yet,,,,Gate.io futures 1m
overheated_24h-db-6870,overheated_24h,HEMIUSDT,LONG,1788156532.0,2026-08-31T06:08:52+00:00,0.015247,0.013256017857142857,0.019228964285714287,13.058189433050064,26.116378866100128,persisted_overheated_24h,,,,,narrow-1,0.75,no_outcome_yet,,,,Gate.io futures 1m
overheated_24h-db-6870,overheated_24h,HEMIUSDT,LONG,1788156532.0,2026-08-31T06:08:52+00:00,0.015247,0.013256017857142857,0.019228964285714287,13.058189433050064,26.116378866100128,persisted_overheated_24h,,,,,narrow-2,0.5,WIN,1788202200,2026-08-31T18:50:00+00:00,tp,Gate.io futures 1m
overheated_confirmed-log-1788156917.145-CLOUSDT-LONG,overheated_confirmed,CLOUSDT,LONG,1788156917.145,2026-08-31T06:15:17.145000+00:00,0.14576,0.13278125,0.17171750000000002,8.904191822173443,17.808383644346886,persisted_confirmed,,,,,baseline,1.0,LOSS,1788181980,2026-08-31T13:13:00+00:00,sl,Gate.io futures 1m
overheated_confirmed-log-1788156917.145-CLOUSDT-LONG,overheated_confirmed,CLOUSDT,LONG,1788156917.145,2026-08-31T06:15:17.145000+00:00,0.14576,0.13278125,0.17171750000000002,8.904191822173443,17.808383644346886,persisted_confirmed,,,,,narrow-1,0.75,LOSS,1788181980,2026-08-31T13:13:00+00:00,sl,Gate.io futures 1m
overheated_confirmed-log-1788156917.145-CLOUSDT-LONG,overheated_confirmed,CLOUSDT,LONG,1788156917.145,2026-08-31T06:15:17.145000+00:00,0.14576,0.13278125,0.17171750000000002,8.904191822173443,17.808383644346886,persisted_confirmed,,,,,narrow-2,0.5,LOSS,1788157800,2026-08-31T06:30:00+00:00,sl,Gate.io futures 1m
overheated_24h-db-6887,overheated_24h,FLOCKUSDT,LONG,1788163885.0,2026-08-31T08:11:25+00:00,0.0447,0.042133392857142855,0.04983321428571428,5.741850431447744,11.483700862895487,persisted_overheated_24h,,,,,baseline,1.0,LOSS,1788166380,2026-08-31T08:53:00+00:00,sl,Gate.io futures 1m
overheated_24h-db-6887,overheated_24h,FLOCKUSDT,LONG,1788163885.0,2026-08-31T08:11:25+00:00,0.0447,0.042133392857142855,0.04983321428571428,5.741850431447744,11.483700862895487,persisted_overheated_24h,,,,,narrow-1,0.75,LOSS,1788166380,2026-08-31T08:53:00+00:00,sl,Gate.io futures 1m
overheated_24h-db-6887,overheated_24h,FLOCKUSDT,LONG,1788163885.0,2026-08-31T08:11:25+00:00,0.0447,0.042133392857142855,0.04983321428571428,5.741850431447744,11.483700862895487,persisted_overheated_24h,,,,,narrow-2,0.5,LOSS,1788165180,2026-08-31T08:33:00+00:00,sl,Gate.io futures 1m
ema_cross_confirmed-log-1788164104.322-AIXBTUSDT-SHORT,ema_cross_confirmed,AIXBTUSDT,SHORT,1788164104.322,2026-08-31T08:15:04.322000+00:00,0.0204,0.021647586206896552,0.0179048275862069,6.1156186612576,12.2312373225152,persisted_confirmed,,,,,baseline,1.0,no_outcome_yet,,,,Gate.io futures 1m
ema_cross_confirmed-log-1788164104.322-AIXBTUSDT-SHORT,ema_cross_confirmed,AIXBTUSDT,SHORT,1788164104.322,2026-08-31T08:15:04.322000+00:00,0.0204,0.021647586206896552,0.0179048275862069,6.1156186612576,12.2312373225152,persisted_confirmed,,,,,narrow-1,0.75,no_outcome_yet,,,,Gate.io futures 1m
ema_cross_confirmed-log-1788164104.322-AIXBTUSDT-SHORT,ema_cross_confirmed,AIXBTUSDT,SHORT,1788164104.322,2026-08-31T08:15:04.322000+00:00,0.0204,0.021647586206896552,0.0179048275862069,6.1156186612576,12.2312373225152,persisted_confirmed,,,,,narrow-2,0.5,no_outcome_yet,,,,Gate.io futures 1m
ema_cross_confirmed-log-1788164107.576-MANAUSDT-SHORT,ema_cross_confirmed,MANAUSDT,SHORT,1788164107.576,2026-08-31T08:15:07.576000+00:00,0.07128,0.0745503448275862,0.06473931034482759,4.588025852393662,9.176051704787325,persisted_confirmed,,,,,baseline,1.0,no_outcome_yet,,,,Gate.io futures 1m
ema_cross_confirmed-log-1788164107.576-MANAUSDT-SHORT,ema_cross_confirmed,MANAUSDT,SHORT,1788164107.576,2026-08-31T08:15:07.576000+00:00,0.07128,0.0745503448275862,0.06473931034482759,4.588025852393662,9.176051704787325,persisted_confirmed,,,,,narrow-1,0.75,no_outcome_yet,,,,Gate.io futures 1m
ema_cross_confirmed-log-1788164107.576-MANAUSDT-SHORT,ema_cross_confirmed,MANAUSDT,SHORT,1788164107.576,2026-08-31T08:15:07.576000+00:00,0.07128,0.0745503448275862,0.06473931034482759,4.588025852393662,9.176051704787325,persisted_confirmed,,,,,narrow-2,0.5,LOSS,1788236220,2026-09-01T04:17:00+00:00,sl,Gate.io futures 1m
ema_cross_confirmed-log-1788164202.337-ATHUSDT-LONG,ema_cross_confirmed,ATHUSDT,LONG,1788164202.337,2026-08-31T08:16:42.337000+00:00,0.005028,0.004826431034482759,0.005431137931034484,4.0089293062299465,8.017858612459893,persisted_confirmed,,,,,baseline,1.0,LOSS,1788199620,2026-08-31T18:07:00+00:00,sl,Gate.io futures 1m
ema_cross_confirmed-log-1788164202.337-ATHUSDT-LONG,ema_cross_confirmed,ATHUSDT,LONG,1788164202.337,2026-08-31T08:16:42.337000+00:00,0.005028,0.004826431034482759,0.005431137931034484,4.0089293062299465,8.017858612459893,persisted_confirmed,,,,,narrow-1,0.75,LOSS,1788184260,2026-08-31T13:51:00+00:00,sl,Gate.io futures 1m
ema_cross_confirmed-log-1788164202.337-ATHUSDT-LONG,ema_cross_confirmed,ATHUSDT,LONG,1788164202.337,2026-08-31T08:16:42.337000+00:00,0.005028,0.004826431034482759,0.005431137931034484,4.0089293062299465,8.017858612459893,persisted_confirmed,,,,,narrow-2,0.5,LOSS,1788180000,2026-08-31T12:40:00+00:00,sl,Gate.io futures 1m
overheated_confirmed-log-1788164211.900-ZORAUSDT-LONG,overheated_confirmed,ZORAUSDT,LONG,1788164211.9,2026-08-31T08:16:51.900000+00:00,0.01029,0.009616607142857144,0.011636785714285714,6.5441482715535155,13.088296543107031,persisted_confirmed,,,,,baseline,1.0,LOSS,1788168960,2026-08-31T09:36:00+00:00,sl,Gate.io futures 1m
overheated_confirmed-log-1788164211.900-ZORAUSDT-LONG,overheated_confirmed,ZORAUSDT,LONG,1788164211.9,2026-08-31T08:16:51.900000+00:00,0.01029,0.009616607142857144,0.011636785714285714,6.5441482715535155,13.088296543107031,persisted_confirmed,,,,,narrow-1,0.75,LOSS,1788168720,2026-08-31T09:32:00+00:00,sl,Gate.io futures 1m
overheated_confirmed-log-1788164211.900-ZORAUSDT-LONG,overheated_confirmed,ZORAUSDT,LONG,1788164211.9,2026-08-31T08:16:51.900000+00:00,0.01029,0.009616607142857144,0.011636785714285714,6.5441482715535155,13.088296543107031,persisted_confirmed,,,,,narrow-2,0.5,LOSS,1788168660,2026-08-31T09:31:00+00:00,sl,Gate.io futures 1m
overheated_24h-db-6909,overheated_24h,0GUSDT,LONG,1788164460.0,2026-08-31T08:21:00+00:00,0.1882,0.1798375,0.204925,4.443411264612112,8.886822529224224,persisted_overheated_24h,,,,,baseline,1.0,WIN,1788168900,2026-08-31T09:35:00+00:00,tp,Gate.io futures 1m
overheated_24h-db-6909,overheated_24h,0GUSDT,LONG,1788164460.0,2026-08-31T08:21:00+00:00,0.1882,0.1798375,0.204925,4.443411264612112,8.886822529224224,persisted_overheated_24h,,,,,narrow-1,0.75,WIN,1788168900,2026-08-31T09:35:00+00:00,tp,Gate.io futures 1m
overheated_24h-db-6909,overheated_24h,0GUSDT,LONG,1788164460.0,2026-08-31T08:21:00+00:00,0.1882,0.1798375,0.204925,4.443411264612112,8.886822529224224,persisted_overheated_24h,,,,,narrow-2,0.5,WIN,1788168360,2026-08-31T09:26:00+00:00,tp,Gate.io futures 1m
overheated_confirmed-log-1788164535.501-0GUSDT-LONG,overheated_confirmed,0GUSDT,LONG,1788164535.501,2026-08-31T08:22:15.501000+00:00,0.1878,0.1794375,0.20452499999999998,4.4528753993610195,8.905750798722039,persisted_confirmed,,,,,baseline,1.0,WIN,1788168900,2026-08-31T09:35:00+00:00,tp,Gate.io futures 1m
overheated_confirmed-log-1788164535.501-0GUSDT-LONG,overheated_confirmed,0GUSDT,LONG,1788164535.501,2026-08-31T08:22:15.501000+00:00,0.1878,0.1794375,0.20452499999999998,4.4528753993610195,8.905750798722039,persisted_confirmed,,,,,narrow-1,0.75,WIN,1788168900,2026-08-31T09:35:00+00:00,tp,Gate.io futures 1m
overheated_confirmed-log-1788164535.501-0GUSDT-LONG,overheated_confirmed,0GUSDT,LONG,1788164535.501,2026-08-31T08:22:15.501000+00:00,0.1878,0.1794375,0.20452499999999998,4.4528753993610195,8.905750798722039,persisted_confirmed,,,,,narrow-2,0.5,WIN,1788167700,2026-08-31T09:15:00+00:00,tp,Gate.io futures 1m
overheated_confirmed-log-1788165001.491-CYSUSDT-LONG,overheated_confirmed,CYSUSDT,LONG,1788165001.491,2026-08-31T08:30:01.491000+00:00,0.9399,0.8511878896248664,1.1173242207502672,9.438462642316587,18.876925284633174,historical_4h_atr_reconstructed,,,,,baseline,1.0,LOSS,1788173160,2026-08-31T10:46:00+00:00,sl,Gate.io futures 1m
overheated_confirmed-log-1788165001.491-CYSUSDT-LONG,overheated_confirmed,CYSUSDT,LONG,1788165001.491,2026-08-31T08:30:01.491000+00:00,0.9399,0.8511878896248664,1.1173242207502672,9.438462642316587,18.876925284633174,historical_4h_atr_reconstructed,,,,,narrow-1,0.75,LOSS,1788173040,2026-08-31T10:44:00+00:00,sl,Gate.io futures 1m
overheated_confirmed-log-1788165001.491-CYSUSDT-LONG,overheated_confirmed,CYSUSDT,LONG,1788165001.491,2026-08-31T08:30:01.491000+00:00,0.9399,0.8511878896248664,1.1173242207502672,9.438462642316587,18.876925284633174,historical_4h_atr_reconstructed,,,,,narrow-2,0.5,LOSS,1788172320,2026-08-31T10:32:00+00:00,sl,Gate.io futures 1m
overheated_confirmed-log-1788165049.760-HEMIUSDT-LONG,overheated_confirmed,HEMIUSDT,LONG,1788165049.76,2026-08-31T08:30:49.760000+00:00,0.015706,0.013600535714285714,0.019916928571428575,13.405477433555882,26.810954867111764,persisted_confirmed,,,,,baseline,1.0,no_outcome_yet,,,,Gate.io futures 1m
overheated_confirmed-log-1788165049.760-HEMIUSDT-LONG,overheated_confirmed,HEMIUSDT,LONG,1788165049.76,2026-08-31T08:30:49.760000+00:00,0.015706,0.013600535714285714,0.019916928571428575,13.405477433555882,26.810954867111764,persisted_confirmed,,,,,narrow-1,0.75,no_outcome_yet,,,,Gate.io futures 1m
overheated_confirmed-log-1788165049.760-HEMIUSDT-LONG,overheated_confirmed,HEMIUSDT,LONG,1788165049.76,2026-08-31T08:30:49.760000+00:00,0.015706,0.013600535714285714,0.019916928571428575,13.405477433555882,26.810954867111764,persisted_confirmed,,,,,narrow-2,0.5,LOSS,1788175200,2026-08-31T11:20:00+00:00,sl,Gate.io futures 1m
ema_cross_confirmed-log-1788167738.326-HOLOUSDT-SHORT,ema_cross_confirmed,HOLOUSDT,SHORT,1788167738.326,2026-08-31T09:15:38.326000+00:00,0.06461,0.06843482758620689,0.05696034482758622,5.919869348718296,11.839738697436593,persisted_confirmed,,,,,baseline,1.0,no_outcome_yet,,,,Gate.io futures 1m
ema_cross_confirmed-log-1788167738.326-HOLOUSDT-SHORT,ema_cross_confirmed,HOLOUSDT,SHORT,1788167738.326,2026-08-31T09:15:38.326000+00:00,0.06461,0.06843482758620689,0.05696034482758622,5.919869348718296,11.839738697436593,persisted_confirmed,,,,,narrow-1,0.75,no_outcome_yet,,,,Gate.io futures 1m
ema_cross_confirmed-log-1788167738.326-HOLOUSDT-SHORT,ema_cross_confirmed,HOLOUSDT,SHORT,1788167738.326,2026-08-31T09:15:38.326000+00:00,0.06461,0.06843482758620689,0.05696034482758622,5.919869348718296,11.839738697436593,persisted_confirmed,,,,,narrow-2,0.5,no_outcome_yet,,,,Gate.io futures 1m
overheated_confirmed-log-1788167741.562-HEMIUSDT-LONG,overheated_confirmed,HEMIUSDT,LONG,1788167741.562,2026-08-31T09:15:41.562000+00:00,0.016699,0.014708017857142855,0.020680964285714285,11.922762697509693,23.845525395019386,parent_persisted_reconstructed,11.922762697509693,23.845525395019386,signal_price_within_0.5pct,6870,baseline,1.0,LOSS,1788175200,2026-08-31T11:20:00+00:00,sl,Gate.io futures 1m
overheated_confirmed-log-1788167741.562-HEMIUSDT-LONG,overheated_confirmed,HEMIUSDT,LONG,1788167741.562,2026-08-31T09:15:41.562000+00:00,0.016699,0.014708017857142855,0.020680964285714285,11.922762697509693,23.845525395019386,parent_persisted_reconstructed,11.922762697509693,23.845525395019386,signal_price_within_0.5pct,6870,narrow-1,0.75,LOSS,1788170640,2026-08-31T10:04:00+00:00,sl,Gate.io futures 1m
overheated_confirmed-log-1788167741.562-HEMIUSDT-LONG,overheated_confirmed,HEMIUSDT,LONG,1788167741.562,2026-08-31T09:15:41.562000+00:00,0.016699,0.014708017857142855,0.020680964285714285,11.922762697509693,23.845525395019386,parent_persisted_reconstructed,11.922762697509693,23.845525395019386,signal_price_within_0.5pct,6870,narrow-2,0.5,LOSS,1788168960,2026-08-31T09:36:00+00:00,sl,Gate.io futures 1m
ema_cross_confirmed-log-1788167744.547-SIRENUSDT-SHORT,ema_cross_confirmed,SIRENUSDT,SHORT,1788167744.547,2026-08-31T09:15:44.547000+00:00,0.02897,0.03115344827586207,0.02460310344827586,7.536928808636764,15.073857617273529,persisted_confirmed,,,,,baseline,1.0,no_outcome_yet,,,,Gate.io futures 1m
ema_cross_confirmed-log-1788167744.547-SIRENUSDT-SHORT,ema_cross_confirmed,SIRENUSDT,SHORT,1788167744.547,2026-08-31T09:15:44.547000+00:00,0.02897,0.03115344827586207,0.02460310344827586,7.536928808636764,15.073857617273529,persisted_confirmed,,,,,narrow-1,0.75,LOSS,1788193980,2026-08-31T16:33:00+00:00,sl,Gate.io futures 1m
ema_cross_confirmed-log-1788167744.547-SIRENUSDT-SHORT,ema_cross_confirmed,SIRENUSDT,SHORT,1788167744.547,2026-08-31T09:15:44.547000+00:00,0.02897,0.03115344827586207,0.02460310344827586,7.536928808636764,15.073857617273529,persisted_confirmed,,,,,narrow-2,0.5,LOSS,1788193680,2026-08-31T16:28:00+00:00,sl,Gate.io futures 1m
overheated_24h-db-6921,overheated_24h,CYSUSDT,LONG,1788167873.0,2026-08-31T09:17:53+00:00,0.9812,0.8904714285714286,1.1626571428571428,9.246695009026844,18.4933900180537,persisted_overheated_24h,,,,,baseline,1.0,LOSS,1788172920,2026-08-31T10:42:00+00:00,sl,Gate.io futures 1m
overheated_24h-db-6921,overheated_24h,CYSUSDT,LONG,1788167873.0,2026-08-31T09:17:53+00:00,0.9812,0.8904714285714286,1.1626571428571428,9.246695009026844,18.4933900180537,persisted_overheated_24h,,,,,narrow-1,0.75,LOSS,1788167940,2026-08-31T09:19:00+00:00,sl,Gate.io futures 1m
overheated_24h-db-6921,overheated_24h,CYSUSDT,LONG,1788167873.0,2026-08-31T09:17:53+00:00,0.9812,0.8904714285714286,1.1626571428571428,9.246695009026844,18.4933900180537,persisted_overheated_24h,,,,,narrow-2,0.5,LOSS,1788167880,2026-08-31T09:18:00+00:00,sl,Gate.io futures 1m
overheated_confirmed-log-1788168640.790-CLOUSDT-LONG,overheated_confirmed,CLOUSDT,LONG,1788168640.79,2026-08-31T09:30:40.790000+00:00,0.14378,0.13080124999999998,0.1697375,9.026811795799146,18.053623591598292,parent_persisted_reconstructed,9.026811795799146,18.053623591598292,signal_price_within_0.5pct,6851,baseline,1.0,LOSS,1788182640,2026-08-31T13:24:00+00:00,sl,Gate.io futures 1m
overheated_confirmed-log-1788168640.790-CLOUSDT-LONG,overheated_confirmed,CLOUSDT,LONG,1788168640.79,2026-08-31T09:30:40.790000+00:00,0.14378,0.13080124999999998,0.1697375,9.026811795799146,18.053623591598292,parent_persisted_reconstructed,9.026811795799146,18.053623591598292,signal_price_within_0.5pct,6851,narrow-1,0.75,LOSS,1788181980,2026-08-31T13:13:00+00:00,sl,Gate.io futures 1m
overheated_confirmed-log-1788168640.790-CLOUSDT-LONG,overheated_confirmed,CLOUSDT,LONG,1788168640.79,2026-08-31T09:30:40.790000+00:00,0.14378,0.13080124999999998,0.1697375,9.026811795799146,18.053623591598292,parent_persisted_reconstructed,9.026811795799146,18.053623591598292,signal_price_within_0.5pct,6851,narrow-2,0.5,LOSS,1788181440,2026-08-31T13:04:00+00:00,sl,Gate.io futures 1m
overheated_confirmed-log-1788169546.169-0GUSDT-LONG,overheated_confirmed,0GUSDT,LONG,1788169546.169,2026-08-31T09:45:46.169000+00:00,0.204,0.1956375,0.22072499999999998,4.099264705882351,8.198529411764701,persisted_confirmed,,,,,baseline,1.0,WIN,1788173460,2026-08-31T10:51:00+00:00,tp,Gate.io futures 1m
overheated_confirmed-log-1788169546.169-0GUSDT-LONG,overheated_confirmed,0GUSDT,LONG,1788169546.169,2026-08-31T09:45:46.169000+00:00,0.204,0.1956375,0.22072499999999998,4.099264705882351,8.198529411764701,persisted_confirmed,,,,,narrow-1,0.75,WIN,1788173280,2026-08-31T10:48:00+00:00,tp,Gate.io futures 1m
overheated_confirmed-log-1788169546.169-0GUSDT-LONG,overheated_confirmed,0GUSDT,LONG,1788169546.169,2026-08-31T09:45:46.169000+00:00,0.204,0.1956375,0.22072499999999998,4.099264705882351,8.198529411764701,persisted_confirmed,,,,,narrow-2,0.5,LOSS,1788171420,2026-08-31T10:17:00+00:00,sl,Gate.io futures 1m
overheated_24h-db-6943,overheated_24h,0GUSDT,LONG,1788172162.0,2026-08-31T10:29:22+00:00,0.202,0.19363750000000002,0.218725,4.139851485148513,8.279702970297025,persisted_overheated_24h,,,,,baseline,1.0,WIN,1788173340,2026-08-31T10:49:00+00:00,tp,Gate.io futures 1m
overheated_24h-db-6943,overheated_24h,0GUSDT,LONG,1788172162.0,2026-08-31T10:29:22+00:00,0.202,0.19363750000000002,0.218725,4.139851485148513,8.279702970297025,persisted_overheated_24h,,,,,narrow-1,0.75,WIN,1788173280,2026-08-31T10:48:00+00:00,tp,Gate.io futures 1m
overheated_24h-db-6943,overheated_24h,0GUSDT,LONG,1788172162.0,2026-08-31T10:29:22+00:00,0.202,0.19363750000000002,0.218725,4.139851485148513,8.279702970297025,persisted_overheated_24h,,,,,narrow-2,0.5,WIN,1788173100,2026-08-31T10:45:00+00:00,tp,Gate.io futures 1m
ema_cross_confirmed-log-1788172208.458-MINIMAXUSDT-LONG,ema_cross_confirmed,MINIMAXUSDT,LONG,1788172208.458,2026-08-31T10:30:08.458000+00:00,44.9,43.45637931034483,47.78724137931034,3.2151908455571707,6.430381691114341,persisted_confirmed,,,,,baseline,1.0,WIN,1788227100,2026-09-01T01:45:00+00:00,tp,Gate.io futures 1m
ema_cross_confirmed-log-1788172208.458-MINIMAXUSDT-LONG,ema_cross_confirmed,MINIMAXUSDT,LONG,1788172208.458,2026-08-31T10:30:08.458000+00:00,44.9,43.45637931034483,47.78724137931034,3.2151908455571707,6.430381691114341,persisted_confirmed,,,,,narrow-1,0.75,LOSS,1788226200,2026-09-01T01:30:00+00:00,sl,Gate.io futures 1m
ema_cross_confirmed-log-1788172208.458-MINIMAXUSDT-LONG,ema_cross_confirmed,MINIMAXUSDT,LONG,1788172208.458,2026-08-31T10:30:08.458000+00:00,44.9,43.45637931034483,47.78724137931034,3.2151908455571707,6.430381691114341,persisted_confirmed,,,,,narrow-2,0.5,LOSS,1788174720,2026-08-31T11:12:00+00:00,sl,Gate.io futures 1m
overheated_confirmed-log-1788174017.194-0GUSDT-LONG,overheated_confirmed,0GUSDT,LONG,1788174017.194,2026-08-31T11:00:17.194000+00:00,0.2267,0.21833750000000002,0.243425,3.6887957653286256,7.377591530657251,persisted_confirmed,,,,,baseline,1.0,LOSS,1788175500,2026-08-31T11:25:00+00:00,sl,Gate.io futures 1m
overheated_confirmed-log-1788174017.194-0GUSDT-LONG,overheated_confirmed,0GUSDT,LONG,1788174017.194,2026-08-31T11:00:17.194000+00:00,0.2267,0.21833750000000002,0.243425,3.6887957653286256,7.377591530657251,persisted_confirmed,,,,,narrow-1,0.75,LOSS,1788174960,2026-08-31T11:16:00+00:00,sl,Gate.io futures 1m
overheated_confirmed-log-1788174017.194-0GUSDT-LONG,overheated_confirmed,0GUSDT,LONG,1788174017.194,2026-08-31T11:00:17.194000+00:00,0.2267,0.21833750000000002,0.243425,3.6887957653286256,7.377591530657251,persisted_confirmed,,,,,narrow-2,0.5,LOSS,1788174060,2026-08-31T11:01:00+00:00,sl,Gate.io futures 1m
overheated_24h-db-6955,overheated_24h,0GUSDT,LONG,1788175219.0,2026-08-31T11:20:19+00:00,0.2229,0.2145375,0.23962499999999998,3.751682368775233,7.503364737550466,persisted_overheated_24h,,,,,baseline,1.0,LOSS,1788177720,2026-08-31T12:02:00+00:00,sl,Gate.io futures 1m
overheated_24h-db-6955,overheated_24h,0GUSDT,LONG,1788175219.0,2026-08-31T11:20:19+00:00,0.2229,0.2145375,0.23962499999999998,3.751682368775233,7.503364737550466,persisted_overheated_24h,,,,,narrow-1,0.75,LOSS,1788175500,2026-08-31T11:25:00+00:00,sl,Gate.io futures 1m
overheated_24h-db-6955,overheated_24h,0GUSDT,LONG,1788175219.0,2026-08-31T11:20:19+00:00,0.2229,0.2145375,0.23962499999999998,3.751682368775233,7.503364737550466,persisted_overheated_24h,,,,,narrow-2,0.5,LOSS,1788175500,2026-08-31T11:25:00+00:00,sl,Gate.io futures 1m
overheated_24h-db-6956,overheated_24h,NOTUSDT,LONG,1788175515.0,2026-08-31T11:25:15+00:00,0.0004711,0.00045361428571428575,0.0005060714285714286,3.711677836067557,7.423355672135138,persisted_overheated_24h,,,,,baseline,1.0,LOSS,1788181440,2026-08-31T13:04:00+00:00,sl,Gate.io futures 1m
overheated_24h-db-6956,overheated_24h,NOTUSDT,LONG,1788175515.0,2026-08-31T11:25:15+00:00,0.0004711,0.00045361428571428575,0.0005060714285714286,3.711677836067557,7.423355672135138,persisted_overheated_24h,,,,,narrow-1,0.75,LOSS,1788181440,2026-08-31T13:04:00+00:00,sl,Gate.io futures 1m
overheated_24h-db-6956,overheated_24h,NOTUSDT,LONG,1788175515.0,2026-08-31T11:25:15+00:00,0.0004711,0.00045361428571428575,0.0005060714285714286,3.711677836067557,7.423355672135138,persisted_overheated_24h,,,,,narrow-2,0.5,LOSS,1788176880,2026-08-31T11:48:00+00:00,sl,Gate.io futures 1m
ema_cross_confirmed-log-1788175809.371-GTUSDT-SHORT,ema_cross_confirmed,GTUSDT,SHORT,1788175809.371,2026-08-31T11:30:09.371000+00:00,7.873,8.199206896551724,7.220586206896553,4.143362079915198,8.286724159830396,persisted_confirmed,,,,,baseline,1.0,no_outcome_yet,,,,Gate.io futures 1m
ema_cross_confirmed-log-1788175809.371-GTUSDT-SHORT,ema_cross_confirmed,GTUSDT,SHORT,1788175809.371,2026-08-31T11:30:09.371000+00:00,7.873,8.199206896551724,7.220586206896553,4.143362079915198,8.286724159830396,persisted_confirmed,,,,,narrow-1,0.75,no_outcome_yet,,,,Gate.io futures 1m
ema_cross_confirmed-log-1788175809.371-GTUSDT-SHORT,ema_cross_confirmed,GTUSDT,SHORT,1788175809.371,2026-08-31T11:30:09.371000+00:00,7.873,8.199206896551724,7.220586206896553,4.143362079915198,8.286724159830396,persisted_confirmed,,,,,narrow-2,0.5,LOSS,1788196620,2026-08-31T17:17:00+00:00,sl,Gate.io futures 1m
overheated_confirmed-log-1788175817.005-NOTUSDT-LONG,overheated_confirmed,NOTUSDT,LONG,1788175817.005,2026-08-31T11:30:17.005000+00:00,0.0004699,0.0004524142857142857,0.0005048714285714285,3.7211564770619843,7.4423129541239685,persisted_confirmed,,,,,baseline,1.0,LOSS,1788181440,2026-08-31T13:04:00+00:00,sl,Gate.io futures 1m
overheated_confirmed-log-1788175817.005-NOTUSDT-LONG,overheated_confirmed,NOTUSDT,LONG,1788175817.005,2026-08-31T11:30:17.005000+00:00,0.0004699,0.0004524142857142857,0.0005048714285714285,3.7211564770619843,7.4423129541239685,persisted_confirmed,,,,,narrow-1,0.75,LOSS,1788181440,2026-08-31T13:04:00+00:00,sl,Gate.io futures 1m
overheated_confirmed-log-1788175817.005-NOTUSDT-LONG,overheated_confirmed,NOTUSDT,LONG,1788175817.005,2026-08-31T11:30:17.005000+00:00,0.0004699,0.0004524142857142857,0.0005048714285714285,3.7211564770619843,7.4423129541239685,persisted_confirmed,,,,,narrow-2,0.5,LOSS,1788176880,2026-08-31T11:48:00+00:00,sl,Gate.io futures 1m
ema_cross_confirmed-log-1788176705.464-BOBUSDT-LONG,ema_cross_confirmed,BOBUSDT,LONG,1788176705.464,2026-08-31T11:45:05.464000+00:00,0.005382,0.004787586206896551,0.006570827586206897,11.044477761119447,22.088955522238894,persisted_confirmed,,,,,baseline,1.0,LOSS,1788217500,2026-08-31T23:05:00+00:00,sl,Gate.io futures 1m
ema_cross_confirmed-log-1788176705.464-BOBUSDT-LONG,ema_cross_confirmed,BOBUSDT,LONG,1788176705.464,2026-08-31T11:45:05.464000+00:00,0.005382,0.004787586206896551,0.006570827586206897,11.044477761119447,22.088955522238894,persisted_confirmed,,,,,narrow-1,0.75,LOSS,1788213840,2026-08-31T22:04:00+00:00,sl,Gate.io futures 1m
ema_cross_confirmed-log-1788176705.464-BOBUSDT-LONG,ema_cross_confirmed,BOBUSDT,LONG,1788176705.464,2026-08-31T11:45:05.464000+00:00,0.005382,0.004787586206896551,0.006570827586206897,11.044477761119447,22.088955522238894,persisted_confirmed,,,,,narrow-2,0.5,LOSS,1788194580,2026-08-31T16:43:00+00:00,sl,Gate.io futures 1m
overheated_confirmed-log-1788176711.940-UAIUSDT-LONG,overheated_confirmed,UAIUSDT,LONG,1788176711.94,2026-08-31T11:45:11.940000+00:00,0.40523,0.36447469483189654,0.48674061033620686,10.057326744837116,20.114653489674232,historical_4h_atr_reconstructed,,,,,baseline,1.0,LOSS,1788196860,2026-08-31T17:21:00+00:00,sl,Gate.io futures 1m
overheated_confirmed-log-1788176711.940-UAIUSDT-LONG,overheated_confirmed,UAIUSDT,LONG,1788176711.94,2026-08-31T11:45:11.940000+00:00,0.40523,0.36447469483189654,0.48674061033620686,10.057326744837116,20.114653489674232,historical_4h_atr_reconstructed,,,,,narrow-1,0.75,LOSS,1788196560,2026-08-31T17:16:00+00:00,sl,Gate.io futures 1m
overheated_confirmed-log-1788176711.940-UAIUSDT-LONG,overheated_confirmed,UAIUSDT,LONG,1788176711.94,2026-08-31T11:45:11.940000+00:00,0.40523,0.36447469483189654,0.48674061033620686,10.057326744837116,20.114653489674232,historical_4h_atr_reconstructed,,,,,narrow-2,0.5,LOSS,1788196320,2026-08-31T17:12:00+00:00,sl,Gate.io futures 1m
ema_cross_confirmed-log-1788178031.802-MAGMAUSDT-SHORT,ema_cross_confirmed,MAGMAUSDT,SHORT,1788178031.802,2026-08-31T12:07:11.802000+00:00,0.32531,0.4310224137931034,0.11388517241379315,32.49590046205263,64.99180092410526,persisted_confirmed,,,,,baseline,1.0,no_outcome_yet,,,,Gate.io futures 1m
ema_cross_confirmed-log-1788178031.802-MAGMAUSDT-SHORT,ema_cross_confirmed,MAGMAUSDT,SHORT,1788178031.802,2026-08-31T12:07:11.802000+00:00,0.32531,0.4310224137931034,0.11388517241379315,32.49590046205263,64.99180092410526,persisted_confirmed,,,,,narrow-1,0.75,no_outcome_yet,,,,Gate.io futures 1m
ema_cross_confirmed-log-1788178031.802-MAGMAUSDT-SHORT,ema_cross_confirmed,MAGMAUSDT,SHORT,1788178031.802,2026-08-31T12:07:11.802000+00:00,0.32531,0.4310224137931034,0.11388517241379315,32.49590046205263,64.99180092410526,persisted_confirmed,,,,,narrow-2,0.5,LOSS,1788233040,2026-09-01T03:24:00+00:00,sl,Gate.io futures 1m
ema_cross_confirmed-log-1788178032.992-USUSDT-SHORT,ema_cross_confirmed,USUSDT,SHORT,1788178032.992,2026-08-31T12:07:12.992000+00:00,0.01657,0.018486000000000002,0.012738,11.563065781532895,23.12613156306579,persisted_confirmed,,,,,baseline,1.0,no_outcome_yet,,,,Gate.io futures 1m
ema_cross_confirmed-log-1788178032.992-USUSDT-SHORT,ema_cross_confirmed,USUSDT,SHORT,1788178032.992,2026-08-31T12:07:12.992000+00:00,0.01657,0.018486000000000002,0.012738,11.563065781532895,23.12613156306579,persisted_confirmed,,,,,narrow-1,0.75,no_outcome_yet,,,,Gate.io futures 1m
ema_cross_confirmed-log-1788178032.992-USUSDT-SHORT,ema_cross_confirmed,USUSDT,SHORT,1788178032.992,2026-08-31T12:07:12.992000+00:00,0.01657,0.018486000000000002,0.012738,11.563065781532895,23.12613156306579,persisted_confirmed,,,,,narrow-2,0.5,no_outcome_yet,,,,Gate.io futures 1m
ema_cross_confirmed-log-1788181055.549-SAGAUSDT-SHORT,ema_cross_confirmed,SAGAUSDT,SHORT,1788181055.549,2026-08-31T12:57:35.549000+00:00,0.01486,0.015657241379310346,0.013265517241379308,5.36501601150973,10.73003202301946,persisted_confirmed,,,,,baseline,1.0,no_outcome_yet,,,,Gate.io futures 1m
ema_cross_confirmed-log-1788181055.549-SAGAUSDT-SHORT,ema_cross_confirmed,SAGAUSDT,SHORT,1788181055.549,2026-08-31T12:57:35.549000+00:00,0.01486,0.015657241379310346,0.013265517241379308,5.36501601150973,10.73003202301946,persisted_confirmed,,,,,narrow-1,0.75,no_outcome_yet,,,,Gate.io futures 1m
ema_cross_confirmed-log-1788181055.549-SAGAUSDT-SHORT,ema_cross_confirmed,SAGAUSDT,SHORT,1788181055.549,2026-08-31T12:57:35.549000+00:00,0.01486,0.015657241379310346,0.013265517241379308,5.36501601150973,10.73003202301946,persisted_confirmed,,,,,narrow-2,0.5,LOSS,1788227580,2026-09-01T01:53:00+00:00,sl,Gate.io futures 1m
overheated_24h-db-6977,overheated_24h,0GUSDT,LONG,1788181621.0,2026-08-31T13:07:01+00:00,0.2092,0.198175,0.23125,5.270076481835567,10.540152963671135,persisted_overheated_24h,,,,,baseline,1.0,WIN,1788196920,2026-08-31T17:22:00+00:00,tp,Gate.io futures 1m
overheated_24h-db-6977,overheated_24h,0GUSDT,LONG,1788181621.0,2026-08-31T13:07:01+00:00,0.2092,0.198175,0.23125,5.270076481835567,10.540152963671135,persisted_overheated_24h,,,,,narrow-1,0.75,LOSS,1788182100,2026-08-31T13:15:00+00:00,sl,Gate.io futures 1m
overheated_24h-db-6977,overheated_24h,0GUSDT,LONG,1788181621.0,2026-08-31T13:07:01+00:00,0.2092,0.198175,0.23125,5.270076481835567,10.540152963671135,persisted_overheated_24h,,,,,narrow-2,0.5,LOSS,1788182100,2026-08-31T13:15:00+00:00,sl,Gate.io futures 1m
ema_cross_confirmed-log-1788182135.689-UPUSDT-LONG,ema_cross_confirmed,UPUSDT,LONG,1788182135.689,2026-08-31T13:15:35.689000+00:00,0.5077,0.4894103448275863,0.5442793103448276,3.602453254365524,7.204906508731048,persisted_confirmed,,,,,baseline,1.0,no_outcome_yet,,,,Gate.io futures 1m
ema_cross_confirmed-log-1788182135.689-UPUSDT-LONG,ema_cross_confirmed,UPUSDT,LONG,1788182135.689,2026-08-31T13:15:35.689000+00:00,0.5077,0.4894103448275863,0.5442793103448276,3.602453254365524,7.204906508731048,persisted_confirmed,,,,,narrow-1,0.75,no_outcome_yet,,,,Gate.io futures 1m
ema_cross_confirmed-log-1788182135.689-UPUSDT-LONG,ema_cross_confirmed,UPUSDT,LONG,1788182135.689,2026-08-31T13:15:35.689000+00:00,0.5077,0.4894103448275863,0.5442793103448276,3.602453254365524,7.204906508731048,persisted_confirmed,,,,,narrow-2,0.5,WIN,1788214620,2026-08-31T22:17:00+00:00,tp,Gate.io futures 1m
overheated_confirmed-log-1788183927.188-CLOUSDT-LONG,overheated_confirmed,CLOUSDT,LONG,1788183927.188,2026-08-31T13:45:27.188000+00:00,0.1395,0.12631928571428572,0.1658614285714286,9.448540706605229,18.897081413210458,persisted_confirmed,,,,,baseline,1.0,LOSS,1788246000,2026-09-01T07:00:00+00:00,sl,Gate.io futures 1m
overheated_confirmed-log-1788183927.188-CLOUSDT-LONG,overheated_confirmed,CLOUSDT,LONG,1788183927.188,2026-08-31T13:45:27.188000+00:00,0.1395,0.12631928571428572,0.1658614285714286,9.448540706605229,18.897081413210458,persisted_confirmed,,,,,narrow-1,0.75,LOSS,1788245880,2026-09-01T06:58:00+00:00,sl,Gate.io futures 1m
overheated_confirmed-log-1788183927.188-CLOUSDT-LONG,overheated_confirmed,CLOUSDT,LONG,1788183927.188,2026-08-31T13:45:27.188000+00:00,0.1395,0.12631928571428572,0.1658614285714286,9.448540706605229,18.897081413210458,persisted_confirmed,,,,,narrow-2,0.5,WIN,1788225360,2026-09-01T01:16:00+00:00,tp,Gate.io futures 1m
ema_cross_confirmed-log-1788184831.753-UBUSDT-SHORT,ema_cross_confirmed,UBUSDT,SHORT,1788184831.753,2026-08-31T14:00:31.753000+00:00,0.12163,0.1322796551724138,0.1003306896551724,8.755779965809257,17.511559931618514,persisted_confirmed,,,,,baseline,1.0,no_outcome_yet,,,,Gate.io futures 1m
ema_cross_confirmed-log-1788184831.753-UBUSDT-SHORT,ema_cross_confirmed,UBUSDT,SHORT,1788184831.753,2026-08-31T14:00:31.753000+00:00,0.12163,0.1322796551724138,0.1003306896551724,8.755779965809257,17.511559931618514,persisted_confirmed,,,,,narrow-1,0.75,no_outcome_yet,,,,Gate.io futures 1m
ema_cross_confirmed-log-1788184831.753-UBUSDT-SHORT,ema_cross_confirmed,UBUSDT,SHORT,1788184831.753,2026-08-31T14:00:31.753000+00:00,0.12163,0.1322796551724138,0.1003306896551724,8.755779965809257,17.511559931618514,persisted_confirmed,,,,,narrow-2,0.5,no_outcome_yet,,,,Gate.io futures 1m
ema_cross_confirmed-log-1788187527.825-IDUSDT-LONG,ema_cross_confirmed,IDUSDT,LONG,1788187527.825,2026-08-31T14:45:27.825000+00:00,0.03228,0.030922241379310347,0.034995517241379316,4.206191513908477,8.412383027816954,persisted_confirmed,,,,,baseline,1.0,no_outcome_yet,,,,Gate.io futures 1m
ema_cross_confirmed-log-1788187527.825-IDUSDT-LONG,ema_cross_confirmed,IDUSDT,LONG,1788187527.825,2026-08-31T14:45:27.825000+00:00,0.03228,0.030922241379310347,0.034995517241379316,4.206191513908477,8.412383027816954,persisted_confirmed,,,,,narrow-1,0.75,no_outcome_yet,,,,Gate.io futures 1m
ema_cross_confirmed-log-1788187527.825-IDUSDT-LONG,ema_cross_confirmed,IDUSDT,LONG,1788187527.825,2026-08-31T14:45:27.825000+00:00,0.03228,0.030922241379310347,0.034995517241379316,4.206191513908477,8.412383027816954,persisted_confirmed,,,,,narrow-2,0.5,no_outcome_yet,,,,Gate.io futures 1m
overheated_24h-db-7001,overheated_24h,PONSUSDT,LONG,1788189116.0,2026-08-31T15:11:56+00:00,0.445,0.32372500000000004,0.68755,27.252808988764038,54.50561797752809,persisted_overheated_24h,,,,,baseline,1.0,no_outcome_yet,,,,Gate.io futures 1m
overheated_24h-db-7001,overheated_24h,PONSUSDT,LONG,1788189116.0,2026-08-31T15:11:56+00:00,0.445,0.32372500000000004,0.68755,27.252808988764038,54.50561797752809,persisted_overheated_24h,,,,,narrow-1,0.75,LOSS,1788209100,2026-08-31T20:45:00+00:00,sl,Gate.io futures 1m
overheated_24h-db-7001,overheated_24h,PONSUSDT,LONG,1788189116.0,2026-08-31T15:11:56+00:00,0.445,0.32372500000000004,0.68755,27.252808988764038,54.50561797752809,persisted_overheated_24h,,,,,narrow-2,0.5,LOSS,1788202080,2026-08-31T18:48:00+00:00,sl,Gate.io futures 1m
overheated_confirmed-log-1788196532.056-0GUSDT-LONG,overheated_confirmed,0GUSDT,LONG,1788196532.056,2026-08-31T17:15:32.056000+00:00,0.2197,0.208675,0.24175000000000002,5.018206645425583,10.036413290851167,persisted_confirmed,,,,,baseline,1.0,WIN,1788199680,2026-08-31T18:08:00+00:00,tp,Gate.io futures 1m
overheated_confirmed-log-1788196532.056-0GUSDT-LONG,overheated_confirmed,0GUSDT,LONG,1788196532.056,2026-08-31T17:15:32.056000+00:00,0.2197,0.208675,0.24175000000000002,5.018206645425583,10.036413290851167,persisted_confirmed,,,,,narrow-1,0.75,WIN,1788197280,2026-08-31T17:28:00+00:00,tp,Gate.io futures 1m
overheated_confirmed-log-1788196532.056-0GUSDT-LONG,overheated_confirmed,0GUSDT,LONG,1788196532.056,2026-08-31T17:15:32.056000+00:00,0.2197,0.208675,0.24175000000000002,5.018206645425583,10.036413290851167,persisted_confirmed,,,,,narrow-2,0.5,WIN,1788196920,2026-08-31T17:22:00+00:00,tp,Gate.io futures 1m
ema_cross_confirmed-log-1788196536.405-DOGSUSDT-LONG,ema_cross_confirmed,DOGSUSDT,LONG,1788196536.405,2026-08-31T17:15:36.405000+00:00,4.528e-05,4.338689655172414e-05,4.9066206896551724e-05,4.180882173754112,8.361764347508224,persisted_confirmed,,,,,baseline,1.0,LOSS,1788213120,2026-08-31T21:52:00+00:00,sl,Gate.io futures 1m
ema_cross_confirmed-log-1788196536.405-DOGSUSDT-LONG,ema_cross_confirmed,DOGSUSDT,LONG,1788196536.405,2026-08-31T17:15:36.405000+00:00,4.528e-05,4.338689655172414e-05,4.9066206896551724e-05,4.180882173754112,8.361764347508224,persisted_confirmed,,,,,narrow-1,0.75,LOSS,1788207480,2026-08-31T20:18:00+00:00,sl,Gate.io futures 1m
ema_cross_confirmed-log-1788196536.405-DOGSUSDT-LONG,ema_cross_confirmed,DOGSUSDT,LONG,1788196536.405,2026-08-31T17:15:36.405000+00:00,4.528e-05,4.338689655172414e-05,4.9066206896551724e-05,4.180882173754112,8.361764347508224,persisted_confirmed,,,,,narrow-2,0.5,WIN,1788201840,2026-08-31T18:44:00+00:00,tp,Gate.io futures 1m
overheated_24h-db-7024,overheated_24h,0GUSDT,LONG,1788197332.0,2026-08-31T17:28:52+00:00,0.2344,0.2224107142857143,0.2583785714285714,5.114882983910283,10.229765967820565,persisted_overheated_24h,,,,,baseline,1.0,LOSS,1788203460,2026-08-31T19:11:00+00:00,sl,Gate.io futures 1m
overheated_24h-db-7024,overheated_24h,0GUSDT,LONG,1788197332.0,2026-08-31T17:28:52+00:00,0.2344,0.2224107142857143,0.2583785714285714,5.114882983910283,10.229765967820565,persisted_overheated_24h,,,,,narrow-1,0.75,LOSS,1788200100,2026-08-31T18:15:00+00:00,sl,Gate.io futures 1m
overheated_24h-db-7024,overheated_24h,0GUSDT,LONG,1788197332.0,2026-08-31T17:28:52+00:00,0.2344,0.2224107142857143,0.2583785714285714,5.114882983910283,10.229765967820565,persisted_overheated_24h,,,,,narrow-2,0.5,LOSS,1788197940,2026-08-31T17:39:00+00:00,sl,Gate.io futures 1m
overheated_confirmed-log-1788197431.662-0GUSDT-LONG,overheated_confirmed,0GUSDT,LONG,1788197431.662,2026-08-31T17:30:31.662000+00:00,0.2344,0.2224107142857143,0.2583785714285714,5.114882983910283,10.229765967820565,parent_persisted_reconstructed,5.114882983910283,10.229765967820565,signal_price_within_0.5pct,7024,baseline,1.0,LOSS,1788203460,2026-08-31T19:11:00+00:00,sl,Gate.io futures 1m
overheated_confirmed-log-1788197431.662-0GUSDT-LONG,overheated_confirmed,0GUSDT,LONG,1788197431.662,2026-08-31T17:30:31.662000+00:00,0.2344,0.2224107142857143,0.2583785714285714,5.114882983910283,10.229765967820565,parent_persisted_reconstructed,5.114882983910283,10.229765967820565,signal_price_within_0.5pct,7024,narrow-1,0.75,LOSS,1788200100,2026-08-31T18:15:00+00:00,sl,Gate.io futures 1m
overheated_confirmed-log-1788197431.662-0GUSDT-LONG,overheated_confirmed,0GUSDT,LONG,1788197431.662,2026-08-31T17:30:31.662000+00:00,0.2344,0.2224107142857143,0.2583785714285714,5.114882983910283,10.229765967820565,parent_persisted_reconstructed,5.114882983910283,10.229765967820565,signal_price_within_0.5pct,7024,narrow-2,0.5,LOSS,1788197940,2026-08-31T17:39:00+00:00,sl,Gate.io futures 1m
ema_cross_confirmed-log-1788197439.329-MORPHOUSDT-LONG,ema_cross_confirmed,MORPHOUSDT,LONG,1788197439.329,2026-08-31T17:30:39.329000+00:00,2.7114,2.593225862068965,2.9477482758620694,4.358417715240645,8.71683543048129,persisted_confirmed,,,,,baseline,1.0,LOSS,1788214200,2026-08-31T22:10:00+00:00,sl,Gate.io futures 1m
ema_cross_confirmed-log-1788197439.329-MORPHOUSDT-LONG,ema_cross_confirmed,MORPHOUSDT,LONG,1788197439.329,2026-08-31T17:30:39.329000+00:00,2.7114,2.593225862068965,2.9477482758620694,4.358417715240645,8.71683543048129,persisted_confirmed,,,,,narrow-1,0.75,LOSS,1788203160,2026-08-31T19:06:00+00:00,sl,Gate.io futures 1m
ema_cross_confirmed-log-1788197439.329-MORPHOUSDT-LONG,ema_cross_confirmed,MORPHOUSDT,LONG,1788197439.329,2026-08-31T17:30:39.329000+00:00,2.7114,2.593225862068965,2.9477482758620694,4.358417715240645,8.71683543048129,persisted_confirmed,,,,,narrow-2,0.5,LOSS,1788200760,2026-08-31T18:26:00+00:00,sl,Gate.io futures 1m
overheated_24h-db-7035,overheated_24h,DOGSUSDT,LONG,1788200025.0,2026-08-31T18:13:45+00:00,4.626e-05,4.437107142857143e-05,5.003785714285715e-05,4.0832870113025725,8.16657402260516,persisted_overheated_24h,,,,,baseline,1.0,LOSS,1788207360,2026-08-31T20:16:00+00:00,sl,Gate.io futures 1m
overheated_24h-db-7035,overheated_24h,DOGSUSDT,LONG,1788200025.0,2026-08-31T18:13:45+00:00,4.626e-05,4.437107142857143e-05,5.003785714285715e-05,4.0832870113025725,8.16657402260516,persisted_overheated_24h,,,,,narrow-1,0.75,LOSS,1788206760,2026-08-31T20:06:00+00:00,sl,Gate.io futures 1m
overheated_24h-db-7035,overheated_24h,DOGSUSDT,LONG,1788200025.0,2026-08-31T18:13:45+00:00,4.626e-05,4.437107142857143e-05,5.003785714285715e-05,4.0832870113025725,8.16657402260516,persisted_overheated_24h,,,,,narrow-2,0.5,LOSS,1788202800,2026-08-31T19:00:00+00:00,sl,Gate.io futures 1m
ema_cross_confirmed-log-1788201040.317-QCOMUSDT-LONG,ema_cross_confirmed,QCOMUSDT,LONG,1788201040.317,2026-08-31T18:30:40.317000+00:00,170.41,168.29189655172414,174.64620689655172,1.24294551274917,2.48589102549834,persisted_confirmed,,,,,baseline,1.0,no_outcome_yet,,,,Gate.io futures 1m
ema_cross_confirmed-log-1788201040.317-QCOMUSDT-LONG,ema_cross_confirmed,QCOMUSDT,LONG,1788201040.317,2026-08-31T18:30:40.317000+00:00,170.41,168.29189655172414,174.64620689655172,1.24294551274917,2.48589102549834,persisted_confirmed,,,,,narrow-1,0.75,no_outcome_yet,,,,Gate.io futures 1m
ema_cross_confirmed-log-1788201040.317-QCOMUSDT-LONG,ema_cross_confirmed,QCOMUSDT,LONG,1788201040.317,2026-08-31T18:30:40.317000+00:00,170.41,168.29189655172414,174.64620689655172,1.24294551274917,2.48589102549834,persisted_confirmed,,,,,narrow-2,0.5,no_outcome_yet,,,,Gate.io futures 1m
overheated_confirmed-log-1788202840.023-HEMIUSDT-LONG,overheated_confirmed,HEMIUSDT,LONG,1788202840.023,2026-08-31T19:00:40.023000+00:00,0.017139,0.014964955154992942,0.02148708969001412,12.684782338567354,25.369564677134708,historical_4h_atr_reconstructed,,,,,baseline,1.0,LOSS,1788235080,2026-09-01T03:58:00+00:00,sl,Gate.io futures 1m
overheated_confirmed-log-1788202840.023-HEMIUSDT-LONG,overheated_confirmed,HEMIUSDT,LONG,1788202840.023,2026-08-31T19:00:40.023000+00:00,0.017139,0.014964955154992942,0.02148708969001412,12.684782338567354,25.369564677134708,historical_4h_atr_reconstructed,,,,,narrow-1,0.75,LOSS,1788217800,2026-08-31T23:10:00+00:00,sl,Gate.io futures 1m
overheated_confirmed-log-1788202840.023-HEMIUSDT-LONG,overheated_confirmed,HEMIUSDT,LONG,1788202840.023,2026-08-31T19:00:40.023000+00:00,0.017139,0.014964955154992942,0.02148708969001412,12.684782338567354,25.369564677134708,historical_4h_atr_reconstructed,,,,,narrow-2,0.5,LOSS,1788204060,2026-08-31T19:21:00+00:00,sl,Gate.io futures 1m
ema_cross_confirmed-log-1788205543.144-FLRUSDT-LONG,ema_cross_confirmed,FLRUSDT,LONG,1788205543.144,2026-08-31T19:45:43.144000+00:00,0.007166,0.0069367068965517234,0.007624586206896552,3.1997363026552637,6.399472605310527,persisted_confirmed,,,,,baseline,1.0,LOSS,1788207120,2026-08-31T20:12:00+00:00,sl,Gate.io futures 1m
ema_cross_confirmed-log-1788205543.144-FLRUSDT-LONG,ema_cross_confirmed,FLRUSDT,LONG,1788205543.144,2026-08-31T19:45:43.144000+00:00,0.007166,0.0069367068965517234,0.007624586206896552,3.1997363026552637,6.399472605310527,persisted_confirmed,,,,,narrow-1,0.75,LOSS,1788207120,2026-08-31T20:12:00+00:00,sl,Gate.io futures 1m
ema_cross_confirmed-log-1788205543.144-FLRUSDT-LONG,ema_cross_confirmed,FLRUSDT,LONG,1788205543.144,2026-08-31T19:45:43.144000+00:00,0.007166,0.0069367068965517234,0.007624586206896552,3.1997363026552637,6.399472605310527,persisted_confirmed,,,,,narrow-2,0.5,LOSS,1788206280,2026-08-31T19:58:00+00:00,sl,Gate.io futures 1m
ema_cross_confirmed-log-1788206434.616-UBERUSDT-SHORT,ema_cross_confirmed,UBERUSDT,SHORT,1788206434.616,2026-08-31T20:00:34.616000+00:00,75.62,77.51050000000001,71.839,2.5000000000000036,5.000000000000007,parent_persisted_reconstructed,2.5000000000000036,5.000000000000007,signal_price_within_0.5pct,7015,baseline,1.0,no_outcome_yet,,,,Gate.io futures 1m
ema_cross_confirmed-log-1788206434.616-UBERUSDT-SHORT,ema_cross_confirmed,UBERUSDT,SHORT,1788206434.616,2026-08-31T20:00:34.616000+00:00,75.62,77.51050000000001,71.839,2.5000000000000036,5.000000000000007,parent_persisted_reconstructed,2.5000000000000036,5.000000000000007,signal_price_within_0.5pct,7015,narrow-1,0.75,no_outcome_yet,,,,Gate.io futures 1m
ema_cross_confirmed-log-1788206434.616-UBERUSDT-SHORT,ema_cross_confirmed,UBERUSDT,SHORT,1788206434.616,2026-08-31T20:00:34.616000+00:00,75.62,77.51050000000001,71.839,2.5000000000000036,5.000000000000007,parent_persisted_reconstructed,2.5000000000000036,5.000000000000007,signal_price_within_0.5pct,7015,narrow-2,0.5,no_outcome_yet,,,,Gate.io futures 1m
ema_cross_confirmed-log-1788206435.278-HUSDT-SHORT,ema_cross_confirmed,HUSDT,SHORT,1788206435.278,2026-08-31T20:00:35.278000+00:00,0.07295,0.07796862068965517,0.06291275862068967,6.879534872728126,13.759069745456252,parent_persisted_reconstructed,6.879534872728126,13.759069745456252,signal_price_within_0.5pct,7016,baseline,1.0,no_outcome_yet,,,,Gate.io futures 1m
ema_cross_confirmed-log-1788206435.278-HUSDT-SHORT,ema_cross_confirmed,HUSDT,SHORT,1788206435.278,2026-08-31T20:00:35.278000+00:00,0.07295,0.07796862068965517,0.06291275862068967,6.879534872728126,13.759069745456252,parent_persisted_reconstructed,6.879534872728126,13.759069745456252,signal_price_within_0.5pct,7016,narrow-1,0.75,no_outcome_yet,,,,Gate.io futures 1m
ema_cross_confirmed-log-1788206435.278-HUSDT-SHORT,ema_cross_confirmed,HUSDT,SHORT,1788206435.278,2026-08-31T20:00:35.278000+00:00,0.07295,0.07796862068965517,0.06291275862068967,6.879534872728126,13.759069745456252,parent_persisted_reconstructed,6.879534872728126,13.759069745456252,signal_price_within_0.5pct,7016,narrow-2,0.5,no_outcome_yet,,,,Gate.io futures 1m
ema_cross_confirmed-log-1788206436.384-SPCXUSDT-LONG,ema_cross_confirmed,SPCXUSDT,LONG,1788206436.384,2026-08-31T20:00:36.384000+00:00,143.52,141.8187931034483,146.92241379310346,1.185344827586207,2.370689655172414,persisted_confirmed,,,,,baseline,1.0,no_outcome_yet,,,,Gate.io futures 1m
ema_cross_confirmed-log-1788206436.384-SPCXUSDT-LONG,ema_cross_confirmed,SPCXUSDT,LONG,1788206436.384,2026-08-31T20:00:36.384000+00:00,143.52,141.8187931034483,146.92241379310346,1.185344827586207,2.370689655172414,persisted_confirmed,,,,,narrow-1,0.75,no_outcome_yet,,,,Gate.io futures 1m
ema_cross_confirmed-log-1788206436.384-SPCXUSDT-LONG,ema_cross_confirmed,SPCXUSDT,LONG,1788206436.384,2026-08-31T20:00:36.384000+00:00,143.52,141.8187931034483,146.92241379310346,1.185344827586207,2.370689655172414,persisted_confirmed,,,,,narrow-2,0.5,no_outcome_yet,,,,Gate.io futures 1m
ema_cross_confirmed-log-1788206442.281-SNXXUSDT-LONG,ema_cross_confirmed,SNXXUSDT,LONG,1788206442.281,2026-08-31T20:00:42.281000+00:00,14.299,13.559396551724138,15.778206896551723,5.172413793103445,10.34482758620689,persisted_confirmed,,,,,baseline,1.0,no_outcome_yet,,,,Gate.io futures 1m
ema_cross_confirmed-log-1788206442.281-SNXXUSDT-LONG,ema_cross_confirmed,SNXXUSDT,LONG,1788206442.281,2026-08-31T20:00:42.281000+00:00,14.299,13.559396551724138,15.778206896551723,5.172413793103445,10.34482758620689,persisted_confirmed,,,,,narrow-1,0.75,LOSS,1788230580,2026-09-01T02:43:00+00:00,sl,Gate.io futures 1m
ema_cross_confirmed-log-1788206442.281-SNXXUSDT-LONG,ema_cross_confirmed,SNXXUSDT,LONG,1788206442.281,2026-08-31T20:00:42.281000+00:00,14.299,13.559396551724138,15.778206896551723,5.172413793103445,10.34482758620689,persisted_confirmed,,,,,narrow-2,0.5,LOSS,1788210480,2026-08-31T21:08:00+00:00,sl,Gate.io futures 1m
ema_cross_confirmed-log-1788206502.276-SNDKUSDT-LONG,ema_cross_confirmed,SNDKUSDT,LONG,1788206502.276,2026-08-31T20:01:42.276000+00:00,1568.52,1526.075172413793,1653.4096551724137,2.7060431225745853,5.412086245149171,persisted_confirmed,,,,,baseline,1.0,no_outcome_yet,,,,Gate.io futures 1m
ema_cross_confirmed-log-1788206502.276-SNDKUSDT-LONG,ema_cross_confirmed,SNDKUSDT,LONG,1788206502.276,2026-08-31T20:01:42.276000+00:00,1568.52,1526.075172413793,1653.4096551724137,2.7060431225745853,5.412086245149171,persisted_confirmed,,,,,narrow-1,0.75,no_outcome_yet,,,,Gate.io futures 1m
ema_cross_confirmed-log-1788206502.276-SNDKUSDT-LONG,ema_cross_confirmed,SNDKUSDT,LONG,1788206502.276,2026-08-31T20:01:42.276000+00:00,1568.52,1526.075172413793,1653.4096551724137,2.7060431225745853,5.412086245149171,persisted_confirmed,,,,,narrow-2,0.5,LOSS,1788210480,2026-08-31T21:08:00+00:00,sl,Gate.io futures 1m
ema_cross_confirmed-log-1788206504.009-MUUUSDT-LONG,ema_cross_confirmed,MUUUSDT,LONG,1788206504.009,2026-08-31T20:01:44.009000+00:00,30.77,29.49189655172414,33.326206896551724,4.153732363587458,8.307464727174926,persisted_confirmed,,,,,baseline,1.0,no_outcome_yet,,,,Gate.io futures 1m
ema_cross_confirmed-log-1788206504.009-MUUUSDT-LONG,ema_cross_confirmed,MUUUSDT,LONG,1788206504.009,2026-08-31T20:01:44.009000+00:00,30.77,29.49189655172414,33.326206896551724,4.153732363587458,8.307464727174926,persisted_confirmed,,,,,narrow-1,0.75,no_outcome_yet,,,,Gate.io futures 1m
ema_cross_confirmed-log-1788206504.009-MUUUSDT-LONG,ema_cross_confirmed,MUUUSDT,LONG,1788206504.009,2026-08-31T20:01:44.009000+00:00,30.77,29.49189655172414,33.326206896551724,4.153732363587458,8.307464727174926,persisted_confirmed,,,,,narrow-2,0.5,no_outcome_yet,,,,Gate.io futures 1m
ema_cross_confirmed-log-1788209141.902-OKTAUSDT-LONG,ema_cross_confirmed,OKTAUSDT,LONG,1788209141.902,2026-08-31T20:45:41.902000+00:00,172.56,165.99672413793104,185.68655172413793,3.803474653493836,7.606949306987672,persisted_confirmed,,,,,baseline,1.0,no_outcome_yet,,,,Gate.io futures 1m
ema_cross_confirmed-log-1788209141.902-OKTAUSDT-LONG,ema_cross_confirmed,OKTAUSDT,LONG,1788209141.902,2026-08-31T20:45:41.902000+00:00,172.56,165.99672413793104,185.68655172413793,3.803474653493836,7.606949306987672,persisted_confirmed,,,,,narrow-1,0.75,no_outcome_yet,,,,Gate.io futures 1m
ema_cross_confirmed-log-1788209141.902-OKTAUSDT-LONG,ema_cross_confirmed,OKTAUSDT,LONG,1788209141.902,2026-08-31T20:45:41.902000+00:00,172.56,165.99672413793104,185.68655172413793,3.803474653493836,7.606949306987672,persisted_confirmed,,,,,narrow-2,0.5,no_outcome_yet,,,,Gate.io futures 1m
overheated_24h-db-7089,overheated_24h,USELESSUSDT,LONG,1788242358.0,2026-09-01T05:59:18+00:00,0.09344,0.08684910714285714,0.10662178571428571,7.053609650195695,14.10721930039139,persisted_overheated_24h,,,,,baseline,1.0,no_outcome_yet,,,,Gate.io futures 1m
overheated_24h-db-7089,overheated_24h,USELESSUSDT,LONG,1788242358.0,2026-09-01T05:59:18+00:00,0.09344,0.08684910714285714,0.10662178571428571,7.053609650195695,14.10721930039139,persisted_overheated_24h,,,,,narrow-1,0.75,no_outcome_yet,,,,Gate.io futures 1m
overheated_24h-db-7089,overheated_24h,USELESSUSDT,LONG,1788242358.0,2026-09-01T05:59:18+00:00,0.09344,0.08684910714285714,0.10662178571428571,7.053609650195695,14.10721930039139,persisted_overheated_24h,,,,,narrow-2,0.5,no_outcome_yet,,,,Gate.io futures 1m
overheated_24h-db-7107,overheated_24h,MARSCOINUSDT,LONG,1788243260.0,2026-09-01T06:14:20+00:00,0.05549,0.0425375,0.081395,23.342043611461524,46.68408722292305,persisted_overheated_24h,,,,,baseline,1.0,no_outcome_yet,,,,Gate.io futures 1m
overheated_24h-db-7107,overheated_24h,MARSCOINUSDT,LONG,1788243260.0,2026-09-01T06:14:20+00:00,0.05549,0.0425375,0.081395,23.342043611461524,46.68408722292305,persisted_overheated_24h,,,,,narrow-1,0.75,no_outcome_yet,,,,Gate.io futures 1m
overheated_24h-db-7107,overheated_24h,MARSCOINUSDT,LONG,1788243260.0,2026-09-01T06:14:20+00:00,0.05549,0.0425375,0.081395,23.342043611461524,46.68408722292305,persisted_overheated_24h,,,,,narrow-2,0.5,no_outcome_yet,,,,Gate.io futures 1m
ema_cross_confirmed-log-1788243310.662-LABUSDT-SHORT,ema_cross_confirmed,LABUSDT,SHORT,1788243310.662,2026-09-01T06:15:10.662000+00:00,0.06967,0.07852793103448275,0.0519541379310345,12.714125210969929,25.428250421939858,persisted_confirmed,,,,,baseline,1.0,no_outcome_yet,,,,Gate.io futures 1m
ema_cross_confirmed-log-1788243310.662-LABUSDT-SHORT,ema_cross_confirmed,LABUSDT,SHORT,1788243310.662,2026-09-01T06:15:10.662000+00:00,0.06967,0.07852793103448275,0.0519541379310345,12.714125210969929,25.428250421939858,persisted_confirmed,,,,,narrow-1,0.75,no_outcome_yet,,,,Gate.io futures 1m
ema_cross_confirmed-log-1788243310.662-LABUSDT-SHORT,ema_cross_confirmed,LABUSDT,SHORT,1788243310.662,2026-09-01T06:15:10.662000+00:00,0.06967,0.07852793103448275,0.0519541379310345,12.714125210969929,25.428250421939858,persisted_confirmed,,,,,narrow-2,0.5,no_outcome_yet,,,,Gate.io futures 1m
overheated_24h-db-7112,overheated_24h,ONGUSDT,LONG,1788244172.0,2026-09-01T06:29:32+00:00,0.10978,0.09764553571428572,0.13404892857142858,11.053438044921009,22.10687608984203,persisted_overheated_24h,,,,,baseline,1.0,no_outcome_yet,,,,Gate.io futures 1m
overheated_24h-db-7112,overheated_24h,ONGUSDT,LONG,1788244172.0,2026-09-01T06:29:32+00:00,0.10978,0.09764553571428572,0.13404892857142858,11.053438044921009,22.10687608984203,persisted_overheated_24h,,,,,narrow-1,0.75,no_outcome_yet,,,,Gate.io futures 1m
overheated_24h-db-7112,overheated_24h,ONGUSDT,LONG,1788244172.0,2026-09-01T06:29:32+00:00,0.10978,0.09764553571428572,0.13404892857142858,11.053438044921009,22.10687608984203,persisted_overheated_24h,,,,,narrow-2,0.5,LOSS,1788247740,2026-09-01T07:29:00+00:00,sl,Gate.io futures 1m
overheated_confirmed-log-1788244221.291-ONGUSDT-LONG,overheated_confirmed,ONGUSDT,LONG,1788244221.291,2026-09-01T06:30:21.291000+00:00,0.11077,0.09863553571428571,0.13503892857142857,10.954648628432142,21.909297256864296,persisted_confirmed,,,,,baseline,1.0,no_outcome_yet,,,,Gate.io futures 1m
overheated_confirmed-log-1788244221.291-ONGUSDT-LONG,overheated_confirmed,ONGUSDT,LONG,1788244221.291,2026-09-01T06:30:21.291000+00:00,0.11077,0.09863553571428571,0.13503892857142857,10.954648628432142,21.909297256864296,persisted_confirmed,,,,,narrow-1,0.75,no_outcome_yet,,,,Gate.io futures 1m
overheated_confirmed-log-1788244221.291-ONGUSDT-LONG,overheated_confirmed,ONGUSDT,LONG,1788244221.291,2026-09-01T06:30:21.291000+00:00,0.11077,0.09863553571428571,0.13503892857142857,10.954648628432142,21.909297256864296,persisted_confirmed,,,,,narrow-2,0.5,LOSS,1788244200,2026-09-01T06:30:00+00:00,sl,Gate.io futures 1m
overheated_24h-db-7121,overheated_24h,ARBUSDT,LONG,1788246251.0,2026-09-01T07:04:11+00:00,0.11103,0.10615875,0.1207725,4.387327749256964,8.774655498513916,persisted_overheated_24h,,,,,baseline,1.0,no_outcome_yet,,,,Gate.io futures 1m
overheated_24h-db-7121,overheated_24h,ARBUSDT,LONG,1788246251.0,2026-09-01T07:04:11+00:00,0.11103,0.10615875,0.1207725,4.387327749256964,8.774655498513916,persisted_overheated_24h,,,,,narrow-1,0.75,no_outcome_yet,,,,Gate.io futures 1m
overheated_24h-db-7121,overheated_24h,ARBUSDT,LONG,1788246251.0,2026-09-01T07:04:11+00:00,0.11103,0.10615875,0.1207725,4.387327749256964,8.774655498513916,persisted_overheated_24h,,,,,narrow-2,0.5,no_outcome_yet,,,,Gate.io futures 1m
overheated_confirmed-log-1788247813.516-ARBUSDT-LONG,overheated_confirmed,ARBUSDT,LONG,1788247813.516,2026-09-01T07:30:13.516000+00:00,0.11425,0.10937875,0.12399250000000002,4.263676148796505,8.52735229759301,persisted_confirmed,,,,,baseline,1.0,no_outcome_yet,,,,Gate.io futures 1m
overheated_confirmed-log-1788247813.516-ARBUSDT-LONG,overheated_confirmed,ARBUSDT,LONG,1788247813.516,2026-09-01T07:30:13.516000+00:00,0.11425,0.10937875,0.12399250000000002,4.263676148796505,8.52735229759301,persisted_confirmed,,,,,narrow-1,0.75,no_outcome_yet,,,,Gate.io futures 1m
overheated_confirmed-log-1788247813.516-ARBUSDT-LONG,overheated_confirmed,ARBUSDT,LONG,1788247813.516,2026-09-01T07:30:13.516000+00:00,0.11425,0.10937875,0.12399250000000002,4.263676148796505,8.52735229759301,persisted_confirmed,,,,,narrow-2,0.5,no_outcome_yet,,,,Gate.io futures 1m
