id,ts_open,symbol,direction,strategy,alert_type,is_shadow,shadow_reason,status,exit_method,ts_close,entry_price,sl_price,tp_price,exit_price,pnl_usd,close_reason,result_r,r_included,outcome,trend_regime,regime_reason,btc_candle_ts,btc_close,btc_ema50
1638,1786620062,POWERUSDT,SHORT,ema_cross,ema_cross,1,,tp,poll,1786707630,0.09365,0.09846379310344827,0.08402241379310345,0.084,10.30432461292044,tp,2.0046561604584516,True,tp,bear,close_vs_ema50,1786593600,63838.6,64165.38153736044
1639,1786620156,AVNTUSDT,LONG,ema_cross,ema_cross,1,,tp,wick,1786624439,0.0971,0.09436206896551724,0.10257586206896552,0.10257586206896552,5.639404808409383,tp,1.999999999999995,True,tp,bear,close_vs_ema50,1786593600,63838.6,64165.38153736044
1640,1786620213,CBRSUSDT,SHORT,ema_cross,ema_cross,1,,sl,poll,1786622214,215.6,221.48620689655172,203.82758620689654,222.5,-3.2003710575139173,sl,-1.1722319859402466,True,sl,bear,close_vs_ema50,1786593600,63838.6,64165.38153736044
1641,1786620228,GIGADEVUSDT,SHORT,ema_cross,ema_cross,1,,sl,poll,1786631783,63.68,65.45137931034483,60.13724137931034,65.53,-2.9051507537688464,sl,-1.0443838816429794,True,sl,bear,close_vs_ema50,1786593600,63838.6,64165.38153736044
1648,1786623292,B2USDT,LONG,ema_cross,ema_cross,1,,sl,wick,1786649546,0.4841,0.4706862068965517,0.5109275862068965,0.4706862068965517,-2.7708723617947237,sl,-1.0,True,sl,bear,close_vs_ema50,1786608000,63467.3,64138.00579079728
1649,1786623324,ZHIPUUSDT,LONG,ema_cross,ema_cross,1,,tp,wick,1786683796,167.3,162.79068965517243,176.31862068965518,176.31862068965518,5.390687800152519,tp,2.0,True,tp,bear,close_vs_ema50,1786608000,63467.3,64138.00579079728
1650,1786623342,GPSUSDT,LONG,ema_cross,ema_cross,1,,sl,poll,1786634280,0.011161,0.010899931034482759,0.011683137931034484,0.010802,-3.2165576561240026,sl,-1.3751155725795752,True,sl,bear,close_vs_ema50,1786608000,63467.3,64138.00579079728
1651,1786623403,CLOUSDT,SHORT,ema_cross,ema_cross,1,,sl,poll,1786684124,0.10946,0.11667172413793103,0.09503655172413794,0.11685,-6.751324684816366,sl,-1.0247202830639761,True,sl,bear,close_vs_ema50,1786608000,63467.3,64138.00579079728
1652,1786623455,BANKUSDT,LONG,ema_cross,ema_cross,1,,sl,wick,1786626661,0.04354,0.04105275862068966,0.04851448275862069,0.04105275862068966,-5.71254336084139,sl,-1.0,True,sl,bear,close_vs_ema50,1786608000,63467.3,64138.00579079728
1653,1786623554,BUSDT,LONG,ema_cross,ema_cross,1,,sl,poll,1786623994,0.1646,0.15816896551724138,0.17746206896551725,0.1573,-4.434993924665857,sl,-1.135120643431637,True,sl,bear,close_vs_ema50,1786608000,63467.3,64138.00579079728
1709,1786637841,BSPUSDT,SHORT,ema_cross,ema_cross,1,,sl,wick,1787169411,39.64,42.20724137931035,34.50551724137931,42.20724137931035,-6.476390966978673,sl,-1.0,True,sl,bear,close_vs_ema50,1786622400,63388.1,64108.59772056994
1710,1786637843,SWARMSUSDT,LONG,ema_cross,ema_cross,1,,sl,poll,1786650319,0.008211,0.007886827586206896,0.008859344827586206,0.007861,-4.262574595055409,sl,-1.079672375279225,True,sl,bear,close_vs_ema50,1786622400,63388.1,64108.59772056994
1711,1786637864,MVLLUSDT,LONG,ema_cross,ema_cross,1,,sl,wick,1786650709,28.88,27.768965517241377,31.10206896551724,27.768965517241377,-3.847072308720992,sl,-1.0,True,sl,bear,close_vs_ema50,1786622400,63388.1,64108.59772056994
1712,1786637923,MRVLUSDT,LONG,ema_cross,ema_cross,1,,sl,wick,1786650709,226.92,222.2506896551724,236.25862068965517,222.2506896551724,-2.0576900867387535,sl,-1.0,True,sl,bear,close_vs_ema50,1786622400,63388.1,64108.59772056994
1713,1786638059,COTIUSDT,LONG,ema_cross,ema_cross,1,,sl,wick,1786641621,0.01238,0.011524827586206897,0.014090344827586207,0.011524827586206897,-6.9076931647262,sl,-1.0,True,sl,bear,close_vs_ema50,1786622400,63388.1,64108.59772056994
1714,1786638060,JCTUSDT,SHORT,ema_cross,ema_cross,1,,tp,poll,1786780582,0.003491,0.0037027241379310348,0.003067551724137931,0.002548,27.012317387568036,tp,4.453908794788273,True,tp,bear,close_vs_ema50,1786622400,63388.1,64108.59772056994
1715,1786638064,GIGGLEUSDT,SHORT,ema_cross,ema_cross,1,,sl,poll,1786890421,33.24,34.85586206896552,30.008275862068967,36.42,-9.566787003610107,sl,-1.9679897567221483,True,sl,bear,close_vs_ema50,1786622400,63388.1,64108.59772056994
1737,1786651213,AAOIUSDT,SHORT,ema_cross,ema_cross,1,,sl,poll,1786715021,130.43,135.54724137931035,120.19551724137932,139.7,-7.107260599555302,sl,-1.81152291105121,True,sl,bear,close_vs_ema50,1786636800,63384.8,64080.21349623387
1738,1786651306,PLUMEUSDT,LONG,ema_cross,ema_cross,1,,tp,poll,1786695778,0.012506,0.012101310344827585,0.013315379310344827,0.013323,6.532864225171918,tp,2.0188309475119266,True,tp,bear,close_vs_ema50,1786636800,63384.8,64080.21349623387
1739,1786651321,PLTRXUSDT,LONG,ema_cross,ema_cross,1,,sl,poll,1786718636,179.01,176.35206896551722,184.3258620689655,176.35,-1.4859505055583468,sl,-1.0007784120394334,True,sl,bear,close_vs_ema50,1786636800,63384.8,64080.21349623387
1740,1786651362,ROBOUSDT,LONG,ema_cross,ema_cross,1,,tp,poll,1786710418,0.01416,0.013428620689655174,0.015622758620689656,0.01565,10.522598870056497,tp,2.037246581801039,True,tp,bear,close_vs_ema50,1786636800,63384.8,64080.21349623387
1741,1786651433,AEONUSDT,LONG,ema_cross,ema_cross,1,,tp,poll,1786780582,0.0622,0.058888965517241376,0.06882206896551724,0.07129,14.614147909967858,tp,2.745365548843992,True,tp,bear,close_vs_ema50,1786636800,63384.8,64080.21349623387
1742,1786651454,GLWUSDT,SHORT,ema_cross,ema_cross,1,,sl,wick,1786695060,158.55,161.41758620689657,152.81482758620692,161.41758620689657,-1.808632107787172,sl,-1.0,True,sl,bear,close_vs_ema50,1786636800,63384.8,64080.21349623387
1743,1786651464,ETHFIUSDT,LONG,ema_cross,ema_cross,1,,tp,wick,1786735615,0.4268,0.4164896551724138,0.44742068965517245,0.44742068965517245,4.831464305335623,tp,2.0000000000000053,True,tp,bear,close_vs_ema50,1786636800,63384.8,64080.21349623387
1749,1786652159,QUSDT,SHORT,ema_cross,ema_cross,1,,sl,poll,1786780582,0.021634,0.022590793103448276,0.01972041379310345,0.024029,-11.070537117500221,sl,-2.5031534940714306,True,sl,bear,close_vs_ema50,1786636800,63384.8,64080.21349623387
1764,1786681433,SWARMSUSDT,LONG,ema_cross,ema_cross,1,,sl,poll,1786685589,0.008749,0.008398413793103448,0.009450172413793104,0.008317,-4.937707166533319,sl,-1.2322218943641188,True,sl,bear,close_vs_ema50,1786665600,63290.1,64025.8038463889
1765,1786681532,NESUSDT,LONG,ema_cross,ema_cross,1,,sl,poll,1786682002,0.2148,0.21121724137931033,0.2219655172413793,0.2105,-2.001862197392923,sl,-1.2001924927815193,True,sl,bear,close_vs_ema50,1786665600,63290.1,64025.8038463889
1766,1786681622,SLXUSDT,LONG,ema_cross,ema_cross,1,,sl,poll,1786700785,0.07939,0.07734551724137931,0.08347896551724138,0.07698,-3.035646806902627,sl,-1.1787822567043298,True,sl,bear,close_vs_ema50,1786665600,63290.1,64025.8038463889
1767,1786681631,MUSDT,LONG,ema_cross,ema_cross,1,,sl,poll,1786694309,1.1723,1.1381793103448274,1.2405413793103448,1.127,-3.864198583980201,sl,-1.3276402223345078,True,sl,bear,close_vs_ema50,1786665600,63290.1,64025.8038463889
1787,1786693126,CHIPUSDT,SHORT,ema_cross,ema_cross,1,,sl,poll,1786693509,0.02188,0.02262103448275862,0.020397931034482758,0.02265,-3.5191956124314436,sl,-1.039087947882738,True,sl,bear,close_vs_ema50,1786665600,63290.1,64025.8038463889
1788,1786693160,ACEUSDT,LONG,ema_cross,ema_cross,1,,tp,wick,1786693985,0.1311,0.12324482758620689,0.1468103448275862,0.1468103448275862,11.983481943238909,tp,2.0,True,tp,bear,close_vs_ema50,1786665600,63290.1,64025.8038463889
1793,1786694601,CROSSUSDT,LONG,ema_cross,ema_cross,1,,tp,wick,1786698985,0.10934,0.10595758620689656,0.1161048275862069,0.1161048275862069,6.186965050491027,tp,2.0,True,tp,bear,close_vs_ema50,1786680000,62888.2,63981.191930844245
1794,1786694729,CROUSDT,LONG,ema_cross,ema_cross,1,,sl,poll,1786706548,0.049,0.048388275862068966,0.05022344827586207,0.04831,-1.4081632653061287,sl,-1.1279594137542306,True,sl,bear,close_vs_ema50,1786680000,62888.2,63981.191930844245
1849,1786708937,ORDIUSDT,SHORT,ema_cross,ema_cross,1,,sl,wick,1786815887,3.408,3.4855862068965515,3.2528275862068963,3.4855862068965515,-2.276590577950458,sl,-1.0,True,sl,bear,close_vs_ema50,1786694400,62842.9,63936.55303159545
1850,1786708982,PIXELUSDT,LONG,ema_cross,ema_cross,1,,sl,poll,1786732222,0.004778,0.004652068965517241,0.005029862068965518,0.004617,-3.3696107157806727,sl,-1.2784775465498384,True,sl,bear,close_vs_ema50,1786694400,62842.9,63936.55303159545
1851,1786709001,AIAUSDT,SHORT,ema_cross,ema_cross,1,,sl,poll,1786718015,0.06593,0.06845172413793103,0.060886551724137934,0.06859,-4.034582132564835,sl,-1.054833857514016,True,sl,bear,close_vs_ema50,1786694400,62842.9,63936.55303159545
1852,1786709063,TLMUSDT,LONG,ema_cross,ema_cross,1,,sl,poll,1786710781,0.001659,0.0016151724137931035,0.001746655172413793,0.001599,-3.6166365280289425,sl,-1.369000786782064,True,sl,bear,close_vs_ema50,1786694400,62842.9,63936.55303159545
1902,1786723334,AAOIUSDT,LONG,ema_cross,ema_cross,1,,tp,wick,1786988015,149.24,143.47103448275863,160.77793103448275,160.77793103448275,7.731125056608644,tp,1.9999999999999951,True,tp,bear,close_vs_ema50,1786708800,62950.6,63897.88820682701
1905,1786732549,USARUSDT,LONG,ema_cross,ema_cross,1,,sl,poll,1786975332,20.23,19.66103448275862,21.36793103448276,18.9,-6.574394463667828,sl,-2.3375757575757548,True,sl,bear,close_vs_ema50,1786708800,62950.6,63897.88820682701
1907,1786736861,ONGUSDT,LONG,ema_cross,ema_cross,1,,tp,poll,1786737684,0.0433,0.04241724137931034,0.04506551724137931,0.04507,4.087759815242496,tp,2.005078124999997,True,tp,bear,close_vs_ema50,1786708800,62950.6,63897.88820682701
1908,1786736914,ALICEUSDT,LONG,ema_cross,ema_cross,1,,tp,wick,1786743546,0.1382,0.13488965517241377,0.1448206896551724,0.1448206896551724,4.790658216477859,tp,1.9999999999999916,True,tp,bear,close_vs_ema50,1786708800,62950.6,63897.88820682701
1909,1786736980,INJUSDT,SHORT,ema_cross,ema_cross,1,,tp,wick,1787022599,4.22,4.318413793103448,4.0231724137931035,4.0231724137931035,4.664160810589958,tp,1.999999999999991,True,tp,bear,close_vs_ema50,1786708800,62950.6,63897.88820682701
1910,1786737004,GRVTUSDT,SHORT,ema_cross,ema_cross,1,,sl,poll,1787154235,0.3056,0.3297448275862069,0.2573103448275862,0.3298,-7.9188481675392675,sl,-1.0022850614110255,True,sl,bear,close_vs_ema50,1786708800,62950.6,63897.88820682701
1911,1786737707,ZAMAUSDT,SHORT,ema_cross,ema_cross,1,,tp,poll,1786852910,0.04467,0.04593758620689655,0.0421348275862069,0.04211,5.730915603313186,tp,2.0195865070729084,True,tp,bear,close_vs_ema50,1786723200,62936.9,63860.202394794585
1912,1786737827,SCRTUSDT,SHORT,ema_cross,ema_cross,1,,tp,poll,1787207222,0.02838,0.030837241379310345,0.02346551724137931,0.02199,22.51585623678647,tp,2.6004771260173998,True,tp,bear,close_vs_ema50,1786723200,62936.9,63860.202394794585
1913,1786737854,PRLUSDT,LONG,ema_cross,ema_cross,1,,tp,poll,1786765905,0.35131,0.3393186206896552,0.37529275862068967,0.38302,9.02621616236373,tp,2.6443997124370964,True,tp,bear,close_vs_ema50,1786723200,62936.9,63860.202394794585
1914,1786737856,GLWUSDT,LONG,ema_cross,ema_cross,1,,tp,poll,1786977808,166.12,162.83344827586208,172.69310344827588,172.9,4.081386949193355,tp,2.062952470884488,True,tp,bear,close_vs_ema50,1786723200,62936.9,63860.202394794585
1917,1786739898,MAVIAUSDT,LONG,ema_cross,ema_cross,1,,sl,poll,1786765905,0.0317,0.030905172413793102,0.03328965517241379,0.0307,-3.1545741324921055,sl,-1.2581344902386078,True,sl,bear,close_vs_ema50,1786723200,62936.9,63860.202394794585
1927,1786769407,NEARUSDT,LONG,ema_cross,ema_cross,1,,sl,wick,1786838854,1.6457,1.6146310344827586,1.7078379310344827,1.6146310344827586,-1.8878875564951914,sl,-1.0,True,sl,bear,close_vs_ema50,1786752000,63024.8,63795.69033060431
1928,1786769524,COTIUSDT,SHORT,ema_cross,ema_cross,1,,sl,wick,1786869898,0.01042,0.011262068965517243,0.008735862068965518,0.011262068965517243,-8.081276060626125,sl,-1.0,True,sl,bear,close_vs_ema50,1786752000,63024.8,63795.69033060431
1929,1786769544,THETAUSDT,LONG,ema_cross,ema_cross,1,,sl,poll,1786780582,0.1452,0.14296206896551725,0.14967586206896552,0.1396,-3.8567493112947617,sl,-2.5023112480739687,True,sl,bear,close_vs_ema50,1786752000,63024.8,63795.69033060431
1938,1786774131,AIOUSDT,LONG,overheated_early,overheated_early,1,duration_filter: 0/12↑,sl,poll,1786785383,0.05113,0.046298928571428574,0.060792142857142864,0.04614,-9.759436729904168,sl,-1.032897168625712,True,sl,bear,close_vs_ema50,1786752000,63024.8,63795.69033060431
1939,1786775326,HUSDT,LONG,overheated_early,overheated_early,1,duration_filter: 0/12↑,tp,poll,1786810084,0.12047,0.11065732142857143,0.14009535714285715,0.14072,16.809164107246634,tp,2.063656712343728,True,tp,bear,close_vs_ema50,1786752000,63024.8,63795.69033060431
1958,1786781688,DOLOUSDT,SHORT,ema_cross,ema_cross,1,,sl,wick,1786839601,0.0216,0.022743793103448276,0.01931241379310345,0.022743793103448276,-5.295338441890161,sl,-1.0,True,sl,bear,close_vs_ema50,1786766400,63048.0,63766.36914116885
1959,1786781783,STBLUSDT,LONG,ema_cross,ema_cross,1,,tp,poll,1786898301,0.02433,0.02377896551724138,0.02543206896551724,0.02548,4.726674886970811,tp,2.0869837296620766,True,tp,bear,close_vs_ema50,1786766400,63048.0,63766.36914116885
1960,1786781863,SATSUSDT,LONG,ema_cross,ema_cross,1,,sl,poll,1786861279,1.05e-08,1.0286896551724138e-08,1.0926206896551723e-08,1.027e-08,-2.190476190476185,sl,-1.079288025889966,True,sl,bear,close_vs_ema50,1786766400,63048.0,63766.36914116885
1961,1786781868,YGGUSDT,LONG,ema_cross,ema_cross,1,,sl,poll,1787031289,0.01955,0.019141034482758622,0.02036793103448276,0.01914,-2.0971867007672667,sl,-1.0025295109612167,True,sl,bear,close_vs_ema50,1786766400,63048.0,63766.36914116885
1970,1786786916,HEMIUSDT,LONG,ema_cross,ema_cross,1,,sl,poll,1786787069,0.00552,0.005356931034482758,0.0058461379310344825,0.005321,-3.6050724637681073,sl,-1.220342567138927,True,sl,bear,close_vs_ema50,1786766400,63048.0,63766.36914116885
1989,1786811177,XAIUSDT,LONG,ema_cross,ema_cross,1,,tp,wick,1786865484,0.006735,0.006500965517241379,0.007203068965517241,0.007203068965517241,6.949799042572251,tp,2.0,True,tp,bear,close_vs_ema50,1786795200,63069.1,63709.807269491124
1990,1786811191,BTRUSDT,LONG,ema_cross,ema_cross,1,,tp,wick,1787553928,0.02954,0.02667655172413793,0.03526689655172414,0.03526689655172414,19.386921298998434,tp,1.999999999999999,True,tp,bear,close_vs_ema50,1786795200,63069.1,63709.807269491124
1991,1786811199,HOMEUSDT,SHORT,ema_cross,ema_cross,1,,tp,poll,1786911829,0.00882,0.009526551724137931,0.007406896551724137,0.00718,18.594104308390023,tp,2.3211322596388464,True,tp,bear,close_vs_ema50,1786795200,63069.1,63709.807269491124
1992,1786811228,NOMUSDT,LONG,ema_cross,ema_cross,1,,tp,wick,1786862797,0.001637,0.0015990344827586207,0.0017129310344827587,0.0017129310344827587,4.638426052703645,tp,2.0,True,tp,bear,close_vs_ema50,1786795200,63069.1,63709.807269491124
1993,1786811257,OUSDT,LONG,ema_cross,ema_cross,1,,tp,poll,1786871357,0.4619,0.45136896551724137,0.4829620689655172,0.4859,5.1959298549469635,tp,2.278978388998041,True,tp,bear,close_vs_ema50,1786795200,63069.1,63709.807269491124
1994,1786811322,SLPUSDT,LONG,ema_cross,ema_cross,1,,sl,wick,1786842598,0.000537,0.0005248275862068966,0.0005613448275862069,0.0005248275862068966,-2.266743723110517,sl,-1.0,True,sl,bear,close_vs_ema50,1786795200,63069.1,63709.807269491124
1995,1786811408,BIRBUSDT,LONG,ema_cross,ema_cross,1,,sl,poll,1786838854,0.05424,0.0522951724137931,0.05812965517241379,0.05197,-4.185103244837748,sl,-1.1671985815602794,True,sl,bear,close_vs_ema50,1786795200,63069.1,63709.807269491124
2042,1786839706,BANKUSDT,SHORT,ema_cross,ema_cross,1,,sl,wick,1787360776,0.03692,0.03922448275862069,0.03231103448275862,0.03922448275862069,-6.241827623566334,sl,-1.0,True,sl,bear,close_vs_ema50,1786824000,63057.5,63660.952731275735
2043,1786839711,AIGENSYNUSDT,LONG,ema_cross,ema_cross,1,,sl,wick,1786846470,0.02151,0.021040689655172414,0.022448620689655172,0.021040689655172414,-2.181824011285854,sl,-1.0,True,sl,bear,close_vs_ema50,1786824000,63057.5,63660.952731275735
2044,1786839749,PROVEUSDT,LONG,ema_cross,ema_cross,1,,sl,poll,1786861279,0.1527,0.15035517241379312,0.1573896551724138,0.15,-1.7681728880157224,sl,-1.1514705882353045,True,sl,bear,close_vs_ema50,1786824000,63057.5,63660.952731275735
2045,1786839830,EDENUSDT,SHORT,ema_cross,ema_cross,1,,sl,wick,1786979380,0.04335,0.04905551724137931,0.031938965517241374,0.04905551724137931,-13.161516127749278,sl,-1.0,True,sl,bear,close_vs_ema50,1786824000,63057.5,63660.952731275735
2046,1786839912,CHILLGUYUSDT,LONG,ema_cross,ema_cross,1,,sl,wick,1787023815,0.011019,0.010652137931034481,0.011752724137931034,0.010652137931034481,-3.3293590068565035,sl,-1.0,True,sl,bear,close_vs_ema50,1786824000,63057.5,63660.952731275735
2115,1786862293,FHEUSDT,LONG,ema_cross,ema_cross,1,,tp,poll,1786982524,0.02668,0.025132758620689654,0.02977448275862069,0.03021,13.230884557721147,tp,2.2814798306217976,True,tp,bear,close_vs_ema50,1786838400,63097.7,63638.86438887276
2127,1786867096,RONUSDT,LONG,ema_cross,ema_cross,1,,tp,wick,1786869172,0.05126,0.05004344827586207,0.05369310344827586,0.05369310344827586,4.746592759024307,tp,1.9999999999999942,True,tp,bear,close_vs_ema50,1786838400,63097.7,63638.86438887276
2133,1786868303,龙虾USDT,LONG,ema_cross,ema_cross,1,,tp,wick,1787258586,0.020317,0.018579241379310347,0.02379251724137931,0.02379251724137931,17.10644899039873,tp,2.0,True,tp,bear,close_vs_ema50,1786852800,63035.7,63615.21088342677
2134,1786868334,ESPUSDT,SHORT,ema_cross,ema_cross,1,,sl,poll,1786886969,0.06966,0.07232310344827586,0.06433379310344828,0.07234,-3.847258110824005,sl,-1.0063446847080162,True,sl,bear,close_vs_ema50,1786852800,63035.7,63615.21088342677
2135,1786868350,DOLOUSDT,LONG,ema_cross,ema_cross,1,,sl,poll,1786868666,0.02481,0.023406206896551724,0.02761758620689655,0.02334,-5.925030229746067,sl,-1.0471628592483422,True,sl,bear,close_vs_ema50,1786852800,63035.7,63615.21088342677
2163,1786882200,ARCUSDT,SHORT,ema_cross,ema_cross,1,,sl,wick,1786893116,0.06951,0.07269827586206896,0.06313344827586206,0.07269827586206896,-4.586787314154743,sl,-1.0,True,sl,bear,close_vs_ema50,1786867200,62986.4,63590.551633096315
2164,1786882292,MORPHOUSDT,LONG,ema_cross,ema_cross,1,,tp,poll,1786949826,1.9956,1.9717655172413793,2.0432689655172416,2.0475,2.600721587492475,tp,2.177517361111097,True,tp,bear,close_vs_ema50,1786867200,62986.4,63590.551633096315
2165,1786882334,ACTUSDT,LONG,ema_cross,ema_cross,1,,sl,poll,1786916991,0.01025,0.009927586206896552,0.010894827586206897,0.00985,-3.902439024390254,sl,-1.2406417112299506,True,sl,bear,close_vs_ema50,1786867200,62986.4,63590.551633096315
2166,1786882388,TOWNSUSDT,LONG,ema_cross,ema_cross,1,,sl,poll,1786916554,0.002357,0.0022984137931034484,0.0024741724137931037,0.002296,-2.588035638523559,sl,-1.0412007062978264,True,sl,bear,close_vs_ema50,1786867200,62986.4,63590.551633096315
2167,1786882448,UAIUSDT,LONG,ema_cross,ema_cross,1,,sl,poll,1787380071,0.26287,0.254011724137931,0.28058655172413793,0.24179,-8.019172975234902,sl,-2.3796955895519383,True,sl,bear,close_vs_ema50,1786867200,62986.4,63590.551633096315
2201,1786898684,QUSDT,LONG,overheated_confirmed,overheated_confirmed,1,cont_ttl_expired,ttl_expired,,,0.027545,0.027545,0.027545,,,other,,False,,unknown,snapshot_missing,,,
2202,1786898725,PRLUSDT,LONG,overheated_confirmed,overheated_confirmed,1,cont_ttl_expired,ttl_expired,,,0.42247,0.42247,0.42247,,,other,,False,,unknown,snapshot_missing,,,
2203,1786913869,EPICUSDT,LONG,ema_cross,ema_cross,1,,sl,wick,1787031857,0.3629,0.33853793103448276,0.4116241379310345,0.33853793103448276,-6.713163120836936,sl,-1.0,True,sl,bear,close_vs_ema50,1786896000,63079.4,63552.362657079684
2251,1786950212,TUTUSDT,LONG,overheated_confirmed,overheated_confirmed,1,cont_ttl_expired,ttl_expired,,,0.038978,0.038978,0.038978,,,other,,False,,unknown,snapshot_missing,,,
2253,1786950332,NESUSDT,LONG,overheated_confirmed,overheated_confirmed,1,cont_ttl_expired,ttl_expired,,,0.2328,0.2328,0.2328,,,other,,False,,unknown,snapshot_missing,,,
2231,1786958861,MUBARAKUSDT,LONG,ema_cross,ema_cross,1,,sl,wick,1787029946,0.01732,0.01640241379310345,0.019155172413793102,0.01640241379310345,-5.297841841204099,sl,-1.0,True,sl,bear,close_vs_ema50,1786939200,63494.2,63519.93821111615
2232,1786958874,KSTRUSDT,LONG,ema_cross,ema_cross,1,,sl,poll,1787022599,25.78,25.504827586206897,26.33034482758621,25.26,-2.0170674941815343,sl,-1.8897243107769357,True,sl,bear,close_vs_ema50,1786939200,63494.2,63519.93821111615
2233,1786958880,ONDOUSDT,LONG,ema_cross,ema_cross,1,,sl,poll,1787022599,0.3368,0.3316965517241379,0.3470068965517241,0.3298,-2.0783847980997643,sl,-1.3716216216216237,True,sl,bear,close_vs_ema50,1786939200,63494.2,63519.93821111615
2234,1786958953,ONUSDT,SHORT,ema_cross,ema_cross,1,,tp,poll,1787029946,0.36373,0.38603793103448275,0.3191141379310345,0.31582,13.171858246501527,tp,2.1476666718192083,True,tp,bear,close_vs_ema50,1786939200,63494.2,63519.93821111615
2235,1786958959,MOVEUSDT,SHORT,ema_cross,ema_cross,1,,sl,poll,1787244214,0.00616,0.006397586206896551,0.005684827586206896,0.0064,-3.8961038961039067,sl,-1.0101596516690885,True,sl,bear,close_vs_ema50,1786939200,63494.2,63519.93821111615
2236,1786958984,TLMUSDT,SHORT,ema_cross,ema_cross,1,,tp,poll,1786978274,0.001448,0.0015021034482758623,0.001339793103448276,0.001334,7.872928176795592,tp,2.1070745697896736,True,tp,bear,close_vs_ema50,1786939200,63494.2,63519.93821111615
2237,1786959021,PNUTUSDT,LONG,ema_cross,ema_cross,1,,sl,poll,1786993324,0.04168,0.040842068965517245,0.043355862068965516,0.04084,-2.0153550863723617,sl,-1.0024691358024715,True,sl,bear,close_vs_ema50,1786939200,63494.2,63519.93821111615
2238,1786959031,PUMPUSDT,LONG,ema_cross,ema_cross,1,,sl,wick,1786998035,0.00289,0.0027897241379310346,0.0030905517241379315,0.0027897241379310346,-3.4697530127669762,sl,-1.0,True,sl,bear,close_vs_ema50,1786939200,63494.2,63519.93821111615
2239,1786959075,LAUSDT,LONG,ema_cross,ema_cross,1,,tp,poll,1787044281,0.04974,0.04836758620689655,0.05248482758620689,0.05252,5.589063128266984,tp,2.025628140703518,True,tp,bear,close_vs_ema50,1786939200,63494.2,63519.93821111615
2240,1786959078,ARCUSDT,LONG,ema_cross,ema_cross,1,,sl,wick,1786981173,0.0765,0.0733006896551724,0.08289862068965517,0.0733006896551724,-4.182105025918424,sl,-1.0,True,sl,bear,close_vs_ema50,1786939200,63494.2,63519.93821111615
2275,1786964114,DIAUSDT,LONG,overheated_confirmed,overheated_confirmed,1,cont_ttl_expired,ttl_expired,,,0.145,0.145,0.145,,,other,,False,,unknown,snapshot_missing,,,
2259,1786968478,EVAAUSDT,LONG,ema_cross,ema_cross,1,,sl,wick,1786978036,0.8252,0.8014275862068966,0.872744827586207,0.8014275862068966,-2.880806324903473,sl,-1.0,True,sl,bull,close_vs_ema50,1786953600,63591.4,63522.74063420964
2298,1786968479,EVAAUSDT,LONG,ema_cross_confirmed,ema_cross_confirmed,1,cont_ttl_expired,ttl_expired,,,0.8252,0.8252,0.8252,,,other,,False,,unknown,snapshot_missing,,,
2260,1786968577,币安人生USDT,SHORT,ema_cross,ema_cross,1,,tp,poll,1787151653,0.46769,0.4817196551724138,0.43963068965517244,0.42548,9.025209005965483,tp,3.0086270461583844,True,tp,bull,close_vs_ema50,1786953600,63591.4,63522.74063420964
2303,1786968578,币安人生USDT,SHORT,ema_cross_confirmed,ema_cross_confirmed,1,cont_ttl_expired,ttl_expired,,,0.46769,0.46769,0.46769,,,other,,False,,unknown,snapshot_missing,,,
2261,1786975212,币安人生USDT,SHORT,ema_cross_confirmed,ema_cross_confirmed,1,,sl,wick,1787220564,0.46175,0.48980931034482755,0.4056313793103449,0.48980931034482755,-6.076732072512736,sl,-1.0,True,sl,bull,close_vs_ema50,1786953600,63591.4,63522.74063420964
2268,1786976703,ATUSDT,SHORT,ema_cross,ema_cross,1,,sl,poll,1787311979,0.15172,0.15869896551724139,0.13776206896551724,0.15884,-4.692855259688911,sl,-1.0202085083255104,True,sl,bull,close_vs_ema50,1786953600,63591.4,63522.74063420964
2337,1786976704,ATUSDT,SHORT,ema_cross_confirmed,ema_cross_confirmed,1,cont_ttl_expired,ttl_expired,,,0.15172,0.15172,0.15172,,,other,,False,,unknown,snapshot_missing,,,
2269,1786976826,ACEUSDT,LONG,ema_cross,ema_cross,1,,tp,wick,1787238249,0.1832,0.1450344827586207,0.2595310344827586,0.2595310344827586,41.66541183556692,tp,1.9999999999999993,True,tp,bull,close_vs_ema50,1786953600,63591.4,63522.74063420964
2338,1786976827,ACEUSDT,LONG,ema_cross_confirmed,ema_cross_confirmed,1,cont_ttl_expired,ttl_expired,,,0.1832,0.1832,0.1832,,,other,,False,,unknown,snapshot_missing,,,
2273,1786978382,HEMIUSDT,LONG,overheated_confirmed,overheated_confirmed,1,,tp,poll,1787151653,0.00717,0.006222803571428572,0.009064392857142858,0.009177,27.99163179916317,tp,2.118884678468412,True,tp,bull,close_vs_ema50,1786953600,63591.4,63522.74063420964
2341,1786979711,HEMIUSDT,LONG,overheated_confirmed,overheated_confirmed,1,cont_ttl_expired,ttl_expired,,,0.007025,0.007025,0.007025,,,other,,False,,unknown,snapshot_missing,,,
2344,1786979815,GPSUSDT,LONG,overheated_confirmed,overheated_confirmed,1,cont_ttl_expired,ttl_expired,,,0.015917,0.015917,0.015917,,,other,,False,,unknown,snapshot_missing,,,
2343,1786979847,ACEUSDT,LONG,overheated_confirmed,overheated_confirmed,1,cont_ttl_expired,ttl_expired,,,0.1907,0.1907,0.1907,,,other,,False,,unknown,snapshot_missing,,,
2345,1786979929,AEONUSDT,LONG,overheated_confirmed,overheated_confirmed,1,cont_ttl_expired,ttl_expired,,,0.08671,0.08671,0.08671,,,other,,False,,unknown,snapshot_missing,,,
2346,1786979938,MVLLUSDT,LONG,overheated_confirmed,overheated_confirmed,1,cont_ttl_expired,ttl_expired,,,31.97,31.97,31.97,,,other,,False,,unknown,snapshot_missing,,,
2279,1786979994,AEONUSDT,LONG,overheated_confirmed,overheated_confirmed,1,,sl,poll,1787157528,0.0865,0.07702375,0.10545249999999998,0.07642,-11.653179190751436,sl,-1.0637119113573408,True,sl,bull,close_vs_ema50,1786953600,63591.4,63522.74063420964
2350,1786981008,SNXXUSDT,LONG,overheated_confirmed,overheated_confirmed,1,cont_ttl_expired,ttl_expired,,,19.483,19.483,19.483,,,other,,False,,unknown,snapshot_missing,,,
2351,1786981077,AXTIUSDT,LONG,overheated_confirmed,overheated_confirmed,1,cont_ttl_expired,ttl_expired,,,93.79,93.79,93.79,,,other,,False,,unknown,snapshot_missing,,,
2284,1786981136,AXTIUSDT,LONG,overheated_confirmed,overheated_confirmed,1,,sl,poll,1787023032,93.69,90.77571428571429,99.51857142857142,90.77,-3.116661329917816,sl,-1.0019607843137273,True,sl,bull,close_vs_ema50,1786953600,63591.4,63522.74063420964
2352,1786982244,EDENUSDT,LONG,overheated_confirmed,overheated_confirmed,1,cont_ttl_expired,ttl_expired,,,0.05444,0.05444,0.05444,,,other,,False,,unknown,snapshot_missing,,,
2290,1786982457,EDENUSDT,LONG,overheated_confirmed,overheated_confirmed,1,,tp,wick,1787908479,0.05397,0.04474446428571428,0.07242107142857143,0.07242107142857143,34.18764392916701,tp,2.000000000000001,True,tp,unknown,snapshot_missing,,,
2292,1786982860,B2USDT,SHORT,ema_cross,ema_cross,1,,tp,wick,1787249077,0.4654,0.4801620689655172,0.4358758620689655,0.4358758620689655,6.343819925018152,tp,2.0,True,tp,bull,close_vs_ema50,1786968000,64166.4,63547.98217796613
2354,1786982860,B2USDT,SHORT,ema_cross_confirmed,ema_cross_confirmed,1,cont_ttl_expired,ttl_expired,,,0.4654,0.4654,0.4654,,,other,,False,,unknown,snapshot_missing,,,
2293,1786982861,CBRSUSDT,LONG,ema_cross,ema_cross,1,,sl,poll,1787022599,254.1,247.32758620689654,267.6448275862069,246.0,-3.187721369539549,sl,-1.1960285132382875,True,sl,bull,close_vs_ema50,1786968000,64166.4,63547.98217796613
2355,1786982862,CBRSUSDT,LONG,ema_cross_confirmed,ema_cross_confirmed,1,cont_ttl_expired,ttl_expired,,,254.1,254.1,254.1,,,other,,False,,unknown,snapshot_missing,,,
2294,1786982871,JELLYJELLYUSDT,SHORT,ema_cross,ema_cross,1,,tp,poll,1787151653,0.05757,0.05857620689655173,0.055557586206896555,0.05467,5.037345839847142,tp,2.8821110349554484,True,tp,bull,close_vs_ema50,1786968000,64166.4,63547.98217796613
2356,1786982871,JELLYJELLYUSDT,SHORT,ema_cross_confirmed,ema_cross_confirmed,1,cont_ttl_expired,ttl_expired,,,0.05757,0.05757,0.05757,,,other,,False,,unknown,snapshot_missing,,,
2295,1786982877,B2USDT,SHORT,ema_cross_confirmed,ema_cross_confirmed,1,,sl,poll,1787308255,0.4637,0.4932241379310345,0.40465172413793105,0.4939,-6.512831572137158,sl,-1.022891847699136,True,sl,bull,close_vs_ema50,1786968000,64166.4,63547.98217796613
2296,1786982898,ACUUSDT,LONG,ema_cross,ema_cross,1,,sl,poll,1787428750,0.12462,0.11257482758620689,0.14871034482758622,0.1114,-10.60824907719467,sl,-1.0975351407059628,True,sl,bull,close_vs_ema50,1786968000,64166.4,63547.98217796613
2357,1786982898,ACUUSDT,LONG,ema_cross_confirmed,ema_cross_confirmed,1,cont_ttl_expired,ttl_expired,,,0.12462,0.12462,0.12462,,,other,,False,,unknown,snapshot_missing,,,
2297,1786982928,IDOLUSDT,SHORT,ema_cross,ema_cross,1,,sl,poll,1787305133,0.01629,0.016628379310344825,0.015613241379310343,0.016708,-2.565991405770422,sl,-1.2353001120962097,True,sl,bull,close_vs_ema50,1786968000,64166.4,63547.98217796613
2359,1786982929,IDOLUSDT,SHORT,ema_cross_confirmed,ema_cross_confirmed,1,cont_ttl_expired,ttl_expired,,,0.01629,0.01629,0.01629,,,other,,False,,unknown,snapshot_missing,,,
2299,1786982930,FLNCUSDT,SHORT,ema_cross,ema_cross,1,,sl,wick,1786986337,12.57,12.748310344827587,12.213379310344827,12.748310344827587,-1.4185389405535933,sl,-1.0,True,sl,bull,close_vs_ema50,1786968000,64166.4,63547.98217796613
2360,1786982931,FLNCUSDT,SHORT,ema_cross_confirmed,ema_cross_confirmed,1,cont_ttl_expired,ttl_expired,,,12.57,12.57,12.57,,,other,,False,,unknown,snapshot_missing,,,
2300,1786982942,SPCXUSDT,LONG,ema_cross,ema_cross,1,,sl,poll,1786989937,148.86,146.59862068965518,153.38275862068966,146.59,-1.524922746204494,sl,-1.0038121378469054,True,sl,bull,close_vs_ema50,1786968000,64166.4,63547.98217796613
2361,1786982943,SPCXUSDT,LONG,ema_cross_confirmed,ema_cross_confirmed,1,cont_ttl_expired,ttl_expired,,,148.86,148.86,148.86,,,other,,False,,unknown,snapshot_missing,,,
2301,1786982969,QUSDT,SHORT,ema_cross,ema_cross,1,,sl,poll,1787290361,0.0202,0.021431379310344827,0.017737241379310344,0.02192,-8.514851485148512,sl,-1.3968076169140293,True,sl,bull,close_vs_ema50,1786968000,64166.4,63547.98217796613
2362,1786982970,QUSDT,SHORT,ema_cross_confirmed,ema_cross_confirmed,1,cont_ttl_expired,ttl_expired,,,0.0202,0.0202,0.0202,,,other,,False,,unknown,snapshot_missing,,,
2302,1786982976,CRCLXUSDT,LONG,ema_cross,ema_cross,1,,sl,poll,1787022599,75.02,73.7706896551724,77.51862068965517,73.09,-2.5726472940549088,sl,-1.544852332321268,True,sl,bull,close_vs_ema50,1786968000,64166.4,63547.98217796613
2363,1786982977,CRCLXUSDT,LONG,ema_cross_confirmed,ema_cross_confirmed,1,cont_ttl_expired,ttl_expired,,,75.02,75.02,75.02,,,other,,False,,unknown,snapshot_missing,,,
2304,1786982999,AWEUSDT,SHORT,ema_cross,ema_cross,1,,sl,poll,1787032819,0.05892,0.06062,0.05552,0.06068,-2.9871011541072603,sl,-1.0352941176470574,True,sl,bull,close_vs_ema50,1786968000,64166.4,63547.98217796613
2366,1786982999,AWEUSDT,SHORT,ema_cross_confirmed,ema_cross_confirmed,1,cont_ttl_expired,ttl_expired,,,0.05892,0.05892,0.05892,,,other,,False,,unknown,snapshot_missing,,,
2305,1786983002,CRDOUSDT,LONG,ema_cross,ema_cross,1,,sl,poll,1787023329,281.12,276.46758620689656,290.4248275862069,275.5,-1.9991462720546402,sl,-1.2079750963533955,True,sl,bull,close_vs_ema50,1786968000,64166.4,63547.98217796613
2367,1786983002,CRDOUSDT,LONG,ema_cross_confirmed,ema_cross_confirmed,1,cont_ttl_expired,ttl_expired,,,281.12,281.12,281.12,,,other,,False,,unknown,snapshot_missing,,,
2306,1786983027,VELVETUSDT,SHORT,ema_cross,ema_cross,1,,sl,wick,1787307805,0.61961,0.7629268965517242,0.3329762068965517,0.7629268965517242,-23.130178104246895,sl,-1.0,True,sl,bull,close_vs_ema50,1786968000,64166.4,63547.98217796613
2368,1786983027,VELVETUSDT,SHORT,ema_cross_confirmed,ema_cross_confirmed,1,cont_ttl_expired,ttl_expired,,,0.61961,0.61961,0.61961,,,other,,False,,unknown,snapshot_missing,,,
2307,1786983028,COHRUSDT,LONG,ema_cross,ema_cross,1,,sl,poll,1787022599,357.56,348.57068965517243,375.5386206896552,339.59,-5.02572994742142,sl,-1.9990410065595212,True,sl,bull,close_vs_ema50,1786968000,64166.4,63547.98217796613
2369,1786983029,COHRUSDT,LONG,ema_cross_confirmed,ema_cross_confirmed,1,cont_ttl_expired,ttl_expired,,,357.56,357.56,357.56,,,other,,False,,unknown,snapshot_missing,,,
2308,1786983053,HEIUSDT,LONG,ema_cross,ema_cross,1,,sl,poll,1787210162,0.136,0.12592206896551725,0.15615586206896553,0.12573,-7.551470588235294,sl,-1.0190583726818585,True,sl,bull,close_vs_ema50,1786968000,64166.4,63547.98217796613
2375,1786983053,HEIUSDT,LONG,ema_cross_confirmed,ema_cross_confirmed,1,cont_ttl_expired,ttl_expired,,,0.136,0.136,0.136,,,other,,False,,unknown,snapshot_missing,,,
2309,1786983063,VELVETUSDT,SHORT,ema_cross_confirmed,ema_cross_confirmed,1,,sl,wick,1787564875,0.62704,0.9136737931034483,0.05377241379310349,0.9136737931034483,-45.71220226834783,sl,-1.0,True,sl,bull,close_vs_ema50,1786968000,64166.4,63547.98217796613
2310,1786983301,QUSDT,SHORT,ema_cross_confirmed,ema_cross_confirmed,1,,sl,poll,1787304626,0.019991,0.022453758620689653,0.015065482758620689,0.022462,-12.360562253013862,sl,-1.0033464015681888,True,sl,bull,close_vs_ema50,1786968000,64166.4,63547.98217796613
2311,1786983302,AWEUSDT,SHORT,ema_cross_confirmed,ema_cross_confirmed,1,,sl,wick,1787173781,0.05873,0.06213,0.05193,0.06213,-5.7892048356887456,sl,-1.0,True,sl,bull,close_vs_ema50,1786968000,64166.4,63547.98217796613
2313,1786983365,TUTUSDT,LONG,overheated_confirmed,overheated_confirmed,1,,sl,wick,1787029996,0.047858,0.03880828571428571,0.06595742857142857,0.03880828571428571,-18.909512068440566,sl,-1.0,True,sl,bull,close_vs_ema50,1786968000,64166.4,63547.98217796613
2379,1786983507,FHEUSDT,LONG,overheated_confirmed,overheated_confirmed,1,cont_ttl_expired,ttl_expired,,,0.03214,0.03214,0.03214,,,other,,False,,unknown,snapshot_missing,,,
2315,1786983546,FHEUSDT,LONG,overheated_confirmed,overheated_confirmed,1,,sl,poll,1786984568,0.03209,0.030240714285714287,0.03578857142857143,0.02969,-7.478965409784978,sl,-1.2977983777520283,True,sl,bull,close_vs_ema50,1786968000,64166.4,63547.98217796613
2320,1786986004,CRDOUSDT,LONG,ema_cross_confirmed,ema_cross_confirmed,1,,sl,poll,1787022599,284.99,278.01137931034486,298.9472413793103,277.53,-2.617635706516031,sl,-1.068979148137177,True,sl,bull,close_vs_ema50,1786968000,64166.4,63547.98217796613
2330,1786988759,IDOLUSDT,SHORT,ema_cross_confirmed,ema_cross_confirmed,1,,tp,wick,1787608935,0.016278,0.016954758620689656,0.01492448275862069,0.01492448275862069,8.315009469095164,tp,2.0,True,tp,bull,close_vs_ema50,1786968000,64166.4,63547.98217796613
2333,1786989657,CBRSUSDT,LONG,ema_cross_confirmed,ema_cross_confirmed,1,,sl,poll,1787023003,255.1,244.94137931034481,275.4172413793103,244.9,-3.9984319874558953,sl,-1.0040733197555989,True,sl,bull,close_vs_ema50,1786968000,64166.4,63547.98217796613
2339,1786992351,STARUSDT,LONG,overheated_confirmed,overheated_confirmed,1,,tp,wick,1787015421,0.13451,0.12637464285714284,0.1507807142857143,0.1507807142857143,12.09628599042027,tp,2.0,True,tp,bull,close_vs_ema50,1786968000,64166.4,63547.98217796613
2349,1786995057,CRCLXUSDT,LONG,ema_cross_confirmed,ema_cross_confirmed,1,,sl,poll,1787022599,75.53,73.65603448275863,79.27793103448275,73.09,-3.2305044353237093,sl,-1.3020517066887507,True,sl,bull,close_vs_ema50,1786968000,64166.4,63547.98217796613
2353,1786996853,FLNCUSDT,SHORT,ema_cross_confirmed,ema_cross_confirmed,1,,tp,poll,1787060966,12.632,12.988620689655173,11.918758620689653,11.903,5.77105763141228,tp,2.0441887449236047,True,tp,bull,close_vs_ema50,1786982400,64281.2,63576.73581804589
2358,1786997357,TUTUSDT,LONG,ema_cross,ema_cross,1,,sl,wick,1787029996,0.045118,0.03868013793103448,0.05799372413793104,0.03868013793103448,-14.268943811706007,sl,-1.0,True,sl,bull,close_vs_ema50,1786982400,64281.2,63576.73581804589
2364,1786997408,PLUMEUSDT,SHORT,ema_cross,ema_cross,1,,sl,poll,1787152229,0.012316,0.012873068965517242,0.011201862068965517,0.012877,-4.555050341019803,sl,-1.0070566388115112,True,sl,bull,close_vs_ema50,1786982400,64281.2,63576.73581804589
2365,1786997431,ALLOUSDT,LONG,ema_cross,ema_cross,1,,sl,poll,1787022599,0.29927,0.2889920689655172,0.3198258620689655,0.28697,-4.110001002439262,sl,-1.1967389116285279,True,sl,bull,close_vs_ema50,1786982400,64281.2,63576.73581804589
2370,1786997449,AMATUSDT,LONG,ema_cross,ema_cross,1,,sl,poll,1787022599,537.4,529.4827586206897,553.2344827586206,524.5,-2.4004465947152918,sl,-1.6293554006968651,True,sl,bull,close_vs_ema50,1786982400,64281.2,63576.73581804589
2371,1786997451,FIGHTUSDT,SHORT,ema_cross,ema_cross,1,,tp,poll,1787029946,0.003865,0.003995310344827586,0.0036043793103448275,0.00356,7.89133247089263,tp,2.340566287377618,True,tp,bull,close_vs_ema50,1786982400,64281.2,63576.73581804589
2372,1786997454,PLUMEUSDT,SHORT,ema_cross_confirmed,ema_cross_confirmed,1,,sl,poll,1787223239,0.012315,0.013429137931034483,0.010086724137931033,0.013476,-9.427527405602929,sl,-1.0420612813370473,True,sl,bull,close_vs_ema50,1786982400,64281.2,63576.73581804589
2373,1786997473,WALUSDT,SHORT,ema_cross,ema_cross,1,,sl,poll,1787065401,0.02076,0.02168793103448276,0.018904137931034484,0.02174,-4.720616570327544,sl,-1.0561129691564437,True,sl,bull,close_vs_ema50,1786982400,64281.2,63576.73581804589
2374,1786997496,GIGGLEUSDT,LONG,ema_cross,ema_cross,1,,sl,poll,1787015842,34.85,33.66172413793104,37.226551724137934,33.58,-3.64418938307031,sl,-1.0687753917585656,True,sl,bull,close_vs_ema50,1786982400,64281.2,63576.73581804589
2376,1786997515,AMATUSDT,LONG,ema_cross_confirmed,ema_cross_confirmed,1,,sl,wick,1787022733,535.7,523.8241379310346,559.451724137931,523.8241379310346,-2.2168867031856427,sl,-1.0,True,sl,bull,close_vs_ema50,1786982400,64281.2,63576.73581804589
2377,1786997525,BEUSDT,SHORT,ema_cross,ema_cross,1,,tp,poll,1787044206,233.1,237.89310344827587,223.51379310344828,221.8,4.84770484770484,tp,2.357553956834524,True,tp,bull,close_vs_ema50,1786982400,64281.2,63576.73581804589
2386,1786998725,ACEUSDT,LONG,ema_cross_confirmed,ema_cross_confirmed,1,cont_ttl_expired,ttl_expired,,,0.1676,0.1676,0.1676,,,other,,False,,unknown,snapshot_missing,,,
2385,1787013034,ACUUSDT,LONG,overheated_confirmed,overheated_confirmed,1,,sl,poll,1787382347,0.13227,0.115755,0.1653,0.11571,-12.51984577001588,sl,-1.0027247956403271,True,sl,bull,close_vs_ema50,1786996800,64500.1,63612.946178122525
2387,1787013345,BMTUSDT,LONG,ema_cross,ema_cross,1,,sl,poll,1787029946,0.01676,0.015608275862068966,0.01906344827586207,0.01518,-9.427207637231502,sl,-1.3718562874251496,True,sl,bull,close_vs_ema50,1786996800,64500.1,63612.946178122525
2388,1787013513,SKYAIUSDT,LONG,ema_cross,ema_cross,1,,sl,wick,1787022673,0.07542,0.07040103448275863,0.08545793103448275,0.07040103448275863,-6.654687771468278,sl,-1.0,True,sl,bull,close_vs_ema50,1786996800,64500.1,63612.946178122525
2389,1787013550,ARMUSDT,SHORT,ema_cross,ema_cross,1,,tp,poll,1787022599,273.77,277.863448275862,265.58310344827584,265.08,3.1741973189173387,tp,2.1229045573245844,True,tp,bull,close_vs_ema50,1786996800,64500.1,63612.946178122525
2393,1787015733,STARUSDT,LONG,overheated_confirmed,overheated_confirmed,1,,sl,poll,1787022599,0.1491,0.13927928571428572,0.1687414285714286,0.124,-16.834339369550644,sl,-2.5558222416175713,True,sl,bull,close_vs_ema50,1786996800,64500.1,63612.946178122525
2395,1787022596,ARMUSDT,SHORT,ema_cross_confirmed,ema_cross_confirmed,1,,tp,wick,1787151923,264.94,273.12689655172414,248.5662068965517,248.5662068965517,6.1801891384646686,tp,2.0,True,tp,bull,close_vs_ema50,1786996800,64500.1,63612.946178122525
2415,1787023814,SOPHUSDT,SHORT,ema_cross,ema_cross,1,,sl,poll,1787172758,0.003412,0.0035423448275862073,0.0031513103448275862,0.003552,-4.103165298944898,sl,-1.0740740740740715,True,sl,bull,close_vs_ema50,1786996800,64500.1,63612.946178122525
2424,1787031106,SANDUSDT,SHORT,ema_cross,ema_cross,1,,sl,poll,1787044206,0.0382,0.03890172413793103,0.03679655172413793,0.03892,-1.8848167539267158,sl,-1.0260442260442322,True,sl,bull,close_vs_ema50,1787011200,64149.8,63633.99926917655
2475,1787031107,SANDUSDT,SHORT,ema_cross_confirmed,ema_cross_confirmed,1,cont_ttl_expired,ttl_expired,,,0.0382,0.0382,0.0382,,,other,,False,,unknown,snapshot_missing,,,
2425,1787031108,INTWUSDT,SHORT,ema_cross,ema_cross,1,,tp,poll,1787045053,23.93,24.63241379310345,22.525172413793104,22.48,6.059339740910988,tp,2.064310260186544,True,tp,bull,close_vs_ema50,1787011200,64149.8,63633.99926917655
2476,1787031108,INTWUSDT,SHORT,ema_cross_confirmed,ema_cross_confirmed,1,cont_ttl_expired,ttl_expired,,,23.93,23.93,23.93,,,other,,False,,unknown,snapshot_missing,,,
2426,1787031109,CHILLGUYUSDT,SHORT,ema_cross,ema_cross,1,,sl,poll,1787151653,0.010714,0.011025379310344828,0.010091241379310344,0.011074,-3.360089602389406,sl,-1.1561461794019932,True,sl,bull,close_vs_ema50,1787011200,64149.8,63633.99926917655
2477,1787031110,CHILLGUYUSDT,SHORT,ema_cross_confirmed,ema_cross_confirmed,1,cont_ttl_expired,ttl_expired,,,0.010714,0.010714,0.010714,,,other,,False,,unknown,snapshot_missing,,,
2427,1787031113,LINEAUSDT,SHORT,ema_cross,ema_cross,1,,sl,poll,1787151972,0.002093,0.002122965517241379,0.002033068965517241,0.002139,-2.1978021978021998,sl,-1.5350978135788251,True,sl,bull,close_vs_ema50,1787011200,64149.8,63633.99926917655
2478,1787031114,LINEAUSDT,SHORT,ema_cross_confirmed,ema_cross_confirmed,1,cont_ttl_expired,ttl_expired,,,0.002093,0.002093,0.002093,,,other,,False,,unknown,snapshot_missing,,,
2428,1787031137,GUAUSDT,LONG,ema_cross,ema_cross,1,,tp,wick,1787173781,0.04281,0.041028620689655175,0.04637275862068966,0.04637275862068966,8.322257932001072,tp,2.000000000000004,True,tp,bull,close_vs_ema50,1787011200,64149.8,63633.99926917655
2479,1787031138,GUAUSDT,LONG,ema_cross_confirmed,ema_cross_confirmed,1,cont_ttl_expired,ttl_expired,,,0.04281,0.04281,0.04281,,,other,,False,,unknown,snapshot_missing,,,
2429,1787031153,LINEAUSDT,SHORT,ema_cross_confirmed,ema_cross_confirmed,1,,sl,poll,1787152748,0.002084,0.0021439310344827586,0.0019641379310344825,0.002145,-2.9270633397313,sl,-1.0178365937859641,True,sl,bull,close_vs_ema50,1787011200,64149.8,63633.99926917655
2430,1787031168,CRWVUSDT,SHORT,ema_cross,ema_cross,1,,tp,poll,1787059918,103.9,106.05758620689656,99.5848275862069,99.29,4.436958614051973,tp,2.136646955409939,True,tp,bull,close_vs_ema50,1787011200,64149.8,63633.99926917655
2480,1787031168,CRWVUSDT,SHORT,ema_cross_confirmed,ema_cross_confirmed,1,cont_ttl_expired,ttl_expired,,,103.9,103.9,103.9,,,other,,False,,unknown,snapshot_missing,,,
2431,1787031176,SQQQUSDT,LONG,ema_cross,ema_cross,1,,tp,wick,1787060065,37.25,36.86379310344827,38.022413793103446,38.022413793103446,2.0735940754454933,tp,1.9999999999999816,True,tp,bull,close_vs_ema50,1787011200,64149.8,63633.99926917655
2432,1787031177,NOTUSDT,SHORT,ema_cross,ema_cross,1,,sl,poll,1787153958,0.0003768,0.0003867586206896552,0.00035688275862068964,0.0003903,-3.5828025477707013,sl,-1.3556094182825478,True,sl,bull,close_vs_ema50,1787011200,64149.8,63633.99926917655
2484,1787031177,SQQQUSDT,LONG,ema_cross_confirmed,ema_cross_confirmed,1,cont_ttl_expired,ttl_expired,,,37.25,37.25,37.25,,,other,,False,,unknown,snapshot_missing,,,
2485,1787031178,NOTUSDT,SHORT,ema_cross_confirmed,ema_cross_confirmed,1,cont_ttl_expired,ttl_expired,,,0.0003768,0.0003768,0.0003768,,,other,,False,,unknown,snapshot_missing,,,
2433,1787031201,BLURUSDT,SHORT,ema_cross,ema_cross,1,,sl,poll,1787044468,0.0129,0.013050689655172414,0.012598620689655173,0.01306,-1.2403100775193832,sl,-1.061784897025176,True,sl,bull,close_vs_ema50,1787011200,64149.8,63633.99926917655
2486,1787031201,BLURUSDT,SHORT,ema_cross_confirmed,ema_cross_confirmed,1,cont_ttl_expired,ttl_expired,,,0.0129,0.0129,0.0129,,,other,,False,,unknown,snapshot_missing,,,
2434,1787031214,CRWVUSDT,SHORT,ema_cross_confirmed,ema_cross_confirmed,1,,tp,poll,1787078374,103.75,108.0651724137931,95.11965517241379,94.48,8.93493975903614,tp,2.1482339779446993,True,tp,bull,close_vs_ema50,1787011200,64149.8,63633.99926917655
2435,1787031218,MANTAUSDT,SHORT,ema_cross,ema_cross,1,,sl,poll,1787153958,0.05612,0.05696793103448276,0.05442413793103448,0.05739,-2.263007840342112,sl,-1.4977633184221124,True,sl,bull,close_vs_ema50,1787011200,64149.8,63633.99926917655
2487,1787031218,MANTAUSDT,SHORT,ema_cross_confirmed,ema_cross_confirmed,1,cont_ttl_expired,ttl_expired,,,0.05612,0.05612,0.05612,,,other,,False,,unknown,snapshot_missing,,,
2436,1787031232,JUSUNGUSDT,LONG,ema_cross,ema_cross,1,,sl,wick,1787031260,130.8,127.32344827586208,137.75310344827588,127.32344827586208,-2.657914162184965,sl,-1.0,True,sl,bull,close_vs_ema50,1787011200,64149.8,63633.99926917655
2488,1787031232,JUSUNGUSDT,LONG,ema_cross_confirmed,ema_cross_confirmed,1,cont_ttl_expired,ttl_expired,,,130.8,130.8,130.8,,,other,,False,,unknown,snapshot_missing,,,
2437,1787031277,INTCUSDT,SHORT,ema_cross,ema_cross,1,,tp,wick,1787044941,101.41,102.8503448275862,98.52931034482758,98.52931034482758,2.8406366780124426,tp,2.0000000000000098,True,tp,bull,close_vs_ema50,1787011200,64149.8,63633.99926917655
2490,1787031278,INTCUSDT,SHORT,ema_cross_confirmed,ema_cross_confirmed,1,cont_ttl_expired,ttl_expired,,,101.41,101.41,101.41,,,other,,False,,unknown,snapshot_missing,,,
2438,1787031280,BSVUSDT,SHORT,ema_cross,ema_cross,1,,sl,poll,1787153958,14.88,15.152758620689657,14.334482758620691,15.26,-2.5537634408602083,sl,-1.3931731984829265,True,sl,bull,close_vs_ema50,1787011200,64149.8,63633.99926917655
2491,1787031280,BSVUSDT,SHORT,ema_cross_confirmed,ema_cross_confirmed,1,cont_ttl_expired,ttl_expired,,,14.88,14.88,14.88,,,other,,False,,unknown,snapshot_missing,,,
2439,1787031308,TQQQXUSDT,SHORT,ema_cross,ema_cross,1,,tp,poll,1787057153,74.73,75.44275862068966,73.3044827586207,73.29,1.9269369731031682,tp,2.020319303338168,True,tp,bull,close_vs_ema50,1787011200,64149.8,63633.99926917655
2496,1787031308,TQQQXUSDT,SHORT,ema_cross_confirmed,ema_cross_confirmed,1,cont_ttl_expired,ttl_expired,,,74.73,74.73,74.73,,,other,,False,,unknown,snapshot_missing,,,
2440,1787031343,COWUSDT,SHORT,ema_cross,ema_cross,1,,sl,wick,1787238522,0.1051,0.11308620689655172,0.08912758620689655,0.11308620689655172,-7.598674497194784,sl,-1.0,True,sl,bull,close_vs_ema50,1787011200,64149.8,63633.99926917655
2497,1787031344,COWUSDT,SHORT,ema_cross_confirmed,ema_cross_confirmed,1,cont_ttl_expired,ttl_expired,,,0.1051,0.1051,0.1051,,,other,,False,,unknown,snapshot_missing,,,
2441,1787031355,EIGENUSDT,SHORT,ema_cross,ema_cross,1,,sl,poll,1787035298,0.1677,0.17084137931034482,0.16141724137931032,0.1709,-1.9081693500298202,sl,-1.0186608122941831,True,sl,bull,close_vs_ema50,1787011200,64149.8,63633.99926917655
2498,1787031355,EIGENUSDT,SHORT,ema_cross_confirmed,ema_cross_confirmed,1,cont_ttl_expired,ttl_expired,,,0.1677,0.1677,0.1677,,,other,,False,,unknown,snapshot_missing,,,
2446,1787031929,SOPHUSDT,SHORT,ema_cross_confirmed,ema_cross_confirmed,1,,sl,poll,1787271577,0.003368,0.0036286896551724138,0.002846620689655172,0.003631,-7.808788598574829,sl,-1.0088624338624343,True,sl,bull,close_vs_ema50,1787011200,64149.8,63633.99926917655
2447,1787031935,SQQQUSDT,LONG,ema_cross_confirmed,ema_cross_confirmed,1,,tp,poll,1787065163,37.24,36.66068965517241,38.39862068965518,38.4,3.114930182599346,tp,2.0023809523809333,True,tp,bull,close_vs_ema50,1787011200,64149.8,63633.99926917655
2448,1787031940,TQQQXUSDT,SHORT,ema_cross_confirmed,ema_cross_confirmed,1,,tp,wick,1787226593,74.67,76.53675,70.93650000000001,70.93650000000001,4.999999999999989,tp,2.0,True,tp,bull,close_vs_ema50,1787011200,64149.8,63633.99926917655
2454,1787033484,KATUSDT,SHORT,ema_cross,ema_cross,1,,sl,poll,1787044206,0.0042,0.0042641379310344825,0.004071724137931034,0.00427,-1.6666666666666814,sl,-1.091397849462376,True,sl,bull,close_vs_ema50,1787011200,64149.8,63633.99926917655
2457,1787034682,NOTUSDT,SHORT,ema_cross_confirmed,ema_cross_confirmed,1,,sl,poll,1787172758,0.0003755,0.0003954172413793104,0.0003356655172413793,0.0003961,-5.486018641810907,sl,-1.034279778393349,True,sl,bull,close_vs_ema50,1787011200,64149.8,63633.99926917655
2459,1787035525,BSVUSDT,SHORT,ema_cross_confirmed,ema_cross_confirmed,1,,sl,poll,1787207222,14.85,15.39551724137931,13.75896551724138,15.87,-6.868686868686866,sl,-1.8697850821744642,True,sl,bull,close_vs_ema50,1787011200,64149.8,63633.99926917655
2460,1787044201,GUAUSDT,LONG,ema_cross_confirmed,ema_cross_confirmed,1,,sl,poll,1787395810,0.04353,0.04085793103448276,0.048874137931034484,0.04072,-6.455318171376063,sl,-1.0516195638146855,True,sl,bull,close_vs_ema50,1787025600,64160.4,63654.6424350912
2466,1787044814,VVVUSDT,LONG,overheated_confirmed,overheated_confirmed,1,,tp,poll,1787290361,14.083,13.598767857142859,15.051464285714284,15.231,8.151672228928494,tp,2.370763727550988,True,tp,bull,close_vs_ema50,1787025600,64160.4,63654.6424350912
2473,1787045459,CHILLGUYUSDT,SHORT,ema_cross_confirmed,ema_cross_confirmed,1,,sl,poll,1787153958,0.010611,0.011233758620689656,0.00936548275862069,0.011242,-5.946659127320701,sl,-1.0132336655592462,True,sl,bull,close_vs_ema50,1787025600,64160.4,63654.6424350912
2481,1787045578,BSBUSDT,SHORT,ema_cross,ema_cross,1,,sl,wick,1787063240,0.1197,0.12531103448275863,0.10847793103448276,0.12531103448275863,-4.687581021519319,sl,-1.0,True,sl,bull,close_vs_ema50,1787025600,64160.4,63654.6424350912
2539,1787045578,BSBUSDT,SHORT,ema_cross_confirmed,ema_cross_confirmed,1,cont_ttl_expired,ttl_expired,,,0.1197,0.1197,0.1197,,,other,,False,,unknown,snapshot_missing,,,
2482,1787045584,WUSDT,SHORT,ema_cross,ema_cross,1,,sl,poll,1787151854,0.008118,0.008256655172413793,0.007840689655172414,0.008269,-1.8600640551860075,sl,-1.0890325789604591,True,sl,bull,close_vs_ema50,1787025600,64160.4,63654.6424350912
2540,1787045584,WUSDT,SHORT,ema_cross_confirmed,ema_cross_confirmed,1,cont_ttl_expired,ttl_expired,,,0.008118,0.008118,0.008118,,,other,,False,,unknown,snapshot_missing,,,
2483,1787045605,GFSUSDT,SHORT,ema_cross,ema_cross,1,,tp,wick,1787046920,52.01,52.69,50.65,50.65,2.6148817535089397,tp,2.0,True,tp,bull,close_vs_ema50,1787025600,64160.4,63654.6424350912
2541,1787045605,GFSUSDT,SHORT,ema_cross_confirmed,ema_cross_confirmed,1,cont_ttl_expired,ttl_expired,,,52.01,52.01,52.01,,,other,,False,,unknown,snapshot_missing,,,
2489,1787045664,BIRBUSDT,SHORT,ema_cross,ema_cross,1,,sl,poll,1787151972,0.05044,0.05180655172413793,0.04770689655172414,0.05194,-2.973830293417925,sl,-1.0976532929598801,True,sl,bull,close_vs_ema50,1787025600,64160.4,63654.6424350912
2542,1787045664,BIRBUSDT,SHORT,ema_cross_confirmed,ema_cross_confirmed,1,cont_ttl_expired,ttl_expired,,,0.05044,0.05044,0.05044,,,other,,False,,unknown,snapshot_missing,,,
2492,1787045703,JPN225USDT,SHORT,ema_cross,ema_cross,1,,tp,wick,1787259932,420.88,427.2679310344828,408.1041379310345,408.1041379310345,3.0355118012178113,tp,1.9999999999999911,True,tp,bull,close_vs_ema50,1787025600,64160.4,63654.6424350912
2543,1787045704,JPN225USDT,SHORT,ema_cross_confirmed,ema_cross_confirmed,1,cont_ttl_expired,ttl_expired,,,420.88,420.88,420.88,,,other,,False,,unknown,snapshot_missing,,,
2493,1787045710,ARCUSDT,SHORT,ema_cross,ema_cross,1,,tp,wick,1787556981,0.07073,0.07398068965517242,0.06422862068965518,0.06422862068965518,9.191827103555523,tp,1.9999999999999958,True,tp,bull,close_vs_ema50,1787025600,64160.4,63654.6424350912
2544,1787045710,ARCUSDT,SHORT,ema_cross_confirmed,ema_cross_confirmed,1,cont_ttl_expired,ttl_expired,,,0.07073,0.07073,0.07073,,,other,,False,,unknown,snapshot_missing,,,
2494,1787045719,TACUSDT,SHORT,ema_cross,ema_cross,1,,tp,poll,1787151653,0.002627,0.002720551724137931,0.002439896551724138,0.002419,7.917776931861433,tp,2.223368964246223,True,tp,bull,close_vs_ema50,1787025600,64160.4,63654.6424350912
2545,1787045719,TACUSDT,SHORT,ema_cross_confirmed,ema_cross_confirmed,1,cont_ttl_expired,ttl_expired,,,0.002627,0.002627,0.002627,,,other,,False,,unknown,snapshot_missing,,,
2495,1787045727,INUSDT,SHORT,ema_cross,ema_cross,1,,sl,poll,1787055022,0.03095,0.03151724137931034,0.02981551724137931,0.03156,-1.9709208400646185,sl,-1.0753799392097287,True,sl,bull,close_vs_ema50,1787025600,64160.4,63654.6424350912
2546,1787045728,INUSDT,SHORT,ema_cross_confirmed,ema_cross_confirmed,1,cont_ttl_expired,ttl_expired,,,0.03095,0.03095,0.03095,,,other,,False,,unknown,snapshot_missing,,,
2499,1787045764,WLDUSDT,SHORT,ema_cross,ema_cross,1,,sl,poll,1787153958,0.3224,0.33250689655172416,0.30218620689655173,0.3439,-6.668734491315125,sl,-2.127260320709651,True,sl,bull,close_vs_ema50,1787025600,64160.4,63654.6424350912
2547,1787045765,WLDUSDT,SHORT,ema_cross_confirmed,ema_cross_confirmed,1,cont_ttl_expired,ttl_expired,,,0.3224,0.3224,0.3224,,,other,,False,,unknown,snapshot_missing,,,
2500,1787045780,IRENUSDT,SHORT,ema_cross,ema_cross,1,,sl,poll,1787059888,43.49,44.384827586206896,41.70034482758621,44.44,-2.1844102092434943,sl,-1.061657032755297,True,sl,bull,close_vs_ema50,1787025600,64160.4,63654.6424350912
2548,1787045781,IRENUSDT,SHORT,ema_cross_confirmed,ema_cross_confirmed,1,cont_ttl_expired,ttl_expired,,,43.49,43.49,43.49,,,other,,False,,unknown,snapshot_missing,,,
2501,1787045791,PENDLEUSDT,LONG,ema_cross,ema_cross,1,,sl,poll,1787061205,1.358,1.3366206896551724,1.4007586206896554,1.336,-1.6200294550810028,sl,-1.029032258064514,True,sl,bull,close_vs_ema50,1787025600,64160.4,63654.6424350912
2549,1787045792,PENDLEUSDT,LONG,ema_cross_confirmed,ema_cross_confirmed,1,cont_ttl_expired,ttl_expired,,,1.358,1.358,1.358,,,other,,False,,unknown,snapshot_missing,,,
2503,1787045825,IRENUSDT,SHORT,ema_cross_confirmed,ema_cross_confirmed,1,,sl,poll,1787059946,43.14,44.929655172413796,39.56068965517241,44.96,-4.218822438572092,sl,-1.0169556840077063,True,sl,bull,close_vs_ema50,1787025600,64160.4,63654.6424350912
2506,1787046246,CLOUSDT,LONG,overheated_confirmed,overheated_confirmed,1,,tp,poll,1787054094,0.13592,0.13227607142857145,0.14320785714285714,0.1448,6.5332548557975265,tp,2.436930314613355,True,tp,bull,close_vs_ema50,1787025600,64160.4,63654.6424350912
2507,1787047208,GFSUSDT,SHORT,ema_cross_confirmed,ema_cross_confirmed,1,,tp,poll,1787161349,51.28,52.64,48.56,48.54,5.343213728549146,tp,2.0147058823529433,True,tp,bull,close_vs_ema50,1787025600,64160.4,63654.6424350912
2510,1787053091,OPNUSDT,LONG,overheated_confirmed,overheated_confirmed,1,,sl,poll,1787054842,0.06028,0.05790357142857143,0.06503285714285714,0.0579,-3.9482415394824155,sl,-1.0015028554253083,True,sl,bull,close_vs_ema50,1787025600,64160.4,63654.6424350912
2515,1787054411,CLOUSDT,LONG,overheated_confirmed,overheated_confirmed,1,,tp,poll,1787058624,0.14133,0.13768607142857145,0.14861785714285713,0.15031,6.353923441590594,tp,2.464373223561701,True,tp,bull,close_vs_ema50,1787040000,64319.9,63680.73096704841
2518,1787055154,IONQUSDT,SHORT,ema_cross,ema_cross,1,,sl,poll,1787060424,45.04,45.742758620689656,43.634482758620685,45.77,-1.6207815275310924,sl,-1.0387634936211998,True,sl,bull,close_vs_ema50,1787040000,64319.9,63680.73096704841
2519,1787055156,KORUUSDT,SHORT,ema_cross,ema_cross,1,,tp,wick,1787064984,20.205,20.97513793103448,18.66472413793103,18.66472413793103,7.623241089180731,tp,2.0,True,tp,bull,close_vs_ema50,1787040000,64319.9,63680.73096704841
2520,1787055221,SOXLUSDT,SHORT,ema_cross,ema_cross,1,,tp,poll,1787061324,135.94,139.0948275862069,129.6303448275862,129.52,4.722671766956001,tp,2.0349765001639515,True,tp,bull,close_vs_ema50,1787040000,64319.9,63680.73096704841
2521,1787055228,SOXSUSDT,LONG,ema_cross,ema_cross,1,,tp,poll,1787061352,42.44,41.571379310344824,44.177241379310345,44.24,4.241281809613582,tp,2.0722508932115935,True,tp,bull,close_vs_ema50,1787040000,64319.9,63680.73096704841
2522,1787055248,BLUAIUSDT,LONG,ema_cross,ema_cross,1,,sl,wick,1787231202,0.013249,0.012628034482758621,0.014490931034482759,0.012628034482758621,-4.686885932835529,sl,-1.0,True,sl,bull,close_vs_ema50,1787040000,64319.9,63680.73096704841
2523,1787055254,SOXSUSDT,LONG,ema_cross_confirmed,ema_cross_confirmed,1,,tp,wick,1787064866,42.48,41.177068965517236,45.08586206896552,45.08586206896552,6.134326904344448,tp,2.0,True,tp,bull,close_vs_ema50,1787040000,64319.9,63680.73096704841
2524,1787055261,HUSDT,SHORT,ema_cross,ema_cross,1,,tp,poll,1787208867,0.11478,0.13083551724137932,0.08266896551724137,0.08262,28.018818609513847,tp,2.003049762676916,True,tp,bull,close_vs_ema50,1787040000,64319.9,63680.73096704841
2525,1787055271,POWERUSDT,LONG,ema_cross,ema_cross,1,,sl,poll,1787065191,0.08997,0.0870406896551724,0.09582862068965517,0.08699,-3.3122151828387203,sl,-1.0173042966450836,True,sl,bull,close_vs_ema50,1787040000,64319.9,63680.73096704841
2526,1787055307,AMDUSDT,SHORT,ema_cross,ema_cross,1,,tp,poll,1787062313,489.86,495.55620689655177,478.46758620689656,478.31,2.3578165190054325,tp,2.0276651129002867,True,tp,bull,close_vs_ema50,1787040000,64319.9,63680.73096704841
2527,1787055343,RIVERUSDT,SHORT,ema_cross,ema_cross,1,,sl,wick,1787167516,2.589,2.678896551724138,2.409206896551724,2.678896551724138,-3.4722499700323644,sl,-1.0,True,sl,bull,close_vs_ema50,1787040000,64319.9,63680.73096704841
2528,1787055377,RIVERUSDT,SHORT,ema_cross_confirmed,ema_cross_confirmed,1,,sl,wick,1787240886,2.583,2.762793103448276,2.2234137931034486,2.762793103448276,-6.960631182666504,sl,-1.0,True,sl,bull,close_vs_ema50,1787040000,64319.9,63680.73096704841
2530,1787056661,OUSTUSDT,SHORT,ema_cross,ema_cross,1,,tp,poll,1787062400,46.25,47.430689655172415,43.88862068965517,43.87,5.145945945945951,tp,2.015771028037383,True,tp,bull,close_vs_ema50,1787040000,64319.9,63680.73096704841
2531,1787057117,AMDUSDT,SHORT,ema_cross_confirmed,ema_cross_confirmed,1,,tp,poll,1787151762,489.04,501.26599999999996,464.58800000000014,464.54,5.009815148045149,tp,2.0039260592180694,True,tp,bull,close_vs_ema50,1787040000,64319.9,63680.73096704841
2534,1787058912,IONQUSDT,SHORT,ema_cross_confirmed,ema_cross_confirmed,1,,sl,wick,1787060424,44.55,45.95551724137931,41.73896551724137,45.95551724137931,-3.154920856070291,sl,-1.0,True,sl,bull,close_vs_ema50,1787040000,64319.9,63680.73096704841
2538,1787059813,KORUUSDT,SHORT,ema_cross_confirmed,ema_cross_confirmed,1,,sl,poll,1787290361,19.968,21.508275862068967,16.887448275862067,21.731,-8.829126602564111,sl,-1.1446001611892185,True,sl,bull,close_vs_ema50,1787040000,64319.9,63680.73096704841
2552,1787060414,PRLUSDT,LONG,overheated_confirmed,overheated_confirmed,1,,sl,poll,1787151653,0.45094,0.4094039285714286,0.5340121428571428,0.36331,-19.432740497627176,sl,-2.1097325044496613,True,sl,bull,close_vs_ema50,1787040000,64319.9,63680.73096704841
2555,1787060706,SOXLUSDT,SHORT,ema_cross_confirmed,ema_cross_confirmed,1,,tp,poll,1787162899,132.4,138.7096551724138,119.78068965517244,119.65,9.629909365558913,tp,2.0207126461908436,True,tp,bull,close_vs_ema50,1787040000,64319.9,63680.73096704841
2566,1787062515,RATSUSDT,LONG,overheated_confirmed,overheated_confirmed,1,,sl,poll,1787078374,5.093e-05,4.8480178571428576e-05,5.5829642857142854e-05,4.698e-05,-7.755743176909485,sl,-1.6123624170857953,True,sl,bull,close_vs_ema50,1787040000,64319.9,63680.73096704841
2570,1787063407,BLUAIUSDT,LONG,ema_cross_confirmed,ema_cross_confirmed,1,,sl,poll,1787408037,0.01327,0.012338551724137932,0.015132896551724138,0.012175,-8.251695553880937,sl,-1.1755886272767664,True,sl,bull,close_vs_ema50,1787040000,64319.9,63680.73096704841
2578,1787064029,SOXSUSDT,LONG,overheated_confirmed,overheated_confirmed,1,cont_ttl_expired,ttl_expired,,,44.01,44.01,44.01,,,other,,False,,unknown,snapshot_missing,,,
2624,1787153961,BTWUSDT,LONG,overheated_confirmed,overheated_confirmed,1,,sl,poll,1787157528,0.673017,0.6054896785714285,0.8080716428571428,0.556231,-17.352607735020058,sl,-1.7294629422482426,True,sl,bull,close_vs_ema50,1787126400,64476.5,63859.74271354019
2625,1787153963,MUBARAKUSDT,LONG,overheated_confirmed,overheated_confirmed,1,,tp,wick,1787157551,0.02235,0.021154285714285712,0.02474142857142857,0.02474142857142857,10.699904122722918,tp,2.0,True,tp,bull,close_vs_ema50,1787126400,64476.5,63859.74271354019
2718,1787157940,STARUSDT,LONG,overheated_confirmed,overheated_confirmed,1,cont_ttl_expired,ttl_expired,,,0.13907,0.13907,0.13907,,,other,,False,,unknown,snapshot_missing,,,
2720,1787158044,BIOUSDT,LONG,overheated_confirmed,overheated_confirmed,1,cont_ttl_expired,ttl_expired,,,0.02894,0.02894,0.02894,,,other,,False,,unknown,snapshot_missing,,,
2721,1787158136,GRVTUSDT,LONG,overheated_confirmed,overheated_confirmed,1,cont_ttl_expired,ttl_expired,,,0.332,0.332,0.332,,,other,,False,,unknown,snapshot_missing,,,
2631,1787158146,REUSDT,LONG,overheated_confirmed,overheated_confirmed,1,,tp,wick,1787169627,0.49972,0.477145,0.54487,0.54487,9.035059633394695,tp,1.9999999999999976,True,tp,bull,close_vs_ema50,1787140800,68508.2,64042.035156146456
2655,1787158802,AEROUSDT,LONG,ema_cross,ema_cross,1,,sl,poll,1787160675,0.4226,0.41750344827586205,0.4327931034482758,0.4175,-1.2068149550402256,sl,-1.000676589986469,True,sl,bull,close_vs_ema50,1787140800,68508.2,64042.035156146456
2724,1787158803,AEROUSDT,LONG,ema_cross_confirmed,ema_cross_confirmed,1,cont_ttl_expired,ttl_expired,,,0.4226,0.4226,0.4226,,,other,,False,,unknown,snapshot_missing,,,
2656,1787158815,RESOLVUSDT,LONG,ema_cross,ema_cross,1,,tp,poll,1787238309,0.01759,0.017245172413793104,0.018279655172413794,0.01832,4.150085275724832,tp,2.116999999999986,True,tp,bull,close_vs_ema50,1787140800,68508.2,64042.035156146456
2725,1787158815,RESOLVUSDT,LONG,ema_cross_confirmed,ema_cross_confirmed,1,cont_ttl_expired,ttl_expired,,,0.01759,0.01759,0.01759,,,other,,False,,unknown,snapshot_missing,,,
2657,1787158834,AXTIUSDT,SHORT,ema_cross,ema_cross,1,,tp,wick,1787232944,76.37,79.60896551724139,69.89206896551725,69.89206896551725,8.482298067936036,tp,1.9999999999999956,True,tp,bull,close_vs_ema50,1787140800,68508.2,64042.035156146456
2726,1787158834,AXTIUSDT,SHORT,ema_cross_confirmed,ema_cross_confirmed,1,cont_ttl_expired,ttl_expired,,,76.37,76.37,76.37,,,other,,False,,unknown,snapshot_missing,,,
2777,1787159700,MUBARAKUSDT,LONG,overheated_confirmed,overheated_confirmed,1,cont_ttl_expired,ttl_expired,,,0.02344,0.02344,0.02344,,,other,,False,,unknown,snapshot_missing,,,
2662,1787161548,TREEUSDT,LONG,overheated_confirmed,overheated_confirmed,1,,sl,wick,1787161877,0.04724,0.04546464285714285,0.05079071428571429,0.04546464285714285,-3.7581649933470533,sl,-1.0,True,sl,bull,close_vs_ema50,1787140800,68508.2,64042.035156146456
2664,1787162196,TREEUSDT,LONG,overheated_confirmed,overheated_confirmed,1,,sl,poll,1787162236,0.04724,0.04546464285714285,0.05079071428571429,0.045,-4.741744284504655,sl,-1.2617179641923113,True,sl,bull,close_vs_ema50,1787140800,68508.2,64042.035156146456
2667,1787163034,HEMIUSDT,LONG,overheated_early,overheated_early,1,,tp,poll,1787313031,0.009034,0.007604339285714286,0.011893321428571428,0.011939,32.15629842816028,tp,2.0319506376388006,True,tp,bull,close_vs_ema50,1787140800,68508.2,64042.035156146456
2668,1787163066,DOSUSDT,LONG,overheated_early,overheated_early,1,,sl,poll,1787207222,0.2738,0.25256964285714284,0.3162607142857143,0.2389,-12.746530314097877,sl,-1.6438724871730162,True,sl,bull,close_vs_ema50,1787140800,68508.2,64042.035156146456
2669,1787163079,MVLLUSDT,LONG,overheated_early,overheated_early,1,,tp,poll,1787253813,29.82,27.83517857142857,33.78964285714286,33.84,13.480885311871239,tp,2.0253711201079634,True,tp,bull,close_vs_ema50,1787140800,68508.2,64042.035156146456
2670,1787163117,牛来USDT,LONG,overheated_early,overheated_early,1,,sl,poll,1787169291,0.0399,0.0389025,0.041895,0.03888,-2.5563909774436095,sl,-1.0225563909774453,True,sl,bull,close_vs_ema50,1787140800,68508.2,64042.035156146456
2671,1787163200,BRUSDT,LONG,overheated_early,overheated_early,1,,tp,poll,1787741470,0.22981,0.20537928571428568,0.27867142857142857,0.28061,22.105217353465925,tp,2.0793497646405283,True,tp,bull,close_vs_ema50,1787140800,68508.2,64042.035156146456
2672,1787163216,STARUSDT,LONG,overheated_early,overheated_early,1,,sl,poll,1787462600,0.13844,0.12231660714285715,0.17068678571428572,0.1206,-12.886449003178278,sl,-1.1064668682371448,True,sl,bull,close_vs_ema50,1787140800,68508.2,64042.035156146456
2674,1787163339,MAGMAUSDT,LONG,overheated_confirmed,overheated_confirmed,1,,tp,wick,1787172097,0.19852,0.18949482142857144,0.21657035714285713,0.21657035714285713,9.092462796119852,tp,2.0,True,tp,bull,close_vs_ema50,1787140800,68508.2,64042.035156146456
2676,1787167198,AEROUSDT,LONG,ema_cross_confirmed,ema_cross_confirmed,1,,tp,wick,1787172758,0.4198,0.4121551724137931,0.43508965517241377,0.43508965517241377,3.642128435544012,tp,2.0,True,tp,bull,close_vs_ema50,1787140800,68508.2,64042.035156146456
2680,1787167776,TREEUSDT,LONG,overheated_early,overheated_early,1,,sl,poll,1787207222,0.04188,0.04010464285714285,0.04543071428571429,0.03781,-9.718242597898751,sl,-2.292496479581565,True,sl,bull,close_vs_ema50,1787140800,68508.2,64042.035156146456
2683,1787168514,LUNCUSDT,LONG,ema_cross,ema_cross,1,,tp,wick,1787173177,4.914e-05,4.8477931034482756e-05,5.0464137931034483e-05,5.0464137931034483e-05,2.694623384278557,tp,1.9999999999999898,True,tp,bull,close_vs_ema50,1787140800,68508.2,64042.035156146456
2684,1787168517,DASHUSDT,LONG,ema_cross,ema_cross,1,,tp,wick,1787172814,30.8,30.453793103448277,31.49241379310345,31.49241379310345,2.2480967308553503,tp,2.0,True,tp,bull,close_vs_ema50,1787140800,68508.2,64042.035156146456
2685,1787168530,GDXUSDT,LONG,ema_cross,ema_cross,1,,sl,wick,1787227497,96.72,95.18068965517242,99.79862068965517,95.18068965517242,-1.59151193633952,sl,-1.0,True,sl,bull,close_vs_ema50,1787140800,68508.2,64042.035156146456
2686,1787168532,TRUMPUSDT,LONG,ema_cross,ema_cross,1,,tp,wick,1787169261,1.453,1.4323103448275862,1.4943793103448277,1.4943793103448277,2.8478534304767837,tp,2.0,True,tp,bull,close_vs_ema50,1787140800,68508.2,64042.035156146456
2687,1787168537,JUPUSDT,LONG,ema_cross,ema_cross,1,,tp,poll,1787173662,0.1778,0.17567241379310347,0.18205517241379313,0.1823,2.5309336332958243,tp,2.1150729335494307,True,tp,bull,close_vs_ema50,1787140800,68508.2,64042.035156146456
2688,1787168542,VETUSDT,LONG,ema_cross,ema_cross,1,,tp,poll,1787173414,0.004687,0.004638241379310345,0.00478451724137931,0.004794,2.2829101770855442,tp,2.1944837340876746,True,tp,bull,close_vs_ema50,1787140800,68508.2,64042.035156146456
2689,1787168558,TRBUSDT,LONG,ema_cross,ema_cross,1,,tp,wick,1787173540,13.68,13.525862068965518,13.988275862068965,13.988275862068965,2.2534785238959474,tp,2.0000000000000115,True,tp,bull,close_vs_ema50,1787140800,68508.2,64042.035156146456
2690,1787168563,AMATUSDT,SHORT,ema_cross,ema_cross,1,,sl,poll,1787207697,495.4,502.64827586206894,480.90344827586205,502.9,-1.5139281388776746,sl,-1.0347288296860133,True,sl,bull,close_vs_ema50,1787140800,68508.2,64042.035156146456
2691,1787168577,ONDOUSDT,LONG,ema_cross,ema_cross,1,,tp,wick,1787173504,0.3385,0.3327931034482759,0.3499137931034483,0.3499137931034483,3.3718738858045065,tp,2.0,True,tp,bull,close_vs_ema50,1787140800,68508.2,64042.035156146456
2692,1787168586,GDXUSDT,LONG,ema_cross_confirmed,ema_cross_confirmed,1,,tp,poll,1787299322,96.61,94.30103448275862,101.22793103448275,101.26,4.81316633888832,tp,2.0138888888888946,True,tp,bull,close_vs_ema50,1787140800,68508.2,64042.035156146456
2693,1787168587,TRUMPUSDT,LONG,ema_cross_confirmed,ema_cross_confirmed,1,,tp,poll,1787172043,1.455,1.4239655172413794,1.5170689655172414,1.539,5.773195876288649,tp,2.706666666666666,True,tp,bull,close_vs_ema50,1787140800,68508.2,64042.035156146456
2694,1787168590,GRVTUSDT,LONG,ema_cross,ema_cross,1,,sl,poll,1787207222,0.3124,0.2999,0.3374,0.2951,-5.537772087067873,sl,-1.3840000000000017,True,sl,bull,close_vs_ema50,1787140800,68508.2,64042.035156146456
2695,1787168590,AMATUSDT,SHORT,ema_cross_confirmed,ema_cross_confirmed,1,,tp,poll,1787932683,495.1,509.59655172413795,466.10689655172416,465.4,5.9987881236114005,tp,2.0487630827783097,True,tp,unknown,snapshot_missing,,,
2696,1787168596,COINXUSDT,LONG,ema_cross,ema_cross,1,,tp,poll,1787172043,157.88,156.12724137931033,161.38551724137932,161.59,2.349885989359012,tp,2.116663387763129,True,tp,bull,close_vs_ema50,1787140800,68508.2,64042.035156146456
2697,1787168612,MSTRXUSDT,LONG,ema_cross,ema_cross,1,,tp,wick,1787172697,103.4,101.86172413793103,106.47655172413793,106.47655172413793,2.9753885146401626,tp,1.9999999999999907,True,tp,bull,close_vs_ema50,1787140800,68508.2,64042.035156146456
2698,1787168635,TIAUSDT,LONG,ema_cross,ema_cross,1,,tp,wick,1787173962,0.3208,0.3155034482758621,0.3313931034482758,0.3313931034482758,3.302089603577261,tp,2.0000000000000107,True,tp,bull,close_vs_ema50,1787140800,68508.2,64042.035156146456
2699,1787168653,TIAUSDT,LONG,ema_cross_confirmed,ema_cross_confirmed,1,,tp,wick,1787235008,0.3211,0.3131551724137931,0.3369896551724138,0.3369896551724138,4.948506749428156,tp,2.0,True,tp,bull,close_vs_ema50,1787140800,68508.2,64042.035156146456
2700,1787168653,KSMUSDT,LONG,ema_cross,ema_cross,1,,tp,poll,1787172758,2.95,2.914034482758621,3.021931034482759,3.028,2.6440677966101642,tp,2.1687440076701914,True,tp,bull,close_vs_ema50,1787140800,68508.2,64042.035156146456
2701,1787168659,TSTBSCUSDT,LONG,ema_cross,ema_cross,1,,tp,wick,1787389757,0.015106,0.014368965517241379,0.016580068965517242,0.016580068965517242,9.758168711222314,tp,2.000000000000002,True,tp,bull,close_vs_ema50,1787140800,68508.2,64042.035156146456
2702,1787168678,CRCLXUSDT,LONG,ema_cross,ema_cross,1,,tp,wick,1787172697,77.53,76.27586206896552,80.03827586206896,80.03827586206896,3.235232635197931,tp,2.0,True,tp,bull,close_vs_ema50,1787140800,68508.2,64042.035156146456
2703,1787168693,XLMUSDT,LONG,ema_cross,ema_cross,1,,tp,wick,1787172814,0.16523,0.16312827586206896,0.16943344827586207,0.16943344827586207,2.5439982302621087,tp,2.0000000000000133,True,tp,bull,close_vs_ema50,1787140800,68508.2,64042.035156146456
2704,1787168714,KSMUSDT,LONG,ema_cross_confirmed,ema_cross_confirmed,1,,tp,poll,1787173600,2.957,2.903051724137931,3.0648965517241376,3.071,3.8552587081501635,tp,2.113135186960701,True,tp,bull,close_vs_ema50,1787140800,68508.2,64042.035156146456
2705,1787168726,TREEUSDT,LONG,ema_cross,ema_cross,1,,sl,poll,1787207222,0.04188,0.040724482758620686,0.04419103448275862,0.03781,-9.718242597898751,sl,-3.5222321695016277,True,sl,bull,close_vs_ema50,1787140800,68508.2,64042.035156146456
2706,1787168735,ZKUSDT,LONG,ema_cross,ema_cross,1,,tp,poll,1787173235,0.00796,0.007808275862068966,0.008263448275862069,0.00827,3.894472361809039,tp,2.0431818181818158,True,tp,bull,close_vs_ema50,1787140800,68508.2,64042.035156146456
2707,1787168736,ALGOUSDT,LONG,ema_cross,ema_cross,1,,tp,poll,1787207222,0.08071,0.07970862068965517,0.08271275862068966,0.0841,4.200223020691352,tp,3.3853305785123795,True,tp,bull,close_vs_ema50,1787140800,68508.2,64042.035156146456
2708,1787168744,ADBEUSDT,LONG,ema_cross,ema_cross,1,,sl,wick,1787235853,273.5,270.0289655172414,280.44206896551725,270.0289655172414,-1.269116812708821,sl,-1.0,True,sl,bull,close_vs_ema50,1787140800,68508.2,64042.035156146456
2709,1787168759,TRIAUSDT,SHORT,ema_cross,ema_cross,1,,sl,wick,1787360776,0.00762,0.00799448275862069,0.006871034482758621,0.00799448275862069,-4.91447189790931,sl,-1.0,True,sl,bull,close_vs_ema50,1787140800,68508.2,64042.035156146456
2710,1787168781,FARTCOINUSDT,LONG,ema_cross,ema_cross,1,,tp,poll,1787238249,0.1523,0.14864310344827586,0.15961379310344825,0.16028,5.239658568614587,tp,2.1821782178217903,True,tp,bull,close_vs_ema50,1787140800,68508.2,64042.035156146456
2713,1787169603,RESOLVUSDT,LONG,ema_cross_confirmed,ema_cross_confirmed,1,,tp,poll,1787302213,0.01768,0.017162758620689656,0.01871448275862069,0.01876,6.10859728506786,tp,2.087999999999994,True,tp,bull,close_vs_ema50,1787155200,68398.5,64212.87691472895
2714,1787169619,MSTRXUSDT,LONG,ema_cross_confirmed,ema_cross_confirmed,1,,tp,wick,1787208748,104.19,101.88258620689655,108.8048275862069,108.8048275862069,4.429242332476149,tp,2.0,True,tp,bull,close_vs_ema50,1787155200,68398.5,64212.87691472895
2715,1787172057,ZKUSDT,LONG,ema_cross_confirmed,ema_cross_confirmed,1,,tp,wick,1787225876,0.00806,0.007832413793103447,0.008515172413793104,0.008515172413793104,5.647300419269283,tp,2.0,True,tp,bull,close_vs_ema50,1787155200,68398.5,64212.87691472895
2716,1787172331,MAGMAUSDT,LONG,overheated_confirmed,overheated_confirmed,1,,tp,wick,1787215885,0.21727,0.20661303571428571,0.23858392857142854,0.23858392857142854,9.809881056486654,tp,2.0,True,tp,bull,close_vs_ema50,1787155200,68398.5,64212.87691472895
2717,1787172354,TRUMPUSDT,LONG,ema_cross_confirmed,ema_cross_confirmed,1,,tp,poll,1787173324,1.545,1.5139655172413793,1.591551724137931,1.597,3.365695792880262,tp,1.6755555555555597,True,tp,bull,close_vs_ema50,1787155200,68398.5,64212.87691472895
2727,1787173238,BOMEUSDT,LONG,overheated_confirmed,overheated_confirmed,1,,tp,poll,1787208539,0.0008983,0.0008453339285714286,0.0010042321428571426,0.0010056,11.944784593120334,tp,2.0258251576143764,True,tp,bull,close_vs_ema50,1787155200,68398.5,64212.87691472895
2728,1787173242,LUNCUSDT,LONG,ema_cross_confirmed,ema_cross_confirmed,1,,tp,wick,1787239986,5.008e-05,4.908689655172414e-05,5.206620689655172e-05,5.206620689655172e-05,3.966068084168772,tp,2.0,True,tp,bull,close_vs_ema50,1787155200,68398.5,64212.87691472895
2729,1787173243,DASHUSDT,LONG,ema_cross_confirmed,ema_cross_confirmed,1,,tp,wick,1787213901,31.34,30.820689655172416,32.378620689655165,32.378620689655165,3.3140417666086943,tp,1.9999999999999931,True,tp,bull,close_vs_ema50,1787155200,68398.5,64212.87691472895
2730,1787173245,JUPUSDT,LONG,ema_cross_confirmed,ema_cross_confirmed,1,,tp,wick,1787213297,0.1798,0.17660862068965516,0.18618275862068964,0.18618275862068964,3.549921368570442,tp,2.0,True,tp,bull,close_vs_ema50,1787155200,68398.5,64212.87691472895
2731,1787173246,VETUSDT,LONG,ema_cross_confirmed,ema_cross_confirmed,1,,tp,poll,1787216123,0.00477,0.004696862068965517,0.004916275862068966,0.004927,3.2914046121593294,tp,2.1466289486091386,True,tp,bull,close_vs_ema50,1787155200,68398.5,64212.87691472895
2732,1787173247,龙虾USDT,LONG,ema_cross_confirmed,ema_cross_confirmed,1,,tp,poll,1787465969,0.02081,0.018967793103448274,0.024494413793103447,0.024603,18.22681403171553,tp,2.0589435459718484,True,tp,bull,close_vs_ema50,1787155200,68398.5,64212.87691472895
2733,1787173249,TRBUSDT,LONG,ema_cross_confirmed,ema_cross_confirmed,1,,tp,wick,1787216183,13.91,13.678793103448276,14.372413793103448,14.372413793103448,3.324326334316661,tp,2.0,True,tp,bull,close_vs_ema50,1787155200,68398.5,64212.87691472895
2734,1787173250,ONDOUSDT,LONG,ema_cross_confirmed,ema_cross_confirmed,1,,tp,poll,1787291583,0.3475,0.33893965517241376,0.3646206896551724,0.3649,5.0071942446043245,tp,2.032628398791541,True,tp,bull,close_vs_ema50,1787155200,68398.5,64212.87691472895
2735,1787173256,XLMUSDT,LONG,ema_cross_confirmed,ema_cross_confirmed,1,,tp,poll,1787215221,0.16834,0.16518741379310345,0.17464517241379307,0.17478,3.8255910657003693,tp,2.042767295597492,True,tp,bull,close_vs_ema50,1787155200,68398.5,64212.87691472895
2736,1787173259,ALGOUSDT,LONG,ema_cross_confirmed,ema_cross_confirmed,1,,tp,poll,1787213570,0.0816,0.08009793103448276,0.0846041379310345,0.08475,3.8602941176470584,tp,2.097107438016524,True,tp,bull,close_vs_ema50,1787155200,68398.5,64212.87691472895
2737,1787173261,FARTCOINUSDT,LONG,ema_cross_confirmed,ema_cross_confirmed,1,,tp,poll,1787244452,0.15388,0.1483946551724138,0.16485068965517238,0.16488,7.14842734598389,tp,2.0053433914820107,True,tp,bull,close_vs_ema50,1787155200,68398.5,64212.87691472895
2738,1787173427,TAIKOUSDT,LONG,ema_cross,ema_cross,1,,tp,poll,1787301972,0.0733,0.07213793103448277,0.07562413793103448,0.0757,3.2742155525238736,tp,2.065281899109798,True,tp,bull,close_vs_ema50,1787155200,68398.5,64212.87691472895
2739,1787173436,PRLUSDT,SHORT,ema_cross,ema_cross,1,,tp,wick,1787258586,0.32226,0.3549958620689655,0.256788275862069,0.256788275862069,20.31642901319773,tp,2.0,True,tp,bull,close_vs_ema50,1787155200,68398.5,64212.87691472895
2740,1787173437,BNBUSDT,LONG,ema_cross,ema_cross,1,,tp,wick,1787173504,618.3,614.8913793103447,625.1172413793103,625.1172413793103,1.1025782596329134,tp,1.9999999999999667,True,tp,bull,close_vs_ema50,1787155200,68398.5,64212.87691472895
2741,1787173457,RAYUSDT,LONG,ema_cross,ema_cross,1,,tp,poll,1787173662,0.6393,0.6332379310344828,0.6514241379310345,0.654,2.2993899577663144,tp,2.424914675767943,True,tp,bull,close_vs_ema50,1787155200,68398.5,64212.87691472895
2742,1787173469,HIMSUSDT,LONG,ema_cross,ema_cross,1,,sl,poll,1787214291,31.071,30.580689655172414,32.051620689655174,30.456,-1.9793376460365033,sl,-1.254307616569379,True,sl,bull,close_vs_ema50,1787155200,68398.5,64212.87691472895
2743,1787173480,MNTUSDT,LONG,ema_cross,ema_cross,1,,tp,poll,1787207222,0.4549,0.44944137931034484,0.46581724137931035,0.4843,6.462958892064186,tp,5.385975994946282,True,tp,bull,close_vs_ema50,1787155200,68398.5,64212.87691472895
2744,1787173485,KASUSDT,LONG,ema_cross,ema_cross,1,,tp,wick,1787213901,0.02648,0.02608758620689655,0.027264827586206897,0.027264827586206897,2.963850401083449,tp,2.0,True,tp,bull,close_vs_ema50,1787155200,68398.5,64212.87691472895
2745,1787173488,PYTHUSDT,LONG,ema_cross,ema_cross,1,,tp,poll,1787209135,0.04126,0.04049137931034483,0.04279724137931035,0.0428,3.7324285021812886,tp,2.0035890533871727,True,tp,bull,close_vs_ema50,1787155200,68398.5,64212.87691472895
2746,1787173495,IBMUSDT,LONG,ema_cross,ema_cross,1,,sl,poll,1787228244,236.95,235.39,240.07,235.39,-0.6583667440388278,sl,-1.0,True,sl,bull,close_vs_ema50,1787155200,68398.5,64212.87691472895
2747,1787173498,TAIKOUSDT,LONG,ema_cross_confirmed,ema_cross_confirmed,1,,tp,poll,1787309338,0.0737,0.07195689655172414,0.07718620689655172,0.0772,4.748982360922663,tp,2.0079129574678616,True,tp,bull,close_vs_ema50,1787155200,68398.5,64212.87691472895
2748,1787173500,BNBUSDT,LONG,ema_cross_confirmed,ema_cross_confirmed,1,,tp,poll,1787213421,623.75,618.6370689655173,633.9758620689654,634.9,1.7875751503005977,tp,2.180745236890933,True,tp,bull,close_vs_ema50,1787155200,68398.5,64212.87691472895
2749,1787173533,REUSDT,LONG,ema_cross,ema_cross,1,,tp,poll,1787213510,0.52357,0.5060413793103448,0.5586272413793103,0.56372,7.668506598926605,tp,2.290539610095799,True,tp,bull,close_vs_ema50,1787155200,68398.5,64212.87691472895
2750,1787173551,UBERUSDT,LONG,ema_cross,ema_cross,1,,tp,wick,1787232767,78.04,77.03103448275863,80.05793103448276,80.05793103448276,2.585765036497638,tp,2.0,True,tp,bull,close_vs_ema50,1787155200,68398.5,64212.87691472895
2751,1787173552,XANUSDT,LONG,ema_cross,ema_cross,1,,tp,poll,1787340203,0.010965,0.010652172413793104,0.011590655172413793,0.011598,5.772913816689465,tp,2.023478835978832,True,tp,bull,close_vs_ema50,1787155200,68398.5,64212.87691472895
2752,1787173562,MNTUSDT,LONG,ema_cross_confirmed,ema_cross_confirmed,1,,tp,poll,1787207222,0.4584,0.45021206896551724,0.47477586206896544,0.4843,5.650087260034912,tp,3.163192251000225,True,tp,bull,close_vs_ema50,1787155200,68398.5,64212.87691472895
2753,1787173563,KASUSDT,LONG,ema_cross_confirmed,ema_cross_confirmed,1,,tp,poll,1787220803,0.02674,0.02615137931034483,0.027917241379310342,0.02796,4.562453253552726,tp,2.0726420620972488,True,tp,bull,close_vs_ema50,1787155200,68398.5,64212.87691472895
2754,1787173588,SATSUSDT,LONG,ema_cross,ema_cross,1,,tp,poll,1787213840,1.062e-08,1.0366896551724138e-08,1.1126206896551724e-08,1.113e-08,4.8022598870056425,tp,2.014986376021792,True,tp,bull,close_vs_ema50,1787155200,68398.5,64212.87691472895
2755,1787173611,XPLUSDT,LONG,ema_cross,ema_cross,1,,tp,poll,1787213600,0.07977,0.0780996551724138,0.0831106896551724,0.08315,4.237181897956636,tp,2.0235342691990246,True,tp,bull,close_vs_ema50,1787155200,68398.5,64212.87691472895
2756,1787173624,MRVLUSDT,LONG,ema_cross,ema_cross,1,,sl,wick,1787227041,237.41,232.0151724137931,248.1996551724138,232.0151724137931,-2.2723674597560763,sl,-1.0,True,sl,bull,close_vs_ema50,1787155200,68398.5,64212.87691472895
2757,1787173626,XANUSDT,LONG,ema_cross_confirmed,ema_cross_confirmed,1,,tp,poll,1787342979,0.010998,0.010528758620689657,0.011936482758620689,0.012106,10.074559010729219,tp,2.361258083480309,True,tp,bull,close_vs_ema50,1787155200,68398.5,64212.87691472895
2758,1787173627,SATSUSDT,LONG,ema_cross_confirmed,ema_cross_confirmed,1,,tp,poll,1787220079,1.072e-08,1.0340344827586206e-08,1.1479310344827585e-08,1.149e-08,7.182835820895534,tp,2.028156221616716,True,tp,bull,close_vs_ema50,1787155200,68398.5,64212.87691472895
2759,1787173637,AVAXUSDT,LONG,ema_cross,ema_cross,1,,tp,poll,1787173724,6.611,6.498931034482759,6.835137931034483,6.846,3.5546815912872534,tp,2.096923076923085,True,tp,bull,close_vs_ema50,1787155200,68398.5,64212.87691472895
2760,1787173651,NOWUSDT,LONG,ema_cross,ema_cross,1,,tp,poll,1787240945,127.03,125.10448275862069,130.88103448275862,130.95,3.0858852239628334,tp,2.035816618911168,True,tp,bull,close_vs_ema50,1787155200,68398.5,64212.87691472895
2761,1787173663,FLOKIUSDT,LONG,ema_cross,ema_cross,1,,tp,poll,1787173724,2.136e-05,2.1115172413793102e-05,2.1849655172413792e-05,2.22e-05,3.9325842696629314,tp,3.4309859154929634,True,tp,bull,close_vs_ema50,1787155200,68398.5,64212.87691472895
2762,1787173671,MOODENGUSDT,LONG,ema_cross,ema_cross,1,,tp,poll,1787173724,0.03697,0.03642931034482759,0.03805137931034483,0.03826,3.4893156613470366,tp,2.385841836734695,True,tp,bull,close_vs_ema50,1787155200,68398.5,64212.87691472895
2763,1787173688,AVAXUSDT,LONG,ema_cross_confirmed,ema_cross_confirmed,1,,tp,poll,1787238784,6.707,6.538896551724138,7.043206896551724,7.044,5.024601162964064,tp,2.0047179487179467,True,tp,bull,close_vs_ema50,1787155200,68398.5,64212.87691472895
2764,1787173693,MVLLUSDT,LONG,ema_cross,ema_cross,1,,sl,wick,1787226533,30.99,29.659655172413792,33.650689655172414,29.659655172413792,-4.292819708248486,sl,-1.0,True,sl,bull,close_vs_ema50,1787155200,68398.5,64212.87691472895
2765,1787173700,MANAUSDT,LONG,ema_cross,ema_cross,1,,tp,poll,1787173781,0.06543,0.06475896551724138,0.06677206896551724,0.06731,2.873299709613316,tp,2.8016443987666695,True,tp,bull,close_vs_ema50,1787155200,68398.5,64212.87691472895
2766,1787173710,ZAMAUSDT,LONG,ema_cross,ema_cross,1,,tp,poll,1787235338,0.04433,0.04308137931034483,0.046827241379310346,0.04683,5.639521768554016,tp,2.0022093344379974,True,tp,bull,close_vs_ema50,1787155200,68398.5,64212.87691472895
2767,1787173714,VANAUSDT,LONG,ema_cross,ema_cross,1,,tp,wick,1787217800,0.888,0.8750689655172413,0.9138620689655172,0.9138620689655172,2.9123951537744635,tp,1.9999999999999913,True,tp,bull,close_vs_ema50,1787155200,68398.5,64212.87691472895
2768,1787173720,UVXYUSDT,SHORT,ema_cross,ema_cross,1,,sl,wick,1787227340,19.61,19.88344827586207,19.06310344827586,19.88344827586207,-1.3944328192864321,sl,-1.0,True,sl,bull,close_vs_ema50,1787155200,68398.5,64212.87691472895
2769,1787173727,BONKUSDT,LONG,ema_cross,ema_cross,1,,tp,wick,1787173902,2.404e-06,2.3650689655172415e-06,2.4818620689655176e-06,2.4818620689655176e-06,3.2388547822594576,tp,2.0,True,tp,bull,close_vs_ema50,1787155200,68398.5,64212.87691472895
2770,1787173750,FLOKIUSDT,LONG,ema_cross_confirmed,ema_cross_confirmed,1,,tp,poll,1787213750,2.179e-05,2.1422758620689653e-05,2.2524482758620693e-05,2.254e-05,3.441945846718684,tp,2.042253521126753,True,tp,bull,close_vs_ema50,1787155200,68398.5,64212.87691472895
2771,1787173751,MOODENGUSDT,LONG,ema_cross_confirmed,ema_cross_confirmed,1,,tp,wick,1787174047,0.0376,0.03678896551724138,0.03922206896551724,0.03922206896551724,4.314013206162872,tp,2.0,True,tp,bull,close_vs_ema50,1787155200,68398.5,64212.87691472895
2772,1787173754,ZAMAUSDT,LONG,ema_cross_confirmed,ema_cross_confirmed,1,,tp,poll,1787358456,0.04515,0.043277068965517244,0.04889586206896552,0.0515,14.064230343300098,tp,3.3904078063150123,True,tp,bull,close_vs_ema50,1787155200,68398.5,64212.87691472895
2773,1787173755,VANAUSDT,LONG,ema_cross_confirmed,ema_cross_confirmed,1,,tp,wick,1787268424,0.9,0.8806034482758621,0.9387931034482758,0.9387931034482758,4.3103448275862,tp,2.0,True,tp,bull,close_vs_ema50,1787155200,68398.5,64212.87691472895
2774,1787173814,BONKUSDT,LONG,ema_cross_confirmed,ema_cross_confirmed,1,,tp,poll,1787214623,2.44e-06,2.381603448275862e-06,2.5567931034482756e-06,2.56e-06,4.918032786885251,tp,2.054915854738713,True,tp,bull,close_vs_ema50,1787155200,68398.5,64212.87691472895
2775,1787174101,RAYUSDT,LONG,ema_cross_confirmed,ema_cross_confirmed,1,,tp,poll,1787207368,0.6506,0.6415068965517241,0.6687862068965517,0.6693,2.8742699047033584,tp,2.0565036025786956,True,tp,bull,close_vs_ema50,1787155200,68398.5,64212.87691472895
2776,1787174116,UVXYUSDT,SHORT,ema_cross_confirmed,ema_cross_confirmed,1,,sl,poll,1787227732,19.54,20.086896551724138,18.446206896551722,20.11,-2.9170931422722637,sl,-1.0422446406052954,True,sl,bull,close_vs_ema50,1787155200,68398.5,64212.87691472895
2778,1787174142,TRUMPUSDT,LONG,ema_cross_confirmed,ema_cross_confirmed,1,,sl,wick,1787207222,1.687,1.6559655172413794,1.7180344827586207,1.6559655172413794,-1.839625534002409,sl,-1.0,True,sl,bull,close_vs_ema50,1787155200,68398.5,64212.87691472895
2779,1787174151,TSTBSCUSDT,LONG,ema_cross_confirmed,ema_cross_confirmed,1,,tp,wick,1787430612,0.015152,0.014046448275862069,0.017363103448275866,0.017363103448275866,14.592815788515477,tp,2.0000000000000018,True,tp,bull,close_vs_ema50,1787155200,68398.5,64212.87691472895
2780,1787174158,SKYAIUSDT,LONG,overheated_confirmed,overheated_confirmed,1,,tp,wick,1787361616,0.07026,0.06230571428571429,0.08616857142857143,0.08616857142857143,22.642430157374644,tp,2.0,True,tp,bull,close_vs_ema50,1787155200,68398.5,64212.87691472895
2781,1787207838,BIOUSDT,LONG,overheated_early,overheated_early,1,,tp,wick,1787214565,0.02982,0.028802142857142856,0.031855714285714286,0.031855714285714286,6.826674331704516,tp,2.0,True,tp,bull,close_vs_ema50,1787184000,69180.2,64599.51136957486
2782,1787207843,KORUUSDT,LONG,overheated_early,overheated_early,1,,sl,poll,1787229406,20.793,19.199785714285714,23.97942857142857,19.171,-7.8007021593805606,sl,-1.0180676978255996,True,sl,bull,close_vs_ema50,1787184000,69180.2,64599.51136957486
2783,1787207865,BMNRUSDT,LONG,overheated_early,overheated_early,1,,sl,wick,1787232767,21.71,21.06607142857143,22.997857142857143,21.06607142857143,-2.966045930117784,sl,-1.0,True,sl,bull,close_vs_ema50,1787184000,69180.2,64599.51136957486
2784,1787207875,MSTRXUSDT,LONG,overheated_early,overheated_early,1,,tp,poll,1787215703,108.39,105.44357142857143,114.28285714285715,114.5,5.637051388504474,tp,2.073696969696971,True,tp,bull,close_vs_ema50,1787184000,69180.2,64599.51136957486
2787,1787207945,REUSDT,LONG,overheated_early,overheated_early,1,,sl,poll,1787293056,0.51356,0.4845548214285714,0.5715703571428572,0.48306,-5.938936054209834,sl,-1.0515363635803954,True,sl,bull,close_vs_ema50,1787184000,69180.2,64599.51136957486
2788,1787207945,REDUSDT,LONG,overheated_confirmed,overheated_confirmed,1,,sl,wick,1787216540,0.1176,0.10981607142857143,0.13316785714285712,0.10981607142857143,-6.618986880466468,sl,-1.0,True,sl,bull,close_vs_ema50,1787184000,69180.2,64599.51136957486
2789,1787207953,USELESSUSDT,LONG,overheated_early,overheated_early,1,,tp,wick,1787215885,0.04263,0.04011053571428572,0.04766892857142858,0.04766892857142858,11.820146777923002,tp,2.0000000000000027,True,tp,bull,close_vs_ema50,1787184000,69180.2,64599.51136957486
2790,1787207965,CRCLXUSDT,LONG,overheated_early,overheated_early,1,,sl,poll,1787232824,82.24,79.9830357142857,86.75392857142856,79.88,-2.8696498054474704,sl,-1.0456523459134406,True,sl,bull,close_vs_ema50,1787184000,69180.2,64599.51136957486
2795,1787208067,HYPEUSDT,LONG,overheated_confirmed,overheated_confirmed,1,,tp,poll,1787318788,72.053,69.85469642857143,76.44960714285713,76.474,6.135761175801155,tp,2.011096218675121,True,tp,bull,close_vs_ema50,1787184000,69180.2,64599.51136957486
2797,1787208073,SKYAIUSDT,LONG,overheated_early,overheated_early,1,,sl,wick,1787498248,0.07223,0.063875,0.08894,0.063875,-11.56721583829434,sl,-1.0,True,sl,bull,close_vs_ema50,1787184000,69180.2,64599.51136957486
2799,1787208110,TRUMPUSDT,LONG,overheated_early,overheated_early,1,,tp,wick,1787302391,1.657,1.597375,1.77625,1.77625,7.196741098370554,tp,2.0,True,tp,bull,close_vs_ema50,1787184000,69180.2,64599.51136957486
2801,1787208234,BOMEUSDT,LONG,overheated_early,overheated_early,1,,tp,wick,1787210727,0.0009727,0.0009172428571428571,0.0010836142857142857,0.0010836142857142857,11.402722906783769,tp,2.0,True,tp,bull,close_vs_ema50,1787184000,69180.2,64599.51136957486
2806,1787208305,ETHUSDT,LONG,overheated_confirmed,overheated_confirmed,1,,tp,wick,1787244214,2261.11,2215.2239285714286,2352.882142857143,2352.882142857143,4.058720843176276,tp,2.0,True,tp,bull,close_vs_ema50,1787184000,69180.2,64599.51136957486
2807,1787208309,ARBUSDT,LONG,overheated_confirmed,overheated_confirmed,1,,tp,poll,1787296659,0.0882,0.08581017857142857,0.09297964285714286,0.09303,5.476190476190477,tp,2.021071508630352,True,tp,bull,close_vs_ema50,1787184000,69180.2,64599.51136957486
2811,1787209029,HEIUSDT,SHORT,ema_cross,ema_cross,1,,sl,poll,1787239325,0.12873,0.13682862068965518,0.11253275862068966,0.137,-6.4242989202206155,sl,-1.021161543046922,True,sl,bull,close_vs_ema50,1787184000,69180.2,64599.51136957486
2956,1787209030,HEIUSDT,SHORT,ema_cross_confirmed,ema_cross_confirmed,1,cont_ttl_expired,ttl_expired,,,0.12873,0.12873,0.12873,,,other,,False,,unknown,snapshot_missing,,,
2812,1787209064,GPSUSDT,SHORT,ema_cross,ema_cross,1,,sl,poll,1787305855,0.011987,0.013556241379310344,0.008848517241379309,0.013654,-13.906732293317763,sl,-1.0622967390348954,True,sl,bull,close_vs_ema50,1787184000,69180.2,64599.51136957486
2957,1787209064,GPSUSDT,SHORT,ema_cross_confirmed,ema_cross_confirmed,1,cont_ttl_expired,ttl_expired,,,0.011987,0.011987,0.011987,,,other,,False,,unknown,snapshot_missing,,,
2813,1787209107,CHIPUSDT,LONG,ema_cross,ema_cross,1,,tp,poll,1787294223,0.0294,0.027422758620689654,0.03335448275862069,0.03356,14.14965986394558,tp,2.1039414021625396,True,tp,bull,close_vs_ema50,1787184000,69180.2,64599.51136957486
2958,1787209108,CHIPUSDT,LONG,ema_cross_confirmed,ema_cross_confirmed,1,cont_ttl_expired,ttl_expired,,,0.0294,0.0294,0.0294,,,other,,False,,unknown,snapshot_missing,,,
2814,1787209120,CROUSDT,LONG,ema_cross,ema_cross,1,,tp,poll,1787214803,0.0496,0.04907344827586207,0.05065310344827586,0.05079,2.399193548387104,tp,2.2599869024230617,True,tp,bull,close_vs_ema50,1787184000,69180.2,64599.51136957486
2959,1787209120,CROUSDT,LONG,ema_cross_confirmed,ema_cross_confirmed,1,cont_ttl_expired,ttl_expired,,,0.0496,0.0496,0.0496,,,other,,False,,unknown,snapshot_missing,,,
2815,1787209142,DYDXUSDT,LONG,ema_cross,ema_cross,1,,tp,poll,1787268811,0.11107,0.10866172413793103,0.11588655172413793,0.11598,4.4206356351850165,tp,2.0388029782359607,True,tp,bull,close_vs_ema50,1787184000,69180.2,64599.51136957486
2960,1787209143,DYDXUSDT,LONG,ema_cross_confirmed,ema_cross_confirmed,1,cont_ttl_expired,ttl_expired,,,0.11107,0.11107,0.11107,,,other,,False,,unknown,snapshot_missing,,,
2816,1787209145,EPICUSDT,SHORT,ema_cross,ema_cross,1,,sl,wick,1787253365,0.3295,0.3459896551724138,0.2965206896551724,0.3459896551724138,-5.004447700277328,sl,-1.0,True,sl,bull,close_vs_ema50,1787184000,69180.2,64599.51136957486
2961,1787209146,EPICUSDT,SHORT,ema_cross_confirmed,ema_cross_confirmed,1,cont_ttl_expired,ttl_expired,,,0.3295,0.3295,0.3295,,,other,,False,,unknown,snapshot_missing,,,
2817,1787209183,SKYAIUSDT,LONG,ema_cross,ema_cross,1,,tp,wick,1787358795,0.07223,0.06663896551724138,0.08341206896551724,0.08341206896551724,15.48119751559911,tp,2.0,True,tp,bull,close_vs_ema50,1787184000,69180.2,64599.51136957486
2962,1787209183,SKYAIUSDT,LONG,ema_cross_confirmed,ema_cross_confirmed,1,cont_ttl_expired,ttl_expired,,,0.07223,0.07223,0.07223,,,other,,False,,unknown,snapshot_missing,,,
2819,1787209280,AVAAIUSDT,LONG,ema_cross,ema_cross,1,,tp,wick,1787213540,0.014495,0.013552689655172413,0.01637962068965517,0.01637962068965517,13.001867469162963,tp,1.9999999999999982,True,tp,bull,close_vs_ema50,1787184000,69180.2,64599.51136957486
2820,1787209287,WLDUSDT,LONG,ema_cross,ema_cross,1,,tp,wick,1787300409,0.3589,0.34737241379310346,0.38195517241379306,0.38195517241379306,6.423842968457249,tp,2.0,True,tp,bull,close_vs_ema50,1787184000,69180.2,64599.51136957486
2963,1787209287,WLDUSDT,LONG,ema_cross_confirmed,ema_cross_confirmed,1,cont_ttl_expired,ttl_expired,,,0.3589,0.3589,0.3589,,,other,,False,,unknown,snapshot_missing,,,
2821,1787209301,BANANAS31USDT,LONG,ema_cross,ema_cross,1,,tp,poll,1787358456,0.008966,0.008750310344827586,0.009397379310344827,0.009523,6.212357796118673,tp,2.5824140687449977,True,tp,bull,close_vs_ema50,1787184000,69180.2,64599.51136957486
2964,1787209302,BANANAS31USDT,LONG,ema_cross_confirmed,ema_cross_confirmed,1,cont_ttl_expired,ttl_expired,,,0.008966,0.008966,0.008966,,,other,,False,,unknown,snapshot_missing,,,
2822,1787209329,DIAUSDT,LONG,ema_cross,ema_cross,1,,tp,poll,1787302689,0.1311,0.1261103448275862,0.14107931034482757,0.1413,7.780320366132734,tp,2.0442294402211525,True,tp,bull,close_vs_ema50,1787184000,69180.2,64599.51136957486
2965,1787209329,DIAUSDT,LONG,ema_cross_confirmed,ema_cross_confirmed,1,cont_ttl_expired,ttl_expired,,,0.1311,0.1311,0.1311,,,other,,False,,unknown,snapshot_missing,,,
2824,1787210116,AVAAIUSDT,LONG,ema_cross_confirmed,ema_cross_confirmed,1,,tp,wick,1787216995,0.015147,0.013733534482758622,0.01797393103448276,0.01797393103448276,18.663306492921095,tp,2.0,True,tp,bull,close_vs_ema50,1787184000,69180.2,64599.51136957486
2968,1787210152,MVLLUSDT,LONG,overheated_confirmed,overheated_confirmed,1,cont_ttl_expired,ttl_expired,,,32.01,32.01,32.01,,,other,,False,,unknown,snapshot_missing,,,
2969,1787210164,UPUSDT,LONG,overheated_confirmed,overheated_confirmed,1,cont_ttl_expired,ttl_expired,,,0.3954,0.3954,0.3954,,,other,,False,,unknown,snapshot_missing,,,
2832,1787210240,BOMEUSDT,LONG,overheated_confirmed,overheated_confirmed,1,,tp,wick,1787212824,0.0010396,0.000984142857142857,0.0011505142857142856,0.0011505142857142856,10.668938602759305,tp,2.0,True,tp,bull,close_vs_ema50,1787184000,69180.2,64599.51136957486
2833,1787210242,EDGEXUSDT,LONG,overheated_confirmed,overheated_confirmed,1,,tp,poll,1787212788,0.3369,0.3238392857142857,0.3630214285714285,0.3631,7.776788364499852,tp,2.0060158599945352,True,tp,bull,close_vs_ema50,1787184000,69180.2,64599.51136957486
2837,1787211014,EPICUSDT,SHORT,ema_cross_confirmed,ema_cross_confirmed,1,,sl,wick,1787262961,0.3294,0.3623793103448276,0.26344137931034484,0.3623793103448276,-10.01193392374851,sl,-1.0,True,sl,bull,close_vs_ema50,1787184000,69180.2,64599.51136957486
2839,1787211277,WETUSDT,LONG,ema_cross,ema_cross,1,,tp,wick,1787238996,0.07326,0.07217862068965518,0.07542275862068966,0.07542275862068966,2.9521684694098456,tp,2.0,True,tp,bull,close_vs_ema50,1787184000,69180.2,64599.51136957486
2978,1787211277,WETUSDT,LONG,ema_cross_confirmed,ema_cross_confirmed,1,cont_ttl_expired,ttl_expired,,,0.07326,0.07326,0.07326,,,other,,False,,unknown,snapshot_missing,,,
2841,1787212180,REDUSDT,LONG,overheated_early,overheated_early,1,,sl,poll,1787236155,0.1121,0.10431607142857144,0.12766785714285714,0.1041,-7.136485280999114,sl,-1.0277586602431765,True,sl,bull,close_vs_ema50,1787184000,69180.2,64599.51136957486
2845,1787212512,BIOUSDT,LONG,overheated_confirmed,overheated_confirmed,1,,tp,poll,1787215281,0.03049,0.029472142857142856,0.03252571428571428,0.03253,6.690718268284695,tp,2.0042105263157923,True,tp,bull,close_vs_ema50,1787184000,69180.2,64599.51136957486
2846,1787212805,HEIUSDT,SHORT,ema_cross_confirmed,ema_cross_confirmed,1,,sl,poll,1787240286,0.12606,0.14225724137931034,0.09366551724137934,0.1423,-12.882754244010792,sl,-1.0026398705611863,True,sl,bull,close_vs_ema50,1787198400,69812.1,64803.92660998369
2847,1787212813,MONUSDT,LONG,overheated_confirmed,overheated_confirmed,1,,tp,wick,1787226177,0.02506,0.024237142857142856,0.026705714285714284,0.026705714285714284,6.5670961121878895,tp,2.0,True,tp,bull,close_vs_ema50,1787198400,69812.1,64803.92660998369
2848,1787212817,EDGEXUSDT,LONG,overheated_confirmed,overheated_confirmed,1,,sl,poll,1787219660,0.3655,0.35243928571428573,0.38509107142857135,0.3491,-4.48700410396716,sl,-1.2556740497675694,True,sl,bull,close_vs_ema50,1787198400,69812.1,64803.92660998369
2991,1787212820,USELESSUSDT,LONG,overheated_confirmed,overheated_confirmed,1,cont_ttl_expired,ttl_expired,,,0.04516,0.04516,0.04516,,,other,,False,,unknown,snapshot_missing,,,
2990,1787212828,EDGEXUSDT,LONG,overheated_confirmed,overheated_confirmed,1,cont_ttl_expired,ttl_expired,,,0.3629,0.3629,0.3629,,,other,,False,,unknown,snapshot_missing,,,
2850,1787212855,METUSDT,LONG,overheated_confirmed,overheated_confirmed,1,,sl,poll,1787224734,0.2181,0.21027321428571427,0.23375357142857142,0.21,-3.713892709766161,sl,-1.0349075975359334,True,sl,bull,close_vs_ema50,1787198400,69812.1,64803.92660998369
2992,1787212864,ARBUSDT,LONG,overheated_confirmed,overheated_confirmed,1,cont_ttl_expired,ttl_expired,,,0.08889,0.08889,0.08889,,,other,,False,,unknown,snapshot_missing,,,
2851,1787212946,MAGMAUSDT,LONG,overheated_early,overheated_early,1,,tp,poll,1787218459,0.22841,0.21268678571428573,0.25985642857142854,0.26103,14.281336193686784,tp,2.074639409426463,True,tp,bull,close_vs_ema50,1787198400,69812.1,64803.92660998369
2993,1787212973,METUSDT,LONG,overheated_confirmed,overheated_confirmed,1,cont_ttl_expired,ttl_expired,,,0.2176,0.2176,0.2176,,,other,,False,,unknown,snapshot_missing,,,
2994,1787213028,BOMEUSDT,LONG,overheated_confirmed,overheated_confirmed,1,cont_ttl_expired,ttl_expired,,,0.001114,0.001114,0.001114,,,other,,False,,unknown,snapshot_missing,,,
2998,1787213037,AEROUSDT,LONG,overheated_confirmed,overheated_confirmed,1,cont_ttl_expired,ttl_expired,,,0.4646,0.4646,0.4646,,,other,,False,,unknown,snapshot_missing,,,
2999,1787213041,PNUTUSDT,LONG,overheated_confirmed,overheated_confirmed,1,cont_ttl_expired,ttl_expired,,,0.04856,0.04856,0.04856,,,other,,False,,unknown,snapshot_missing,,,
2853,1787213047,BOMEUSDT,LONG,overheated_confirmed,overheated_confirmed,1,,tp,poll,1787223595,0.0011321,0.0010659875,0.0012643250000000002,0.0012657,11.801077643317727,tp,2.0207978823974266,True,tp,bull,close_vs_ema50,1787198400,69812.1,64803.92660998369
3002,1787213047,BIOUSDT,LONG,overheated_confirmed,overheated_confirmed,1,cont_ttl_expired,ttl_expired,,,0.03118,0.03118,0.03118,,,other,,False,,unknown,snapshot_missing,,,
3000,1787213084,MONUSDT,LONG,overheated_confirmed,overheated_confirmed,1,cont_ttl_expired,ttl_expired,,,0.02507,0.02507,0.02507,,,other,,False,,unknown,snapshot_missing,,,
2996,1787213088,ETHUSDT,LONG,overheated_confirmed,overheated_confirmed,1,cont_ttl_expired,ttl_expired,,,2250.57,2250.57,2250.57,,,other,,False,,unknown,snapshot_missing,,,
3001,1787213112,AVAAIUSDT,LONG,overheated_confirmed,overheated_confirmed,1,cont_ttl_expired,ttl_expired,,,0.015886,0.015886,0.015886,,,other,,False,,unknown,snapshot_missing,,,
2997,1787213149,HYPEUSDT,LONG,overheated_confirmed,overheated_confirmed,1,cont_ttl_expired,ttl_expired,,,72.028,72.028,72.028,,,other,,False,,unknown,snapshot_missing,,,
3008,1787213154,LITUSDT,LONG,overheated_confirmed,overheated_confirmed,1,cont_ttl_expired,ttl_expired,,,2.937,2.937,2.937,,,other,,False,,unknown,snapshot_missing,,,
2854,1787213700,CROUSDT,LONG,ema_cross_confirmed,ema_cross_confirmed,1,,tp,poll,1787219238,0.0504,0.049610172413793105,0.05197965517241379,0.05213,3.432539682539687,tp,2.1903514516481177,True,tp,bull,close_vs_ema50,1787198400,69812.1,64803.92660998369
2855,1787213701,DYDXUSDT,LONG,ema_cross_confirmed,ema_cross_confirmed,1,,tp,wick,1787298630,0.11219,0.10857758620689655,0.1194148275862069,0.1194148275862069,6.439814231399327,tp,2.0,True,tp,bull,close_vs_ema50,1787198400,69812.1,64803.92660998369
2856,1787213704,WLDUSDT,LONG,ema_cross_confirmed,ema_cross_confirmed,1,,tp,poll,1787310567,0.3663,0.3490086206896552,0.4008827586206896,0.4015,9.609609609609612,tp,2.035696480207402,True,tp,bull,close_vs_ema50,1787198400,69812.1,64803.92660998369
2857,1787213709,BMNRUSDT,LONG,overheated_confirmed,overheated_confirmed,1,,sl,poll,1787232706,22.04,21.396071428571428,23.32785714285714,21.15,-4.038112522686028,sl,-1.382140876317251,True,sl,bull,close_vs_ema50,1787198400,69812.1,64803.92660998369
2858,1787213710,CRCLXUSDT,LONG,overheated_confirmed,overheated_confirmed,1,,sl,poll,1787232767,83.54,81.28303571428572,88.05392857142859,80.44,-3.7107972228872494,sl,-1.3735263865812184,True,sl,bull,close_vs_ema50,1787198400,69812.1,64803.92660998369
2859,1787213712,WETUSDT,LONG,ema_cross_confirmed,ema_cross_confirmed,1,,tp,poll,1787296891,0.07354,0.07191793103448275,0.07678413793103447,0.0768,4.432961653521891,tp,2.009778911564627,True,tp,bull,close_vs_ema50,1787198400,69812.1,64803.92660998369
2860,1787213713,AVAAIUSDT,LONG,overheated_confirmed,overheated_confirmed,1,,tp,wick,1787237174,0.016585,0.015196107142857141,0.019362785714285714,0.019362785714285714,16.748783324001902,tp,2.0,True,tp,bull,close_vs_ema50,1787198400,69812.1,64803.92660998369
2861,1787213756,AEROUSDT,LONG,overheated_confirmed,overheated_confirmed,1,,tp,wick,1787300851,0.4736,0.4633571428571429,0.49408571428571424,0.49408571428571424,4.325530888030873,tp,2.0,True,tp,bull,close_vs_ema50,1787198400,69812.1,64803.92660998369
2864,1787214000,IOSTUSDT,LONG,ema_cross,ema_cross,1,,tp,poll,1787262514,0.000557,0.0005468275862068966,0.0005773448275862068,0.000578,3.7701974865350034,tp,2.0644067796610175,True,tp,bull,close_vs_ema50,1787198400,69812.1,64803.92660998369
3019,1787214001,IOSTUSDT,LONG,ema_cross_confirmed,ema_cross_confirmed,1,cont_ttl_expired,ttl_expired,,,0.000557,0.000557,0.000557,,,other,,False,,unknown,snapshot_missing,,,
2865,1787214072,IOSTUSDT,LONG,ema_cross_confirmed,ema_cross_confirmed,1,,tp,poll,1787302750,0.000564,0.0005487413793103449,0.0005945172413793103,0.000595,5.496453900709218,tp,2.0316384180790994,True,tp,bull,close_vs_ema50,1787198400,69812.1,64803.92660998369
2866,1787214111,SPKUSDT,LONG,ema_cross,ema_cross,1,,tp,poll,1787256333,0.0146,0.014361034482758621,0.01507793103448276,0.01508,3.287671232876709,tp,2.00865800865801,True,tp,bull,close_vs_ema50,1787198400,69812.1,64803.92660998369
3025,1787214112,SPKUSDT,LONG,ema_cross_confirmed,ema_cross_confirmed,1,cont_ttl_expired,ttl_expired,,,0.0146,0.0146,0.0146,,,other,,False,,unknown,snapshot_missing,,,
2867,1787214137,IDUSDT,LONG,ema_cross,ema_cross,1,,tp,wick,1787236095,0.02907,0.0286251724137931,0.029959655172413793,0.029959655172413793,3.060389309988974,tp,2.0,True,tp,bull,close_vs_ema50,1787198400,69812.1,64803.92660998369
3027,1787214137,IDUSDT,LONG,ema_cross_confirmed,ema_cross_confirmed,1,cont_ttl_expired,ttl_expired,,,0.02907,0.02907,0.02907,,,other,,False,,unknown,snapshot_missing,,,
2868,1787214185,VOLXUSDT,SHORT,ema_cross,ema_cross,1,,sl,poll,1787214230,16.908,17.350758620689657,16.02248275862069,17.67,-4.506742370475517,sl,-1.7210280373831768,True,sl,bull,close_vs_ema50,1787198400,69812.1,64803.92660998369
3030,1787214185,VOLXUSDT,SHORT,ema_cross_confirmed,ema_cross_confirmed,1,cont_ttl_expired,ttl_expired,,,16.908,16.908,16.908,,,other,,False,,unknown,snapshot_missing,,,
2869,1787214188,CHILLGUYUSDT,LONG,ema_cross,ema_cross,1,,tp,wick,1787220202,0.011594,0.011282206896551725,0.012217586206896553,0.012217586206896553,5.3785251586730425,tp,2.0000000000000058,True,tp,bull,close_vs_ema50,1787198400,69812.1,64803.92660998369
3031,1787214189,CHILLGUYUSDT,LONG,ema_cross_confirmed,ema_cross_confirmed,1,cont_ttl_expired,ttl_expired,,,0.011594,0.011594,0.011594,,,other,,False,,unknown,snapshot_missing,,,
2870,1787214194,IDUSDT,LONG,ema_cross_confirmed,ema_cross_confirmed,1,,tp,poll,1787298513,0.02953,0.028862758620689655,0.030864482758620693,0.03089,4.60548594649509,tp,2.038242894056844,True,tp,bull,close_vs_ema50,1787198400,69812.1,64803.92660998369
2871,1787214201,RVNUSDT,LONG,ema_cross,ema_cross,1,,tp,wick,1787245744,0.002837,0.0027534137931034485,0.0030041724137931033,0.0030041724137931033,5.892577151677942,tp,2.0,True,tp,bull,close_vs_ema50,1787198400,69812.1,64803.92660998369
3032,1787214202,RVNUSDT,LONG,ema_cross_confirmed,ema_cross_confirmed,1,cont_ttl_expired,ttl_expired,,,0.002837,0.002837,0.002837,,,other,,False,,unknown,snapshot_missing,,,
2872,1787214206,DOSUSDT,SHORT,ema_cross,ema_cross,1,,sl,poll,1787320398,0.2369,0.24995517241379311,0.21078965517241377,0.2508,-5.867454622203471,sl,-1.0647120972002122,True,sl,bull,close_vs_ema50,1787198400,69812.1,64803.92660998369
3033,1787214206,DOSUSDT,SHORT,ema_cross_confirmed,ema_cross_confirmed,1,cont_ttl_expired,ttl_expired,,,0.2369,0.2369,0.2369,,,other,,False,,unknown,snapshot_missing,,,
2873,1787214210,GRIFFAINUSDT,LONG,ema_cross,ema_cross,1,,tp,poll,1787384567,0.012839,0.012422586206896551,0.013671827586206897,0.013683,6.573720694758166,tp,2.0268300761841687,True,tp,bull,close_vs_ema50,1787198400,69812.1,64803.92660998369
3034,1787214210,GRIFFAINUSDT,LONG,ema_cross_confirmed,ema_cross_confirmed,1,cont_ttl_expired,ttl_expired,,,0.012839,0.012839,0.012839,,,other,,False,,unknown,snapshot_missing,,,
2874,1787214255,CHILLGUYUSDT,LONG,ema_cross_confirmed,ema_cross_confirmed,1,,tp,poll,1787296469,0.011724,0.011256310344827587,0.012659379310344826,0.012693,8.26509723643807,tp,2.071886750718869,True,tp,bull,close_vs_ema50,1787198400,69812.1,64803.92660998369
2875,1787214256,RVNUSDT,LONG,ema_cross_confirmed,ema_cross_confirmed,1,,tp,wick,1787294726,0.002876,0.0027506206896551724,0.0031267586206896554,0.0031267586206896554,8.719006282672298,tp,2.0,True,tp,bull,close_vs_ema50,1787198400,69812.1,64803.92660998369
2876,1787214272,BSVUSDT,LONG,ema_cross,ema_cross,1,,tp,wick,1787293026,15.86,15.554137931034482,16.471724137931034,16.471724137931034,3.8570248293255633,tp,2.0,True,tp,bull,close_vs_ema50,1787198400,69812.1,64803.92660998369
3037,1787214272,BSVUSDT,LONG,ema_cross_confirmed,ema_cross_confirmed,1,cont_ttl_expired,ttl_expired,,,15.86,15.86,15.86,,,other,,False,,unknown,snapshot_missing,,,
2877,1787214274,FUSDT,LONG,ema_cross,ema_cross,1,,tp,wick,1787244572,0.002809,0.0027572758620689653,0.0029124482758620686,0.0029124482758620686,3.68274388971409,tp,1.9999999999999916,True,tp,bull,close_vs_ema50,1787198400,69812.1,64803.92660998369
3038,1787214274,FUSDT,LONG,ema_cross_confirmed,ema_cross_confirmed,1,cont_ttl_expired,ttl_expired,,,0.002809,0.002809,0.002809,,,other,,False,,unknown,snapshot_missing,,,
2878,1787214284,BIRBUSDT,LONG,ema_cross,ema_cross,1,,tp,poll,1787305736,0.05435,0.05307655172413793,0.05689689655172414,0.05715,5.151793928242864,tp,2.1987544002166173,True,tp,bull,close_vs_ema50,1787198400,69812.1,64803.92660998369
3039,1787214285,BIRBUSDT,LONG,ema_cross_confirmed,ema_cross_confirmed,1,cont_ttl_expired,ttl_expired,,,0.05435,0.05435,0.05435,,,other,,False,,unknown,snapshot_missing,,,
2879,1787214311,NESUSDT,LONG,ema_cross,ema_cross,1,,sl,poll,1787395810,0.2169,0.21131379310344828,0.22807241379310347,0.2087,-3.7805440295066908,sl,-1.4679012345679014,True,sl,bull,close_vs_ema50,1787198400,69812.1,64803.92660998369
3041,1787214311,NESUSDT,LONG,ema_cross_confirmed,ema_cross_confirmed,1,cont_ttl_expired,ttl_expired,,,0.2169,0.2169,0.2169,,,other,,False,,unknown,snapshot_missing,,,
2880,1787214318,BSVUSDT,LONG,ema_cross_confirmed,ema_cross_confirmed,1,,tp,poll,1787295871,15.97,15.511206896551725,16.88758620689655,16.91,5.886036318096427,tp,2.048853814355505,True,tp,bull,close_vs_ema50,1787198400,69812.1,64803.92660998369
2881,1787214319,BIRBUSDT,LONG,ema_cross_confirmed,ema_cross_confirmed,1,,tp,poll,1787358456,0.05496,0.053049827586206896,0.05878034482758621,0.06043,9.952692867540021,tp,2.863615849805934,True,tp,bull,close_vs_ema50,1787198400,69812.1,64803.92660998369
2883,1787214620,FUSDT,LONG,ema_cross_confirmed,ema_cross_confirmed,1,,tp,poll,1787301487,0.00285,0.0027724137931034484,0.0030051724137931035,0.003018,5.894736842105254,tp,2.165333333333331,True,tp,bull,close_vs_ema50,1787198400,69812.1,64803.92660998369
3046,1787214924,COINXUSDT,LONG,overheated_confirmed,overheated_confirmed,1,cont_ttl_expired,ttl_expired,,,169.91,169.91,169.91,,,other,,False,,unknown,snapshot_missing,,,
3047,1787214948,BRETTUSDT,LONG,overheated_confirmed,overheated_confirmed,1,cont_ttl_expired,ttl_expired,,,0.004272,0.004272,0.004272,,,other,,False,,unknown,snapshot_missing,,,
3050,1787214979,CRVUSDT,LONG,overheated_confirmed,overheated_confirmed,1,cont_ttl_expired,ttl_expired,,,0.2724,0.2724,0.2724,,,other,,False,,unknown,snapshot_missing,,,
2887,1787214981,COINXUSDT,LONG,overheated_confirmed,overheated_confirmed,1,,sl,poll,1787232767,171.41,167.7917857142857,178.64642857142857,166.96,-2.596114579079394,sl,-1.2298884611588157,True,sl,bull,close_vs_ema50,1787198400,69812.1,64803.92660998369
3052,1787215039,CRCLXUSDT,LONG,overheated_confirmed,overheated_confirmed,1,cont_ttl_expired,ttl_expired,,,82.66,82.66,82.66,,,other,,False,,unknown,snapshot_missing,,,
2889,1787215042,CRVUSDT,LONG,overheated_confirmed,overheated_confirmed,1,,tp,poll,1787290361,0.2728,0.2632535714285714,0.2918928571428571,0.3144,15.2492668621701,tp,4.357650579872807,True,tp,bull,close_vs_ema50,1787198400,69812.1,64803.92660998369
2890,1787215043,MSTRXUSDT,LONG,overheated_confirmed,overheated_confirmed,1,,sl,wick,1787232767,112.53,109.56267857142858,118.46464285714285,109.56267857142858,-2.636915870053696,sl,-1.0,True,sl,bull,close_vs_ema50,1787198400,69812.1,64803.92660998369
3057,1787215149,PEPEUSDT,LONG,overheated_confirmed,overheated_confirmed,1,cont_ttl_expired,ttl_expired,,,3.139e-06,3.139e-06,3.139e-06,,,other,,False,,unknown,snapshot_missing,,,
3058,1787215173,REDUSDT,LONG,overheated_confirmed,overheated_confirmed,1,cont_ttl_expired,ttl_expired,,,0.1127,0.1127,0.1127,,,other,,False,,unknown,snapshot_missing,,,
2893,1787215188,牛来USDT,LONG,overheated_early,overheated_early,1,,tp,wick,1787221736,0.046,0.03444727272727272,0.06910545454545455,0.06910545454545455,50.229249011857725,tp,2.0,True,tp,bull,close_vs_ema50,1787198400,69812.1,64803.92660998369
2894,1787215224,PEPEUSDT,LONG,overheated_confirmed,overheated_confirmed,1,,sl,wick,1787220322,3.146e-06,3.0684285714285717e-06,3.3011428571428567e-06,3.0684285714285717e-06,-2.4657161020797314,sl,-1.0,True,sl,bull,close_vs_ema50,1787198400,69812.1,64803.92660998369
3059,1787215281,ETHFIUSDT,LONG,overheated_confirmed,overheated_confirmed,1,cont_ttl_expired,ttl_expired,,,0.5571,0.5571,0.5571,,,other,,False,,unknown,snapshot_missing,,,
3060,1787215296,BMNRUSDT,LONG,overheated_confirmed,overheated_confirmed,1,cont_ttl_expired,ttl_expired,,,21.85,21.85,21.85,,,other,,False,,unknown,snapshot_missing,,,
3061,1787215304,PENDLEUSDT,LONG,overheated_confirmed,overheated_confirmed,1,cont_ttl_expired,ttl_expired,,,1.499,1.499,1.499,,,other,,False,,unknown,snapshot_missing,,,
2896,1787216264,KAIAUSDT,LONG,ema_cross,ema_cross,1,,tp,poll,1787261972,0.02506,0.024593448275862066,0.02599310344827586,0.02601,3.790901835594571,tp,2.036215816703613,True,tp,bull,close_vs_ema50,1787198400,69812.1,64803.92660998369
3072,1787216264,KAIAUSDT,LONG,ema_cross_confirmed,ema_cross_confirmed,1,cont_ttl_expired,ttl_expired,,,0.02506,0.02506,0.02506,,,other,,False,,unknown,snapshot_missing,,,
2897,1787216306,KAIAUSDT,LONG,ema_cross_confirmed,ema_cross_confirmed,1,,tp,poll,1787268004,0.02514,0.024440172413793104,0.02653965517241379,0.02655,5.608591885441534,tp,2.014781966001483,True,tp,bull,close_vs_ema50,1787198400,69812.1,64803.92660998369
2898,1787216407,BANANAS31USDT,LONG,ema_cross_confirmed,ema_cross_confirmed,1,,sl,poll,1787407714,0.009079,0.008755465517241379,0.009726068965517243,0.008742,-3.71186253992731,sl,-1.0416200373034892,True,sl,bull,close_vs_ema50,1787198400,69812.1,64803.92660998369
2899,1787216420,GRIFFAINUSDT,LONG,ema_cross_confirmed,ema_cross_confirmed,1,,sl,poll,1787462705,0.01297,0.012345379310344828,0.014219241379310346,0.012329,-4.942174248265235,sl,-1.0262228110853495,True,sl,bull,close_vs_ema50,1787198400,69812.1,64803.92660998369
2900,1787216425,BRETTUSDT,LONG,overheated_confirmed,overheated_confirmed,1,,tp,poll,1787226057,0.004281,0.004143053571428572,0.004556892857142857,0.004593,7.288016818500345,tp,2.261747572815538,True,tp,bull,close_vs_ema50,1787198400,69812.1,64803.92660998369
2903,1787217112,LITUSDT,LONG,overheated_early,overheated_early,1,,sl,wick,1787226951,2.875,2.757892857142857,3.1092142857142857,2.757892857142857,-4.073291925465838,sl,-1.0,True,sl,bull,close_vs_ema50,1787198400,69812.1,64803.92660998369
3075,1787217257,牛来USDT,LONG,overheated_confirmed,overheated_confirmed,1,cont_ttl_expired,ttl_expired,,,0.06583,0.06583,0.06583,,,other,,False,,unknown,snapshot_missing,,,
3076,1787217305,JCTUSDT,LONG,overheated_confirmed,overheated_confirmed,1,cont_ttl_expired,ttl_expired,,,0.002249,0.002249,0.002249,,,other,,False,,unknown,snapshot_missing,,,
2909,1787217327,CCUSDT,LONG,overheated_confirmed,overheated_confirmed,1,,sl,wick,1787250970,0.1045,0.10116839285714285,0.11116321428571428,0.10116839285714285,-3.1881408065618597,sl,-1.0,True,sl,bull,close_vs_ema50,1787198400,69812.1,64803.92660998369
2910,1787217329,XRPUSDT,LONG,overheated_confirmed,overheated_confirmed,1,,tp,wick,1787232103,1.1612,1.1409875,1.201625,1.201625,3.4813124354116374,tp,2.0,True,tp,bull,close_vs_ema50,1787198400,69812.1,64803.92660998369
2911,1787217389,JCTUSDT,LONG,overheated_confirmed,overheated_confirmed,1,,sl,wick,1787232884,0.002222,0.0019355535714285714,0.0027948928571428573,0.0019355535714285714,-12.891378423556645,sl,-1.0,True,sl,bull,close_vs_ema50,1787198400,69812.1,64803.92660998369
2916,1787217450,FORMUSDT,LONG,overheated_confirmed,overheated_confirmed,1,,tp,wick,1787217980,0.237,0.23045357142857142,0.2500928571428571,0.2500928571428571,5.524412296564189,tp,2.0,True,tp,bull,close_vs_ema50,1787198400,69812.1,64803.92660998369
2920,1787218202,SKYAIUSDT,LONG,ema_cross_confirmed,ema_cross_confirmed,1,,sl,wick,1787489263,0.07428,0.06589344827586208,0.09105310344827584,0.06589344827586208,-11.290457356136137,sl,-1.0,True,sl,bull,close_vs_ema50,1787198400,69812.1,64803.92660998369
2922,1787218257,MAGMAUSDT,LONG,overheated_confirmed,overheated_confirmed,1,,sl,poll,1787224196,0.25039,0.23601250000000001,0.279145,0.23598,-5.755022165421945,sl,-1.0022604764388814,True,sl,bull,close_vs_ema50,1787198400,69812.1,64803.92660998369
2925,1787219112,MOODENGUSDT,LONG,overheated_confirmed,overheated_confirmed,1,,tp,poll,1787243942,0.04082,0.03975178571428572,0.04295642857142857,0.04296,5.242528172464469,tp,2.0033433634236046,True,tp,bull,close_vs_ema50,1787198400,69812.1,64803.92660998369
3097,1787219122,MAGMAUSDT,LONG,overheated_confirmed,overheated_confirmed,1,cont_ttl_expired,ttl_expired,,,0.25619,0.25619,0.25619,,,other,,False,,unknown,snapshot_missing,,,
2927,1787219172,USELESSUSDT,LONG,overheated_confirmed,overheated_confirmed,1,,tp,poll,1787298871,0.0487,0.04603642857142857,0.054027142857142864,0.0543,11.498973305954827,tp,2.102440332528826,True,tp,bull,close_vs_ema50,1787198400,69812.1,64803.92660998369
2928,1787219174,SPKUSDT,LONG,ema_cross_confirmed,ema_cross_confirmed,1,,tp,poll,1787258614,0.01476,0.014401551724137932,0.015476896551724137,0.01549,4.945799457994578,tp,2.036556036556039,True,tp,bull,close_vs_ema50,1787198400,69812.1,64803.92660998369
3098,1787219474,ENAUSDT,LONG,overheated_confirmed,overheated_confirmed,1,cont_ttl_expired,ttl_expired,,,0.09749,0.09749,0.09749,,,other,,False,,unknown,snapshot_missing,,,
2930,1787220008,AVAAIUSDT,LONG,ema_cross_confirmed,ema_cross_confirmed,1,,tp,wick,1787237174,0.017606,0.01619253448275862,0.01901946551724138,0.01901946551724138,8.028317148934345,tp,1.0,True,tp,bull,close_vs_ema50,1787198400,69812.1,64803.92660998369
2940,1787220927,ORDIUSDT,LONG,overheated_confirmed,overheated_confirmed,1,,sl,wick,1787229586,4.238,4.133160714285715,4.447678571428571,4.133160714285715,-2.473791545877424,sl,-1.0,True,sl,bull,close_vs_ema50,1787198400,69812.1,64803.92660998369
2941,1787221297,HYPEUSDT,LONG,overheated_early,overheated_early,1,,sl,wick,1787228484,73.594,71.27858928571428,78.22482142857142,71.27858928571428,-3.146194953781176,sl,-1.0,True,sl,bull,close_vs_ema50,1787198400,69812.1,64803.92660998369
2942,1787221314,ETHUSDT,LONG,overheated_early,overheated_early,1,,tp,wick,1787296529,2290.97,2243.9508928571427,2385.008214285714,2385.008214285714,4.1047335532859135,tp,2.0,True,tp,bull,close_vs_ema50,1787198400,69812.1,64803.92660998369
2943,1787221343,ENAUSDT,LONG,overheated_early,overheated_early,1,,tp,poll,1787245474,0.09782,0.09498767857142858,0.10348464285714287,0.10367,5.980372112042521,tp,2.0654435407603544,True,tp,bull,close_vs_ema50,1787198400,69812.1,64803.92660998369
3118,1787221423,PYTHUSDT,LONG,overheated_confirmed,overheated_confirmed,1,cont_ttl_expired,ttl_expired,,,0.04425,0.04425,0.04425,,,other,,False,,unknown,snapshot_missing,,,
2945,1787221434,EDGEXUSDT,LONG,overheated_early,overheated_early,1,,sl,wick,1787226116,0.3424,0.3263553571428571,0.3744892857142857,0.3263553571428571,-4.68593541388518,sl,-1.0,True,sl,bull,close_vs_ema50,1787198400,69812.1,64803.92660998369
2946,1787221438,JCTUSDT,LONG,overheated_early,overheated_early,1,,sl,poll,1787933017,0.002071,0.0017845535714285713,0.0026438928571428572,0.001771,-14.485755673587635,sl,-1.047316252103983,True,sl,unknown,snapshot_missing,,,
2947,1787221493,XRPUSDT,LONG,overheated_early,overheated_early,1,,tp,wick,1787232103,1.1612,1.1409875,1.201625,1.201625,3.4813124354116374,tp,2.0,True,tp,bull,close_vs_ema50,1787198400,69812.1,64803.92660998369
2951,1787222472,ILVUSDT,LONG,ema_cross,ema_cross,1,,tp,poll,1787243405,3.149,3.0932758620689653,3.260448275862069,3.261,3.5566846617973993,tp,2.0099009900990037,True,tp,bull,close_vs_ema50,1787198400,69812.1,64803.92660998369
3128,1787222473,ILVUSDT,LONG,ema_cross_confirmed,ema_cross_confirmed,1,cont_ttl_expired,ttl_expired,,,3.149,3.149,3.149,,,other,,False,,unknown,snapshot_missing,,,
2953,1787222730,ENAUSDT,LONG,overheated_confirmed,overheated_confirmed,1,,tp,poll,1787246346,0.09943,0.09659767857142858,0.10509464285714286,0.10532,5.92376546313989,tp,2.0795662316373478,True,tp,bull,close_vs_ema50,1787198400,69812.1,64803.92660998369
2954,1787223430,ARBUSDT,LONG,overheated_early,overheated_early,1,,tp,poll,1787298216,0.08875,0.08625142857142856,0.09374714285714285,0.09379,5.678873239436623,tp,2.01715265866209,True,tp,bull,close_vs_ema50,1787198400,69812.1,64803.92660998369
2967,1787224517,ETHFIUSDT,LONG,overheated_confirmed,overheated_confirmed,1,,sl,poll,1787226951,0.5823,0.5575821428571429,0.6317357142857143,0.5542,-4.825691224454751,sl,-1.1368299378702513,True,sl,bull,close_vs_ema50,1787198400,69812.1,64803.92660998369
2971,1787225459,BOMEUSDT,LONG,overheated_confirmed,overheated_confirmed,1,,sl,wick,1787228423,0.0012942,0.0012280874999999998,0.00139336875,0.0012280874999999998,-5.108368103847942,sl,-1.0,True,sl,bull,close_vs_ema50,1787198400,69812.1,64803.92660998369
2972,1787225490,METUSDT,LONG,overheated_early,overheated_early,1,,tp,wick,1787302569,0.2085,0.20002499999999998,0.22544999999999998,0.22544999999999998,8.129496402877695,tp,1.9999999999999967,True,tp,bull,close_vs_ema50,1787198400,69812.1,64803.92660998369
2973,1787225505,BRETTUSDT,LONG,overheated_early,overheated_early,1,,tp,poll,1787227614,0.004405,0.004267053571428572,0.004680892857142857,0.0047,6.6969353007945545,tp,2.1385113268608476,True,tp,bull,close_vs_ema50,1787198400,69812.1,64803.92660998369
2974,1787225510,ETHFIUSDT,LONG,overheated_early,overheated_early,1,,sl,wick,1787228305,0.5633,0.5385821428571429,0.6127357142857143,0.5385821428571429,-4.388044939260984,sl,-1.0,True,sl,bull,close_vs_ema50,1787198400,69812.1,64803.92660998369
2975,1787225555,MEGAUSDT,LONG,overheated_early,overheated_early,1,,tp,poll,1787299172,0.03707,0.03580571428571429,0.03959857142857143,0.03976,7.256541677906657,tp,2.127683615819213,True,tp,bull,close_vs_ema50,1787198400,69812.1,64803.92660998369
2976,1787225592,USELESSUSDT,LONG,overheated_early,overheated_early,1,,tp,poll,1787298395,0.04752,0.04485642857142857,0.05284714285714286,0.05285,11.216329966329969,tp,2.0010726736390434,True,tp,bull,close_vs_ema50,1787198400,69812.1,64803.92660998369
2977,1787225640,PEPEUSDT,LONG,overheated_early,overheated_early,1,,tp,poll,1787290361,3.115e-06,3.0374285714285715e-06,3.270142857142857e-06,3.35e-06,7.544141252006431,tp,3.0294659300184286,True,tp,bull,close_vs_ema50,1787198400,69812.1,64803.92660998369
2982,1787226313,BRETTUSDT,LONG,overheated_confirmed,overheated_confirmed,1,,sl,wick,1787229586,0.004622,0.004484053571428572,0.004828919642857143,0.004484053571428572,-2.984561414353705,sl,-1.0,True,sl,bull,close_vs_ema50,1787198400,69812.1,64803.92660998369
2983,1787226324,PYTHUSDT,LONG,overheated_confirmed,overheated_confirmed,1,,sl,poll,1787228606,0.04456,0.04335517857142857,0.04696964285714286,0.04334,-2.7378815080790075,sl,-1.0125981917889468,True,sl,bull,close_vs_ema50,1787198400,69812.1,64803.92660998369
2984,1787226325,SUSDT,LONG,overheated_confirmed,overheated_confirmed,1,,tp,poll,1787301248,0.0247,0.02407160714285714,0.025956785714285717,0.02596,5.101214574898788,tp,2.005115089514063,True,tp,bull,close_vs_ema50,1787198400,69812.1,64803.92660998369
2985,1787226327,WIFUSDT,LONG,overheated_confirmed,overheated_confirmed,1,,sl,wick,1787233126,0.1573,0.15379107142857143,0.16431785714285713,0.15379107142857143,-2.230723821632909,sl,-1.0,True,sl,bull,close_vs_ema50,1787198400,69812.1,64803.92660998369
2988,1787227215,NESUSDT,LONG,ema_cross_confirmed,ema_cross_confirmed,1,,sl,poll,1787395810,0.218,0.20962068965517242,0.23475862068965517,0.2087,-4.2660550458715605,sl,-1.1098765432098772,True,sl,bull,close_vs_ema50,1787212800,71891.4,65081.86674292551
2989,1787227228,TURBOUSDT,LONG,overheated_confirmed,overheated_confirmed,1,,tp,poll,1787246974,0.000887,0.0008692249999999999,0.0009225500000000001,0.000923,4.058624577226608,tp,2.0253164556961987,True,tp,bull,close_vs_ema50,1787212800,71891.4,65081.86674292551
3006,1787227579,PENGUUSDT,LONG,overheated_confirmed,overheated_confirmed,1,,sl,poll,1787233067,0.007207,0.006999035714285715,0.00762292857142857,0.006977,-3.191341751075346,sl,-1.1059591275974614,True,sl,bull,close_vs_ema50,1787212800,71891.4,65081.86674292551
3158,1787227597,INJUSDT,LONG,overheated_confirmed,overheated_confirmed,1,cont_ttl_expired,ttl_expired,,,4.879,4.879,4.879,,,other,,False,,unknown,snapshot_missing,,,
3159,1787227723,BIOUSDT,LONG,overheated_confirmed,overheated_confirmed,1,cont_ttl_expired,ttl_expired,,,0.03132,0.03132,0.03132,,,other,,False,,unknown,snapshot_missing,,,
3160,1787227730,FLOCKUSDT,LONG,overheated_confirmed,overheated_confirmed,1,cont_ttl_expired,ttl_expired,,,0.03282,0.03282,0.03282,,,other,,False,,unknown,snapshot_missing,,,
3012,1787227762,FLOCKUSDT,LONG,overheated_confirmed,overheated_confirmed,1,,sl,wick,1787231983,0.03274,0.03190160714285714,0.03441678571428571,0.03190160714285714,-2.5607601012304735,sl,-1.0,True,sl,bull,close_vs_ema50,1787212800,71891.4,65081.86674292551
3013,1787227774,RPLUSDT,LONG,overheated_early,overheated_early,1,,tp,poll,1787302093,1.571,1.5284107142857142,1.6561785714285713,1.659,5.601527689369833,tp,2.0662473794549254,True,tp,bull,close_vs_ema50,1787212800,71891.4,65081.86674292551
3014,1787227791,COINXUSDT,LONG,overheated_early,overheated_early,1,,tp,poll,1787290502,169.95,165.85982142857142,178.13035714285712,178.16,4.830832597822894,tp,2.0072473259113774,True,tp,bull,close_vs_ema50,1787212800,71891.4,65081.86674292551
3017,1787227865,CHIPUSDT,LONG,overheated_early,overheated_early,1,,tp,poll,1787830558,0.03089,0.027820892857142857,0.03702821428571429,0.03718,20.362576885723524,tp,2.049455984174083,True,tp,bull,close_vs_ema50,1787212800,71891.4,65081.86674292551
3042,1787229030,PNUTUSDT,LONG,overheated_confirmed,overheated_confirmed,1,,sl,wick,1787251148,0.05226,0.05066946428571428,0.05544107142857144,0.05066946428571428,-3.0435050024602335,sl,-1.0,True,sl,bull,close_vs_ema50,1787212800,71891.4,65081.86674292551
3043,1787229033,XLMUSDT,LONG,overheated_confirmed,overheated_confirmed,1,,tp,poll,1787247516,0.182,0.17753375,0.1909325,0.19095,4.917582417582425,tp,2.003918275958579,True,tp,bull,close_vs_ema50,1787212800,71891.4,65081.86674292551
3044,1787229210,BIOUSDT,LONG,overheated_early,overheated_early,1,,sl,wick,1787417246,0.03076,0.029489821428571428,0.033300357142857145,0.029489821428571428,-4.129319152888724,sl,-1.0,True,sl,bull,close_vs_ema50,1787212800,71891.4,65081.86674292551
3167,1787229269,VELODROMEUSDT,LONG,overheated_confirmed,overheated_confirmed,1,cont_ttl_expired,ttl_expired,,,0.01953,0.01953,0.01953,,,other,,False,,unknown,snapshot_missing,,,
3168,1787229282,PENGUUSDT,LONG,overheated_confirmed,overheated_confirmed,1,cont_ttl_expired,ttl_expired,,,0.007232,0.007232,0.007232,,,other,,False,,unknown,snapshot_missing,,,
3051,1787229450,COLLECTUSDT,LONG,overheated_confirmed,overheated_confirmed,1,,tp,poll,1787229526,0.05716,0.05428589285714286,0.06290821428571429,0.06339,10.899230230930721,tp,2.1676296986641805,True,tp,bull,close_vs_ema50,1787212800,71891.4,65081.86674292551
3055,1787229529,牛来USDT,LONG,overheated_early,overheated_early,1,,sl,poll,1787442552,0.0587,0.0439875,0.08812500000000001,0.04358,-25.758091993185694,sl,-1.027697536108751,True,sl,bull,close_vs_ema50,1787212800,71891.4,65081.86674292551
3056,1787229587,LITUSDT,LONG,overheated_early,overheated_early,1,,tp,poll,1787340203,2.725,2.5963214285714287,2.982357142857143,3.064,12.440366972477063,tp,2.6344712739383844,True,tp,bull,close_vs_ema50,1787212800,71891.4,65081.86674292551
3062,1787229907,VELODROMEUSDT,LONG,overheated_confirmed,overheated_confirmed,1,,sl,poll,1787414457,0.01981,0.019299464285714288,0.020831071428571428,0.0192,-3.079252902574472,sl,-1.1948233648128794,True,sl,bull,close_vs_ema50,1787212800,71891.4,65081.86674292551
3063,1787229922,MEGAUSDT,LONG,overheated_confirmed,overheated_confirmed,1,,tp,poll,1787313295,0.03819,0.03679714285714286,0.04097571428571428,0.04106,7.515056297460061,tp,2.0605128205128227,True,tp,bull,close_vs_ema50,1787212800,71891.4,65081.86674292551
3064,1787230435,AEONUSDT,SHORT,ema_cross,ema_cross,1,,tp,poll,1787528760,0.07252,0.07964586206896551,0.058268275862068966,0.05796,20.077220077220083,tp,2.043261553351079,True,tp,bull,close_vs_ema50,1787212800,71891.4,65081.86674292551
3175,1787230436,AEONUSDT,SHORT,ema_cross_confirmed,ema_cross_confirmed,1,cont_ttl_expired,ttl_expired,,,0.07252,0.07252,0.07252,,,other,,False,,unknown,snapshot_missing,,,
3065,1787230457,POPMARTUSDT,SHORT,ema_cross,ema_cross,1,,sl,poll,1787552891,18.977,19.30941379310345,18.312172413793103,19.788,-4.273594351056542,sl,-2.4397302904564295,True,sl,bull,close_vs_ema50,1787212800,71891.4,65081.86674292551
3176,1787230457,POPMARTUSDT,SHORT,ema_cross_confirmed,ema_cross_confirmed,1,cont_ttl_expired,ttl_expired,,,18.977,18.977,18.977,,,other,,False,,unknown,snapshot_missing,,,
3066,1787230497,CLOUSDT,SHORT,ema_cross,ema_cross,1,,sl,poll,1787290361,0.1052,0.11221275862068966,0.0911744827586207,0.11413,-8.488593155893529,sl,-1.27339332251561,True,sl,bull,close_vs_ema50,1787212800,71891.4,65081.86674292551
3177,1787230497,CLOUSDT,SHORT,ema_cross_confirmed,ema_cross_confirmed,1,cont_ttl_expired,ttl_expired,,,0.1052,0.1052,0.1052,,,other,,False,,unknown,snapshot_missing,,,
3067,1787230504,FILUSDT,LONG,ema_cross,ema_cross,1,,tp,poll,1787239236,0.6912,0.6770793103448276,0.7194413793103448,0.7199,4.152199074074066,tp,2.0324786324786257,True,tp,bull,close_vs_ema50,1787212800,71891.4,65081.86674292551
3178,1787230504,FILUSDT,LONG,ema_cross_confirmed,ema_cross_confirmed,1,cont_ttl_expired,ttl_expired,,,0.6912,0.6912,0.6912,,,other,,False,,unknown,snapshot_missing,,,
3068,1787230530,WALUSDT,LONG,ema_cross,ema_cross,1,,tp,poll,1787302213,0.0227,0.022027241379310347,0.02404551724137931,0.02405,5.947136563876638,tp,2.006663249615578,True,tp,bull,close_vs_ema50,1787212800,71891.4,65081.86674292551
3179,1787230530,WALUSDT,LONG,ema_cross_confirmed,ema_cross_confirmed,1,cont_ttl_expired,ttl_expired,,,0.0227,0.0227,0.0227,,,other,,False,,unknown,snapshot_missing,,,
3069,1787230574,AIGENSYNUSDT,LONG,ema_cross,ema_cross,1,,sl,poll,1787250175,0.02066,0.020216551724137933,0.021546896551724138,0.02019,-2.27492739593418,sl,-1.0598755832037376,True,sl,bull,close_vs_ema50,1787212800,71891.4,65081.86674292551
3180,1787230575,AIGENSYNUSDT,LONG,ema_cross_confirmed,ema_cross_confirmed,1,cont_ttl_expired,ttl_expired,,,0.02066,0.02066,0.02066,,,other,,False,,unknown,snapshot_missing,,,
3070,1787230612,OKBUSDT,LONG,ema_cross,ema_cross,1,,sl,wick,1787340424,105.8,103.60448275862069,110.19103448275862,103.60448275862069,-2.0751580731373407,sl,-1.0,True,sl,bull,close_vs_ema50,1787212800,71891.4,65081.86674292551
3181,1787230613,OKBUSDT,LONG,ema_cross_confirmed,ema_cross_confirmed,1,cont_ttl_expired,ttl_expired,,,105.8,105.8,105.8,,,other,,False,,unknown,snapshot_missing,,,
3071,1787230631,DEEPUSDT,LONG,ema_cross,ema_cross,1,,tp,poll,1787245444,0.01449,0.01415655172413793,0.015156896551724138,0.01542,6.418219461697725,tp,2.789038262668043,True,tp,bull,close_vs_ema50,1787212800,71891.4,65081.86674292551
3182,1787230631,DEEPUSDT,LONG,ema_cross_confirmed,ema_cross_confirmed,1,cont_ttl_expired,ttl_expired,,,0.01449,0.01449,0.01449,,,other,,False,,unknown,snapshot_missing,,,
3073,1787230686,MANTRAUSDT,LONG,ema_cross,ema_cross,1,,sl,wick,1787253154,0.005019,0.004928931034482759,0.0051991379310344825,0.004928931034482759,-1.7945599824116607,sl,-1.0,True,sl,bull,close_vs_ema50,1787212800,71891.4,65081.86674292551
3183,1787230687,MANTRAUSDT,LONG,ema_cross_confirmed,ema_cross_confirmed,1,cont_ttl_expired,ttl_expired,,,0.005019,0.005019,0.005019,,,other,,False,,unknown,snapshot_missing,,,
3074,1787230692,COOKIEUSDT,LONG,ema_cross,ema_cross,1,,tp,poll,1787360658,0.01142,0.01103103448275862,0.012197931034482757,0.0122,6.830122591943969,tp,2.005319148936171,True,tp,bull,close_vs_ema50,1787212800,71891.4,65081.86674292551
3184,1787230693,COOKIEUSDT,LONG,ema_cross_confirmed,ema_cross_confirmed,1,cont_ttl_expired,ttl_expired,,,0.01142,0.01142,0.01142,,,other,,False,,unknown,snapshot_missing,,,
3194,1787231922,BRETTUSDT,LONG,overheated_confirmed,overheated_confirmed,1,cont_ttl_expired,ttl_expired,,,0.0045,0.0045,0.0045,,,other,,False,,unknown,snapshot_missing,,,
3193,1787231928,MEGAUSDT,LONG,overheated_confirmed,overheated_confirmed,1,cont_ttl_expired,ttl_expired,,,0.03849,0.03849,0.03849,,,other,,False,,unknown,snapshot_missing,,,
3195,1787231932,PNUTUSDT,LONG,overheated_confirmed,overheated_confirmed,1,cont_ttl_expired,ttl_expired,,,0.05112,0.05112,0.05112,,,other,,False,,unknown,snapshot_missing,,,
3196,1787231996,COLLECTUSDT,LONG,overheated_confirmed,overheated_confirmed,1,cont_ttl_expired,ttl_expired,,,0.06115,0.06115,0.06115,,,other,,False,,unknown,snapshot_missing,,,
3079,1787232048,HYPEUSDT,LONG,overheated_early,overheated_early,1,,tp,wick,1787318848,71.934,69.44475,76.9125,76.9125,6.920927516890479,tp,2.0,True,tp,bull,close_vs_ema50,1787212800,71891.4,65081.86674292551
3197,1787232067,SUSDT,LONG,overheated_confirmed,overheated_confirmed,1,cont_ttl_expired,ttl_expired,,,0.02495,0.02495,0.02495,,,other,,False,,unknown,snapshot_missing,,,
3200,1787232086,BOMEUSDT,LONG,overheated_confirmed,overheated_confirmed,1,cont_ttl_expired,ttl_expired,,,0.0012173,0.0012173,0.0012173,,,other,,False,,unknown,snapshot_missing,,,
3198,1787232096,MONUSDT,LONG,overheated_confirmed,overheated_confirmed,1,cont_ttl_expired,ttl_expired,,,0.02592,0.02592,0.02592,,,other,,False,,unknown,snapshot_missing,,,
3199,1787232103,ORDIUSDT,LONG,overheated_confirmed,overheated_confirmed,1,cont_ttl_expired,ttl_expired,,,4.129,4.129,4.129,,,other,,False,,unknown,snapshot_missing,,,
3202,1787232147,MOODENGUSDT,LONG,overheated_confirmed,overheated_confirmed,1,cont_ttl_expired,ttl_expired,,,0.04086,0.04086,0.04086,,,other,,False,,unknown,snapshot_missing,,,
3201,1787232153,AVAAIUSDT,LONG,overheated_confirmed,overheated_confirmed,1,cont_ttl_expired,ttl_expired,,,0.017924,0.017924,0.017924,,,other,,False,,unknown,snapshot_missing,,,
3203,1787232166,XRPUSDT,LONG,overheated_confirmed,overheated_confirmed,1,cont_ttl_expired,ttl_expired,,,1.1926,1.1926,1.1926,,,other,,False,,unknown,snapshot_missing,,,
3206,1787232263,FORMUSDT,LONG,overheated_confirmed,overheated_confirmed,1,cont_ttl_expired,ttl_expired,,,0.2421,0.2421,0.2421,,,other,,False,,unknown,snapshot_missing,,,
3204,1787232275,MSTRXUSDT,LONG,overheated_confirmed,overheated_confirmed,1,cont_ttl_expired,ttl_expired,,,113.98,113.98,113.98,,,other,,False,,unknown,snapshot_missing,,,
3205,1787232293,AEROUSDT,LONG,overheated_confirmed,overheated_confirmed,1,cont_ttl_expired,ttl_expired,,,0.4783,0.4783,0.4783,,,other,,False,,unknown,snapshot_missing,,,
3207,1787232312,USELESSUSDT,LONG,overheated_confirmed,overheated_confirmed,1,cont_ttl_expired,ttl_expired,,,0.04845,0.04845,0.04845,,,other,,False,,unknown,snapshot_missing,,,
3209,1787232339,牛来USDT,LONG,overheated_confirmed,overheated_confirmed,1,cont_ttl_expired,ttl_expired,,,0.0638,0.0638,0.0638,,,other,,False,,unknown,snapshot_missing,,,
3208,1787232355,TURBOUSDT,LONG,overheated_confirmed,overheated_confirmed,1,cont_ttl_expired,ttl_expired,,,0.0008863,0.0008863,0.0008863,,,other,,False,,unknown,snapshot_missing,,,
3083,1787232623,XRPUSDT,LONG,overheated_confirmed,overheated_confirmed,1,,tp,poll,1787238478,1.2049,1.1803428571428571,1.254014285714286,1.2578,4.390405842808527,tp,2.1541593949970816,True,tp,bull,close_vs_ema50,1787212800,71891.4,65081.86674292551
3220,1787233225,CHIPUSDT,LONG,ema_cross_confirmed,ema_cross_confirmed,1,cont_ttl_expired,ttl_expired,,,0.03058,0.03058,0.03058,,,other,,False,,unknown,snapshot_missing,,,
3095,1787233527,POPMARTUSDT,SHORT,ema_cross_confirmed,ema_cross_confirmed,1,,sl,poll,1787552891,18.928,19.592827586206898,17.598344827586207,19.788,-4.543533389687233,sl,-1.2935684647302885,True,sl,bull,close_vs_ema50,1787212800,71891.4,65081.86674292551
3096,1787233529,FILUSDT,LONG,ema_cross_confirmed,ema_cross_confirmed,1,,tp,poll,1787244154,0.6939,0.6727189655172413,0.7362620689655173,0.7369,6.196858336936164,tp,2.030118030118029,True,tp,bull,close_vs_ema50,1787212800,71891.4,65081.86674292551
3228,1787234385,THETAUSDT,LONG,overheated_confirmed,overheated_confirmed,1,cont_ttl_expired,ttl_expired,,,0.1621,0.1621,0.1621,,,other,,False,,unknown,snapshot_missing,,,
3101,1787234409,ILVUSDT,LONG,ema_cross_confirmed,ema_cross_confirmed,1,,tp,poll,1787302213,3.185,3.1014137931034482,3.3521724137931037,3.354,5.306122448979593,tp,2.021864686468645,True,tp,bull,close_vs_ema50,1787212800,71891.4,65081.86674292551
3102,1787234412,MSTRXUSDT,LONG,overheated_early,overheated_early,1,,sl,poll,1787237411,112.0,108.62982142857143,118.74035714285715,108.51,-3.116071428571424,sl,-1.0355534361256817,True,sl,bull,close_vs_ema50,1787212800,71891.4,65081.86674292551
3229,1787234417,RIFUSDT,LONG,overheated_confirmed,overheated_confirmed,1,cont_ttl_expired,ttl_expired,,,0.08295,0.08295,0.08295,,,other,,False,,unknown,snapshot_missing,,,
3104,1787234434,PUMPUSDT,LONG,overheated_confirmed,overheated_confirmed,1,,tp,poll,1787308917,0.003573,0.0033747321428571424,0.0039695357142857145,0.00397,11.111111111111105,tp,2.0023417094478937,True,tp,bull,close_vs_ema50,1787212800,71891.4,65081.86674292551
3230,1787234434,CCUSDT,LONG,overheated_confirmed,overheated_confirmed,1,cont_ttl_expired,ttl_expired,,,0.10468,0.10468,0.10468,,,other,,False,,unknown,snapshot_missing,,,
3105,1787234435,THETAUSDT,LONG,overheated_confirmed,overheated_confirmed,1,,tp,poll,1787304505,0.1621,0.15835,0.1696,0.1706,5.243676742751393,tp,2.2666666666666666,True,tp,bull,close_vs_ema50,1787212800,71891.4,65081.86674292551
3106,1787234474,EDGEXUSDT,LONG,overheated_early,overheated_early,1,,tp,poll,1787312697,0.3356,0.31758928571428574,0.37162142857142855,0.3726,11.025029797377822,tp,2.0543327384493364,True,tp,bull,close_vs_ema50,1787212800,71891.4,65081.86674292551
3108,1787234556,ONGUSDT,LONG,overheated_confirmed,overheated_confirmed,1,,tp,wick,1787255312,0.07565,0.06965642857142856,0.08763714285714286,0.08763714285714286,15.845529222925133,tp,2.0,True,tp,bull,close_vs_ema50,1787212800,71891.4,65081.86674292551
3109,1787234566,BRETTUSDT,LONG,overheated_early,overheated_early,1,,tp,wick,1787296659,0.004481,0.004319857142857143,0.004803285714285714,0.004803285714285714,7.192272133133546,tp,2.0,True,tp,bull,close_vs_ema50,1787212800,71891.4,65081.86674292551
3231,1787234633,ONUSDT,LONG,overheated_confirmed,overheated_confirmed,1,cont_ttl_expired,ttl_expired,,,0.29366,0.29366,0.29366,,,other,,False,,unknown,snapshot_missing,,,
3112,1787234678,ONUSDT,LONG,overheated_confirmed,overheated_confirmed,1,,sl,poll,1787397240,0.29449,0.25185625,0.3797574999999999,0.24819,-15.722095826683415,sl,-1.0859940774621049,True,sl,bull,close_vs_ema50,1787212800,71891.4,65081.86674292551
3115,1787235330,DEEPUSDT,LONG,ema_cross_confirmed,ema_cross_confirmed,1,,tp,poll,1787292667,0.01471,0.014209827586206897,0.01571034482758621,0.01574,7.002039428959889,tp,2.0592899000344675,True,tp,bull,close_vs_ema50,1787212800,71891.4,65081.86674292551
3238,1787236582,STXUSDT,LONG,overheated_confirmed,overheated_confirmed,1,cont_ttl_expired,ttl_expired,,,0.1401,0.1401,0.1401,,,other,,False,,unknown,snapshot_missing,,,
3239,1787236586,ROBOUSDT,LONG,overheated_confirmed,overheated_confirmed,1,cont_ttl_expired,ttl_expired,,,0.0152,0.0152,0.0152,,,other,,False,,unknown,snapshot_missing,,,
3124,1787236658,STXUSDT,LONG,overheated_confirmed,overheated_confirmed,1,,tp,poll,1787270549,0.1401,0.13696607142857142,0.14636785714285716,0.1464,4.496788008565311,tp,2.0102564102564053,True,tp,bull,close_vs_ema50,1787212800,71891.4,65081.86674292551
3125,1787236790,MAGMAUSDT,LONG,overheated_early,overheated_early,1,,tp,poll,1787340203,0.23599,0.2184619642857143,0.27104607142857146,0.28756,21.852620873765826,tp,2.942143708548549,True,tp,bull,close_vs_ema50,1787212800,71891.4,65081.86674292551
3126,1787236796,BOMEUSDT,LONG,overheated_early,overheated_early,1,,tp,wick,1787296291,0.0011319,0.0010576232142857143,0.0012804535714285713,0.0012804535714285713,13.124266404149784,tp,2.000000000000003,True,tp,bull,close_vs_ema50,1787212800,71891.4,65081.86674292551
3129,1787237109,CROUSDT,LONG,overheated_confirmed,overheated_confirmed,1,,sl,poll,1787249592,0.05421,0.05314339285714286,0.05634321428571428,0.05303,-2.176720162331674,sl,-1.1063117361459938,True,sl,bull,close_vs_ema50,1787212800,71891.4,65081.86674292551
3130,1787237134,RIFUSDT,LONG,overheated_confirmed,overheated_confirmed,1,,sl,wick,1787245744,0.08606,0.08269196428571428,0.09279607142857144,0.08269196428571428,-3.9135901862488023,sl,-1.0,True,sl,bull,close_vs_ema50,1787212800,71891.4,65081.86674292551
3131,1787237138,PEOPLEUSDT,LONG,overheated_confirmed,overheated_confirmed,1,,tp,wick,1787239776,0.008873,0.008547982142857144,0.009523035714285715,0.009523035714285715,7.3259970053613666,tp,2.0,True,tp,bull,close_vs_ema50,1787212800,71891.4,65081.86674292551
3133,1787238038,ROBOUSDT,LONG,overheated_confirmed,overheated_confirmed,1,,sl,poll,1787246436,0.0152,0.014328392857142857,0.016943214285714284,0.0143,-5.921052631578945,sl,-1.032575291948371,True,sl,bull,close_vs_ema50,1787212800,71891.4,65081.86674292551
3136,1787238879,GOATUSDT,LONG,overheated_confirmed,overheated_confirmed,1,,sl,wick,1787239268,0.015466,0.015172,0.016054000000000002,0.015172,-1.9009440062071696,sl,-1.0,True,sl,bull,close_vs_ema50,1787212800,71891.4,65081.86674292551
3137,1787238928,OKBUSDT,LONG,ema_cross_confirmed,ema_cross_confirmed,1,,tp,poll,1787381053,105.88,102.58672413793103,112.46655172413793,112.5,6.252361163581417,tp,2.0101565363070004,True,tp,bull,close_vs_ema50,1787212800,71891.4,65081.86674292551
3138,1787238930,MANTRAUSDT,LONG,ema_cross_confirmed,ema_cross_confirmed,1,,sl,wick,1787253154,0.005018,0.004882896551724138,0.005288206896551724,0.004882896551724138,-2.692376410439655,sl,-1.0,True,sl,bull,close_vs_ema50,1787212800,71891.4,65081.86674292551
3142,1787239831,CHIPUSDT,LONG,ema_cross_confirmed,ema_cross_confirmed,1,,tp,poll,1787830558,0.03067,0.02759603448275862,0.03681793103448276,0.03718,21.225953700684702,tp,2.1177856301531204,True,tp,bull,close_vs_ema50,1787212800,71891.4,65081.86674292551
3143,1787239837,PEOPLEUSDT,LONG,overheated_confirmed,overheated_confirmed,1,,tp,wick,1787241965,0.009495,0.009169982142857143,0.009982526785714286,0.009982526785714286,5.134563303994582,tp,1.5,True,tp,bull,close_vs_ema50,1787212800,71891.4,65081.86674292551
3146,1787240716,MONUSDT,LONG,overheated_confirmed,overheated_confirmed,1,,sl,poll,1787249887,0.02643,0.025418035714285712,0.02845392857142857,0.02535,-4.086265607264464,sl,-1.0672313393329775,True,sl,bull,close_vs_ema50,1787212800,71891.4,65081.86674292551
3147,1787240723,ONGUSDT,LONG,overheated_early,overheated_early,1,,tp,poll,1787255371,0.07616,0.07016642857142857,0.08814714285714285,0.08822,15.835084033613446,tp,2.0121558813013936,True,tp,bull,close_vs_ema50,1787212800,71891.4,65081.86674292551
3148,1787240736,GALAUSDT,LONG,overheated_confirmed,overheated_confirmed,1,,sl,poll,1787255251,0.001626,0.0015583392857142857,0.0017613214285714287,0.001552,-4.551045510455109,sl,-1.093692267088942,True,sl,bull,close_vs_ema50,1787212800,71891.4,65081.86674292551
3149,1787240947,COLLECTUSDT,LONG,overheated_early,overheated_early,1,,tp,poll,1787256390,0.05765,0.054775892857142856,0.0633982142857143,0.06363,10.372940156114495,tp,2.080646163404786,True,tp,bull,close_vs_ema50,1787212800,71891.4,65081.86674292551
3150,1787241627,WALUSDT,LONG,ema_cross_confirmed,ema_cross_confirmed,1,,tp,poll,1787310207,0.02272,0.021710862068965518,0.024738275862068965,0.02474,8.89084507042254,tp,2.0017085255424587,True,tp,bull,close_vs_ema50,1787227200,72423.6,65369.77785104608
3152,1787241691,CXMTUSDT,SHORT,ema_cross,ema_cross,1,,sl,wick,1787292846,8.264,8.491965517241379,7.808068965517241,8.491965517241379,-2.75853723670595,sl,-1.0,True,sl,bull,close_vs_ema50,1787227200,72423.6,65369.77785104608
3255,1787241691,CXMTUSDT,SHORT,ema_cross_confirmed,ema_cross_confirmed,1,cont_ttl_expired,ttl_expired,,,8.264,8.264,8.264,,,other,,False,,unknown,snapshot_missing,,,
3153,1787241753,KAITOUSDT,LONG,ema_cross,ema_cross,1,,sl,wick,1787259063,0.3618,0.3443137931034483,0.39677241379310346,0.3443137931034483,-4.833114122872229,sl,-1.0,True,sl,bull,close_vs_ema50,1787227200,72423.6,65369.77785104608
3256,1787241753,KAITOUSDT,LONG,ema_cross_confirmed,ema_cross_confirmed,1,cont_ttl_expired,ttl_expired,,,0.3618,0.3618,0.3618,,,other,,False,,unknown,snapshot_missing,,,
3154,1787241848,SWARMSUSDT,LONG,ema_cross,ema_cross,1,,sl,wick,1787303541,0.009114,0.008815586206896552,0.009710827586206897,0.008815586206896552,-3.2742351668142233,sl,-1.0,True,sl,bull,close_vs_ema50,1787227200,72423.6,65369.77785104608
3259,1787241848,SWARMSUSDT,LONG,ema_cross_confirmed,ema_cross_confirmed,1,cont_ttl_expired,ttl_expired,,,0.009114,0.009114,0.009114,,,other,,False,,unknown,snapshot_missing,,,
3155,1787241896,UBUSDT,SHORT,ema_cross,ema_cross,1,,sl,poll,1787242774,0.11427,0.11888793103448275,0.10503413793103449,0.11893,-4.078060733350834,sl,-1.009109916367981,True,sl,bull,close_vs_ema50,1787227200,72423.6,65369.77785104608
3262,1787241896,UBUSDT,SHORT,ema_cross_confirmed,ema_cross_confirmed,1,cont_ttl_expired,ttl_expired,,,0.11427,0.11427,0.11427,,,other,,False,,unknown,snapshot_missing,,,
3156,1787241907,BASEDUSDT,LONG,ema_cross,ema_cross,1,,tp,wick,1787311709,0.08241,0.07954310344827586,0.08814379310344828,0.08814379310344828,6.957642401951558,tp,2.000000000000005,True,tp,bull,close_vs_ema50,1787227200,72423.6,65369.77785104608
3263,1787241907,BASEDUSDT,LONG,ema_cross_confirmed,ema_cross_confirmed,1,cont_ttl_expired,ttl_expired,,,0.08241,0.08241,0.08241,,,other,,False,,unknown,snapshot_missing,,,
3157,1787241941,RIVERUSDT,LONG,ema_cross,ema_cross,1,,tp,wick,1787301610,2.749,2.663344827586207,2.9203103448275862,2.9203103448275862,6.231733169428378,tp,2.0,True,tp,bull,close_vs_ema50,1787227200,72423.6,65369.77785104608
3264,1787241941,RIVERUSDT,LONG,ema_cross_confirmed,ema_cross_confirmed,1,cont_ttl_expired,ttl_expired,,,2.749,2.749,2.749,,,other,,False,,unknown,snapshot_missing,,,
3162,1787242756,ONUSDT,LONG,overheated_early,overheated_early,1,,sl,poll,1787395810,0.30018,0.25735125000000003,0.3858375,0.25259,-15.853821040708915,sl,-1.111169483115899,True,sl,bull,close_vs_ema50,1787227200,72423.6,65369.77785104608
3271,1787242988,SATSUSDT,LONG,overheated_confirmed,overheated_confirmed,1,cont_ttl_expired,ttl_expired,,,1.23e-08,1.23e-08,1.23e-08,,,other,,False,,unknown,snapshot_missing,,,
3164,1787243082,SATSUSDT,LONG,overheated_confirmed,overheated_confirmed,1,,sl,poll,1787248991,1.228e-08,1.1834285714285714e-08,1.3171428571428571e-08,1.182e-08,-3.745928338762219,sl,-1.0320512820512828,True,sl,bull,close_vs_ema50,1787227200,72423.6,65369.77785104608
3165,1787243424,CLOUSDT,SHORT,ema_cross_confirmed,ema_cross_confirmed,1,,sl,poll,1787312338,0.10503,0.1190555172413793,0.07697896551724139,0.11915,-13.44377796819957,sl,-1.0067364901411229,True,sl,bull,close_vs_ema50,1787227200,72423.6,65369.77785104608
3174,1787244317,XRPUSDT,LONG,overheated_confirmed,overheated_confirmed,1,,tp,poll,1787247155,1.2889,1.264342857142857,1.3257357142857145,1.3321,3.3516952440065273,tp,1.7591623036649204,True,tp,bull,close_vs_ema50,1787227200,72423.6,65369.77785104608
3279,1787245171,PEPEUSDT,LONG,overheated_confirmed,overheated_confirmed,1,cont_ttl_expired,ttl_expired,,,3.208e-06,3.208e-06,3.208e-06,,,other,,False,,unknown,snapshot_missing,,,
3185,1787245208,WIFUSDT,LONG,overheated_confirmed,overheated_confirmed,1,,tp,poll,1787290981,0.1616,0.15765714285714286,0.16948571428571427,0.1696,4.950495049504955,tp,2.028985507246382,True,tp,bull,close_vs_ema50,1787227200,72423.6,65369.77785104608
3186,1787245228,PEOPLEUSDT,LONG,overheated_confirmed,overheated_confirmed,1,,tp,wick,1787246046,0.010195,0.009869982142857142,0.010520017857142856,0.010520017857142856,3.188012330974567,tp,1.0,True,tp,bull,close_vs_ema50,1787227200,72423.6,65369.77785104608
3210,1787247055,SWARMSUSDT,LONG,ema_cross_confirmed,ema_cross_confirmed,1,,sl,poll,1787380071,0.009202,0.008754379310344828,0.010097241379310345,0.008201,-10.878069984785919,sl,-2.236268392265619,True,sl,bull,close_vs_ema50,1787227200,72423.6,65369.77785104608
3290,1787247367,PENGUUSDT,LONG,overheated_confirmed,overheated_confirmed,1,cont_ttl_expired,ttl_expired,,,0.007267,0.007267,0.007267,,,other,,False,,unknown,snapshot_missing,,,
3291,1787247573,CROUSDT,LONG,overheated_confirmed,overheated_confirmed,1,cont_ttl_expired,ttl_expired,,,0.05462,0.05462,0.05462,,,other,,False,,unknown,snapshot_missing,,,
3292,1787247602,WIFUSDT,LONG,overheated_confirmed,overheated_confirmed,1,cont_ttl_expired,ttl_expired,,,0.1628,0.1628,0.1628,,,other,,False,,unknown,snapshot_missing,,,
3293,1787247610,AEROUSDT,LONG,overheated_confirmed,overheated_confirmed,1,cont_ttl_expired,ttl_expired,,,0.4837,0.4837,0.4837,,,other,,False,,unknown,snapshot_missing,,,
3294,1787247678,MONUSDT,LONG,overheated_confirmed,overheated_confirmed,1,cont_ttl_expired,ttl_expired,,,0.02606,0.02606,0.02606,,,other,,False,,unknown,snapshot_missing,,,
3295,1787247685,HYPEUSDT,LONG,overheated_confirmed,overheated_confirmed,1,cont_ttl_expired,ttl_expired,,,73.535,73.535,73.535,,,other,,False,,unknown,snapshot_missing,,,
3296,1787247693,GOATUSDT,LONG,overheated_confirmed,overheated_confirmed,1,cont_ttl_expired,ttl_expired,,,0.015216,0.015216,0.015216,,,other,,False,,unknown,snapshot_missing,,,
3223,1787247711,GOATUSDT,LONG,overheated_confirmed,overheated_confirmed,1,,sl,poll,1787251210,0.015272,0.014903375,0.016009250000000003,0.01487,-2.632268203247782,sl,-1.0905391658189225,True,sl,bull,close_vs_ema50,1787227200,72423.6,65369.77785104608
3297,1787247718,GALAUSDT,LONG,overheated_confirmed,overheated_confirmed,1,cont_ttl_expired,ttl_expired,,,0.00159,0.00159,0.00159,,,other,,False,,unknown,snapshot_missing,,,
3298,1787247751,XLMUSDT,LONG,overheated_confirmed,overheated_confirmed,1,cont_ttl_expired,ttl_expired,,,0.19001,0.19001,0.19001,,,other,,False,,unknown,snapshot_missing,,,
3227,1787247949,XLMUSDT,LONG,overheated_confirmed,overheated_confirmed,1,,sl,wick,1787249020,0.18965,0.18496303571428574,0.19902392857142856,0.18496303571428574,-2.471375842717782,sl,-1.0,True,sl,bull,close_vs_ema50,1787227200,72423.6,65369.77785104608
3233,1787249750,CXMTUSDT,SHORT,ema_cross_confirmed,ema_cross_confirmed,1,,sl,wick,1787830745,8.216,8.671931034482759,7.3041379310344805,8.671931034482759,-5.549306651445465,sl,-1.0,True,sl,bull,close_vs_ema50,1787227200,72423.6,65369.77785104608
3234,1787249755,AVAAIUSDT,LONG,overheated_confirmed,overheated_confirmed,1,,sl,wick,1787260112,0.02038,0.01878169642857143,0.02357660714285714,0.01878169642857143,-7.842510164026349,sl,-1.0,True,sl,bull,close_vs_ema50,1787227200,72423.6,65369.77785104608
3308,1787249770,FILUSDT,LONG,overheated_confirmed,overheated_confirmed,1,cont_ttl_expired,ttl_expired,,,0.7669,0.7669,0.7669,,,other,,False,,unknown,snapshot_missing,,,
3235,1787249836,MONUSDT,LONG,overheated_early,overheated_early,1,,tp,poll,1787295145,0.02556,0.024471964285714284,0.02773607142857143,0.02776,8.607198748043821,tp,2.021992450352863,True,tp,bull,close_vs_ema50,1787227200,72423.6,65369.77785104608
3313,1787250793,PEOPLEUSDT,LONG,overheated_confirmed,overheated_confirmed,1,cont_ttl_expired,ttl_expired,,,0.010318,0.010318,0.010318,,,other,,False,,unknown,snapshot_missing,,,
3316,1787250799,ENAUSDT,LONG,overheated_confirmed,overheated_confirmed,1,cont_ttl_expired,ttl_expired,,,0.10685,0.10685,0.10685,,,other,,False,,unknown,snapshot_missing,,,
3314,1787250805,ORDIUSDT,LONG,overheated_confirmed,overheated_confirmed,1,cont_ttl_expired,ttl_expired,,,4.172,4.172,4.172,,,other,,False,,unknown,snapshot_missing,,,
3315,1787250838,BRETTUSDT,LONG,overheated_confirmed,overheated_confirmed,1,cont_ttl_expired,ttl_expired,,,0.004499,0.004499,0.004499,,,other,,False,,unknown,snapshot_missing,,,
3317,1787250855,AVAAIUSDT,LONG,overheated_confirmed,overheated_confirmed,1,cont_ttl_expired,ttl_expired,,,0.02014,0.02014,0.02014,,,other,,False,,unknown,snapshot_missing,,,
3318,1787250868,PNUTUSDT,LONG,overheated_confirmed,overheated_confirmed,1,cont_ttl_expired,ttl_expired,,,0.05141,0.05141,0.05141,,,other,,False,,unknown,snapshot_missing,,,
3319,1787250922,TURBOUSDT,LONG,overheated_confirmed,overheated_confirmed,1,cont_ttl_expired,ttl_expired,,,0.0009227,0.0009227,0.0009227,,,other,,False,,unknown,snapshot_missing,,,
3321,1787250975,COLLECTUSDT,LONG,overheated_confirmed,overheated_confirmed,1,cont_ttl_expired,ttl_expired,,,0.06162,0.06162,0.06162,,,other,,False,,unknown,snapshot_missing,,,
3322,1787250989,PUMPUSDT,LONG,overheated_confirmed,overheated_confirmed,1,cont_ttl_expired,ttl_expired,,,0.003725,0.003725,0.003725,,,other,,False,,unknown,snapshot_missing,,,
3323,1787250996,USELESSUSDT,LONG,overheated_confirmed,overheated_confirmed,1,cont_ttl_expired,ttl_expired,,,0.04757,0.04757,0.04757,,,other,,False,,unknown,snapshot_missing,,,
3320,1787251008,MOODENGUSDT,LONG,overheated_confirmed,overheated_confirmed,1,cont_ttl_expired,ttl_expired,,,0.04422,0.04422,0.04422,,,other,,False,,unknown,snapshot_missing,,,
3324,1787251092,ACEUSDT,LONG,overheated_confirmed,overheated_confirmed,1,cont_ttl_expired,ttl_expired,,,0.2755,0.2755,0.2755,,,other,,False,,unknown,snapshot_missing,,,
3325,1787251143,XRPUSDT,LONG,overheated_confirmed,overheated_confirmed,1,cont_ttl_expired,ttl_expired,,,1.2644,1.2644,1.2644,,,other,,False,,unknown,snapshot_missing,,,
3326,1787251161,COREUSDT,LONG,overheated_confirmed,overheated_confirmed,1,cont_ttl_expired,ttl_expired,,,0.02473,0.02473,0.02473,,,other,,False,,unknown,snapshot_missing,,,
3243,1787251933,ROBOUSDT,LONG,ema_cross,ema_cross,1,,tp,wick,1787301669,0.01326,0.012623448275862068,0.014533103448275861,0.014533103448275861,9.601081812035158,tp,2.0,True,tp,bull,close_vs_ema50,1787227200,72423.6,65369.77785104608
3328,1787251933,ROBOUSDT,LONG,ema_cross_confirmed,ema_cross_confirmed,1,cont_ttl_expired,ttl_expired,,,0.01326,0.01326,0.01326,,,other,,False,,unknown,snapshot_missing,,,
3249,1787253328,TURBOUSDT,LONG,overheated_confirmed,overheated_confirmed,1,,sl,poll,1787265092,0.0009441,0.0009229339285714285,0.000986432142857143,0.0009228,-2.256116936765176,sl,-1.0063275120222719,True,sl,bull,close_vs_ema50,1787227200,72423.6,65369.77785104608
3251,1787255117,BASEDUSDT,LONG,ema_cross_confirmed,ema_cross_confirmed,1,,tp,wick,1787315070,0.08314,0.0788396551724138,0.09174068965517242,0.09174068965517242,10.344827586206893,tp,2.0,True,tp,bull,close_vs_ema50,1787227200,72423.6,65369.77785104608
3252,1787256023,ONGUSDT,LONG,overheated_confirmed,overheated_confirmed,1,,tp,wick,1787256749,0.08839,0.08127732142857143,0.09905901785714286,0.09905901785714286,12.070390154025183,tp,1.5000000000000009,True,tp,bull,close_vs_ema50,1787241600,72644.6,65655.0649941423
3253,1787256068,APRUSDT,SHORT,ema_cross,ema_cross,1,,sl,poll,1787314229,0.18548,0.2018706896551724,0.15269862068965517,0.20427,-10.130472288117318,sl,-1.1463825132013556,True,sl,bull,close_vs_ema50,1787241600,72644.6,65655.0649941423
3341,1787256068,APRUSDT,SHORT,ema_cross_confirmed,ema_cross_confirmed,1,cont_ttl_expired,ttl_expired,,,0.18548,0.18548,0.18548,,,other,,False,,unknown,snapshot_missing,,,
3254,1787256083,PLAYUSDT,SHORT,ema_cross,ema_cross,1,,sl,poll,1787312727,0.03634,0.03695241379310345,0.0351151724137931,0.03697,-1.7336268574573628,sl,-1.0287162162162222,True,sl,bull,close_vs_ema50,1787241600,72644.6,65655.0649941423
3342,1787256083,PLAYUSDT,SHORT,ema_cross_confirmed,ema_cross_confirmed,1,cont_ttl_expired,ttl_expired,,,0.03634,0.03634,0.03634,,,other,,False,,unknown,snapshot_missing,,,
3257,1787256204,DEXEUSDT,LONG,ema_cross,ema_cross,1,,tp,wick,1787321595,1.941,1.8790689655172415,2.0648620689655175,2.0648620689655175,6.381353372772666,tp,2.0000000000000036,True,tp,bull,close_vs_ema50,1787241600,72644.6,65655.0649941423
3343,1787256204,DEXEUSDT,LONG,ema_cross_confirmed,ema_cross_confirmed,1,cont_ttl_expired,ttl_expired,,,1.941,1.941,1.941,,,other,,False,,unknown,snapshot_missing,,,
3258,1787256247,IMXUSDT,LONG,ema_cross,ema_cross,1,,tp,poll,1787297068,0.1091,0.10647241379310345,0.1143551724137931,0.1144,4.857928505957836,tp,2.0170603674540644,True,tp,bull,close_vs_ema50,1787241600,72644.6,65655.0649941423
3344,1787256247,IMXUSDT,LONG,ema_cross_confirmed,ema_cross_confirmed,1,cont_ttl_expired,ttl_expired,,,0.1091,0.1091,0.1091,,,other,,False,,unknown,snapshot_missing,,,
3260,1787256266,JASMYUSDT,LONG,ema_cross,ema_cross,1,,tp,wick,1787292276,0.003888,0.0038010344827586204,0.004061931034482759,0.004061931034482759,4.473534837519524,tp,2.0,True,tp,bull,close_vs_ema50,1787241600,72644.6,65655.0649941423
3345,1787256266,JASMYUSDT,LONG,ema_cross_confirmed,ema_cross_confirmed,1,cont_ttl_expired,ttl_expired,,,0.003888,0.003888,0.003888,,,other,,False,,unknown,snapshot_missing,,,
3346,1787256276,DOSUSDT,SHORT,ema_cross_confirmed,ema_cross_confirmed,1,cont_ttl_expired,ttl_expired,,,0.2335,0.2335,0.2335,,,other,,False,,unknown,snapshot_missing,,,
3261,1787256292,GRVTUSDT,SHORT,ema_cross,ema_cross,1,,tp,poll,1787380138,0.2814,0.2940758620689655,0.25604827586206896,0.2557,9.132906894100925,tp,2.0274755168661556,True,tp,bull,close_vs_ema50,1787241600,72644.6,65655.0649941423
3347,1787256292,GRVTUSDT,SHORT,ema_cross_confirmed,ema_cross_confirmed,1,cont_ttl_expired,ttl_expired,,,0.2814,0.2814,0.2814,,,other,,False,,unknown,snapshot_missing,,,
3265,1787256918,COLLECTUSDT,LONG,overheated_confirmed,overheated_confirmed,1,,tp,wick,1787291072,0.06398,0.06048017857142857,0.07097964285714285,0.07097964285714285,10.940360827044167,tp,2.0,True,tp,bull,close_vs_ema50,1787241600,72644.6,65655.0649941423
3266,1787256920,ONGUSDT,LONG,overheated_confirmed,overheated_confirmed,1,,tp,wick,1787257113,0.09931,0.09219732142857143,0.10642267857142856,0.10642267857142856,7.162097041011548,tp,1.0,True,tp,bull,close_vs_ema50,1787241600,72644.6,65655.0649941423
3267,1787256922,PEOPLEUSDT,LONG,overheated_confirmed,overheated_confirmed,1,,sl,poll,1787265692,0.010809,0.010419375,0.011588249999999998,0.010406,-3.7283745027291966,sl,-1.034327879371189,True,sl,bull,close_vs_ema50,1787241600,72644.6,65655.0649941423
3268,1787256935,APRUSDT,SHORT,ema_cross_confirmed,ema_cross_confirmed,1,,sl,poll,1787340203,0.18477,0.2175513793103448,0.11920724137931038,0.22024,-19.19683931374141,sl,-1.0820167041844622,True,sl,bull,close_vs_ema50,1787241600,72644.6,65655.0649941423
3269,1787257205,ACEUSDT,LONG,overheated_early,overheated_early,1,,sl,poll,1787920820,0.2439,0.20164285714285718,0.32841428571428566,0.1975,-19.024190241902417,sl,-1.0980392156862753,True,sl,unknown,snapshot_missing,,,
3273,1787258721,BRETTUSDT,LONG,overheated_confirmed,overheated_confirmed,1,,tp,poll,1787297943,0.004532,0.004358428571428571,0.004879142857142856,0.004894,7.987643424536637,tp,2.0855967078189352,True,tp,bull,close_vs_ema50,1787241600,72644.6,65655.0649941423
3274,1787258732,PLAYUSDT,SHORT,ema_cross_confirmed,ema_cross_confirmed,1,,sl,poll,1787318377,0.03588,0.0371048275862069,0.0334303448275862,0.03751,-4.542920847268672,sl,-1.330799549549545,True,sl,bull,close_vs_ema50,1787241600,72644.6,65655.0649941423
3284,1787260521,ENAUSDT,LONG,overheated_confirmed,overheated_confirmed,1,,sl,wick,1787262543,0.11387,0.11044946428571428,0.12071107142857143,0.11044946428571428,-3.0038954195887557,sl,-1.0,True,sl,bull,close_vs_ema50,1787241600,72644.6,65655.0649941423
3285,1787260525,GALAUSDT,LONG,overheated_confirmed,overheated_confirmed,1,,tp,wick,1787297732,0.001595,0.0015206964285714285,0.001743607142857143,0.001743607142857143,9.317062248096741,tp,2.0,True,tp,bull,close_vs_ema50,1787241600,72644.6,65655.0649941423
3286,1787260535,GRVTUSDT,SHORT,ema_cross_confirmed,ema_cross_confirmed,1,,tp,wick,1787486525,0.2788,0.304151724137931,0.22809655172413795,0.22809655172413795,18.186315737396715,tp,2.0,True,tp,bull,close_vs_ema50,1787241600,72644.6,65655.0649941423
3287,1787261434,DOSUSDT,SHORT,ema_cross_confirmed,ema_cross_confirmed,1,,sl,poll,1787362186,0.2289,0.25536896551724136,0.17596206896551725,0.2572,-12.363477501092177,sl,-1.069176654507556,True,sl,bull,close_vs_ema50,1787241600,72644.6,65655.0649941423
3309,1787264860,PNUTUSDT,LONG,overheated_early,overheated_early,1,,tp,wick,1787302391,0.05177,0.04997910714285714,0.05535178571428571,0.05535178571428571,6.91865117690885,tp,1.9999999999999962,True,tp,bull,close_vs_ema50,1787241600,72644.6,65655.0649941423
3310,1787265027,JASMYUSDT,LONG,ema_cross_confirmed,ema_cross_confirmed,1,,tp,poll,1787297368,0.003892,0.003761551724137931,0.004152896551724138,0.004155,6.757451181911607,tp,2.016124768702088,True,tp,bull,close_vs_ema50,1787241600,72644.6,65655.0649941423
3311,1787265051,ONTUSDT,LONG,overheated_early,overheated_early,1,,sl,poll,1787300851,0.05014,0.04832553571428571,0.05376892857142857,0.0478,-4.666932588751486,sl,-1.2896368467670465,True,sl,bull,close_vs_ema50,1787241600,72644.6,65655.0649941423
3312,1787265155,ONGUSDT,LONG,overheated_early,overheated_early,1,,sl,wick,1787265392,0.09322,0.08576928571428571,0.10812142857142856,0.08576928571428571,-7.992613479633429,sl,-1.0,True,sl,bull,close_vs_ema50,1787241600,72644.6,65655.0649941423
3331,1787267001,PEOPLEUSDT,LONG,overheated_confirmed,overheated_confirmed,1,,sl,wick,1787267914,0.010518,0.010056375,0.01144125,0.010056375,-4.388904734740447,sl,-1.0,True,sl,bull,close_vs_ema50,1787241600,72644.6,65655.0649941423
3337,1787269135,ORDIUSDT,LONG,overheated_early,overheated_early,1,,tp,wick,1787299265,4.166,4.004803571428572,4.488392857142857,4.488392857142857,7.738666758109863,tp,2.0,True,tp,bull,close_vs_ema50,1787241600,72644.6,65655.0649941423
3338,1787269516,DEXEUSDT,LONG,ema_cross_confirmed,ema_cross_confirmed,1,,sl,poll,1787462600,1.951,1.858103448275862,2.136793103448276,1.845,-5.433111225012818,sl,-1.1410541945063102,True,sl,bull,close_vs_ema50,1787241600,72644.6,65655.0649941423
3339,1787269519,龙虾USDT,LONG,overheated_confirmed,overheated_confirmed,1,,sl,poll,1787340203,0.023891,0.022225196428571427,0.027222607142857142,0.021833,-8.614122472897733,sl,-1.2354397813153224,True,sl,bull,close_vs_ema50,1787241600,72644.6,65655.0649941423
3340,1787270422,COREUSDT,LONG,overheated_confirmed,overheated_confirmed,1,,tp,poll,1787414428,0.02532,0.024126964285714286,0.027706071428571424,0.02772,9.478672985782001,tp,2.0116748989672257,True,tp,bull,close_vs_ema50,1787256000,72994.5,65942.88597476417
3348,1787271184,CROSSUSDT,LONG,overheated_early,overheated_early,1,,sl,poll,1787340203,0.12751,0.12103428571428573,0.14046142857142857,0.10614,-16.759469845502323,sl,-3.3000220604456265,True,sl,bull,close_vs_ema50,1787256000,72994.5,65942.88597476417
3349,1787271199,FORMUSDT,LONG,overheated_early,overheated_early,1,,tp,poll,1787309309,0.2472,0.2380875,0.265425,0.2655,7.402912621359227,tp,2.008230452674899,True,tp,bull,close_vs_ema50,1787256000,72994.5,65942.88597476417
3352,1787290722,ENAUSDT,LONG,overheated_confirmed,overheated_confirmed,1,,tp,wick,1787302093,0.12906,0.12408428571428572,0.1390114285714286,0.1390114285714286,7.710699342498514,tp,2.0,True,tp,bull,close_vs_ema50,1787270400,74482.7,66277.78064242048
3353,1787290755,XRPUSDT,LONG,overheated_early,overheated_early,1,,tp,poll,1787302333,1.306,1.2654892857142859,1.3870214285714286,1.3882,6.294027565084231,tp,2.029092832583979,True,tp,bull,close_vs_ema50,1787270400,74482.7,66277.78064242048
3355,1787290793,MOODENGUSDT,LONG,overheated_early,overheated_early,1,,tp,poll,1787358456,0.04511,0.04353660714285714,0.04825678571428571,0.04956,9.864774994458,tp,2.828282828282831,True,tp,bull,close_vs_ema50,1787270400,74482.7,66277.78064242048
3356,1787290806,COLLECTUSDT,LONG,overheated_early,overheated_early,1,,sl,wick,1787300708,0.06943,0.06533125000000001,0.0776275,0.06533125000000001,-5.903427913005903,sl,-1.0,True,sl,bull,close_vs_ema50,1787270400,74482.7,66277.78064242048
3357,1787290811,ONGUSDT,LONG,overheated_early,overheated_early,1,,sl,poll,1787294335,0.1313,0.11766017857142858,0.15857964285714285,0.11642,-11.332825590251336,sl,-1.0909233730018466,True,sl,bull,close_vs_ema50,1787270400,74482.7,66277.78064242048
3358,1787290843,SPKUSDT,LONG,overheated_confirmed,overheated_confirmed,1,,tp,wick,1787292036,0.01738,0.016926785714285714,0.01828642857142857,0.01828642857142857,5.21535426598718,tp,2.0,True,tp,bull,close_vs_ema50,1787270400,74482.7,66277.78064242048
3359,1787290881,PROMUSDT,LONG,overheated_early,overheated_early,1,,tp,poll,1787321355,2.24,2.0755357142857145,2.5689285714285717,2.571,14.77678571428571,tp,2.012595005428881,True,tp,bull,close_vs_ema50,1787270400,74482.7,66277.78064242048
3361,1787290914,GALAUSDT,LONG,overheated_early,overheated_early,1,,tp,wick,1787300531,0.001656,0.0015721071428571427,0.0018237857142857142,0.0018237857142857142,10.131987577639752,tp,1.9999999999999973,True,tp,bull,close_vs_ema50,1787270400,74482.7,66277.78064242048
3363,1787290975,GASUSDT,LONG,overheated_early,overheated_early,1,,tp,poll,1787358456,1.146,1.1075357142857143,1.2229285714285714,1.318,15.008726003490418,tp,4.471680594243283,True,tp,bull,close_vs_ema50,1787270400,74482.7,66277.78064242048
3528,1787290990,RSRUSDT,LONG,overheated_confirmed,overheated_confirmed,1,cont_ttl_expired,ttl_expired,,,0.001443,0.001443,0.001443,,,other,,False,,unknown,snapshot_missing,,,
3365,1787290999,PENGUUSDT,LONG,overheated_early,overheated_early,1,,tp,poll,1787319679,0.007484,0.0072288392857142855,0.007994321428571429,0.008049,7.549438802779267,tp,2.2142907131359766,True,tp,bull,close_vs_ema50,1787270400,74482.7,66277.78064242048
3366,1787291030,ANDURILUSDT,LONG,overheated_early,overheated_early,1,,sl,poll,1787886469,128.48,121.0630357142857,143.31392857142856,114.19,-11.12235367372353,sl,-1.926664259058624,True,sl,unknown,snapshot_missing,,,
3367,1787291060,PUMPUSDT,LONG,overheated_early,overheated_early,1,,tp,wick,1787380166,0.003891,0.0036471964285714285,0.004378607142857142,0.004378607142857142,12.531666483092842,tp,1.9999999999999982,True,tp,bull,close_vs_ema50,1787270400,74482.7,66277.78064242048
3368,1787291065,PEPEUSDT,LONG,overheated_early,overheated_early,1,,tp,poll,1787306393,3.352e-06,3.2409464285714284e-06,3.574107142857143e-06,3.577e-06,6.712410501193317,tp,2.0260492040520974,True,tp,bull,close_vs_ema50,1787270400,74482.7,66277.78064242048
3371,1787291143,TURBOUSDT,LONG,overheated_confirmed,overheated_confirmed,1,,tp,poll,1787300587,0.0009548,0.0009275803571428572,0.0010092392857142857,0.0010095,5.728948470883952,tp,2.009578167027489,True,tp,bull,close_vs_ema50,1787270400,74482.7,66277.78064242048
3372,1787291145,WIFUSDT,LONG,overheated_confirmed,overheated_confirmed,1,,tp,poll,1787306545,0.1699,0.16485357142857143,0.17999285714285712,0.18,5.944673337257209,tp,2.0014154281670233,True,tp,bull,close_vs_ema50,1787270400,74482.7,66277.78064242048
3375,1787291830,TRADOORUSDT,LONG,ema_cross,ema_cross,1,,sl,poll,1787380071,0.653,0.6324827586206897,0.6940344827586208,0.607,-7.044410413476269,sl,-2.242016806722693,True,sl,bull,close_vs_ema50,1787270400,74482.7,66277.78064242048
3535,1787291830,TRADOORUSDT,LONG,ema_cross_confirmed,ema_cross_confirmed,1,cont_ttl_expired,ttl_expired,,,0.653,0.653,0.653,,,other,,False,,unknown,snapshot_missing,,,
3376,1787291869,PTBUSDT,LONG,ema_cross,ema_cross,1,,tp,wick,1787320339,0.000902,0.0008723517241379311,0.000961296551724138,0.000961296551724138,6.573897086933257,tp,2.0000000000000036,True,tp,bull,close_vs_ema50,1787270400,74482.7,66277.78064242048
3536,1787291869,PTBUSDT,LONG,ema_cross_confirmed,ema_cross_confirmed,1,cont_ttl_expired,ttl_expired,,,0.000902,0.000902,0.000902,,,other,,False,,unknown,snapshot_missing,,,
3377,1787291872,JELLYJELLYUSDT,LONG,ema_cross,ema_cross,1,,sl,poll,1787313689,0.05881,0.05784724137931035,0.060735517241379315,0.05783,-1.6663832681516777,sl,-1.017908309455591,True,sl,bull,close_vs_ema50,1787270400,74482.7,66277.78064242048
3537,1787291872,JELLYJELLYUSDT,LONG,ema_cross_confirmed,ema_cross_confirmed,1,cont_ttl_expired,ttl_expired,,,0.05881,0.05881,0.05881,,,other,,False,,unknown,snapshot_missing,,,
3378,1787291880,GWEIUSDT,LONG,ema_cross,ema_cross,1,,sl,poll,1787340203,0.024388,0.02324813793103448,0.026667724137931035,0.022904,-6.084959816303097,sl,-1.3019119070667928,True,sl,bull,close_vs_ema50,1787270400,74482.7,66277.78064242048
3538,1787291880,GWEIUSDT,LONG,ema_cross_confirmed,ema_cross_confirmed,1,cont_ttl_expired,ttl_expired,,,0.024388,0.024388,0.024388,,,other,,False,,unknown,snapshot_missing,,,
3379,1787291922,SENTUSDT,LONG,ema_cross,ema_cross,1,,tp,poll,1787301791,0.01275,0.012532413793103448,0.013185172413793102,0.01319,3.450980392156872,tp,2.0221870047543726,True,tp,bull,close_vs_ema50,1787270400,74482.7,66277.78064242048
3539,1787291922,SENTUSDT,LONG,ema_cross_confirmed,ema_cross_confirmed,1,cont_ttl_expired,ttl_expired,,,0.01275,0.01275,0.01275,,,other,,False,,unknown,snapshot_missing,,,
3380,1787291932,VOLXUSDT,SHORT,ema_cross,ema_cross,1,,tp,wick,1787420308,16.3,16.873551724137933,15.152896551724137,15.152896551724137,7.037444467950086,tp,2.0,True,tp,bull,close_vs_ema50,1787270400,74482.7,66277.78064242048
3540,1787291932,VOLXUSDT,SHORT,ema_cross_confirmed,ema_cross_confirmed,1,cont_ttl_expired,ttl_expired,,,16.3,16.3,16.3,,,other,,False,,unknown,snapshot_missing,,,
3381,1787291937,币安人生USDT,LONG,ema_cross,ema_cross,1,,tp,poll,1787299990,0.4865,0.46884241379310343,0.521815172413793,0.52617,8.154162384378221,tp,2.2466264377917096,True,tp,bull,close_vs_ema50,1787270400,74482.7,66277.78064242048
3382,1787291939,FHEUSDT,LONG,ema_cross,ema_cross,1,,sl,wick,1787303305,0.02725,0.025679655172413794,0.030390689655172415,0.025679655172413794,-5.762733312242958,sl,-1.0,True,sl,bull,close_vs_ema50,1787270400,74482.7,66277.78064242048
3541,1787291939,FHEUSDT,LONG,ema_cross_confirmed,ema_cross_confirmed,1,cont_ttl_expired,ttl_expired,,,0.02725,0.02725,0.02725,,,other,,False,,unknown,snapshot_missing,,,
3383,1787291991,币安人生USDT,LONG,ema_cross_confirmed,ema_cross_confirmed,1,,tp,poll,1787302032,0.4867,0.4602136206896552,0.5396727586206896,0.54483,11.94370248613109,tp,2.1947129624205046,True,tp,bull,close_vs_ema50,1787270400,74482.7,66277.78064242048
3384,1787292016,GALAUSDT,LONG,ema_cross,ema_cross,1,,tp,wick,1787298994,0.001656,0.0016010344827586205,0.0017659310344827585,0.0017659310344827585,6.638347492920206,tp,1.999999999999996,True,tp,bull,close_vs_ema50,1787270400,74482.7,66277.78064242048
3385,1787292085,JUSUNGUSDT,SHORT,ema_cross,ema_cross,1,,sl,wick,1787627420,121.08,125.44758620689655,112.34482758620689,125.44758620689655,-3.6071904582891867,sl,-1.0,True,sl,bull,close_vs_ema50,1787270400,74482.7,66277.78064242048
3542,1787292085,JUSUNGUSDT,SHORT,ema_cross_confirmed,ema_cross_confirmed,1,cont_ttl_expired,ttl_expired,,,121.08,121.08,121.08,,,other,,False,,unknown,snapshot_missing,,,
3389,1787292943,SPKUSDT,LONG,overheated_confirmed,overheated_confirmed,1,,sl,poll,1787292998,0.01836,0.017906785714285715,0.01903982142857143,0.01773,-3.4313725490196187,sl,-1.3900709219858194,True,sl,bull,close_vs_ema50,1787270400,74482.7,66277.78064242048
3390,1787292955,PEPEUSDT,LONG,overheated_confirmed,overheated_confirmed,1,,tp,poll,1787307445,3.418e-06,3.3069464285714287e-06,3.640107142857143e-06,3.641e-06,6.524283206553534,tp,2.008039877793855,True,tp,bull,close_vs_ema50,1787270400,74482.7,66277.78064242048
3391,1787292991,GOATUSDT,LONG,overheated_early,overheated_early,1,,sl,poll,1787303276,0.015508,0.01507605357142857,0.016371892857142856,0.015055,-2.9210729945834317,sl,-1.048741163338703,True,sl,bull,close_vs_ema50,1787270400,74482.7,66277.78064242048
3546,1787293018,EIGENUSDT,LONG,overheated_confirmed,overheated_confirmed,1,cont_ttl_expired,ttl_expired,,,0.2092,0.2092,0.2092,,,other,,False,,unknown,snapshot_missing,,,
3394,1787293060,FARTCOINUSDT,LONG,overheated_early,overheated_early,1,,tp,poll,1787320250,0.17229,0.16475946428571428,0.18735107142857144,0.18752,8.839746938301696,tp,2.0224324772948212,True,tp,bull,close_vs_ema50,1787270400,74482.7,66277.78064242048
3395,1787293065,PEOPLEUSDT,LONG,overheated_early,overheated_early,1,,tp,poll,1787301610,0.010903,0.010351267857142857,0.012006464285714285,0.012201,11.904980280656705,tp,2.3525908664271657,True,tp,bull,close_vs_ema50,1787270400,74482.7,66277.78064242048
3396,1787293077,FORMUSDT,LONG,overheated_confirmed,overheated_confirmed,1,,tp,poll,1787343355,0.2574,0.24876428571428574,0.27467142857142857,0.2747,6.721056721056714,tp,2.003308519437552,True,tp,bull,close_vs_ema50,1787270400,74482.7,66277.78064242048
3397,1787293127,XPLUSDT,LONG,overheated_early,overheated_early,1,,tp,poll,1787305527,0.09447,0.09105964285714285,0.10129071428571428,0.1015,7.44151582512968,tp,2.0613676824798417,True,tp,bull,close_vs_ema50,1787270400,74482.7,66277.78064242048
3553,1787294546,SPKUSDT,LONG,overheated_confirmed,overheated_confirmed,1,cont_ttl_expired,ttl_expired,,,0.01698,0.01698,0.01698,,,other,,False,,unknown,snapshot_missing,,,
3555,1787294660,BTWUSDT,LONG,overheated_confirmed,overheated_confirmed,1,cont_ttl_expired,ttl_expired,,,0.483383,0.483383,0.483383,,,other,,False,,unknown,snapshot_missing,,,
3554,1787294684,STXUSDT,LONG,overheated_confirmed,overheated_confirmed,1,cont_ttl_expired,ttl_expired,,,0.1549,0.1549,0.1549,,,other,,False,,unknown,snapshot_missing,,,
3556,1787294689,BCHUSDT,LONG,overheated_confirmed,overheated_confirmed,1,cont_ttl_expired,ttl_expired,,,249.04,249.04,249.04,,,other,,False,,unknown,snapshot_missing,,,
3557,1787294697,COLLECTUSDT,LONG,overheated_confirmed,overheated_confirmed,1,cont_ttl_expired,ttl_expired,,,0.0714,0.0714,0.0714,,,other,,False,,unknown,snapshot_missing,,,
3559,1787294709,PEPEUSDT,LONG,overheated_confirmed,overheated_confirmed,1,cont_ttl_expired,ttl_expired,,,3.409e-06,3.409e-06,3.409e-06,,,other,,False,,unknown,snapshot_missing,,,
3558,1787294714,HEMIUSDT,LONG,overheated_confirmed,overheated_confirmed,1,cont_ttl_expired,ttl_expired,,,0.011046,0.011046,0.011046,,,other,,False,,unknown,snapshot_missing,,,
3402,1787294719,BTWUSDT,LONG,overheated_confirmed,overheated_confirmed,1,,sl,wick,1787567845,0.49424,0.38266223214285716,0.7173955357142857,0.38266223214285716,-22.57562476876474,sl,-1.0,True,sl,bull,close_vs_ema50,1787270400,74482.7,66277.78064242048
3560,1787294766,ENAUSDT,LONG,overheated_confirmed,overheated_confirmed,1,cont_ttl_expired,ttl_expired,,,0.12929,0.12929,0.12929,,,other,,False,,unknown,snapshot_missing,,,
3564,1787294832,FORMUSDT,LONG,overheated_confirmed,overheated_confirmed,1,cont_ttl_expired,ttl_expired,,,0.2558,0.2558,0.2558,,,other,,False,,unknown,snapshot_missing,,,
3563,1787294844,CRVUSDT,LONG,overheated_confirmed,overheated_confirmed,1,cont_ttl_expired,ttl_expired,,,0.3127,0.3127,0.3127,,,other,,False,,unknown,snapshot_missing,,,
3570,1787294910,TURBOUSDT,LONG,overheated_confirmed,overheated_confirmed,1,cont_ttl_expired,ttl_expired,,,0.0009657,0.0009657,0.0009657,,,other,,False,,unknown,snapshot_missing,,,
3404,1787294921,XPINUSDT,LONG,overheated_early,overheated_early,1,,sl,poll,1787318377,0.0013512,0.0012080303571428573,0.001637539285714286,0.0011811,-12.588809946714036,sl,-1.1881010289990654,True,sl,bull,close_vs_ema50,1787270400,74482.7,66277.78064242048
3405,1787294929,ONGUSDT,LONG,overheated_early,overheated_early,1,,sl,poll,1787300051,0.11461,0.10097017857142858,0.14188964285714287,0.09901,-13.611377715731614,sl,-1.1437099878245165,True,sl,bull,close_vs_ema50,1787270400,74482.7,66277.78064242048
3576,1787295814,DOSUSDT,SHORT,ema_cross_confirmed,ema_cross_confirmed,1,cont_ttl_expired,ttl_expired,,,0.2338,0.2338,0.2338,,,other,,False,,unknown,snapshot_missing,,,
3413,1787296506,PEOPLEUSDT,LONG,overheated_confirmed,overheated_confirmed,1,,tp,poll,1787301610,0.010998,0.010446267857142859,0.012101464285714285,0.012201,10.938352427714122,tp,2.180405864647055,True,tp,bull,close_vs_ema50,1787270400,74482.7,66277.78064242048
3581,1787296760,ENSUSDT,LONG,overheated_confirmed,overheated_confirmed,1,cont_ttl_expired,ttl_expired,,,4.807,4.807,4.807,,,other,,False,,unknown,snapshot_missing,,,
3417,1787296762,BOMEUSDT,LONG,overheated_confirmed,overheated_confirmed,1,,tp,poll,1787298454,0.0012914,0.0011994982142857144,0.0014752035714285714,0.0014901,15.386402354034379,tp,2.1620907412804833,True,tp,bull,close_vs_ema50,1787270400,74482.7,66277.78064242048
3418,1787296773,AIOTUSDT,LONG,overheated_early,overheated_early,1,,sl,wick,1787389993,0.04389,0.041267142857142856,0.04913571428571428,0.041267142857142856,-5.9759789083097345,sl,-1.0,True,sl,bull,close_vs_ema50,1787270400,74482.7,66277.78064242048
3419,1787296805,GWEIUSDT,LONG,overheated_early,overheated_early,1,,sl,poll,1787340203,0.025193,0.023476035714285713,0.028626928571428574,0.022904,-9.085857182550706,sl,-1.3331669266770658,True,sl,bull,close_vs_ema50,1787270400,74482.7,66277.78064242048
3582,1787296946,SSVUSDT,LONG,overheated_confirmed,overheated_confirmed,1,cont_ttl_expired,ttl_expired,,,2.733,2.733,2.733,,,other,,False,,unknown,snapshot_missing,,,
3583,1787296952,CHIPUSDT,LONG,overheated_confirmed,overheated_confirmed,1,cont_ttl_expired,ttl_expired,,,0.03341,0.03341,0.03341,,,other,,False,,unknown,snapshot_missing,,,
3422,1787296970,BRETTUSDT,LONG,overheated_early,overheated_early,1,,tp,wick,1787308165,0.004779,0.004590910714285715,0.005155178571428572,0.005155178571428572,7.871491346067621,tp,2.0000000000000044,True,tp,bull,close_vs_ema50,1787270400,74482.7,66277.78064242048
3586,1787296995,XPINUSDT,LONG,overheated_confirmed,overheated_confirmed,1,cont_ttl_expired,ttl_expired,,,0.0013098,0.0013098,0.0013098,,,other,,False,,unknown,snapshot_missing,,,
3587,1787297000,PROMUSDT,LONG,overheated_confirmed,overheated_confirmed,1,cont_ttl_expired,ttl_expired,,,2.334,2.334,2.334,,,other,,False,,unknown,snapshot_missing,,,
3424,1787297064,PROMUSDT,LONG,overheated_confirmed,overheated_confirmed,1,,tp,wick,1787343148,2.339,2.1745357142857142,2.6679285714285714,2.6679285714285714,14.062786294509255,tp,2.0,True,tp,bull,close_vs_ema50,1787270400,74482.7,66277.78064242048
3426,1787297413,SENTUSDT,LONG,ema_cross_confirmed,ema_cross_confirmed,1,,tp,poll,1787358456,0.01292,0.012593620689655171,0.013572758620689655,0.01361,5.340557275541808,tp,2.114104595879559,True,tp,bull,close_vs_ema50,1787270400,74482.7,66277.78064242048
3427,1787297415,GALAUSDT,LONG,ema_cross_confirmed,ema_cross_confirmed,1,,tp,poll,1787302689,0.001725,0.001642551724137931,0.001889896551724138,0.001891,9.62318840579711,tp,2.0133835215391054,True,tp,bull,close_vs_ema50,1787270400,74482.7,66277.78064242048
3428,1787297423,XPLUSDT,LONG,overheated_confirmed,overheated_confirmed,1,,tp,poll,1787305527,0.09449,0.09107964285714286,0.1013107142857143,0.1015,7.418774473489261,tp,2.0555031940517323,True,tp,bull,close_vs_ema50,1787270400,74482.7,66277.78064242048
3429,1787297424,ENSUSDT,LONG,overheated_confirmed,overheated_confirmed,1,,tp,wick,1787302509,4.803,4.661678571428571,5.085642857142857,5.085642857142857,5.884714910323906,tp,2.0,True,tp,bull,close_vs_ema50,1787270400,74482.7,66277.78064242048
3430,1787297425,SSVUSDT,LONG,overheated_confirmed,overheated_confirmed,1,,tp,poll,1787297912,2.803,2.72875,2.9515000000000002,2.958,5.5297895112379685,tp,2.0875420875420865,True,tp,bull,close_vs_ema50,1787270400,74482.7,66277.78064242048
3600,1787298745,WIFUSDT,LONG,overheated_confirmed,overheated_confirmed,1,cont_ttl_expired,ttl_expired,,,0.1732,0.1732,0.1732,,,other,,False,,unknown,snapshot_missing,,,
3601,1787298799,ORDIUSDT,LONG,overheated_confirmed,overheated_confirmed,1,cont_ttl_expired,ttl_expired,,,4.41,4.41,4.41,,,other,,False,,unknown,snapshot_missing,,,
3602,1787298841,FETUSDT,LONG,overheated_confirmed,overheated_confirmed,1,cont_ttl_expired,ttl_expired,,,0.151,0.151,0.151,,,other,,False,,unknown,snapshot_missing,,,
3434,1787298865,FETUSDT,LONG,overheated_confirmed,overheated_confirmed,1,,tp,wick,1787302333,0.1504,0.14526785714285714,0.16066428571428573,0.16066428571428573,6.824658054711254,tp,2.0,True,tp,bull,close_vs_ema50,1787270400,74482.7,66277.78064242048
3603,1787298874,USELESSUSDT,LONG,overheated_confirmed,overheated_confirmed,1,cont_ttl_expired,ttl_expired,,,0.05337,0.05337,0.05337,,,other,,False,,unknown,snapshot_missing,,,
3436,1787298890,COREUSDT,LONG,overheated_early,overheated_early,1,,tp,poll,1787414428,0.02501,0.023727500000000002,0.027575000000000002,0.02772,10.83566573370652,tp,2.113060428849905,True,tp,bull,close_vs_ema50,1787270400,74482.7,66277.78064242048
3604,1787298910,BRETTUSDT,LONG,overheated_confirmed,overheated_confirmed,1,cont_ttl_expired,ttl_expired,,,0.004921,0.004921,0.004921,,,other,,False,,unknown,snapshot_missing,,,
3605,1787298927,PYTHUSDT,LONG,overheated_confirmed,overheated_confirmed,1,cont_ttl_expired,ttl_expired,,,0.05023,0.05023,0.05023,,,other,,False,,unknown,snapshot_missing,,,
3606,1787298939,BONKUSDT,LONG,overheated_confirmed,overheated_confirmed,1,cont_ttl_expired,ttl_expired,,,2.908e-06,2.908e-06,2.908e-06,,,other,,False,,unknown,snapshot_missing,,,
3607,1787298954,币安人生USDT,LONG,overheated_confirmed,overheated_confirmed,1,cont_ttl_expired,ttl_expired,,,0.52002,0.52002,0.52002,,,other,,False,,unknown,snapshot_missing,,,
3608,1787299001,GALAUSDT,LONG,overheated_confirmed,overheated_confirmed,1,cont_ttl_expired,ttl_expired,,,0.00175,0.00175,0.00175,,,other,,False,,unknown,snapshot_missing,,,
3442,1787299013,YBUSDT,LONG,overheated_early,overheated_early,1,,tp,poll,1787358456,0.0894,0.08608392857142856,0.09603214285714284,0.0965,7.941834451901576,tp,2.1410877759827684,True,tp,bull,close_vs_ema50,1787270400,74482.7,66277.78064242048
3443,1787299048,GALAUSDT,LONG,overheated_confirmed,overheated_confirmed,1,,tp,poll,1787309578,0.001752,0.0016681071428571428,0.0019197857142857146,0.001925,9.87442922374429,tp,2.0621541081311165,True,tp,bull,close_vs_ema50,1787270400,74482.7,66277.78064242048
3448,1787299220,BRETTUSDT,LONG,overheated_confirmed,overheated_confirmed,1,,tp,poll,1787358456,0.004926,0.0047379107142857145,0.0053021785714285705,0.00546,10.840438489646768,tp,2.8390771859869024,True,tp,bull,close_vs_ema50,1787284800,76303.5,66670.9461074236
3449,1787299227,ORDIUSDT,LONG,overheated_confirmed,overheated_confirmed,1,,sl,poll,1787312129,4.495,4.321428571428571,4.842142857142858,4.313,-4.0489432703003425,sl,-1.048559670781893,True,sl,bull,close_vs_ema50,1787284800,76303.5,66670.9461074236
3450,1787299228,USELESSUSDT,LONG,overheated_confirmed,overheated_confirmed,1,,tp,poll,1787358456,0.05527,0.05233,0.061149999999999996,0.06469,17.04360412520354,tp,3.2040816326530623,True,tp,bull,close_vs_ema50,1787284800,76303.5,66670.9461074236
3463,1787299975,MINIMAXUSDT,LONG,ema_cross,ema_cross,1,,sl,poll,1787340203,44.23,42.710344827586205,47.26931034482758,42.09,-4.838345014695894,sl,-1.4082142046743784,True,sl,bull,close_vs_ema50,1787284800,76303.5,66670.9461074236
3623,1787299975,MINIMAXUSDT,LONG,ema_cross_confirmed,ema_cross_confirmed,1,cont_ttl_expired,ttl_expired,,,44.23,44.23,44.23,,,other,,False,,unknown,snapshot_missing,,,
3464,1787300042,GUAUSDT,SHORT,ema_cross,ema_cross,1,,sl,wick,1787358456,0.04239,0.0437203448275862,0.03972931034482758,0.0437203448275862,-3.138345901359295,sl,-1.0,True,sl,bull,close_vs_ema50,1787284800,76303.5,66670.9461074236
3624,1787300042,GUAUSDT,SHORT,ema_cross_confirmed,ema_cross_confirmed,1,cont_ttl_expired,ttl_expired,,,0.04239,0.04239,0.04239,,,other,,False,,unknown,snapshot_missing,,,
3466,1787300128,币安人生USDT,LONG,overheated_confirmed,overheated_confirmed,1,,tp,poll,1787382140,0.5265,0.5012758928571428,0.5769482142857143,0.57737,9.661918328585012,tp,2.01672153198117,True,tp,bull,close_vs_ema50,1787284800,76303.5,66670.9461074236
3467,1787300166,STABLEUSDT,LONG,ema_cross,ema_cross,1,,sl,poll,1787411580,0.03215,0.030827241379310342,0.03479551724137931,0.03081,-4.167962674961112,sl,-1.0130344108446272,True,sl,bull,close_vs_ema50,1787284800,76303.5,66670.9461074236
3631,1787300166,STABLEUSDT,LONG,ema_cross_confirmed,ema_cross_confirmed,1,cont_ttl_expired,ttl_expired,,,0.03215,0.03215,0.03215,,,other,,False,,unknown,snapshot_missing,,,
3468,1787300209,COWUSDT,LONG,ema_cross,ema_cross,1,,tp,poll,1787358456,0.1144,0.11034137931034482,0.12251724137931035,0.1228,7.342657342657347,tp,2.069668649107899,True,tp,bull,close_vs_ema50,1787284800,76303.5,66670.9461074236
3632,1787300209,COWUSDT,LONG,ema_cross_confirmed,ema_cross_confirmed,1,cont_ttl_expired,ttl_expired,,,0.1144,0.1144,0.1144,,,other,,False,,unknown,snapshot_missing,,,
3470,1787300251,COWUSDT,LONG,ema_cross_confirmed,ema_cross_confirmed,1,,tp,wick,1787555254,0.1147,0.10861206896551724,0.1268758620689655,0.1268758620689655,10.615398490815613,tp,2.0,True,tp,bull,close_vs_ema50,1787284800,76303.5,66670.9461074236
3473,1787300972,ASTEROIDUSDT,LONG,overheated_confirmed,overheated_confirmed,1,,sl,poll,1787340203,7.51e-05,6.886964285714285e-05,8.756071428571428e-05,6.85e-05,-8.788282290279625,sl,-1.0593293207222694,True,sl,bull,close_vs_ema50,1787284800,76303.5,66670.9461074236
3476,1787301093,BERAUSDT,LONG,overheated_confirmed,overheated_confirmed,1,,sl,poll,1787302983,0.192,0.18623035714285716,0.2035392857142857,0.1857,-3.28125,sl,-1.0919220055710324,True,sl,bull,close_vs_ema50,1787284800,76303.5,66670.9461074236
3478,1787301154,XRPUSDT,LONG,overheated_confirmed,overheated_confirmed,1,,tp,poll,1787358456,1.3529,1.3112107142857143,1.4362785714285713,1.4546,7.51718530563973,tp,2.439475713184273,True,tp,bull,close_vs_ema50,1787284800,76303.5,66670.9461074236
3481,1787301906,PEOPLEUSDT,LONG,overheated_confirmed,overheated_confirmed,1,,sl,wick,1787303481,0.012361,0.011752214285714286,0.01357857142857143,0.011752214285714286,-4.92505229581518,sl,-1.0,True,sl,bull,close_vs_ema50,1787284800,76303.5,66670.9461074236
3482,1787301910,PTBUSDT,LONG,ema_cross_confirmed,ema_cross_confirmed,1,,tp,wick,1787340244,0.0008975,0.0008530275862068965,0.000986444827586207,0.000986444827586207,9.910287196234766,tp,2.000000000000002,True,tp,bull,close_vs_ema50,1787284800,76303.5,66670.9461074236
3484,1787302804,ENAUSDT,LONG,overheated_confirmed,overheated_confirmed,1,,sl,poll,1787303041,0.14177,0.13679428571428573,0.1492335714285714,0.13674,-3.5480002821471444,sl,-1.0109101349411456,True,sl,bull,close_vs_ema50,1787284800,76303.5,66670.9461074236
3485,1787302805,TURBOUSDT,LONG,overheated_confirmed,overheated_confirmed,1,,sl,poll,1787303041,0.0010584,0.001031180357142857,0.0010992294642857142,0.0010264,-3.023431594860158,sl,-1.1756215967985237,True,sl,bull,close_vs_ema50,1787284800,76303.5,66670.9461074236
3486,1787302808,STXUSDT,LONG,overheated_confirmed,overheated_confirmed,1,,sl,poll,1787303041,0.1636,0.15926607142857144,0.1722678571428571,0.1587,-2.9951100244498705,sl,-1.1306139266584267,True,sl,bull,close_vs_ema50,1787284800,76303.5,66670.9461074236
3487,1787302812,JELLYJELLYUSDT,LONG,ema_cross_confirmed,ema_cross_confirmed,1,,sl,wick,1787303305,0.06021,0.058765862068965516,0.06309827586206897,0.058765862068965516,-2.398501795440099,sl,-1.0,True,sl,bull,close_vs_ema50,1787284800,76303.5,66670.9461074236
3488,1787302815,币安人生USDT,LONG,ema_cross_confirmed,ema_cross_confirmed,1,,sl,wick,1787303305,0.5652,0.5387136206896552,0.5916863793103448,0.5387136206896552,-4.686195914781459,sl,-1.0,True,sl,bull,close_vs_ema50,1787284800,76303.5,66670.9461074236
3489,1787302816,GALAUSDT,LONG,ema_cross_confirmed,ema_cross_confirmed,1,,sl,wick,1787303783,0.001913,0.001830551724137931,0.001995448275862069,0.001830551724137931,-4.309894190385208,sl,-1.0,True,sl,bull,close_vs_ema50,1787284800,76303.5,66670.9461074236
3490,1787302818,EIGENUSDT,LONG,overheated_confirmed,overheated_confirmed,1,,sl,wick,1787303068,0.2135,0.2063375,0.22782499999999997,0.2063375,-3.3548009367681444,sl,-1.0,True,sl,bull,close_vs_ema50,1787284800,76303.5,66670.9461074236
3491,1787302824,ENSUSDT,LONG,overheated_confirmed,overheated_confirmed,1,,sl,wick,1787303068,5.118,4.976678571428572,5.329982142857143,4.976678571428572,-2.7612627700552674,sl,-1.0,True,sl,bull,close_vs_ema50,1787284800,76303.5,66670.9461074236
3492,1787302828,FETUSDT,LONG,overheated_confirmed,overheated_confirmed,1,,sl,wick,1787303126,0.1619,0.15676785714285713,0.16959821428571428,0.15676785714285713,-3.1699461748875004,sl,-1.0,True,sl,bull,close_vs_ema50,1787284800,76303.5,66670.9461074236
3498,1787303315,BBUSDT,LONG,overheated_confirmed,overheated_confirmed,1,,tp,poll,1787303783,0.01077,0.009963214285714285,0.01238357142857143,0.01242,15.320334261838443,tp,2.0451527224435586,True,tp,bull,close_vs_ema50,1787284800,76303.5,66670.9461074236
3501,1787303711,GWEIUSDT,LONG,ema_cross_confirmed,ema_cross_confirmed,1,,sl,wick,1787387238,0.024328,0.022618206896551724,0.02774758620689655,0.022618206896551724,-7.028087403190873,sl,-1.0,True,sl,bull,close_vs_ema50,1787284800,76303.5,66670.9461074236
3502,1787303714,HEMIUSDT,LONG,overheated_confirmed,overheated_confirmed,1,,tp,poll,1787313236,0.011241,0.009957160714285714,0.01380867857142857,0.01406,25.077840049817638,tp,2.195757702204604,True,tp,bull,close_vs_ema50,1787284800,76303.5,66670.9461074236
3520,1787304635,BBUSDT,LONG,overheated_confirmed,overheated_confirmed,1,,sl,poll,1787304924,0.01374,0.012933214285714286,0.014546785714285715,0.01267,-7.787481804949053,sl,-1.3262505533421858,True,sl,bull,close_vs_ema50,1787284800,76303.5,66670.9461074236
3668,1787305094,ONEUSDT,LONG,overheated_confirmed,overheated_confirmed,1,cont_ttl_expired,ttl_expired,,,0.000799,0.000799,0.000799,,,other,,False,,unknown,snapshot_missing,,,
3523,1787305130,ASTEROIDUSDT,LONG,overheated_early,overheated_early,1,,sl,wick,1787341262,7.44e-05,6.816964285714286e-05,8.68607142857143e-05,6.816964285714286e-05,-8.374135944700463,sl,-1.0,True,sl,bull,close_vs_ema50,1787284800,76303.5,66670.9461074236
3669,1787305191,PIEVERSEUSDT,LONG,overheated_confirmed,overheated_confirmed,1,cont_ttl_expired,ttl_expired,,,1.0817,1.0817,1.0817,,,other,,False,,unknown,snapshot_missing,,,
3525,1787305258,SPKUSDT,LONG,overheated_early,overheated_early,1,,sl,poll,1787395810,0.01761,0.016961785714285714,0.018906428571428574,0.0169,-4.031800113571847,sl,-1.0953168044077155,True,sl,bull,close_vs_ema50,1787284800,76303.5,66670.9461074236
3533,1787305535,PIEVERSEUSDT,LONG,overheated_confirmed,overheated_confirmed,1,,sl,wick,1787310806,1.1008,1.0347089285714286,1.2329821428571428,1.0347089285714286,-6.003912738787373,sl,-1.0,True,sl,bull,close_vs_ema50,1787284800,76303.5,66670.9461074236
3534,1787305536,IMXUSDT,LONG,overheated_confirmed,overheated_confirmed,1,,sl,poll,1787340203,0.1247,0.1202107142857143,0.13367857142857142,0.1177,-5.6134723336006465,sl,-1.5592680986475767,True,sl,bull,close_vs_ema50,1787284800,76303.5,66670.9461074236
3691,1787307149,ROBOUSDT,LONG,overheated_confirmed,overheated_confirmed,1,cont_ttl_expired,ttl_expired,,,0.0152,0.0152,0.0152,,,other,,False,,unknown,snapshot_missing,,,
3551,1787308214,XPLUSDT,LONG,overheated_confirmed,overheated_confirmed,1,,sl,wick,1787308647,0.1056,0.10218964285714285,0.10901035714285714,0.10218964285714285,-3.2295048701298725,sl,-1.0,True,sl,bull,close_vs_ema50,1787284800,76303.5,66670.9461074236
3565,1787309305,VELVETUSDT,LONG,overheated_confirmed,overheated_confirmed,1,,sl,poll,1787463063,0.77171,0.6621130357142857,0.9909039285714286,0.66131,-14.305892109730348,sl,-1.0073271711449259,True,sl,bull,close_vs_ema50,1787284800,76303.5,66670.9461074236
3571,1787309366,RIVERUSDT,LONG,overheated_confirmed,overheated_confirmed,1,,sl,poll,1787318377,3.139,3.0104285714285712,3.396142857142857,2.961,-5.6705957311245605,sl,-1.3844444444444441,True,sl,bull,close_vs_ema50,1787284800,76303.5,66670.9461074236
3575,1787310020,PUMPUSDT,LONG,overheated_confirmed,overheated_confirmed,1,,sl,wick,1787340936,0.004098,0.0038494821428571428,0.004470776785714286,0.0038494821428571428,-6.064369378791051,sl,-1.0,True,sl,bull,close_vs_ema50,1787284800,76303.5,66670.9461074236
3580,1787310918,PENGUUSDT,LONG,overheated_confirmed,overheated_confirmed,1,,tp,poll,1787358456,0.007863,0.00759225,0.0084045,0.008904,13.239221671117896,tp,3.8448753462603866,True,tp,bull,close_vs_ema50,1787284800,76303.5,66670.9461074236
3588,1787311575,MVLLUSDT,LONG,overheated_early,overheated_early,1,,sl,wick,1787321595,35.22,32.355,40.95,32.355,-8.134582623509376,sl,-1.0,True,sl,bull,close_vs_ema50,1787284800,76303.5,66670.9461074236
3592,1787311650,USUALUSDT,LONG,overheated_confirmed,overheated_confirmed,1,,sl,wick,1787311680,0.01181,0.011515892857142856,0.012398214285714285,0.011515892857142856,-2.4903229708479495,sl,-1.0,True,sl,bull,close_vs_ema50,1787284800,76303.5,66670.9461074236
3594,1787311772,XPLUSDT,LONG,overheated_confirmed,overheated_confirmed,1,,sl,poll,1787312908,0.10553,0.10198517857142857,0.11261964285714286,0.10188,-3.4587321140907803,sl,-1.029671049317414,True,sl,bull,close_vs_ema50,1787284800,76303.5,66670.9461074236
3595,1787311804,WIFUSDT,LONG,overheated_confirmed,overheated_confirmed,1,,sl,poll,1787313778,0.1891,0.18405357142857143,0.19919285714285712,0.1838,-2.8027498677948173,sl,-1.0502476999292303,True,sl,bull,close_vs_ema50,1787284800,76303.5,66670.9461074236
3596,1787311823,STXUSDT,LONG,overheated_confirmed,overheated_confirmed,1,,tp,poll,1787340203,0.1663,0.1616607142857143,0.17557857142857142,0.1762,5.95309681298857,tp,2.133949191685914,True,tp,bull,close_vs_ema50,1787284800,76303.5,66670.9461074236
3597,1787311828,JASMYUSDT,LONG,overheated_confirmed,overheated_confirmed,1,,tp,poll,1787361074,0.004359,0.004212857142857143,0.004651285714285714,0.004658,6.859371415462257,tp,2.0459433040078228,True,tp,bull,close_vs_ema50,1787284800,76303.5,66670.9461074236
3598,1787312731,YGGUSDT,LONG,overheated_confirmed,overheated_confirmed,1,,sl,wick,1787318377,0.02431,0.02364410714285714,0.025641785714285714,0.02364410714285714,-2.739172592113772,sl,-1.0,True,sl,bull,close_vs_ema50,1787284800,76303.5,66670.9461074236
3599,1787312732,SSVUSDT,LONG,overheated_confirmed,overheated_confirmed,1,,sl,wick,1787318377,2.899,2.797214285714286,3.1025714285714283,2.797214285714286,-3.511062928103282,sl,-1.0,True,sl,bull,close_vs_ema50,1787284800,76303.5,66670.9461074236
3613,1787313621,BCHUSDT,LONG,overheated_confirmed,overheated_confirmed,1,,tp,poll,1787340203,263.34,256.5433928571428,276.9332142857143,292.51,11.076934761145296,tp,4.291847297758847,True,tp,bull,close_vs_ema50,1787299200,76743.0,67065.92861301484
3614,1787313624,HEMIUSDT,LONG,overheated_confirmed,overheated_confirmed,1,,sl,poll,1787318377,0.014375,0.013085642857142858,0.016953714285714287,0.012876,-10.427826086956523,sl,-1.1625948700903004,True,sl,bull,close_vs_ema50,1787299200,76743.0,67065.92861301484
3615,1787313625,PLUMEUSDT,LONG,overheated_confirmed,overheated_confirmed,1,,sl,poll,1787341322,0.015035,0.014366107142857142,0.016372785714285715,0.014355,-4.5227801795809786,sl,-1.0166052645629768,True,sl,bull,close_vs_ema50,1787299200,76743.0,67065.92861301484
3616,1787313626,CRVUSDT,LONG,overheated_confirmed,overheated_confirmed,1,,tp,wick,1787361457,0.3239,0.31058214285714286,0.35053571428571434,0.35053571428571434,8.223437568914578,tp,2.0,True,tp,bull,close_vs_ema50,1787299200,76743.0,67065.92861301484
3618,1787313697,EDGEXUSDT,LONG,overheated_early,overheated_early,1,,sl,poll,1787387539,0.3778,0.35631250000000003,0.420775,0.3556,-5.876124933827421,sl,-1.0331588132635254,True,sl,bull,close_vs_ema50,1787299200,76743.0,67065.92861301484
3627,1787314510,PIEVERSEUSDT,LONG,overheated_confirmed,overheated_confirmed,1,,sl,poll,1787340203,1.1811,1.1150089285714286,1.2802366071428573,1.1007,-6.807213614427231,sl,-1.2165032017508317,True,sl,bull,close_vs_ema50,1787299200,76743.0,67065.92861301484
3629,1787314512,ROBOUSDT,LONG,overheated_confirmed,overheated_confirmed,1,,tp,poll,1787343890,0.01609,0.015083392857142858,0.018103214285714285,0.01816,12.865133623368546,tp,2.0564129856306543,True,tp,bull,close_vs_ema50,1787299200,76743.0,67065.92861301484
3633,1787314724,ROBOUSDT,LONG,ema_cross,ema_cross,1,,tp,poll,1787340203,0.01533,0.014604827586206896,0.016780344827586207,0.01736,13.242009132420096,tp,2.7993342843556825,True,tp,bull,close_vs_ema50,1787299200,76743.0,67065.92861301484
3634,1787314724,SLXUSDT,LONG,ema_cross,ema_cross,1,,sl,poll,1787380434,0.07162,0.06969103448275862,0.07547793103448276,0.06969,-2.6947779949734727,sl,-1.0005362888809444,True,sl,bull,close_vs_ema50,1787299200,76743.0,67065.92861301484
3635,1787314747,OPENUSDT,LONG,ema_cross,ema_cross,1,,tp,poll,1787360119,0.1733,0.16929310344827586,0.18131379310344828,0.1816,4.789382573571841,tp,2.0714285714285663,True,tp,bull,close_vs_ema50,1787299200,76743.0,67065.92861301484
3636,1787314768,ROBOUSDT,LONG,ema_cross_confirmed,ema_cross_confirmed,1,,sl,poll,1787380071,0.01609,0.015002241379310345,0.01826551724137931,0.01471,-8.576755748912364,sl,-1.2686638135996187,True,sl,bull,close_vs_ema50,1787299200,76743.0,67065.92861301484
3637,1787314769,SLXUSDT,LONG,ema_cross_confirmed,ema_cross_confirmed,1,,sl,poll,1787380225,0.07292,0.07002655172413792,0.07870689655172415,0.07001,-3.9906747120131594,sl,-1.005720414730064,True,sl,bull,close_vs_ema50,1787299200,76743.0,67065.92861301484
3638,1787314884,XNYUSDT,LONG,ema_cross,ema_cross,1,,sl,poll,1787380071,0.007671,0.007402379310344828,0.008208241379310345,0.007248,-5.5142745404771185,sl,-1.5747111681643138,True,sl,bull,close_vs_ema50,1787299200,76743.0,67065.92861301484
3641,1787318388,TUTUSDT,LONG,overheated_confirmed,overheated_confirmed,1,,tp,wick,1787426290,0.041357,0.03384285714285714,0.056385285714285714,0.056385285714285714,36.337949353883786,tp,2.0,True,tp,bull,close_vs_ema50,1787299200,76743.0,67065.92861301484
3642,1787318392,UAIUSDT,LONG,ema_cross_confirmed,ema_cross_confirmed,1,,sl,poll,1787380071,0.2734,0.26112379310344824,0.29795241379310344,0.24179,-11.56181419166056,sl,-2.5748995814724265,True,sl,bull,close_vs_ema50,1787299200,76743.0,67065.92861301484
3646,1787318813,BBUSDT,LONG,overheated_early,overheated_early,1,,sl,wick,1787389277,0.01117,0.010143035714285714,0.01322392857142857,0.010143035714285714,-9.193950633073282,sl,-1.0,True,sl,bull,close_vs_ema50,1787299200,76743.0,67065.92861301484
3647,1787318827,BLESSUSDT,LONG,overheated_early,overheated_early,1,,tp,poll,1787565924,0.008313,0.007649089285714285,0.009640821428571427,0.009641,15.974978948634684,tp,2.0002689690416653,True,tp,bull,close_vs_ema50,1787299200,76743.0,67065.92861301484
3653,1787318936,MEUSDT,LONG,overheated_confirmed,overheated_confirmed,1,,sl,poll,1787340203,0.0724,0.07038035714285715,0.07643928571428572,0.0687,-5.1104972375690725,sl,-1.8320070733863867,True,sl,bull,close_vs_ema50,1787299200,76743.0,67065.92861301484
3656,1787318962,PEOPLEUSDT,LONG,overheated_early,overheated_early,1,,sl,poll,1787380071,0.011434,0.010706982142857143,0.012888035714285713,0.010401,-9.034458632149722,sl,-1.420872939847223,True,sl,bull,close_vs_ema50,1787299200,76743.0,67065.92861301484
3663,1787319118,SCRTUSDT,LONG,overheated_confirmed,overheated_confirmed,1,,sl,poll,1787319236,0.02903,0.026894642857142857,0.03330071428571429,0.02655,-8.54288666896314,sl,-1.1613982271282817,True,sl,bull,close_vs_ema50,1787299200,76743.0,67065.92861301484
3664,1787319121,PIEVERSEUSDT,LONG,overheated_early,overheated_early,1,,sl,poll,1787362426,1.1631,1.0881642857142857,1.3129714285714287,1.0876,-6.491273321296545,sl,-1.0075302640358412,True,sl,bull,close_vs_ema50,1787299200,76743.0,67065.92861301484
3665,1787319167,FETUSDT,LONG,overheated_early,overheated_early,1,,tp,poll,1787358456,0.1581,0.152175,0.16995,0.17,7.526881720430121,tp,2.008438818565409,True,tp,bull,close_vs_ema50,1787299200,76743.0,67065.92861301484
3673,1787319940,ENSUSDT,LONG,overheated_confirmed,overheated_confirmed,1,,tp,poll,1787358456,5.082,4.910035714285714,5.425928571428572,6.172,21.448248720975993,tp,6.338525441329168,True,tp,bull,close_vs_ema50,1787299200,76743.0,67065.92861301484
3674,1787319956,ZORAUSDT,LONG,overheated_confirmed,overheated_confirmed,1,,sl,poll,1787340203,0.00717,0.006954107142857143,0.007601785714285715,0.00673,-6.136680613668065,sl,-2.038047973531845,True,sl,bull,close_vs_ema50,1787299200,76743.0,67065.92861301484
3676,1787320845,GALAUSDT,LONG,overheated_confirmed,overheated_confirmed,1,,sl,wick,1787389460,0.002018,0.0019165892857142856,0.0022208214285714283,0.0019165892857142856,-5.025307942800509,sl,-1.0,True,sl,bull,close_vs_ema50,1787299200,76743.0,67065.92861301484
3678,1787321123,CRVUSDT,LONG,overheated_early,overheated_early,1,,tp,poll,1787360627,0.3178,0.3041232142857143,0.34515357142857145,0.3452,8.621774701069848,tp,2.003394699046872,True,tp,bull,close_vs_ema50,1787299200,76743.0,67065.92861301484
3681,1787321162,TURBOUSDT,LONG,overheated_early,overheated_early,1,,sl,poll,1787340203,0.0010362,0.0009992196428571427,0.0011101607142857141,0.000984,-5.0376375217139415,sl,-1.4115601912212017,True,sl,bull,close_vs_ema50,1787299200,76743.0,67065.92861301484
3683,1787321252,AAVEUSDT,LONG,overheated_confirmed,overheated_confirmed,1,,tp,poll,1787358456,110.88,107.46642857142857,117.70714285714286,123.19,11.102092352092354,tp,3.606193764385854,True,tp,bull,close_vs_ema50,1787299200,76743.0,67065.92861301484
3686,1787321402,BLESSUSDT,LONG,overheated_confirmed,overheated_confirmed,1,,tp,wick,1787742258,0.008432,0.007768089285714286,0.009759821428571428,0.009759821428571428,15.747407834101377,tp,2.0,True,tp,bull,close_vs_ema50,1787299200,76743.0,67065.92861301484
3690,1787321522,MINAUSDT,LONG,overheated_confirmed,overheated_confirmed,1,,tp,poll,1787340203,0.05097,0.04961839285714286,0.05367321428571428,0.05374,5.434569354522271,tp,2.0494120755714142,True,tp,bull,close_vs_ema50,1787299200,76743.0,67065.92861301484
3698,1787340596,PENGUUSDT,LONG,overheated_early,overheated_early,1,,tp,wick,1787358456,0.008243,0.007905553571428572,0.008917892857142857,0.008917892857142857,8.187466421725786,tp,2.0,True,tp,bull,close_vs_ema50,1787313600,77222.0,67464.20592230838
3699,1787340634,ENAUSDT,LONG,overheated_early,overheated_early,1,,tp,wick,1787380757,0.13776,0.13070035714285713,0.15187928571428572,0.15187928571428572,10.24919113987059,tp,2.0,True,tp,bull,close_vs_ema50,1787313600,77222.0,67464.20592230838
3702,1787340694,BPUSDT,LONG,overheated_early,overheated_early,1,,sl,poll,1787397240,0.5085,0.4785,0.5684999999999999,0.467,-8.161258603736465,sl,-1.3833333333333322,True,sl,bull,close_vs_ema50,1787313600,77222.0,67464.20592230838
3704,1787340725,TRBUSDT,LONG,overheated_early,overheated_early,1,,tp,poll,1787358456,16.85,16.37,17.810000000000002,18.06,7.181008902077135,tp,2.5208333333333255,True,tp,bull,close_vs_ema50,1787313600,77222.0,67464.20592230838
3705,1787340740,GPSUSDT,LONG,overheated_early,overheated_early,1,,sl,poll,1787380071,0.014113,0.011652517857142858,0.019033964285714286,0.011007,-22.00807765889606,sl,-1.2623542133873302,True,sl,bull,close_vs_ema50,1787313600,77222.0,67464.20592230838
3709,1787340814,B3USDT,LONG,overheated_early,overheated_early,1,,sl,poll,1787341025,0.0005221,0.0005036660714285713,0.0005589678571428571,0.0005034,-3.581689331545675,sl,-1.0144337886273327,True,sl,bull,close_vs_ema50,1787313600,77222.0,67464.20592230838
3711,1787340831,RSRUSDT,LONG,overheated_early,overheated_early,1,,sl,poll,1787395810,0.001498,0.0014445357142857144,0.0016049285714285714,0.001428,-4.67289719626168,sl,-1.309285237140951,True,sl,bull,close_vs_ema50,1787313600,77222.0,67464.20592230838
3712,1787340835,SSVUSDT,LONG,overheated_early,overheated_early,1,,sl,poll,1787380434,2.853,2.7279107142857146,3.103178571428572,2.717,-4.766912022432531,sl,-1.0872234118486817,True,sl,bull,close_vs_ema50,1787313600,77222.0,67464.20592230838
3714,1787340881,STABLEUSDT,LONG,overheated_early,overheated_early,1,,sl,poll,1787529874,0.0322,0.030352857142857143,0.03589428571428571,0.03029,-5.931677018633535,sl,-1.0340293890177878,True,sl,bull,close_vs_ema50,1787313600,77222.0,67464.20592230838
3715,1787340887,XPLUSDT,LONG,overheated_early,overheated_early,1,,sl,poll,1787380390,0.09944,0.09506589285714286,0.10818821428571428,0.09459,-4.877312952534199,sl,-1.1087977138191478,True,sl,bull,close_vs_ema50,1787313600,77222.0,67464.20592230838
3718,1787340962,NILUSDT,LONG,overheated_early,overheated_early,1,,sl,poll,1787464857,0.04628,0.04234142857142857,0.05415714285714286,0.0423,-8.59982713915299,sl,-1.0105186797243388,True,sl,bull,close_vs_ema50,1787313600,77222.0,67464.20592230838
3719,1787340974,BERAUSDT,LONG,overheated_early,overheated_early,1,,sl,poll,1787434873,0.1928,0.18506964285714286,0.20826071428571427,0.185,-4.045643153526972,sl,-1.00900900900901,True,sl,bull,close_vs_ema50,1787313600,77222.0,67464.20592230838
3724,1787341522,MAGMAUSDT,LONG,overheated_confirmed,overheated_confirmed,1,,tp,wick,1787400432,0.2978,0.27512160714285716,0.3431567857142857,0.3431567857142857,15.230619783171823,tp,2.0,True,tp,bull,close_vs_ema50,1787313600,77222.0,67464.20592230838
3726,1787341737,B3USDT,LONG,overheated_early,overheated_early,1,,sl,poll,1787380071,0.0005063,0.00048786607142857144,0.0005431678571428571,0.0004811,-4.9772861939561555,sl,-1.367044463818659,True,sl,bull,close_vs_ema50,1787313600,77222.0,67464.20592230838
3728,1787342995,COTIUSDT,LONG,overheated_confirmed,overheated_confirmed,1,,sl,poll,1787358456,0.0123,0.011818928571428572,0.013262142857142856,0.01112,-9.593495934959353,sl,-2.4528582034150004,True,sl,bull,close_vs_ema50,1787328000,76991.8,67837.83706261001
3729,1787343302,ZECUSDT,LONG,overheated_confirmed,overheated_confirmed,1,,tp,wick,1787361676,693.57,665.578392857143,749.5532142857143,749.5532142857143,8.071746800714305,tp,2.0,True,tp,bull,close_vs_ema50,1787328000,76991.8,67837.83706261001
3730,1787343304,PROMUSDT,LONG,overheated_confirmed,overheated_confirmed,1,,tp,poll,1787490242,2.65,2.452267857142857,3.0454642857142855,3.096,16.83018867924529,tp,2.25557662783347,True,tp,bull,close_vs_ema50,1787328000,76991.8,67837.83706261001
3737,1787358806,MELANIAUSDT,LONG,overheated_early,overheated_early,1,,tp,poll,1787380071,0.09258,0.08909892857142857,0.09954214285714286,0.12174,31.497083603370065,tp,8.376731301939055,True,tp,bull,close_vs_ema50,1787342400,78306.4,68248.36894250766
3739,1787358822,TRUMPUSDT,LONG,overheated_early,overheated_early,1,,tp,poll,1787380071,1.901,1.7946071428571428,2.113785714285714,2.942,54.760652288269334,tp,9.784491440080561,True,tp,bull,close_vs_ema50,1787342400,78306.4,68248.36894250766
3741,1787358875,ENSUSDT,LONG,overheated_confirmed,overheated_confirmed,1,,sl,poll,1787380071,6.22,5.989,6.6819999999999995,5.925,-4.742765273311896,sl,-1.2770562770562774,True,sl,bull,close_vs_ema50,1787342400,78306.4,68248.36894250766
3743,1787358897,USUALUSDT,LONG,overheated_early,overheated_early,1,,tp,wick,1787382020,0.01213,0.011602321428571429,0.013185357142857143,0.013185357142857143,8.700388646802494,tp,2.0,True,tp,bull,close_vs_ema50,1787342400,78306.4,68248.36894250766
3744,1787358921,币安人生USDT,LONG,overheated_early,overheated_early,1,,sl,poll,1787395810,0.55655,0.5274585714285714,0.6147328571428572,0.52388,-5.8700925343634855,sl,-1.1230111962286389,True,sl,bull,close_vs_ema50,1787342400,78306.4,68248.36894250766
3746,1787358938,SUSDT,LONG,overheated_confirmed,overheated_confirmed,1,,sl,wick,1787389460,0.02926,0.028284464285714288,0.03121107142857143,0.028284464285714288,-3.334024997558829,sl,-1.0,True,sl,bull,close_vs_ema50,1787342400,78306.4,68248.36894250766
3747,1787358940,REDUSDT,LONG,overheated_confirmed,overheated_confirmed,1,,sl,poll,1787380071,0.1261,0.11512857142857141,0.14804285714285714,0.1147,-9.040444091990478,sl,-1.039062499999999,True,sl,bull,close_vs_ema50,1787342400,78306.4,68248.36894250766
3749,1787358988,TUTUSDT,LONG,overheated_early,overheated_early,1,,tp,poll,1787426290,0.040705,0.03327142857142857,0.055572142857142855,0.056312,38.34172706055768,tp,2.0995291630633233,True,tp,bull,close_vs_ema50,1787342400,78306.4,68248.36894250766
3750,1787358998,BRETTUSDT,LONG,overheated_early,overheated_early,1,,sl,poll,1787395810,0.005491,0.005225178571428572,0.006022642857142857,0.005215,-5.026406847568753,sl,-1.0382910116888358,True,sl,bull,close_vs_ema50,1787342400,78306.4,68248.36894250766
3752,1787359037,XRPUSDT,LONG,overheated_early,overheated_early,1,,tp,wick,1787380815,1.4688,1.410332142857143,1.5857357142857142,1.5857357142857142,7.961309523809513,tp,1.9999999999999962,True,tp,bull,close_vs_ema50,1787342400,78306.4,68248.36894250766
3753,1787359062,THETAUSDT,LONG,overheated_confirmed,overheated_confirmed,1,,sl,poll,1787462600,0.1889,0.18273928571428572,0.2012214285714286,0.1822,-3.5468501852832244,sl,-1.0875362318840578,True,sl,bull,close_vs_ema50,1787342400,78306.4,68248.36894250766
3756,1787359109,GALAUSDT,LONG,overheated_early,overheated_early,1,,sl,poll,1787380071,0.002176,0.0020463035714285713,0.0024353928571428573,0.001973,-9.329044117647062,sl,-1.5651934462343378,True,sl,bull,close_vs_ema50,1787342400,78306.4,68248.36894250766
3761,1787359152,POLUSDT,LONG,overheated_early,overheated_early,1,,tp,poll,1787380071,0.09526,0.09120517857142857,0.10336964285714285,0.10887,14.287213940793615,tp,3.356497996212621,True,tp,bull,close_vs_ema50,1787342400,78306.4,68248.36894250766
3763,1787359175,SHIBUSDT,LONG,overheated_early,overheated_early,1,,sl,poll,1787380071,5.967e-06,5.753785714285714e-06,6.393428571428572e-06,5.642e-06,-5.446623093681908,sl,-1.524288107202676,True,sl,bull,close_vs_ema50,1787342400,78306.4,68248.36894250766
3764,1787359183,BONKUSDT,LONG,overheated_early,overheated_early,1,,tp,wick,1787625576,3.138e-06,3.0092142857142855e-06,3.3955714285714286e-06,3.3955714285714286e-06,8.208139852499324,tp,2.0,True,tp,bull,close_vs_ema50,1787342400,78306.4,68248.36894250766
3765,1787359185,ETCUSDT,LONG,overheated_confirmed,overheated_confirmed,1,,sl,poll,1787380071,8.589,8.347339285714286,9.07232142857143,8.265,-3.7722668529514474,sl,-1.3407226778984682,True,sl,bull,close_vs_ema50,1787342400,78306.4,68248.36894250766
3766,1787359186,BEATUSDT,LONG,overheated_confirmed,overheated_confirmed,1,,sl,wick,1787586428,0.1701,0.1248642857142857,0.26057142857142856,0.1248642857142857,-26.593600403124217,sl,-1.0,True,sl,bull,close_vs_ema50,1787342400,78306.4,68248.36894250766
3767,1787359196,FETUSDT,LONG,overheated_early,overheated_early,1,,sl,wick,1787387719,0.1701,0.16310357142857143,0.18409285714285714,0.16310357142857143,-4.113126732174351,sl,-1.0,True,sl,bull,close_vs_ema50,1787342400,78306.4,68248.36894250766
3769,1787359218,AAVEUSDT,LONG,overheated_early,overheated_early,1,,sl,poll,1787380390,123.47,119.06857142857143,132.27285714285713,118.69,-3.8713857617234964,sl,-1.0860110353781252,True,sl,bull,close_vs_ema50,1787342400,78306.4,68248.36894250766
3771,1787359238,USELESSUSDT,LONG,overheated_early,overheated_early,1,,sl,poll,1787380390,0.06462,0.060440357142857136,0.07297928571428572,0.06041,-6.515010832559577,sl,-1.007263094932922,True,sl,bull,close_vs_ema50,1787342400,78306.4,68248.36894250766
3777,1787359323,KMNOUSDT,LONG,overheated_early,overheated_early,1,,sl,poll,1787385496,0.02583,0.025016249999999997,0.0274575,0.02499,-3.2520325203252054,sl,-1.032258064516127,True,sl,bull,close_vs_ema50,1787342400,78306.4,68248.36894250766
3784,1787359373,RVNUSDT,LONG,overheated_confirmed,overheated_confirmed,1,,sl,poll,1787406208,0.003507,0.0033685714285714287,0.003783857142857143,0.003367,-3.9920159680638703,sl,-1.0113519091847258,True,sl,bull,close_vs_ema50,1787342400,78306.4,68248.36894250766
3785,1787359551,IOTAUSDT,LONG,overheated_confirmed,overheated_confirmed,1,,sl,poll,1787412183,0.04591,0.04443732142857143,0.04885535714285714,0.04441,-3.267262034415163,sl,-1.0185522008002934,True,sl,bull,close_vs_ema50,1787342400,78306.4,68248.36894250766
3788,1787360450,TRBUSDT,LONG,overheated_confirmed,overheated_confirmed,1,,tp,poll,1787520724,18.34,17.74267857142857,19.53464285714286,19.55,6.5976008724100375,tp,2.02571001494768,True,tp,bull,close_vs_ema50,1787342400,78306.4,68248.36894250766
3789,1787360453,FARTCOINUSDT,LONG,overheated_confirmed,overheated_confirmed,1,,sl,poll,1787380071,0.20422,0.19435053571428573,0.22395892857142857,0.18755,-8.16276564489277,sl,-1.6890481101521677,True,sl,bull,close_vs_ema50,1787342400,78306.4,68248.36894250766
3790,1787360483,BICOUSDT,LONG,ema_cross,ema_cross,1,,sl,poll,1787462600,0.0203,0.019130689655172412,0.02263862068965517,0.01845,-9.113300492610826,sl,-1.5821291654379215,True,sl,bull,close_vs_ema50,1787342400,78306.4,68248.36894250766
3791,1787360515,BICOUSDT,LONG,ema_cross_confirmed,ema_cross_confirmed,1,,sl,poll,1787462600,0.02049,0.01873603448275862,0.023997931034482764,0.01845,-9.956076134699854,sl,-1.1630787378354455,True,sl,bull,close_vs_ema50,1787342400,78306.4,68248.36894250766
3793,1787361343,DASHUSDT,LONG,overheated_confirmed,overheated_confirmed,1,,tp,poll,1787383999,39.7,38.46678571428572,42.16642857142857,42.29,6.523929471032736,tp,2.1002027222704918,True,tp,bull,close_vs_ema50,1787342400,78306.4,68248.36894250766
3797,1787361532,YGGUSDT,LONG,overheated_early,overheated_early,1,,sl,wick,1787380340,0.02468,0.02377464285714286,0.026490714285714284,0.02377464285714286,-3.668383885158597,sl,-1.0,True,sl,bull,close_vs_ema50,1787342400,78306.4,68248.36894250766
3798,1787361537,REUSDT,LONG,overheated_confirmed,overheated_confirmed,1,,sl,poll,1787380071,0.58854,0.5452885714285713,0.6750428571428572,0.5375,-8.6723077445883,sl,-1.1800766283524888,True,sl,bull,close_vs_ema50,1787342400,78306.4,68248.36894250766
3802,1787361578,APRUSDT,LONG,overheated_early,overheated_early,1,,sl,poll,1787464325,0.21434,0.19658214285714284,0.24985571428571432,0.19455,-9.232994308108612,sl,-1.1144362656369404,True,sl,bull,close_vs_ema50,1787342400,78306.4,68248.36894250766
3803,1787361585,TURBOUSDT,LONG,overheated_early,overheated_early,1,,sl,poll,1787380071,0.0010752,0.0010297285714285713,0.0011661428571428571,0.0010176,-5.357142857142847,sl,-1.2667295004712498,True,sl,bull,close_vs_ema50,1787342400,78306.4,68248.36894250766
3813,1787361845,VIRTUALUSDT,LONG,overheated_confirmed,overheated_confirmed,1,,sl,poll,1787380071,0.7444,0.7122517857142856,0.8086964285714286,0.7047,-5.333154218162273,sl,-1.2349052935621803,True,sl,bull,close_vs_ema50,1787342400,78306.4,68248.36894250766
3814,1787361874,MOODENGUSDT,LONG,overheated_early,overheated_early,1,,sl,poll,1787380071,0.05016,0.04781517857142858,0.05484964285714286,0.04658,-7.137161084529505,sl,-1.5267687152539813,True,sl,bull,close_vs_ema50,1787342400,78306.4,68248.36894250766
3819,1787362207,SKYAIUSDT,LONG,overheated_confirmed,overheated_confirmed,1,,sl,poll,1787380071,0.08677,0.07787071428571428,0.10456857142857144,0.0727,-16.21528177941685,sl,-1.5810257645075836,True,sl,bull,close_vs_ema50,1787342400,78306.4,68248.36894250766
3821,1787362239,SLPUSDT,LONG,overheated_confirmed,overheated_confirmed,1,,sl,poll,1787380071,0.000685,0.0006645357142857142,0.0007259285714285715,0.000639,-6.715328467153275,sl,-2.24781849912739,True,sl,bull,close_vs_ema50,1787342400,78306.4,68248.36894250766
3822,1787362247,WIFUSDT,LONG,overheated_confirmed,overheated_confirmed,1,,sl,wick,1787387480,0.2083,0.20036607142857144,0.22416785714285717,0.20036607142857144,-3.8088951375077182,sl,-1.0,True,sl,bull,close_vs_ema50,1787342400,78306.4,68248.36894250766
3823,1787362251,ZECUSDT,LONG,overheated_confirmed,overheated_confirmed,1,,tp,wick,1787382318,746.88,715.3564285714285,809.9271428571429,809.9271428571429,8.441401946382678,tp,2.0,True,tp,bull,close_vs_ema50,1787342400,78306.4,68248.36894250766
3824,1787380394,POPCATUSDT,LONG,overheated_early,overheated_early,1,,sl,poll,1787408758,0.05625,0.05421267857142857,0.06032464285714286,0.05377,-4.408888888888894,sl,-1.2172845998772905,True,sl,bull,close_vs_ema50,1787356800,78386.6,68645.94663103677
3826,1787380434,MELANIAUSDT,LONG,overheated_early,overheated_early,1,,sl,wick,1787384176,0.1202,0.11539785714285715,0.1298042857142857,0.11539785714285715,-3.9951271690040366,sl,-1.0,True,sl,bull,close_vs_ema50,1787356800,78386.6,68645.94663103677
3829,1787380494,AAVEUSDT,LONG,overheated_early,overheated_early,1,,tp,poll,1787485954,119.14,114.39571428571429,128.62857142857143,128.89,8.183649487997302,tp,2.0551038843721763,True,tp,bull,close_vs_ema50,1787356800,78386.6,68645.94663103677
3831,1787380571,ENSUSDT,LONG,overheated_early,overheated_early,1,,sl,poll,1787389641,5.871,5.600035714285715,6.412928571428572,5.599,-4.632941577244085,sl,-1.0038223276657463,True,sl,bull,close_vs_ema50,1787356800,78386.6,68645.94663103677
3833,1787380584,MOVEUSDT,LONG,overheated_early,overheated_early,1,,tp,wick,1787384597,0.0086,0.008261964285714286,0.009276071428571429,0.009276071428571429,7.861295681063124,tp,2.0,True,tp,bull,close_vs_ema50,1787356800,78386.6,68645.94663103677
3835,1787380623,DASHUSDT,LONG,overheated_early,overheated_early,1,"liq_veto: лонг-каскад: $352,751 лонгов ликвидировано за 15м (порог $17,884)",sl,poll,1787409898,40.79,39.066607142857144,44.236785714285716,38.96,-4.486393723951945,sl,-1.0618588747280078,True,sl,bull,close_vs_ema50,1787356800,78386.6,68645.94663103677
3836,1787380631,SUSDT,LONG,overheated_early,overheated_early,1,,sl,wick,1787389520,0.02906,0.027959107142857143,0.031261785714285714,0.027959107142857143,-3.7883443122603437,sl,-1.0,True,sl,bull,close_vs_ema50,1787356800,78386.6,68645.94663103677
3837,1787380648,RVNUSDT,LONG,overheated_early,overheated_early,1,,sl,poll,1787395810,0.003688,0.003544803571428571,0.003974392857142857,0.003443,-6.643167028199566,sl,-1.7109365257513387,True,sl,bull,close_vs_ema50,1787356800,78386.6,68645.94663103677
3838,1787380657,SUSHIUSDT,LONG,overheated_early,overheated_early,1,,sl,poll,1787387868,0.2151,0.20878928571428573,0.22772142857142857,0.2086,-3.0218503021850327,sl,-1.0299943406904375,True,sl,bull,close_vs_ema50,1787356800,78386.6,68645.94663103677
3839,1787380673,PEPEUSDT,LONG,overheated_early,overheated_early,1,,sl,poll,1787740335,3.996e-06,3.7903928571428576e-06,4.407214285714286e-06,3.789e-06,-5.180180180180187,sl,-1.0067743616466929,True,sl,bull,close_vs_ema50,1787356800,78386.6,68645.94663103677
3840,1787380683,IOTAUSDT,LONG,overheated_early,overheated_early,1,,sl,wick,1787417783,0.04601,0.04434285714285714,0.049344285714285716,0.04434285714285714,-3.6234358990281677,sl,-1.0,True,sl,bull,close_vs_ema50,1787356800,78386.6,68645.94663103677
3841,1787380704,ETCUSDT,LONG,overheated_early,overheated_early,1,,sl,poll,1787397240,8.217,7.935642857142858,8.779714285714286,7.916,-3.6631373980771587,sl,-1.0698146737750704,True,sl,bull,close_vs_ema50,1787356800,78386.6,68645.94663103677
3842,1787380711,KSMUSDT,LONG,overheated_early,overheated_early,1,,sl,wick,1787387539,3.873,3.7583035714285717,4.102392857142857,3.7583035714285717,-2.961436317361954,sl,-1.0,True,sl,bull,close_vs_ema50,1787356800,78386.6,68645.94663103677
3844,1787380808,ZAMAUSDT,LONG,overheated_early,overheated_early,1,,tp,poll,1787384058,0.05663,0.0539,0.06209,0.06214,9.729825180999473,tp,2.0183150183150214,True,tp,bull,close_vs_ema50,1787356800,78386.6,68645.94663103677
3845,1787380839,MINAUSDT,LONG,overheated_early,overheated_early,1,,tp,wick,1787384957,0.05684,0.054678392857142856,0.06116321428571429,0.06116321428571429,7.605936463255262,tp,2.0,True,tp,bull,close_vs_ema50,1787356800,78386.6,68645.94663103677
3846,1787380847,MAGMAUSDT,LONG,overheated_early,overheated_early,1,,sl,poll,1787408248,0.3074,0.2781430357142857,0.36591392857142857,0.2779,-9.596616785946658,sl,-1.0083069354671363,True,sl,bull,close_vs_ema50,1787356800,78386.6,68645.94663103677
3847,1787380851,TRBUSDT,LONG,overheated_early,overheated_early,1,,sl,poll,1787397240,18.71,17.845892857142857,20.438214285714288,17.79,-4.917156600748272,sl,-1.0646827856995258,True,sl,bull,close_vs_ema50,1787356800,78386.6,68645.94663103677
3848,1787380856,WIFUSDT,LONG,overheated_early,overheated_early,1,,sl,poll,1787434703,0.204,0.19471607142857142,0.22256785714285712,0.1947,-4.558823529411753,sl,-1.0017311021350237,True,sl,bull,close_vs_ema50,1787356800,78386.6,68645.94663103677
3862,1787381780,NILUSDT,LONG,ema_cross,ema_cross,1,,sl,poll,1787411613,0.04751,0.04496862068965517,0.052592758620689656,0.04453,-6.27236371290254,sl,-1.1725915875169584,True,sl,bull,close_vs_ema50,1787356800,78386.6,68645.94663103677
3863,1787381826,FIGHTUSDT,LONG,ema_cross,ema_cross,1,,sl,poll,1787411734,0.003478,0.003360758620689655,0.0037124827586206897,0.003359,-3.4215066129959797,sl,-1.0150000000000001,True,sl,bull,close_vs_ema50,1787356800,78386.6,68645.94663103677
3864,1787381839,ACUUSDT,SHORT,ema_cross,ema_cross,1,,sl,poll,1787718733,0.11632,0.12468241379310345,0.0995951724137931,0.12934,-11.193259972489686,sl,-1.5569667230217326,True,sl,bull,close_vs_ema50,1787356800,78386.6,68645.94663103677
3865,1787381865,USARUSDT,LONG,ema_cross,ema_cross,1,,sl,poll,1787578335,19.07,18.569655172413793,20.070689655172416,18.54,-2.7792343995804987,sl,-1.0592694693314961,True,sl,bull,close_vs_ema50,1787356800,78386.6,68645.94663103677
3866,1787381921,USARUSDT,LONG,ema_cross_confirmed,ema_cross_confirmed,1,,sl,wick,1787578412,19.07,18.31948275862069,20.57103448275862,18.31948275862069,-3.935591197584215,sl,-1.0,True,sl,bull,close_vs_ema50,1787356800,78386.6,68645.94663103677
3867,1787381942,HOMEUSDT,LONG,ema_cross,ema_cross,1,,sl,poll,1787934432,0.00616,0.005855862068965517,0.0067682758620689655,0.00584,-5.194805194805195,sl,-1.0521541950113387,True,sl,unknown,snapshot_missing,,,
3868,1787381972,BBUSDT,LONG,ema_cross,ema_cross,1,,sl,poll,1787907876,0.01026,0.009489655172413793,0.011800689655172414,0.00937,-8.674463937621834,sl,-1.1553267681289168,True,sl,unknown,snapshot_missing,,,
3869,1787381993,JCTUSDT,LONG,ema_cross,ema_cross,1,,sl,poll,1787395810,0.002235,0.002060413793103448,0.0025841724137931035,0.002006,-10.246085011185684,sl,-1.3116729211929667,True,sl,bull,close_vs_ema50,1787356800,78386.6,68645.94663103677
3870,1787382015,EVAAUSDT,LONG,ema_cross,ema_cross,1,,sl,wick,1787404866,0.7329,0.7102172413793103,0.7782655172413793,0.7102172413793103,-3.0949322718910754,sl,-1.0,True,sl,bull,close_vs_ema50,1787356800,78386.6,68645.94663103677
3871,1787382026,TUTUSDT,LONG,ema_cross,ema_cross,1,,tp,poll,1787418924,0.037415,0.03252506896551724,0.04719486206896551,0.047272,26.3450487772284,tp,2.0157748505020887,True,tp,bull,close_vs_ema50,1787356800,78386.6,68645.94663103677
3872,1787382028,XMRUSDT,LONG,ema_cross,ema_cross,1,,sl,poll,1787408850,430.23,420.4496551724138,449.7906896551724,418.63,-2.696232247867425,sl,-1.1860522511723062,True,sl,bull,close_vs_ema50,1787356800,78386.6,68645.94663103677
3873,1787382138,FHEUSDT,LONG,ema_cross,ema_cross,1,,sl,poll,1787395810,0.02386,0.02217655172413793,0.027226896551724136,0.0218,-8.633696563285831,sl,-1.2236788201556728,True,sl,bull,close_vs_ema50,1787356800,78386.6,68645.94663103677
3948,1787383125,ZAMAUSDT,LONG,overheated_confirmed,overheated_confirmed,1,cont_ttl_expired,ttl_expired,,,0.05761,0.05761,0.05761,,,other,,False,,unknown,snapshot_missing,,,
3949,1787383154,UPUSDT,LONG,overheated_confirmed,overheated_confirmed,1,cont_ttl_expired,ttl_expired,,,0.4617,0.4617,0.4617,,,other,,False,,unknown,snapshot_missing,,,
3879,1787383181,STXUSDT,LONG,overheated_early,overheated_early,1,,tp,poll,1787417724,0.1939,0.18561785714285714,0.21046428571428571,0.2105,8.561113976276433,tp,2.0043122035360095,True,tp,bull,close_vs_ema50,1787356800,78386.6,68645.94663103677
3950,1787383194,MOVEUSDT,LONG,overheated_confirmed,overheated_confirmed,1,cont_ttl_expired,ttl_expired,,,0.00876,0.00876,0.00876,,,other,,False,,unknown,snapshot_missing,,,
3881,1787383204,PROMUSDT,LONG,overheated_early,overheated_early,1,,tp,poll,1787552891,2.814,2.5965535714285717,3.2488928571428572,3.541,25.835110163468368,tp,3.3433522214010045,True,tp,bull,close_vs_ema50,1787356800,78386.6,68645.94663103677
3952,1787383222,PUMPUSDT,LONG,overheated_confirmed,overheated_confirmed,1,cont_ttl_expired,ttl_expired,,,0.00465,0.00465,0.00465,,,other,,False,,unknown,snapshot_missing,,,
3953,1787383242,ZRXUSDT,LONG,overheated_confirmed,overheated_confirmed,1,cont_ttl_expired,ttl_expired,,,0.1013,0.1013,0.1013,,,other,,False,,unknown,snapshot_missing,,,
3884,1787383247,MOVEUSDT,LONG,overheated_confirmed,overheated_confirmed,1,,sl,wick,1787400075,0.00875,0.008411964285714287,0.00942607142857143,0.008411964285714287,-3.863265306122449,sl,-1.0,True,sl,bull,close_vs_ema50,1787356800,78386.6,68645.94663103677
3885,1787383289,MUBARAKUSDT,LONG,overheated_early,overheated_early,1,,sl,wick,1787440756,0.02554,0.023120714285714286,0.03037857142857143,0.023120714285714286,-9.472536077861058,sl,-1.0,True,sl,bull,close_vs_ema50,1787356800,78386.6,68645.94663103677
3954,1787383310,MAGMAUSDT,LONG,overheated_confirmed,overheated_confirmed,1,cont_ttl_expired,ttl_expired,,,0.33182,0.33182,0.33182,,,other,,False,,unknown,snapshot_missing,,,
3957,1787383344,RECALLUSDT,LONG,overheated_confirmed,overheated_confirmed,1,cont_ttl_expired,ttl_expired,,,0.05619,0.05619,0.05619,,,other,,False,,unknown,snapshot_missing,,,
3889,1787383375,USELESSUSDT,LONG,overheated_early,overheated_early,1,,tp,poll,1787503499,0.06441,0.06004928571428571,0.07313142857142857,0.07319,13.631423691973312,tp,2.013431613431615,True,tp,bull,close_vs_ema50,1787356800,78386.6,68645.94663103677
3891,1787383850,RECALLUSDT,LONG,overheated_confirmed,overheated_confirmed,1,,sl,poll,1787387268,0.05711,0.05491946428571429,0.06149107142857143,0.05485,-3.957275433374187,sl,-1.0317110948072055,True,sl,bull,close_vs_ema50,1787356800,78386.6,68645.94663103677
3893,1787384746,ZAMAUSDT,LONG,overheated_confirmed,overheated_confirmed,1,,sl,poll,1787386813,0.06476,0.06203,0.07021999999999999,0.06167,-4.7714638665843045,sl,-1.1318681318681318,True,sl,bull,close_vs_ema50,1787356800,78386.6,68645.94663103677
3971,1787385936,BIGTIMEUSDT,LONG,overheated_confirmed,overheated_confirmed,1,cont_ttl_expired,ttl_expired,,,0.006873,0.006873,0.006873,,,other,,False,,unknown,snapshot_missing,,,
3972,1787385944,RVNUSDT,LONG,overheated_confirmed,overheated_confirmed,1,cont_ttl_expired,ttl_expired,,,0.003628,0.003628,0.003628,,,other,,False,,unknown,snapshot_missing,,,
3896,1787386011,BIGTIMEUSDT,LONG,overheated_confirmed,overheated_confirmed,1,,sl,poll,1787387356,0.006846,0.006569625,0.007398749999999999,0.006558,-4.2068361086766,sl,-1.0420624151967448,True,sl,bull,close_vs_ema50,1787371200,77275.1,68984.34480236867
3975,1787386064,AAVEUSDT,LONG,overheated_confirmed,overheated_confirmed,1,cont_ttl_expired,ttl_expired,,,122.7,122.7,122.7,,,other,,False,,unknown,snapshot_missing,,,
3900,1787386537,KAIAUSDT,LONG,overheated_confirmed,overheated_confirmed,1,,sl,poll,1787395810,0.03277,0.0314875,0.035335,0.03079,-6.0421116875190695,sl,-1.5438596491228076,True,sl,bull,close_vs_ema50,1787371200,77275.1,68984.34480236867
3902,1787387151,UAIUSDT,SHORT,ema_cross,ema_cross,1,,tp,poll,1787413617,0.24543,0.25744172413793104,0.22140655172413795,0.22105,9.933585951187718,tp,2.029683642418329,True,tp,bull,close_vs_ema50,1787371200,77275.1,68984.34480236867
3903,1787387258,ICXUSDT,LONG,ema_cross,ema_cross,1,,sl,poll,1787395810,0.01796,0.017240000000000002,0.0194,0.01706,-5.011135857461032,sl,-1.2500000000000049,True,sl,bull,close_vs_ema50,1787371200,77275.1,68984.34480236867
3977,1787387258,ICXUSDT,LONG,ema_cross_confirmed,ema_cross_confirmed,1,cont_ttl_expired,ttl_expired,,,0.01796,0.01796,0.01796,,,other,,False,,unknown,snapshot_missing,,,
3904,1787387375,BASUSDT,SHORT,ema_cross,ema_cross,1,,tp,poll,1787440273,0.025534,0.02633751724137931,0.02392696551724138,0.023851,6.591211717709722,tp,2.094541241095189,True,tp,bull,close_vs_ema50,1787371200,77275.1,68984.34480236867
3978,1787387375,BASUSDT,SHORT,ema_cross_confirmed,ema_cross_confirmed,1,cont_ttl_expired,ttl_expired,,,0.025534,0.025534,0.025534,,,other,,False,,unknown,snapshot_missing,,,
3936,1787388336,CCUSDT,LONG,overheated_confirmed,overheated_confirmed,1,,sl,poll,1787390022,0.12134,0.11686035714285714,0.13029928571428573,0.11663,-3.881654854128899,sl,-1.0514231045204496,True,sl,bull,close_vs_ema50,1787371200,77275.1,68984.34480236867
3937,1787388339,NILUSDT,LONG,ema_cross_confirmed,ema_cross_confirmed,1,,sl,poll,1787405666,0.05091,0.04709793103448275,0.058534137931034486,0.04701,-7.660577489687672,sl,-1.0230664857530505,True,sl,bull,close_vs_ema50,1787371200,77275.1,68984.34480236867
3938,1787388341,ACUUSDT,SHORT,ema_cross_confirmed,ema_cross_confirmed,1,,sl,poll,1787830558,0.11525,0.1319748275862069,0.0818003448275862,0.1427,-23.817787418655087,sl,-1.6412725248443352,True,sl,bull,close_vs_ema50,1787371200,77275.1,68984.34480236867
3939,1787388345,TUTUSDT,LONG,ema_cross_confirmed,ema_cross_confirmed,1,,tp,wick,1787426230,0.040262,0.03292710344827586,0.05493179310344828,0.05493179310344828,36.435828084666134,tp,2.0,True,tp,bull,close_vs_ema50,1787371200,77275.1,68984.34480236867
3940,1787388354,BASUSDT,SHORT,ema_cross_confirmed,ema_cross_confirmed,1,,tp,poll,1787682545,0.025234,0.02684103448275862,0.022019931034482756,0.021814,13.553142585400648,tp,2.1281435069951065,True,tp,bull,close_vs_ema50,1787371200,77275.1,68984.34480236867
3943,1787389234,POLUSDT,LONG,overheated_confirmed,overheated_confirmed,1,,sl,poll,1787389670,0.11899,0.11441553571428571,0.12813892857142856,0.11362,-4.512984284393646,sl,-1.1739079517507904,True,sl,bull,close_vs_ema50,1787371200,77275.1,68984.34480236867
3944,1787389242,HOMEUSDT,LONG,ema_cross_confirmed,ema_cross_confirmed,1,,sl,wick,1787433166,0.00646,0.0060037931034482754,0.007372413793103448,0.0060037931034482754,-7.062026262410591,sl,-1.0,True,sl,bull,close_vs_ema50,1787371200,77275.1,68984.34480236867
3947,1787390124,UAIUSDT,SHORT,ema_cross_confirmed,ema_cross_confirmed,1,,sl,poll,1787485200,0.23495,0.25897344827586205,0.18690310344827588,0.27123,-15.441583315599079,sl,-1.510191192513064,True,sl,bull,close_vs_ema50,1787371200,77275.1,68984.34480236867
3951,1787397609,MOVEUSDT,LONG,overheated_early,overheated_early,1,,sl,poll,1787400342,0.00878,0.00831017857142857,0.009719642857142857,0.00824,-6.15034168564919,sl,-1.1493728620296433,True,sl,bull,close_vs_ema50,1787371200,77275.1,68984.34480236867
3955,1787397753,ZECUSDT,LONG,overheated_early,overheated_early,1,,tp,wick,1787494173,781.03,735.5591071428571,871.9717857142857,871.9717857142857,11.643827473245041,tp,2.0,True,tp,bull,close_vs_ema50,1787371200,77275.1,68984.34480236867
4014,1787397769,POLUSDT,LONG,overheated_confirmed,overheated_confirmed,1,cont_ttl_expired,ttl_expired,,,0.11064,0.11064,0.11064,,,other,,False,,unknown,snapshot_missing,,,
3959,1787397790,MELANIAUSDT,LONG,overheated_early,overheated_early,1,,sl,wick,1787434815,0.11198,0.10428982142857142,0.12736035714285715,0.10428982142857142,-6.86745719898962,sl,-1.0,True,sl,bull,close_vs_ema50,1787371200,77275.1,68984.34480236867
3962,1787397854,TRUMPUSDT,LONG,overheated_early,overheated_early,1,,sl,wick,1787403212,2.693,2.4815,3.116,2.4815,-7.8536947642034916,sl,-1.0,True,sl,bull,close_vs_ema50,1787371200,77275.1,68984.34480236867
3973,1787400469,POLUSDT,LONG,overheated_early,overheated_early,1,,sl,poll,1787462600,0.10945,0.10347035714285716,0.12140928571428572,0.10234,-6.496116948378259,sl,-1.189034223257483,True,sl,bull,close_vs_ema50,1787385600,77124.8,69303.57833953068
3974,1787400477,LITUSDT,LONG,overheated_early,overheated_early,1,,tp,poll,1787552891,3.157,2.9219285714285714,3.6271428571428572,3.687,16.788089958821658,tp,2.2546338498936485,True,tp,bull,close_vs_ema50,1787385600,77124.8,69303.57833953068
3981,1787403287,TAGUSDT,SHORT,ema_cross,ema_cross,1,,tp,wick,1787718873,0.0008588,0.000896603448275862,0.0007831931034482758,0.0007831931034482758,8.803783948733596,tp,2.0,True,tp,bull,close_vs_ema50,1787385600,77124.8,69303.57833953068
4057,1787403288,TAGUSDT,SHORT,ema_cross_confirmed,ema_cross_confirmed,1,cont_ttl_expired,ttl_expired,,,0.0008588,0.0008588,0.0008588,,,other,,False,,unknown,snapshot_missing,,,
3983,1787403352,BSBUSDT,SHORT,ema_cross,ema_cross,1,,tp,wick,1787435296,0.11369,0.12086689655172414,0.09933620689655173,0.09933620689655173,12.625378752263407,tp,1.999999999999998,True,tp,bull,close_vs_ema50,1787385600,77124.8,69303.57833953068
4058,1787403352,BSBUSDT,SHORT,ema_cross_confirmed,ema_cross_confirmed,1,cont_ttl_expired,ttl_expired,,,0.11369,0.11369,0.11369,,,other,,False,,unknown,snapshot_missing,,,
3984,1787403405,TRADOORUSDT,SHORT,ema_cross,ema_cross,1,,sl,poll,1787744748,0.579,0.6044827586206897,0.5280344827586206,0.605,-4.4905008635578625,sl,-1.0202976995940445,True,sl,bull,close_vs_ema50,1787385600,77124.8,69303.57833953068
4059,1787403406,TRADOORUSDT,SHORT,ema_cross_confirmed,ema_cross_confirmed,1,cont_ttl_expired,ttl_expired,,,0.579,0.579,0.579,,,other,,False,,unknown,snapshot_missing,,,
3985,1787403454,POWERUSDT,SHORT,ema_cross,ema_cross,1,,sl,wick,1787430131,0.08109,0.08454413793103448,0.07418172413793103,0.08454413793103448,-4.259634888438133,sl,-1.0,True,sl,bull,close_vs_ema50,1787385600,77124.8,69303.57833953068
4060,1787403455,POWERUSDT,SHORT,ema_cross_confirmed,ema_cross_confirmed,1,cont_ttl_expired,ttl_expired,,,0.08109,0.08109,0.08109,,,other,,False,,unknown,snapshot_missing,,,
4061,1787403563,ESPORTSUSDT,SHORT,ema_cross_confirmed,ema_cross_confirmed,1,cont_ttl_expired,ttl_expired,,,0.01509,0.01509,0.01509,,,other,,False,,unknown,snapshot_missing,,,
3988,1787403626,TRADOORUSDT,SHORT,ema_cross_confirmed,ema_cross_confirmed,1,,sl,poll,1787830558,0.572,0.6229655172413793,0.4700689655172413,0.623,-8.916083916083926,sl,-1.000676589986469,True,sl,bull,close_vs_ema50,1787385600,77124.8,69303.57833953068
4067,1787406274,PUMPUSDT,LONG,overheated_confirmed,overheated_confirmed,1,cont_ttl_expired,ttl_expired,,,0.004749,0.004749,0.004749,,,other,,False,,unknown,snapshot_missing,,,
4068,1787406288,UPUSDT,LONG,overheated_confirmed,overheated_confirmed,1,cont_ttl_expired,ttl_expired,,,0.4434,0.4434,0.4434,,,other,,False,,unknown,snapshot_missing,,,
4069,1787407358,TUTUSDT,LONG,ema_cross_confirmed,ema_cross_confirmed,1,cont_ttl_expired,ttl_expired,,,0.0443,0.0443,0.0443,,,other,,False,,unknown,snapshot_missing,,,
4018,1787414135,CVXUSDT,LONG,overheated_early,overheated_early,1,,sl,poll,1787725073,2.117,2.003589285714286,2.3438214285714283,2.003,-5.384978743504954,sl,-1.0051960321209261,True,sl,bull,close_vs_ema50,1787385600,77124.8,69303.57833953068
4019,1787414291,TRUMPUSDT,LONG,overheated_early,overheated_early,1,,tp,poll,1787495191,2.423,2.1876607142857143,2.8936785714285715,2.899,19.645068097399914,tp,2.0226117307838223,True,tp,bull,close_vs_ema50,1787385600,77124.8,69303.57833953068
4027,1787415331,JELLYJELLYUSDT,SHORT,ema_cross,ema_cross,1,,sl,poll,1787866141,0.05496,0.05668,0.05152,0.05682,-3.3842794759825336,sl,-1.0813953488372101,True,sl,unknown,snapshot_missing,,,
4089,1787415332,JELLYJELLYUSDT,SHORT,ema_cross_confirmed,ema_cross_confirmed,1,cont_ttl_expired,ttl_expired,,,0.05496,0.05496,0.05496,,,other,,False,,unknown,snapshot_missing,,,
4028,1787415337,RIVERUSDT,SHORT,ema_cross,ema_cross,1,,tp,poll,1787622324,2.477,2.6204827586206894,2.1900344827586204,2.184,11.828825191764219,tp,2.0420571977889934,True,tp,bull,close_vs_ema50,1787400000,76974.9,69604.4144830785
4090,1787415338,RIVERUSDT,SHORT,ema_cross_confirmed,ema_cross_confirmed,1,cont_ttl_expired,ttl_expired,,,2.477,2.477,2.477,,,other,,False,,unknown,snapshot_missing,,,
4029,1787415342,BLUAIUSDT,SHORT,ema_cross,ema_cross,1,,sl,wick,1787436554,0.012029,0.012517655172413792,0.011051689655172413,0.012517655172413792,-4.062309189573469,sl,-1.0,True,sl,bull,close_vs_ema50,1787400000,76974.9,69604.4144830785
4091,1787415343,BLUAIUSDT,SHORT,ema_cross_confirmed,ema_cross_confirmed,1,cont_ttl_expired,ttl_expired,,,0.012029,0.012029,0.012029,,,other,,False,,unknown,snapshot_missing,,,
4030,1787415350,RIVERUSDT,SHORT,ema_cross_confirmed,ema_cross_confirmed,1,,tp,poll,1787830558,2.45,2.7369655172413796,1.8760689655172413,1.751,28.53061224489797,tp,2.4358327325162223,True,tp,bull,close_vs_ema50,1787400000,76974.9,69604.4144830785
4031,1787415362,B2USDT,SHORT,ema_cross,ema_cross,1,,tp,wick,1787638491,0.4409,0.45853793103448276,0.4056241379310345,0.4056241379310345,8.00087595122828,tp,2.0,True,tp,bull,close_vs_ema50,1787400000,76974.9,69604.4144830785
4092,1787415362,B2USDT,SHORT,ema_cross_confirmed,ema_cross_confirmed,1,cont_ttl_expired,ttl_expired,,,0.4409,0.4409,0.4409,,,other,,False,,unknown,snapshot_missing,,,
4032,1787415410,COAIUSDT,SHORT,ema_cross,ema_cross,1,,sl,poll,1787831855,0.2847,0.29787586206896555,0.258348275862069,0.2983,-4.776958201615736,sl,-1.032190526040302,True,sl,bull,close_vs_ema50,1787400000,76974.9,69604.4144830785
4093,1787415411,COAIUSDT,SHORT,ema_cross_confirmed,ema_cross_confirmed,1,cont_ttl_expired,ttl_expired,,,0.2847,0.2847,0.2847,,,other,,False,,unknown,snapshot_missing,,,
4033,1787415422,EDENUSDT,SHORT,ema_cross,ema_cross,1,,sl,poll,1787718932,0.05042,0.05451103448275862,0.042237931034482756,0.05455,-8.191193970646571,sl,-1.0095246122724217,True,sl,bull,close_vs_ema50,1787400000,76974.9,69604.4144830785
4094,1787415423,EDENUSDT,SHORT,ema_cross_confirmed,ema_cross_confirmed,1,cont_ttl_expired,ttl_expired,,,0.05042,0.05042,0.05042,,,other,,False,,unknown,snapshot_missing,,,
4034,1787415453,SWARMSUSDT,SHORT,ema_cross,ema_cross,1,,sl,poll,1787608092,0.00776,0.008256827586206897,0.0067663448275862076,0.008274,-6.623711340206182,sl,-1.0345641310383118,True,sl,bull,close_vs_ema50,1787400000,76974.9,69604.4144830785
4095,1787415454,SWARMSUSDT,SHORT,ema_cross_confirmed,ema_cross_confirmed,1,cont_ttl_expired,ttl_expired,,,0.00776,0.00776,0.00776,,,other,,False,,unknown,snapshot_missing,,,
4035,1787415457,MUUUSDT,SHORT,ema_cross,ema_cross,1,,tp,wick,1787578477,30.91,32.346896551724136,28.036206896551725,28.036206896551725,9.297292473142267,tp,2.0000000000000027,True,tp,bull,close_vs_ema50,1787400000,76974.9,69604.4144830785
4096,1787415457,MUUUSDT,SHORT,ema_cross_confirmed,ema_cross_confirmed,1,cont_ttl_expired,ttl_expired,,,30.91,30.91,30.91,,,other,,False,,unknown,snapshot_missing,,,
4036,1787415476,MAVIAUSDT,SHORT,ema_cross,ema_cross,1,,sl,poll,1787424999,0.02925,0.030261724137931035,0.027226551724137932,0.03032,-3.6581196581196513,sl,-1.057600545330606,True,sl,bull,close_vs_ema50,1787400000,76974.9,69604.4144830785
4097,1787415476,MAVIAUSDT,SHORT,ema_cross_confirmed,ema_cross_confirmed,1,cont_ttl_expired,ttl_expired,,,0.02925,0.02925,0.02925,,,other,,False,,unknown,snapshot_missing,,,
4037,1787415494,SQDUSDT,SHORT,ema_cross,ema_cross,1,,tp,poll,1787415536,0.03501,0.03710862068965517,0.030812758620689655,0.02929,16.33818908883176,tp,2.725599737101549,True,tp,bull,close_vs_ema50,1787400000,76974.9,69604.4144830785
4098,1787415494,SQDUSDT,SHORT,ema_cross_confirmed,ema_cross_confirmed,1,cont_ttl_expired,ttl_expired,,,0.03501,0.03501,0.03501,,,other,,False,,unknown,snapshot_missing,,,
4038,1787415507,DOSUSDT,SHORT,ema_cross,ema_cross,1,,sl,poll,1787676185,0.2303,0.2453103448275862,0.2002793103448276,0.2487,-7.989578810247503,sl,-1.2258212726855047,True,sl,bull,close_vs_ema50,1787400000,76974.9,69604.4144830785
4099,1787415508,DOSUSDT,SHORT,ema_cross_confirmed,ema_cross_confirmed,1,cont_ttl_expired,ttl_expired,,,0.2303,0.2303,0.2303,,,other,,False,,unknown,snapshot_missing,,,
4039,1787415512,FIGHTUSDT,SHORT,ema_cross,ema_cross,1,,sl,poll,1787502658,0.003367,0.0035047586206896552,0.0030914827586206897,0.003509,-4.21740421740421,sl,-1.0307884856070082,True,sl,bull,close_vs_ema50,1787400000,76974.9,69604.4144830785
4100,1787415512,FIGHTUSDT,SHORT,ema_cross_confirmed,ema_cross_confirmed,1,cont_ttl_expired,ttl_expired,,,0.003367,0.003367,0.003367,,,other,,False,,unknown,snapshot_missing,,,
4040,1787415541,BUSDT,SHORT,ema_cross,ema_cross,1,,tp,poll,1787552891,0.1445,0.1514655172413793,0.13056896551724137,0.1298,10.173010380622832,tp,2.1103960396039594,True,tp,bull,close_vs_ema50,1787400000,76974.9,69604.4144830785
4101,1787415541,BUSDT,SHORT,ema_cross_confirmed,ema_cross_confirmed,1,cont_ttl_expired,ttl_expired,,,0.1445,0.1445,0.1445,,,other,,False,,unknown,snapshot_missing,,,
4041,1787415567,LABUSDT,SHORT,ema_cross,ema_cross,1,,sl,poll,1787420847,0.07161,0.07717379310344827,0.06048241379310344,0.07725,-7.875994972769176,sl,-1.0136969321351113,True,sl,bull,close_vs_ema50,1787400000,76974.9,69604.4144830785
4102,1787415567,LABUSDT,SHORT,ema_cross_confirmed,ema_cross_confirmed,1,cont_ttl_expired,ttl_expired,,,0.07161,0.07161,0.07161,,,other,,False,,unknown,snapshot_missing,,,
4042,1787415585,INXUSDT,SHORT,ema_cross,ema_cross,1,,tp,wick,1787589727,0.00746,0.007877586206896551,0.006624827586206896,0.006624827586206896,11.195340667467875,tp,2.000000000000002,True,tp,bull,close_vs_ema50,1787400000,76974.9,69604.4144830785
4103,1787415585,INXUSDT,SHORT,ema_cross_confirmed,ema_cross_confirmed,1,cont_ttl_expired,ttl_expired,,,0.00746,0.00746,0.00746,,,other,,False,,unknown,snapshot_missing,,,
4044,1787415646,JCTUSDT,SHORT,ema_cross,ema_cross,1,,sl,wick,1787520094,0.001906,0.0021191379310344827,0.0014797241379310344,0.0021191379310344827,-11.18247277200854,sl,-1.0,True,sl,bull,close_vs_ema50,1787400000,76974.9,69604.4144830785
4104,1787415647,JCTUSDT,SHORT,ema_cross_confirmed,ema_cross_confirmed,1,cont_ttl_expired,ttl_expired,,,0.001906,0.001906,0.001906,,,other,,False,,unknown,snapshot_missing,,,
4045,1787415657,WLFIUSDT,SHORT,ema_cross,ema_cross,1,,sl,wick,1787879958,0.05894,0.061155172413793105,0.054509655172413796,0.061155172413793105,-3.758351567344936,sl,-1.0,True,sl,unknown,snapshot_missing,,,
4105,1787415658,WLFIUSDT,SHORT,ema_cross_confirmed,ema_cross_confirmed,1,cont_ttl_expired,ttl_expired,,,0.05894,0.05894,0.05894,,,other,,False,,unknown,snapshot_missing,,,
4046,1787415663,ALLOUSDT,SHORT,ema_cross,ema_cross,1,,tp,poll,1787723768,0.28662,0.30133793103448275,0.25718413793103445,0.25425,11.293698974251626,tp,2.1993580432032234,True,tp,bull,close_vs_ema50,1787400000,76974.9,69604.4144830785
4107,1787415663,ALLOUSDT,SHORT,ema_cross_confirmed,ema_cross_confirmed,1,cont_ttl_expired,ttl_expired,,,0.28662,0.28662,0.28662,,,other,,False,,unknown,snapshot_missing,,,
4047,1787415668,OUSDT,SHORT,ema_cross,ema_cross,1,,sl,poll,1787966326,0.4443,0.4687310344827586,0.3954379310344827,0.4692,-5.604321404456456,sl,-1.019195483415668,True,sl,unknown,snapshot_missing,,,
4108,1787415668,OUSDT,SHORT,ema_cross_confirmed,ema_cross_confirmed,1,cont_ttl_expired,ttl_expired,,,0.4443,0.4443,0.4443,,,other,,False,,unknown,snapshot_missing,,,
4062,1787418944,PUMPUSDT,LONG,overheated_confirmed,overheated_confirmed,1,,sl,wick,1787953693,0.004818,0.004441607142857143,0.005570785714285715,0.004441607142857143,-7.812222024550793,sl,-1.0,True,sl,unknown,snapshot_missing,,,
4071,1787422411,STXUSDT,LONG,overheated_early,overheated_early,1,,tp,poll,1787491143,0.218,0.2065357142857143,0.24092857142857144,0.242,11.009174311926603,tp,2.0934579439252348,True,tp,bull,close_vs_ema50,1787400000,76974.9,69604.4144830785
4156,1787424432,TUTUSDT,LONG,overheated_confirmed,overheated_confirmed,1,cont_ttl_expired,ttl_expired,,,0.0537,0.0537,0.0537,,,other,,False,,unknown,snapshot_missing,,,
4076,1787425203,SWARMSUSDT,SHORT,ema_cross_confirmed,ema_cross_confirmed,1,,sl,poll,1787627183,0.007732,0.008725655172413794,0.005744689655172413,0.008774,-13.476461458872224,sl,-1.0486535258189893,True,sl,bull,close_vs_ema50,1787400000,76974.9,69604.4144830785
4079,1787426970,DASHUSDT,LONG,overheated_early,overheated_early,1,,sl,wick,1787432712,43.83,41.309999999999995,48.87,41.309999999999995,-5.74948665297742,sl,-1.0,True,sl,bull,close_vs_ema50,1787400000,76974.9,69604.4144830785
4083,1787428808,FIGHTUSDT,SHORT,ema_cross_confirmed,ema_cross_confirmed,1,,sl,poll,1787740197,0.003365,0.0036405172413793104,0.002813965517241379,0.003734,-10.965824665676076,sl,-1.3392991239048802,True,sl,bull,close_vs_ema50,1787414400,77393.2,69909.85705236952
4160,1787429623,VVVUSDT,LONG,overheated_confirmed,overheated_confirmed,1,cont_ttl_expired,ttl_expired,,,17.48,17.48,17.48,,,other,,False,,unknown,snapshot_missing,,,
4087,1787429712,VVVUSDT,LONG,overheated_confirmed,overheated_confirmed,1,,sl,wick,1787592925,17.413,16.19419642857143,19.85060714285714,16.19419642857143,-6.999388798188535,sl,-1.0,True,sl,bull,close_vs_ema50,1787414400,77393.2,69909.85705236952
4110,1787430543,PTBUSDT,SHORT,ema_cross,ema_cross,1,,sl,poll,1787561343,0.0008282,0.0008744551724137931,0.0007356896551724138,0.0008777,-5.976817193914521,sl,-1.0701505889369323,True,sl,bull,close_vs_ema50,1787414400,77393.2,69909.85705236952
4112,1787430656,STBLUSDT,SHORT,ema_cross,ema_cross,1,,sl,poll,1787588413,0.02513,0.02614103448275862,0.02310793103448276,0.02631,-4.695582968563472,sl,-1.1671214188267423,True,sl,bull,close_vs_ema50,1787414400,77393.2,69909.85705236952
4113,1787430659,TUTUSDT,LONG,overheated_confirmed,overheated_confirmed,1,,tp,poll,1787431482,0.06352,0.05682533928571428,0.07690932142857142,0.07705,21.30037783375315,tp,2.021013547576561,True,tp,bull,close_vs_ema50,1787414400,77393.2,69909.85705236952
4114,1787430667,MOVRUSDT,SHORT,ema_cross,ema_cross,1,,sl,poll,1787830558,0.732,0.7650344827586206,0.6659310344827586,0.922,-25.956284153005473,sl,-5.751565762004185,True,sl,bull,close_vs_ema50,1787414400,77393.2,69909.85705236952
4115,1787430723,GRASSUSDT,SHORT,ema_cross,ema_cross,1,,sl,poll,1787491984,0.3061,0.32342413793103447,0.271451724137931,0.3236,-5.717085919634112,sl,-1.0101512738853509,True,sl,bull,close_vs_ema50,1787414400,77393.2,69909.85705236952
4116,1787430827,TACUSDT,SHORT,ema_cross,ema_cross,1,,tp,poll,1787430853,0.001931,0.0020641379310344828,0.0016647241379310345,0.001532,20.662868979803214,tp,2.996891996891997,True,tp,bull,close_vs_ema50,1787414400,77393.2,69909.85705236952
4117,1787430832,HEIUSDT,SHORT,ema_cross,ema_cross,1,,sl,wick,1787723846,0.12993,0.13914896551724137,0.11149206896551722,0.13914896551724137,-7.095332499993369,sl,-1.0,True,sl,bull,close_vs_ema50,1787414400,77393.2,69909.85705236952
4118,1787430843,TACUSDT,SHORT,ema_cross_confirmed,ema_cross_confirmed,1,,sl,wick,1787433196,0.001627,0.0018932758620689655,0.001094448275862069,0.0018932758620689655,-16.366064048492042,sl,-1.0,True,sl,bull,close_vs_ema50,1787414400,77393.2,69909.85705236952
4119,1787430864,OPGUSDT,SHORT,ema_cross,ema_cross,1,,tp,poll,1787932939,0.0981,0.10243103448275863,0.08943793103448276,0.0876,10.703363914373098,tp,2.4243630573248423,True,tp,unknown,snapshot_missing,,,
4121,1787431559,TUTUSDT,LONG,overheated_confirmed,overheated_confirmed,1,,sl,wick,1787432170,0.076101,0.06940633928571428,0.08614299107142859,0.06940633928571428,-8.797073250398443,sl,-1.0,True,sl,bull,close_vs_ema50,1787414400,77393.2,69909.85705236952
4124,1787432272,CROSSUSDT,LONG,overheated_early,overheated_early,1,,sl,poll,1787462646,0.12468,0.11460375,0.14483249999999998,0.11398,-8.581969842797562,sl,-1.0619029897035115,True,sl,bull,close_vs_ema50,1787414400,77393.2,69909.85705236952
4133,1787433301,STBLUSDT,SHORT,ema_cross_confirmed,ema_cross_confirmed,1,,sl,poll,1787830558,0.02477,0.02679206896551724,0.02072586206896552,0.02852,-15.139281388776746,sl,-1.8545361527967261,True,sl,bull,close_vs_ema50,1787414400,77393.2,69909.85705236952
4134,1787433302,MOVRUSDT,SHORT,ema_cross_confirmed,ema_cross_confirmed,1,,sl,poll,1787830558,0.719,0.7850689655172414,0.5868620689655172,0.922,-28.23365785813631,sl,-3.0725469728601253,True,sl,bull,close_vs_ema50,1787414400,77393.2,69909.85705236952
4135,1787433304,GRASSUSDT,SHORT,ema_cross_confirmed,ema_cross_confirmed,1,,sl,poll,1787509855,0.2978,0.332448275862069,0.22850344827586205,0.3327,-11.71927468099395,sl,-1.0072651273885342,True,sl,bull,close_vs_ema50,1787414400,77393.2,69909.85705236952
4153,1787437805,ZROUSDT,LONG,overheated_confirmed,overheated_confirmed,1,,sl,wick,1787590029,1.191,1.117232142857143,1.3385357142857142,1.117232142857143,-6.193774739114781,sl,-1.0,True,sl,bull,close_vs_ema50,1787414400,77393.2,69909.85705236952
4161,1787444102,HEIUSDT,SHORT,ema_cross_confirmed,ema_cross_confirmed,1,,sl,poll,1787725465,0.12761,0.14604793103448277,0.09073413793103446,0.14658,-14.865606143719134,sl,-1.0288573031606496,True,sl,bull,close_vs_ema50,1787428800,77052.1,70189.94501110012
4162,1787444151,HOMEUSDT,SHORT,ema_cross,ema_cross,1,,sl,wick,1787463757,0.00604,0.00637344827586207,0.005373103448275862,0.00637344827586207,-5.520666818908433,sl,-1.0,True,sl,bull,close_vs_ema50,1787428800,77052.1,70189.94501110012
4163,1787444255,ATUSDT,SHORT,ema_cross,ema_cross,1,,tp,wick,1787759461,0.14597,0.1512565517241379,0.13539689655172413,0.13539689655172413,7.2433400344426,tp,2.0000000000000053,True,tp,bull,close_vs_ema50,1787428800,77052.1,70189.94501110012
4165,1787444333,XNYUSDT,SHORT,ema_cross,ema_cross,1,,tp,wick,1787898094,0.007139,0.007428758620689656,0.00655948275862069,0.00655948275862069,8.117624896754593,tp,2.0,True,tp,unknown,snapshot_missing,,,
4166,1787444378,4USDT,SHORT,ema_cross,ema_cross,1,,sl,poll,1787512594,0.01072,0.01139296551724138,0.009374068965517242,0.011394,-6.2873134328358145,sl,-1.001537200245951,True,sl,bull,close_vs_ema50,1787428800,77052.1,70189.94501110012
4167,1787444394,COOKIEUSDT,SHORT,ema_cross,ema_cross,1,,sl,wick,1787585423,0.01056,0.011028275862068965,0.009623448275862069,0.011028275862068965,-4.434430512016719,sl,-1.0,True,sl,bull,close_vs_ema50,1787428800,77052.1,70189.94501110012
4168,1787444427,SOONUSDT,SHORT,ema_cross,ema_cross,1,,sl,wick,1787524650,0.1915,0.19797241379310346,0.1785551724137931,0.19797241379310346,-3.379850544701543,sl,-1.0,True,sl,bull,close_vs_ema50,1787428800,77052.1,70189.94501110012
4169,1787444471,SOONUSDT,SHORT,ema_cross_confirmed,ema_cross_confirmed,1,,sl,poll,1787830558,0.1903,0.2032448275862069,0.16441034482758618,0.2058,-8.145034156594857,sl,-1.1973894512519978,True,sl,bull,close_vs_ema50,1787428800,77052.1,70189.94501110012
4170,1787462913,TUTUSDT,LONG,overheated_early,overheated_early,1,,tp,poll,1787552891,0.0586,0.05036108928571428,0.07507782142857142,0.07524,28.39590443686007,tp,2.0196844676502397,True,tp,bull,close_vs_ema50,1787443200,76919.5,70453.84912831188
4234,1787464079,GUSDT,SHORT,ema_cross,ema_cross,1,,sl,poll,1787493034,0.003769,0.0038933793103448277,0.003520241379310345,0.0039,-3.47572300344918,sl,-1.053229830884389,True,sl,bull,close_vs_ema50,1787443200,76919.5,70453.84912831188
4235,1787464086,BROCCOLIF3BUSDT,SHORT,ema_cross,ema_cross,1,,sl,poll,1788010926,0.006292,0.006535482758620689,0.00580503448275862,0.006551,-4.116338207247307,sl,-1.0637303498088122,True,sl,unknown,snapshot_missing,,,
4236,1787464152,STORJUSDT,SHORT,ema_cross,ema_cross,1,,sl,poll,1787491894,0.03935,0.04102379310344828,0.03600241379310345,0.04109,-4.4218551461245195,sl,-1.0395550061804677,True,sl,bull,close_vs_ema50,1787443200,76919.5,70453.84912831188
4237,1787464157,BANKUSDT,SHORT,ema_cross,ema_cross,1,,sl,poll,1787847740,0.03525,0.03651689655172413,0.03271620689655172,0.03653,-3.631205673758875,sl,-1.010342950462716,True,sl,bull,close_vs_ema50,1787443200,76919.5,70453.84912831188
4238,1787464160,RAVEUSDT,SHORT,ema_cross,ema_cross,1,,sl,poll,1787485200,0.2777,0.28864137931034484,0.25581724137931033,0.2942,-5.941663665826437,sl,-1.5080365584620237,True,sl,bull,close_vs_ema50,1787443200,76919.5,70453.84912831188
4239,1787464182,WETUSDT,SHORT,ema_cross,ema_cross,1,,sl,poll,1787485200,0.06686,0.06891758620689656,0.0627448275862069,0.06902,-3.230631169608129,sl,-1.0497737556561044,True,sl,bull,close_vs_ema50,1787443200,76919.5,70453.84912831188
4240,1787464186,DEEPUSDT,SHORT,ema_cross,ema_cross,1,,sl,poll,1787485686,0.01285,0.01352896551724138,0.011492068965517242,0.01353,-5.291828793774319,sl,-1.0015236160487546,True,sl,bull,close_vs_ema50,1787443200,76919.5,70453.84912831188
4241,1787464216,PARTIUSDT,SHORT,ema_cross,ema_cross,1,,sl,poll,1787493722,0.02255,0.023580344827586208,0.020489310344827587,0.02384,-5.7206208425720595,sl,-1.2520080321285136,True,sl,bull,close_vs_ema50,1787443200,76919.5,70453.84912831188
4242,1787464218,EPICUSDT,SHORT,ema_cross,ema_cross,1,,sl,poll,1787959328,0.3371,0.35776551724137934,0.2957689655172414,0.3578,-6.140611094630671,sl,-1.0016686133822783,True,sl,unknown,snapshot_missing,,,
4243,1787464239,BMTUSDT,SHORT,ema_cross,ema_cross,1,,sl,poll,1787676185,0.01537,0.016380344827586206,0.013349310344827586,0.01648,-7.2218607677293525,sl,-1.098634812286692,True,sl,bull,close_vs_ema50,1787443200,76919.5,70453.84912831188
4244,1787464258,STARUSDT,SHORT,ema_cross,ema_cross,1,,sl,poll,1787563527,0.12196,0.13388103448275862,0.09811793103448276,0.13602,-11.528369957363074,sl,-1.1794278441468284,True,sl,bull,close_vs_ema50,1787443200,76919.5,70453.84912831188
4245,1787464275,PARTIUSDT,SHORT,ema_cross_confirmed,ema_cross_confirmed,1,,sl,poll,1787499988,0.02242,0.024480689655172413,0.01829862068965517,0.02452,-9.366636931311335,sl,-1.019076305220884,True,sl,bull,close_vs_ema50,1787443200,76919.5,70453.84912831188
4246,1787464277,STARUSDT,SHORT,ema_cross_confirmed,ema_cross_confirmed,1,,sl,wick,1787565506,0.12298,0.14682206896551725,0.07529586206896552,0.14682206896551725,-19.386948256234543,sl,-1.0,True,sl,bull,close_vs_ema50,1787443200,76919.5,70453.84912831188
4247,1787464282,KGENUSDT,SHORT,ema_cross,ema_cross,1,,sl,poll,1787485686,0.16718,0.1751203448275862,0.15129931034482758,0.17552,-4.988635004187112,sl,-1.0503322186997885,True,sl,bull,close_vs_ema50,1787443200,76919.5,70453.84912831188
4267,1787465712,STORJUSDT,SHORT,ema_cross_confirmed,ema_cross_confirmed,1,,sl,wick,1787506050,0.03899,0.04233758620689655,0.03229482758620689,0.04233758620689655,-8.585755852517455,sl,-1.0,True,sl,bull,close_vs_ema50,1787443200,76919.5,70453.84912831188
4281,1787485723,ZROUSDT,LONG,overheated_early,overheated_early,1,,sl,poll,1787559792,1.223,1.135357142857143,1.3982857142857144,1.135,-7.1954210956664,sl,-1.004074979625103,True,sl,bull,close_vs_ema50,1787457600,76005.3,70671.55308406436
4282,1787486306,ICXUSDT,SHORT,ema_cross,ema_cross,1,,tp,poll,1787732046,0.0172,0.018050689655172415,0.015498620689655173,0.01511,12.151162790697674,tp,2.456830158086743,True,tp,bull,close_vs_ema50,1787457600,76005.3,70671.55308406436
4317,1787486307,ICXUSDT,SHORT,ema_cross_confirmed,ema_cross_confirmed,1,cont_ttl_expired,ttl_expired,,,0.0172,0.0172,0.0172,,,other,,False,,unknown,snapshot_missing,,,
4283,1787486334,OPNUSDT,SHORT,ema_cross,ema_cross,1,,sl,poll,1787499266,0.05592,0.05876034482758621,0.050239310344827585,0.05878,-5.114449213161662,sl,-1.0069199951438625,True,sl,bull,close_vs_ema50,1787457600,76005.3,70671.55308406436
4318,1787486334,OPNUSDT,SHORT,ema_cross_confirmed,ema_cross_confirmed,1,cont_ttl_expired,ttl_expired,,,0.05592,0.05592,0.05592,,,other,,False,,unknown,snapshot_missing,,,
4284,1787486495,CYSUSDT,LONG,ema_cross,ema_cross,1,,tp,poll,1787598526,0.5765,0.5390275862068966,0.6514448275862069,0.6546,13.547267996530781,tp,2.0841998711695973,True,tp,bull,close_vs_ema50,1787472000,77272.4,70930.40982586576
4319,1787486497,CYSUSDT,LONG,ema_cross_confirmed,ema_cross_confirmed,1,cont_ttl_expired,ttl_expired,,,0.5765,0.5765,0.5765,,,other,,False,,unknown,snapshot_missing,,,
4289,1787489813,FFUSDT,LONG,overheated_early,overheated_early,1,,sl,wick,1787496267,0.08669,0.08296732142857143,0.09413535714285715,0.08296732142857143,-4.294242209515028,sl,-1.0,True,sl,bull,close_vs_ema50,1787472000,77272.4,70930.40982586576
4339,1787493352,PENDLEUSDT,LONG,overheated_confirmed,overheated_confirmed,1,cont_ttl_expired,ttl_expired,,,1.93,1.93,1.93,,,other,,False,,unknown,snapshot_missing,,,
4300,1787494544,PENDLEUSDT,LONG,overheated_confirmed,overheated_confirmed,1,,sl,wick,1787515477,1.968,1.8630535714285714,2.177892857142857,1.8630535714285714,-5.332643728222996,sl,-1.0,True,sl,bull,close_vs_ema50,1787472000,77272.4,70930.40982586576
4344,1787495123,TRUMPUSDT,LONG,overheated_confirmed,overheated_confirmed,1,cont_ttl_expired,ttl_expired,,,2.855,2.855,2.855,,,other,,False,,unknown,snapshot_missing,,,
4302,1787495445,TRUMPUSDT,LONG,overheated_confirmed,overheated_confirmed,1,,sl,wick,1787496209,2.917,2.598303571428571,3.554392857142857,2.598303571428571,-10.92548606689848,sl,-1.0,True,sl,bull,close_vs_ema50,1787472000,77272.4,70930.40982586576
4304,1787496342,ICXUSDT,SHORT,ema_cross_confirmed,ema_cross_confirmed,1,,tp,wick,1787894154,0.01711,0.018811379310344826,0.013707241379310349,0.013707241379310349,19.88754307825629,tp,2.0,True,tp,unknown,snapshot_missing,,,
4312,1787498628,ENAUSDT,LONG,overheated_early,overheated_early,1,,sl,poll,1787566737,0.17331,0.15793714285714286,0.20405571428571428,0.1577,-9.006981709076214,sl,-1.0154260756435272,True,sl,bull,close_vs_ema50,1787472000,77272.4,70930.40982586576
4348,1787500459,XPLUSDT,LONG,overheated_confirmed,overheated_confirmed,1,cont_ttl_expired,ttl_expired,,,0.1119,0.1119,0.1119,,,other,,False,,unknown,snapshot_missing,,,
4314,1787500486,XPLUSDT,LONG,overheated_confirmed,overheated_confirmed,1,,sl,poll,1787507459,0.11098,0.10287517857142857,0.12718964285714285,0.10285,-7.325644260227067,sl,-1.003106616432018,True,sl,bull,close_vs_ema50,1787472000,77272.4,70930.40982586576
4349,1787500666,AAVEUSDT,LONG,overheated_confirmed,overheated_confirmed,1,cont_ttl_expired,ttl_expired,,,140.47,140.47,140.47,,,other,,False,,unknown,snapshot_missing,,,
4325,1787501252,GRASSUSDT,LONG,ema_cross,ema_cross,1,,tp,wick,1787519165,0.3247,0.3065689655172414,0.36096206896551725,0.36096206896551725,11.16786848337458,tp,2.000000000000003,True,tp,bull,close_vs_ema50,1787486400,77106.7,71172.61728367496
4351,1787501253,GRASSUSDT,LONG,ema_cross_confirmed,ema_cross_confirmed,1,cont_ttl_expired,ttl_expired,,,0.3247,0.3247,0.3247,,,other,,False,,unknown,snapshot_missing,,,
4326,1787501342,MYXUSDT,LONG,ema_cross,ema_cross,1,,sl,poll,1787557493,0.0764,0.07287241379310344,0.0834551724137931,0.0728,-4.712041884816744,sl,-1.0205278592375335,True,sl,bull,close_vs_ema50,1787486400,77106.7,71172.61728367496
4352,1787501342,MYXUSDT,LONG,ema_cross_confirmed,ema_cross_confirmed,1,cont_ttl_expired,ttl_expired,,,0.0764,0.0764,0.0764,,,other,,False,,unknown,snapshot_missing,,,
4327,1787501387,UAIUSDT,LONG,ema_cross,ema_cross,1,,sl,wick,1787507430,0.28924,0.27344137931034485,0.32083724137931036,0.27344137931034485,-5.46211474542081,sl,-1.0,True,sl,bull,close_vs_ema50,1787486400,77106.7,71172.61728367496
4353,1787501387,UAIUSDT,LONG,ema_cross_confirmed,ema_cross_confirmed,1,cont_ttl_expired,ttl_expired,,,0.28924,0.28924,0.28924,,,other,,False,,unknown,snapshot_missing,,,
4354,1787504083,STXUSDT,LONG,overheated_confirmed,overheated_confirmed,1,cont_ttl_expired,ttl_expired,,,0.2423,0.2423,0.2423,,,other,,False,,unknown,snapshot_missing,,,
4357,1787506057,ZROUSDT,LONG,overheated_confirmed,overheated_confirmed,1,cont_ttl_expired,ttl_expired,,,1.257,1.257,1.257,,,other,,False,,unknown,snapshot_missing,,,
4336,1787506247,SPKUSDT,LONG,overheated_confirmed,overheated_confirmed,1,,tp,wick,1787510051,0.02061,0.019226785714285714,0.023376428571428572,0.023376428571428572,13.422749012268667,tp,2.0,True,tp,bull,close_vs_ema50,1787486400,77106.7,71172.61728367496
4346,1787510719,SPKUSDT,LONG,overheated_confirmed,overheated_confirmed,1,,sl,poll,1787518477,0.02311,0.021726785714285712,0.024493214285714285,0.02172,-6.014712245781043,sl,-1.0049057578104816,True,sl,bull,close_vs_ema50,1787486400,77106.7,71172.61728367496
4347,1787511270,CYSUSDT,LONG,overheated_early,overheated_early,1,,tp,poll,1787728565,0.6015,0.5452875,0.713925,0.718,19.36824605153781,tp,2.07249277295975,True,tp,bull,close_vs_ema50,1787486400,77106.7,71172.61728367496
4361,1787511953,龙虾USDT,LONG,overheated_confirmed,overheated_confirmed,1,cont_ttl_expired,ttl_expired,,,0.025847,0.025847,0.025847,,,other,,False,,unknown,snapshot_missing,,,
4360,1787523308,UAIUSDT,LONG,overheated_early,overheated_early,1,,tp,wick,1787553508,0.27951,0.25466517857142856,0.3291996428571428,0.3291996428571428,17.777411490516563,tp,2.0,True,tp,bull,close_vs_ema50,1787500800,77298.4,71412.84405686418
4363,1787530515,UAIUSDT,LONG,overheated_confirmed,overheated_confirmed,1,,tp,wick,1787553567,0.28,0.2551551785714286,0.32968964285714286,0.32968964285714286,17.746301020408154,tp,2.0,True,tp,bull,close_vs_ema50,1787515200,77706.2,71659.64232914402
4364,1787530517,SPKUSDT,LONG,overheated_confirmed,overheated_confirmed,1,,sl,poll,1787559467,0.02356,0.02200964285714286,0.026660714285714284,0.02199,-6.663837011884558,sl,-1.0126698917300183,True,sl,bull,close_vs_ema50,1787515200,77706.2,71659.64232914402
4369,1787553329,LITUSDT,LONG,overheated_early,overheated_early,1,,sl,poll,1787590659,3.64,3.305607142857143,4.308785714285714,3.286,-9.725274725274726,sl,-1.0586350528676716,True,sl,bull,close_vs_ema50,1787529600,76918.7,71865.87988486387
4395,1787553357,GRASSUSDT,LONG,overheated_confirmed,overheated_confirmed,1,cont_ttl_expired,ttl_expired,,,0.3688,0.3688,0.3688,,,other,,False,,unknown,snapshot_missing,,,
4371,1787553362,SPKUSDT,LONG,overheated_early,overheated_early,1,,sl,wick,1787579230,0.02229,0.020418214285714286,0.02603357142857143,0.020418214285714286,-8.397423572389927,sl,-1.0,True,sl,bull,close_vs_ema50,1787529600,76918.7,71865.87988486387
4373,1787553531,AAVEUSDT,LONG,overheated_early,overheated_early,1,,sl,wick,1787586967,141.72,133.08482142857142,158.99035714285714,133.08482142857142,-6.093126285230442,sl,-1.0,True,sl,bull,close_vs_ema50,1787529600,76918.7,71865.87988486387
4375,1787553658,SCRTUSDT,LONG,overheated_early,overheated_early,1,,sl,poll,1787718733,0.01943,0.015920535714285713,0.026448928571428568,0.01468,-24.44673185795162,sl,-1.3534829288149388,True,sl,bull,close_vs_ema50,1787529600,76918.7,71865.87988486387
4379,1787553917,SCRTUSDT,LONG,overheated_confirmed,overheated_confirmed,1,,sl,poll,1787555009,0.02142,0.01791053571428572,0.028438928571428566,0.01787,-16.573295985060692,sl,-1.0115503994301136,True,sl,bull,close_vs_ema50,1787529600,76918.7,71865.87988486387
4381,1787553978,RATSUSDT,LONG,overheated_confirmed,overheated_confirmed,1,,sl,poll,1787577867,4.678e-05,4.3211607142857145e-05,5.391678571428572e-05,4.289e-05,-8.315519452757599,sl,-1.0901266076164753,True,sl,bull,close_vs_ema50,1787529600,76918.7,71865.87988486387
4382,1787553979,UAIUSDT,LONG,overheated_confirmed,overheated_confirmed,1,,tp,wick,1787581128,0.32871,0.3032067857142857,0.37971642857142857,0.37971642857142857,15.517151462209416,tp,2.0,True,tp,bull,close_vs_ema50,1787529600,76918.7,71865.87988486387
4383,1787555033,GRASSUSDT,LONG,overheated_early,overheated_early,1,,sl,poll,1787726294,0.3675,0.33579642857142855,0.4309071428571429,0.3352,-8.789115646258502,sl,-1.018812661935338,True,sl,bull,close_vs_ema50,1787529600,76918.7,71865.87988486387
4384,1787555440,MORPHOUSDT,LONG,overheated_early,overheated_early,1,,sl,poll,1787676257,2.7435,2.5482,3.1341,2.547,-7.162383816293053,sl,-1.0061443932411667,True,sl,bull,close_vs_ema50,1787529600,76918.7,71865.87988486387
4401,1787555964,BTRUSDT,LONG,overheated_confirmed,overheated_confirmed,1,cont_ttl_expired,ttl_expired,,,0.03451,0.03451,0.03451,,,other,,False,,unknown,snapshot_missing,,,
4387,1787557515,GRASSUSDT,LONG,overheated_confirmed,overheated_confirmed,1,,sl,poll,1787718733,0.3726,0.34089642857142854,0.43600714285714287,0.3384,-9.178743961352659,sl,-1.07874281851977,True,sl,bull,close_vs_ema50,1787529600,76918.7,71865.87988486387
4388,1787557517,PROMUSDT,LONG,overheated_confirmed,overheated_confirmed,1,,sl,wick,1787574933,3.827,3.5153749999999997,4.4502500000000005,3.5153749999999997,-8.14280114972564,sl,-1.0,True,sl,bull,close_vs_ema50,1787529600,76918.7,71865.87988486387
4425,1787561740,RATSUSDT,LONG,overheated_confirmed,overheated_confirmed,1,cont_ttl_expired,ttl_expired,,,4.678e-05,4.678e-05,4.678e-05,,,other,,False,,unknown,snapshot_missing,,,
4426,1787561783,PTBUSDT,LONG,overheated_confirmed,overheated_confirmed,1,cont_ttl_expired,ttl_expired,,,0.0008824,0.0008824,0.0008824,,,other,,False,,unknown,snapshot_missing,,,
4427,1787561789,TUTUSDT,LONG,overheated_confirmed,overheated_confirmed,1,cont_ttl_expired,ttl_expired,,,0.082684,0.082684,0.082684,,,other,,False,,unknown,snapshot_missing,,,
4391,1787562277,RATSUSDT,LONG,overheated_early,overheated_early,1,,sl,poll,1787577867,4.745e-05,4.379214285714286e-05,5.4765714285714284e-05,4.289e-05,-9.610115911485781,sl,-1.2466315172817823,True,sl,bull,close_vs_ema50,1787544000,77298.2,72078.91204624176
4434,1787562321,SCRTUSDT,LONG,overheated_confirmed,overheated_confirmed,1,cont_ttl_expired,ttl_expired,,,0.01922,0.01922,0.01922,,,other,,False,,unknown,snapshot_missing,,,
4393,1787564085,PTBUSDT,LONG,overheated_early,overheated_early,1,,sl,poll,1787578477,0.0008769,0.00079275,0.0010452,0.0007877,-10.172197513969667,sl,-1.0600118835412957,True,sl,bull,close_vs_ema50,1787544000,77298.2,72078.91204624176
4470,1787568086,VELVETUSDT,LONG,overheated_confirmed,overheated_confirmed,1,cont_ttl_expired,ttl_expired,,,0.84429,0.84429,0.84429,,,other,,False,,unknown,snapshot_missing,,,
4399,1787569581,TUTUSDT,LONG,overheated_early,overheated_early,1,,sl,poll,1787571974,0.079014,0.06737426785714286,0.10229346428571429,0.067365,-14.742956944338987,sl,-1.0007962259809005,True,sl,bull,close_vs_ema50,1787544000,77298.2,72078.91204624176
4402,1787572024,ZAMAUSDT,LONG,overheated_early,overheated_early,1,,sl,poll,1787676185,0.06202,0.05651875,0.0730225,0.05614,-9.480812641083515,sl,-1.0688479890933873,True,sl,bull,close_vs_ema50,1787544000,77298.2,72078.91204624176
4403,1787573328,SUPERUSDT,LONG,overheated_early,overheated_early,1,,tp,poll,1787576070,0.1149,0.109425,0.12585000000000002,0.1266,10.182767624020878,tp,2.136986301369858,True,tp,bull,close_vs_ema50,1787558400,78404.2,72326.96255423229
4406,1787574821,PROMUSDT,LONG,overheated_early,overheated_early,1,,tp,wick,1787627988,3.577,3.196160714285714,4.338678571428572,4.338678571428572,21.29378170054716,tp,2.0,True,tp,bull,close_vs_ema50,1787558400,78404.2,72326.96255423229
4424,1787576052,PARTIUSDT,LONG,ema_cross,ema_cross,1,,sl,wick,1787595429,0.02587,0.024703793103448276,0.028202413793103447,0.024703793103448276,-4.507950895058851,sl,-1.0,True,sl,bull,close_vs_ema50,1787558400,78404.2,72326.96255423229
4504,1787576053,PARTIUSDT,LONG,ema_cross_confirmed,ema_cross_confirmed,1,cont_ttl_expired,ttl_expired,,,0.02587,0.02587,0.02587,,,other,,False,,unknown,snapshot_missing,,,
4428,1787576344,NGUSDT,LONG,ema_cross,ema_cross,1,,sl,poll,1787581526,2.881,2.8556896551724136,2.931620689655172,2.854,-0.9371745921554909,sl,-1.0667574931879986,True,sl,bull,close_vs_ema50,1787558400,78404.2,72326.96255423229
4505,1787576345,NGUSDT,LONG,ema_cross_confirmed,ema_cross_confirmed,1,cont_ttl_expired,ttl_expired,,,2.881,2.881,2.881,,,other,,False,,unknown,snapshot_missing,,,
4429,1787576454,SUPERUSDT,LONG,overheated_confirmed,overheated_confirmed,1,,sl,poll,1787590791,0.1265,0.121025,0.13745000000000002,0.1207,-4.5849802371541495,sl,-1.0593607305936057,True,sl,bull,close_vs_ema50,1787558400,78404.2,72326.96255423229
4535,1787582755,COTIUSDT,LONG,overheated_confirmed,overheated_confirmed,1,cont_ttl_expired,ttl_expired,,,0.01385,0.01385,0.01385,,,other,,False,,unknown,snapshot_missing,,,
4543,1787584194,SUPERUSDT,LONG,overheated_confirmed,overheated_confirmed,1,cont_ttl_expired,ttl_expired,,,0.1284,0.1284,0.1284,,,other,,False,,unknown,snapshot_missing,,,
4546,1787585382,PROMUSDT,LONG,overheated_confirmed,overheated_confirmed,1,cont_ttl_expired,ttl_expired,,,3.675,3.675,3.675,,,other,,False,,unknown,snapshot_missing,,,
4482,1787586340,PROMUSDT,LONG,overheated_confirmed,overheated_confirmed,1,,tp,poll,1787628352,3.717,3.3361607142857146,4.478678571428571,4.482,20.581113801452787,tp,2.008721339147561,True,tp,bull,close_vs_ema50,1787558400,78404.2,72326.96255423229
4485,1787587248,BICOUSDT,SHORT,ema_cross,ema_cross,1,,sl,poll,1787723768,0.01844,0.01972034482758621,0.015879310344827587,0.02033,-10.249457700650755,sl,-1.4761648262860212,True,sl,bull,close_vs_ema50,1787572800,79055.0,72590.80715994867
4548,1787587248,BOMEUSDT,SHORT,ema_cross_confirmed,ema_cross_confirmed,1,cont_ttl_expired,ttl_expired,,,0.0011237,0.0011237,0.0011237,,,other,,False,,unknown,snapshot_missing,,,
4549,1787587249,BICOUSDT,SHORT,ema_cross_confirmed,ema_cross_confirmed,1,cont_ttl_expired,ttl_expired,,,0.01844,0.01844,0.01844,,,other,,False,,unknown,snapshot_missing,,,
4488,1787587294,BICOUSDT,SHORT,ema_cross_confirmed,ema_cross_confirmed,1,,sl,wick,1787726095,0.01842,0.020980689655172413,0.01329862068965517,0.020980689655172413,-13.901681081283467,sl,-1.0,True,sl,bull,close_vs_ema50,1787572800,79055.0,72590.80715994867
4495,1787588140,PIEVERSEUSDT,LONG,ema_cross,ema_cross,1,,sl,wick,1787833117,1.0578,0.9999310344827587,1.173537931034483,0.9999310344827587,-5.470690633129268,sl,-1.0,True,sl,bull,close_vs_ema50,1787572800,79055.0,72590.80715994867
4559,1787588141,PIEVERSEUSDT,LONG,ema_cross_confirmed,ema_cross_confirmed,1,cont_ttl_expired,ttl_expired,,,1.0578,1.0578,1.0578,,,other,,False,,unknown,snapshot_missing,,,
4498,1787588436,ONDSUSDT,SHORT,ema_cross,ema_cross,1,,tp,poll,1787758404,8.317,8.468,8.015,7.986,3.9798004088012546,tp,2.192052980132456,True,tp,bull,close_vs_ema50,1787572800,79055.0,72590.80715994867
4562,1787588436,ONDSUSDT,SHORT,ema_cross_confirmed,ema_cross_confirmed,1,cont_ttl_expired,ttl_expired,,,8.317,8.317,8.317,,,other,,False,,unknown,snapshot_missing,,,
4499,1787588987,STORJUSDT,LONG,overheated_early,overheated_early,1,,tp,wick,1787590440,0.04896,0.04481946428571428,0.057241071428571426,0.057241071428571426,16.913953081232496,tp,2.0,True,tp,bull,close_vs_ema50,1787572800,79055.0,72590.80715994867
4564,1787589886,STORJUSDT,LONG,overheated_confirmed,overheated_confirmed,1,cont_ttl_expired,ttl_expired,,,0.05315,0.05315,0.05315,,,other,,False,,unknown,snapshot_missing,,,
4501,1787589948,STORJUSDT,LONG,overheated_confirmed,overheated_confirmed,1,,sl,poll,1787594258,0.05329,0.04914946428571428,0.061571071428571426,0.04877,-8.481891536873704,sl,-1.091646181049725,True,sl,bull,close_vs_ema50,1787572800,79055.0,72590.80715994867
4502,1787590185,SUPERUSDT,LONG,overheated_early,overheated_early,1,,sl,poll,1787638589,0.1221,0.11551607142857143,0.13526785714285713,0.1135,-7.043407043407041,sl,-1.3062110116625973,True,sl,bull,close_vs_ema50,1787572800,79055.0,72590.80715994867
4574,1787596690,UAIUSDT,LONG,overheated_confirmed,overheated_confirmed,1,cont_ttl_expired,ttl_expired,,,0.37201,0.37201,0.37201,,,other,,False,,unknown,snapshot_missing,,,
4534,1787597155,UAIUSDT,LONG,overheated_confirmed,overheated_confirmed,1,,sl,poll,1787644821,0.36573,0.33395142857142857,0.42928714285714287,0.32483,-11.183113225603584,sl,-1.2870307934367269,True,sl,bull,close_vs_ema50,1787572800,79055.0,72590.80715994867
4576,1787597952,PARTIUSDT,LONG,ema_cross_confirmed,ema_cross_confirmed,1,cont_ttl_expired,ttl_expired,,,0.02456,0.02456,0.02456,,,other,,False,,unknown,snapshot_missing,,,
4538,1787598191,UAIUSDT,LONG,overheated_early,overheated_early,1,,sl,poll,1787644821,0.36315,0.33137142857142854,0.42670714285714284,0.32483,-10.552113451741695,sl,-1.2058440098898615,True,sl,bull,close_vs_ema50,1787572800,79055.0,72590.80715994867
4552,1787601873,GIGGLEUSDT,SHORT,ema_cross,ema_cross,1,,sl,poll,1787846541,35.38,37.502068965517246,31.13586206896552,37.71,-6.5856416054267894,sl,-1.0979850503737387,True,sl,bull,close_vs_ema50,1787587200,78710.1,72830.77942818598
4553,1787601873,IONQUSDT,SHORT,ema_cross,ema_cross,1,,sl,wick,1787682545,41.52,42.499655172413796,39.56068965517242,42.499655172413796,-2.3594777755630845,sl,-1.0,True,sl,bull,close_vs_ema50,1787587200,78710.1,72830.77942818598
4554,1787601874,HIMSUSDT,SHORT,ema_cross,ema_cross,1,,sl,poll,1787676185,31.049,31.796827586206895,29.553344827586205,32.367,-4.244903217494921,sl,-1.7624383271084056,True,sl,bull,close_vs_ema50,1787587200,78710.1,72830.77942818598
4555,1787602162,PEOPLEUSDT,SHORT,ema_cross,ema_cross,1,,tp,poll,1787676185,0.009877,0.010710103448275863,0.008210793103448275,0.008162,17.36357193479801,tp,2.0585678807947003,True,tp,bull,close_vs_ema50,1787587200,78710.1,72830.77942818598
4558,1787602465,ZMUSDT,SHORT,ema_cross,ema_cross,1,,tp,poll,1787682545,104.46,105.88827586206895,101.60344827586206,101.41,2.9197779054183393,tp,2.135441815548054,True,tp,bull,close_vs_ema50,1787587200,78710.1,72830.77942818598
4563,1787603602,STORJUSDT,LONG,overheated_early,overheated_early,1,,sl,poll,1787676185,0.04907,0.04412375,0.0589625,0.04407,-10.189525168127174,sl,-1.0108668182966905,True,sl,bull,close_vs_ema50,1787587200,78710.1,72830.77942818598
4586,1787604693,HOMEUSDT,LONG,ema_cross_confirmed,ema_cross_confirmed,1,cont_ttl_expired,ttl_expired,,,0.00626,0.00626,0.00626,,,other,,False,,unknown,snapshot_missing,,,
4601,1787605538,ONGUSDT,LONG,overheated_confirmed,overheated_confirmed,1,cont_ttl_expired,ttl_expired,,,0.08132,0.08132,0.08132,,,other,,False,,unknown,snapshot_missing,,,
4571,1787609791,AINUSDT,LONG,ema_cross,ema_cross,1,,sl,wick,1787624382,0.07973,0.07743,0.08433,0.07743,-2.884735983945813,sl,-1.0,True,sl,bull,close_vs_ema50,1787587200,78710.1,72830.77942818598
4633,1787609793,AINUSDT,LONG,ema_cross_confirmed,ema_cross_confirmed,1,cont_ttl_expired,ttl_expired,,,0.07973,0.07973,0.07973,,,other,,False,,unknown,snapshot_missing,,,
4583,1787617708,ONGUSDT,LONG,overheated_confirmed,overheated_confirmed,1,,tp,poll,1787758279,0.08328,0.0633144642857143,0.12321107142857142,0.16878,102.6657060518732,tp,4.282379457457943,True,tp,bull,close_vs_ema50,1787601600,78947.4,73070.64690159046
4585,1787618097,BEUSDT,LONG,ema_cross,ema_cross,1,,tp,wick,1787639101,207.0,202.74827586206897,215.50344827586207,215.50344827586207,4.107946026986507,tp,2.0,True,tp,bull,close_vs_ema50,1787601600,78947.4,73070.64690159046
4692,1787618098,BEUSDT,LONG,ema_cross_confirmed,ema_cross_confirmed,1,cont_ttl_expired,ttl_expired,,,207.0,207.0,207.0,,,other,,False,,unknown,snapshot_missing,,,
4703,1787621318,TACUSDT,LONG,overheated_confirmed,overheated_confirmed,1,cont_ttl_expired,ttl_expired,,,0.002225,0.002225,0.002225,,,other,,False,,unknown,snapshot_missing,,,
4706,1787621937,ONGUSDT,LONG,overheated_confirmed,overheated_confirmed,1,cont_ttl_expired,ttl_expired,,,0.08268,0.08268,0.08268,,,other,,False,,unknown,snapshot_missing,,,
4620,1787621993,CTRUSDT,LONG,ema_cross,ema_cross,1,,sl,poll,1787656640,0.00899,0.008735862068965518,0.009498275862068965,0.00873,-2.892102335928808,sl,-1.0230664857530556,True,sl,bull,close_vs_ema50,1787601600,78947.4,73070.64690159046
4707,1787621993,CTRUSDT,LONG,ema_cross_confirmed,ema_cross_confirmed,1,cont_ttl_expired,ttl_expired,,,0.00899,0.00899,0.00899,,,other,,False,,unknown,snapshot_missing,,,
4621,1787622030,CTRUSDT,LONG,ema_cross_confirmed,ema_cross_confirmed,1,,sl,poll,1787676185,0.00904,0.008658793103448276,0.009802413793103447,0.0085,-5.973451327433615,sl,-1.4165535956580717,True,sl,bull,close_vs_ema50,1787601600,78947.4,73070.64690159046
4708,1787622224,CTRUSDT,LONG,overheated_confirmed,overheated_confirmed,1,cont_ttl_expired,ttl_expired,,,0.00893,0.00893,0.00893,,,other,,False,,unknown,snapshot_missing,,,
4623,1787622274,CTRUSDT,LONG,overheated_confirmed,overheated_confirmed,1,,sl,poll,1787676185,0.00904,0.008648392857142856,0.009823214285714286,0.0085,-5.973451327433615,sl,-1.3789329685362475,True,sl,bull,close_vs_ema50,1787601600,78947.4,73070.64690159046
4626,1787623416,AEROUSDT,LONG,overheated_early,overheated_early,1,,sl,wick,1787759561,0.5389,0.5087017857142858,0.5992964285714286,0.5087017857142858,-5.603676801951054,sl,-1.0,True,sl,bull,close_vs_ema50,1787601600,78947.4,73070.64690159046
4628,1787623431,VIRTUALUSDT,LONG,overheated_early,overheated_early,1,,sl,poll,1787758279,0.8048,0.7435357142857142,0.9273285714285714,0.7299,-9.306660039761427,sl,-1.2225719948699996,True,sl,bull,close_vs_ema50,1787601600,78947.4,73070.64690159046
4634,1787625027,BEUSDT,LONG,ema_cross_confirmed,ema_cross_confirmed,1,,tp,poll,1787830558,208.7,202.32241379310344,221.4551724137931,229.6,10.014374700527075,tp,3.2771019194376865,True,tp,bull,close_vs_ema50,1787601600,78947.4,73070.64690159046
4641,1787626828,TACUSDT,LONG,overheated_confirmed,overheated_confirmed,1,,sl,poll,1787646926,0.002656,0.0023479642857142857,0.0032720714285714284,0.002346,-11.67168674698795,sl,-1.006376811594203,True,sl,bull,close_vs_ema50,1787601600,78947.4,73070.64690159046
4671,1787628631,PROMUSDT,LONG,overheated_confirmed,overheated_confirmed,1,,sl,wick,1787642923,4.542,4.124732142857143,5.167901785714285,4.124732142857143,-9.186874882053214,sl,-1.0,True,sl,bull,close_vs_ema50,1787601600,78947.4,73070.64690159046
4674,1787630619,STARUSDT,LONG,overheated_early,overheated_early,1,,tp,poll,1787682545,0.13767,0.12279267857142855,0.16742464285714287,0.17102,24.224595046124808,tp,2.241666966739884,True,tp,bull,close_vs_ema50,1787616000,80442.5,73359.73917995946
4676,1787630693,TSTBSCUSDT,SHORT,ema_cross,ema_cross,1,,sl,wick,1787898411,0.015472,0.016532724137931033,0.01335055172413793,0.016532724137931033,-6.855766144848976,sl,-1.0,True,sl,unknown,snapshot_missing,,,
4778,1787630694,TSTBSCUSDT,SHORT,ema_cross_confirmed,ema_cross_confirmed,1,cont_ttl_expired,ttl_expired,,,0.015472,0.015472,0.015472,,,other,,False,,unknown,snapshot_missing,,,
4785,1787630993,AIAUSDT,LONG,ema_cross_confirmed,ema_cross_confirmed,1,cont_ttl_expired,ttl_expired,,,0.07614,0.07614,0.07614,,,other,,False,,unknown,snapshot_missing,,,
4688,1787631286,BTWUSDT,LONG,ema_cross,ema_cross,1,,sl,poll,1787682545,0.467417,0.41966468965517245,0.5629216206896552,0.373483,-20.09640214198457,sl,-1.9671090115156018,True,sl,bull,close_vs_ema50,1787616000,80442.5,73359.73917995946
4790,1787631286,BTWUSDT,LONG,ema_cross_confirmed,ema_cross_confirmed,1,cont_ttl_expired,ttl_expired,,,0.467417,0.467417,0.467417,,,other,,False,,unknown,snapshot_missing,,,
4797,1787631830,STARUSDT,LONG,overheated_confirmed,overheated_confirmed,1,cont_ttl_expired,ttl_expired,,,0.1387,0.1387,0.1387,,,other,,False,,unknown,snapshot_missing,,,
4695,1787634033,STARUSDT,LONG,overheated_confirmed,overheated_confirmed,1,,tp,wick,1787682545,0.14178,0.12690267857142856,0.17153464285714284,0.17153464285714284,20.986488120428028,tp,2.0,True,tp,bull,close_vs_ema50,1787616000,80442.5,73359.73917995946
4812,1787634525,SWARMSUSDT,LONG,overheated_confirmed,overheated_confirmed,1,cont_ttl_expired,ttl_expired,,,0.008711,0.008711,0.008711,,,other,,False,,unknown,snapshot_missing,,,
4701,1787634935,STXUSDT,LONG,overheated_confirmed,overheated_confirmed,1,,sl,wick,1787965903,0.2645,0.24223035714285715,0.30903928571428574,0.24223035714285715,-8.419524709694844,sl,-1.0,True,sl,unknown,snapshot_missing,,,
4702,1787635421,CTRUSDT,LONG,overheated_early,overheated_early,1,,sl,poll,1787676185,0.00899,0.00856732142857143,0.009835357142857142,0.0085,-5.450500556173517,sl,-1.1592733417828482,True,sl,bull,close_vs_ema50,1787616000,80442.5,73359.73917995946
4710,1787637223,ONGUSDT,LONG,overheated_early,overheated_early,1,,tp,poll,1787758279,0.0851,0.06445732142857144,0.12638535714285712,0.16878,98.33137485311401,tp,4.053737489078629,True,tp,bull,close_vs_ema50,1787616000,80442.5,73359.73917995946
4711,1787637818,PROMUSDT,LONG,overheated_early,overheated_early,1,,sl,wick,1787723963,4.329,3.861267857142857,5.264464285714285,3.861267857142857,-10.804623304623304,sl,-1.0,True,sl,bull,close_vs_ema50,1787616000,80442.5,73359.73917995946
4830,1787637836,WIFUSDT,LONG,overheated_confirmed,overheated_confirmed,1,cont_ttl_expired,ttl_expired,,,0.2295,0.2295,0.2295,,,other,,False,,unknown,snapshot_missing,,,
4715,1787637883,JASMYUSDT,LONG,overheated_confirmed,overheated_confirmed,1,,sl,wick,1787884376,0.004939,0.004629410714285714,0.005558178571428571,0.004629410714285714,-6.268258467590311,sl,-1.0,True,sl,unknown,snapshot_missing,,,
4724,1787638186,BRUSDT,LONG,overheated_confirmed,overheated_confirmed,1,,sl,poll,1787860087,0.27079,0.25167892857142854,0.30901214285714285,0.25166,-7.064514937774653,sl,-1.0009904505615654,True,sl,unknown,snapshot_missing,,,
4730,1787643227,TACUSDT,LONG,overheated_early,overheated_early,1,,tp,wick,1787719532,0.002491,0.0021592857142857143,0.0031544285714285715,0.0031544285714285715,26.63302173539026,tp,1.9999999999999987,True,tp,bull,close_vs_ema50,1787616000,80442.5,73359.73917995946
4731,1787643230,POLUSDT,LONG,overheated_early,overheated_early,1,,sl,poll,1787758279,0.12283,0.1141975,0.140095,0.11263,-8.304160221444272,sl,-1.1815812337098175,True,sl,bull,close_vs_ema50,1787616000,80442.5,73359.73917995946
4839,1787643537,牛来USDT,LONG,overheated_confirmed,overheated_confirmed,1,cont_ttl_expired,ttl_expired,,,0.04308,0.04308,0.04308,,,other,,False,,unknown,snapshot_missing,,,
4749,1787644831,TSTBSCUSDT,SHORT,ema_cross_confirmed,ema_cross_confirmed,1,,sl,wick,1787916524,0.015276,0.01739744827586207,0.011033103448275862,0.01739744827586207,-13.887459255446904,sl,-1.0,True,sl,unknown,snapshot_missing,,,
4776,1787645087,ONGUSDT,LONG,ema_cross,ema_cross,1,,tp,poll,1787758279,0.09653,0.08264793103448277,0.12429413793103447,0.16878,74.84719776235367,tp,5.20455561627503,True,tp,bull,close_vs_ema50,1787630400,79663.1,73606.92980035322
4800,1787646882,JUSUNGUSDT,LONG,ema_cross,ema_cross,1,,sl,poll,1787718733,129.59,126.77413793103449,135.22172413793103,125.06,-3.4956400956863964,sl,-1.6087435709037488,True,sl,bull,close_vs_ema50,1787630400,79663.1,73606.92980035322
4802,1787647535,ONGUSDT,LONG,ema_cross_confirmed,ema_cross_confirmed,1,,tp,poll,1787758279,0.09929,0.07846689655172415,0.14093620689655173,0.16878,69.98690703998389,tp,3.3371586599764864,True,tp,bull,close_vs_ema50,1787630400,79663.1,73606.92980035322
4817,1787650236,POPCATUSDT,LONG,overheated_confirmed,overheated_confirmed,1,,sl,wick,1787651993,0.06476,0.063141,0.06799799999999999,0.063141,-2.499999999999993,sl,-1.0,True,sl,bull,close_vs_ema50,1787630400,79663.1,73606.92980035322
4848,1787676573,OPUSDT,SHORT,ema_cross,ema_cross,1,,tp,poll,1787885275,0.10316,0.10797413793103448,0.09353172413793104,0.09352,9.344707250872426,tp,2.0024353556335504,True,tp,unknown,snapshot_missing,,,
4849,1787676573,TACUSDT,LONG,ema_cross,ema_cross,1,,tp,wick,1787719532,0.00259,0.0023295172413793103,0.0031109655172413793,0.0031109655172413793,20.1144987351884,tp,2.0000000000000018,True,tp,bull,close_vs_ema50,1787659200,79452.3,74042.76895449753
4850,1787676574,TLMUSDT,LONG,ema_cross,ema_cross,1,,sl,poll,1787682545,0.001621,0.0015659310344827587,0.0017311379310344828,0.001534,-5.367057371992601,sl,-1.5798371947401388,True,sl,bull,close_vs_ema50,1787659200,79452.3,74042.76895449753
4851,1787676574,HUSDT,LONG,ema_cross,ema_cross,1,,sl,wick,1787741170,0.0782,0.07279310344827586,0.08901379310344829,0.07279310344827586,-6.91418996384162,sl,-1.0,True,sl,bull,close_vs_ema50,1787659200,79452.3,74042.76895449753
4856,1787676856,DELLUSDT,LONG,ema_cross,ema_cross,1,,tp,poll,1787758279,449.73,443.64482758620693,461.9003448275862,464.06,3.1863562581993605,tp,2.354904516348391,True,tp,bull,close_vs_ema50,1787659200,79452.3,74042.76895449753
4857,1787676857,USARUSDT,LONG,ema_cross,ema_cross,1,,tp,poll,1787732490,18.95,18.549310344827585,19.751379310344827,19.77,4.32717678100264,tp,2.0464716006884682,True,tp,bull,close_vs_ema50,1787659200,79452.3,74042.76895449753
4858,1787676857,MRNAUSDT,LONG,ema_cross,ema_cross,1,,sl,poll,1787758279,157.3,152.12241379310345,167.6551724137931,147.63,-6.147488874761612,sl,-1.8676656676656664,True,sl,bull,close_vs_ema50,1787659200,79452.3,74042.76895449753
4860,1787677162,MUBARAKUSDT,SHORT,ema_cross,ema_cross,1,,sl,poll,1787836308,0.01969,0.021628965517241378,0.01581206896551724,0.02163,-9.852717115286952,sl,-1.0005335230304113,True,sl,bull,close_vs_ema50,1787659200,79452.3,74042.76895449753
4861,1787677163,METUSDT,SHORT,ema_cross,ema_cross,1,,sl,poll,1787877530,0.213,0.2266344827586207,0.1857310344827586,0.2267,-6.431924882629117,sl,-1.0048052604957012,True,sl,unknown,snapshot_missing,,,
4868,1787682940,KASUSDT,SHORT,ema_cross,ema_cross,1,,sl,poll,1787868511,0.02823,0.029294827586206898,0.02610034482758621,0.02933,-3.896563939071898,sl,-1.0330310880828988,True,sl,unknown,snapshot_missing,,,
4869,1787683163,ZROUSDT,LONG,overheated_early,overheated_early,1,,sl,poll,1787758279,1.261,1.138642857142857,1.5057142857142858,1.133,-10.150674068199834,sl,-1.0461179217746637,True,sl,bull,close_vs_ema50,1787659200,79452.3,74042.76895449753
4870,1787683171,JASMYUSDT,LONG,overheated_early,overheated_early,1,,sl,wick,1787723768,0.005172,0.004825553571428572,0.005864892857142858,0.004825553571428572,-6.698500165727544,sl,-1.0,True,sl,bull,close_vs_ema50,1787659200,79452.3,74042.76895449753
4875,1787719036,龙虾USDT,LONG,overheated_early,overheated_early,1,,tp,poll,1787897222,0.033298,0.02885307142857143,0.042187857142857145,0.042682,28.18187278515225,tp,2.1111700332642327,True,tp,unknown,snapshot_missing,,,
4880,1787719067,BMTUSDT,LONG,overheated_early,overheated_early,1,,tp,poll,1787740197,0.0223,0.020203214285714286,0.02649357142857143,0.02691,20.672645739910312,tp,2.1986033043774484,True,tp,bull,close_vs_ema50,1787702400,79046.8,74582.36451687271
4888,1787719139,币安人生USDT,LONG,ema_cross,ema_cross,1,,sl,poll,1787758279,0.5348,0.5100624137931035,0.5842751724137932,0.49507,-7.428945400149596,sl,-1.6060580716207356,True,sl,bull,close_vs_ema50,1787702400,79046.8,74582.36451687271
4889,1787719139,KORUUSDT,LONG,ema_cross,ema_cross,1,,sl,poll,1787732131,21.261,20.56565517241379,22.65168965517241,20.564,-3.2783029960961345,sl,-1.0023803620133869,True,sl,bull,close_vs_ema50,1787702400,79046.8,74582.36451687271
4890,1787719140,DASHUSDT,SHORT,ema_cross,ema_cross,1,,sl,poll,1788023487,38.62,41.31103448275862,33.237931034482756,42.16,-9.16623511134127,sl,-1.315479241414657,True,sl,unknown,snapshot_missing,,,
4892,1787719409,FLUIDUSDT,LONG,ema_cross,ema_cross,1,,sl,poll,1787723768,1.584,1.5358620689655174,1.6802758620689655,1.508,-4.797979797979802,sl,-1.5787965616045874,True,sl,bull,close_vs_ema50,1787702400,79046.8,74582.36451687271
4902,1787724743,FARTCOINUSDT,LONG,ema_cross,ema_cross,1,,sl,wick,1787933744,0.20341,0.1885596551724138,0.23311068965517243,0.1885596551724138,-7.300695554587389,sl,-1.0,True,sl,unknown,snapshot_missing,,,
4905,1787726416,EDENUSDT,LONG,overheated_early,overheated_early,1,,tp,poll,1787882765,0.05526,0.051514821428571424,0.06275035714285714,0.06283,13.69887803112559,tp,2.021265436513612,True,tp,unknown,snapshot_missing,,,
4963,1787726717,EDENUSDT,LONG,overheated_confirmed,overheated_confirmed,1,cont_ttl_expired,ttl_expired,,,0.05555,0.05555,0.05555,,,other,,False,,unknown,snapshot_missing,,,
4916,1787732369,LIGHTUSDT,LONG,overheated_early,overheated_early,1,,tp,wick,1787901818,0.1735,0.16023035714285713,0.2000392857142857,0.2000392857142857,15.29641827912721,tp,2.0,True,tp,unknown,snapshot_missing,,,
4918,1787732456,HEIUSDT,LONG,ema_cross,ema_cross,1,,tp,wick,1787835744,0.13338,0.12739655172413794,0.14534689655172414,0.14534689655172414,8.972032202522223,tp,2.0000000000000044,True,tp,bull,close_vs_ema50,1787716800,78874.2,74750.67179072085
4919,1787732457,FIGHTUSDT,LONG,ema_cross,ema_cross,1,,tp,wick,1787758279,0.003597,0.0034738275862068965,0.003843344827586207,0.003843344827586207,6.848619059944591,tp,2.0,True,tp,bull,close_vs_ema50,1787716800,78874.2,74750.67179072085
4920,1787732457,EDENUSDT,LONG,ema_cross,ema_cross,1,,sl,poll,1787740197,0.05911,0.05641827586206897,0.06449344827586206,0.05569,-5.785823041786499,sl,-1.2705611068408915,True,sl,bull,close_vs_ema50,1787716800,78874.2,74750.67179072085
4921,1787732457,TAKEUSDT,SHORT,ema_cross,ema_cross,1,,sl,wick,1787740197,0.04877,0.05246793103448276,0.041374137931034484,0.05246793103448276,-7.582388834289027,sl,-1.0,True,sl,bull,close_vs_ema50,1787716800,78874.2,74750.67179072085
4923,1787732458,SPKUSDT,SHORT,ema_cross,ema_cross,1,,sl,poll,1787830558,0.01827,0.019563103448275863,0.01568379310344828,0.01995,-9.195402298850562,sl,-1.299199999999999,True,sl,bull,close_vs_ema50,1787716800,78874.2,74750.67179072085
4924,1787732459,XANUSDT,LONG,ema_cross,ema_cross,1,,sl,poll,1787835641,0.012651,0.012117517241379312,0.01371796551724138,0.012117,-4.221010196822397,sl,-1.0009695559433822,True,sl,bull,close_vs_ema50,1787716800,78874.2,74750.67179072085
4925,1787732479,XANUSDT,LONG,ema_cross_confirmed,ema_cross_confirmed,1,,sl,wick,1787884275,0.012691,0.011890775862068964,0.01429144827586207,0.011890775862068964,-6.305445890245333,sl,-1.0,True,sl,unknown,snapshot_missing,,,
4928,1787732747,KMNOUSDT,SHORT,ema_cross,ema_cross,1,,sl,poll,1787830558,0.02367,0.024726206896551722,0.021557586206896552,0.02789,-17.8284748626954,sl,-3.995429317662431,True,sl,bull,close_vs_ema50,1787716800,78874.2,74750.67179072085
4930,1787732748,HANAUSDT,SHORT,ema_cross,ema_cross,1,,sl,poll,1787830558,0.01813,0.01943758620689655,0.015514827586206897,0.01991,-9.817981246552678,sl,-1.361286919831224,True,sl,bull,close_vs_ema50,1787716800,78874.2,74750.67179072085
4933,1787740203,BOBUSDT,LONG,overheated_confirmed,overheated_confirmed,1,,sl,poll,1787740813,0.006084,0.005881125,0.00648975,0.005879,-3.369493754109144,sl,-1.0104744300677777,True,sl,bull,close_vs_ema50,1787716800,78874.2,74750.67179072085
4937,1787740531,BMTUSDT,LONG,overheated_early,overheated_early,1,,sl,wick,1787759764,0.02615,0.02392142857142857,0.030607142857142857,0.02392142857142857,-8.5222616771374,sl,-1.0,True,sl,bull,close_vs_ema50,1787716800,78874.2,74750.67179072085
4950,1787740604,ALCHUSDT,LONG,ema_cross,ema_cross,1,,tp,poll,1787929332,0.03,0.02877862068965517,0.032442758620689655,0.03249,8.299999999999997,tp,2.038678712591755,True,tp,unknown,snapshot_missing,,,
4951,1787740604,SLXUSDT,SHORT,ema_cross,ema_cross,1,,sl,poll,1787877356,0.06646,0.0695796551724138,0.06022068965517242,0.07017,-5.582305145952438,sl,-1.189234000221066,True,sl,unknown,snapshot_missing,,,
4960,1787741112,BOBUSDT,LONG,overheated_confirmed,overheated_confirmed,1,,tp,wick,1787742207,0.006438,0.006235125,0.0067423125,0.0067423125,4.726817334575953,tp,1.5,True,tp,bull,close_vs_ema50,1787716800,78874.2,74750.67179072085
4967,1787741788,BICOUSDT,LONG,ema_cross,ema_cross,1,,tp,poll,1787745061,0.02088,0.01969896551724138,0.02324206896551724,0.02329,11.542145593869744,tp,2.0405839416058447,True,tp,bull,close_vs_ema50,1787716800,78874.2,74750.67179072085
4973,1787744700,FIGHTUSDT,LONG,ema_cross_confirmed,ema_cross_confirmed,1,,sl,poll,1787984132,0.003783,0.0035982413793103447,0.00415251724137931,0.003573,-5.551149881046792,sl,-1.136618141097425,True,sl,unknown,snapshot_missing,,,
4975,1787744710,BICOUSDT,LONG,ema_cross_confirmed,ema_cross_confirmed,1,,tp,poll,1787758279,0.02206,0.02028844827586207,0.02560310344827586,0.0266,20.580235720761554,tp,2.5627250608272516,True,tp,bull,close_vs_ema50,1787716800,78874.2,74750.67179072085
4976,1787744712,FARTCOINUSDT,LONG,overheated_confirmed,overheated_confirmed,1,,sl,poll,1787759922,0.215,0.19272446428571427,0.2595510714285715,0.19198,-10.70697674418604,sl,-1.0334207129858977,True,sl,bull,close_vs_ema50,1787716800,78874.2,74750.67179072085
5059,1787745013,BOBUSDT,LONG,overheated_confirmed,overheated_confirmed,1,cont_ttl_expired,ttl_expired,,,0.006108,0.006108,0.006108,,,other,,False,,unknown,snapshot_missing,,,
5060,1787745025,FARTCOINUSDT,LONG,overheated_confirmed,overheated_confirmed,1,cont_ttl_expired,ttl_expired,,,0.21497,0.21497,0.21497,,,other,,False,,unknown,snapshot_missing,,,
4985,1787745691,BLESSUSDT,LONG,ema_cross,ema_cross,1,,tp,wick,1787838954,0.009884,0.009209,0.011234000000000001,0.011234000000000001,13.658437879401058,tp,2.0,True,tp,bull,close_vs_ema50,1787731200,78441.0,74895.39054402593
4986,1787745692,SAGAUSDT,LONG,ema_cross,ema_cross,1,,sl,wick,1787933930,0.01552,0.014745517241379312,0.01706896551724138,0.014745517241379312,-4.99022396018485,sl,-1.0,True,sl,unknown,snapshot_missing,,,
5075,1787745692,BLESSUSDT,LONG,ema_cross_confirmed,ema_cross_confirmed,1,cont_ttl_expired,ttl_expired,,,0.009884,0.009884,0.009884,,,other,,False,,unknown,snapshot_missing,,,
4987,1787745693,ARXUSDT,SHORT,ema_cross,ema_cross,1,,sl,poll,1787843428,0.1276,0.13538620689655173,0.11202758620689654,0.1354,-6.112852664576804,sl,-1.0017714791851178,True,sl,bull,close_vs_ema50,1787731200,78441.0,74895.39054402593
5076,1787745693,SAGAUSDT,LONG,ema_cross_confirmed,ema_cross_confirmed,1,cont_ttl_expired,ttl_expired,,,0.01552,0.01552,0.01552,,,other,,False,,unknown,snapshot_missing,,,
4988,1787745694,ARIAUSDT,LONG,ema_cross,ema_cross,1,,sl,wick,1787932850,0.03453,0.03307206896551724,0.03744586206896552,0.03307206896551724,-4.222215564676397,sl,-1.0,True,sl,unknown,snapshot_missing,,,
5077,1787745694,ARXUSDT,SHORT,ema_cross_confirmed,ema_cross_confirmed,1,cont_ttl_expired,ttl_expired,,,0.1276,0.1276,0.1276,,,other,,False,,unknown,snapshot_missing,,,
5078,1787745694,ARIAUSDT,LONG,ema_cross_confirmed,ema_cross_confirmed,1,cont_ttl_expired,ttl_expired,,,0.03453,0.03453,0.03453,,,other,,False,,unknown,snapshot_missing,,,
4991,1787745913,BICOUSDT,LONG,overheated_early,overheated_early,1,"liq_veto: лонг-каскад: $3,891 лонгов ликвидировано за 15м (порог $3,142)",tp,poll,1787758279,0.02289,0.021041785714285714,0.02658642857142857,0.0266,16.20795107033638,tp,2.0073429951690804,True,tp,bull,close_vs_ema50,1787731200,78441.0,74895.39054402593
4992,1787746213,BOBUSDT,LONG,overheated_early,overheated_early,1,,sl,poll,1787830558,0.005647,0.005323535714285715,0.006293928571428572,0.004862,-13.901186470692405,sl,-2.4268521585513994,True,sl,bull,close_vs_ema50,1787731200,78441.0,74895.39054402593
4993,1787746226,TACUSDT,LONG,overheated_early,overheated_early,1,,tp,wick,1787758772,0.003679,0.003158285714285714,0.004720428571428572,0.004720428571428572,28.30738166427213,tp,2.0,True,tp,bull,close_vs_ema50,1787731200,78441.0,74895.39054402593
4994,1787758269,BICOUSDT,LONG,overheated_confirmed,overheated_confirmed,1,,sl,wick,1787758953,0.02663,0.024781785714285715,0.030326428571428574,0.024781785714285715,-6.94034654793198,sl,-1.0,True,sl,bull,close_vs_ema50,1787731200,78441.0,74895.39054402593
5038,1787758692,HUMAUSDT,LONG,ema_cross,ema_cross,1,,tp,poll,1787830558,0.02305,0.022482068965517243,0.024185862068965516,0.02599,12.754880694143159,tp,5.17668488160292,True,tp,bull,close_vs_ema50,1787731200,78441.0,74895.39054402593
5039,1787758692,FIDAUSDT,LONG,ema_cross,ema_cross,1,,sl,poll,1787926503,0.01997,0.019151034482758622,0.02160793103448276,0.01915,-4.106159238858294,sl,-1.0012631578947382,True,sl,unknown,snapshot_missing,,,
5072,1787759964,MASKUSDT,LONG,ema_cross,ema_cross,1,,tp,poll,1787989555,0.4265,0.4104965517241379,0.4585068965517241,0.4611,8.11254396248535,tp,2.1620340443869845,True,tp,unknown,snapshot_missing,,,
5088,1787760245,EDGEXUSDT,SHORT,ema_cross,ema_cross,1,,sl,poll,1787830558,0.3655,0.3821793103448276,0.3321413793103448,0.3864,-5.718194254445972,sl,-1.2530494107918129,True,sl,bull,close_vs_ema50,1787745600,77979.6,75016.33993445628
5089,1787760245,FETUSDT,SHORT,ema_cross,ema_cross,1,,sl,poll,1787880768,0.1603,0.16916896551724137,0.14256206896551724,0.1692,-5.552089831565809,sl,-1.0034992223950236,True,sl,unknown,snapshot_missing,,,
5091,1787760246,PARTIUSDT,SHORT,ema_cross,ema_cross,1,,sl,wick,1787833059,0.02349,0.02472896551724138,0.021012068965517244,0.02472896551724138,-5.2744381321472105,sl,-1.0,True,sl,bull,close_vs_ema50,1787745600,77979.6,75016.33993445628
5092,1787760247,CAKEUSDT,SHORT,ema_cross,ema_cross,1,,sl,poll,1787841784,1.7042,1.7459103448275861,1.6207793103448276,1.7465,-2.482103039549349,sl,-1.0141369047619055,True,sl,bull,close_vs_ema50,1787745600,77979.6,75016.33993445628
5093,1787760247,WUSDT,SHORT,ema_cross,ema_cross,1,,sl,wick,1787839444,0.009261,0.009672758620689656,0.00843748275862069,0.009672758620689656,-4.446157225889816,sl,-1.0,True,sl,bull,close_vs_ema50,1787745600,77979.6,75016.33993445628
5103,1787760550,UNIUSDT,SHORT,ema_cross,ema_cross,1,,sl,poll,1787830558,4.228,4.423689655172414,3.836620689655172,4.449,-5.2270577105014215,sl,-1.129339207048458,True,sl,bull,close_vs_ema50,1787745600,77979.6,75016.33993445628
5104,1787760550,CHILLGUYUSDT,LONG,ema_cross,ema_cross,1,,tp,wick,1787873395,0.012334,0.011695586206896551,0.013610827586206896,0.013610827586206896,10.352096531594754,tp,2.0,True,tp,unknown,snapshot_missing,,,
5106,1787760840,TURBOUSDT,SHORT,ema_cross,ema_cross,1,,sl,poll,1787837256,0.0009634,0.0010163448275862068,0.0008575103448275862,0.0010173,-5.594768528129547,sl,-1.018040901393777,True,sl,bull,close_vs_ema50,1787745600,77979.6,75016.33993445628
5112,1787761142,币安人生USDT,SHORT,ema_cross,ema_cross,1,,sl,poll,1787906312,0.49271,0.516286551724138,0.4455568965517241,0.51651,-4.8304276349171005,sl,-1.009477563915053,True,sl,unknown,snapshot_missing,,,
5113,1787761143,FLEXUSDT,LONG,ema_cross,ema_cross,1,,tp,poll,1787830558,111.14,109.12517241379311,115.1696551724138,115.29,3.734029152420376,tp,2.059729590963554,True,tp,bull,close_vs_ema50,1787745600,77979.6,75016.33993445628
5116,1787831159,BTRUSDT,LONG,overheated_early,overheated_early,1,,tp,wick,1788007308,0.15978,0.14187910714285715,0.19558178571428572,0.19558178571428572,22.406925594120487,tp,2.0,True,tp,unknown,snapshot_missing,,,
5248,1787831164,VETUSDT,LONG,overheated_confirmed,overheated_confirmed,1,cont_ttl_expired,ttl_expired,,,0.006999,0.006999,0.006999,,,other,,False,,unknown,snapshot_missing,,,
5249,1787831173,MAGMAUSDT,LONG,overheated_confirmed,overheated_confirmed,1,cont_ttl_expired,ttl_expired,,,0.30728,0.30728,0.30728,,,other,,False,,unknown,snapshot_missing,,,
5250,1787831181,HEMIUSDT,LONG,overheated_confirmed,overheated_confirmed,1,cont_ttl_expired,ttl_expired,,,0.00928,0.00928,0.00928,,,other,,False,,unknown,snapshot_missing,,,
5122,1787831183,TUTUSDT,LONG,overheated_early,overheated_early,1,,sl,wick,1787909978,0.058282,0.04429642857142857,0.08625314285714286,0.04429642857142857,-23.996382122390155,sl,-1.0,True,sl,unknown,snapshot_missing,,,
5251,1787831188,KMNOUSDT,LONG,overheated_confirmed,overheated_confirmed,1,cont_ttl_expired,ttl_expired,,,0.02789,0.02789,0.02789,,,other,,False,,unknown,snapshot_missing,,,
5252,1787831195,牛来USDT,LONG,overheated_confirmed,overheated_confirmed,1,cont_ttl_expired,ttl_expired,,,0.05738,0.05738,0.05738,,,other,,False,,unknown,snapshot_missing,,,
5125,1787831198,RUNEUSDT,LONG,overheated_early,overheated_early,1,,sl,poll,1787855702,0.5662,0.5429392857142857,0.6127214285714286,0.5393,-4.750971388202054,sl,-1.1564563181329657,True,sl,unknown,snapshot_missing,,,
5126,1787831201,MOVRUSDT,LONG,overheated_early,overheated_early,1,,tp,poll,1787847483,0.917,0.8477321428571429,1.0555357142857142,1.056,15.158124318429664,tp,2.006702758442899,True,tp,bull,close_vs_ema50,1787803200,79038.4,75578.96239134559
5128,1787831205,VETUSDT,LONG,overheated_confirmed,overheated_confirmed,1,,sl,poll,1787933982,0.006999,0.006662732142857143,0.007671535714285714,0.006646,-5.043577653950564,sl,-1.0497583771440713,True,sl,unknown,snapshot_missing,,,
5253,1787831205,BEAMXUSDT,LONG,overheated_confirmed,overheated_confirmed,1,cont_ttl_expired,ttl_expired,,,0.001932,0.001932,0.001932,,,other,,False,,unknown,snapshot_missing,,,
5129,1787831208,BICOUSDT,LONG,overheated_early,overheated_early,1,,sl,poll,1787914473,0.02682,0.024251785714285715,0.03195642857142857,0.02419,-9.806114839671887,sl,-1.0240578500903912,True,sl,unknown,snapshot_missing,,,
5136,1787831268,GIGGLEUSDT,LONG,ema_cross,ema_cross,1,,tp,poll,1788006263,36.38,34.96448275862069,39.21103448275862,39.39,8.273776800439796,tp,2.126431181485988,True,tp,unknown,snapshot_missing,,,
5256,1787831268,POLUSDT,SHORT,ema_cross_confirmed,ema_cross_confirmed,1,cont_ttl_expired,ttl_expired,,,0.10581,0.10581,0.10581,,,other,,False,,unknown,snapshot_missing,,,
5137,1787831269,SKUUUSDT,LONG,ema_cross,ema_cross,1,,sl,poll,1787839009,23.561,22.743620689655174,25.195758620689656,22.596,-4.095751453673443,sl,-1.1806024299696274,True,sl,bull,close_vs_ema50,1787803200,79038.4,75578.96239134559
5257,1787831269,GIGGLEUSDT,LONG,ema_cross_confirmed,ema_cross_confirmed,1,cont_ttl_expired,ttl_expired,,,36.38,36.38,36.38,,,other,,False,,unknown,snapshot_missing,,,
5258,1787831269,SKUUUSDT,LONG,ema_cross_confirmed,ema_cross_confirmed,1,cont_ttl_expired,ttl_expired,,,23.561,23.561,23.561,,,other,,False,,unknown,snapshot_missing,,,
5261,1787831465,TUTUSDT,LONG,overheated_confirmed,overheated_confirmed,1,cont_ttl_expired,ttl_expired,,,0.058481,0.058481,0.058481,,,other,,False,,unknown,snapshot_missing,,,
5139,1787831467,HEMIUSDT,LONG,overheated_early,overheated_early,1,,tp,poll,1787873048,0.009106,0.008260803571428572,0.010796392857142857,0.010798,18.581155282231503,tp,2.00190150218673,True,tp,unknown,snapshot_missing,,,
5140,1787831472,VETUSDT,LONG,overheated_early,overheated_early,1,,tp,wick,1787857388,0.00694,0.006603732142857143,0.007612535714285714,0.007612535714285714,9.690716344174556,tp,2.0,True,tp,unknown,snapshot_missing,,,
5146,1787831532,INTWUSDT,LONG,ema_cross,ema_cross,1,,tp,poll,1787840971,18.56,18.039310344827584,19.601379310344825,19.63,5.765086206896553,tp,2.0549668874172147,True,tp,bull,close_vs_ema50,1787803200,79038.4,75578.96239134559
5262,1787831532,EDGEXUSDT,LONG,ema_cross_confirmed,ema_cross_confirmed,1,cont_ttl_expired,ttl_expired,,,0.3871,0.3871,0.3871,,,other,,False,,unknown,snapshot_missing,,,
5148,1787831533,ESPUSDT,SHORT,ema_cross,ema_cross,1,,sl,wick,1787846745,0.08538,0.08902931034482758,0.07808137931034483,0.08902931034482758,-4.274198108254375,sl,-1.0,True,sl,bull,close_vs_ema50,1787803200,79038.4,75578.96239134559
5263,1787831533,INTWUSDT,LONG,ema_cross_confirmed,ema_cross_confirmed,1,cont_ttl_expired,ttl_expired,,,18.56,18.56,18.56,,,other,,False,,unknown,snapshot_missing,,,
5264,1787831533,ZBTUSDT,LONG,ema_cross_confirmed,ema_cross_confirmed,1,cont_ttl_expired,ttl_expired,,,0.07895,0.07895,0.07895,,,other,,False,,unknown,snapshot_missing,,,
5265,1787831533,ESPUSDT,SHORT,ema_cross_confirmed,ema_cross_confirmed,1,cont_ttl_expired,ttl_expired,,,0.08538,0.08538,0.08538,,,other,,False,,unknown,snapshot_missing,,,
5154,1787832050,MAGMAUSDT,LONG,overheated_confirmed,overheated_confirmed,1,,sl,poll,1787832959,0.31841,0.2914346428571429,0.3723607142857143,0.28932,-9.136019597374455,sl,-1.0783916537580596,True,sl,bull,close_vs_ema50,1787817600,79441.2,75730.42268972419
5270,1787832061,RUNEUSDT,LONG,overheated_confirmed,overheated_confirmed,1,cont_ttl_expired,ttl_expired,,,0.5716,0.5716,0.5716,,,other,,False,,unknown,snapshot_missing,,,
5156,1787832066,KMNOUSDT,LONG,overheated_early,overheated_early,1,,tp,poll,1787851451,0.02778,0.026338392857142855,0.030663214285714287,0.03069,10.475161987041034,tp,2.0185804533630605,True,tp,bull,close_vs_ema50,1787817600,79441.2,75730.42268972419
5157,1787832131,LINKUSDT,LONG,ema_cross,ema_cross,1,,sl,wick,1787933578,11.739,11.453793103448277,12.309413793103449,11.453793103448277,-2.4295672250764464,sl,-1.0,True,sl,unknown,snapshot_missing,,,
5158,1787832132,BEAMXUSDT,LONG,ema_cross,ema_cross,1,,sl,wick,1787836147,0.001895,0.0018319999999999999,0.0020210000000000002,0.0018319999999999999,-3.3245382585752044,sl,-1.0,True,sl,bull,close_vs_ema50,1787817600,79441.2,75730.42268972419
5277,1787832132,LINKUSDT,LONG,ema_cross_confirmed,ema_cross_confirmed,1,cont_ttl_expired,ttl_expired,,,11.739,11.739,11.739,,,other,,False,,unknown,snapshot_missing,,,
5159,1787832133,FIIUSDT,LONG,ema_cross,ema_cross,1,,tp,poll,1787882526,9.464,9.328655172413793,9.734689655172414,9.997,5.631868131868126,tp,3.9380891719745015,True,tp,unknown,snapshot_missing,,,
5278,1787832133,BEAMXUSDT,LONG,ema_cross_confirmed,ema_cross_confirmed,1,cont_ttl_expired,ttl_expired,,,0.001895,0.001895,0.001895,,,other,,False,,unknown,snapshot_missing,,,
5279,1787832133,FIIUSDT,LONG,ema_cross_confirmed,ema_cross_confirmed,1,cont_ttl_expired,ttl_expired,,,9.464,9.464,9.464,,,other,,False,,unknown,snapshot_missing,,,
5161,1787832365,MAGMAUSDT,LONG,overheated_early,overheated_early,1,,tp,wick,1787839772,0.30416,0.2778017857142857,0.35687642857142854,0.35687642857142854,17.331808446682192,tp,2.0,True,tp,bull,close_vs_ema50,1787817600,79441.2,75730.42268972419
5166,1787832428,STARUSDT,SHORT,ema_cross,ema_cross,1,,sl,poll,1787906395,0.11911,0.13023482758620689,0.0968603448275862,0.13046,-9.52900680043657,sl,-1.0202405306552604,True,sl,unknown,snapshot_missing,,,
5167,1787832429,UBERUSDT,SHORT,ema_cross,ema_cross,1,,tp,wick,1787837816,78.32,79.21310344827586,76.53379310344828,76.53379310344828,2.2806523193969848,tp,1.999999999999984,True,tp,bull,close_vs_ema50,1787817600,79441.2,75730.42268972419
5290,1787832429,STARUSDT,SHORT,ema_cross_confirmed,ema_cross_confirmed,1,cont_ttl_expired,ttl_expired,,,0.11911,0.11911,0.11911,,,other,,False,,unknown,snapshot_missing,,,
5291,1787832429,UBERUSDT,SHORT,ema_cross_confirmed,ema_cross_confirmed,1,cont_ttl_expired,ttl_expired,,,78.32,78.32,78.32,,,other,,False,,unknown,snapshot_missing,,,
5292,1787832670,CLOUSDT,LONG,overheated_confirmed,overheated_confirmed,1,cont_ttl_expired,ttl_expired,,,0.10432,0.10432,0.10432,,,other,,False,,unknown,snapshot_missing,,,
5169,1787832730,NILUSDT,SHORT,ema_cross,ema_cross,1,,sl,poll,1787925553,0.04309,0.04490655172413793,0.039456896551724144,0.04592,-6.567649106521232,sl,-1.557896735003797,True,sl,unknown,snapshot_missing,,,
5170,1787832730,KERNELUSDT,LONG,ema_cross,ema_cross,1,,sl,poll,1787932939,0.03884,0.03738655172413793,0.04174689655172414,0.03736,-3.810504634397534,sl,-1.0182680901542103,True,sl,unknown,snapshot_missing,,,
5293,1787832730,NILUSDT,SHORT,ema_cross_confirmed,ema_cross_confirmed,1,cont_ttl_expired,ttl_expired,,,0.04309,0.04309,0.04309,,,other,,False,,unknown,snapshot_missing,,,
5294,1787832731,KERNELUSDT,LONG,ema_cross_confirmed,ema_cross_confirmed,1,cont_ttl_expired,ttl_expired,,,0.03884,0.03884,0.03884,,,other,,False,,unknown,snapshot_missing,,,
5172,1787832968,PROMUSDT,LONG,overheated_early,overheated_early,1,,tp,poll,1788023487,4.571,3.9467857142857143,5.8194285714285705,6.384,39.66309341500767,tp,2.904451310218563,True,tp,unknown,snapshot_missing,,,
5176,1787833628,CROUSDT,LONG,ema_cross,ema_cross,1,,sl,poll,1787883498,0.06165,0.060005172413793106,0.06493965517241379,0.05989,-2.8548256285482636,sl,-1.0700209643605896,True,sl,unknown,snapshot_missing,,,
5303,1787833628,CROUSDT,LONG,ema_cross_confirmed,ema_cross_confirmed,1,cont_ttl_expired,ttl_expired,,,0.06165,0.06165,0.06165,,,other,,False,,unknown,snapshot_missing,,,
5177,1787833680,CROUSDT,LONG,ema_cross_confirmed,ema_cross_confirmed,1,,sl,wick,1787884101,0.0618,0.05933275862068966,0.06673448275862068,0.05933275862068966,-3.992299966521589,sl,-1.0,True,sl,unknown,snapshot_missing,,,
5179,1787834469,KITEUSDT,LONG,overheated_early,overheated_early,1,,sl,wick,1787933744,0.1302,0.1241619642857143,0.14227607142857143,0.1241619642857143,-4.637508229098088,sl,-1.0,True,sl,unknown,snapshot_missing,,,
5180,1787834811,KMNOUSDT,LONG,overheated_confirmed,overheated_confirmed,1,,tp,wick,1787852383,0.02814,0.026714464285714286,0.030991071428571423,0.030991071428571423,10.131739262869315,tp,2.0,True,tp,bull,close_vs_ema50,1787817600,79441.2,75730.42268972419
5183,1787835603,TUTUSDT,LONG,overheated_confirmed,overheated_confirmed,1,,sl,poll,1787867123,0.063821,0.04983542857142857,0.09179214285714286,0.049688,-22.14474859372307,sl,-1.010541476419575,True,sl,unknown,snapshot_missing,,,
5189,1787836266,BEAMXUSDT,LONG,overheated_early,overheated_early,1,,sl,poll,1787882329,0.00181,0.0017158214285714285,0.001998357142857143,0.001708,-5.635359116022093,sl,-1.0830489192263921,True,sl,unknown,snapshot_missing,,,
5194,1787836870,CHIPUSDT,LONG,overheated_early,overheated_early,1,,tp,wick,1787846443,0.03813,0.03548571428571429,0.043418571428571424,0.043418571428571424,13.869843767562097,tp,2.0000000000000027,True,tp,bull,close_vs_ema50,1787817600,79441.2,75730.42268972419
5195,1787837425,LINKUSDT,LONG,ema_cross_confirmed,ema_cross_confirmed,1,,sl,wick,1787934120,11.797,11.369189655172415,12.652620689655173,11.369189655172415,-3.6264333714299064,sl,-1.0,True,sl,unknown,snapshot_missing,,,
5196,1787837432,FIIUSDT,LONG,ema_cross_confirmed,ema_cross_confirmed,1,,sl,poll,1787877356,9.716,9.512982758620689,10.12203448275862,9.5,-2.2231370934540893,sl,-1.063949044585984,True,sl,unknown,snapshot_missing,,,
5197,1787837467,OKTAUSDT,LONG,overheated_early,overheated_early,1,,sl,wick,1787837556,162.93,158.13964285714286,172.5107142857143,158.13964285714286,-2.9401320461898646,sl,-1.0,True,sl,bull,close_vs_ema50,1787817600,79441.2,75730.42268972419
5198,1787837509,MAGMAUSDT,LONG,overheated_confirmed,overheated_confirmed,1,,tp,wick,1787897551,0.34965,0.32267464285714287,0.39011303571428574,0.39011303571428574,11.572439786725502,tp,1.5,True,tp,unknown,snapshot_missing,,,
5199,1787838072,CRMUSDT,LONG,overheated_early,overheated_early,1,,tp,wick,1787852354,239.06,233.24428571428572,250.6914285714286,250.6914285714286,4.865485054558934,tp,2.000000000000005,True,tp,bull,close_vs_ema50,1787817600,79441.2,75730.42268972419
5201,1787838308,INTWUSDT,LONG,ema_cross_confirmed,ema_cross_confirmed,1,,sl,poll,1787839083,19.02,18.23896551724138,20.58206896551724,18.19,-4.363827549947415,sl,-1.0626931567328897,True,sl,bull,close_vs_ema50,1787817600,79441.2,75730.42268972419
5202,1787838417,GIGGLEUSDT,LONG,ema_cross_confirmed,ema_cross_confirmed,1,,tp,poll,1788023487,36.61,34.486724137931034,40.85655172413793,42.24,15.378311936629343,tp,2.651563134388958,True,tp,unknown,snapshot_missing,,,
5329,1787838984,4USDT,LONG,overheated_confirmed,overheated_confirmed,1,cont_ttl_expired,ttl_expired,,,0.0126,0.0126,0.0126,,,other,,False,,unknown,snapshot_missing,,,
5205,1787839240,KERNELUSDT,LONG,ema_cross_confirmed,ema_cross_confirmed,1,,sl,wick,1787906826,0.04004,0.037859827586206894,0.04440034482758621,0.037859827586206894,-5.444986048434329,sl,-1.0,True,sl,unknown,snapshot_missing,,,
5334,1787839577,MOVRUSDT,LONG,overheated_confirmed,overheated_confirmed,1,cont_ttl_expired,ttl_expired,,,0.986,0.986,0.986,,,other,,False,,unknown,snapshot_missing,,,
5213,1787839642,MOVRUSDT,LONG,overheated_confirmed,overheated_confirmed,1,,tp,wick,1787885228,0.987,0.9111964285714286,1.138607142857143,1.138607142857143,15.36039947894052,tp,2.0000000000000013,True,tp,unknown,snapshot_missing,,,
5335,1787839862,BLESSUSDT,LONG,overheated_confirmed,overheated_confirmed,1,cont_ttl_expired,ttl_expired,,,0.011106,0.011106,0.011106,,,other,,False,,unknown,snapshot_missing,,,
5336,1787839867,CRMUSDT,LONG,overheated_confirmed,overheated_confirmed,1,cont_ttl_expired,ttl_expired,,,245.45,245.45,245.45,,,other,,False,,unknown,snapshot_missing,,,
5217,1787840159,CRMUSDT,LONG,overheated_confirmed,overheated_confirmed,1,,tp,wick,1787924829,246.92,241.1042857142857,258.5514285714286,258.5514285714286,4.710606095670091,tp,2.000000000000005,True,tp,unknown,snapshot_missing,,,
5222,1787841054,4USDT,LONG,overheated_confirmed,overheated_confirmed,1,,tp,poll,1787877860,0.012692,0.011911357142857144,0.014253285714285713,0.014306,12.716671919319248,tp,2.067526763656328,True,tp,unknown,snapshot_missing,,,
5224,1787841059,BLESSUSDT,LONG,overheated_confirmed,overheated_confirmed,1,,sl,wick,1787844451,0.01151,0.010686125,0.01315775,0.010686125,-7.157906168549088,sl,-1.0,True,sl,bull,close_vs_ema50,1787817600,79441.2,75730.42268972419
5225,1787841062,INTWUSDT,LONG,overheated_early,overheated_early,1,,sl,poll,1787855171,19.63,18.794821428571428,21.30035714285714,18.77,-4.3810494141619944,sl,-1.0297199059225997,True,sl,unknown,snapshot_missing,,,
5226,1787841371,DGAIUSDT,LONG,overheated_early,overheated_early,1,,sl,poll,1787923721,0.7906,0.7100285714285713,0.9517428571428572,0.709,-10.321274981027068,sl,-1.012765957446808,True,sl,unknown,snapshot_missing,,,
5227,1787841668,CASHCATUSDT,LONG,overheated_early,overheated_early,1,,sl,poll,1787883771,0.251,0.204545,0.34391,0.20453,-18.513944223107575,sl,-1.0003228931223769,True,sl,unknown,snapshot_missing,,,
5343,1787841965,CHIPUSDT,LONG,overheated_confirmed,overheated_confirmed,1,cont_ttl_expired,ttl_expired,,,0.04013,0.04013,0.04013,,,other,,False,,unknown,snapshot_missing,,,
5230,1787842049,CHIPUSDT,LONG,overheated_confirmed,overheated_confirmed,1,,sl,poll,1787885573,0.04012,0.03747571428571429,0.04540857142857142,0.03735,-6.90428713858425,sl,-1.0475418692598617,True,sl,unknown,snapshot_missing,,,
5235,1787843163,USELESSUSDT,LONG,overheated_early,overheated_early,1,,sl,wick,1787885301,0.07186,0.06651357142857142,0.08255285714285714,0.06651357142857142,-7.440062025366786,sl,-1.0,True,sl,unknown,snapshot_missing,,,
5238,1787843762,CLOUSDT,LONG,overheated_early,overheated_early,1,,sl,wick,1787897104,0.10676,0.09804232142857142,0.12419535714285714,0.09804232142857142,-8.165678691858915,sl,-1.0,True,sl,unknown,snapshot_missing,,,
5239,1787843777,BSBUSDT,LONG,overheated_early,overheated_early,1,,sl,wick,1787919520,0.10596,0.09986946428571428,0.11814107142857143,0.09986946428571428,-5.747957450250776,sl,-1.0,True,sl,unknown,snapshot_missing,,,
5242,1787844646,NILUSDT,SHORT,ema_cross_confirmed,ema_cross_confirmed,1,,sl,wick,1787928428,0.04325,0.046883103448275856,0.03598379310344828,0.046883103448275856,-8.400239186764994,sl,-1.0,True,sl,unknown,snapshot_missing,,,
5243,1787844712,牛来USDT,LONG,overheated_confirmed,overheated_confirmed,1,,sl,wick,1787857388,0.05804,0.04608392857142857,0.08195214285714286,0.04608392857142857,-20.599709559909428,sl,-1.0,True,sl,unknown,snapshot_missing,,,
5245,1787844967,HFTUSDT,LONG,overheated_early,overheated_early,1,,tp,poll,1787877356,0.00678,0.006345535714285714,0.007648928571428571,0.008,17.99410029498526,tp,2.8080558980682317,True,tp,unknown,snapshot_missing,,,
5247,1787845574,SKRUSDT,LONG,overheated_early,overheated_early,1,,tp,wick,1787863763,0.008882,0.008469285714285714,0.00970742857142857,0.00970742857142857,9.293273715701089,tp,2.0,True,tp,unknown,snapshot_missing,,,
5259,1787845879,MELANIAUSDT,LONG,overheated_early,overheated_early,1,,sl,poll,1787933930,0.1201,0.11118571428571428,0.13792857142857143,0.111,-7.577019150707741,sl,-1.0208333333333321,True,sl,unknown,snapshot_missing,,,
5266,1787846167,ACUUSDT,LONG,overheated_early,overheated_early,1,,sl,wick,1787856388,0.1499,0.14012910714285715,0.16944178571428573,0.14012910714285715,-6.518274087486898,sl,-1.0,True,sl,unknown,snapshot_missing,,,
5271,1787846544,2ZUSDT,LONG,ema_cross,ema_cross,1,,sl,poll,1787925831,0.05795,0.05641655172413793,0.06101689655172414,0.05641,-2.6574633304572903,sl,-1.0042725432876094,True,sl,unknown,snapshot_missing,,,
5272,1787846545,RATSUSDT,SHORT,ema_cross,ema_cross,1,,sl,wick,1787879175,4.085e-05,4.276e-05,3.7029999999999996e-05,4.276e-05,-4.675642594859243,sl,-1.0,True,sl,unknown,snapshot_missing,,,
5273,1787846545,TXNUSDT,LONG,ema_cross,ema_cross,1,,sl,poll,1787855222,267.7,264.70344827586206,273.69310344827585,264.7,-1.1206574523720583,sl,-1.0011507479861912,True,sl,unknown,snapshot_missing,,,
5359,1787846545,2ZUSDT,LONG,ema_cross_confirmed,ema_cross_confirmed,1,cont_ttl_expired,ttl_expired,,,0.05795,0.05795,0.05795,,,other,,False,,unknown,snapshot_missing,,,
5360,1787846545,RATSUSDT,SHORT,ema_cross_confirmed,ema_cross_confirmed,1,cont_ttl_expired,ttl_expired,,,4.085e-05,4.085e-05,4.085e-05,,,other,,False,,unknown,snapshot_missing,,,
5274,1787846546,CLOUSDT,LONG,ema_cross,ema_cross,1,,sl,poll,1787892252,0.10723,0.10125068965517242,0.11918862068965518,0.10048,-6.294880164133177,sl,-1.128892733564015,True,sl,unknown,snapshot_missing,,,
5275,1787846546,COINXUSDT,LONG,ema_cross,ema_cross,1,,sl,poll,1787855171,192.71,188.49827586206897,201.13344827586207,188.44,-2.215764620414099,sl,-1.0138365809726548,True,sl,unknown,snapshot_missing,,,
5361,1787846546,TXNUSDT,LONG,ema_cross_confirmed,ema_cross_confirmed,1,cont_ttl_expired,ttl_expired,,,267.7,267.7,267.7,,,other,,False,,unknown,snapshot_missing,,,
5362,1787846546,CLOUSDT,LONG,ema_cross_confirmed,ema_cross_confirmed,1,cont_ttl_expired,ttl_expired,,,0.10723,0.10723,0.10723,,,other,,False,,unknown,snapshot_missing,,,
5276,1787846547,USELESSUSDT,LONG,ema_cross,ema_cross,1,,sl,wick,1787883673,0.07133,0.06769344827586207,0.07860310344827587,0.06769344827586207,-5.098207940751341,sl,-1.0,True,sl,unknown,snapshot_missing,,,
5363,1787846547,COINXUSDT,LONG,ema_cross_confirmed,ema_cross_confirmed,1,cont_ttl_expired,ttl_expired,,,192.71,192.71,192.71,,,other,,False,,unknown,snapshot_missing,,,
5364,1787846547,USELESSUSDT,LONG,ema_cross_confirmed,ema_cross_confirmed,1,cont_ttl_expired,ttl_expired,,,0.07133,0.07133,0.07133,,,other,,False,,unknown,snapshot_missing,,,
5280,1787846573,2ZUSDT,LONG,ema_cross_confirmed,ema_cross_confirmed,1,,sl,wick,1787926503,0.05802,0.0557198275862069,0.0626203448275862,0.0557198275862069,-3.964447455693037,sl,-1.0,True,sl,unknown,snapshot_missing,,,
5366,1787846776,USELESSUSDT,LONG,overheated_confirmed,overheated_confirmed,1,cont_ttl_expired,ttl_expired,,,0.07233,0.07233,0.07233,,,other,,False,,unknown,snapshot_missing,,,
5283,1787846783,NVDLUSDT,LONG,overheated_early,overheated_early,1,,sl,poll,1787931813,36.75,35.503392857142856,39.24321428571429,35.49,-3.428571428571423,sl,-1.010743446497634,True,sl,unknown,snapshot_missing,,,
5286,1787846848,MRNAUSDT,SHORT,ema_cross,ema_cross,1,,sl,wick,1787904736,139.86,144.77275862068967,130.0344827586207,144.77275862068967,-3.5126259264190316,sl,-1.0,True,sl,unknown,snapshot_missing,,,
5287,1787846849,BROCCOLIUSDT,LONG,ema_cross,ema_cross,1,,sl,wick,1787884322,0.01824,0.017542758620689654,0.01963448275862069,0.017542758620689654,-3.822595281306715,sl,-1.0,True,sl,unknown,snapshot_missing,,,
5370,1787846849,MRNAUSDT,SHORT,ema_cross_confirmed,ema_cross_confirmed,1,cont_ttl_expired,ttl_expired,,,139.86,139.86,139.86,,,other,,False,,unknown,snapshot_missing,,,
5371,1787846850,BROCCOLIUSDT,LONG,ema_cross_confirmed,ema_cross_confirmed,1,cont_ttl_expired,ttl_expired,,,0.01824,0.01824,0.01824,,,other,,False,,unknown,snapshot_missing,,,
5288,1787846851,SEIUSDT,LONG,ema_cross,ema_cross,1,,sl,poll,1787910340,0.04818,0.04694172413793103,0.05065655172413793,0.04694,-2.573682025736816,sl,-1.0013923698134182,True,sl,unknown,snapshot_missing,,,
5289,1787846851,AMATUSDT,SHORT,ema_cross,ema_cross,1,,sl,wick,1787887430,477.2,484.7689655172414,462.0620689655172,484.7689655172414,-1.5861201838309713,sl,-1.0,True,sl,unknown,snapshot_missing,,,
5372,1787846851,SEIUSDT,LONG,ema_cross_confirmed,ema_cross_confirmed,1,cont_ttl_expired,ttl_expired,,,0.04818,0.04818,0.04818,,,other,,False,,unknown,snapshot_missing,,,
5373,1787846852,AMATUSDT,SHORT,ema_cross_confirmed,ema_cross_confirmed,1,cont_ttl_expired,ttl_expired,,,477.2,477.2,477.2,,,other,,False,,unknown,snapshot_missing,,,
5295,1787847361,SKRUSDT,LONG,overheated_confirmed,overheated_confirmed,1,,tp,poll,1787864889,0.008962,0.008545910714285714,0.00979417857142857,0.010039,12.017406828832849,tp,2.588386764516547,True,tp,unknown,snapshot_missing,,,
5379,1787847365,MELANIAUSDT,LONG,overheated_confirmed,overheated_confirmed,1,cont_ttl_expired,ttl_expired,,,0.1213,0.1213,0.1213,,,other,,False,,unknown,snapshot_missing,,,
5380,1787847445,PLTRXUSDT,LONG,ema_cross_confirmed,ema_cross_confirmed,1,cont_ttl_expired,ttl_expired,,,185.44,185.44,185.44,,,other,,False,,unknown,snapshot_missing,,,
5384,1787847974,WIFUSDT,LONG,overheated_confirmed,overheated_confirmed,1,cont_ttl_expired,ttl_expired,,,0.2276,0.2276,0.2276,,,other,,False,,unknown,snapshot_missing,,,
5305,1787848348,HFTUSDT,LONG,overheated_confirmed,overheated_confirmed,1,,tp,poll,1787877356,0.00687,0.006421607142857143,0.007766785714285715,0.008,16.448326055312954,tp,2.5201115093588204,True,tp,unknown,snapshot_missing,,,
5306,1787848869,BLESSUSDT,LONG,overheated_early,overheated_early,1,,tp,poll,1787872528,0.010998,0.010145892857142859,0.012702214285714285,0.012715,15.611929441716672,tp,2.015004819984074,True,tp,unknown,snapshot_missing,,,
5308,1787849142,SEIUSDT,LONG,ema_cross_confirmed,ema_cross_confirmed,1,,sl,wick,1787925831,0.04845,0.04659258620689655,0.052164827586206906,0.04659258620689655,-3.833671399594331,sl,-1.0,True,sl,unknown,snapshot_missing,,,
5310,1787850069,4USDT,LONG,overheated_early,overheated_early,1,,tp,poll,1787877860,0.012625,0.01184269642857143,0.014189607142857143,0.014306,13.314851485148504,tp,2.1487822137003807,True,tp,unknown,snapshot_missing,,,
5311,1787850073,MOVRUSDT,LONG,overheated_early,overheated_early,1,,sl,wick,1787853778,1.033,0.9491071428571428,1.2007857142857141,0.9491071428571428,-8.121283363296913,sl,-1.0,True,sl,unknown,snapshot_missing,,,
5392,1787850082,MUBARAKUSDT,LONG,overheated_confirmed,overheated_confirmed,1,cont_ttl_expired,ttl_expired,,,0.022,0.022,0.022,,,other,,False,,unknown,snapshot_missing,,,
5322,1787851280,CHIPUSDT,LONG,overheated_early,overheated_early,1,,sl,wick,1787885275,0.04117,0.03820535714285714,0.04709928571428571,0.03820535714285714,-7.20097852111455,sl,-1.0,True,sl,unknown,snapshot_missing,,,
5402,1787852474,NVDLUSDT,LONG,overheated_confirmed,overheated_confirmed,1,cont_ttl_expired,ttl_expired,,,37.6,37.6,37.6,,,other,,False,,unknown,snapshot_missing,,,
5332,1787853754,OKTAUSDT,LONG,overheated_confirmed,overheated_confirmed,1,,sl,wick,1787927715,172.0,166.34178571428572,183.31642857142856,166.34178571428572,-3.289659468438535,sl,-1.0,True,sl,unknown,snapshot_missing,,,
5337,1787854543,PROMUSDT,LONG,overheated_confirmed,overheated_confirmed,1,,sl,poll,1787859078,5.147,4.498035714285715,6.444928571428571,4.46,-13.347581115212751,sl,-1.0586098728743611,True,sl,unknown,snapshot_missing,,,
5339,1787855413,CLOUSDT,LONG,ema_cross_confirmed,ema_cross_confirmed,1,,sl,wick,1787897104,0.10706,0.09809103448275862,0.12499793103448277,0.09809103448275862,-8.377513092883788,sl,-1.0,True,sl,unknown,snapshot_missing,,,
5416,1787855494,VETUSDT,LONG,overheated_confirmed,overheated_confirmed,1,cont_ttl_expired,ttl_expired,,,0.00747,0.00747,0.00747,,,other,,False,,unknown,snapshot_missing,,,
5418,1787855576,STARUSDT,SHORT,ema_cross_confirmed,ema_cross_confirmed,1,cont_ttl_expired,ttl_expired,,,0.12046,0.12046,0.12046,,,other,,False,,unknown,snapshot_missing,,,
5420,1787856105,DFDVXUSDT,LONG,overheated_confirmed,overheated_confirmed,1,cont_ttl_expired,ttl_expired,,,5.097,5.097,5.097,,,other,,False,,unknown,snapshot_missing,,,
5422,1787856394,PROMUSDT,LONG,overheated_confirmed,overheated_confirmed,1,cont_ttl_expired,ttl_expired,,,5.091,5.091,5.091,,,other,,False,,unknown,snapshot_missing,,,
5345,1787857257,HEMIUSDT,LONG,overheated_confirmed,overheated_confirmed,1,,tp,poll,1787898689,0.009371,0.008448875000000002,0.01121525,0.011316,20.7555223562053,tp,2.1092585061678193,True,tp,unknown,snapshot_missing,,,
5427,1787857590,SKRUSDT,LONG,overheated_confirmed,overheated_confirmed,1,cont_ttl_expired,ttl_expired,,,0.009085,0.009085,0.009085,,,other,,False,,unknown,snapshot_missing,,,
5350,1787859089,VETUSDT,LONG,overheated_early,overheated_early,1,,sl,poll,1787911545,0.007075,0.006721749999999999,0.007781499999999999,0.006717,-5.06007067137809,sl,-1.0134465675866937,True,sl,unknown,snapshot_missing,,,
5352,1787860889,BLESSUSDT,LONG,overheated_confirmed,overheated_confirmed,1,,sl,wick,1787887158,0.011619,0.010766892857142859,0.013323214285714285,0.010766892857142859,-7.333739072701111,sl,-1.0,True,sl,unknown,snapshot_missing,,,
5356,1787860965,POLYXUSDT,LONG,ema_cross,ema_cross,1,,sl,poll,1787884322,0.03566,0.034689310344827584,0.037601379310344824,0.03463,-2.888390353337062,sl,-1.0611012433392508,True,sl,unknown,snapshot_missing,,,
5367,1787861267,HEMIUSDT,LONG,ema_cross,ema_cross,1,,sl,wick,1787864006,0.010171,0.009511241379310344,0.011490517241379311,0.009511241379310344,-6.486664248251459,sl,-1.0,True,sl,unknown,snapshot_missing,,,
5369,1787861272,ASTEROIDUSDT,LONG,overheated_confirmed,overheated_confirmed,1,,sl,wick,1787861314,7.32e-05,6.659464285714286e-05,8.641071428571428e-05,6.659464285714286e-05,-9.023711943793906,sl,-1.0,True,sl,unknown,snapshot_missing,,,
5374,1787861707,PROMUSDT,LONG,overheated_confirmed,overheated_confirmed,1,,tp,poll,1788023487,4.964,4.315035714285715,6.261928571428571,6.384,28.60596293311845,tp,2.1881019206427834,True,tp,unknown,snapshot_missing,,,
5375,1787861732,ASTEROIDUSDT,LONG,overheated_early,overheated_early,1,,sl,poll,1787862687,6.5e-05,5.839464285714285e-05,7.821071428571429e-05,5.83e-05,-10.3076923076923,sl,-1.0143281968099471,True,sl,unknown,snapshot_missing,,,
5376,1787861797,CAPUSDT,SHORT,ema_cross,ema_cross,1,,sl,poll,1787915825,0.0673,0.0696551724137931,0.06258965517241379,0.06968,-3.5364041604754934,sl,-1.0105417276720399,True,sl,unknown,snapshot_missing,,,
5385,1787862613,POLYXUSDT,LONG,ema_cross_confirmed,ema_cross_confirmed,1,,sl,poll,1787911711,0.03576,0.03430396551724138,0.03867206896551724,0.0343,-4.082774049217011,sl,-1.0027235050325665,True,sl,unknown,snapshot_missing,,,
5389,1787863739,UAIUSDT,LONG,ema_cross,ema_cross,1,,sl,poll,1787892252,0.31791,0.29316655172413797,0.3673968965517242,0.27962,-12.044289264257193,sl,-1.5474803500752576,True,sl,unknown,snapshot_missing,,,
5460,1787863739,UAIUSDT,LONG,ema_cross_confirmed,ema_cross_confirmed,1,cont_ttl_expired,ttl_expired,,,0.31791,0.31791,0.31791,,,other,,False,,unknown,snapshot_missing,,,
5470,1787864626,KMNOUSDT,LONG,overheated_confirmed,overheated_confirmed,1,cont_ttl_expired,ttl_expired,,,0.03018,0.03018,0.03018,,,other,,False,,unknown,snapshot_missing,,,
5397,1787864696,JELLYJELLYUSDT,LONG,ema_cross,ema_cross,1,,sl,poll,1787933017,0.05623,0.05500793103448276,0.05867413793103449,0.0547,-2.7209674550951513,sl,-1.2519751693002277,True,sl,unknown,snapshot_missing,,,
5471,1787864696,JELLYJELLYUSDT,LONG,ema_cross_confirmed,ema_cross_confirmed,1,cont_ttl_expired,ttl_expired,,,0.05623,0.05623,0.05623,,,other,,False,,unknown,snapshot_missing,,,
5399,1787865312,ENAUSDT,LONG,overheated_confirmed,overheated_confirmed,1,,sl,poll,1787991367,0.17019,0.15624589285714285,0.19807821428571432,0.15615,-8.249603384452667,sl,-1.0068769449460206,True,sl,unknown,snapshot_missing,,,
5401,1787866222,JELLYJELLYUSDT,LONG,ema_cross_confirmed,ema_cross_confirmed,1,,sl,poll,1787933017,0.0568,0.05496689655172414,0.06046620689655173,0.0547,-3.6971830985915575,sl,-1.1455981941309272,True,sl,unknown,snapshot_missing,,,
5404,1787867373,MEMEUSDT,LONG,ema_cross,ema_cross,1,,sl,wick,1787907038,0.0005576,0.0005412620689655173,0.0005902758620689655,0.0005412620689655173,-2.9300450205313395,sl,-1.0,True,sl,unknown,snapshot_missing,,,
5488,1787867375,MEMEUSDT,LONG,ema_cross_confirmed,ema_cross_confirmed,1,cont_ttl_expired,ttl_expired,,,0.0005576,0.0005576,0.0005576,,,other,,False,,unknown,snapshot_missing,,,
5408,1787868205,KMNOUSDT,LONG,overheated_early,overheated_early,1,,sl,poll,1787877969,0.02993,0.02837910714285714,0.033031785714285715,0.02798,-6.515202138322743,sl,-1.2573402417961974,True,sl,unknown,snapshot_missing,,,
5412,1787868910,DFDVXUSDT,LONG,overheated_confirmed,overheated_confirmed,1,,sl,poll,1787937025,5.134,4.8985,5.605,4.882,-4.90845344760422,sl,-1.0700636942675186,True,sl,unknown,snapshot_missing,,,
5507,1787869707,MERLUSDT,LONG,overheated_confirmed,overheated_confirmed,1,cont_ttl_expired,ttl_expired,,,0.02391,0.02391,0.02391,,,other,,False,,unknown,snapshot_missing,,,
5423,1787871209,MOVRUSDT,LONG,overheated_early,overheated_early,1,,sl,wick,1787933634,0.98,0.8916607142857143,1.1566785714285714,0.8916607142857143,-9.01421282798834,sl,-1.0,True,sl,unknown,snapshot_missing,,,
5431,1787872521,BTRUSDT,LONG,overheated_confirmed,overheated_confirmed,1,,sl,poll,1787886241,0.17267,0.1512875,0.215435,0.14991,-13.1812127179012,sl,-1.064421840289957,True,sl,unknown,snapshot_missing,,,
5434,1787873413,HEMIUSDT,LONG,ema_cross_confirmed,ema_cross_confirmed,1,,tp,wick,1787922760,0.01071,0.009720362068965517,0.012689275862068968,0.012689275862068968,18.480633632763467,tp,2.0,True,tp,unknown,snapshot_missing,,,
5437,1787877364,HFTUSDT,LONG,overheated_confirmed,overheated_confirmed,1,,sl,poll,1787878099,0.00792,0.007448035714285714,0.00862794642857143,0.00743,-6.186868686868687,sl,-1.038214150586455,True,sl,unknown,snapshot_missing,,,
5438,1787877698,BLESSUSDT,LONG,overheated_early,overheated_early,1,,sl,wick,1787887974,0.01149,0.010567982142857143,0.013334035714285715,0.010567982142857143,-8.024524431182396,sl,-1.0,True,sl,unknown,snapshot_missing,,,
5444,1787877755,TRUMPUSDT,LONG,ema_cross,ema_cross,1,,sl,wick,1787942416,2.679,2.5182413793103446,3.00051724137931,2.5182413793103446,-6.000695061204002,sl,-1.0,True,sl,unknown,snapshot_missing,,,
5445,1787877756,ENAUSDT,LONG,ema_cross,ema_cross,1,,sl,wick,1787887877,0.17183,0.16263241379310345,0.1902251724137931,0.16263241379310345,-5.352724324562977,sl,-1.0,True,sl,unknown,snapshot_missing,,,
5446,1787877756,IRENUSDT,SHORT,ema_cross,ema_cross,1,,sl,poll,1787919861,37.41,38.47103448275862,35.28793103448275,38.58,-3.127506014434648,sl,-1.1026974325641863,True,sl,unknown,snapshot_missing,,,
5447,1787877756,ONEUSDT,LONG,ema_cross,ema_cross,1,,sl,wick,1787932939,0.000752,0.0007290344827586207,0.0007979310344827585,0.0007290344827586207,-3.053925165077034,sl,-1.0,True,sl,unknown,snapshot_missing,,,
5448,1787877757,ARCUSDT,SHORT,ema_cross,ema_cross,1,,sl,wick,1787908778,0.06809,0.07048448275862068,0.06330103448275862,0.07048448275862068,-3.5166437929515104,sl,-1.0,True,sl,unknown,snapshot_missing,,,
5449,1787877757,FOGOUSDT,LONG,ema_cross,ema_cross,1,,sl,wick,1787884191,0.00941,0.009170689655172414,0.009888620689655172,0.009170689655172414,-2.54314925427828,sl,-1.0,True,sl,unknown,snapshot_missing,,,
5450,1787877758,TSTBSCUSDT,LONG,ema_cross,ema_cross,1,,tp,poll,1787921529,0.016217,0.015527310344827586,0.017596379310344825,0.017625,8.682247024727136,tp,2.041497925103746,True,tp,unknown,snapshot_missing,,,
5453,1787877792,TSTBSCUSDT,LONG,ema_cross_confirmed,ema_cross_confirmed,1,,tp,wick,1787927417,0.016194,0.015159465517241379,0.018263068965517243,0.018263068965517243,12.776762785706081,tp,2.0,True,tp,unknown,snapshot_missing,,,
5454,1787877967,4USDT,LONG,overheated_confirmed,overheated_confirmed,1,,sl,wick,1787881095,0.014282,0.013465142857142856,0.015915714285714287,0.013465142857142856,-5.71948706663733,sl,-1.0,True,sl,unknown,snapshot_missing,,,
5455,1787878037,SHAZUSDT,SHORT,ema_cross,ema_cross,1,,tp,poll,1787918598,57.88,59.682068965517246,54.275862068965516,54.25,6.271596406357986,tp,2.014351320321469,True,tp,unknown,snapshot_missing,,,
5665,1787878037,SHAZUSDT,SHORT,ema_cross_confirmed,ema_cross_confirmed,1,cont_ttl_expired,ttl_expired,,,57.88,57.88,57.88,,,other,,False,,unknown,snapshot_missing,,,
5456,1787878038,LABUSDT,LONG,ema_cross,ema_cross,1,,tp,wick,1787905685,0.07209,0.06917448275862069,0.07792103448275861,0.07792103448275861,8.08854831843336,tp,1.9999999999999953,True,tp,unknown,snapshot_missing,,,
5457,1787878038,MUUSDT,SHORT,ema_cross,ema_cross,1,,sl,poll,1787927527,925.1,944.4124137931035,886.4751724137931,944.48,-2.0949086585234022,sl,-1.0034996250401726,True,sl,unknown,snapshot_missing,,,
5666,1787878038,LABUSDT,LONG,ema_cross_confirmed,ema_cross_confirmed,1,cont_ttl_expired,ttl_expired,,,0.07209,0.07209,0.07209,,,other,,False,,unknown,snapshot_missing,,,
5667,1787878038,MUUSDT,SHORT,ema_cross_confirmed,ema_cross_confirmed,1,cont_ttl_expired,ttl_expired,,,925.1,925.1,925.1,,,other,,False,,unknown,snapshot_missing,,,
5683,1787878584,CHILLGUYUSDT,LONG,overheated_confirmed,overheated_confirmed,1,cont_ttl_expired,ttl_expired,,,0.0143,0.0143,0.0143,,,other,,False,,unknown,snapshot_missing,,,
5687,1787878875,HEMIUSDT,LONG,overheated_confirmed,overheated_confirmed,1,cont_ttl_expired,ttl_expired,,,0.010869,0.010869,0.010869,,,other,,False,,unknown,snapshot_missing,,,
5472,1787879171,4USDT,LONG,overheated_early,overheated_early,1,,sl,poll,1787884322,0.013762,0.012945142857142856,0.015395714285714285,0.012877,-6.430751344281357,sl,-1.0834207764952777,True,sl,unknown,snapshot_missing,,,
5694,1787879180,MAGMAUSDT,LONG,overheated_confirmed,overheated_confirmed,1,cont_ttl_expired,ttl_expired,,,0.35744,0.35744,0.35744,,,other,,False,,unknown,snapshot_missing,,,
5695,1787879192,HFTUSDT,LONG,overheated_confirmed,overheated_confirmed,1,cont_ttl_expired,ttl_expired,,,0.00759,0.00759,0.00759,,,other,,False,,unknown,snapshot_missing,,,
5477,1787879772,BMTUSDT,LONG,overheated_early,overheated_early,1,,sl,poll,1787885228,0.02631,0.023466964285714285,0.03199607142857143,0.02346,-10.832383124287336,sl,-1.0024495948746932,True,sl,unknown,snapshot_missing,,,
5478,1787879785,MUBARAKUSDT,LONG,overheated_early,overheated_early,1,,sl,poll,1787934432,0.022,0.020205357142857143,0.02558928571428571,0.02,-9.090909090909085,sl,-1.1144278606965172,True,sl,unknown,snapshot_missing,,,
5479,1787879848,UBUSDT,LONG,ema_cross,ema_cross,1,,tp,wick,1787989256,0.13095,0.12482689655172415,0.14319620689655174,0.14319620689655174,9.351818935892883,tp,2.0,True,tp,unknown,snapshot_missing,,,
5699,1787879848,UBUSDT,LONG,ema_cross_confirmed,ema_cross_confirmed,1,cont_ttl_expired,ttl_expired,,,0.13095,0.13095,0.13095,,,other,,False,,unknown,snapshot_missing,,,
5483,1787880625,ENAUSDT,LONG,ema_cross_confirmed,ema_cross_confirmed,1,,sl,wick,1787885175,0.1859,0.17210362068965518,0.21349275862068967,0.17210362068965518,-7.421398230416799,sl,-1.0,True,sl,unknown,snapshot_missing,,,
5484,1787880631,ONEUSDT,LONG,ema_cross_confirmed,ema_cross_confirmed,1,,sl,poll,1787934317,0.000754,0.0007195517241379311,0.0008228965517241379,0.000716,-5.039787798408495,sl,-1.1031031031031056,True,sl,unknown,snapshot_missing,,,
5491,1787882178,HFTUSDT,LONG,overheated_early,overheated_early,1,,tp,wick,1787899677,0.00727,0.006773928571428572,0.008262142857142857,0.008262142857142857,13.647081941442316,tp,2.0,True,tp,unknown,snapshot_missing,,,
5493,1787882496,MAGMAUSDT,LONG,overheated_early,overheated_early,1,,tp,wick,1787904201,0.34268,0.31313642857142854,0.4017671428571428,0.4017671428571428,17.24265870699861,tp,1.9999999999999982,True,tp,unknown,snapshot_missing,,,
5708,1787882777,DFDVXUSDT,LONG,overheated_confirmed,overheated_confirmed,1,cont_ttl_expired,ttl_expired,,,5.43,5.43,5.43,,,other,,False,,unknown,snapshot_missing,,,
5709,1787883092,BLESSUSDT,LONG,overheated_confirmed,overheated_confirmed,1,cont_ttl_expired,ttl_expired,,,0.012201,0.012201,0.012201,,,other,,False,,unknown,snapshot_missing,,,
5508,1787884228,ARCUSDT,SHORT,ema_cross_confirmed,ema_cross_confirmed,1,,sl,poll,1787928796,0.06682,0.07160896551724139,0.05724206896551724,0.07192,-7.632445375636027,sl,-1.064948156682026,True,sl,unknown,snapshot_missing,,,
5509,1787884284,HEMIUSDT,LONG,overheated_early,overheated_early,1,,tp,wick,1787902273,0.01043,0.009416267857142857,0.012457464285714285,0.012457464285714285,19.438775510204078,tp,2.0,True,tp,unknown,snapshot_missing,,,
5715,1787884293,MOVEUSDT,LONG,overheated_confirmed,overheated_confirmed,1,cont_ttl_expired,ttl_expired,,,0.00963,0.00963,0.00963,,,other,,False,,unknown,snapshot_missing,,,
5512,1787884585,SKRUSDT,LONG,overheated_early,overheated_early,1,,sl,wick,1787909743,0.010715,0.010238535714285716,0.011667928571428572,0.010238535714285716,-4.4467035530964525,sl,-1.0,True,sl,unknown,snapshot_missing,,,
5515,1787885489,DFDVXUSDT,LONG,overheated_early,overheated_early,1,,sl,poll,1787924829,5.239,4.9874285714285715,5.742142857142857,4.953,-5.45905707196029,sl,-1.1368540601930714,True,sl,unknown,snapshot_missing,,,
5726,1787886444,UAIUSDT,LONG,ema_cross_confirmed,ema_cross_confirmed,1,cont_ttl_expired,ttl_expired,,,0.30293,0.30293,0.30293,,,other,,False,,unknown,snapshot_missing,,,
5673,1787892610,PLAYUSDT,SHORT,ema_cross,ema_cross,1,,sl,wick,1787900450,0.03656,0.037930000000000005,0.03382,0.037930000000000005,-3.7472647702407085,sl,-1.0,True,sl,unknown,snapshot_missing,,,
5674,1787892612,AEONUSDT,LONG,ema_cross,ema_cross,1,,tp,poll,1787915681,0.06047,0.057447931034482765,0.06651413793103449,0.06659,10.12072101868694,tp,2.0251026928343223,True,tp,unknown,snapshot_missing,,,
5763,1787892612,PLAYUSDT,SHORT,ema_cross_confirmed,ema_cross_confirmed,1,cont_ttl_expired,ttl_expired,,,0.03656,0.03656,0.03656,,,other,,False,,unknown,snapshot_missing,,,
5764,1787892613,AEONUSDT,LONG,ema_cross_confirmed,ema_cross_confirmed,1,cont_ttl_expired,ttl_expired,,,0.06047,0.06047,0.06047,,,other,,False,,unknown,snapshot_missing,,,
5765,1787892613,ETCUSDT,SHORT,ema_cross_confirmed,ema_cross_confirmed,1,cont_ttl_expired,ttl_expired,,,7.696,7.696,7.696,,,other,,False,,unknown,snapshot_missing,,,
5766,1787892856,SKRUSDT,LONG,overheated_confirmed,overheated_confirmed,1,cont_ttl_expired,ttl_expired,,,0.010924,0.010924,0.010924,,,other,,False,,unknown,snapshot_missing,,,
5680,1787892911,ASTEROIDUSDT,SHORT,ema_cross,ema_cross,1,,tp,poll,1788023487,5.54e-05,6.0489655172413795e-05,4.522068965517241e-05,4.51e-05,18.59205776173285,tp,2.0237127371273695,True,tp,unknown,snapshot_missing,,,
5767,1787892911,INJUSDT,SHORT,ema_cross_confirmed,ema_cross_confirmed,1,cont_ttl_expired,ttl_expired,,,5.341,5.341,5.341,,,other,,False,,unknown,snapshot_missing,,,
5681,1787892912,MVLLUSDT,SHORT,ema_cross,ema_cross,1,,sl,wick,1787924528,26.57,28.18344827586207,23.343103448275862,28.18344827586207,-6.072443642687501,sl,-1.0,True,sl,unknown,snapshot_missing,,,
5768,1787892912,ASTEROIDUSDT,SHORT,ema_cross_confirmed,ema_cross_confirmed,1,cont_ttl_expired,ttl_expired,,,5.54e-05,5.54e-05,5.54e-05,,,other,,False,,unknown,snapshot_missing,,,
5769,1787892912,MVLLUSDT,SHORT,ema_cross_confirmed,ema_cross_confirmed,1,cont_ttl_expired,ttl_expired,,,26.57,26.57,26.57,,,other,,False,,unknown,snapshot_missing,,,
5686,1787893209,AXTIUSDT,SHORT,ema_cross,ema_cross,1,,tp,wick,1787932335,65.36,67.56137931034483,60.95724137931035,60.95724137931035,6.736166800320767,tp,1.9999999999999936,True,tp,unknown,snapshot_missing,,,
5770,1787893210,AXTIUSDT,SHORT,ema_cross_confirmed,ema_cross_confirmed,1,cont_ttl_expired,ttl_expired,,,65.36,65.36,65.36,,,other,,False,,unknown,snapshot_missing,,,
5785,1787894114,FLOCKUSDT,LONG,ema_cross_confirmed,ema_cross_confirmed,1,cont_ttl_expired,ttl_expired,,,0.03247,0.03247,0.03247,,,other,,False,,unknown,snapshot_missing,,,
5700,1787894355,BMTUSDT,LONG,overheated_early,overheated_early,1,,sl,wick,1787914633,0.02635,0.02323267857142857,0.032584642857142854,0.02323267857142857,-11.830441854161018,sl,-1.0,True,sl,unknown,snapshot_missing,,,
5701,1787894714,MRVLUSDT,SHORT,ema_cross,ema_cross,1,,sl,poll,1787924418,221.31,227.6003448275862,208.72931034482758,227.98,-3.013871944331475,sl,-1.0603552242078693,True,sl,unknown,snapshot_missing,,,
5789,1787894715,MRVLUSDT,SHORT,ema_cross_confirmed,ema_cross_confirmed,1,cont_ttl_expired,ttl_expired,,,221.31,221.31,221.31,,,other,,False,,unknown,snapshot_missing,,,
5707,1787897085,龙虾USDT,LONG,overheated_confirmed,overheated_confirmed,1,,tp,poll,1787905779,0.041086,0.03481471428571428,0.05362857142857143,0.053643,30.56272209511757,tp,2.002300735779859,True,tp,unknown,snapshot_missing,,,
5716,1787899659,HEMIUSDT,LONG,overheated_confirmed,overheated_confirmed,1,,sl,wick,1787905936,0.011896,0.010828482142857143,0.014031035714285715,0.010828482142857143,-8.973754683447018,sl,-1.0,True,sl,unknown,snapshot_missing,,,
5825,1787899967,HEMIUSDT,LONG,overheated_confirmed,overheated_confirmed,1,cont_ttl_expired,ttl_expired,,,0.01181,0.01181,0.01181,,,other,,False,,unknown,snapshot_missing,,,
5717,1787899970,HFTUSDT,LONG,overheated_early,overheated_early,1,,tp,poll,1787900381,0.00819,0.007634464285714285,0.009301071428571428,0.00932,13.797313797313807,tp,2.034072645451625,True,tp,unknown,snapshot_missing,,,
5828,1787900265,HFTUSDT,LONG,overheated_confirmed,overheated_confirmed,1,cont_ttl_expired,ttl_expired,,,0.00916,0.00916,0.00916,,,other,,False,,unknown,snapshot_missing,,,
5723,1787900440,HFTUSDT,LONG,overheated_confirmed,overheated_confirmed,1,,sl,poll,1787900562,0.0093,0.008744464285714286,0.010411071428571426,0.0086,-7.5268817204301,sl,-1.2600450016072011,True,sl,unknown,snapshot_missing,,,
5728,1787901469,GWEIUSDT,LONG,overheated_early,overheated_early,1,,sl,poll,1787929764,0.027853,0.02629080357142857,0.030977392857142856,0.026225,-5.844971816321406,sl,-1.0421224695083613,True,sl,unknown,snapshot_missing,,,
5839,1787902369,EDENUSDT,LONG,overheated_confirmed,overheated_confirmed,1,cont_ttl_expired,ttl_expired,,,0.06782,0.06782,0.06782,,,other,,False,,unknown,snapshot_missing,,,
5842,1787902976,GWEIUSDT,LONG,overheated_confirmed,overheated_confirmed,1,cont_ttl_expired,ttl_expired,,,0.028774,0.028774,0.028774,,,other,,False,,unknown,snapshot_missing,,,
5732,1787903141,GWEIUSDT,LONG,overheated_confirmed,overheated_confirmed,1,,sl,wick,1787911711,0.02874,0.02717780357142857,0.03186439285714286,0.02717780357142857,-5.435617357590223,sl,-1.0,True,sl,unknown,snapshot_missing,,,
5733,1787903283,HEMIUSDT,LONG,overheated_early,overheated_early,1,,tp,poll,1787929099,0.0112,0.010132482142857143,0.013335035714285714,0.013389,19.544642857142854,tp,2.050551178468075,True,tp,unknown,snapshot_missing,,,
5735,1787904038,HEIUSDT,LONG,overheated_confirmed,overheated_confirmed,1,,sl,poll,1787908937,0.16812,0.15613821428571428,0.1920835714285714,0.15569,-7.393528432072328,sl,-1.0374079704313097,True,sl,unknown,snapshot_missing,,,
5852,1787904174,HEIUSDT,LONG,overheated_confirmed,overheated_confirmed,1,cont_ttl_expired,ttl_expired,,,0.16481,0.16481,0.16481,,,other,,False,,unknown,snapshot_missing,,,
5736,1787904178,QUSDT,LONG,overheated_early,overheated_early,1,,sl,poll,1787904281,0.027111,0.025987285714285713,0.02935842857142857,0.025626,-5.477481465087973,sl,-1.3215102974828363,True,sl,unknown,snapshot_missing,,,
5853,1787904183,TRUMPUSDT,LONG,overheated_confirmed,overheated_confirmed,1,cont_ttl_expired,ttl_expired,,,2.793,2.793,2.793,,,other,,False,,unknown,snapshot_missing,,,
5855,1787904260,CROUSDT,SHORT,ema_cross_confirmed,ema_cross_confirmed,1,cont_ttl_expired,ttl_expired,,,0.0585,0.0585,0.0585,,,other,,False,,unknown,snapshot_missing,,,
5745,1787904545,XPDUSDT,LONG,ema_cross,ema_cross,1,,tp,poll,1787911917,1383.69,1368.7689655172414,1413.5320689655173,1413.65,2.1652248697323846,tp,2.0079036768274396,True,tp,unknown,snapshot_missing,,,
5863,1787904545,XPDUSDT,LONG,ema_cross_confirmed,ema_cross_confirmed,1,cont_ttl_expired,ttl_expired,,,1383.69,1383.69,1383.69,,,other,,False,,unknown,snapshot_missing,,,
5748,1787904851,MANTRAUSDT,LONG,ema_cross,ema_cross,1,,sl,wick,1787905463,0.00479,0.004658068965517241,0.0050538620689655174,0.004658068965517241,-2.7543013461953807,sl,-1.0,True,sl,unknown,snapshot_missing,,,
5749,1787904851,MNTUSDT,LONG,ema_cross,ema_cross,1,,sl,wick,1787926503,0.5229,0.5091310344827586,0.5504379310344828,0.5091310344827586,-2.6331928700021767,sl,-1.0,True,sl,unknown,snapshot_missing,,,
5867,1787904851,MANTRAUSDT,LONG,ema_cross_confirmed,ema_cross_confirmed,1,cont_ttl_expired,ttl_expired,,,0.00479,0.00479,0.00479,,,other,,False,,unknown,snapshot_missing,,,
5868,1787904852,MNTUSDT,LONG,ema_cross_confirmed,ema_cross_confirmed,1,cont_ttl_expired,ttl_expired,,,0.5229,0.5229,0.5229,,,other,,False,,unknown,snapshot_missing,,,
5750,1787905147,KAVAUSDT,LONG,ema_cross,ema_cross,1,,sl,wick,1787925998,0.0466,0.04574689655172414,0.048306206896551726,0.04574689655172414,-1.8306940950125787,sl,-1.0,True,sl,unknown,snapshot_missing,,,
5870,1787905149,KAVAUSDT,LONG,ema_cross_confirmed,ema_cross_confirmed,1,cont_ttl_expired,ttl_expired,,,0.0466,0.0466,0.0466,,,other,,False,,unknown,snapshot_missing,,,
5872,1787905452,NBISUSDT,SHORT,ema_cross_confirmed,ema_cross_confirmed,1,cont_ttl_expired,ttl_expired,,,213.41,213.41,213.41,,,other,,False,,unknown,snapshot_missing,,,
5754,1787905843,MNTUSDT,LONG,ema_cross_confirmed,ema_cross_confirmed,1,,sl,poll,1787943136,0.5263,0.5056465517241379,0.5676068965517242,0.5054,-3.971119133574013,sl,-1.0119375573921012,True,sl,unknown,snapshot_missing,,,
5759,1787906731,AEONUSDT,LONG,ema_cross_confirmed,ema_cross_confirmed,1,,tp,poll,1787963972,0.06365,0.059116896551724134,0.07271620689655173,0.07276,14.312647289866469,tp,2.009660733302906,True,tp,unknown,snapshot_missing,,,
5786,1787908534,EDENUSDT,LONG,overheated_confirmed,overheated_confirmed,1,,sl,poll,1787935680,0.07274,0.06767321428571428,0.08287357142857144,0.06672,-8.27605169095408,sl,-1.1881299781490082,True,sl,unknown,snapshot_missing,,,
5794,1787909432,MAGMAUSDT,LONG,overheated_confirmed,overheated_confirmed,1,,tp,poll,1787930575,0.3973,0.36504089285714286,0.46181821428571423,0.46251,16.413289705512206,tp,2.021444664020682,True,tp,unknown,snapshot_missing,,,
5795,1787909437,XPDUSDT,LONG,ema_cross_confirmed,ema_cross_confirmed,1,,tp,poll,1787922127,1394.37,1371.988448275862,1439.1331034482755,1440.27,3.291809204156723,tp,2.0507961452242998,True,tp,unknown,snapshot_missing,,,
5821,1787913936,MANTRAUSDT,LONG,ema_cross_confirmed,ema_cross_confirmed,1,,sl,wick,1787914844,0.005062,0.004864103448275862,0.005457793103448276,0.004864103448275862,-3.909453807272582,sl,-1.0,True,sl,unknown,snapshot_missing,,,
5822,1787913941,MANTRAUSDT,LONG,overheated_confirmed,overheated_confirmed,1,,sl,wick,1787914844,0.005062,0.004867964285714285,0.005450071428571428,0.004867964285714285,-3.833182818761642,sl,-1.0,True,sl,unknown,snapshot_missing,,,
5823,1787913942,CHILLGUYUSDT,LONG,overheated_confirmed,overheated_confirmed,1,,tp,wick,1787928194,0.014642,0.013805321428571429,0.016315357142857145,0.016315357142857145,11.42847386188461,tp,2.000000000000002,True,tp,unknown,snapshot_missing,,,
5826,1787914672,HFTUSDT,LONG,overheated_early,overheated_early,1,,sl,poll,1787955192,0.00761,0.006930714285714286,0.008968571428571428,0.00692,-9.067017082785805,sl,-1.0157728706624607,True,sl,unknown,snapshot_missing,,,
5827,1787914689,SKRUSDT,LONG,overheated_early,overheated_early,1,,sl,wick,1787921119,0.010699,0.010058392857142858,0.011980214285714285,0.010058392857142858,-5.987542226910389,sl,-1.0,True,sl,unknown,snapshot_missing,,,
5829,1787914966,CHIPUSDT,LONG,overheated_early,overheated_early,1,,sl,wick,1787974812,0.043,0.03987785714285714,0.04924428571428571,0.03987785714285714,-7.260797342192693,sl,-1.0,True,sl,unknown,snapshot_missing,,,
5961,1787914974,PROMUSDT,LONG,overheated_confirmed,overheated_confirmed,1,cont_ttl_expired,ttl_expired,,,5.334,5.334,5.334,,,other,,False,,unknown,snapshot_missing,,,
5834,1787915571,CHILLGUYUSDT,LONG,overheated_early,overheated_early,1,,tp,poll,1787928194,0.014479,0.013642321428571429,0.016152357142857142,0.016236,12.13481594032737,tp,2.099970119947069,True,tp,unknown,snapshot_missing,,,
5838,1787916539,CHIPUSDT,LONG,overheated_confirmed,overheated_confirmed,1,,sl,wick,1787974812,0.04289,0.03976785714285714,0.049134285714285714,0.03976785714285714,-7.279419112014124,sl,-1.0,True,sl,unknown,snapshot_missing,,,
5976,1787917314,CHILLGUYUSDT,LONG,overheated_confirmed,overheated_confirmed,1,cont_ttl_expired,ttl_expired,,,0.014613,0.014613,0.014613,,,other,,False,,unknown,snapshot_missing,,,
5843,1787917550,KAVAUSDT,LONG,ema_cross_confirmed,ema_cross_confirmed,1,,sl,wick,1787925998,0.04706,0.0457803448275862,0.04961931034482759,0.0457803448275862,-2.719199261397782,sl,-1.0,True,sl,unknown,snapshot_missing,,,
5978,1787917628,MANTRAUSDT,LONG,overheated_confirmed,overheated_confirmed,1,cont_ttl_expired,ttl_expired,,,0.004767,0.004767,0.004767,,,other,,False,,unknown,snapshot_missing,,,
5984,1787918522,LIGHTUSDT,LONG,overheated_confirmed,overheated_confirmed,1,cont_ttl_expired,ttl_expired,,,0.2244,0.2244,0.2244,,,other,,False,,unknown,snapshot_missing,,,
6002,1787918587,AVNTUSDT,SHORT,ema_cross_confirmed,ema_cross_confirmed,1,cont_ttl_expired,ttl_expired,,,0.1003,0.1003,0.1003,,,other,,False,,unknown,snapshot_missing,,,
6003,1787918587,ZROUSDT,SHORT,ema_cross_confirmed,ema_cross_confirmed,1,cont_ttl_expired,ttl_expired,,,1.138,1.138,1.138,,,other,,False,,unknown,snapshot_missing,,,
6006,1787918818,MAGMAUSDT,LONG,overheated_confirmed,overheated_confirmed,1,cont_ttl_expired,ttl_expired,,,0.42087,0.42087,0.42087,,,other,,False,,unknown,snapshot_missing,,,
6023,1787919118,CHIPUSDT,LONG,overheated_confirmed,overheated_confirmed,1,cont_ttl_expired,ttl_expired,,,0.04394,0.04394,0.04394,,,other,,False,,unknown,snapshot_missing,,,
5864,1787919177,BILLUSDT,LONG,ema_cross,ema_cross,1,,sl,wick,1787921656,0.02137,0.020844827586206895,0.022420344827586206,0.020844827586206895,-2.457521824020144,sl,-1.0,True,sl,unknown,snapshot_missing,,,
5865,1787919178,COWUSDT,LONG,ema_cross,ema_cross,1,,sl,poll,1787934317,0.1217,0.11705172413793104,0.13099655172413793,0.1168,-4.026294165981924,sl,-1.0541543026706235,True,sl,unknown,snapshot_missing,,,
6030,1787919178,BILLUSDT,LONG,ema_cross_confirmed,ema_cross_confirmed,1,cont_ttl_expired,ttl_expired,,,0.02137,0.02137,0.02137,,,other,,False,,unknown,snapshot_missing,,,
6031,1787919179,COWUSDT,LONG,ema_cross_confirmed,ema_cross_confirmed,1,cont_ttl_expired,ttl_expired,,,0.1217,0.1217,0.1217,,,other,,False,,unknown,snapshot_missing,,,
6032,1787919179,PLAYUSDT,SHORT,ema_cross_confirmed,ema_cross_confirmed,1,cont_ttl_expired,ttl_expired,,,0.0367,0.0367,0.0367,,,other,,False,,unknown,snapshot_missing,,,
5869,1787919372,BILLUSDT,LONG,ema_cross_confirmed,ema_cross_confirmed,1,,sl,wick,1787924305,0.02142,0.020632241379310346,0.022995517241379312,0.020632241379310346,-3.6776779677388207,sl,-1.0,True,sl,unknown,snapshot_missing,,,
6041,1787919717,UBUSDT,LONG,overheated_confirmed,overheated_confirmed,1,cont_ttl_expired,ttl_expired,,,0.13508,0.13508,0.13508,,,other,,False,,unknown,snapshot_missing,,,
5874,1787920328,MANTRAUSDT,LONG,overheated_early,overheated_early,1,,sl,wick,1787924829,0.004796,0.004565535714285714,0.005256928571428571,0.004565535714285714,-4.805343738829985,sl,-1.0,True,sl,unknown,snapshot_missing,,,
6074,1787922722,BASUSDT,LONG,overheated_confirmed,overheated_confirmed,1,cont_ttl_expired,ttl_expired,,,0.028834,0.028834,0.028834,,,other,,False,,unknown,snapshot_missing,,,
5884,1787922770,BASUSDT,LONG,overheated_confirmed,overheated_confirmed,1,,sl,wick,1787934924,0.028792,0.02653482142857143,0.03330635714285715,0.02653482142857143,-7.839603262811104,sl,-1.0,True,sl,unknown,snapshot_missing,,,
6083,1787925427,LABUSDT,LONG,overheated_confirmed,overheated_confirmed,1,cont_ttl_expired,ttl_expired,,,0.07975,0.07975,0.07975,,,other,,False,,unknown,snapshot_missing,,,
5896,1787925684,LABUSDT,LONG,overheated_confirmed,overheated_confirmed,1,,sl,poll,1787934432,0.07972,0.07482839285714286,0.08950321428571427,0.07302,-8.404415454089309,sl,-1.3696929872595205,True,sl,unknown,snapshot_missing,,,
5941,1787928344,CHILLGUYUSDT,LONG,overheated_confirmed,overheated_confirmed,1,,sl,wick,1787928553,0.016094,0.015257321428571429,0.017349017857142858,0.015257321428571429,-5.198698716469314,sl,-1.0,True,sl,unknown,snapshot_missing,,,
5946,1787929243,LIGHTUSDT,LONG,overheated_confirmed,overheated_confirmed,1,,sl,wick,1787934432,0.2383,0.22465000000000002,0.2656,0.22465000000000002,-5.728073856483422,sl,-1.0,True,sl,unknown,snapshot_missing,,,
5968,1787930235,CHILLGUYUSDT,LONG,overheated_early,overheated_early,1,,sl,poll,1787933017,0.014971,0.014076678571428572,0.01675964285714286,0.013996,-6.512591009284618,sl,-1.0902120522343361,True,sl,unknown,snapshot_missing,,,
5979,1787932087,DEXEUSDT,LONG,overheated_confirmed,overheated_confirmed,1,,sl,wick,1787932139,2.209,2.152,2.323,2.152,-2.5803531009506537,sl,-1.0,True,sl,unknown,snapshot_missing,,,
5980,1787932325,HEMIUSDT,LONG,overheated_early,overheated_early,1,,sl,wick,1787936883,0.012636,0.011373589285714285,0.01516082142857143,0.011373589285714285,-9.990588115588114,sl,-1.0,True,sl,unknown,snapshot_missing,,,
6127,1787933004,USELESSUSDT,SHORT,ema_cross_confirmed,ema_cross_confirmed,1,cont_ttl_expired,ttl_expired,,,0.06232,0.06232,0.06232,,,other,,False,,unknown,snapshot_missing,,,
6128,1787933005,KAIAUSDT,SHORT,ema_cross_confirmed,ema_cross_confirmed,1,cont_ttl_expired,ttl_expired,,,0.03094,0.03094,0.03094,,,other,,False,,unknown,snapshot_missing,,,
6129,1787933005,AAOIUSDT,SHORT,ema_cross_confirmed,ema_cross_confirmed,1,cont_ttl_expired,ttl_expired,,,105.81,105.81,105.81,,,other,,False,,unknown,snapshot_missing,,,
6130,1787933006,ALTUSDT,SHORT,ema_cross_confirmed,ema_cross_confirmed,1,cont_ttl_expired,ttl_expired,,,0.006268,0.006268,0.006268,,,other,,False,,unknown,snapshot_missing,,,
6131,1787933006,MEMEUSDT,SHORT,ema_cross_confirmed,ema_cross_confirmed,1,cont_ttl_expired,ttl_expired,,,0.0005344,0.0005344,0.0005344,,,other,,False,,unknown,snapshot_missing,,,
6137,1787933222,EDENUSDT,LONG,overheated_confirmed,overheated_confirmed,1,cont_ttl_expired,ttl_expired,,,0.07166,0.07166,0.07166,,,other,,False,,unknown,snapshot_missing,,,
6015,1787933315,ICPUSDT,SHORT,ema_cross,ema_cross,1,,sl,poll,1787975302,2.363,2.4209655172413793,2.2470689655172413,2.421,-2.4545069826491677,sl,-1.0005948839976173,True,sl,unknown,snapshot_missing,,,
6138,1787933315,PTBUSDT,SHORT,ema_cross_confirmed,ema_cross_confirmed,1,cont_ttl_expired,ttl_expired,,,0.0007679,0.0007679,0.0007679,,,other,,False,,unknown,snapshot_missing,,,
6139,1787933316,ICPUSDT,SHORT,ema_cross_confirmed,ema_cross_confirmed,1,cont_ttl_expired,ttl_expired,,,2.363,2.363,2.363,,,other,,False,,unknown,snapshot_missing,,,
6140,1787933316,NOTUSDT,SHORT,ema_cross_confirmed,ema_cross_confirmed,1,cont_ttl_expired,ttl_expired,,,0.0004069,0.0004069,0.0004069,,,other,,False,,unknown,snapshot_missing,,,
6018,1787933317,TAGUSDT,SHORT,ema_cross,ema_cross,1,,sl,poll,1787939711,0.000795,0.000820348275862069,0.000744303448275862,0.0008214,-3.320754716981131,sl,-1.0414909536117523,True,sl,unknown,snapshot_missing,,,
6141,1787933317,AEROUSDT,SHORT,ema_cross_confirmed,ema_cross_confirmed,1,cont_ttl_expired,ttl_expired,,,0.5012,0.5012,0.5012,,,other,,False,,unknown,snapshot_missing,,,
6142,1787933317,TAGUSDT,SHORT,ema_cross_confirmed,ema_cross_confirmed,1,cont_ttl_expired,ttl_expired,,,0.000795,0.000795,0.000795,,,other,,False,,unknown,snapshot_missing,,,
6143,1787933318,USARUSDT,SHORT,ema_cross_confirmed,ema_cross_confirmed,1,cont_ttl_expired,ttl_expired,,,18.02,18.02,18.02,,,other,,False,,unknown,snapshot_missing,,,
6144,1787933318,TERUSDT,SHORT,ema_cross_confirmed,ema_cross_confirmed,1,cont_ttl_expired,ttl_expired,,,355.2,355.2,355.2,,,other,,False,,unknown,snapshot_missing,,,
6148,1787933608,PIPPINUSDT,SHORT,ema_cross_confirmed,ema_cross_confirmed,1,cont_ttl_expired,ttl_expired,,,0.01851,0.01851,0.01851,,,other,,False,,unknown,snapshot_missing,,,
6036,1787933771,ICPUSDT,SHORT,ema_cross_confirmed,ema_cross_confirmed,1,,sl,poll,1787994968,2.353,2.468931034482759,2.121137931034483,2.47,-4.972375690607734,sl,-1.0092207019631168,True,sl,unknown,snapshot_missing,,,
6044,1787934741,AKEUSDT,LONG,overheated_early,overheated_early,1,,tp,wick,1787956777,0.0080237,0.006715383928571428,0.010640332142857142,0.010640332142857142,32.61129083661081,tp,1.9999999999999987,True,tp,unknown,snapshot_missing,,,
6049,1787935129,ROBOUSDT,LONG,ema_cross,ema_cross,1,,tp,poll,1788003802,0.0141,0.013694827586206897,0.014910344827586207,0.01494,5.957446808510642,tp,2.073191489361707,True,tp,unknown,snapshot_missing,,,
6156,1787935130,ROBOUSDT,LONG,ema_cross_confirmed,ema_cross_confirmed,1,cont_ttl_expired,ttl_expired,,,0.0141,0.0141,0.0141,,,other,,False,,unknown,snapshot_missing,,,
6050,1787935545,DEXEUSDT,LONG,overheated_confirmed,overheated_confirmed,1,,sl,poll,1787936033,2.42,2.363,2.5054999999999996,2.36,-2.479338842975209,sl,-1.0526315789473704,True,sl,unknown,snapshot_missing,,,
6162,1787937525,RAVEUSDT,SHORT,ema_cross_confirmed,ema_cross_confirmed,1,cont_ttl_expired,ttl_expired,,,0.2666,0.2666,0.2666,,,other,,False,,unknown,snapshot_missing,,,
6170,1787940040,UBUSDT,LONG,overheated_confirmed,overheated_confirmed,1,cont_ttl_expired,ttl_expired,,,0.13727,0.13727,0.13727,,,other,,False,,unknown,snapshot_missing,,,
6169,1787940047,LIGHTUSDT,LONG,overheated_confirmed,overheated_confirmed,1,cont_ttl_expired,ttl_expired,,,0.2239,0.2239,0.2239,,,other,,False,,unknown,snapshot_missing,,,
6092,1787942735,RAVEUSDT,SHORT,ema_cross_confirmed,ema_cross_confirmed,1,,sl,poll,1788008443,0.2591,0.27127241379310346,0.23475517241379307,0.2716,-4.824392126592054,sl,-1.0269121813031157,True,sl,unknown,snapshot_missing,,,
6178,1787943316,DEXEUSDT,LONG,overheated_confirmed,overheated_confirmed,1,cont_ttl_expired,ttl_expired,,,2.255,2.255,2.255,,,other,,False,,unknown,snapshot_missing,,,
6181,1787943926,MAGMAUSDT,LONG,overheated_confirmed,overheated_confirmed,1,cont_ttl_expired,ttl_expired,,,0.48162,0.48162,0.48162,,,other,,False,,unknown,snapshot_missing,,,
6109,1787945420,DEXEUSDT,LONG,overheated_early,overheated_early,1,,sl,wick,1787946611,2.267,2.194517857142857,2.4119642857142853,2.194517857142857,-3.1972714096666492,sl,-1.0,True,sl,unknown,snapshot_missing,,,
6110,1787945450,AKEUSDT,LONG,overheated_confirmed,overheated_confirmed,1,,tp,wick,1787975831,0.0092329,0.007924583928571429,0.011849532142857144,0.011849532142857144,28.340306326908593,tp,2.0,True,tp,unknown,snapshot_missing,,,
6113,1787946347,ROBOUSDT,LONG,ema_cross_confirmed,ema_cross_confirmed,1,,sl,poll,1788023487,0.01443,0.013822241379310344,0.01564551724137931,0.01304,-9.632709632709638,sl,-2.2870921985815587,True,sl,unknown,snapshot_missing,,,
6114,1787946356,MAGMAUSDT,LONG,overheated_confirmed,overheated_confirmed,1,,sl,poll,1788002503,0.51324,0.47598482142857146,0.5877503571428572,0.47515,-7.4214792299898695,sl,-1.0224081982849942,True,sl,unknown,snapshot_missing,,,
6123,1787947286,ENSOUSDT,LONG,ema_cross,ema_cross,1,,tp,wick,1788007768,0.863,0.8372275862068965,0.9145448275862069,0.9145448275862069,5.97274943061494,tp,2.0,True,tp,unknown,snapshot_missing,,,
6135,1787947594,RIFUSDT,SHORT,ema_cross,ema_cross,1,,tp,poll,1788003628,0.07634,0.07854827586206897,0.07192344827586207,0.07191,5.802986638721513,tp,2.0060899437851343,True,tp,unknown,snapshot_missing,,,
6145,1787947890,OPGUSDT,SHORT,ema_cross,ema_cross,1,,sl,poll,1787965100,0.0857,0.08855172413793103,0.07999655172413793,0.0887,-3.500583430571765,sl,-1.0519951632406321,True,sl,unknown,snapshot_missing,,,
6151,1787948188,SAGAUSDT,SHORT,ema_cross,ema_cross,1,,sl,wick,1787956210,0.01466,0.015084827586206896,0.013810344827586207,0.015084827586206896,-2.8978689372912445,sl,-1.0,True,sl,unknown,snapshot_missing,,,
6153,1787948496,LAUSDT,SHORT,ema_cross,ema_cross,1,,sl,poll,1787970482,0.05444,0.05618,0.050960000000000005,0.05618,-3.1961792799412168,sl,-1.0,True,sl,unknown,snapshot_missing,,,
6155,1787949088,TURBOUSDT,LONG,ema_cross,ema_cross,1,,sl,poll,1787969920,0.0011197,0.0010756793103448275,0.0012077413793103449,0.0010577,-5.537197463606322,sl,-1.408428638571203,True,sl,unknown,snapshot_missing,,,
6168,1787954439,LIGHTUSDT,LONG,overheated_early,overheated_early,1,,sl,wick,1787955393,0.2165,0.19935178571428572,0.2507964285714286,0.19935178571428572,-7.920653249752554,sl,-1.0,True,sl,unknown,snapshot_missing,,,
6171,1787955324,DEXEUSDT,LONG,overheated_confirmed,overheated_confirmed,1,,tp,wick,1787967608,2.45,2.3775178571428572,2.594964285714286,2.594964285714286,5.91690962099126,tp,2.0,True,tp,unknown,snapshot_missing,,,
6233,1787964156,NILUSDT,LONG,overheated_confirmed,overheated_confirmed,1,cont_ttl_expired,ttl_expired,,,0.0499,0.0499,0.0499,,,other,,False,,unknown,snapshot_missing,,,
6232,1787964159,DEXEUSDT,LONG,overheated_confirmed,overheated_confirmed,1,cont_ttl_expired,ttl_expired,,,2.446,2.446,2.446,,,other,,False,,unknown,snapshot_missing,,,
6185,1787964220,CYSUSDT,SHORT,ema_cross,ema_cross,1,,sl,poll,1788006775,0.5874,0.6425758620689656,0.477048275862069,0.6491,-10.503915560095331,sl,-1.1182426098368847,True,sl,unknown,snapshot_missing,,,
6234,1787964220,BMNRUSDT,SHORT,ema_cross_confirmed,ema_cross_confirmed,1,cont_ttl_expired,ttl_expired,,,23.75,23.75,23.75,,,other,,False,,unknown,snapshot_missing,,,
6235,1787964220,CYSUSDT,SHORT,ema_cross_confirmed,ema_cross_confirmed,1,cont_ttl_expired,ttl_expired,,,0.5874,0.5874,0.5874,,,other,,False,,unknown,snapshot_missing,,,
6236,1787964221,RUNEUSDT,SHORT,ema_cross_confirmed,ema_cross_confirmed,1,cont_ttl_expired,ttl_expired,,,0.4773,0.4773,0.4773,,,other,,False,,unknown,snapshot_missing,,,
6237,1787964221,MIRAUSDT,SHORT,ema_cross_confirmed,ema_cross_confirmed,1,cont_ttl_expired,ttl_expired,,,0.04119,0.04119,0.04119,,,other,,False,,unknown,snapshot_missing,,,
6238,1787964720,龙虾USDT,LONG,overheated_confirmed,overheated_confirmed,1,cont_ttl_expired,ttl_expired,,,0.064649,0.064649,0.064649,,,other,,False,,unknown,snapshot_missing,,,
6193,1787964818,AKEUSDT,LONG,ema_cross,ema_cross,1,,sl,poll,1787978790,0.0108657,0.009910468965517243,0.012776162068965518,0.0099003,-8.88483944890803,sl,-1.0106455560489076,True,sl,unknown,snapshot_missing,,,
6239,1787964818,CRCLXUSDT,SHORT,ema_cross_confirmed,ema_cross_confirmed,1,cont_ttl_expired,ttl_expired,,,87.28,87.28,87.28,,,other,,False,,unknown,snapshot_missing,,,
6240,1787964819,AKEUSDT,LONG,ema_cross_confirmed,ema_cross_confirmed,1,cont_ttl_expired,ttl_expired,,,0.0108657,0.0108657,0.0108657,,,other,,False,,unknown,snapshot_missing,,,
6241,1787964819,SOXLUSDT,SHORT,ema_cross_confirmed,ema_cross_confirmed,1,cont_ttl_expired,ttl_expired,,,111.51,111.51,111.51,,,other,,False,,unknown,snapshot_missing,,,
6244,1787965120,EULUSDT,SHORT,ema_cross_confirmed,ema_cross_confirmed,1,cont_ttl_expired,ttl_expired,,,1.3792,1.3792,1.3792,,,other,,False,,unknown,snapshot_missing,,,
6245,1787965120,TACUSDT,SHORT,ema_cross_confirmed,ema_cross_confirmed,1,cont_ttl_expired,ttl_expired,,,0.00234,0.00234,0.00234,,,other,,False,,unknown,snapshot_missing,,,
6251,1787965658,MAGMAUSDT,LONG,overheated_confirmed,overheated_confirmed,1,cont_ttl_expired,ttl_expired,,,0.53916,0.53916,0.53916,,,other,,False,,unknown,snapshot_missing,,,
6255,1787966244,AKEUSDT,LONG,overheated_confirmed,overheated_confirmed,1,cont_ttl_expired,ttl_expired,,,0.0104568,0.0104568,0.0104568,,,other,,False,,unknown,snapshot_missing,,,
6260,1787968918,DOSUSDT,LONG,overheated_confirmed,overheated_confirmed,1,cont_ttl_expired,ttl_expired,,,0.2771,0.2771,0.2771,,,other,,False,,unknown,snapshot_missing,,,
6203,1787969755,DOSUSDT,LONG,overheated_confirmed,overheated_confirmed,1,,sl,poll,1787980389,0.2916,0.27807857142857145,0.31864285714285717,0.2736,-6.172839506172845,sl,-1.3312202852614907,True,sl,unknown,snapshot_missing,,,
6205,1787971613,AEONUSDT,LONG,overheated_early,overheated_early,1,,sl,poll,1787992328,0.07034,0.06533803571428572,0.08034392857142857,0.06467,-8.060847313050889,sl,-1.1335546749491265,True,sl,unknown,snapshot_missing,,,
6207,1787972490,NILUSDT,LONG,overheated_early,overheated_early,1,,tp,wick,1788009338,0.0489,0.046136785714285714,0.05442642857142857,0.05442642857142857,11.301489921121822,tp,2.0,True,tp,unknown,snapshot_missing,,,
6215,1787974257,HNTUSDT,LONG,overheated_confirmed,overheated_confirmed,1,,tp,wick,1787984392,0.2579,0.23773035714285717,0.2982392857142857,0.2982392857142857,15.641444635240669,tp,2.0,True,tp,unknown,snapshot_missing,,,
6219,1787976020,AKEUSDT,LONG,overheated_confirmed,overheated_confirmed,1,,sl,poll,1787978790,0.0114681,0.009999498214285715,0.01440530357142857,0.0099003,-13.670965547911157,sl,-1.0675460259211567,True,sl,unknown,snapshot_missing,,,
6220,1787976044,AKEUSDT,LONG,ema_cross_confirmed,ema_cross_confirmed,1,,sl,poll,1787978790,0.0114681,0.010035253448275862,0.014333793103448277,0.0099003,-13.670965547911157,sl,-1.0941855553991264,True,sl,unknown,snapshot_missing,,,
6222,1787976173,SIRENUSDT,LONG,ema_cross,ema_cross,1,,sl,wick,1787978050,0.03187,0.030820689655172415,0.03396862068965518,0.030820689655172415,-3.2924704889475613,sl,-1.0,True,sl,unknown,snapshot_missing,,,
6223,1787976173,BEATUSDT,LONG,ema_cross,ema_cross,1,,tp,poll,1787982218,0.1327,0.12566896551724138,0.14676206896551725,0.1484,11.831198191409186,tp,2.2329573320254985,True,tp,unknown,snapshot_missing,,,
6288,1787976173,ESPORTSUSDT,LONG,ema_cross_confirmed,ema_cross_confirmed,1,cont_ttl_expired,ttl_expired,,,0.01503,0.01503,0.01503,,,other,,False,,unknown,snapshot_missing,,,
6289,1787976173,SIRENUSDT,LONG,ema_cross_confirmed,ema_cross_confirmed,1,cont_ttl_expired,ttl_expired,,,0.03187,0.03187,0.03187,,,other,,False,,unknown,snapshot_missing,,,
6290,1787976174,BEATUSDT,LONG,ema_cross_confirmed,ema_cross_confirmed,1,cont_ttl_expired,ttl_expired,,,0.1327,0.1327,0.1327,,,other,,False,,unknown,snapshot_missing,,,
6292,1787976477,ARMUSDT,SHORT,ema_cross_confirmed,ema_cross_confirmed,1,cont_ttl_expired,ttl_expired,,,239.9,239.9,239.9,,,other,,False,,unknown,snapshot_missing,,,
6293,1787976477,LINKUSDT,SHORT,ema_cross_confirmed,ema_cross_confirmed,1,cont_ttl_expired,ttl_expired,,,11.338,11.338,11.338,,,other,,False,,unknown,snapshot_missing,,,
6294,1787976478,MUBARAKUSDT,LONG,ema_cross_confirmed,ema_cross_confirmed,1,cont_ttl_expired,ttl_expired,,,0.02234,0.02234,0.02234,,,other,,False,,unknown,snapshot_missing,,,
6229,1787976773,BANKUSDT,LONG,ema_cross,ema_cross,1,,sl,wick,1787980290,0.03675,0.03585758620689655,0.03853482758620689,0.03585758620689655,-2.428336851982165,sl,-1.0,True,sl,unknown,snapshot_missing,,,
6297,1787976773,BANKUSDT,LONG,ema_cross_confirmed,ema_cross_confirmed,1,cont_ttl_expired,ttl_expired,,,0.03675,0.03675,0.03675,,,other,,False,,unknown,snapshot_missing,,,
6230,1787976814,BANKUSDT,LONG,ema_cross_confirmed,ema_cross_confirmed,1,,sl,poll,1787979310,0.0375,0.03616137931034483,0.04017724137931034,0.03616,-3.573333333333336,sl,-1.0010303967027316,True,sl,unknown,snapshot_missing,,,
6242,1787979403,DEXEUSDT,LONG,overheated_early,overheated_early,1,,sl,wick,1788004006,2.377,2.2528214285714285,2.6253571428571423,2.2528214285714285,-5.224172125728702,sl,-1.0,True,sl,unknown,snapshot_missing,,,
6246,1787979628,BEATUSDT,LONG,ema_cross_confirmed,ema_cross_confirmed,1,,tp,wick,1787991663,0.1387,0.12815344827586206,0.15979310344827585,0.15979310344827585,15.207716977848497,tp,2.0,True,tp,unknown,snapshot_missing,,,
6248,1787979760,BEATUSDT,LONG,overheated_confirmed,overheated_confirmed,1,,tp,wick,1787989356,0.1387,0.12856964285714284,0.1589607142857143,0.1589607142857143,14.607580595323936,tp,2.0,True,tp,unknown,snapshot_missing,,,
6253,1787980604,MAGMAUSDT,LONG,overheated_early,overheated_early,1,,sl,poll,1788003077,0.51631,0.4700071428571429,0.6089157142857143,0.4663,-9.686041331758062,sl,-1.0800629396519819,True,sl,unknown,snapshot_missing,,,
6322,1787983451,BLESSUSDT,LONG,overheated_confirmed,overheated_confirmed,1,cont_ttl_expired,ttl_expired,,,0.011989,0.011989,0.011989,,,other,,False,,unknown,snapshot_missing,,,
6262,1787983511,KNCUSDT,LONG,ema_cross,ema_cross,1,,sl,wick,1787984096,0.1227,0.12045862068965517,0.12718275862068967,0.12045862068965517,-1.8267150043560185,sl,-1.0,True,sl,unknown,snapshot_missing,,,
6323,1787983512,KNCUSDT,LONG,ema_cross_confirmed,ema_cross_confirmed,1,cont_ttl_expired,ttl_expired,,,0.1227,0.1227,0.1227,,,other,,False,,unknown,snapshot_missing,,,
6270,1787985043,HNTUSDT,LONG,overheated_confirmed,overheated_confirmed,1,,sl,wick,1787985932,0.3136,0.29343035714285715,0.33376964285714283,0.29343035714285715,-6.431646319241978,sl,-1.0,True,sl,unknown,snapshot_missing,,,
6271,1787985045,BLESSUSDT,LONG,overheated_confirmed,overheated_confirmed,1,,sl,poll,1787994060,0.0127,0.01154692857142857,0.015006142857142857,0.011472,-9.669291338582678,sl,-1.064981725825435,True,sl,unknown,snapshot_missing,,,
6351,1787990402,ONGUSDT,LONG,overheated_confirmed,overheated_confirmed,1,cont_ttl_expired,ttl_expired,,,0.1252,0.1252,0.1252,,,other,,False,,unknown,snapshot_missing,,,
6283,1787990469,HUMAUSDT,SHORT,ema_cross,ema_cross,1,,sl,poll,1788031898,0.02069,0.021761379310344827,0.018547241379310346,0.02208,-6.718221362977279,sl,-1.2973929835854519,True,sl,unknown,snapshot_missing,,,
6352,1787990469,HUMAUSDT,SHORT,ema_cross_confirmed,ema_cross_confirmed,1,cont_ttl_expired,ttl_expired,,,0.02069,0.02069,0.02069,,,other,,False,,unknown,snapshot_missing,,,
6353,1787990469,PARTIUSDT,LONG,ema_cross_confirmed,ema_cross_confirmed,1,cont_ttl_expired,ttl_expired,,,0.02516,0.02516,0.02516,,,other,,False,,unknown,snapshot_missing,,,
6354,1787990470,UPUSDT,SHORT,ema_cross_confirmed,ema_cross_confirmed,1,cont_ttl_expired,ttl_expired,,,0.4719,0.4719,0.4719,,,other,,False,,unknown,snapshot_missing,,,
6355,1787990470,TAOUSDT,SHORT,ema_cross_confirmed,ema_cross_confirmed,1,cont_ttl_expired,ttl_expired,,,232.6,232.6,232.6,,,other,,False,,unknown,snapshot_missing,,,
6356,1787990471,WIFUSDT,SHORT,ema_cross_confirmed,ema_cross_confirmed,1,cont_ttl_expired,ttl_expired,,,0.2001,0.2001,0.2001,,,other,,False,,unknown,snapshot_missing,,,
6365,1787990703,NILUSDT,LONG,overheated_confirmed,overheated_confirmed,1,cont_ttl_expired,ttl_expired,,,0.05105,0.05105,0.05105,,,other,,False,,unknown,snapshot_missing,,,
6295,1787991067,GRASSUSDT,SHORT,ema_cross,ema_cross,1,,sl,poll,1788023903,0.3468,0.3634896551724138,0.3134206896551724,0.364,-4.959630911188003,sl,-1.0305785123966948,True,sl,unknown,snapshot_missing,,,
6371,1787991067,GRASSUSDT,SHORT,ema_cross_confirmed,ema_cross_confirmed,1,cont_ttl_expired,ttl_expired,,,0.3468,0.3468,0.3468,,,other,,False,,unknown,snapshot_missing,,,
6299,1787991355,KNCUSDT,LONG,ema_cross_confirmed,ema_cross_confirmed,1,,sl,poll,1787997403,0.1249,0.12153793103448275,0.1316241379310345,0.1199,-4.0032025620496325,sl,-1.4871794871794826,True,sl,unknown,snapshot_missing,,,
6387,1787995211,BEATUSDT,LONG,overheated_confirmed,overheated_confirmed,1,cont_ttl_expired,ttl_expired,,,0.1577,0.1577,0.1577,,,other,,False,,unknown,snapshot_missing,,,
6315,1787995800,NILUSDT,LONG,overheated_confirmed,overheated_confirmed,1,,sl,poll,1787997699,0.05094,0.04792821428571428,0.05696357142857143,0.04769,-6.380054966627397,sl,-1.0790940353373628,True,sl,unknown,snapshot_missing,,,
6333,1788000304,USUSDT,LONG,overheated_confirmed,overheated_confirmed,1,,sl,poll,1788005212,0.020137,0.018549035714285712,0.02331292857142857,0.018314,-9.05298703878432,sl,-1.1480107055304396,True,sl,unknown,snapshot_missing,,,
6372,1788005509,COLLECTUSDT,LONG,ema_cross,ema_cross,1,,sl,poll,1788025018,0.07625,0.0718844827586207,0.08498103448275862,0.07081,-7.134426229508198,sl,-1.2461295418641407,True,sl,unknown,snapshot_missing,,,
6426,1788010732,HNTUSDT,LONG,overheated_confirmed,overheated_confirmed,1,cont_ttl_expired,ttl_expired,,,0.3697,0.3697,0.3697,,,other,,False,,unknown,snapshot_missing,,,
6427,1788010751,NILUSDT,LONG,overheated_confirmed,overheated_confirmed,1,cont_ttl_expired,ttl_expired,,,0.05697,0.05697,0.05697,,,other,,False,,unknown,snapshot_missing,,,
6428,1788010754,OUSDT,LONG,overheated_confirmed,overheated_confirmed,1,cont_ttl_expired,ttl_expired,,,0.5174,0.5174,0.5174,,,other,,False,,unknown,snapshot_missing,,,
6429,1788010757,CLOUSDT,LONG,overheated_confirmed,overheated_confirmed,1,cont_ttl_expired,ttl_expired,,,0.11969,0.11969,0.11969,,,other,,False,,unknown,snapshot_missing,,,
6389,1788010802,NILUSDT,LONG,overheated_confirmed,overheated_confirmed,1,,sl,wick,1788023487,0.0575,0.054307678571428576,0.06388464285714285,0.054307678571428576,-5.551863354037263,sl,-1.0,True,sl,unknown,snapshot_missing,,,
6409,1788023871,OPGUSDT,LONG,ema_cross,ema_cross,1,,sl,wick,1788025079,0.0998,0.09666896551724138,0.10606206896551724,0.09666896551724138,-3.1373091009605365,sl,-1.0,True,sl,unknown,snapshot_missing,,,
