id,ts_open,ts_open_utc,symbol,direction,alert_type,entry_price,sl_price,tp_price,outcome,exit_ts,exit_ts_utc,r,reason,opposite_within_60m,opposite_ts,opposite_alert_type,range_24h_pct,range_bucket,status_existing,ts_close_existing,exit_price_existing
668,1786303310,2026-08-09T19:21:50+00:00,MAGMAUSDT,LONG,oversold_24h,0.195,0.190125,0.2028,sl_first,1786319100,2026-08-09T23:45:00+00:00,-1.0,stop_touch,no,,,23.2477,below_50%,sl,1786334550,0.18635
670,1786303316,2026-08-09T19:21:56+00:00,SLXUSDT,LONG,oversold_24h,0.07835,0.07639125000000001,0.081484,sl_first,1786320900,2026-08-10T00:15:00+00:00,-1.0,stop_touch,no,,,15.5889,below_50%,sl,1786342667,0.07607
671,1786303348,2026-08-09T19:22:28+00:00,RIVERUSDT,LONG,oversold_24h,2.659,2.5925249999999997,2.76536,sl_first,1786318200,2026-08-09T23:30:00+00:00,-1.0,stop_touch,no,,,14.5913,below_50%,tp,1786350891,2.766
673,1786303895,2026-08-09T19:31:35+00:00,MAGMAUSDT,LONG,oversold_24h,0.19433,0.18947175,0.2021032,sl_first,1786320000,2026-08-10T00:00:00+00:00,-1.0,stop_touch,no,,,23.2477,below_50%,sl,1786334550,0.18635
675,1786303908,2026-08-09T19:31:48+00:00,SLXUSDT,LONG,oversold_24h,0.07795,0.07600125,0.08106800000000002,sl_first,1786320900,2026-08-10T00:15:00+00:00,-1.0,stop_touch,no,,,15.2425,below_50%,sl,1786353233,0.076
676,1786303914,2026-08-09T19:31:54+00:00,GWEIUSDT,LONG,oversold_24h,0.021428,0.0208923,0.02228512,tp_first,1786326300,2026-08-10T01:45:00+00:00,1.5999999999999988,target_touch,no,,,27.8259,below_50%,tp,1786334550,0.024126
677,1786303954,2026-08-09T19:32:34+00:00,RIVERUSDT,LONG,oversold_24h,2.66,2.5935,2.7664000000000004,sl_first,1786318200,2026-08-09T23:30:00+00:00,-1.0,stop_touch,no,,,14.5913,below_50%,tp,1786351340,2.774
678,1786304481,2026-08-09T19:41:21+00:00,GWEIUSDT,LONG,oversold_24h,0.021312,0.0207792,0.02216448,tp_first,1786324500,2026-08-10T01:15:00+00:00,1.5999999999999988,target_touch,no,,,27.8259,below_50%,tp,1786334550,0.024126
679,1786304494,2026-08-09T19:41:34+00:00,MAGMAUSDT,LONG,oversold_24h,0.19376,0.18891599999999997,0.2015104,sl_first,1786320000,2026-08-10T00:00:00+00:00,-1.0,stop_touch,no,,,23.2477,below_50%,sl,1786334550,0.18635
680,1786304540,2026-08-09T19:42:20+00:00,BOMEUSDT,LONG,overheated_24h,0.000781,0.000761475,0.00081224,tp_first,1786306500,2026-08-09T20:15:00+00:00,1.5999999999999945,target_touch,no,,,27.0257,below_50%,tp,1786306027,0.0008123
681,1786304558,2026-08-09T19:42:38+00:00,RIVERUSDT,LONG,oversold_24h,2.656,2.5896,2.7622400000000003,sl_first,1786318200,2026-08-09T23:30:00+00:00,-1.0,stop_touch,no,,,14.5913,below_50%,tp,1786350831,2.764
683,1786304587,2026-08-09T19:43:07+00:00,SLXUSDT,LONG,oversold_24h,0.07766,0.07571850000000001,0.08076640000000002,sl_first,1786322700,2026-08-10T00:45:00+00:00,-1.0,stop_touch,no,,,15.2425,below_50%,sl,1786432115,0.07567
685,1786305107,2026-08-09T19:51:47+00:00,RIVERUSDT,LONG,oversold_24h,2.651,2.5847249999999997,2.75704,sl_first,1786318200,2026-08-09T23:30:00+00:00,-1.0,stop_touch,no,,,14.5913,below_50%,tp,1786350780,2.762
686,1786305144,2026-08-09T19:52:24+00:00,SLXUSDT,LONG,oversold_24h,0.07754,0.0756015,0.0806416,unresolved,1786392000,2026-08-10T20:00:00+00:00,-0.3301521795202492,window_close,no,,,14.7689,below_50%,sl,1786432258,0.07554
687,1786305149,2026-08-09T19:52:29+00:00,MAGMAUSDT,LONG,oversold_24h,0.19215,0.18734625,0.19983599999999999,sl_first,1786320000,2026-08-10T00:00:00+00:00,-1.0,stop_touch,no,,,23.3763,below_50%,sl,1786334550,0.18635
688,1786305239,2026-08-09T19:53:59+00:00,GWEIUSDT,LONG,oversold_24h,0.021007,0.020481825000000002,0.021847280000000004,tp_first,1786309200,2026-08-09T21:00:00+00:00,1.6000000000000065,target_touch,no,,,28.6256,below_50%,tp,1786308813,0.021858
689,1786305680,2026-08-09T20:01:20+00:00,MAGMAUSDT,LONG,oversold_24h,0.19189,0.18709275,0.1995656,sl_first,1786320000,2026-08-10T00:00:00+00:00,-1.0,stop_touch,no,,,23.3892,below_50%,sl,1786334550,0.18635
690,1786305704,2026-08-09T20:01:44+00:00,GWEIUSDT,LONG,oversold_24h,0.021239,0.020708025,0.02208856,tp_first,1786310100,2026-08-09T21:15:00+00:00,1.6,target_touch,no,,,29.6208,below_50%,tp,1786309533,0.022123
691,1786305782,2026-08-09T20:03:02+00:00,EPICUSDT,LONG,oversold_24h,0.5945,0.5796375,0.61828,sl_first,1786306500,2026-08-09T20:15:00+00:00,-1.0,stop_touch,no,,,129.4184,at_or_above_50%,sl,1786305788,0.5755
692,1786306304,2026-08-09T20:11:44+00:00,SLXUSDT,LONG,oversold_24h,0.07759,0.07565025,0.0806936,sl_first,1786322700,2026-08-10T00:45:00+00:00,-1.0,stop_touch,no,,,13.5027,below_50%,sl,1786432258,0.07554
693,1786306320,2026-08-09T20:12:00+00:00,EPICUSDT,LONG,oversold_24h,0.5757,0.5613075,0.598728,tp_first,1786306500,2026-08-09T20:15:00+00:00,1.6,target_touch,no,,,129.4184,at_or_above_50%,tp,1786306619,0.6105
695,1786306337,2026-08-09T20:12:17+00:00,RIVERUSDT,LONG,oversold_24h,2.646,2.57985,2.75184,sl_first,1786318200,2026-08-09T23:30:00+00:00,-1.0,stop_touch,no,,,14.5913,below_50%,tp,1786350740,2.753
699,1786306946,2026-08-09T20:22:26+00:00,ESPUSDT,LONG,overheated_24h,0.0759,0.0740025,0.07893599999999999,sl_first,1786308300,2026-08-09T20:45:00+00:00,-1.0,stop_touch,no,,,23.1678,below_50%,sl,1786307991,0.07397
700,1786306956,2026-08-09T20:22:36+00:00,SLXUSDT,LONG,oversold_24h,0.07785,0.07590375,0.08096400000000001,sl_first,1786320900,2026-08-10T00:15:00+00:00,-1.0,stop_touch,no,,,12.9195,below_50%,sl,1786432115,0.07567
703,1786307895,2026-08-09T20:38:15+00:00,EPICUSDT,LONG,oversold_24h,0.5887,0.5739825,0.612248,tp_first,1786309200,2026-08-09T21:00:00+00:00,1.5999999999999954,target_touch,no,,,129.4184,at_or_above_50%,tp,1786308351,0.615
706,1786307938,2026-08-09T20:38:58+00:00,SLXUSDT,LONG,oversold_24h,0.07708,0.075153,0.0801632,unresolved,1786394700,2026-08-10T20:45:00+00:00,-0.34250129735339624,window_close,no,,,12.5114,below_50%,manual,1786445757,
707,1786308516,2026-08-09T20:48:36+00:00,SLXUSDT,LONG,oversold_24h,0.07716,0.075231,0.08024640000000001,unresolved,1786395600,2026-08-10T21:00:00+00:00,-0.4821150855365475,window_close,no,,,12.4152,below_50%,manual,1786445757,
709,1786309677,2026-08-09T21:07:57+00:00,SKYAIUSDT,LONG,oversold_24h,0.09935,0.09686624999999999,0.103324,sl_first,1786314600,2026-08-09T22:30:00+00:00,-1.0,stop_touch,no,,,56.5986,at_or_above_50%,tp,1786334550,0.10775
710,1786309701,2026-08-09T21:08:21+00:00,EPICUSDT,LONG,oversold_24h,0.5846,0.569985,0.6079840000000001,sl_first,1786311900,2026-08-09T21:45:00+00:00,-1.0,stop_touch,no,,,129.4184,at_or_above_50%,sl,1786311515,0.5675
711,1786310893,2026-08-09T21:28:13+00:00,NAORISUSDT,LONG,oversold_24h,0.03116,0.030381,0.0324064,tp_first,1786359600,2026-08-10T11:00:00+00:00,1.5999999999999983,target_touch,no,,,25.2153,below_50%,tp,1786360274,0.03246
712,1786311505,2026-08-09T21:38:25+00:00,PEOPLEUSDT,LONG,overheated_24h,0.009281,0.009048974999999999,0.00965224,sl_first,1786320900,2026-08-10T00:15:00+00:00,-1.0,stop_touch,no,,,27.4593,below_50%,sl,1786334666,0.009046
713,1786311525,2026-08-09T21:38:45+00:00,EPICUSDT,LONG,oversold_24h,0.5784,0.56394,0.6015360000000001,sl_first,1786311900,2026-08-09T21:45:00+00:00,-1.0,stop_touch,no,,,129.4184,at_or_above_50%,sl,1786311755,0.5616
715,1786312095,2026-08-09T21:48:15+00:00,EPICUSDT,LONG,oversold_24h,0.5711,0.5568225,0.593944,sl_first,1786313700,2026-08-09T22:15:00+00:00,-1.0,stop_touch,no,,,129.4184,at_or_above_50%,sl,1786334550,0.5121
716,1786312694,2026-08-09T21:58:14+00:00,SAGAUSDT,LONG,oversold_24h,0.01513,0.01475175,0.0157352,sl_first,1786318200,2026-08-09T23:30:00+00:00,-1.0,stop_touch,no,,,53.6383,at_or_above_50%,sl,1786336662,0.01469
717,1786335165,2026-08-10T04:12:45+00:00,HMSTRUSDT,LONG,oversold_24h,0.0001946,0.00018973499999999999,0.000202384,sl_first,1786378500,2026-08-10T16:15:00+00:00,-1.0,stop_touch,no,,,22.3802,below_50%,sl,1786379410,0.0001895
718,1786335166,2026-08-10T04:12:46+00:00,BSBUSDT,LONG,oversold_24h,0.13802,0.1345695,0.1435408,tp_first,1786340700,2026-08-10T05:45:00+00:00,1.6,target_touch,no,,,14.2369,below_50%,tp,1786340136,0.14385
719,1786335167,2026-08-10T04:12:47+00:00,EPICUSDT,LONG,oversold_24h,0.5064,0.49373999999999996,0.526656,tp_first,1786335300,2026-08-10T04:15:00+00:00,1.6000000000000034,target_touch,no,,,143.1963,at_or_above_50%,sl,1786338463,0.4904
720,1786335173,2026-08-10T04:12:53+00:00,MAGMAUSDT,LONG,oversold_24h,0.18476,0.180141,0.19215040000000003,tp_first,1786350600,2026-08-10T08:30:00+00:00,1.6,target_touch,no,,,26.425,below_50%,tp,1786350592,0.19217
723,1786335187,2026-08-10T04:13:07+00:00,CLOUSDT,LONG,oversold_24h,0.10346,0.10087349999999999,0.1075984,sl_first,1786336200,2026-08-10T04:30:00+00:00,-1.0,stop_touch,no,,,23.3749,below_50%,sl,1786335631,0.10051
724,1786335188,2026-08-10T04:13:08+00:00,TAKEUSDT,LONG,oversold_24h,0.05534,0.0539565,0.0575536,sl_first,1786337100,2026-08-10T04:45:00+00:00,-1.0,stop_touch,no,,,25.855,below_50%,sl,1786336662,0.05364
726,1786335770,2026-08-10T04:22:50+00:00,CLOUSDT,LONG,oversold_24h,0.10052,0.098007,0.1045408,sl_first,1786336200,2026-08-10T04:30:00+00:00,-1.0,stop_touch,no,,,26.1321,below_50%,sl,1786336113,0.09791
727,1786335783,2026-08-10T04:23:03+00:00,DEEPUSDT,LONG,oversold_24h,0.01553,0.01514175,0.0161512,sl_first,1786374000,2026-08-10T15:00:00+00:00,-1.0,stop_touch,no,,,19.1979,below_50%,sl,1786373995,0.01513
728,1786336079,2026-08-10T04:27:59+00:00,IOTXUSDT,LONG,oversold_24h,0.002858,0.0027865499999999996,0.00297232,sl_first,1786337100,2026-08-10T04:45:00+00:00,-1.0,stop_touch,no,,,36.2613,below_50%,sl,1786336473,0.002781
729,1786336088,2026-08-10T04:28:08+00:00,HEIUSDT,LONG,oversold_24h,0.15756,0.153621,0.16386240000000002,sl_first,1786340700,2026-08-10T05:45:00+00:00,-1.0,stop_touch,no,,,28.51,below_50%,sl,1786339967,0.15351
730,1786336366,2026-08-10T04:32:46+00:00,CLOUSDT,LONG,oversold_24h,0.09908,0.096603,0.1030432,sl_first,1786337100,2026-08-10T04:45:00+00:00,-1.0,stop_touch,no,,,36.4436,below_50%,tp,1786378367,0.1034
731,1786336675,2026-08-10T04:37:55+00:00,IOTXUSDT,LONG,oversold_24h,0.002698,0.0026305499999999997,0.00280592,tp_first,1786337100,2026-08-10T04:45:00+00:00,1.5999999999999974,target_touch,no,,,36.2613,below_50%,sl,1786354654,0.002622
733,1786337427,2026-08-10T04:50:27+00:00,TAKEUSDT,LONG,confluence,0.05332,0.043511647856963535,0.07293670428607293,unresolved,1786424400,2026-08-11T05:00:00+00:00,0.28037329409633727,window_close,no,,,27.8512,below_50%,manual,1786445757,
734,1786337874,2026-08-10T04:57:54+00:00,SAGAUSDT,LONG,oversold_24h,0.01473,0.013116458792402575,0.01795708241519485,unresolved,1786424400,2026-08-11T05:00:00+00:00,0.148741165623754,window_close,no,,,53.6383,at_or_above_50%,manual,1786445757,
736,1786338465,2026-08-10T05:07:45+00:00,EPICUSDT,LONG,oversold_24h,0.4949,0.29268035131790954,0.899339297364181,unresolved,1786425300,2026-08-11T05:15:00+00:00,-0.13895781237448407,window_close,no,,,147.8951,at_or_above_50%,manual,1786445757,
737,1786338631,2026-08-10T05:10:31+00:00,QNTUSDT,LONG,confluence,57.93,56.99046171161575,59.8090765767685,unresolved,1786425300,2026-08-11T05:15:00+00:00,-0.14900936101365558,window_close,no,,,2.5943,below_50%,manual,1786445757,
740,1786339825,2026-08-10T05:30:25+00:00,ALGOUSDT,LONG,confluence,0.08225,0.08013951555865657,0.08647096888268686,unresolved,1786427100,2026-08-11T05:45:00+00:00,-0.2369124311959984,window_close,no,,,6.7975,below_50%,manual,1786445757,
741,1786340128,2026-08-10T05:35:28+00:00,HEIUSDT,LONG,confluence,0.15496,0.11229887727792863,0.2402822454441427,unresolved,1786427100,2026-08-11T05:45:00+00:00,-0.04336500968463415,window_close,no,,,28.51,below_50%,manual,1786445757,
742,1786340562,2026-08-10T05:42:42+00:00,BLUAIUSDT,LONG,oversold_24h,0.015981,0.012317195289051008,0.02330860942189798,tp_first,1786388400,2026-08-10T19:00:00+00:00,2.0,target_touch,no,,,69.1789,at_or_above_50%,tp,1786388228,0.02386
745,1786341626,2026-08-10T06:00:26+00:00,HFTUSDT,LONG,confluence,0.0092,0.005422457035757526,0.016755085928484948,unresolved,1786428900,2026-08-11T06:15:00+00:00,-0.11912505145794929,window_close,no,,,25.8542,below_50%,manual,1786445757,
747,1786342661,2026-08-10T06:17:41+00:00,ZJINNOLIGHTUSDT,LONG,oversold_24h,134.17,130.81574999999998,139.5368,missing_price,,,nan,no_candle_in_window,no,,,,missing,tp,1786350831,139.92
751,1786343422,2026-08-10T06:30:22+00:00,COTIUSDT,LONG,confluence,0.01135,0.010240938072095288,0.013568123855809428,unresolved,1786430700,2026-08-11T06:45:00+00:00,-0.34263190398926807,window_close,no,,,18.0668,below_50%,manual,1786445757,
762,1786346559,2026-08-10T07:22:39+00:00,XANUSDT,LONG,oversold_24h,0.012963,0.009972745109989828,0.018943509780020344,unresolved,1786433400,2026-08-11T07:30:00+00:00,-0.4451125569417504,window_close,no,,,108.8366,at_or_above_50%,manual,1786445757,
766,1786349715,2026-08-10T08:15:15+00:00,GRVTUSDT,SHORT,confluence,0.382,0.43929999999999997,0.30560000000000004,unresolved,1786437000,2026-08-11T08:30:00+00:00,0.893542757417104,window_close,no,,,39.7861,below_50%,manual,1786445757,
769,1786351513,2026-08-10T08:45:13+00:00,XPDUSDT,LONG,confluence,1361.83,1343.2092371090241,1399.0715257819513,tp_first,1786410900,2026-08-11T01:15:00+00:00,1.9999999999999878,target_touch,no,,,2.2051,below_50%,manual,1786445757,
770,1786353021,2026-08-10T09:10:21+00:00,TRUSTUSDT,LONG,confluence,0.05238,0.05055683762077016,0.0560263247584597,unresolved,1786439700,2026-08-11T09:15:00+00:00,0.07130467449362016,window_close,no,,,7.6201,below_50%,manual,1786445757,
780,1786358103,2026-08-10T10:35:03+00:00,BEATUSDT,LONG,oversold_24h,2.4738,2.4119550000000003,2.5727520000000004,sl_first,1786358700,2026-08-10T10:45:00+00:00,-1.0,stop_touch,no,,,76.9799,at_or_above_50%,sl,1786365965,2.3908
781,1786358117,2026-08-10T10:35:17+00:00,IOTXUSDT,LONG,oversold_24h,0.0027,0.0026325000000000003,0.002808,sl_first,1786360500,2026-08-10T11:15:00+00:00,-1.0,stop_touch,no,,,23.8931,below_50%,sl,1786366953,0.00263
788,1786359936,2026-08-10T11:05:36+00:00,ZJINNOLIGHTUSDT,LONG,oversold_24h,132.31,129.00225,137.60240000000002,missing_price,,,nan,no_candle_in_window,no,,,,missing,tp,1786369144,141.96
789,1786365647,2026-08-10T12:40:47+00:00,AGTUSDT,LONG,oversold_24h,0.013929,0.013580775,0.014486160000000001,tp_first,1786418100,2026-08-11T03:15:00+00:00,1.6,target_touch,no,,,30.896,below_50%,tp,1786418128,0.015711
790,1786366193,2026-08-10T12:49:53+00:00,INTWUSDT,LONG,oversold_24h,22.09,21.53775,22.9736,tp_first,1786380300,2026-08-10T16:45:00+00:00,1.6,target_touch,no,,,15.3112,below_50%,tp,1786379790,23.07
791,1786366221,2026-08-10T12:50:21+00:00,BEATUSDT,LONG,oversold_24h,2.4008,2.3407799999999996,2.496832,sl_first,1786371300,2026-08-10T14:15:00+00:00,-1.0,stop_touch,no,,,76.9799,at_or_above_50%,sl,1786371005,2.3298
792,1786367200,2026-08-10T13:06:40+00:00,CATIUSDT,LONG,oversold_24h,0.04348,0.042393,0.0452192,tp_first,1786396500,2026-08-10T21:15:00+00:00,1.6000000000000063,target_touch,no,,,18.1149,below_50%,tp,1786395841,0.04528
794,1786367718,2026-08-10T13:15:18+00:00,IOTXUSDT,LONG,oversold_24h,0.002633,0.0025671749999999997,0.00273832,tp_first,1786374900,2026-08-10T15:15:00+00:00,1.599999999999992,target_touch,no,,,21.8726,below_50%,sl,1786418128,0.00255
795,1786367736,2026-08-10T13:15:36+00:00,TUTUSDT,LONG,oversold_24h,0.117854,0.11490765,0.12256816000000001,sl_first,1786368600,2026-08-10T13:30:00+00:00,-1.0,stop_touch,no,,,116.3509,at_or_above_50%,sl,1786368215,0.113804
796,1786368323,2026-08-10T13:25:23+00:00,TUTUSDT,LONG,oversold_24h,0.113574,0.11073464999999999,0.11811696,tp_first,1786369500,2026-08-10T13:45:00+00:00,1.599999999999997,target_touch,no,,,116.3509,at_or_above_50%,tp,1786368919,0.119151
797,1786369526,2026-08-10T13:45:26+00:00,COHRUSDT,LONG,oversold_24h,349.07,340.34325,363.0328,sl_first,1786373100,2026-08-10T14:45:00+00:00,-1.0,stop_touch,no,,,17.4553,below_50%,sl,1786372687,340.06
798,1786369532,2026-08-10T13:45:32+00:00,TUTUSDT,LONG,oversold_24h,0.113066,0.11023935,0.11758864000000001,tp_first,1786371300,2026-08-10T14:15:00+00:00,1.600000000000003,target_touch,no,,,122.6279,at_or_above_50%,tp,1786371226,0.117664
799,1786369533,2026-08-10T13:45:33+00:00,AXTIUSDT,LONG,oversold_24h,83.4,81.315,86.736,tp_first,1786370400,2026-08-10T14:00:00+00:00,1.5999999999999932,target_touch,no,,,14.9301,below_50%,sl,1786371905,81.15
801,1786371289,2026-08-10T14:14:49+00:00,BEATUSDT,LONG,oversold_24h,2.2766,2.219685,2.3676640000000004,tp_first,1786371300,2026-08-10T14:15:00+00:00,1.6000000000000032,target_touch,no,,,76.9799,at_or_above_50%,sl,1786372325,2.2042
802,1786371862,2026-08-10T14:24:22+00:00,BTWUSDT,LONG,oversold_24h,0.173326,0.16899285,0.18025904,sl_first,1786373100,2026-08-10T14:45:00+00:00,-1.0,stop_touch,no,,,32.8817,below_50%,sl,1786372505,0.168086
803,1786372454,2026-08-10T14:34:14+00:00,OPENUSDT,LONG,oversold_24h,0.1909,0.18612749999999997,0.198536,tp_first,1786386600,2026-08-10T18:30:00+00:00,1.5999999999999965,target_touch,no,,,12.2835,below_50%,manual,1786445757,
804,1786372465,2026-08-10T14:34:25+00:00,AXTIUSDT,LONG,oversold_24h,80.31,78.30225,83.5224,sl_first,1786374000,2026-08-10T15:00:00+00:00,-1.0,stop_touch,no,,,18.1557,below_50%,sl,1786373875,78.12
805,1786372531,2026-08-10T14:35:31+00:00,BEATUSDT,LONG,oversold_24h,2.2089,2.1536774999999997,2.297256,sl_first,1786374000,2026-08-10T15:00:00+00:00,-1.0,stop_touch,no,,,79.9113,at_or_above_50%,sl,1786373285,2.1357
806,1786372538,2026-08-10T14:35:38+00:00,BTWUSDT,LONG,oversold_24h,0.171274,0.16699215,0.17812496000000003,sl_first,1786373100,2026-08-10T14:45:00+00:00,-1.0,stop_touch,no,,,32.8817,below_50%,tp,1786373166,0.178638
807,1786373068,2026-08-10T14:44:28+00:00,COHRUSDT,LONG,oversold_24h,336.36,327.951,349.81440000000003,sl_first,1786392000,2026-08-10T20:00:00+00:00,-1.0,stop_touch,no,,,18.0172,below_50%,sl,1786391367,327.53
824,1786380739,2026-08-10T16:52:19+00:00,GWEIUSDT,SHORT,confluence,0.02885,0.0343746512785008,0.017800697442998406,unresolved,1786467600,2026-08-11T17:00:00+00:00,0.6842060809720041,window_close,no,,,39.6504,below_50%,manual,1786445757,
826,1786381591,2026-08-10T17:06:31+00:00,ZESTUSDT,SHORT,confluence,0.18818,0.21061425333944442,0.14331149332111112,unresolved,1786468500,2026-08-11T17:15:00+00:00,0.8977343571577383,window_close,no,,,21.5104,below_50%,manual,1786445757,
828,1786384582,2026-08-10T17:56:22+00:00,BSPUSDT,LONG,overheated_24h,55.94,52.94792529191203,61.92414941617593,sl_first,1786388400,2026-08-10T19:00:00+00:00,-1.0,stop_touch,no,,,28.3856,below_50%,sl,1786388007,52.88
836,1786390349,2026-08-10T19:32:29+00:00,ARMUSDT,LONG,confluence,272.12,264.2671673904444,287.8256652191112,unresolved,1786477500,2026-08-11T19:45:00+00:00,-0.5615807975626248,window_close,no,,,7.3143,below_50%,manual,1786445757,
837,1786390350,2026-08-10T19:32:30+00:00,EBAYUSDT,LONG,confluence,108.27,105.33247518122924,114.1450496375415,unresolved,1786477500,2026-08-11T19:45:00+00:00,-0.599143874037628,window_close,no,,,7.1696,below_50%,manual,1786445757,
838,1786390651,2026-08-10T19:37:31+00:00,USUSDT,LONG,confluence,0.03983,0.03313656259162876,0.05321687481674246,unresolved,1786477500,2026-08-11T19:45:00+00:00,-0.461795608357254,window_close,no,,,17.855,below_50%,manual,1786445757,
857,1786394555,2026-08-10T20:42:35+00:00,NEOUSDT,SHORT,confluence,1.804,1.8491,1.7138000000000002,tp_first,1786463100,2026-08-11T15:45:00+00:00,2.0,target_touch,no,,,3.3278,below_50%,manual,1786445757,
869,1786396463,2026-08-10T21:14:23+00:00,TQQQXUSDT,LONG,confluence,73.78,72.4906015259498,76.35879694810042,sl_first,1786473000,2026-08-11T18:30:00+00:00,-1.0,stop_touch,no,,,3.239,below_50%,manual,1786445757,
881,1786396777,2026-08-10T21:19:37+00:00,POPCATUSDT,SHORT,confluence,0.04294,0.04451297415929904,0.03979405168140191,unresolved,1786483800,2026-08-11T21:30:00+00:00,0.6548105027097136,window_close,no,,,7.7783,below_50%,manual,1786445757,
921,1786398966,2026-08-10T21:56:06+00:00,ADAUSDT,LONG,confluence,0.1922,0.1865106860043301,0.2035786279913398,sl_first,1786453200,2026-08-11T13:00:00+00:00,-1.0,stop_touch,no,,,3.6921,below_50%,manual,1786445757,
938,1786419082,2026-08-11T03:31:22+00:00,HANAUSDT,SHORT,confluence,0.03269,0.0341450082918867,0.02977998341622659,unresolved,1786506300,2026-08-12T03:45:00+00:00,0.5017153538371982,window_close,no,,,7.3606,below_50%,manual,1786445757,
967,1786420279,2026-08-11T03:51:19+00:00,FHEUSDT,LONG,confluence,0.02305,0.0201696829425332,0.028810634114933606,tp_first,1786471200,2026-08-11T18:00:00+00:00,2.0,target_touch,no,,,21.4349,below_50%,manual,1786445757,
978,1786423468,2026-08-11T04:44:28+00:00,CLOUSDT,SHORT,confluence,0.11654,0.1302115692792184,0.08919686144156322,unresolved,1786509900,2026-08-12T04:45:00+00:00,0.03145213188171644,window_close,no,,,21.8229,below_50%,manual,1786445757,
981,1786424814,2026-08-11T05:06:54+00:00,MAVUSDT,SHORT,confluence,0.00995,0.010665514008422073,0.008518971983155856,sl_first,1786428000,2026-08-11T06:00:00+00:00,-1.0,stop_touch,no,,,15.1242,below_50%,sl,1786427983,0.01081
982,1786424817,2026-08-11T05:06:57+00:00,BTRUSDT,SHORT,confluence,0.03097,0.034500969572798176,0.02390806085440365,sl_first,1786455000,2026-08-11T13:30:00+00:00,-1.0,stop_touch,no,,,51.3935,at_or_above_50%,manual,1786445757,
984,1786424821,2026-08-11T05:07:01+00:00,KR200USDT,SHORT,confluence,0.7023,0.7262992829178027,0.6543014341643948,unresolved,1786511700,2026-08-12T05:15:00+00:00,-0.5250156866417575,window_close,no,,,8.6357,below_50%,manual,1786445757,
986,1786424826,2026-08-11T05:07:06+00:00,PRLUSDT,SHORT,confluence,0.31589,0.3404205128477346,0.2668289743045308,unresolved,1786511700,2026-08-12T05:15:00+00:00,-0.38971871722946383,window_close,no,,,15.2736,below_50%,manual,1786445757,
988,1786424828,2026-08-11T05:07:08+00:00,GIGADEVUSDT,SHORT,confluence,65.61,75.4515,52.488,unresolved,1786511700,2026-08-12T05:15:00+00:00,0.08636894782299391,window_close,no,,,5.7025,below_50%,manual,1786445757,
990,1786424831,2026-08-11T05:07:11+00:00,MERLUSDT,SHORT,confluence,0.02088,0.022363988794125517,0.017912022411748964,unresolved,1786511700,2026-08-12T05:15:00+00:00,1.0849138527011173,window_close,no,,,12.2807,below_50%,manual,1786445757,
992,1786424835,2026-08-11T05:07:15+00:00,ADAUSDT,SHORT,confluence,0.1894,0.1967689829594943,0.17466203408101144,unresolved,1786511700,2026-08-12T05:15:00+00:00,0.31211905532183065,window_close,no,,,5.5585,below_50%,manual,1786445757,
994,1786424837,2026-08-11T05:07:17+00:00,INUSDT,SHORT,confluence,0.03242,0.03365637991196824,0.029947240176063518,unresolved,1786511700,2026-08-12T05:15:00+00:00,0.35587766813482385,window_close,no,,,4.4808,below_50%,manual,1786445757,
996,1786424840,2026-08-11T05:07:20+00:00,OPNUSDT,SHORT,confluence,0.0514,0.05419542127890902,0.04580915744218196,unresolved,1786511700,2026-08-12T05:15:00+00:00,0.39350061770628897,window_close,no,,,6.8627,below_50%,manual,1786445757,
998,1786424842,2026-08-11T05:07:22+00:00,FOLKSUSDT,SHORT,confluence,1.779,1.8798215190642478,1.5773569618715042,sl_first,1786497300,2026-08-12T01:15:00+00:00,-1.0,stop_touch,no,,,7.6967,below_50%,manual,1786445757,
1000,1786425041,2026-08-11T05:10:41+00:00,JUSUNGUSDT,SHORT,confluence,113.17,121.56383243605416,96.3823351278917,sl_first,1786498200,2026-08-12T01:30:00+00:00,-1.0,stop_touch,no,,,17.6459,below_50%,manual,1786445757,
1002,1786425044,2026-08-11T05:10:44+00:00,FIGHTUSDT,SHORT,confluence,0.003837,0.004087088979033321,0.0033368220419333575,unresolved,1786511700,2026-08-12T05:15:00+00:00,0.47183206735502725,window_close,no,,,6.7703,below_50%,manual,1786445757,
1003,1786425047,2026-08-11T05:10:47+00:00,MNTUSDT,SHORT,confluence,0.4508,0.4620699999999999,0.4282600000000001,unresolved,1786511700,2026-08-12T05:15:00+00:00,1.3575865128660207,window_close,yes,1786423784,confluence,6.4865,below_50%,manual,1786445757,
1004,1786425049,2026-08-11T05:10:49+00:00,IOUSDT,SHORT,confluence,0.11963,0.12569871582377795,0.1074925683524441,unresolved,1786511700,2026-08-12T05:15:00+00:00,0.37899286550678857,window_close,no,,,8.9884,below_50%,manual,1786445757,
1006,1786425052,2026-08-11T05:10:52+00:00,MVLLUSDT,SHORT,confluence,25.16,27.426318904430428,20.627362191139145,unresolved,1786511700,2026-08-12T05:15:00+00:00,-0.538317885278643,window_close,no,,,22.4774,below_50%,manual,1786445757,
1007,1786425344,2026-08-11T05:15:44+00:00,LLYUSDT,SHORT,confluence,1230.36,1261.1189999999997,1168.8420000000003,unresolved,1786512600,2026-08-12T05:30:00+00:00,0.5068435254722203,window_close,no,,,5.2382,below_50%,manual,1786445757,
1008,1786425347,2026-08-11T05:15:47+00:00,IOTAUSDT,SHORT,confluence,0.03381,0.03497178175167296,0.03148643649665408,unresolved,1786512600,2026-08-12T05:30:00+00:00,-0.1118970923865853,window_close,no,,,4.2998,below_50%,manual,1786445757,
1009,1786425349,2026-08-11T05:15:49+00:00,MYXUSDT,SHORT,confluence,0.0734,0.07803255671038557,0.06413488657922888,unresolved,1786512600,2026-08-12T05:30:00+00:00,-0.08634540816375796,window_close,no,,,4.5144,below_50%,manual,1786445757,
1011,1786426109,2026-08-11T05:28:29+00:00,CLUSDT,LONG,confluence,81.9,80.35937611542911,84.98124776914179,unresolved,1786512600,2026-08-12T05:30:00+00:00,0.5711971681167991,window_close,no,,,5.7154,below_50%,manual,1786445757,
1012,1786426111,2026-08-11T05:28:31+00:00,CYSUSDT,SHORT,confluence,1.3216,1.6523324905119767,0.6601350189760469,sl_first,1786466700,2026-08-11T16:45:00+00:00,-1.0,stop_touch,no,,,53.14,at_or_above_50%,manual,1786445757,
1013,1786426114,2026-08-11T05:28:34+00:00,AGTUSDT,SHORT,confluence,0.015651,0.01727922649966656,0.012394547000666886,unresolved,1786512600,2026-08-12T05:30:00+00:00,0.40473484502000007,window_close,no,,,20.3232,below_50%,manual,1786445757,
1014,1786426122,2026-08-11T05:28:42+00:00,AVAAIUSDT,SHORT,confluence,0.008773,0.009427188463346108,0.0074646230733077835,unresolved,1786512600,2026-08-12T05:30:00+00:00,0.369923979952495,window_close,yes,1786424072,confluence,11.2118,below_50%,manual,1786445757,
1015,1786426129,2026-08-11T05:28:49+00:00,CRDOUSDT,SHORT,confluence,240.66,250.85801230256368,220.26397539487263,sl_first,1786493700,2026-08-12T00:15:00+00:00,-1.0,stop_touch,no,,,9.9607,below_50%,manual,1786445757,
1016,1786426131,2026-08-11T05:28:51+00:00,BERAUSDT,SHORT,confluence,0.1506,0.15594039363548468,0.13991921272903068,unresolved,1786512600,2026-08-12T05:30:00+00:00,0.05617563432153184,window_close,no,,,4.9631,below_50%,manual,1786445757,
1017,1786426134,2026-08-11T05:28:54+00:00,AAOIUSDT,SHORT,confluence,131.38,141.6856435753944,110.76871284921117,unresolved,1786512600,2026-08-12T05:30:00+00:00,-0.545332269536104,window_close,no,,,15.4126,below_50%,manual,1786445757,
1018,1786426137,2026-08-11T05:28:57+00:00,DASHUSDT,SHORT,confluence,30.6,31.395836126446177,29.00832774710765,unresolved,1786512600,2026-08-12T05:30:00+00:00,0.10052320740608203,window_close,no,,,2.0228,below_50%,manual,1786445757,
1019,1786426139,2026-08-11T05:28:59+00:00,GRTUSDT,SHORT,confluence,0.01413,0.014512536019188702,0.013364927961622596,unresolved,1786512600,2026-08-12T05:30:00+00:00,0.6535332294464987,window_close,no,,,4.6975,below_50%,manual,1786445757,
1020,1786426141,2026-08-11T05:29:01+00:00,ALLOUSDT,SHORT,confluence,0.30663,0.337699647762357,0.24449070447528604,unresolved,1786512600,2026-08-12T05:30:00+00:00,-0.04795677155391599,window_close,no,,,9.2635,below_50%,manual,1786445757,
1021,1786426144,2026-08-11T05:29:04+00:00,CRWVUSDT,SHORT,confluence,88.48,91.65945698346115,82.1210860330777,sl_first,1786455900,2026-08-11T13:45:00+00:00,-1.0,stop_touch,no,,,7.3388,below_50%,manual,1786445757,
1022,1786426146,2026-08-11T05:29:06+00:00,TACUSDT,SHORT,confluence,0.002954,0.0031142850946536843,0.0026334298106926316,unresolved,1786512600,2026-08-12T05:30:00+00:00,0.23707756533508959,window_close,no,,,6.7141,below_50%,manual,1786445757,
1023,1786426922,2026-08-11T05:42:02+00:00,POLUSDT,SHORT,confluence,0.07555,0.07743875,0.07177250000000002,unresolved,1786513500,2026-08-12T05:45:00+00:00,-0.12177365982792575,window_close,no,,,4.3201,below_50%,manual,1786445757,
1024,1786426924,2026-08-11T05:42:04+00:00,EDGEXUSDT,SHORT,confluence,0.3707,0.3881752165956495,0.3357495668087009,unresolved,1786513500,2026-08-12T05:45:00+00:00,0.5722389731346422,window_close,no,,,6.2281,below_50%,manual,1786445757,
1025,1786426929,2026-08-11T05:42:09+00:00,BONKUSDT,SHORT,confluence,2.393e-06,2.510393752425474e-06,2.1582124951490516e-06,unresolved,1786513500,2026-08-12T05:45:00+00:00,0.4940637708707731,window_close,no,,,4.1841,below_50%,manual,1786445757,
1026,1786426937,2026-08-11T05:42:17+00:00,PHAUSDT,SHORT,confluence,0.02312,0.024908743475352216,0.019542513049295572,unresolved,1786513500,2026-08-12T05:45:00+00:00,0.40810770804140034,window_close,no,,,15.9238,below_50%,manual,1786445757,
1027,1786426939,2026-08-11T05:42:19+00:00,FLOKIUSDT,SHORT,confluence,2.086e-05,2.1401644763925512e-05,1.9776710472148976e-05,unresolved,1786513500,2026-08-12T05:45:00+00:00,0.6831045449760584,window_close,no,,,4.0443,below_50%,manual,1786445757,
1028,1786426943,2026-08-11T05:42:23+00:00,SEIUSDT,SHORT,confluence,0.04095,0.04197375,0.038902500000000007,unresolved,1786513500,2026-08-12T05:45:00+00:00,0.8888888888888926,window_close,no,,,3.4024,below_50%,manual,1786445757,
1029,1786426945,2026-08-11T05:42:25+00:00,HUMAUSDT,SHORT,confluence,0.01975,0.0208494916354399,0.0175510167291202,unresolved,1786513500,2026-08-12T05:45:00+00:00,0.3728996081320457,window_close,no,,,9.5581,below_50%,manual,1786445757,
1030,1786427151,2026-08-11T05:45:51+00:00,NESUSDT,SHORT,confluence,0.2023,0.2093546542681874,0.18819069146362524,unresolved,1786514400,2026-08-12T06:00:00+00:00,-0.3260258990113426,window_close,no,,,4.3048,below_50%,manual,1786445757,
1031,1786427155,2026-08-11T05:45:55+00:00,DRIFTUSDT,SHORT,confluence,0.01194,0.012864230875636288,0.010091538248727421,unresolved,1786514400,2026-08-12T06:00:00+00:00,0.6924676689245968,window_close,yes,1786424636,oversold_24h,19.9295,below_50%,manual,1786445757,
1032,1786427157,2026-08-11T05:45:57+00:00,YFIUSDT,SHORT,confluence,1975.1,2026.6422565927573,1872.015486814485,unresolved,1786514400,2026-08-12T06:00:00+00:00,0.031042490293774528,window_close,no,,,5.564,below_50%,manual,1786445757,
1033,1786427159,2026-08-11T05:45:59+00:00,GALAUSDT,SHORT,confluence,0.001773,0.001832607806600932,0.001653784386798136,unresolved,1786514400,2026-08-12T06:00:00+00:00,0.9898032382737851,window_close,no,,,3.844,below_50%,manual,1786445757,
1041,1786430129,2026-08-11T06:35:29+00:00,BZUSDT,SHORT,confluence,87.24,89.4254429228149,82.8691141543702,unresolved,1786517100,2026-08-12T06:45:00+00:00,-0.24708950042240133,window_close,no,,,5.4113,below_50%,manual,1786445757,
1042,1786430132,2026-08-11T06:35:32+00:00,BANANAS31USDT,SHORT,confluence,0.009697,0.010842685633896985,0.007405628732206033,sl_first,1786445100,2026-08-11T10:45:00+00:00,-1.0,stop_touch,no,,,16.7705,below_50%,sl,1786445089,0.010843
1043,1786430137,2026-08-11T06:35:37+00:00,0GUSDT,SHORT,confluence,0.162,0.17103074278371294,0.14393851443257413,unresolved,1786517100,2026-08-12T06:45:00+00:00,0.5536643130859148,window_close,no,,,8.9227,below_50%,manual,1786445757,
1044,1786430139,2026-08-11T06:35:39+00:00,UNITREEUSDT,SHORT,confluence,83.494,96.01809999999999,66.79520000000001,unresolved,1786517100,2026-08-12T06:45:00+00:00,-0.2682029047995463,window_close,no,,,7.1251,below_50%,manual,1786445757,
1045,1786430142,2026-08-11T06:35:42+00:00,SIRENUSDT,SHORT,confluence,0.03216,0.03644313626947515,0.0235937274610497,unresolved,1786517100,2026-08-12T06:45:00+00:00,0.14942321694528443,window_close,no,,,17.744,below_50%,manual,1786445757,
1046,1786430145,2026-08-11T06:35:45+00:00,COTIUSDT,SHORT,confluence,0.01089,0.012204679647947669,0.008260640704104663,unresolved,1786517100,2026-08-12T06:45:00+00:00,0.9812276336777598,window_close,no,,,10.9142,below_50%,manual,1786445757,
1047,1786430147,2026-08-11T06:35:47+00:00,STGUSDT,SHORT,confluence,0.1342,0.14573157440788864,0.11113685118422276,unresolved,1786517100,2026-08-12T06:45:00+00:00,-0.10406211307790474,window_close,no,,,7.802,below_50%,manual,1786445757,
1048,1786430150,2026-08-11T06:35:50+00:00,KIMIUSDT,SHORT,confluence,7.52,8.648,6.016,unresolved,1786517100,2026-08-12T06:45:00+00:00,0.053191489361701774,window_close,no,,,7.8474,below_50%,manual,1786445757,
1049,1786430152,2026-08-11T06:35:52+00:00,MOVEUSDT,SHORT,confluence,0.00652,0.006860324807753956,0.005839350384492088,unresolved,1786517100,2026-08-12T06:45:00+00:00,0.7639760431098854,window_close,no,,,9.7072,below_50%,manual,1786445757,
1051,1786430155,2026-08-11T06:35:55+00:00,ALTUSDT,SHORT,confluence,0.006021,0.00626673739174279,0.005529525216514421,unresolved,1786517100,2026-08-12T06:45:00+00:00,0.37438339907300483,window_close,no,,,7.5737,below_50%,manual,1786445757,
1052,1786430667,2026-08-11T06:44:27+00:00,SENTUSDT,SHORT,confluence,0.01367,0.0157205,0.010936000000000001,unresolved,1786517100,2026-08-12T06:45:00+00:00,0.2974884174591562,window_close,no,,,3.3233,below_50%,manual,1786445757,
1053,1786430673,2026-08-11T06:44:33+00:00,AAPLXUSDT,SHORT,confluence,308.96,316.68399999999997,293.512,unresolved,1786517100,2026-08-12T06:45:00+00:00,0.43500776799585206,window_close,no,,,2.8375,below_50%,manual,1786445757,
1054,1786430676,2026-08-11T06:44:36+00:00,XIAOMIUSDT,SHORT,confluence,3.43,3.5312837495335,3.2274325009330007,unresolved,1786517100,2026-08-12T06:45:00+00:00,0.3850568346810744,window_close,no,,,3.9826,below_50%,manual,1786445757,
1055,1786430678,2026-08-11T06:44:38+00:00,ACHUSDT,SHORT,confluence,0.004274,0.004437765129969198,0.003946469740061603,unresolved,1786517100,2026-08-12T06:45:00+00:00,0.3541657495152282,window_close,no,,,4.8889,below_50%,manual,1786445757,
1056,1786430682,2026-08-11T06:44:42+00:00,BLURUSDT,SHORT,confluence,0.0136,0.014021337227136343,0.012757325545727312,unresolved,1786517100,2026-08-12T06:45:00+00:00,0.07120187362483131,window_close,no,,,4.6494,below_50%,manual,1786445757,
1057,1786430686,2026-08-11T06:44:46+00:00,NIGHTUSDT,SHORT,confluence,0.01764,0.018398360202623407,0.016123279594753185,unresolved,1786517100,2026-08-12T06:45:00+00:00,0.25054057338811986,window_close,no,,,8.7056,below_50%,manual,1786445757,
1058,1786430689,2026-08-11T06:44:49+00:00,BMNRUSDT,SHORT,confluence,17.95,18.552810341614226,16.744379316771546,unresolved,1786517100,2026-08-12T06:45:00+00:00,-0.2820124146257508,window_close,no,,,5.6174,below_50%,manual,1786445757,
1059,1786430974,2026-08-11T06:49:34+00:00,ZHIPUUSDT,SHORT,confluence,156.66,165.94342236575932,138.09315526848135,unresolved,1786518000,2026-08-12T07:00:00+00:00,0.3339285748146002,window_close,no,,,6.8727,below_50%,manual,1786445757,
1060,1786431261,2026-08-11T06:54:21+00:00,CLUSDT,SHORT,confluence,83.02,85.19987946514213,78.66024106971572,unresolved,1786518000,2026-08-12T07:00:00+00:00,0.13762228820318562,window_close,no,,,7.2249,below_50%,manual,1786445757,
1061,1786431266,2026-08-11T06:54:26+00:00,MIRAUSDT,SHORT,confluence,0.04102,0.042636904212617545,0.03778619157476491,unresolved,1786518000,2026-08-12T07:00:00+00:00,0.3401562044974996,window_close,no,,,3.7163,below_50%,manual,1786445757,
1062,1786431278,2026-08-11T06:54:38+00:00,PENGUUSDT,SHORT,confluence,0.006424,0.006732350409144054,0.005807299181711891,unresolved,1786518000,2026-08-12T07:00:00+00:00,0.1232364182862073,window_close,no,,,5.0855,below_50%,manual,1786445757,
1063,1786431282,2026-08-11T06:54:42+00:00,RIVERUSDT,SHORT,confluence,2.743,2.9929768070089953,2.243046385982009,unresolved,1786518000,2026-08-12T07:00:00+00:00,0.41203822559543823,window_close,no,,,9.4319,below_50%,manual,1786445757,
1064,1786431576,2026-08-11T06:59:36+00:00,MAVUSDT,SHORT,confluence,0.01134,0.012259799722707784,0.00950040055458443,tp_first,1786451400,2026-08-11T12:30:00+00:00,2.0,target_touch,no,,,34.0858,below_50%,manual,1786445757,
1065,1786431585,2026-08-11T06:59:45+00:00,METUSDT,LONG,confluence,0.154,0.15015,0.16016,tp_first,1786484700,2026-08-11T21:45:00+00:00,1.600000000000003,target_touch,no,,,4.6014,below_50%,manual,1786445757,
1066,1786431588,2026-08-11T06:59:48+00:00,MOODENGUSDT,SHORT,confluence,0.03712,0.03907832158514808,0.03320335682970384,unresolved,1786518000,2026-08-12T07:00:00+00:00,0.250214267011179,window_close,no,,,6.2905,below_50%,manual,1786445757,
1067,1786431590,2026-08-11T06:59:50+00:00,DEXEUSDT,SHORT,confluence,2.043,2.1773642415862997,1.774271516827401,unresolved,1786518000,2026-08-12T07:00:00+00:00,0.8186701960383501,window_close,no,,,6.6209,below_50%,manual,1786445757,
1068,1786431595,2026-08-11T06:59:55+00:00,ARXUSDT,SHORT,confluence,0.1243,0.13270201241359128,0.10749597517281742,unresolved,1786518000,2026-08-12T07:00:00+00:00,0.9045452001125424,window_close,no,,,7.899,below_50%,manual,1786445757,
1070,1786431875,2026-08-11T07:04:35+00:00,BRETTUSDT,SHORT,confluence,0.004106,0.0042801443811354666,0.0037577112377290677,unresolved,1786518900,2026-08-12T07:15:00+00:00,0.5110701787775039,window_close,no,,,4.6432,below_50%,manual,1786445757,
1071,1786431877,2026-08-11T07:04:37+00:00,TIAUSDT,SHORT,confluence,0.3173,0.3286729300257462,0.29455413994850765,unresolved,1786518900,2026-08-12T07:15:00+00:00,0.9056593135351012,window_close,no,,,5.8955,below_50%,manual,1786445757,
1072,1786431879,2026-08-11T07:04:39+00:00,SHIBUSDT,SHORT,confluence,4.502e-06,4.642513884898893e-06,4.220972230202214e-06,unresolved,1786518900,2026-08-12T07:15:00+00:00,0.27043590764957676,window_close,no,,,6.3858,below_50%,manual,1786445757,
1073,1786432180,2026-08-11T07:09:40+00:00,ATHUSDT,SHORT,confluence,0.003946,0.004120225273851765,0.0035975494522964696,sl_first,1786497300,2026-08-12T01:15:00+00:00,-1.0,stop_touch,no,,,5.519,below_50%,manual,1786445757,
1074,1786432185,2026-08-11T07:09:45+00:00,BIOUSDT,SHORT,confluence,0.02563,0.02719019944098802,0.022509601118023963,unresolved,1786518900,2026-08-12T07:15:00+00:00,0.5576210176367319,window_close,no,,,9.3005,below_50%,manual,1786445757,
1075,1786432187,2026-08-11T07:09:47+00:00,VINEUSDT,SHORT,confluence,0.00724,0.008326,0.005792,missing_price,,,nan,no_candle_in_window,no,,,,missing,manual,1786445757,
1076,1786432194,2026-08-11T07:09:54+00:00,XIAOMIHKDUSDT,SHORT,confluence,26.64,30.636,21.312,unresolved,1786518900,2026-08-12T07:15:00+00:00,0.10010010010010066,window_close,no,,,5.4319,below_50%,manual,1786445757,
1077,1786432198,2026-08-11T07:09:58+00:00,ZKUSDT,SHORT,confluence,0.00778,0.008068235476281447,0.007203529047437106,unresolved,1786518900,2026-08-12T07:15:00+00:00,1.2489788024860544,window_close,no,,,7.2165,below_50%,manual,1786445757,
1078,1786432471,2026-08-11T07:14:31+00:00,RVNUSDT,SHORT,confluence,0.002817,0.0030017003443038853,0.0024475993113922297,unresolved,1786518900,2026-08-12T07:15:00+00:00,0.7958837356477404,window_close,yes,1786429644,oversold_24h,31.0598,below_50%,manual,1786445757,
1079,1786432473,2026-08-11T07:14:33+00:00,AAVEUSDT,SHORT,confluence,88.43,91.03354499652315,83.22291000695373,unresolved,1786518900,2026-08-12T07:15:00+00:00,-0.3380006879755012,window_close,no,,,5.2011,below_50%,manual,1786445757,
1080,1786432482,2026-08-11T07:14:42+00:00,BANUSDT,SHORT,confluence,0.07247,0.07635855893410318,0.06469288213179367,unresolved,1786518900,2026-08-12T07:15:00+00:00,-0.19287350730945307,window_close,no,,,10.771,below_50%,manual,1786445757,
1081,1786432485,2026-08-11T07:14:45+00:00,RATSUSDT,SHORT,confluence,3.979e-05,4.528292014033501e-05,2.880415971932997e-05,unresolved,1786518900,2026-08-12T07:15:00+00:00,0.5552602117048037,window_close,no,,,14.3634,below_50%,manual,1786445757,
1082,1786432488,2026-08-11T07:14:48+00:00,CRDOUSDT,LONG,confluence,239.84,232.1443479159344,255.23130416813126,unresolved,1786518900,2026-08-12T07:15:00+00:00,1.8075141453966748,window_close,no,,,9.9607,below_50%,manual,1786445757,
1083,1786432495,2026-08-11T07:14:55+00:00,COHRUSDT,SHORT,confluence,325.27,351.0968224133006,273.6163551733988,unresolved,1786518900,2026-08-12T07:15:00+00:00,-0.7639344741782573,window_close,no,,,23.9848,below_50%,manual,1786445757,
1084,1786432498,2026-08-11T07:14:58+00:00,AEONUSDT,SHORT,confluence,0.05307,0.061030499999999994,0.042456,sl_first,1786509900,2026-08-12T04:45:00+00:00,-1.0,stop_touch,no,,,8.5196,below_50%,manual,1786445757,
1085,1786432786,2026-08-11T07:19:46+00:00,ESPORTSUSDT,SHORT,confluence,0.01543,0.017564456306886855,0.011161087386226287,unresolved,1786519800,2026-08-12T07:30:00+00:00,0.2529918266575336,window_close,no,,,14.786,below_50%,manual,1786445757,
1086,1786432788,2026-08-11T07:19:48+00:00,ATOMUSDT,SHORT,confluence,1.391,1.4268563644960257,1.3192872710079486,sl_first,1786450500,2026-08-11T12:15:00+00:00,-1.0,stop_touch,no,,,4.1545,below_50%,manual,1786445757,
1087,1786432794,2026-08-11T07:19:54+00:00,ZECUSDT,SHORT,confluence,488.43,506.0902097884105,453.109580423179,unresolved,1786519800,2026-08-12T07:30:00+00:00,0.57530460406351,window_close,no,,,5.4746,below_50%,manual,1786445757,
1088,1786432800,2026-08-11T07:20:00+00:00,STORJUSDT,SHORT,confluence,0.04311,0.04449211103017685,0.04034577793964631,sl_first,1786513500,2026-08-12T05:45:00+00:00,-1.0,stop_touch,no,,,4.4388,below_50%,manual,1786445757,
1089,1786432804,2026-08-11T07:20:04+00:00,PIUSDT,SHORT,confluence,0.0857,0.08930824606895714,0.07848350786208572,sl_first,1786518000,2026-08-12T07:00:00+00:00,-1.0,stop_touch,no,,,5.2632,below_50%,manual,1786445757,
1091,1786433144,2026-08-11T07:25:44+00:00,USARUSDT,SHORT,confluence,17.36,18.438379713975078,15.203240572049843,sl_first,1786454100,2026-08-11T13:15:00+00:00,-1.0,stop_touch,no,,,17.0804,below_50%,manual,1786445757,
1092,1786433146,2026-08-11T07:25:46+00:00,SANDUSDT,SHORT,confluence,0.04082,0.041909621588324876,0.038640756823350254,unresolved,1786519800,2026-08-12T07:30:00+00:00,0.9452822989524925,window_close,no,,,3.4795,below_50%,manual,1786445757,
1093,1786433149,2026-08-11T07:25:49+00:00,BREVUSDT,SHORT,confluence,0.0699,0.080385,0.055920000000000004,unresolved,1786519800,2026-08-12T07:30:00+00:00,-0.047687172150691536,window_close,no,,,3.7196,below_50%,manual,1786445757,
1094,1786433173,2026-08-11T07:26:13+00:00,BUSDT,SHORT,confluence,0.1506,0.16572862876536368,0.12034274246927268,unresolved,1786519800,2026-08-12T07:30:00+00:00,0.03304992195622703,window_close,no,,,21.4235,below_50%,manual,1786445757,
1095,1786433175,2026-08-11T07:26:15+00:00,SKLUSDT,SHORT,confluence,0.00352,0.003635718856788024,0.0032885622864239528,unresolved,1786519800,2026-08-12T07:30:00+00:00,0.345665357490292,window_close,no,,,3.1073,below_50%,manual,1786445757,
1096,1786433177,2026-08-11T07:26:17+00:00,ZORAUSDT,SHORT,confluence,0.00509,0.005293863800357135,0.00468227239928573,unresolved,1786519800,2026-08-12T07:30:00+00:00,0.2452617870971115,window_close,no,,,4.501,below_50%,manual,1786445757,
1097,1786433700,2026-08-11T07:35:00+00:00,FFUSDT,SHORT,confluence,0.06526,0.06814334935490948,0.05949330129018103,sl_first,1786448700,2026-08-11T11:45:00+00:00,-1.0,stop_touch,no,,,9.209,below_50%,manual,1786445757,
1098,1786433706,2026-08-11T07:35:06+00:00,HIMSUSDT,SHORT,confluence,29.546,31.25413802733631,26.129723945327378,sl_first,1786455900,2026-08-11T13:45:00+00:00,-1.0,stop_touch,no,,,19.9469,below_50%,manual,1786445757,
1099,1786433708,2026-08-11T07:35:08+00:00,TOWNSUSDT,SHORT,confluence,0.002354,0.002541103479778926,0.0019797930404421484,unresolved,1786520700,2026-08-12T07:45:00+00:00,-0.037412452233761516,window_close,no,,,17.3211,below_50%,manual,1786445757,
1100,1786433710,2026-08-11T07:35:10+00:00,HYUNDAIUSDT,SHORT,confluence,283.2,290.28,269.04,sl_first,1786500000,2026-08-12T02:00:00+00:00,-1.0,stop_touch,no,,,1.9102,below_50%,manual,1786445757,
1101,1786433712,2026-08-11T07:35:12+00:00,HFTUSDT,SHORT,confluence,0.00868,0.012366582780261965,0.00130683443947607,unresolved,1786520700,2026-08-12T07:45:00+00:00,0.010850156468521709,window_close,no,,,16.2322,below_50%,manual,1786445757,
1102,1786433717,2026-08-11T07:35:17+00:00,TSTBSCUSDT,SHORT,confluence,0.015615,0.021650135667890015,0.003544728664219971,unresolved,1786520700,2026-08-12T07:45:00+00:00,0.2061262693096879,window_close,no,,,74.9702,at_or_above_50%,manual,1786445757,
1104,1786434034,2026-08-11T07:40:34+00:00,BBUSDT,SHORT,confluence,0.01315,0.01413713273987973,0.01117573452024054,unresolved,1786520700,2026-08-12T07:45:00+00:00,0.5369085418690244,window_close,no,,,9.4761,below_50%,manual,1786445757,
1105,1786434280,2026-08-11T07:44:40+00:00,LINKUSDT,SHORT,confluence,8.442,8.653049999999999,8.019900000000003,sl_first,1786440600,2026-08-11T09:30:00+00:00,-1.0,stop_touch,no,,,3.2211,below_50%,sl,1786440443,8.693
1106,1786434584,2026-08-11T07:49:44+00:00,ALICEUSDT,SHORT,confluence,0.1198,0.12530141815607576,0.10879716368784849,unresolved,1786521600,2026-08-12T08:00:00+00:00,0.30901123160807725,window_close,no,,,6.0352,below_50%,manual,1786445757,
1107,1786434592,2026-08-11T07:49:52+00:00,BROCCOLIUSDT,SHORT,confluence,0.0165,0.019565957929199573,0.010368084141600856,unresolved,1786521600,2026-08-12T08:00:00+00:00,-0.0652324671826833,window_close,no,,,25.3374,below_50%,manual,1786445757,
1108,1786434883,2026-08-11T07:54:43+00:00,IOTXUSDT,SHORT,confluence,0.002433,0.00283199405800539,0.0016350118839892195,unresolved,1786521600,2026-08-12T08:00:00+00:00,-0.25313660184542275,window_close,no,,,13.5593,below_50%,manual,1786445757,
1118,1786438263,2026-08-11T08:51:03+00:00,API3USDT,SHORT,confluence,0.2004,0.2062546971023979,0.18869060579520416,tp_first,1786461300,2026-08-11T15:15:00+00:00,2.0,target_touch,no,,,6.499,below_50%,manual,1786445757,
1119,1786438266,2026-08-11T08:51:06+00:00,ZEREBROUSDT,SHORT,confluence,0.038946,0.04190314599368866,0.03303170801262268,sl_first,1786475700,2026-08-11T19:15:00+00:00,-1.0,stop_touch,no,,,6.1338,below_50%,manual,1786445757,
1120,1786438276,2026-08-11T08:51:16+00:00,MAGMAUSDT,SHORT,confluence,0.19891,0.21913063051174905,0.1584687389765019,unresolved,1786525200,2026-08-12T09:00:00+00:00,0.16369420320878503,window_close,no,,,13.35,below_50%,manual,1786445757,
1121,1786438280,2026-08-11T08:51:20+00:00,GENIUSUSDT,SHORT,confluence,0.3671,0.38633294069743945,0.32863411860512104,sl_first,1786472100,2026-08-11T18:15:00+00:00,-1.0,stop_touch,no,,,11.6085,below_50%,manual,1786445757,
1122,1786438288,2026-08-11T08:51:28+00:00,SPKUSDT,SHORT,confluence,0.01428,0.014695467970828891,0.013449064058342215,unresolved,1786525200,2026-08-12T09:00:00+00:00,0.12034622043245753,window_close,no,,,4.6676,below_50%,manual,1786445757,
1123,1786438290,2026-08-11T08:51:30+00:00,ASTSUSDT,SHORT,confluence,67.11,70.4230383684121,60.48392326317581,sl_first,1786446900,2026-08-11T11:15:00+00:00,-1.0,stop_touch,no,,,11.1533,below_50%,manual,1786445757,
1124,1786438867,2026-08-11T09:01:07+00:00,MMTUSDT,SHORT,confluence,0.2372,0.2688910487392819,0.17381790252143622,unresolved,1786526100,2026-08-12T09:15:00+00:00,1.2653415268739592,window_close,no,,,18.2764,below_50%,manual,1786445757,
1125,1786438875,2026-08-11T09:01:15+00:00,RKLBUSDT,SHORT,confluence,72.24,76.6202717068766,63.4794565862468,sl_first,1786446900,2026-08-11T11:15:00+00:00,-1.0,stop_touch,no,,,20.435,below_50%,manual,1786445757,
1126,1786438884,2026-08-11T09:01:24+00:00,APTUSDT,SHORT,confluence,0.5839,0.5996942132108636,0.5523115735782728,unresolved,1786526100,2026-08-12T09:15:00+00:00,1.0066978194940193,window_close,no,,,2.7157,below_50%,manual,1786445757,
1127,1786438886,2026-08-11T09:01:26+00:00,JSTUSDT,SHORT,confluence,0.09817,0.11289549999999998,0.078536,unresolved,1786526100,2026-08-12T09:15:00+00:00,-0.28657770534107535,window_close,no,,,5.4705,below_50%,manual,1786445757,
1130,1786439422,2026-08-11T09:10:22+00:00,ICXUSDT,SHORT,confluence,0.02065,0.0237475,0.016520000000000003,unresolved,1786526100,2026-08-12T09:15:00+00:00,-0.3260694108151726,window_close,yes,1786439259,oversold_24h,6.7898,below_50%,manual,1786445757,
1131,1786439423,2026-08-11T09:10:23+00:00,MOVRUSDT,LONG,confluence,1.04,1.014,1.0816000000000001,ambiguous,1786439700,2026-08-11T09:15:00+00:00,nan,both_barriers_same_candle,no,,,5.3763,below_50%,sl,1786439835,1.009
1132,1786439425,2026-08-11T09:10:25+00:00,SOPHUSDT,SHORT,confluence,0.003802,0.004372299999999999,0.0030416,unresolved,1786526100,2026-08-12T09:15:00+00:00,-0.07364544976328323,window_close,no,,,3.324,below_50%,manual,1786445757,
1133,1786439440,2026-08-11T09:10:40+00:00,RAREUSDT,SHORT,confluence,0.0127,0.014604999999999998,0.01016,unresolved,1786526100,2026-08-12T09:15:00+00:00,0.17847769028871405,window_close,no,,,5.6775,below_50%,manual,1786445757,
1134,1786439442,2026-08-11T09:10:42+00:00,TENCENTUSDT,SHORT,confluence,59.99,61.489749999999994,56.99050000000002,unresolved,1786526100,2026-08-12T09:15:00+00:00,0.5067511251875375,window_close,no,,,3.8224,below_50%,manual,1786445757,
1135,1786439728,2026-08-11T09:15:28+00:00,COLLECTUSDT,SHORT,confluence,0.05606,0.05981278791078609,0.04855442417842781,unresolved,1786527000,2026-08-12T09:30:00+00:00,0.11724616750532794,window_close,no,,,6.7695,below_50%,manual,1786445757,
1136,1786439731,2026-08-11T09:15:31+00:00,AXSUSDT,SHORT,confluence,0.8964,0.9258520565130678,0.8374958869738643,sl_first,1786511700,2026-08-12T05:15:00+00:00,-1.0,stop_touch,no,,,5.8751,below_50%,manual,1786445757,
1137,1786440016,2026-08-11T09:20:16+00:00,BRUSDT,SHORT,confluence,0.13587,0.14584536944317467,0.11591926111365064,ambiguous,1786526100,2026-08-12T09:15:00+00:00,nan,both_barriers_same_candle,no,,,12.5719,below_50%,manual,1786445757,
1138,1786440018,2026-08-11T09:20:18+00:00,BSVUSDT,SHORT,confluence,14.82,15.350716269026732,13.758567461946537,unresolved,1786527000,2026-08-12T09:30:00+00:00,0.6783285552187711,window_close,no,,,5.3901,below_50%,manual,1786445757,
1139,1786440309,2026-08-11T09:25:09+00:00,VELVETUSDT,SHORT,confluence,0.51359,0.550182469501082,0.44040506099783605,ambiguous,1786440600,2026-08-11T09:30:00+00:00,nan,both_barriers_same_candle,no,,,10.155,below_50%,sl,1786441709,0.56966
1140,1786440590,2026-08-11T09:29:50+00:00,STARUSDT,SHORT,confluence,0.11128,0.12279675506791626,0.08824648986416748,tp_first,1786527000,2026-08-12T09:30:00+00:00,2.0,target_touch,no,,,25.7192,below_50%,manual,1786445757,
1141,1786440595,2026-08-11T09:29:55+00:00,LINKUSDT,SHORT,confluence,8.681,8.898024999999999,8.24695,unresolved,1786527000,2026-08-12T09:30:00+00:00,-0.37783665476328027,window_close,no,,,4.4162,below_50%,manual,1786445757,
1142,1786440597,2026-08-11T09:29:57+00:00,MOVRUSDT,LONG,confluence,0.923,0.899925,0.9599200000000001,ambiguous,1786440600,2026-08-11T09:30:00+00:00,nan,both_barriers_same_candle,no,,,17.8536,below_50%,tp,1786442940,0.971
1143,1786441504,2026-08-11T09:45:04+00:00,CAPUSDT,SHORT,confluence,0.04998,0.057099928244625016,0.03574014351074996,sl_first,1786474800,2026-08-11T19:00:00+00:00,-1.0,stop_touch,no,,,21.7297,below_50%,manual,1786445757,
1144,1786442150,2026-08-11T09:55:50+00:00,COOKIEUSDT,SHORT,confluence,0.01262,0.015431444215342947,0.006997111569314103,sl_first,1786464000,2026-08-11T16:00:00+00:00,-1.0,stop_touch,no,,,21.4222,below_50%,manual,1786445757,
1145,1786442419,2026-08-11T10:00:19+00:00,SUSHIUSDT,SHORT,confluence,0.1625,0.1709549810214007,0.14559003795719863,unresolved,1786529700,2026-08-12T10:15:00+00:00,-0.03548204298042238,window_close,no,,,7.4303,below_50%,manual,1786445757,
1146,1786442421,2026-08-11T10:00:21+00:00,XRPUSDT,SHORT,confluence,1.0061,1.0312525,0.9557950000000002,unresolved,1786529700,2026-08-12T10:15:00+00:00,-0.6878043932014771,window_close,no,,,3.3446,below_50%,manual,1786445757,
1147,1786442423,2026-08-11T10:00:23+00:00,VANRYUSDT,SHORT,confluence,0.002451,0.002839337415075633,0.001674325169848734,missing_price,,,nan,no_candle_in_window,no,,,,missing,manual,1786445757,
1148,1786442426,2026-08-11T10:00:26+00:00,MEGAUSDT,SHORT,confluence,0.03569,0.03711405426593813,0.03284189146812373,tp_first,1786516200,2026-08-12T06:30:00+00:00,2.0,target_touch,no,,,4.6871,below_50%,manual,1786445757,
1153,1786443707,2026-08-11T10:21:47+00:00,TSTBSCUSDT,LONG,oversold_24h,0.015503,0.015115424999999998,0.01612312,sl_first,1786444200,2026-08-11T10:30:00+00:00,-1.0,stop_touch,no,,,67.4725,at_or_above_50%,tp,1786445745,0.016242
1154,1786443708,2026-08-11T10:21:48+00:00,MOVRUSDT,LONG,oversold_24h,0.964,0.9399,1.00256,sl_first,1786446000,2026-08-11T11:00:00+00:00,-1.0,stop_touch,no,,,35.0575,below_50%,manual,1786445757,
1155,1786443709,2026-08-11T10:21:49+00:00,BEATUSDT,LONG,oversold_24h,0.9896,0.96486,1.029184,sl_first,1786444200,2026-08-11T10:30:00+00:00,-1.0,stop_touch,no,,,166.0513,at_or_above_50%,sl,1786444660,0.9475
1156,1786443720,2026-08-11T10:22:00+00:00,TUTUSDT,LONG,oversold_24h,0.09575,0.09335625,0.09958,tp_first,1786449600,2026-08-11T12:00:00+00:00,1.6,target_touch,no,,,77.3755,at_or_above_50%,manual,1786445757,
1157,1786443723,2026-08-11T10:22:03+00:00,RVNUSDT,LONG,oversold_24h,0.002894,0.0028216499999999998,0.0030097599999999998,sl_first,1786452300,2026-08-11T12:45:00+00:00,-1.0,stop_touch,no,,,35.027,below_50%,manual,1786445757,
1158,1786443727,2026-08-11T10:22:07+00:00,ESPORTSUSDT,LONG,oversold_24h,0.01542,0.0150345,0.0160368,sl_first,1786511700,2026-08-12T05:15:00+00:00,-1.0,stop_touch,no,,,16.218,below_50%,manual,1786445757,
1159,1786443730,2026-08-11T10:22:10+00:00,BROCCOLIUSDT,LONG,oversold_24h,0.0168,0.01638,0.017471999999999998,tp_first,1786452300,2026-08-11T12:45:00+00:00,1.5999999999999968,target_touch,no,,,25.3374,below_50%,manual,1786445757,
1160,1786443731,2026-08-11T10:22:11+00:00,BMTUSDT,LONG,oversold_24h,0.01969,0.01919775,0.0204776,sl_first,1786453200,2026-08-11T13:00:00+00:00,-1.0,stop_touch,no,,,67.0964,at_or_above_50%,manual,1786445757,
1161,1786443732,2026-08-11T10:22:12+00:00,ICXUSDT,LONG,oversold_24h,0.02062,0.020104499999999997,0.0214448,tp_first,1786463100,2026-08-11T15:45:00+00:00,1.5999999999999945,target_touch,no,,,18.7468,below_50%,manual,1786445757,
1162,1786443733,2026-08-11T10:22:13+00:00,DRIFTUSDT,LONG,oversold_24h,0.01175,0.01145625,0.01222,sl_first,1786456800,2026-08-11T14:00:00+00:00,-1.0,stop_touch,no,,,19.4885,below_50%,manual,1786445757,
1163,1786444006,2026-08-11T10:26:46+00:00,RKLBUSDT,LONG,oversold_24h,74.14,72.2865,77.10560000000001,tp_first,1786449600,2026-08-11T12:00:00+00:00,1.6000000000000076,target_touch,no,,,20.9209,below_50%,manual,1786445757,
1164,1786444007,2026-08-11T10:26:47+00:00,MUBARAKUSDT,LONG,oversold_24h,0.01803,0.01757925,0.018751200000000003,tp_first,1786451400,2026-08-11T12:30:00+00:00,1.6000000000000045,target_touch,no,,,42.1395,below_50%,manual,1786445757,
1165,1786444221,2026-08-11T10:30:21+00:00,RENDERUSDT,SHORT,confluence,1.2349,1.2773166971181715,1.1500666057636573,unresolved,1786531500,2026-08-12T10:45:00+00:00,-0.7261291447137486,window_close,no,,,6.2306,below_50%,manual,1786445757,
1166,1786444228,2026-08-11T10:30:28+00:00,CATIUSDT,SHORT,confluence,0.04291,0.04697026599396535,0.03478946801206929,unresolved,1786531500,2026-08-12T10:45:00+00:00,0.10097860598526395,window_close,no,,,7.0138,below_50%,manual,1786445757,
1167,1786444239,2026-08-11T10:30:39+00:00,YBUSDT,SHORT,confluence,0.0767,0.08106392434904561,0.0679721513019088,sl_first,1786531500,2026-08-12T10:45:00+00:00,-1.0,stop_touch,no,,,10.6267,below_50%,manual,1786445757,
1168,1786444241,2026-08-11T10:30:41+00:00,2ZUSDT,SHORT,confluence,0.05293,0.05491474793919747,0.048960504121605054,unresolved,1786531500,2026-08-12T10:45:00+00:00,0.5088807399938091,window_close,no,,,5.7812,below_50%,manual,1786445757,
1169,1786444763,2026-08-11T10:39:23+00:00,SAMSUNGUSDT,SHORT,confluence,169.55,176.30115421722658,156.04769156554687,sl_first,1786494600,2026-08-12T00:30:00+00:00,-1.0,stop_touch,no,,,7.5659,below_50%,manual,1786445757,
1170,1786444772,2026-08-11T10:39:32+00:00,QUSDT,SHORT,confluence,0.021647,0.023713085085384365,0.01751482982923127,unresolved,1786531500,2026-08-12T10:45:00+00:00,-0.3663934294647754,window_close,no,,,14.7969,below_50%,manual,1786445757,
1178,1786448839,2026-08-11T11:47:19+00:00,COOKIEUSDT,SHORT,confluence,0.01445,0.01753287278677152,0.008284254426456956,unresolved,1786536000,2026-08-12T12:00:00+00:00,0.8271505755741664,window_close,no,,,31.7333,below_50%,open,,
1179,1786448843,2026-08-11T11:47:23+00:00,GRASSUSDT,SHORT,confluence,0.3008,0.3169064856201009,0.2685870287597983,sl_first,1786534200,2026-08-12T11:30:00+00:00,-1.0,stop_touch,no,,,7.1131,below_50%,sl,1786536583,0.3174
1180,1786448845,2026-08-11T11:47:25+00:00,ARXUSDT,SHORT,confluence,0.1227,0.13121513399479193,0.10566973201041616,unresolved,1786536000,2026-08-12T12:00:00+00:00,0.951247508841808,window_close,no,,,8.19,below_50%,tp,1786862032,0.1056
1181,1786448847,2026-08-11T11:47:27+00:00,SCRUSDT,SHORT,confluence,0.02089,0.02241462095174078,0.017840758096518437,unresolved,1786536000,2026-08-12T12:00:00+00:00,0.1770931979464922,window_close,no,,,10.4753,below_50%,sl,1787307445,0.02247
1182,1786448851,2026-08-11T11:47:31+00:00,IOUSDT,SHORT,confluence,0.11711,0.12337901164476779,0.10457197671046443,unresolved,1786536000,2026-08-12T12:00:00+00:00,-0.12601667451987353,window_close,no,,,9.048,below_50%,sl,1787173724,0.12346
1183,1786448853,2026-08-11T11:47:33+00:00,FLUXUSDT,SHORT,confluence,0.04087,0.04321479031014069,0.036180419379718616,unresolved,1786536000,2026-08-12T12:00:00+00:00,0.26868074184518353,window_close,no,,,11.2398,below_50%,sl,1787271545,0.04323
1184,1786448855,2026-08-11T11:47:35+00:00,SAGAUSDT,SHORT,confluence,0.01416,0.016000231503842055,0.010479536992315892,unresolved,1786536000,2026-08-12T12:00:00+00:00,0.19019346167548362,window_close,no,,,10.6322,below_50%,open,,
1185,1786448858,2026-08-11T11:47:38+00:00,SUSHIUSDT,SHORT,confluence,0.1632,0.17166926673568642,0.1462614665286272,unresolved,1786536000,2026-08-12T12:00:00+00:00,0.04722959052813359,window_close,no,,,7.4969,below_50%,sl,1787173662,0.1723
1186,1786449389,2026-08-11T11:56:29+00:00,0GUSDT,SHORT,confluence,0.1642,0.17355405708775037,0.1454918858244993,unresolved,1786536000,2026-08-12T12:00:00+00:00,0.8659344201146054,window_close,no,,,9.121,below_50%,tp,1787012249,0.1442
1187,1786449394,2026-08-11T11:56:34+00:00,EDGEUSDT,SHORT,confluence,0.069,0.07324206062436621,0.0605158787512676,unresolved,1786536000,2026-08-12T12:00:00+00:00,1.5464182577494676,window_close,no,,,16.9796,below_50%,open,,
1188,1786449396,2026-08-11T11:56:36+00:00,FFUSDT,SHORT,confluence,0.0656,0.06893198766532589,0.05893602466934823,unresolved,1786536000,2026-08-12T12:00:00+00:00,0.030012115903262904,window_close,no,,,10.8636,below_50%,sl,1787309877,0.06912
1189,1786449688,2026-08-11T12:01:28+00:00,USARUSDT,SHORT,confluence,18.25,19.374005653991357,16.001988692017285,sl_first,1786469400,2026-08-11T17:30:00+00:00,-1.0,stop_touch,no,,,17.0804,below_50%,sl,1786714696,19.39
1190,1786449691,2026-08-11T12:01:31+00:00,GUNUSDT,SHORT,confluence,0.003514,0.0038970411536545083,0.002747917692690984,unresolved,1786536900,2026-08-12T12:15:00+00:00,0.36549597520864885,window_close,no,,,15.7976,below_50%,open,,
1191,1786449694,2026-08-11T12:01:34+00:00,SOPHUSDT,SHORT,confluence,0.003709,0.003863526610237883,0.003399946779524234,sl_first,1786456800,2026-08-11T14:00:00+00:00,-1.0,stop_touch,no,,,12.4443,below_50%,sl,1786456317,0.003869
1192,1786449696,2026-08-11T12:01:36+00:00,BIOUSDT,SHORT,confluence,0.02575,0.02725579744145634,0.02273840511708732,unresolved,1786536900,2026-08-12T12:15:00+00:00,0.7637149382374894,window_close,no,,,9.8155,below_50%,sl,1787152388,0.02737
1193,1786449698,2026-08-11T12:01:38+00:00,BBUSDT,SHORT,confluence,0.01305,0.014012337543591236,0.01112532491281753,unresolved,1786536900,2026-08-12T12:15:00+00:00,0.5195682152585556,window_close,no,,,9.8145,below_50%,tp,1786914154,0.01112532491281753
1194,1786449700,2026-08-11T12:01:40+00:00,MIRAUSDT,SHORT,confluence,0.04083,0.042446411059417086,0.03759717788116582,unresolved,1786536900,2026-08-12T12:15:00+00:00,0.19796944479914638,window_close,no,,,4.914,below_50%,tp,1787022599,0.03729
1195,1786449703,2026-08-11T12:01:43+00:00,BONKUSDT,SHORT,confluence,2.344e-06,2.463783994851526e-06,2.104432010296948e-06,unresolved,1786536900,2026-08-12T12:15:00+00:00,0.7597008274168512,window_close,no,,,7.5594,below_50%,sl,1787173662,2.464e-06
1196,1786449983,2026-08-11T12:06:23+00:00,IBMUSDT,SHORT,confluence,238.65,244.61624999999998,226.71750000000006,unresolved,1786536900,2026-08-12T12:15:00+00:00,0.17766603813115556,window_close,no,,,2.7052,below_50%,open,,
1197,1786449988,2026-08-11T12:06:28+00:00,TRXUSDT,SHORT,confluence,0.33704,0.345466,0.32018800000000003,unresolved,1786536900,2026-08-12T12:15:00+00:00,0.05221932114882465,window_close,no,,,2.1887,below_50%,open,,
1198,1786449994,2026-08-11T12:06:34+00:00,SOONUSDT,SHORT,confluence,0.2145,0.23125723788061694,0.1809855242387661,unresolved,1786536900,2026-08-12T12:15:00+00:00,0.14918926483055692,window_close,no,,,7.9981,below_50%,open,,
1199,1786449997,2026-08-11T12:06:37+00:00,RATSUSDT,SHORT,confluence,3.877e-05,4.4389344209732445e-05,2.753131158053512e-05,unresolved,1786536900,2026-08-12T12:15:00+00:00,0.19575237944934176,window_close,no,,,14.7242,below_50%,sl,1787060906,4.4389344209732445e-05
1200,1786449999,2026-08-11T12:06:39+00:00,STORJUSDT,SHORT,confluence,0.04258,0.044301858205062834,0.03913628358987433,sl_first,1786513500,2026-08-12T05:45:00+00:00,-1.0,stop_touch,no,,,8.4459,below_50%,sl,1786517239,0.04707
1201,1786450001,2026-08-11T12:06:41+00:00,SANDUSDT,SHORT,confluence,0.0407,0.0417858731095562,0.0385282537808876,unresolved,1786536900,2026-08-12T12:15:00+00:00,0.6722700779452545,window_close,no,,,4.488,below_50%,tp,1786570081,0.03842
1202,1786450292,2026-08-11T12:11:32+00:00,TAUSDT,SHORT,confluence,0.0624,0.07175999999999999,0.04992,unresolved,1786536900,2026-08-12T12:15:00+00:00,0.04914529914529866,window_close,no,,,2.7935,below_50%,open,,
1203,1786450299,2026-08-11T12:11:39+00:00,POLUSDT,SHORT,confluence,0.07549,0.07737725,0.07171550000000002,unresolved,1786536900,2026-08-12T12:15:00+00:00,0.0635845807391684,window_close,no,,,4.3201,below_50%,sl,1786975332,0.0781
1204,1786450302,2026-08-11T12:11:42+00:00,YFIUSDT,SHORT,confluence,1962.1,2012.2749526647187,1861.7500946705622,unresolved,1786536900,2026-08-12T12:15:00+00:00,-0.4643751266831564,window_close,no,,,5.4112,below_50%,sl,1787151972,2013.3
1205,1786450305,2026-08-11T12:11:45+00:00,TAKEUSDT,SHORT,confluence,0.05268,0.0644837022907749,0.029072595418450205,unresolved,1786536900,2026-08-12T12:15:00+00:00,0.5633825588093033,window_close,no,,,20.4836,below_50%,open,,
1206,1786450307,2026-08-11T12:11:47+00:00,BSBUSDT,SHORT,confluence,0.13555,0.15062731885407235,0.10539536229185531,unresolved,1786536900,2026-08-12T12:15:00+00:00,0.25999317504260544,window_close,no,,,11.9479,below_50%,open,,
1207,1786450309,2026-08-11T12:11:49+00:00,TIAUSDT,SHORT,confluence,0.3168,0.32819629218625607,0.29400741562748794,unresolved,1786536900,2026-08-12T12:15:00+00:00,0.7107574874017949,window_close,no,,,5.6724,below_50%,tp,1787022599,0.2936
1256,1786456134,2026-08-11T13:48:54+00:00,GOOGLXUSDT,SHORT,confluence,351.5,360.28749999999997,333.92500000000007,unresolved,1786543200,2026-08-12T14:00:00+00:00,0.7453769559032759,window_close,no,,,2.1093,below_50%,open,,
1264,1786457038,2026-08-11T14:03:58+00:00,RAVEUSDT,LONG,confluence,0.3074,0.2893560038553745,0.343487992289251,unresolved,1786544100,2026-08-12T14:15:00+00:00,-0.08867215372779605,window_close,no,,,6.5854,below_50%,sl,1786646061,0.2893
1274,1786457641,2026-08-11T14:14:01+00:00,ZECUSDT,SHORT,confluence,481.91,499.15523192722833,447.4195361455434,unresolved,1786544100,2026-08-12T14:15:00+00:00,-0.41344761439494,window_close,no,,,5.1019,below_50%,sl,1786949826,514.44
1285,1786458855,2026-08-11T14:34:15+00:00,UNIUSDT,LONG,confluence,3.81,3.684917258658041,4.060165482683917,sl_first,1786464900,2026-08-11T16:15:00+00:00,-1.0,stop_touch,no,,,6.0854,below_50%,sl,1786518297,3.617
1294,1786460413,2026-08-11T15:00:13+00:00,ACEUSDT,LONG,confluence,0.1063,0.09022660476353458,0.13844679047293085,unresolved,1786547700,2026-08-12T15:15:00+00:00,0.09954337440605575,window_close,no,,,21.9256,below_50%,tp,1786686314,0.1398
1300,1786460439,2026-08-11T15:00:39+00:00,UNIUSDT,SHORT,confluence,3.75,3.9167769884559447,3.4164460230881106,unresolved,1786547700,2026-08-12T15:15:00+00:00,1.4810196675619112,window_close,yes,1786458855,confluence,7.9625,below_50%,tp,1786703162,3.4164460230881106
1302,1786460445,2026-08-11T15:00:45+00:00,AVAXUSDT,SHORT,confluence,6.317,6.49939546872992,5.952209062540161,sl_first,1786537800,2026-08-12T12:30:00+00:00,-1.0,stop_touch,no,,,5.3359,below_50%,sl,1786596141,6.5
1305,1786460459,2026-08-11T15:00:59+00:00,ARUSDT,SHORT,confluence,1.781,1.8370952641073877,1.6688094717852244,unresolved,1786547700,2026-08-12T15:15:00+00:00,0.0,window_close,no,,,5.6948,below_50%,sl,1786867709,1.8370952641073877
1306,1786460461,2026-08-11T15:01:01+00:00,EIGENUSDT,SHORT,confluence,0.1753,0.18369294105846928,0.15851411788306147,unresolved,1786547700,2026-08-12T15:15:00+00:00,0.19063639180278366,window_close,no,,,5.6387,below_50%,sl,1787172758,0.18369294105846928
1309,1786460472,2026-08-11T15:01:12+00:00,AAVEUSDT,SHORT,confluence,87.42,89.86963099792928,82.52073800414145,sl_first,1786504500,2026-08-12T03:15:00+00:00,-1.0,stop_touch,no,,,4.0087,below_50%,sl,1786506495,89.89
1317,1786461562,2026-08-11T15:19:22+00:00,ZKUSDT,SHORT,confluence,0.00764,0.007925628694540339,0.007068742610919322,unresolved,1786548600,2026-08-12T15:30:00+00:00,1.0153041537605183,window_close,no,,,3.3722,below_50%,sl,1786975332,0.00806
1338,1786482404,2026-08-11T21:06:44+00:00,CRWVUSDT,LONG,overheated_24h,102.28,99.723,106.3712,tp_first,1786523400,2026-08-12T08:30:00+00:00,1.599999999999999,target_touch,no,,,20.212,below_50%,tp,1786525306,106.8
1347,1786484107,2026-08-11T21:35:07+00:00,HEIUSDT,LONG,confluence,0.15055,0.11869385134287766,0.21426229731424462,unresolved,1786571100,2026-08-12T21:45:00+00:00,-0.5258011626039752,window_close,no,,,26.4266,below_50%,open,,
1370,1786497618,2026-08-12T01:20:18+00:00,BNBUSDT,LONG,confluence,617.9,610.168092951079,633.3638140978421,sl_first,1786515300,2026-08-12T06:15:00+00:00,-1.0,stop_touch,no,,,3.67,below_50%,sl,1786515026,610.168092951079
1372,1786497627,2026-08-12T01:20:27+00:00,ONEUSDT,LONG,confluence,0.000803,0.000782925,0.0008351200000000001,ambiguous,1786498200,2026-08-12T01:30:00+00:00,nan,both_barriers_same_candle,no,,,62.5654,at_or_above_50%,sl,1786498127,0.000655
1379,1786498224,2026-08-12T01:30:24+00:00,ONEUSDT,LONG,confluence,0.000638,0.00062205,0.00066352,tp_first,1786499100,2026-08-12T01:45:00+00:00,1.5999999999999972,target_touch,no,,,116.0,at_or_above_50%,tp,1786499015,0.00075
1382,1786498232,2026-08-12T01:30:32+00:00,XAIUSDT,SHORT,confluence,0.006472,0.0069093784159376575,0.005597243168124686,unresolved,1786585500,2026-08-13T01:45:00+00:00,0.34752515090197306,window_close,no,,,6.7151,below_50%,sl,1786704288,0.007019
1394,1786499474,2026-08-12T01:51:14+00:00,TSTBSCUSDT,LONG,confluence,0.015386,0.01151640725781218,0.023125185484375643,unresolved,1786586400,2026-08-13T02:00:00+00:00,-0.15893145376644666,window_close,no,,,39.153,below_50%,open,,
1404,1786501214,2026-08-12T02:20:14+00:00,PROMUSDT,LONG,confluence,2.601,2.2138521414358587,3.375295717128282,tp_first,1786504500,2026-08-12T03:15:00+00:00,1.999999999999999,target_touch,no,,,93.5243,at_or_above_50%,sl,1786637401,2.21
1419,1786503364,2026-08-12T02:56:04+00:00,TRBUSDT,LONG,confluence,14.47,14.203086183250413,15.003827633499174,sl_first,1786503600,2026-08-12T03:00:00+00:00,-1.0,stop_touch,no,,,4.4596,below_50%,sl,1786503985,14.08
1427,1786504526,2026-08-12T03:15:26+00:00,TUTUSDT,LONG,confluence,0.072693,0.016610673651043947,0.1848576526979121,unresolved,1786591800,2026-08-13T03:30:00+00:00,-0.19030950915962974,window_close,no,,,72.8463,at_or_above_50%,open,,
1436,1786506919,2026-08-12T03:55:19+00:00,CATIUSDT,LONG,confluence,0.04401,0.04131385336458803,0.04940229327082394,unresolved,1786593600,2026-08-13T04:00:00+00:00,-0.36719071099362754,window_close,no,,,5.5085,below_50%,tp,1786788405,0.04956
1445,1786510618,2026-08-12T04:56:58+00:00,THEUSDT,LONG,confluence,0.059,0.05356706010013113,0.06986587979973773,unresolved,1786597200,2026-08-13T05:00:00+00:00,0.38653105661093223,window_close,no,,,11.0357,below_50%,tp,1787290361,0.0701
1455,1786512063,2026-08-12T05:21:03+00:00,INXUSDT,LONG,confluence,0.0078,0.00635752181245848,0.010684956375083038,unresolved,1786599000,2026-08-13T05:30:00+00:00,-0.09012267992874455,window_close,no,,,84.4262,at_or_above_50%,open,,
1491,1786521378,2026-08-12T07:56:18+00:00,STORJUSDT,SHORT,confluence,0.05306,0.05549007641478385,0.048199847170432304,sl_first,1786521600,2026-08-12T08:00:00+00:00,-1.0,stop_touch,no,,,21.9802,below_50%,tp,1786532898,0.04803
1492,1786521684,2026-08-12T08:01:24+00:00,AVAAIUSDT,LONG,confluence,0.008971,0.008436174095005786,0.01004065180998843,tp_first,1786525200,2026-08-12T09:00:00+00:00,2.000000000000003,target_touch,no,,,11.5497,below_50%,tp,1786526235,0.010158
1493,1786521983,2026-08-12T08:06:23+00:00,SOXXUSDT,LONG,confluence,541.4,532.7492158496266,558.7015683007468,unresolved,1786608900,2026-08-13T08:15:00+00:00,0.6473401604591311,window_close,no,,,1.9838,below_50%,tp,1786631783,558.7015683007468
1494,1786522294,2026-08-12T08:11:34+00:00,CRDOUSDT,LONG,confluence,255.63,247.97093726303302,270.94812547393394,tp_first,1786547700,2026-08-12T15:15:00+00:00,2.0,target_touch,no,,,6.983,below_50%,tp,1786552194,271.7
1495,1786522304,2026-08-12T08:11:44+00:00,ONDSUSDT,LONG,confluence,9.974,9.655013270374695,10.61197345925061,unresolved,1786608900,2026-08-13T08:15:00+00:00,1.1693276408023014,window_close,no,,,9.1635,below_50%,sl,1786623089,9.655013270374695
1496,1786522305,2026-08-12T08:11:45+00:00,SOXXUSDT,SHORT,confluence,540.8,554.3199999999999,513.76,unresolved,1786608900,2026-08-13T08:15:00+00:00,-0.45857988165680874,window_close,yes,1786521983,confluence,1.9838,below_50%,sl,1786628434,554.3199999999999
1497,1786522895,2026-08-12T08:21:35+00:00,HOMEUSDT,SHORT,confluence,0.00986,0.011361906175287895,0.006856187649424212,unresolved,1786609800,2026-08-13T08:30:00+00:00,-0.13316411057545696,window_close,no,,,21.9363,below_50%,sl,1786682326,0.011361906175287895
1498,1786523542,2026-08-12T08:32:22+00:00,JASMYUSDT,SHORT,confluence,0.00403,0.004149921042051173,0.0037901579158976526,unresolved,1786610700,2026-08-13T08:45:00+00:00,-0.3752469060500423,window_close,no,,,3.3538,below_50%,sl,1786680555,0.004261
1503,1786530949,2026-08-12T10:35:49+00:00,RAREUSDT,LONG,confluence,0.01435,0.013774644930624963,0.015500710138750071,ambiguous,1786531500,2026-08-12T10:45:00+00:00,nan,both_barriers_same_candle,no,,,7.8399,below_50%,tp,1786531666,0.01557
1504,1786530950,2026-08-12T10:35:50+00:00,XPDUSDT,LONG,confluence,1393.55,1372.8554423864784,1434.9391152270427,sl_first,1786558500,2026-08-12T18:15:00+00:00,-1.0,stop_touch,no,,,2.2523,below_50%,sl,1786558386,1372.67
1505,1786531530,2026-08-12T10:45:30+00:00,CRWVUSDT,LONG,overheated_24h,107.01,104.33475,111.2904,tp_first,1786542300,2026-08-12T13:45:00+00:00,1.5999999999999968,target_touch,no,,,26.702,below_50%,tp,1786542323,111.2904
1507,1786533245,2026-08-12T11:14:05+00:00,SCRTUSDT,LONG,confluence,0.03841,0.03577637064887478,0.04367725870225043,sl_first,1786533300,2026-08-12T11:15:00+00:00,-1.0,stop_touch,no,,,19.8347,below_50%,sl,1786534971,0.03557
1508,1786533245,2026-08-12T11:14:05+00:00,XPTUSDT,LONG,confluence,1784.16,1756.5199682580035,1839.4400634839933,sl_first,1786570200,2026-08-12T21:30:00+00:00,-1.0,stop_touch,no,,,2.4717,below_50%,sl,1786570081,1754.1
1509,1786533791,2026-08-12T11:23:11+00:00,IOTAUSDT,SHORT,confluence,0.0345,0.03565587699060837,0.03218824601878327,unresolved,1786620600,2026-08-13T11:30:00+00:00,0.34605758506316037,window_close,no,,,3.7316,below_50%,tp,1786861279,0.03184
1510,1786534092,2026-08-12T11:28:12+00:00,AVAAIUSDT,LONG,confluence,0.010783,0.010130307068033808,0.01208838586393238,sl_first,1786536900,2026-08-12T12:15:00+00:00,-1.0,stop_touch,no,,,26.5485,below_50%,sl,1786536583,0.009467
1511,1786534390,2026-08-12T11:33:10+00:00,SOMIUSDT,SHORT,confluence,0.0909,0.10453499999999999,0.07271999999999999,unresolved,1786621500,2026-08-13T11:45:00+00:00,0.08800880088008751,window_close,no,,,13.0485,below_50%,sl,1787302093,0.1051
1512,1786534693,2026-08-12T11:38:13+00:00,FLOCKUSDT,SHORT,confluence,0.03023,0.03150101979983546,0.02768796040032908,unresolved,1786621500,2026-08-13T11:45:00+00:00,0.18095705513775293,window_close,no,,,7.125,below_50%,sl,1787217595,0.03156
1513,1786534693,2026-08-12T11:38:13+00:00,NILUSDT,LONG,confluence,0.04119,0.03683952996268622,0.04989094007462755,unresolved,1786621500,2026-08-13T11:45:00+00:00,-0.08734688361045038,window_close,no,,,19.0297,below_50%,tp,1786780582,0.05307
1515,1786535589,2026-08-12T11:53:09+00:00,EWJUSDT,LONG,confluence,97.32,96.42620874139067,99.10758251721866,unresolved,1786622400,2026-08-13T12:00:00+00:00,0.46990837732457913,window_close,no,,,1.3646,below_50%,sl,1787044206,96.32
1516,1786535894,2026-08-12T11:58:14+00:00,FLOCKUSDT,LONG,confluence,0.03073,0.029776735150123405,0.03263652969975319,sl_first,1786545900,2026-08-12T14:45:00+00:00,-1.0,stop_touch,yes,1786534693,confluence,8.7994,below_50%,sl,1786546895,0.02962
1517,1786536781,2026-08-12T12:13:01+00:00,POWERUSDT,LONG,confluence,0.10058,0.09453421436506795,0.11267157126986412,sl_first,1786592700,2026-08-13T03:45:00+00:00,-1.0,stop_touch,no,,,11.1962,below_50%,sl,1786604175,0.09451
1518,1786537383,2026-08-12T12:23:03+00:00,METUSDT,LONG,confluence,0.1649,0.15936511799333988,0.1759697640133202,sl_first,1786553100,2026-08-12T16:45:00+00:00,-1.0,stop_touch,no,,,8.982,below_50%,sl,1786553360,0.159
1521,1786538305,2026-08-12T12:38:25+00:00,SKUUUSDT,SHORT,confluence,19.761,22.725149999999996,15.8088,unresolved,1786625100,2026-08-13T12:45:00+00:00,-0.2894590354739138,window_close,no,,,15.2185,below_50%,sl,1786631270,22.894
1522,1786538318,2026-08-12T12:38:38+00:00,IONQUSDT,LONG,confluence,44.63,43.370598050009306,47.1488038999814,sl_first,1786542300,2026-08-12T13:45:00+00:00,-1.0,stop_touch,no,,,4.3142,below_50%,tp,1786628434,47.1488038999814
1523,1786538318,2026-08-12T12:38:38+00:00,GRASSUSDT,SHORT,confluence,0.32,0.3365970162187162,0.28680596756256765,unresolved,1786625100,2026-08-13T12:45:00+00:00,-0.13857912589169477,window_close,no,,,10.0516,below_50%,sl,1786898301,0.3372
1524,1786538318,2026-08-12T12:38:38+00:00,HOODXUSDT,SHORT,confluence,95.98,98.3795,91.18100000000003,unresolved,1786625100,2026-08-13T12:45:00+00:00,0.1625338612210887,window_close,no,,,3.0179,below_50%,sl,1786629166,99.28
1525,1786538320,2026-08-12T12:38:40+00:00,GDXUSDT,LONG,confluence,91.98,90.36490988861942,95.21018022276117,sl_first,1786602600,2026-08-13T06:30:00+00:00,-1.0,stop_touch,no,,,2.6646,below_50%,sl,1786602777,90.28
1526,1786538584,2026-08-12T12:43:04+00:00,TSEMUSDT,LONG,confluence,262.16,250.80498296140547,284.87003407718913,unresolved,1786625100,2026-08-13T12:45:00+00:00,-0.513429436537564,window_close,no,,,7.7765,below_50%,sl,1786682721,250.80498296140547
1527,1786538884,2026-08-12T12:48:04+00:00,FLNCUSDT,SHORT,confluence,13.494,13.988372874407679,12.505254251184642,unresolved,1786626000,2026-08-13T13:00:00+00:00,0.6938082928011721,window_close,no,,,4.6414,below_50%,tp,1786994136,12.505254251184642
1528,1786539187,2026-08-12T12:53:07+00:00,FIGHTUSDT,LONG,confluence,0.004059,0.0038786237611954056,0.004419752477609189,unresolved,1786626000,2026-08-13T13:00:00+00:00,-0.18849489392465446,window_close,no,,,13.7789,below_50%,tp,1786820575,0.004419752477609189
1531,1786541581,2026-08-12T13:33:01+00:00,ALABUSDT,SHORT,confluence,334.3,350.3822061774712,302.1355876450577,unresolved,1786628700,2026-08-13T13:45:00+00:00,1.0321966909772748,window_close,no,,,9.1294,below_50%,tp,1787045896,302.1355876450577
1532,1786541582,2026-08-12T13:33:02+00:00,FLEXUSDT,LONG,confluence,127.91,124.70690106845042,134.31619786309915,sl_first,1786564800,2026-08-12T20:00:00+00:00,-1.0,stop_touch,no,,,6.9988,below_50%,sl,1786565027,124.66
1535,1786541586,2026-08-12T13:33:06+00:00,LRCXUSDT,LONG,confluence,326.7,318.74723500301417,342.60552999397163,unresolved,1786628700,2026-08-13T13:45:00+00:00,0.03772272915315798,window_close,no,,,6.4964,below_50%,tp,1786639317,343.6
1536,1786541888,2026-08-12T13:38:08+00:00,SKHYUSDT,SHORT,confluence,148.46,154.3542897451889,136.6714205096222,sl_first,1786545000,2026-08-12T14:30:00+00:00,-1.0,stop_touch,no,,,9.6347,below_50%,sl,1786562469,154.4
1537,1786541890,2026-08-12T13:38:10+00:00,SNDKUSDT,SHORT,confluence,1328.58,1389.85186005223,1206.0362798955398,unresolved,1786628700,2026-08-13T13:45:00+00:00,-0.764951479521703,window_close,no,,,9.1967,below_50%,sl,1786629166,1390.51
1538,1786541892,2026-08-12T13:38:12+00:00,INTWUSDT,SHORT,confluence,24.15,27.772499999999997,19.32,unresolved,1786628700,2026-08-13T13:45:00+00:00,-0.06073153899240925,window_close,no,,,12.2955,below_50%,tp,1787228065,19.32
1539,1786541893,2026-08-12T13:38:13+00:00,MUUUSDT,SHORT,confluence,28.36,30.414468314566427,24.251063370867143,unresolved,1786628700,2026-08-13T13:45:00+00:00,-0.5840927268100727,window_close,no,,,16.18,below_50%,sl,1786631783,30.7
1540,1786541897,2026-08-12T13:38:17+00:00,SKHYNIXUSDT,SHORT,confluence,1088.9,1138.1494522283147,990.401095543371,sl_first,1786580100,2026-08-13T00:15:00+00:00,-1.0,stop_touch,no,,,8.8203,below_50%,sl,1786594225,1150.4
1541,1786541902,2026-08-12T13:38:22+00:00,AMDUSDT,SHORT,confluence,482.8,494.90429840730684,458.59140318538635,sl_first,1786628700,2026-08-13T13:45:00+00:00,-1.0,stop_touch,no,,,5.3284,below_50%,sl,1786629166,494.90429840730684
1542,1786541903,2026-08-12T13:38:23+00:00,WDCUSDT,SHORT,confluence,457.5,475.4733039909572,421.55339201808556,unresolved,1786628700,2026-08-13T13:45:00+00:00,-0.46735981343364635,window_close,no,,,6.289,below_50%,sl,1786629960,475.4733039909572
1543,1786542186,2026-08-12T13:43:06+00:00,AMATUSDT,SHORT,confluence,548.6,565.6051498139254,514.5897003721492,unresolved,1786628700,2026-08-13T13:45:00+00:00,-0.09996971615079875,window_close,no,,,5.7542,below_50%,tp,1786651451,514.5897003721492
1544,1786542189,2026-08-12T13:43:09+00:00,TERUSDT,LONG,confluence,398.4,387.6213710814915,419.95725783701704,unresolved,1786628700,2026-08-13T13:45:00+00:00,0.7978751346780804,window_close,no,,,7.4502,below_50%,tp,1786635117,419.95725783701704
1545,1786542478,2026-08-12T13:47:58+00:00,MAVIAUSDT,LONG,confluence,0.02981,0.0286557945480854,0.0321184109038292,unresolved,1786629600,2026-08-13T14:00:00+00:00,-0.25125509459251405,window_close,no,,,4.4792,below_50%,tp,1786739462,0.0322
1546,1786542668,2026-08-12T13:51:08+00:00,SNXXUSDT,LONG,overheated_24h,11.347,11.063324999999999,11.80088,sl_first,1786543200,2026-08-12T14:00:00+00:00,-1.0,stop_touch,no,,,19.8718,below_50%,sl,1786562990,11.063324999999999
1549,1786545192,2026-08-12T14:33:12+00:00,KSTRUSDT,SHORT,confluence,25.39,26.024749999999997,24.120500000000007,unresolved,1786632300,2026-08-13T14:45:00+00:00,0.5829066561638485,window_close,no,,,3.5366,below_50%,tp,1787207222,23.93
1550,1786546543,2026-08-12T14:55:43+00:00,WENUSDT,LONG,overheated_24h,9.06,8.8335,9.422400000000001,sl_first,1786546800,2026-08-12T15:00:00+00:00,-1.0,stop_touch,no,,,6.2039,below_50%,sl,1786547425,8.498
1552,1786546701,2026-08-12T14:58:21+00:00,HUMAUSDT,SHORT,confluence,0.02022,0.021208168565284093,0.01824366286943181,unresolved,1786633200,2026-08-13T15:00:00+00:00,0.44526816118007256,window_close,no,,,5.3125,below_50%,sl,1786810084,0.02155
1554,1786547604,2026-08-12T15:13:24+00:00,EVOLUSDT,SHORT,confluence,52.96,60.903999999999996,42.368,unresolved,1786634100,2026-08-13T15:15:00+00:00,0.34239677744209474,window_close,no,,,6.6639,below_50%,open,,
1557,1786552735,2026-08-12T16:38:55+00:00,BRUSDT,SHORT,pump_24h_fade,0.20822,0.23945299999999997,0.166576,sl_first,1786569300,2026-08-12T21:15:00+00:00,-1.0,stop_touch,no,,,102.4779,at_or_above_50%,sl,1786632637,0.25228
1558,1786552735,2026-08-12T16:38:55+00:00,APRUSDT,SHORT,pump_24h_fade,0.42903,0.4933845,0.34322400000000003,sl_first,1786569300,2026-08-12T21:15:00+00:00,-1.0,stop_touch,no,,,124.7135,at_or_above_50%,sl,1786569532,0.4933845
1559,1786556016,2026-08-12T17:33:36+00:00,AVAAIUSDT,SHORT,pump_24h_fade,0.011186,0.012467662038832664,0.008622675922334672,sl_first,1786611600,2026-08-13T09:00:00+00:00,-1.0,stop_touch,no,,,39.3248,below_50%,sl,1786614447,0.012805
1560,1786556016,2026-08-12T17:33:36+00:00,COTIUSDT,SHORT,pump_24h_fade,0.01367,0.01476998633607192,0.011470027327856158,tp_first,1786596300,2026-08-13T04:45:00+00:00,2.0,target_touch,no,,,42.5806,below_50%,tp,1786596621,0.01139
1561,1786557221,2026-08-12T17:53:41+00:00,NBISUSDT,SHORT,pump_24h_fade,250.12,265.21088552043335,219.9382289591333,sl_first,1786628700,2026-08-13T13:45:00+00:00,-1.0,stop_touch,no,,,30.9013,below_50%,sl,1786628434,270.02
1562,1786558049,2026-08-12T18:07:29+00:00,EULUSDT,SHORT,confluence,1.1952,1.2824861421687028,1.0206277156625945,unresolved,1786644900,2026-08-13T18:15:00+00:00,0.4330584335706107,window_close,no,,,10.0764,below_50%,sl,1787173177,1.2824861421687028
1563,1786558389,2026-08-12T18:13:09+00:00,NBISUSDT,LONG,overheated_24h,249.09,237.49219300253213,272.2856139949357,tp_first,1786631400,2026-08-13T14:30:00+00:00,1.9999999999999976,target_touch,yes,1786557221,pump_24h_fade,31.8127,below_50%,tp,1786631783,273.41
1564,1786558549,2026-08-12T18:15:49+00:00,2ZUSDT,SHORT,confluence,0.05743,0.06604449999999999,0.045944000000000006,unresolved,1786645800,2026-08-13T18:30:00+00:00,0.9518834523187658,window_close,no,,,16.8588,below_50%,open,,
1566,1786559453,2026-08-12T18:30:53+00:00,SPCXUSDT,LONG,confluence,148.22,142.8032976847881,159.05340463042378,sl_first,1786629600,2026-08-13T14:00:00+00:00,-1.0,stop_touch,no,,,13.2198,below_50%,sl,1786629542,142.37
1567,1786559453,2026-08-12T18:30:53+00:00,TRUTHUSDT,LONG,confluence,0.013777,0.013382954678148712,0.014565090643702577,sl_first,1786636800,2026-08-13T16:00:00+00:00,-1.0,stop_touch,no,,,4.5217,below_50%,sl,1786680555,0.013381
1568,1786560047,2026-08-12T18:40:47+00:00,EDENUSDT,LONG,confluence,0.04526,0.04289928818787718,0.049981423624245645,tp_first,1786636800,2026-08-13T16:00:00+00:00,2.0,target_touch,no,,,5.7934,below_50%,tp,1786638925,0.05004
1569,1786563339,2026-08-12T19:35:39+00:00,PIEVERSEUSDT,LONG,confluence,0.7643,0.7287119555997007,0.8354760888005985,sl_first,1786638600,2026-08-13T16:30:00+00:00,-1.0,stop_touch,no,,,6.0414,below_50%,sl,1786638538,0.7283
1570,1786563339,2026-08-12T19:35:39+00:00,QNTXUSDT,LONG,confluence,71.83,68.61390893331958,78.26218213336082,sl_first,1786633200,2026-08-13T15:00:00+00:00,-1.0,stop_touch,no,,,33.2404,below_50%,sl,1786633023,68.48
1571,1786563649,2026-08-12T19:40:49+00:00,OKBUSDT,LONG,confluence,97.92,96.02792603644444,101.70414792711114,tp_first,1786585500,2026-08-13T01:45:00+00:00,2.0000000000000075,target_touch,no,,,3.2698,below_50%,tp,1786594225,103.12
1572,1786564244,2026-08-12T19:50:44+00:00,MNTUSDT,LONG,confluence,0.4633,0.45342295331228033,0.4830540933754393,sl_first,1786633200,2026-08-13T15:00:00+00:00,-1.0,stop_touch,no,,,8.1314,below_50%,sl,1786637784,0.4533
1573,1786564708,2026-08-12T19:58:28+00:00,CYSUSDT,SHORT,pump_24h_fade,1.6224,2.0435460589059598,0.7801078821880807,unresolved,1786651200,2026-08-13T20:00:00+00:00,1.1490075468284342,window_close,no,,,72.9055,at_or_above_50%,tp,1786840227,0.7801078821880807
1577,1786568718,2026-08-12T21:05:18+00:00,KOMAUSDT,LONG,confluence,0.014532,0.013433242604187202,0.016729514791625596,sl_first,1786612500,2026-08-13T09:15:00+00:00,-1.0,stop_touch,no,,,11.214,below_50%,sl,1786612506,0.013407
1578,1786569730,2026-08-12T21:22:10+00:00,TRADOORUSDT,LONG,confluence,0.631,0.5900103848210465,0.7129792303579069,unresolved,1786656600,2026-08-13T21:30:00+00:00,0.21956780908304654,window_close,no,,,6.2818,below_50%,open,,
1579,1786570242,2026-08-12T21:30:42+00:00,GWEIUSDT,SHORT,confluence,0.024936,0.02693088,0.020946239999999998,sl_first,1786609800,2026-08-13T08:30:00+00:00,-1.0,stop_touch,no,,,10.8078,below_50%,sl,1786684518,0.027076
1586,1786594604,2026-08-13T04:16:44+00:00,AMATUSDT,LONG,confluence,557.5,546.0533225377412,580.3933549245176,sl_first,1786623300,2026-08-13T12:15:00+00:00,-1.0,stop_touch,no,,,5.2284,below_50%,sl,1786623532,546.0533225377412
1589,1786595450,2026-08-13T04:30:50+00:00,AIOUSDT,SHORT,confluence,0.04402,0.047541599999999996,0.0369768,unresolved,1786682700,2026-08-14T04:45:00+00:00,0.701385733757383,window_close,no,,,12.665,below_50%,sl,1786734006,0.047541599999999996
1590,1786596053,2026-08-13T04:40:53+00:00,SEIUSDT,SHORT,confluence,0.04145,0.042556626981196284,0.039236746037607434,unresolved,1786682700,2026-08-14T04:45:00+00:00,0.6144798667974894,window_close,no,,,4.8756,below_50%,tp,1786916554,0.03921
1593,1786601435,2026-08-13T06:10:35+00:00,ACUUSDT,LONG,confluence,0.13993,0.1294416958833388,0.16090660823332242,sl_first,1786602600,2026-08-13T06:30:00+00:00,-1.0,stop_touch,no,,,48.9208,below_50%,sl,1786602777,0.12644
1594,1786601435,2026-08-13T06:10:35+00:00,STGUSDT,LONG,confluence,0.1437,0.13623476022188077,0.15863047955623844,unresolved,1786688100,2026-08-14T06:15:00+00:00,-0.013395417022383012,window_close,no,,,7.3408,below_50%,tp,1787309728,0.1588
1595,1786601435,2026-08-13T06:10:35+00:00,NIGHTUSDT,SHORT,confluence,0.01813,0.018959281333859813,0.016471437332280375,unresolved,1786688100,2026-08-14T06:15:00+00:00,0.6873421319481403,window_close,no,,,6.3817,below_50%,sl,1787152627,0.019
1597,1786601852,2026-08-13T06:17:32+00:00,ACUUSDT,SHORT,pump_24h_fade,0.13482,0.1488044054888816,0.10685118902223678,tp_first,1786662000,2026-08-13T23:00:00+00:00,2.0,target_touch,yes,1786601435,confluence,52.4606,at_or_above_50%,tp,1786680555,0.10193
1598,1786601974,2026-08-13T06:19:34+00:00,TRIAUSDT,SHORT,confluence,0.00849,0.008865643713341191,0.007738712573317616,unresolved,1786689000,2026-08-14T06:30:00+00:00,0.1331048496866109,window_close,no,,,4.5567,below_50%,sl,1787078374,0.00904
1600,1786602581,2026-08-13T06:29:41+00:00,UPUSDT,LONG,confluence,0.3938,0.38307613602605495,0.41524772794789006,unresolved,1786689000,2026-08-14T06:30:00+00:00,0.5408498293238193,window_close,no,,,3.8178,below_50%,tp,1786780582,0.4186
1601,1786603178,2026-08-13T06:39:38+00:00,FFUSDT,LONG,confluence,0.06631,0.0643746829384169,0.07018063412316618,sl_first,1786684500,2026-08-14T05:15:00+00:00,-1.0,stop_touch,no,,,3.3967,below_50%,sl,1786684842,0.06436
1602,1786603778,2026-08-13T06:49:38+00:00,HOMEUSDT,LONG,confluence,0.01046,0.0096232,0.012133600000000001,unresolved,1786690800,2026-08-14T07:00:00+00:00,1.075525812619502,window_close,no,,,18.9128,below_50%,sl,1786765905,0.00928
1603,1786604972,2026-08-13T07:09:32+00:00,ATUSDT,LONG,confluence,0.17534,0.16714445964748267,0.19173108070503464,sl_first,1786605300,2026-08-13T07:15:00+00:00,-1.0,stop_touch,no,,,12.587,below_50%,sl,1786607476,0.16607
1604,1786604972,2026-08-13T07:09:32+00:00,TAKEUSDT,LONG,confluence,0.04931,0.0453652,0.0571996,sl_first,1786618800,2026-08-13T11:00:00+00:00,-1.0,stop_touch,no,,,16.185,below_50%,sl,1786619554,0.044
1605,1786606168,2026-08-13T07:29:28+00:00,NOTUSDT,LONG,confluence,0.000379,0.0003684136535584079,0.0004001726928831841,tp_first,1786628700,2026-08-13T13:45:00+00:00,1.999999999999995,target_touch,no,,,5.6342,below_50%,tp,1786628434,0.0004001726928831841
1606,1786606466,2026-08-13T07:34:26+00:00,BSVUSDT,LONG,confluence,15.05,14.648121325885294,15.853757348229417,sl_first,1786634100,2026-08-13T15:15:00+00:00,-1.0,stop_touch,no,,,5.1748,below_50%,sl,1786634280,14.64
1611,1786609043,2026-08-13T08:17:23+00:00,AKTUSDT,LONG,confluence,0.5445,0.5258899400561833,0.5817201198876334,sl_first,1786678200,2026-08-14T03:30:00+00:00,-1.0,stop_touch,no,,,6.2622,below_50%,sl,1786680555,0.5225
1612,1786609641,2026-08-13T08:27:21+00:00,RESOLVUSDT,SHORT,confluence,0.01708,0.017853754735437568,0.015532490529124868,unresolved,1786696200,2026-08-14T08:30:00+00:00,0.5169596794438961,window_close,no,,,4.5956,below_50%,sl,1786863023,0.01788
1613,1786611445,2026-08-13T08:57:25+00:00,REUSDT,SHORT,confluence,0.44329,0.47750810965368057,0.3748537806926389,unresolved,1786698000,2026-08-14T09:00:00+00:00,-0.07656764288024147,window_close,no,,,7.3108,below_50%,sl,1787157528,0.48825
1616,1786612953,2026-08-13T09:22:33+00:00,DOGSUSDT,SHORT,confluence,3.545e-05,3.6939947499980825e-05,3.247010500003835e-05,unresolved,1786699800,2026-08-14T09:30:00+00:00,0.5906248374599268,window_close,no,,,4.0739,below_50%,sl,1787173662,3.6939947499980825e-05
1617,1786613244,2026-08-13T09:27:24+00:00,PNUTUSDT,LONG,confluence,0.04165,0.04035247173790224,0.04424505652419552,unresolved,1786699800,2026-08-14T09:30:00+00:00,-0.03853480610831912,window_close,no,,,6.0567,below_50%,sl,1786717067,0.04031
1618,1786613244,2026-08-13T09:27:24+00:00,AVNTUSDT,LONG,confluence,0.0996,0.09546494425183726,0.10787011149632547,tp_first,1786614300,2026-08-13T09:45:00+00:00,2.0,target_touch,no,,,11.7514,below_50%,tp,1786614447,0.10787011149632547
1619,1786613987,2026-08-13T09:39:47+00:00,XMRUSDT,LONG,confluence,405.43,394.5877766861911,427.1144466276178,sl_first,1786649400,2026-08-13T19:30:00+00:00,-1.0,stop_touch,no,,,3.9113,below_50%,sl,1786649167,394.33
1620,1786614541,2026-08-13T09:49:01+00:00,AVNTUSDT,LONG,confluence,0.1062,0.10156137282326584,0.11547725435346834,sl_first,1786615200,2026-08-13T10:00:00+00:00,-1.0,stop_touch,no,,,24.1808,below_50%,sl,1786615824,0.1004
1621,1786615148,2026-08-13T09:59:08+00:00,BARDUSDT,SHORT,confluence,0.1183,0.12241355356945392,0.11007289286109216,tp_first,1786637700,2026-08-13T16:15:00+00:00,2.0,target_touch,no,,,7.6077,below_50%,tp,1786637784,0.1097
1622,1786615330,2026-08-13T10:02:10+00:00,AVAAIUSDT,SHORT,pump_24h_fade,0.013285,0.014910927152860437,0.010033145694279126,sl_first,1786652100,2026-08-13T20:15:00+00:00,-1.0,stop_touch,no,,,50.2291,at_or_above_50%,sl,1786654937,0.014910927152860437
1625,1786617034,2026-08-13T10:30:34+00:00,MYXUSDT,LONG,confluence,0.079,0.07584235129170755,0.0853152974165849,tp_first,1786638600,2026-08-13T16:30:00+00:00,2.0,target_touch,no,,,10.4972,below_50%,tp,1786638139,0.0855
1630,1786618222,2026-08-13T10:50:22+00:00,AKEUSDT,SHORT,pump_24h_fade,0.0055148,0.006342019999999999,0.00441184,sl_first,1786633200,2026-08-13T15:00:00+00:00,-1.0,stop_touch,no,,,36.5492,below_50%,sl,1786635990,0.006342019999999999
1631,1786619700,2026-08-13T11:15:00+00:00,0GUSDT,LONG,bb_squeeze,0.16,0.15768613861386138,0.16462772277227722,tp_first,1786670100,2026-08-14T01:15:00+00:00,1.999999999999988,target_touch,no,,,3.6082,below_50%,sl,1786706548,0.1571
1632,1786619775,2026-08-13T11:16:15+00:00,SKYAIUSDT,SHORT,bb_squeeze,0.07283,0.07887683168316832,0.06073633663366337,sl_first,1786622400,2026-08-13T12:00:00+00:00,-1.0,stop_touch,no,,,23.8015,below_50%,sl,1786623089,0.07937
1633,1786619830,2026-08-13T11:17:10+00:00,NESUSDT,SHORT,bb_squeeze,0.1984,0.19974950495049504,0.1957009900990099,sl_first,1786634100,2026-08-13T15:15:00+00:00,-1.0,stop_touch,no,,,3.0488,below_50%,sl,1786633897,0.2
1634,1786619839,2026-08-13T11:17:19+00:00,PTBUSDT,LONG,bb_squeeze,0.0008912,0.0008661881188118812,0.0009412237623762376,sl_first,1786620600,2026-08-13T11:30:00+00:00,-1.0,stop_touch,no,,,7.8361,below_50%,sl,1786620418,0.0008661881188118812
1635,1786619869,2026-08-13T11:17:49+00:00,STBLUSDT,LONG,bb_squeeze,0.02348,0.023183267326732673,0.024073465346534654,sl_first,1786620600,2026-08-13T11:30:00+00:00,-1.0,stop_touch,no,,,4.1998,below_50%,sl,1786620418,0.02315
1636,1786619888,2026-08-13T11:18:08+00:00,OPGUSDT,SHORT,bb_squeeze,0.0914,0.09254257425742574,0.08911485148514851,sl_first,1786686300,2026-08-14T05:45:00+00:00,-1.0,stop_touch,no,,,4.8193,below_50%,sl,1786686644,0.09254257425742574
1637,1786619902,2026-08-13T11:18:22+00:00,NGUSDT,SHORT,bb_squeeze,2.834,2.8464752475247526,2.809049504950495,sl_first,1786624200,2026-08-13T12:30:00+00:00,-1.0,stop_touch,no,,,1.6272,below_50%,tp,1786627540,2.796
1638,1786620062,2026-08-13T11:21:02+00:00,POWERUSDT,SHORT,ema_cross,0.09365,0.09846379310344827,0.08402241379310345,unresolved,1786707000,2026-08-14T11:30:00+00:00,1.634885386819485,window_close,no,,,9.197,below_50%,tp,1786707630,0.084
1639,1786620156,2026-08-13T11:22:36+00:00,AVNTUSDT,LONG,ema_cross,0.0971,0.09436206896551724,0.10257586206896552,tp_first,1786623300,2026-08-13T12:15:00+00:00,1.999999999999995,target_touch,no,,,24.1808,below_50%,tp,1786624439,0.10257586206896552
1640,1786620213,2026-08-13T11:23:33+00:00,CBRSUSDT,SHORT,ema_cross,215.6,221.48620689655172,203.82758620689654,sl_first,1786622400,2026-08-13T12:00:00+00:00,-1.0,stop_touch,yes,1786618199,oversold_24h,25.4726,below_50%,sl,1786622214,222.5
1641,1786620228,2026-08-13T11:23:48+00:00,GIGADEVUSDT,SHORT,ema_cross,63.68,65.45137931034483,60.13724137931034,sl_first,1786631400,2026-08-13T14:30:00+00:00,-1.0,stop_touch,no,,,8.7855,below_50%,sl,1786631783,65.53
1643,1786621738,2026-08-13T11:48:58+00:00,龙虾USDT,LONG,vwap_reversion,0.019193,0.01843011304347826,0.020413619130434785,tp_first,1786622400,2026-08-13T12:00:00+00:00,1.5999999999999972,target_touch,no,,,25.5771,below_50%,tp,1786622214,0.020494
1644,1786622991,2026-08-13T12:09:51+00:00,ELSAUSDT,LONG,bb_squeeze,0.05173,0.05103811881188119,0.05311376237623762,sl_first,1786689000,2026-08-14T06:30:00+00:00,-1.0,stop_touch,no,,,2.1419,below_50%,sl,1786689201,0.05088
1645,1786623002,2026-08-13T12:10:02+00:00,TXNUSDT,SHORT,bb_squeeze,276.3,278.1485148514852,272.60297029702974,sl_first,1786628700,2026-08-13T13:45:00+00:00,-1.0,stop_touch,no,,,4.8516,below_50%,sl,1786628434,279.6
1646,1786623240,2026-08-13T12:14:00+00:00,OPENAIUSDT,LONG,bb_squeeze,1172.03,1165.0341584158416,1186.0216831683167,sl_first,1786626900,2026-08-13T13:15:00+00:00,-1.0,stop_touch,no,,,2.0527,below_50%,tp,1786635990,1191.47
1647,1786623270,2026-08-13T12:14:30+00:00,EPICUSDT,SHORT,bb_squeeze,0.3271,0.3635475247524752,0.25420495049504954,sl_first,1786647600,2026-08-13T19:00:00+00:00,-1.0,stop_touch,no,,,15.8222,below_50%,sl,1786647269,0.3647
1648,1786623292,2026-08-13T12:14:52+00:00,B2USDT,LONG,ema_cross,0.4841,0.4706862068965517,0.5109275862068965,sl_first,1786649400,2026-08-13T19:30:00+00:00,-1.0,stop_touch,no,,,4.8048,below_50%,sl,1786649546,0.4706862068965517
1649,1786623324,2026-08-13T12:15:24+00:00,ZHIPUUSDT,LONG,ema_cross,167.3,162.79068965517243,176.31862068965518,tp_first,1786671900,2026-08-14T01:45:00+00:00,2.0,target_touch,no,,,9.5643,below_50%,tp,1786683796,176.31862068965518
1650,1786623342,2026-08-13T12:15:42+00:00,GPSUSDT,LONG,ema_cross,0.011161,0.010899931034482759,0.011683137931034484,tp_first,1786629600,2026-08-13T14:00:00+00:00,1.9999999999999933,target_touch,no,,,26.0152,below_50%,sl,1786634280,0.010802
1651,1786623403,2026-08-13T12:16:43+00:00,CLOUSDT,SHORT,ema_cross,0.10946,0.11667172413793103,0.09503655172413794,sl_first,1786675500,2026-08-14T02:45:00+00:00,-1.0,stop_touch,no,,,12.0324,below_50%,sl,1786684124,0.11685
1652,1786623455,2026-08-13T12:17:35+00:00,BANKUSDT,LONG,ema_cross,0.04354,0.04105275862068966,0.04851448275862069,sl_first,1786626900,2026-08-13T13:15:00+00:00,-1.0,stop_touch,no,,,32.1155,below_50%,sl,1786626661,0.04105275862068966
1653,1786623554,2026-08-13T12:19:14+00:00,BUSDT,LONG,ema_cross,0.1646,0.15816896551724138,0.17746206896551725,sl_first,1786624200,2026-08-13T12:30:00+00:00,-1.0,stop_touch,no,,,12.2783,below_50%,sl,1786623994,0.1573
1655,1786623976,2026-08-13T12:26:16+00:00,DRIFTUSDT,SHORT,bb_squeeze,0.01119,0.01139,0.010790000000000001,unresolved,1786710600,2026-08-14T12:30:00+00:00,1.5499999999999936,window_close,no,,,4.9729,below_50%,sl,1786810084,0.01146
1656,1786625376,2026-08-13T12:49:36+00:00,JPMUSDT,LONG,bb_squeeze,367.68,366.300198019802,370.439603960396,sl_first,1786628700,2026-08-13T13:45:00+00:00,-1.0,stop_touch,no,,,1.8109,below_50%,sl,1786628434,364.87
1659,1786626313,2026-08-13T13:05:13+00:00,MAGMAUSDT,SHORT,bb_squeeze,0.18548,0.19033,0.17578000000000002,sl_first,1786689000,2026-08-14T06:30:00+00:00,-1.0,stop_touch,no,,,8.5077,below_50%,sl,1786689201,0.19042
1660,1786626375,2026-08-13T13:06:15+00:00,ASTSUSDT,SHORT,bb_squeeze,73.32,74.15722772277228,71.64554455445544,sl_first,1786628700,2026-08-13T13:45:00+00:00,-1.0,stop_touch,no,,,4.7254,below_50%,sl,1786628434,74.93
1661,1786626399,2026-08-13T13:06:39+00:00,RDWUSDT,SHORT,bb_squeeze,13.139,13.308762376237624,12.799475247524752,sl_first,1786628700,2026-08-13T13:45:00+00:00,-1.0,stop_touch,no,,,5.4308,below_50%,sl,1786629166,13.401
1662,1786626422,2026-08-13T13:07:02+00:00,HOODXUSDT,LONG,bb_squeeze,95.73,95.15475247524753,96.88049504950496,tp_first,1786628700,2026-08-13T13:45:00+00:00,2.000000000000025,target_touch,no,,,3.9104,below_50%,tp,1786628434,98.2
1663,1786626462,2026-08-13T13:07:42+00:00,UBERUSDT,LONG,bb_squeeze,76.0,75.42435643564356,77.15128712871287,sl_first,1786628700,2026-08-13T13:45:00+00:00,-1.0,stop_touch,no,,,4.8957,below_50%,sl,1786627983,75.0
1664,1786626513,2026-08-13T13:08:33+00:00,ALGOUSDT,LONG,bb_squeeze,0.08013,0.07949574257425743,0.08139851485148515,sl_first,1786626900,2026-08-13T13:15:00+00:00,-1.0,stop_touch,no,,,2.8279,below_50%,sl,1786628434,0.07949574257425743
1665,1786626565,2026-08-13T13:09:25+00:00,TERUSDT,SHORT,bb_squeeze,400.7,404.2158415841584,393.66831683168317,sl_first,1786628700,2026-08-13T13:45:00+00:00,-1.0,stop_touch,no,,,3.8315,below_50%,sl,1786628434,404.2158415841584
1668,1786629604,2026-08-13T14:00:04+00:00,IONQUSDT,LONG,bb_squeeze,46.75,46.26970297029703,47.71059405940594,tp_first,1786631400,2026-08-13T14:30:00+00:00,2.0000000000000147,target_touch,no,,,9.3707,below_50%,tp,1786631783,47.76
1670,1786630522,2026-08-13T14:15:22+00:00,SPCXUSDT,SHORT,bb_squeeze,142.5,144.12772277227722,139.24455445544555,sl_first,1786649400,2026-08-13T19:30:00+00:00,-1.0,stop_touch,no,,,8.4108,below_50%,sl,1786649546,144.12772277227722
1671,1786630526,2026-08-13T14:15:26+00:00,TSMUSDT,LONG,bb_squeeze,434.75,432.92742574257426,438.3951485148515,sl_first,1786634100,2026-08-13T15:15:00+00:00,-1.0,stop_touch,no,,,2.2262,below_50%,sl,1786634704,432.92742574257426
1672,1786630579,2026-08-13T14:16:19+00:00,INTCUSDT,LONG,bb_squeeze,105.98,105.07990099009902,107.78019801980199,sl_first,1786631400,2026-08-13T14:30:00+00:00,-1.0,stop_touch,no,,,5.9821,below_50%,sl,1786631270,105.07990099009902
1673,1786630582,2026-08-13T14:16:22+00:00,IWMUSDT,LONG,bb_squeeze,304.49,303.3849504950495,306.700099009901,sl_first,1786635000,2026-08-13T15:30:00+00:00,-1.0,stop_touch,no,,,1.4759,below_50%,sl,1786635117,302.86
1674,1786630584,2026-08-13T14:16:24+00:00,BANANAUSDT,SHORT,bb_squeeze,3.688,3.728762376237624,3.606475247524753,tp_first,1786639500,2026-08-13T16:45:00+00:00,2.0,target_touch,no,,,8.0272,below_50%,tp,1786639702,3.59
1675,1786630638,2026-08-13T14:17:18+00:00,CRCLXUSDT,LONG,bb_squeeze,72.36,71.7580198019802,73.5639603960396,sl_first,1786633200,2026-08-13T15:00:00+00:00,-1.0,stop_touch,no,,,5.9812,below_50%,sl,1786633897,71.59
1676,1786630691,2026-08-13T14:18:11+00:00,USARUSDT,LONG,bb_squeeze,18.82,18.562673267326733,19.334653465346534,sl_first,1786636800,2026-08-13T16:00:00+00:00,-1.0,stop_touch,no,,,6.0773,below_50%,sl,1786636368,18.562673267326733
1677,1786630698,2026-08-13T14:18:18+00:00,TAOUSDT,LONG,bb_squeeze,201.2,199.33465346534652,204.93069306930693,sl_first,1786639500,2026-08-13T16:45:00+00:00,-1.0,stop_touch,no,,,2.4365,below_50%,sl,1786639702,198.1
1678,1786630733,2026-08-13T14:18:53+00:00,NAS100USDT,LONG,bb_squeeze,30050.35,29983.019603960394,30185.010792079207,sl_first,1786635900,2026-08-13T15:45:00+00:00,-1.0,stop_touch,no,,,1.4049,below_50%,sl,1786636821,29983.019603960394
1679,1786630742,2026-08-13T14:19:02+00:00,INTWUSDT,LONG,bb_squeeze,26.26,25.807623762376238,27.164752475247525,sl_first,1786631400,2026-08-13T14:30:00+00:00,-1.0,stop_touch,no,,,12.2284,below_50%,sl,1786631270,25.8
1680,1786630749,2026-08-13T14:19:09+00:00,MSTRXUSDT,LONG,bb_squeeze,97.0,96.24960396039604,98.50079207920793,tp_first,1786631400,2026-08-13T14:30:00+00:00,2.000000000000019,target_touch,no,,,3.7916,below_50%,tp,1786631270,98.50079207920793
1681,1786630768,2026-08-13T14:19:28+00:00,COINXUSDT,LONG,bb_squeeze,150.95,150.07405940594057,152.7018811881188,sl_first,1786633200,2026-08-13T15:00:00+00:00,-1.0,stop_touch,no,,,3.6476,below_50%,sl,1786633023,149.62
1682,1786630784,2026-08-13T14:19:44+00:00,SNOWUSDT,LONG,bb_squeeze,334.52,331.72326732673264,340.1134653465346,sl_first,1786635000,2026-08-13T15:30:00+00:00,-1.0,stop_touch,no,,,3.0472,below_50%,sl,1786634704,331.56
1683,1786630786,2026-08-13T14:19:46+00:00,ORCLXUSDT,LONG,bb_squeeze,157.79,156.71742574257425,159.93514851485148,sl_first,1786634100,2026-08-13T15:15:00+00:00,-1.0,stop_touch,no,,,6.6788,below_50%,sl,1786633897,156.35
1686,1786632868,2026-08-13T14:54:28+00:00,PLTRXUSDT,LONG,bb_squeeze,175.92,174.65138613861384,178.45722772277227,sl_first,1786633200,2026-08-13T15:00:00+00:00,-1.0,stop_touch,no,,,4.7879,below_50%,sl,1786633442,174.31
1688,1786633869,2026-08-13T15:11:09+00:00,FLEXUSDT,LONG,bb_squeeze,126.86,125.51742574257426,129.5451485148515,sl_first,1786646700,2026-08-13T18:45:00+00:00,-1.0,stop_touch,no,,,5.0608,below_50%,sl,1786646914,125.35
1689,1786633912,2026-08-13T15:11:52+00:00,PYTHUSDT,LONG,bb_squeeze,0.04061,0.04013920792079208,0.041551584158415845,tp_first,1786635900,2026-08-13T15:45:00+00:00,2.0,target_touch,no,,,3.5119,below_50%,tp,1786636368,0.04167
1690,1786633960,2026-08-13T15:12:40+00:00,ONUSDT,LONG,bb_squeeze,0.38563,0.3710548514851485,0.4147802970297029,tp_first,1786666500,2026-08-14T00:15:00+00:00,2.0,target_touch,no,,,11.19,below_50%,sl,1786698267,0.3710548514851485
1691,1786634058,2026-08-13T15:14:18+00:00,BTRUSDT,LONG,bb_squeeze,0.0307,0.02923059405940594,0.03363881188118812,sl_first,1786685400,2026-08-14T05:30:00+00:00,-1.0,stop_touch,no,,,18.3878,below_50%,sl,1786685923,0.02901
1692,1786634058,2026-08-13T15:14:18+00:00,CHIPUSDT,SHORT,bb_squeeze,0.0227,0.02302930693069307,0.022041386138613863,sl_first,1786664700,2026-08-13T23:45:00+00:00,-1.0,stop_touch,no,,,6.8554,below_50%,tp,1786680555,0.02184
1693,1786634072,2026-08-13T15:14:32+00:00,RESOLVUSDT,LONG,bb_squeeze,0.01703,0.016853960396039605,0.017382079207920793,sl_first,1786635000,2026-08-13T15:30:00+00:00,-1.0,stop_touch,no,,,2.5195,below_50%,sl,1786635117,0.01683
1694,1786634762,2026-08-13T15:26:02+00:00,SNXXUSDT,LONG,overheated_24h,14.361,14.001975,14.935440000000002,ambiguous,1786635000,2026-08-13T15:30:00+00:00,nan,both_barriers_same_candle,no,,,24.4373,below_50%,sl,1786635990,13.945
1699,1786636837,2026-08-13T16:00:37+00:00,INXUSDT,SHORT,bb_squeeze,0.00737,0.007748316831683168,0.0066133663366336635,sl_first,1786639500,2026-08-13T16:45:00+00:00,-1.0,stop_touch,no,,,9.863,below_50%,sl,1786639317,0.00792
1700,1786636864,2026-08-13T16:01:04+00:00,HEIUSDT,SHORT,bb_squeeze,0.1222,0.12738376237623764,0.11183247524752475,sl_first,1786698900,2026-08-14T09:15:00+00:00,-1.0,stop_touch,no,,,13.8234,below_50%,sl,1786698659,0.12795
1701,1786636879,2026-08-13T16:01:19+00:00,TOWNSUSDT,SHORT,bb_squeeze,0.00218,0.0022163762376237626,0.0021072475247524754,tp_first,1786694400,2026-08-14T08:00:00+00:00,1.999999999999988,target_touch,no,,,3.7173,below_50%,tp,1786700458,0.002095
1702,1786636886,2026-08-13T16:01:26+00:00,LITEUSDT,SHORT,bb_squeeze,916.09,930.3745544554456,887.5208910891089,tp_first,1786649400,2026-08-13T19:30:00+00:00,2.0,target_touch,no,,,6.0815,below_50%,tp,1786649937,885.79
1703,1786636897,2026-08-13T16:01:37+00:00,MONUSDT,SHORT,bb_squeeze,0.02148,0.021692673267326733,0.021054653465346535,sl_first,1786660200,2026-08-13T22:30:00+00:00,-1.0,stop_touch,no,,,3.5398,below_50%,tp,1786700785,0.021054653465346535
1704,1786636906,2026-08-13T16:01:46+00:00,ACTUSDT,SHORT,bb_squeeze,0.00971,0.010026237623762375,0.009077524752475247,sl_first,1786710600,2026-08-14T12:30:00+00:00,-1.0,stop_touch,no,,,7.2614,below_50%,sl,1786712128,0.01004
1705,1786636916,2026-08-13T16:01:56+00:00,BILLUSDT,SHORT,bb_squeeze,0.02284,0.023227722772277228,0.022064554455445543,sl_first,1786659300,2026-08-13T22:15:00+00:00,-1.0,stop_touch,no,,,4.6593,below_50%,tp,1786718636,0.02201
1706,1786637345,2026-08-13T16:09:05+00:00,AKEUSDT,SHORT,pump_24h_fade,0.0065591,0.007346192,0.004984916,sl_first,1786651200,2026-08-13T20:00:00+00:00,-1.0,stop_touch,no,,,67.1939,at_or_above_50%,sl,1786651094,0.0084791
1707,1786637632,2026-08-13T16:13:52+00:00,BASEDUSDT,SHORT,bb_squeeze,0.07455,0.07557544554455446,0.07249910891089109,sl_first,1786660200,2026-08-13T22:30:00+00:00,-1.0,stop_touch,no,,,4.8415,below_50%,sl,1786686314,0.07566
1708,1786637708,2026-08-13T16:15:08+00:00,UAIUSDT,SHORT,bb_squeeze,0.24848,0.25478,0.23588,sl_first,1786640400,2026-08-13T17:00:00+00:00,-1.0,stop_touch,no,,,7.7281,below_50%,sl,1786640479,0.25478
1709,1786637841,2026-08-13T16:17:21+00:00,BSPUSDT,SHORT,ema_cross,39.64,42.20724137931035,34.50551724137931,sl_first,1786716900,2026-08-14T14:15:00+00:00,-1.0,stop_touch,yes,1786636558,oversold_24h,28.1027,below_50%,sl,1787169411,42.20724137931035
1710,1786637843,2026-08-13T16:17:23+00:00,SWARMSUSDT,LONG,ema_cross,0.008211,0.007886827586206896,0.008859344827586206,sl_first,1786650300,2026-08-13T19:45:00+00:00,-1.0,stop_touch,no,,,10.2698,below_50%,sl,1786650319,0.007861
1711,1786637864,2026-08-13T16:17:44+00:00,MVLLUSDT,LONG,ema_cross,28.88,27.768965517241377,31.10206896551724,sl_first,1786650300,2026-08-13T19:45:00+00:00,-1.0,stop_touch,no,,,13.974,below_50%,sl,1786650709,27.768965517241377
1712,1786637923,2026-08-13T16:18:43+00:00,MRVLUSDT,LONG,ema_cross,226.92,222.2506896551724,236.25862068965517,sl_first,1786650300,2026-08-13T19:45:00+00:00,-1.0,stop_touch,no,,,7.1209,below_50%,sl,1786650709,222.2506896551724
1713,1786638059,2026-08-13T16:20:59+00:00,COTIUSDT,LONG,ema_cross,0.01238,0.011524827586206897,0.014090344827586207,sl_first,1786642200,2026-08-13T17:30:00+00:00,-1.0,stop_touch,no,,,47.0711,below_50%,sl,1786641621,0.011524827586206897
1714,1786638060,2026-08-13T16:21:00+00:00,JCTUSDT,SHORT,ema_cross,0.003491,0.0037027241379310348,0.003067551724137931,unresolved,1786725000,2026-08-14T16:30:00+00:00,0.661237785016288,window_close,no,,,11.1945,below_50%,tp,1786780582,0.002548
1715,1786638064,2026-08-13T16:21:04+00:00,GIGGLEUSDT,SHORT,ema_cross,33.24,34.85586206896552,30.008275862068967,unresolved,1786725000,2026-08-14T16:30:00+00:00,1.0211267605633803,window_close,no,,,10.4015,below_50%,sl,1786890421,36.42
1718,1786640405,2026-08-13T17:00:05+00:00,币安人生USDT,SHORT,bb_squeeze,0.4744,0.4810307920792079,0.46113841584158416,tp_first,1786692600,2026-08-14T07:30:00+00:00,2.0,target_touch,no,,,5.3088,below_50%,tp,1786692749,0.461
1719,1786640550,2026-08-13T17:02:30+00:00,XANUSDT,LONG,bb_squeeze,0.011079,0.010473782178217822,0.012289435643564356,unresolved,1786727700,2026-08-14T17:15:00+00:00,-0.41637901418358547,window_close,no,,,8.7353,below_50%,sl,1786838667,0.010185
1720,1786640552,2026-08-13T17:02:32+00:00,C98USDT,SHORT,bb_squeeze,0.01341,0.013681287128712872,0.012867425742574257,sl_first,1786657500,2026-08-13T21:45:00+00:00,-1.0,stop_touch,no,,,6.1086,below_50%,sl,1786657245,0.01369
1721,1786640936,2026-08-13T17:08:56+00:00,PROMUSDT,LONG,oversold_24h,2.3,2.2424999999999997,2.392,tp_first,1786646700,2026-08-13T18:45:00+00:00,1.5999999999999985,target_touch,no,,,26.488,below_50%,tp,1786646914,2.473
1722,1786641198,2026-08-13T17:13:18+00:00,BERAUSDT,SHORT,bb_squeeze,0.1399,0.14127920792079207,0.13714158415841585,sl_first,1786648500,2026-08-13T19:15:00+00:00,-1.0,stop_touch,no,,,4.6864,below_50%,sl,1786648052,0.1425
1723,1786641314,2026-08-13T17:15:14+00:00,LITUSDT,SHORT,bb_squeeze,2.32,2.3606930693069303,2.2386138613861384,tp_first,1786675500,2026-08-14T02:45:00+00:00,2.000000000000011,target_touch,no,,,6.6871,below_50%,tp,1786680555,2.223
1724,1786641391,2026-08-13T17:16:31+00:00,HMSTRUSDT,SHORT,bb_squeeze,0.0001746,0.00017744653465346532,0.0001689069306930693,sl_first,1786646700,2026-08-13T18:45:00+00:00,-1.0,stop_touch,no,,,4.6056,below_50%,sl,1786646914,0.0001778
1725,1786641400,2026-08-13T17:16:40+00:00,PARTIUSDT,SHORT,bb_squeeze,0.02209,0.022448118811881187,0.021373762376237622,sl_first,1786660200,2026-08-13T22:30:00+00:00,-1.0,stop_touch,no,,,5.3109,below_50%,sl,1786786027,0.02246
1730,1786645137,2026-08-13T18:18:57+00:00,MEUSDT,LONG,bb_squeeze,0.0641,0.06331188118811881,0.06567623762376237,tp_first,1786680000,2026-08-14T04:00:00+00:00,1.9999999999999825,target_touch,no,,,4.7002,below_50%,tp,1786680555,0.0659
1731,1786646488,2026-08-13T18:41:28+00:00,SNXXUSDT,SHORT,pump_24h_fade,14.675,16.436,11.153,sl_first,1786716900,2026-08-14T14:15:00+00:00,-1.0,stop_touch,no,,,38.0443,below_50%,sl,1786743326,16.446
1734,1786648062,2026-08-13T19:07:42+00:00,ZMUSDT,LONG,bb_squeeze,107.49,106.74257425742573,108.98485148514851,tp_first,1786649400,2026-08-13T19:30:00+00:00,1.999999999999981,target_touch,no,,,3.3426,below_50%,tp,1786649546,109.28
1735,1786649777,2026-08-13T19:36:17+00:00,EDENUSDT,SHORT,pump_24h_fade,0.061,0.06831999999999999,0.04636,sl_first,1786655700,2026-08-13T21:15:00+00:00,-1.0,stop_touch,no,,,38.362,below_50%,sl,1786656493,0.06831999999999999
1737,1786651213,2026-08-13T20:00:13+00:00,AAOIUSDT,SHORT,ema_cross,130.43,135.54724137931035,120.19551724137932,sl_first,1786715100,2026-08-14T13:45:00+00:00,-1.0,stop_touch,no,,,11.2939,below_50%,sl,1786715021,139.7
1738,1786651306,2026-08-13T20:01:46+00:00,PLUMEUSDT,LONG,ema_cross,0.012506,0.012101310344827585,0.013315379310344827,tp_first,1786696200,2026-08-14T08:30:00+00:00,1.9999999999999958,target_touch,no,,,12.651,below_50%,tp,1786695778,0.013323
1739,1786651321,2026-08-13T20:02:01+00:00,PLTRXUSDT,LONG,ema_cross,179.01,176.35206896551722,184.3258620689655,sl_first,1786716900,2026-08-14T14:15:00+00:00,-1.0,stop_touch,no,,,5.818,below_50%,sl,1786718636,176.35
1740,1786651362,2026-08-13T20:02:42+00:00,ROBOUSDT,LONG,ema_cross,0.01416,0.013428620689655174,0.015622758620689656,tp_first,1786710600,2026-08-14T12:30:00+00:00,2.000000000000002,target_touch,no,,,9.9231,below_50%,tp,1786710418,0.01565
1741,1786651433,2026-08-13T20:03:53+00:00,AEONUSDT,LONG,ema_cross,0.0622,0.058888965517241376,0.06882206896551724,tp_first,1786664700,2026-08-13T23:45:00+00:00,1.999999999999998,target_touch,no,,,18.3167,below_50%,tp,1786780582,0.07129
1742,1786651454,2026-08-13T20:04:14+00:00,GLWUSDT,SHORT,ema_cross,158.55,161.41758620689657,152.81482758620692,sl_first,1786695300,2026-08-14T08:15:00+00:00,-1.0,stop_touch,no,,,6.7835,below_50%,sl,1786695060,161.41758620689657
1743,1786651464,2026-08-13T20:04:24+00:00,ETHFIUSDT,LONG,ema_cross,0.4268,0.4164896551724138,0.44742068965517245,tp_first,1786657500,2026-08-13T21:45:00+00:00,2.0000000000000053,target_touch,no,,,17.3866,below_50%,tp,1786735615,0.44742068965517245
1744,1786651848,2026-08-13T20:10:48+00:00,HEMIUSDT,SHORT,bb_squeeze,0.004701,0.004775732673267327,0.004551534653465347,sl_first,1786658400,2026-08-13T22:00:00+00:00,-1.0,stop_touch,no,,,6.6537,below_50%,sl,1786658407,0.004781
1745,1786651890,2026-08-13T20:11:30+00:00,AMATUSDT,SHORT,bb_squeeze,535.0,539.469306930693,526.0613861386139,ambiguous,1786652100,2026-08-13T20:15:00+00:00,nan,both_barriers_same_candle,no,,,6.0236,below_50%,tp,1786652235,519.4
1746,1786651911,2026-08-13T20:11:51+00:00,ZORAUSDT,SHORT,bb_squeeze,0.00479,0.004833465346534654,0.0047030693069306925,sl_first,1786657500,2026-08-13T21:45:00+00:00,-1.0,stop_touch,no,,,4.1754,below_50%,sl,1786656852,0.00484
1747,1786651925,2026-08-13T20:12:05+00:00,ZBTUSDT,SHORT,bb_squeeze,0.08904,0.09042712871287129,0.08626574257425741,tp_first,1786666500,2026-08-14T00:15:00+00:00,2.0,target_touch,no,,,4.0059,below_50%,sl,1786699705,0.09047
1748,1786651930,2026-08-13T20:12:10+00:00,ALLOUSDT,SHORT,bb_squeeze,0.26965,0.2760851485148515,0.256779702970297,sl_first,1786690800,2026-08-14T07:00:00+00:00,-1.0,stop_touch,no,,,10.7026,below_50%,sl,1786712911,0.27618
1749,1786652159,2026-08-13T20:15:59+00:00,QUSDT,SHORT,ema_cross,0.021634,0.022590793103448276,0.01972041379310345,unresolved,1786739400,2026-08-14T20:30:00+00:00,-0.11601254189642131,window_close,no,,,7.1757,below_50%,sl,1786780582,0.024029
1751,1786655584,2026-08-13T21:13:04+00:00,UBUSDT,LONG,bb_squeeze,0.13443,0.13093138613861385,0.14142722772277228,sl_first,1786671000,2026-08-14T01:30:00+00:00,-1.0,stop_touch,no,,,8.296,below_50%,sl,1786680555,0.13039
1756,1786680857,2026-08-14T04:14:17+00:00,EDENUSDT,SHORT,pump_24h_fade,0.07927,0.0887824,0.0602452,tp_first,1786694400,2026-08-14T08:00:00+00:00,1.9999999999999984,target_touch,no,,,91.8692,at_or_above_50%,tp,1786693985,0.0602452
1757,1786681087,2026-08-14T04:18:07+00:00,COOKIEUSDT,LONG,bb_squeeze,0.01237,0.011831188118811882,0.013447623762376239,sl_first,1786697100,2026-08-14T08:45:00+00:00,-1.0,stop_touch,no,,,9.6886,below_50%,sl,1786697188,0.011831188118811882
1758,1786681123,2026-08-14T04:18:43+00:00,CHIPUSDT,SHORT,bb_squeeze,0.02188,0.022215148514851485,0.02120970297029703,sl_first,1786682700,2026-08-14T04:45:00+00:00,-1.0,stop_touch,no,,,7.974,below_50%,sl,1786683045,0.02358
1759,1786681142,2026-08-14T04:19:02+00:00,BANANAS31USDT,LONG,bb_squeeze,0.008424,0.00813090099009901,0.00901019801980198,unresolved,1786768200,2026-08-15T04:30:00+00:00,1.3579029152450817,window_close,no,,,7.0993,below_50%,tp,1787214201,0.009017
1760,1786681222,2026-08-14T04:20:22+00:00,DOTUSDT,SHORT,bb_squeeze,0.762,0.7674554455445545,0.7510891089108911,tp_first,1786744800,2026-08-14T22:00:00+00:00,2.0,target_touch,no,,,2.1053,below_50%,sl,1786765905,0.777
1761,1786681226,2026-08-14T04:20:26+00:00,HYPEUSDT,SHORT,bb_squeeze,56.551,56.99746534653465,55.6580693069307,tp_first,1786718700,2026-08-14T14:45:00+00:00,2.0,target_touch,no,,,3.4588,below_50%,tp,1786718636,55.607
1762,1786681285,2026-08-14T04:21:25+00:00,ONDOUSDT,SHORT,bb_squeeze,0.3305,0.3334752475247525,0.32454950495049506,tp_first,1786709700,2026-08-14T12:15:00+00:00,2.0,target_touch,no,,,2.8797,below_50%,tp,1786719942,0.3233
1763,1786681350,2026-08-14T04:22:30+00:00,ACHUSDT,SHORT,bb_squeeze,0.004061,0.00409770297029703,0.003987594059405941,sl_first,1786689000,2026-08-14T06:30:00+00:00,-1.0,stop_touch,no,,,4.3393,below_50%,sl,1786740078,0.004098
1764,1786681433,2026-08-14T04:23:53+00:00,SWARMSUSDT,LONG,ema_cross,0.008749,0.008398413793103448,0.009450172413793104,sl_first,1786681800,2026-08-14T04:30:00+00:00,-1.0,stop_touch,no,,,20.9077,below_50%,sl,1786685589,0.008317
1765,1786681532,2026-08-14T04:25:32+00:00,NESUSDT,LONG,ema_cross,0.2148,0.21121724137931033,0.2219655172413793,sl_first,1786681800,2026-08-14T04:30:00+00:00,-1.0,stop_touch,no,,,9.9085,below_50%,sl,1786682002,0.2105
1766,1786681622,2026-08-14T04:27:02+00:00,SLXUSDT,LONG,ema_cross,0.07939,0.07734551724137931,0.08347896551724138,sl_first,1786700700,2026-08-14T09:45:00+00:00,-1.0,stop_touch,no,,,6.331,below_50%,sl,1786700785,0.07698
1767,1786681631,2026-08-14T04:27:11+00:00,MUSDT,LONG,ema_cross,1.1723,1.1381793103448274,1.2405413793103448,sl_first,1786693500,2026-08-14T07:45:00+00:00,-1.0,stop_touch,no,,,13.4797,below_50%,sl,1786694309,1.127
1768,1786681747,2026-08-14T04:29:07+00:00,SCRTUSDT,SHORT,pump_24h_fade,0.03918,0.0438816,0.0297768,tp_first,1786704300,2026-08-14T10:45:00+00:00,2.0,target_touch,no,,,46.2702,below_50%,tp,1786704288,0.02975
1770,1786684030,2026-08-14T05:07:10+00:00,VELVETUSDT,LONG,bb_squeeze,0.72902,0.6922126732673267,0.8026346534653466,sl_first,1786684500,2026-08-14T05:15:00+00:00,-1.0,stop_touch,no,,,21.9636,below_50%,sl,1786684518,0.68508
1772,1786686236,2026-08-14T05:43:56+00:00,ACEUSDT,SHORT,pump_24h_fade,0.1398,0.156576,0.10624800000000001,sl_first,1786698000,2026-08-14T09:00:00+00:00,-1.0,stop_touch,no,,,33.9114,below_50%,sl,1786697906,0.1578
1773,1786686237,2026-08-14T05:43:57+00:00,VELVETUSDT,SHORT,pump_24h_fade,0.95201,1.0662512,0.7235276,sl_first,1786686300,2026-08-14T05:45:00+00:00,-1.0,stop_touch,yes,1786684030,bb_squeeze,94.7636,at_or_above_50%,sl,1786711139,1.0855
1774,1786687443,2026-08-14T06:04:03+00:00,ZHIPUUSDT,SHORT,bb_squeeze,161.41,164.12039603960395,155.98920792079207,tp_first,1786688100,2026-08-14T06:15:00+00:00,2.0000000000000107,target_touch,no,,,14.2758,below_50%,tp,1786688117,155.34
1775,1786687560,2026-08-14T06:06:00+00:00,SIRENUSDT,SHORT,bb_squeeze,0.02911,0.029712772277227722,0.027904455445544554,tp_first,1786695300,2026-08-14T08:15:00+00:00,2.0000000000000058,target_touch,no,,,5.4991,below_50%,tp,1786695060,0.02784
1776,1786687572,2026-08-14T06:06:12+00:00,MORPHOUSDT,SHORT,bb_squeeze,1.9366,1.9505673267326733,1.9086653465346535,tp_first,1786705200,2026-08-14T11:00:00+00:00,2.000000000000016,target_touch,no,,,1.9087,below_50%,sl,1786782448,1.9507
1777,1786687622,2026-08-14T06:07:02+00:00,SKYAIUSDT,SHORT,bb_squeeze,0.07279,0.07758217821782178,0.06320564356435643,sl_first,1786741200,2026-08-14T21:00:00+00:00,-1.0,stop_touch,no,,,14.2837,below_50%,tp,1786810084,0.06320564356435643
1779,1786688046,2026-08-14T06:14:06+00:00,AVAAIUSDT,SHORT,pump_24h_fade,0.016078,0.01800736,0.012219279999999999,unresolved,1786774500,2026-08-15T06:15:00+00:00,0.8116681179251134,window_close,no,,,55.0845,at_or_above_50%,sl,1787216995,0.01800736
1780,1786688046,2026-08-14T06:14:06+00:00,AKEUSDT,SHORT,pump_24h_fade,0.0081962,0.009179744,0.006229112,sl_first,1786702500,2026-08-14T10:15:00+00:00,-1.0,stop_touch,no,,,166.1345,at_or_above_50%,sl,1786702686,0.009179744
1781,1786692684,2026-08-14T07:31:24+00:00,HFTUSDT,SHORT,bb_squeeze,0.00796,0.008207128712871287,0.0074657425742574255,sl_first,1786721400,2026-08-14T15:30:00+00:00,-1.0,stop_touch,no,,,11.2113,below_50%,sl,1786721620,0.008207128712871287
1782,1786692690,2026-08-14T07:31:30+00:00,DOGEUSDT,SHORT,bb_squeeze,0.06963,0.07004782178217822,0.06879435643564356,sl_first,1786728600,2026-08-14T17:30:00+00:00,-1.0,stop_touch,no,,,1.8716,below_50%,sl,1786765905,0.07032
1783,1786692756,2026-08-14T07:32:36+00:00,ETHUSDT,SHORT,bb_squeeze,1872.19,1881.0437623762377,1854.482475247525,sl_first,1786722300,2026-08-14T15:45:00+00:00,-1.0,stop_touch,no,,,1.8352,below_50%,sl,1786722279,1881.0437623762377
1784,1786692836,2026-08-14T07:33:56+00:00,PIPPINUSDT,SHORT,bb_squeeze,0.0165,0.016764356435643564,0.01597128712871287,sl_first,1786725900,2026-08-14T16:45:00+00:00,-1.0,stop_touch,no,,,4.9383,below_50%,sl,1786731907,0.0168
1785,1786692843,2026-08-14T07:34:03+00:00,GALAUSDT,SHORT,bb_squeeze,0.001634,0.0016481980198019802,0.0016056039603960395,sl_first,1786722300,2026-08-14T15:45:00+00:00,-1.0,stop_touch,no,,,3.5583,below_50%,sl,1786722279,0.00165
1786,1786692858,2026-08-14T07:34:18+00:00,HEMIUSDT,SHORT,bb_squeeze,0.004669,0.004738841584158416,0.004529316831683169,sl_first,1786722300,2026-08-14T15:45:00+00:00,-1.0,stop_touch,no,,,6.6537,below_50%,sl,1786721952,0.004758
1787,1786693126,2026-08-14T07:38:46+00:00,CHIPUSDT,SHORT,ema_cross,0.02188,0.02262103448275862,0.020397931034482758,sl_first,1786693500,2026-08-14T07:45:00+00:00,-1.0,stop_touch,no,,,12.981,below_50%,sl,1786693509,0.02265
1788,1786693160,2026-08-14T07:39:20+00:00,ACEUSDT,LONG,ema_cross,0.1311,0.12324482758620689,0.1468103448275862,tp_first,1786694400,2026-08-14T08:00:00+00:00,2.0,target_touch,no,,,40.9441,below_50%,tp,1786693985,0.1468103448275862
1791,1786694341,2026-08-14T07:59:01+00:00,ATHUSDT,SHORT,bb_squeeze,0.003831,0.003871069306930693,0.003750861386138614,tp_first,1786704300,2026-08-14T10:45:00+00:00,2.0000000000000107,target_touch,no,,,4.4879,below_50%,tp,1786704288,0.003664
1792,1786694494,2026-08-14T08:01:34+00:00,PEOPLEUSDT,SHORT,bb_squeeze,0.007671,0.007815772277227722,0.007381455445544555,sl_first,1786711500,2026-08-14T12:45:00+00:00,-1.0,stop_touch,no,,,5.4536,below_50%,sl,1786712128,0.007829
1793,1786694601,2026-08-14T08:03:21+00:00,CROSSUSDT,LONG,ema_cross,0.10934,0.10595758620689656,0.1161048275862069,tp_first,1786698900,2026-08-14T09:15:00+00:00,2.0,target_touch,no,,,20.6512,below_50%,tp,1786698985,0.1161048275862069
1794,1786694729,2026-08-14T08:05:29+00:00,CROUSDT,LONG,ema_cross,0.049,0.048388275862068966,0.05022344827586207,sl_first,1786702500,2026-08-14T10:15:00+00:00,-1.0,stop_touch,no,,,7.0492,below_50%,sl,1786706548,0.04831
1795,1786694855,2026-08-14T08:07:35+00:00,SNXXUSDT,LONG,overheated_24h,15.555,15.166125,16.1772,sl_first,1786695300,2026-08-14T08:15:00+00:00,-1.0,stop_touch,no,,,38.0443,below_50%,sl,1786695778,15.151
1796,1786694857,2026-08-14T08:07:37+00:00,ACEUSDT,LONG,overheated_24h,0.1459,0.1422525,0.151736,tp_first,1786696200,2026-08-14T08:30:00+00:00,1.600000000000003,target_touch,no,,,43.3237,below_50%,tp,1786695778,0.1526
1798,1786695136,2026-08-14T08:12:16+00:00,LPTUSDT,SHORT,bb_squeeze,1.193,1.2018118811881189,1.1753762376237624,sl_first,1786696200,2026-08-14T08:30:00+00:00,-1.0,stop_touch,no,,,2.9338,below_50%,sl,1786696859,1.202
1799,1786695147,2026-08-14T08:12:27+00:00,ALTUSDT,SHORT,bb_squeeze,0.005794,0.005856336633663366,0.005669326732673267,sl_first,1786724100,2026-08-14T16:15:00+00:00,-1.0,stop_touch,no,,,3.1239,below_50%,sl,1786732222,0.005862
1800,1786695164,2026-08-14T08:12:44+00:00,KGENUSDT,SHORT,bb_squeeze,0.18638,0.19018059405940593,0.1787788118811881,tp_first,1786700700,2026-08-14T09:45:00+00:00,2.0,target_touch,no,,,8.2919,below_50%,tp,1786701175,0.1787788118811881
1801,1786695207,2026-08-14T08:13:27+00:00,MOVEUSDT,LONG,bb_squeeze,0.00643,0.00633039603960396,0.0066292079207920795,sl_first,1786695300,2026-08-14T08:15:00+00:00,-1.0,stop_touch,no,,,8.1531,below_50%,tp,1786702686,0.0067
1802,1786695266,2026-08-14T08:14:26+00:00,LTCUSDT,SHORT,bb_squeeze,44.62,44.78990099009901,44.28019801980198,tp_first,1786716000,2026-08-14T14:00:00+00:00,2.0,target_touch,no,,,0.9648,below_50%,tp,1786715972,44.18
1804,1786695760,2026-08-14T08:22:40+00:00,VCXUSDT,LONG,overheated_24h,43.55,42.46125,45.292,sl_first,1786698000,2026-08-14T09:00:00+00:00,-1.0,stop_touch,no,,,37.1562,below_50%,sl,1786698659,41.86
1805,1786696102,2026-08-14T08:28:22+00:00,B2USDT,LONG,bb_squeeze,0.486,0.48037029702970296,0.4972594059405941,tp_first,1786703400,2026-08-14T10:30:00+00:00,2.0000000000000098,target_touch,no,,,4.3775,below_50%,tp,1786703792,0.4998
1806,1786696652,2026-08-14T08:37:32+00:00,ACEUSDT,LONG,overheated_24h,0.1537,0.1498575,0.15984800000000002,tp_first,1786698900,2026-08-14T09:15:00+00:00,1.6000000000000043,target_touch,no,,,48.6071,below_50%,tp,1786698659,0.1611
1807,1786698035,2026-08-14T09:00:35+00:00,BTWUSDT,LONG,bb_squeeze,0.29371,0.2807483267326733,0.3196333465346535,sl_first,1786702500,2026-08-14T10:15:00+00:00,-1.0,stop_touch,no,,,20.2766,below_50%,sl,1786705346,0.27993
1808,1786698065,2026-08-14T09:01:05+00:00,STARUSDT,SHORT,bb_squeeze,0.0784,0.08092039603960396,0.07335920792079208,sl_first,1786707900,2026-08-14T11:45:00+00:00,-1.0,stop_touch,no,,,10.7941,below_50%,sl,1786707955,0.08154
1809,1786698071,2026-08-14T09:01:11+00:00,ARBUSDT,LONG,bb_squeeze,0.0758,0.07505712871287129,0.07728574257425744,sl_first,1786700700,2026-08-14T09:45:00+00:00,-1.0,stop_touch,no,,,2.4015,below_50%,sl,1786700458,0.07484
1811,1786698754,2026-08-14T09:12:34+00:00,CRVUSDT,SHORT,bb_squeeze,0.2479,0.2527287128712871,0.23824257425742576,tp_first,1786750200,2026-08-14T23:30:00+00:00,2.0000000000000058,target_touch,no,,,5.0566,below_50%,sl,1786985435,0.2529
1812,1786699364,2026-08-14T09:22:44+00:00,ACEUSDT,LONG,overheated_24h,0.1633,0.15921749999999998,0.169832,tp_first,1786699800,2026-08-14T09:30:00+00:00,1.5999999999999959,target_touch,no,,,55.1724,at_or_above_50%,tp,1786700066,0.17
1815,1786700265,2026-08-14T09:37:45+00:00,CROSSUSDT,LONG,overheated_24h,0.12244,0.11937899999999999,0.1273376,tp_first,1786700700,2026-08-14T09:45:00+00:00,1.5999999999999963,target_touch,no,,,31.1008,below_50%,sl,1786701175,0.11847
1816,1786700271,2026-08-14T09:37:51+00:00,ACEUSDT,LONG,overheated_24h,0.1766,0.172185,0.18366400000000002,sl_first,1786700700,2026-08-14T09:45:00+00:00,-1.0,stop_touch,no,,,64.6552,at_or_above_50%,sl,1786700785,0.172185
1818,1786701620,2026-08-14T10:00:20+00:00,ENAUSDT,SHORT,bb_squeeze,0.08457,0.08544980198019803,0.08281039603960397,tp_first,1786717800,2026-08-14T14:30:00+00:00,2.0,target_touch,no,,,2.8107,below_50%,tp,1786717684,0.08281039603960397
1819,1786701646,2026-08-14T10:00:46+00:00,LIGHTUSDT,SHORT,bb_squeeze,0.1615,0.16598118811881188,0.15253762376237623,sl_first,1786704300,2026-08-14T10:45:00+00:00,-1.0,stop_touch,no,,,10.9034,below_50%,sl,1786704288,0.1677
1820,1786701647,2026-08-14T10:00:47+00:00,RIFUSDT,LONG,bb_squeeze,0.07294,0.07152722772277229,0.07576554455445546,sl_first,1786707000,2026-08-14T11:30:00+00:00,-1.0,stop_touch,no,,,8.2407,below_50%,sl,1786706875,0.07067
1821,1786701664,2026-08-14T10:01:04+00:00,PTBUSDT,SHORT,bb_squeeze,0.0008334,0.0008523930693069306,0.0007954138613861385,tp_first,1786712400,2026-08-14T13:00:00+00:00,2.0000000000000058,target_touch,no,,,10.1582,below_50%,sl,1786780582,0.0008605
1822,1786701701,2026-08-14T10:01:41+00:00,MOODENGUSDT,SHORT,bb_squeeze,0.03543,0.03574950495049505,0.034790990099009905,sl_first,1786724100,2026-08-14T16:15:00+00:00,-1.0,stop_touch,no,,,5.1651,below_50%,sl,1786731907,0.03599
1824,1786702691,2026-08-14T10:18:11+00:00,ACEUSDT,SHORT,pump_24h_fade,0.1869,0.20932800000000001,0.142044,sl_first,1786704300,2026-08-14T10:45:00+00:00,-1.0,stop_touch,yes,1786700271,overheated_24h,74.5523,at_or_above_50%,sl,1786703792,0.2114
1825,1786702692,2026-08-14T10:18:12+00:00,AKEUSDT,SHORT,pump_24h_fade,0.0093462,0.010467744000000001,0.007103112,sl_first,1786703400,2026-08-14T10:30:00+00:00,-1.0,stop_touch,no,,,125.9131,at_or_above_50%,sl,1786707236,0.0105231
1826,1786703148,2026-08-14T10:25:48+00:00,SNDKUSDT,LONG,overheated_24h,1611.12,1570.8419999999999,1675.5647999999999,sl_first,1786715100,2026-08-14T13:45:00+00:00,-1.0,stop_touch,no,,,22.6944,below_50%,sl,1786714696,1570.8419999999999
1827,1786703150,2026-08-14T10:25:50+00:00,ACEUSDT,LONG,overheated_24h,0.1952,0.19032000000000002,0.20300800000000002,sl_first,1786703400,2026-08-14T10:30:00+00:00,-1.0,stop_touch,yes,1786702691,pump_24h_fade,74.5523,at_or_above_50%,tp,1786703792,0.2114
1828,1786703442,2026-08-14T10:30:42+00:00,INTCUSDT,LONG,bb_squeeze,106.56,105.56742574257426,108.54514851485149,sl_first,1786709700,2026-08-14T12:15:00+00:00,-1.0,stop_touch,no,,,7.1208,below_50%,sl,1786709696,105.43
1829,1786703503,2026-08-14T10:31:43+00:00,GDXUSDT,LONG,bb_squeeze,89.0,88.2840594059406,90.43188118811881,tp_first,1786715100,2026-08-14T13:45:00+00:00,2.0,target_touch,no,,,2.9659,below_50%,tp,1786714696,90.43188118811881
1830,1786703569,2026-08-14T10:32:49+00:00,BLURUSDT,SHORT,bb_squeeze,0.01288,0.012979702970297031,0.012680594059405942,sl_first,1786715100,2026-08-14T13:45:00+00:00,-1.0,stop_touch,no,,,3.8132,below_50%,sl,1786715021,0.012979702970297031
1831,1786703574,2026-08-14T10:32:54+00:00,IOTXUSDT,LONG,bb_squeeze,0.00263,0.0025796336633663367,0.0027307326732673265,tp_first,1786704300,2026-08-14T10:45:00+00:00,2.0,target_touch,no,,,10.024,below_50%,sl,1786846270,0.002575
1832,1786703589,2026-08-14T10:33:09+00:00,TWTUSDT,SHORT,bb_squeeze,0.4017,0.4049049504950495,0.395290099009901,sl_first,1786711500,2026-08-14T12:45:00+00:00,-1.0,stop_touch,no,,,3.902,below_50%,sl,1786721952,0.4051
1833,1786703622,2026-08-14T10:33:42+00:00,TQQQXUSDT,LONG,bb_squeeze,77.49,77.02534653465347,78.41930693069307,sl_first,1786715100,2026-08-14T13:45:00+00:00,-1.0,stop_touch,no,,,4.603,below_50%,sl,1786717684,76.87
1834,1786703684,2026-08-14T10:34:44+00:00,RENDERUSDT,SHORT,bb_squeeze,1.2442,1.2531910891089109,1.2262178217821782,sl_first,1786713300,2026-08-14T13:15:00+00:00,-1.0,stop_touch,no,,,2.7458,below_50%,sl,1786715021,1.254
1835,1786704611,2026-08-14T10:50:11+00:00,ACEUSDT,SHORT,pump_24h_fade,0.2121,0.237552,0.161196,sl_first,1786707000,2026-08-14T11:30:00+00:00,-1.0,stop_touch,yes,1786703150,overheated_24h,105.8216,at_or_above_50%,sl,1786707236,0.24
1838,1786706070,2026-08-14T11:14:30+00:00,UPUSDT,SHORT,bb_squeeze,0.391,0.3950425742574258,0.38291485148514853,sl_first,1786707000,2026-08-14T11:30:00+00:00,-1.0,stop_touch,no,,,4.773,below_50%,sl,1786711803,0.3951
1839,1786706100,2026-08-14T11:15:00+00:00,FHEUSDT,SHORT,bb_squeeze,0.02473,0.025558514851485147,0.0230729702970297,unresolved,1786792500,2026-08-15T11:15:00+00:00,0.19311663479923147,window_close,no,,,11.8716,below_50%,sl,1786810084,0.0258
1840,1786706107,2026-08-14T11:15:07+00:00,MUUSDT,LONG,bb_squeeze,977.45,968.110198019802,996.129603960396,sl_first,1786715100,2026-08-14T13:45:00+00:00,-1.0,stop_touch,no,,,8.7433,below_50%,sl,1786714696,961.55
1841,1786706139,2026-08-14T11:15:39+00:00,ADAUSDT,SHORT,bb_squeeze,0.1792,0.1807188118811881,0.17616237623762376,sl_first,1786728600,2026-08-14T17:30:00+00:00,-1.0,stop_touch,no,,,3.5774,below_50%,sl,1786766563,0.1807188118811881
1842,1786706887,2026-08-14T11:28:07+00:00,MUUUSDT,LONG,bb_squeeze,32.71,32.14940594059406,33.83118811881188,sl_first,1786715100,2026-08-14T13:45:00+00:00,-1.0,stop_touch,no,,,17.6764,below_50%,sl,1786714696,31.57
1843,1786706961,2026-08-14T11:29:21+00:00,ICPUSDT,LONG,bb_squeeze,2.207,2.183059405940594,2.2548811881188118,sl_first,1786715100,2026-08-14T13:45:00+00:00,-1.0,stop_touch,no,,,4.0673,below_50%,sl,1786715021,2.183059405940594
1844,1786706971,2026-08-14T11:29:31+00:00,OPGUSDT,LONG,bb_squeeze,0.0931,0.09200792079207921,0.09528415841584159,sl_first,1786716900,2026-08-14T14:15:00+00:00,-1.0,stop_touch,no,,,4.0134,below_50%,sl,1786716327,0.092
1845,1786707000,2026-08-14T11:30:00+00:00,UNIUSDT,SHORT,bb_squeeze,3.389,3.4279108910891085,3.311178217821782,tp_first,1786707900,2026-08-14T11:45:00+00:00,2.0000000000000115,target_touch,no,,,8.5837,below_50%,tp,1786707630,3.262
1846,1786707426,2026-08-14T11:37:06+00:00,ACEUSDT,LONG,overheated_24h,0.2415,0.2354625,0.25116,ambiguous,1786707900,2026-08-14T11:45:00+00:00,nan,both_barriers_same_candle,yes,1786704611,pump_24h_fade,125.9535,at_or_above_50%,tp,1786707955,0.25116
1848,1786708826,2026-08-14T12:00:26+00:00,SPCHUSDT,LONG,bb_squeeze,9.622,9.41822641509434,10.02954716981132,sl_first,1786715100,2026-08-14T13:45:00+00:00,-1.0,stop_touch,no,,,9.8201,below_50%,sl,1786715021,9.134
1849,1786708937,2026-08-14T12:02:17+00:00,ORDIUSDT,SHORT,ema_cross,3.408,3.4855862068965515,3.2528275862068963,unresolved,1786796100,2026-08-15T12:15:00+00:00,0.05155555555555568,window_close,no,,,4.5775,below_50%,sl,1786815887,3.4855862068965515
1850,1786708982,2026-08-14T12:03:02+00:00,PIXELUSDT,LONG,ema_cross,0.004778,0.004652068965517241,0.005029862068965518,sl_first,1786712400,2026-08-14T13:00:00+00:00,-1.0,stop_touch,no,,,13.076,below_50%,sl,1786732222,0.004617
1851,1786709001,2026-08-14T12:03:21+00:00,AIAUSDT,SHORT,ema_cross,0.06593,0.06845172413793103,0.060886551724137934,sl_first,1786717800,2026-08-14T14:30:00+00:00,-1.0,stop_touch,no,,,13.1355,below_50%,sl,1786718015,0.06859
1852,1786709063,2026-08-14T12:04:23+00:00,TLMUSDT,LONG,ema_cross,0.001659,0.0016151724137931035,0.001746655172413793,sl_first,1786710600,2026-08-14T12:30:00+00:00,-1.0,stop_touch,no,,,11.7843,below_50%,sl,1786710781,0.001599
1853,1786709524,2026-08-14T12:12:04+00:00,AXTIUSDT,LONG,bb_squeeze,79.39,77.64554455445544,82.8789108910891,sl_first,1786715100,2026-08-14T13:45:00+00:00,-1.0,stop_touch,no,,,7.9503,below_50%,sl,1786714696,77.64554455445544
1854,1786709551,2026-08-14T12:12:31+00:00,KORUUSDT,LONG,bb_squeeze,22.516,22.128801980198016,23.29039603960396,sl_first,1786715100,2026-08-14T13:45:00+00:00,-1.0,stop_touch,no,,,15.8787,below_50%,sl,1786714696,21.929
1855,1786709683,2026-08-14T12:14:43+00:00,SPCXUSDT,LONG,bb_squeeze,143.73,142.05891089108908,147.07217821782177,sl_first,1786715100,2026-08-14T13:45:00+00:00,-1.0,stop_touch,no,,,4.9714,below_50%,sl,1786714696,141.23
1856,1786709718,2026-08-14T12:15:18+00:00,SAMSUNGUSDT,LONG,bb_squeeze,195.57,193.6019801980198,199.50603960396037,sl_first,1786715100,2026-08-14T13:45:00+00:00,-1.0,stop_touch,no,,,7.1047,below_50%,sl,1786714696,192.24
1858,1786711787,2026-08-14T12:49:47+00:00,AKEUSDT,SHORT,pump_24h_fade,0.0113104,0.012667648,0.008595904,sl_first,1786713300,2026-08-14T13:15:00+00:00,-1.0,stop_touch,no,,,130.6338,at_or_above_50%,sl,1786712911,0.012667648
1859,1786711787,2026-08-14T12:49:47+00:00,ACEUSDT,SHORT,pump_24h_fade,0.245,0.2744,0.1862,sl_first,1786713300,2026-08-14T13:15:00+00:00,-1.0,stop_touch,no,,,137.0302,at_or_above_50%,sl,1786713276,0.2744
1860,1786711788,2026-08-14T12:49:48+00:00,VELVETUSDT,SHORT,pump_24h_fade,1.07247,1.2011664,0.8150772000000001,sl_first,1786773600,2026-08-15T06:00:00+00:00,-1.0,stop_touch,no,,,136.0819,at_or_above_50%,sl,1786780582,1.21242
1861,1786712884,2026-08-14T13:08:04+00:00,CROSSUSDT,SHORT,pump_24h_fade,0.12889,0.1443568,0.0979564,sl_first,1786715100,2026-08-14T13:45:00+00:00,-1.0,stop_touch,no,,,42.3979,below_50%,sl,1786715021,0.1443568
1862,1786713245,2026-08-14T13:14:05+00:00,XMRUSDT,LONG,bb_squeeze,401.44,398.1714851485149,407.9770297029703,sl_first,1786715100,2026-08-14T13:45:00+00:00,-1.0,stop_touch,no,,,3.3611,below_50%,sl,1786714346,397.93
1863,1786713259,2026-08-14T13:14:19+00:00,XPTUSDT,LONG,bb_squeeze,1742.34,1732.3586138613862,1762.3027722772276,unresolved,1786799700,2026-08-15T13:15:00+00:00,0.6041245089870297,window_close,no,,,2.6716,below_50%,tp,1786949826,1769.67
1864,1786713373,2026-08-14T13:16:13+00:00,RATSUSDT,LONG,bb_squeeze,3.942e-05,3.862148514851485e-05,4.10170297029703e-05,tp_first,1786721400,2026-08-14T15:30:00+00:00,2.0,target_touch,no,,,8.2906,below_50%,tp,1786721620,4.10170297029703e-05
1865,1786713374,2026-08-14T13:16:14+00:00,DELLUSDT,SHORT,bb_squeeze,490.46,495.7587128712871,479.8625742574257,sl_first,1786714200,2026-08-14T13:30:00+00:00,-1.0,stop_touch,no,,,5.5246,below_50%,sl,1786714346,498.19
1866,1786713482,2026-08-14T13:18:02+00:00,XRPUSDT,SHORT,bb_squeeze,1.0008,1.0058356435643563,0.990728712871287,sl_first,1786721400,2026-08-14T15:30:00+00:00,-1.0,stop_touch,no,,,1.5735,below_50%,sl,1786721952,1.007
1867,1786713508,2026-08-14T13:18:28+00:00,ACTUSDT,LONG,bb_squeeze,0.00993,0.009689504950495049,0.010410990099009901,sl_first,1786797000,2026-08-15T12:30:00+00:00,-1.0,stop_touch,no,,,7.2187,below_50%,tp,1786880827,0.01053
1868,1786713524,2026-08-14T13:18:44+00:00,BCHUSDT,SHORT,bb_squeeze,202.97,204.03772277227722,200.83455445544556,tp_first,1786717800,2026-08-14T14:30:00+00:00,2.0,target_touch,no,,,6.12,below_50%,tp,1786718015,200.34
1869,1786715859,2026-08-14T13:57:39+00:00,CAPUSDT,SHORT,pump_24h_fade,0.07052,0.0789824,0.053595199999999996,tp_first,1786731300,2026-08-14T18:15:00+00:00,2.0000000000000018,target_touch,no,,,35.4392,below_50%,tp,1786731907,0.053595199999999996
1870,1786716206,2026-08-14T14:03:26+00:00,APPUSDT,LONG,bb_squeeze,323.0,319.81683168316835,329.36633663366337,sl_first,1786716900,2026-08-14T14:15:00+00:00,-1.0,stop_touch,no,,,5.2495,below_50%,sl,1786716709,319.7
1871,1786716264,2026-08-14T14:04:24+00:00,BSPUSDT,LONG,bb_squeeze,41.59,40.2530693069307,44.263861386138615,sl_first,1786720500,2026-08-14T15:15:00+00:00,-1.0,stop_touch,no,,,7.9243,below_50%,sl,1786736216,39.89
1872,1786716310,2026-08-14T14:05:10+00:00,MRVLUSDT,SHORT,bb_squeeze,219.75,222.20376237623762,214.84247524752476,sl_first,1786738500,2026-08-14T20:15:00+00:00,-1.0,stop_touch,no,,,5.7843,below_50%,sl,1786738009,222.3
1873,1786716335,2026-08-14T14:05:35+00:00,SMCIUSDT,LONG,bb_squeeze,40.3,39.69435643564356,41.511287128712866,sl_first,1786717800,2026-08-14T14:30:00+00:00,-1.0,stop_touch,no,,,9.3468,below_50%,sl,1786718015,39.49
1874,1786716368,2026-08-14T14:06:08+00:00,SNOWUSDT,SHORT,bb_squeeze,331.88,334.9120792079208,325.8158415841584,unresolved,1786803300,2026-08-15T14:15:00+00:00,0.8080263845350026,window_close,no,,,3.1578,below_50%,tp,1786957784,325.8158415841584
1875,1786716376,2026-08-14T14:06:16+00:00,MVLLUSDT,SHORT,bb_squeeze,27.12,27.703663366336635,25.952673267326734,sl_first,1786716900,2026-08-14T14:15:00+00:00,-1.0,stop_touch,no,,,11.5113,below_50%,sl,1786716709,27.703663366336635
1876,1786716439,2026-08-14T14:07:19+00:00,SANDUSDT,LONG,bb_squeeze,0.03914,0.03887039603960396,0.03967920792079208,tp_first,1786724100,2026-08-14T16:15:00+00:00,2.0,target_touch,no,,,3.2233,below_50%,tp,1786731907,0.03993
1877,1786716450,2026-08-14T14:07:30+00:00,CRWVUSDT,SHORT,bb_squeeze,105.5,107.1960396039604,102.1079207920792,sl_first,1786718700,2026-08-14T14:45:00+00:00,-1.0,stop_touch,no,,,8.7878,below_50%,sl,1786957784,108.77
1878,1786716462,2026-08-14T14:07:42+00:00,IRENUSDT,LONG,bb_squeeze,45.61,44.94841584158416,46.93316831683168,sl_first,1786716900,2026-08-14T14:15:00+00:00,-1.0,stop_touch,no,,,11.8729,below_50%,sl,1786717388,44.94841584158416
1879,1786716492,2026-08-14T14:08:12+00:00,SQDUSDT,SHORT,bb_squeeze,0.04321,0.045267326732673266,0.03909534653465346,sl_first,1786799700,2026-08-15T13:15:00+00:00,-1.0,stop_touch,no,,,11.8573,below_50%,sl,1786861791,0.04536
1880,1786716501,2026-08-14T14:08:21+00:00,CSCOUSDT,SHORT,bb_squeeze,111.33,112.23881188118811,109.51237623762376,sl_first,1786730400,2026-08-14T18:00:00+00:00,-1.0,stop_touch,no,,,4.5001,below_50%,sl,1786731907,112.25
1881,1786716535,2026-08-14T14:08:55+00:00,BICOUSDT,SHORT,bb_squeeze,0.02579,0.027545049504950497,0.022279900990099008,sl_first,1786756500,2026-08-15T01:15:00+00:00,-1.0,stop_touch,no,,,25.7019,below_50%,tp,1786810084,0.02153
1882,1786716568,2026-08-14T14:09:28+00:00,SHAZUSDT,LONG,bb_squeeze,73.66,72.46742574257425,76.04514851485148,sl_first,1786717800,2026-08-14T14:30:00+00:00,-1.0,stop_touch,no,,,5.7432,below_50%,sl,1786717388,72.08
1883,1786716584,2026-08-14T14:09:44+00:00,ORCLXUSDT,SHORT,bb_squeeze,154.49,155.6959405940594,152.0781188118812,tp_first,1786726800,2026-08-14T17:00:00+00:00,2.0,target_touch,no,,,4.0619,below_50%,tp,1786731907,150.25
1884,1786717369,2026-08-14T14:22:49+00:00,COHRUSDT,LONG,bb_squeeze,341.87,335.280198019802,355.04960396039604,sl_first,1786717800,2026-08-14T14:30:00+00:00,-1.0,stop_touch,no,,,10.9271,below_50%,sl,1786717684,335.280198019802
1885,1786717404,2026-08-14T14:23:24+00:00,SATSUSDT,LONG,bb_squeeze,1.018e-08,1.0076237623762376e-08,1.0387524752475247e-08,tp_first,1786717800,2026-08-14T14:30:00+00:00,2.000000000000016,target_touch,no,,,3.424,below_50%,tp,1786718015,1.041e-08
1886,1786718356,2026-08-14T14:39:16+00:00,LITEUSDT,LONG,bb_squeeze,941.8,926.7878217821782,971.8243564356435,sl_first,1786721400,2026-08-14T15:30:00+00:00,-1.0,stop_touch,no,,,9.1722,below_50%,sl,1786721322,919.88
1888,1786720150,2026-08-14T15:09:10+00:00,ASTERUSDT,SHORT,bb_squeeze,0.5993,0.6013613861386139,0.5951772277227723,sl_first,1786721400,2026-08-14T15:30:00+00:00,-1.0,stop_touch,no,,,1.3575,below_50%,sl,1786721620,0.6014
1889,1786720154,2026-08-14T15:09:14+00:00,ASTSUSDT,SHORT,bb_squeeze,70.11,71.05762376237624,68.21475247524752,sl_first,1786737600,2026-08-14T20:00:00+00:00,-1.0,stop_touch,no,,,4.2262,below_50%,sl,1786737386,71.05762376237624
1890,1786720158,2026-08-14T15:09:18+00:00,MUBARAKUSDT,LONG,bb_squeeze,0.01714,0.01644108910891089,0.018537821782178217,sl_first,1786728600,2026-08-14T17:30:00+00:00,-1.0,stop_touch,no,,,11.9141,below_50%,sl,1786731907,0.01629
1891,1786720183,2026-08-14T15:09:43+00:00,BOMEUSDT,LONG,bb_squeeze,0.0007671,0.0007491960396039605,0.0008029079207920793,tp_first,1786729500,2026-08-14T17:45:00+00:00,2.0,target_touch,no,,,6.4459,below_50%,tp,1786736216,0.0008029079207920793
1892,1786720249,2026-08-14T15:10:49+00:00,RKLBUSDT,SHORT,bb_squeeze,79.81,81.07742574257426,77.27514851485148,unresolved,1786806900,2026-08-15T15:15:00+00:00,-0.19725021482696609,window_close,no,,,4.8027,below_50%,sl,1786862797,81.07742574257426
1893,1786720272,2026-08-14T15:11:12+00:00,ALGOUSDT,LONG,bb_squeeze,0.07921,0.07862851485148516,0.08037297029702971,tp_first,1786724100,2026-08-14T16:15:00+00:00,2.000000000000024,target_touch,no,,,2.3387,below_50%,sl,1786862516,0.07862851485148516
1894,1786721008,2026-08-14T15:23:28+00:00,ACEUSDT,SHORT,pump_24h_fade,0.2702,0.302624,0.20535199999999998,sl_first,1786725000,2026-08-14T16:30:00+00:00,-1.0,stop_touch,no,,,164.3238,at_or_above_50%,sl,1786731907,0.3028
1895,1786721008,2026-08-14T15:23:28+00:00,CROSSUSDT,SHORT,pump_24h_fade,0.1403,0.157136,0.106628,tp_first,1786751100,2026-08-14T23:45:00+00:00,2.0000000000000018,target_touch,no,,,51.4729,at_or_above_50%,tp,1786765905,0.09453
1896,1786721009,2026-08-14T15:23:29+00:00,AKEUSDT,SHORT,pump_24h_fade,0.0102664,0.011498368,0.007802464,sl_first,1786729500,2026-08-14T17:45:00+00:00,-1.0,stop_touch,no,,,120.139,at_or_above_50%,sl,1786731907,0.011498368
1897,1786722396,2026-08-14T15:46:36+00:00,TAKEUSDT,LONG,bb_squeeze,0.05528,0.05359782178217822,0.058644356435643565,sl_first,1786723200,2026-08-14T16:00:00+00:00,-1.0,stop_touch,no,,,56.0221,at_or_above_50%,sl,1786731907,0.05018
1898,1786723214,2026-08-14T16:00:14+00:00,HBARUSDT,LONG,bb_squeeze,0.06588,0.06557138613861385,0.06649722772277228,sl_first,1786726800,2026-08-14T17:00:00+00:00,-1.0,stop_touch,no,,,3.1501,below_50%,sl,1786731907,0.06548
1899,1786723264,2026-08-14T16:01:04+00:00,TRUMPUSDT,LONG,bb_squeeze,1.405,1.392811881188119,1.4293762376237624,tp_first,1786728600,2026-08-14T17:30:00+00:00,2.000000000000018,target_touch,no,,,3.0059,below_50%,tp,1786738009,1.43
1900,1786723272,2026-08-14T16:01:12+00:00,SOXXUSDT,SHORT,bb_squeeze,545.4,548.4534653465346,539.2930693069306,sl_first,1786735800,2026-08-14T19:30:00+00:00,-1.0,stop_touch,no,,,3.3727,below_50%,sl,1786736216,548.4534653465346
1901,1786723278,2026-08-14T16:01:18+00:00,WLDUSDT,LONG,bb_squeeze,0.3459,0.34110990099009897,0.35548019801980196,sl_first,1786734900,2026-08-14T19:15:00+00:00,-1.0,stop_touch,no,,,4.3844,below_50%,sl,1786734984,0.3409
1902,1786723334,2026-08-14T16:02:14+00:00,AAOIUSDT,LONG,ema_cross,149.24,143.47103448275863,160.77793103448275,unresolved,1786810500,2026-08-15T16:15:00+00:00,0.5009563658099195,window_close,no,,,18.546,below_50%,tp,1786988015,160.77793103448275
1904,1786732333,2026-08-14T18:32:13+00:00,SAMSUNGEMUSDT,SHORT,bb_squeeze,1050.1,1073.0158415841584,1004.268316831683,sl_first,1786733100,2026-08-14T18:45:00+00:00,-1.0,stop_touch,no,,,9.1538,below_50%,sl,1786733344,1073.0158415841584
1905,1786732549,2026-08-14T18:35:49+00:00,USARUSDT,LONG,ema_cross,20.23,19.66103448275862,21.36793103448276,sl_first,1786733100,2026-08-14T18:45:00+00:00,-1.0,stop_touch,no,,,10.5717,below_50%,sl,1786975332,18.9
1906,1786733342,2026-08-14T18:49:02+00:00,ACEUSDT,SHORT,pump_24h_fade,0.3003,0.336336,0.22822800000000001,sl_first,1786742100,2026-08-14T21:15:00+00:00,-1.0,stop_touch,no,,,188.5537,at_or_above_50%,sl,1786741560,0.336336
1907,1786736861,2026-08-14T19:47:41+00:00,ONGUSDT,LONG,ema_cross,0.0433,0.04241724137931034,0.04506551724137931,tp_first,1786737600,2026-08-14T20:00:00+00:00,2.0,target_touch,no,,,23.4443,below_50%,tp,1786737684,0.04507
1908,1786736914,2026-08-14T19:48:34+00:00,ALICEUSDT,LONG,ema_cross,0.1382,0.13488965517241377,0.1448206896551724,tp_first,1786743000,2026-08-14T21:30:00+00:00,1.9999999999999916,target_touch,no,,,33.3624,below_50%,tp,1786743546,0.1448206896551724
1909,1786736980,2026-08-14T19:49:40+00:00,INJUSDT,SHORT,ema_cross,4.22,4.318413793103448,4.0231724137931035,unresolved,1786824000,2026-08-15T20:00:00+00:00,0.3353188507358031,window_close,no,,,11.5014,below_50%,tp,1787022599,4.0231724137931035
1910,1786737004,2026-08-14T19:50:04+00:00,GRVTUSDT,SHORT,ema_cross,0.3056,0.3297448275862069,0.2573103448275862,unresolved,1786824000,2026-08-15T20:00:00+00:00,0.3313339045986864,window_close,no,,,25.493,below_50%,sl,1787154235,0.3298
1911,1786737707,2026-08-14T20:01:47+00:00,ZAMAUSDT,SHORT,ema_cross,0.04467,0.04593758620689655,0.0421348275862069,sl_first,1786745700,2026-08-14T22:15:00+00:00,-1.0,stop_touch,no,,,8.8565,below_50%,tp,1786852910,0.04211
1912,1786737827,2026-08-14T20:03:47+00:00,SCRTUSDT,SHORT,ema_cross,0.02838,0.030837241379310345,0.02346551724137931,unresolved,1786824900,2026-08-15T20:15:00+00:00,0.3540555711479086,window_close,no,,,49.64,below_50%,tp,1787207222,0.02199
1913,1786737854,2026-08-14T20:04:14+00:00,PRLUSDT,LONG,ema_cross,0.35131,0.3393186206896552,0.37529275862068967,tp_first,1786758300,2026-08-15T01:45:00+00:00,2.0,target_touch,no,,,20.4159,below_50%,tp,1786765905,0.38302
1914,1786737856,2026-08-14T20:04:16+00:00,GLWUSDT,LONG,ema_cross,166.12,162.83344827586208,172.69310344827588,unresolved,1786824900,2026-08-15T20:15:00+00:00,0.3651243311299944,window_close,no,,,5.876,below_50%,tp,1786977808,172.9
1915,1786738369,2026-08-14T20:12:49+00:00,NOKUSDT,LONG,bb_squeeze,10.781,10.691445544554457,10.96010891089109,sl_first,1786817700,2026-08-15T18:15:00+00:00,-1.0,stop_touch,no,,,3.6155,below_50%,sl,1786818653,10.691445544554457
1916,1786738482,2026-08-14T20:14:42+00:00,TAGUSDT,SHORT,bb_squeeze,0.0012091,0.001230041584158416,0.0011672168316831683,sl_first,1786738500,2026-08-14T20:15:00+00:00,-1.0,stop_touch,no,,,6.6711,below_50%,sl,1786739189,0.001232
1917,1786739898,2026-08-14T20:38:18+00:00,MAVIAUSDT,LONG,ema_cross,0.0317,0.030905172413793102,0.03328965517241379,sl_first,1786761000,2026-08-15T02:30:00+00:00,-1.0,stop_touch,no,,,11.6279,below_50%,sl,1786765905,0.0307
1918,1786741783,2026-08-14T21:09:43+00:00,ACEUSDT,SHORT,pump_24h_fade,0.3304,0.37004800000000004,0.251104,sl_first,1786746600,2026-08-14T22:30:00+00:00,-1.0,stop_touch,no,,,178.9022,at_or_above_50%,tp,1786765905,0.1955
1919,1786742099,2026-08-14T21:14:59+00:00,NEARUSDT,LONG,bb_squeeze,1.6248,1.609119801980198,1.656160396039604,sl_first,1786743900,2026-08-14T21:45:00+00:00,-1.0,stop_touch,no,,,3.8705,below_50%,sl,1786743912,1.6089
1920,1786742224,2026-08-14T21:17:04+00:00,JUSUNGUSDT,LONG,bb_squeeze,127.02,124.69772277227722,131.66455445544554,sl_first,1786743000,2026-08-14T21:30:00+00:00,-1.0,stop_touch,no,,,10.1197,below_50%,sl,1786742603,124.4
1921,1786766493,2026-08-15T04:01:33+00:00,ROBOUSDT,SHORT,pump_24h_fade,0.01952,0.021862399999999997,0.0148352,tp_first,1786794300,2026-08-15T11:45:00+00:00,2.0000000000000013,target_touch,no,,,44.4206,below_50%,tp,1786810084,0.01356
1922,1786768114,2026-08-15T04:28:34+00:00,CLOUSDT,SHORT,bb_squeeze,0.11582,0.11855089108910892,0.11035821782178219,sl_first,1786838400,2026-08-16T00:00:00+00:00,-1.0,stop_touch,no,,,1.6691,below_50%,sl,1786959585,0.11883
1923,1786768126,2026-08-15T04:28:46+00:00,LITUSDT,LONG,bb_squeeze,2.276,2.2368316831683166,2.354336633663366,unresolved,1786854600,2026-08-16T04:30:00+00:00,0.7914560161779604,window_close,no,,,4.9293,below_50%,tp,1786949826,2.364
1924,1786768225,2026-08-15T04:30:25+00:00,SLXUSDT,SHORT,bb_squeeze,0.07652,0.07761257425742575,0.07433485148514851,tp_first,1786846500,2026-08-16T02:15:00+00:00,2.0,target_touch,no,,,7.524,below_50%,tp,1786845805,0.07321
1925,1786768250,2026-08-15T04:30:50+00:00,BMTUSDT,LONG,bb_squeeze,0.01632,0.015429900990099011,0.01810019801980198,tp_first,1786786200,2026-08-15T09:30:00+00:00,2.0,target_touch,no,,,14.8475,below_50%,tp,1786785654,0.01835
1926,1786769147,2026-08-15T04:45:47+00:00,PUMPUSDT,SHORT,bb_squeeze,0.002738,0.002794831683168317,0.0026243366336633663,sl_first,1786779900,2026-08-15T07:45:00+00:00,-1.0,stop_touch,no,,,8.4195,below_50%,sl,1786810084,0.00282
1927,1786769407,2026-08-15T04:50:07+00:00,NEARUSDT,LONG,ema_cross,1.6457,1.6146310344827586,1.7078379310344827,sl_first,1786837500,2026-08-15T23:45:00+00:00,-1.0,stop_touch,no,,,5.4769,below_50%,sl,1786838854,1.6146310344827586
1928,1786769524,2026-08-15T04:52:04+00:00,COTIUSDT,SHORT,ema_cross,0.01042,0.011262068965517243,0.008735862068965518,unresolved,1786856400,2026-08-16T05:00:00+00:00,0.23751023751023792,window_close,no,,,13.417,below_50%,sl,1786869898,0.011262068965517243
1929,1786769544,2026-08-15T04:52:24+00:00,THETAUSDT,LONG,ema_cross,0.1452,0.14296206896551725,0.14967586206896552,sl_first,1786773600,2026-08-15T06:00:00+00:00,-1.0,stop_touch,no,,,12.357,below_50%,sl,1786780582,0.1396
1930,1786770331,2026-08-15T05:05:31+00:00,PRLUSDT,LONG,overheated_24h,0.39604,0.3768903571428571,0.4343392857142857,sl_first,1786773600,2026-08-15T06:00:00+00:00,-1.0,stop_touch,no,,,35.1927,below_50%,sl,1786784662,0.3593
1931,1786770338,2026-08-15T05:05:38+00:00,VELVETUSDT,LONG,overheated_24h,1.0709,0.8979521428571429,1.4167957142857142,sl_first,1786808700,2026-08-15T15:45:00+00:00,-1.0,stop_touch,no,,,136.0819,at_or_above_50%,sl,1786810084,0.87526
1932,1786770385,2026-08-15T05:06:25+00:00,EPICUSDT,LONG,overheated_24h,0.3976,0.3507946428571429,0.4912107142857143,sl_first,1786797000,2026-08-15T12:30:00+00:00,-1.0,stop_touch,no,,,22.1372,below_50%,sl,1786810084,0.3376
1933,1786770484,2026-08-15T05:08:04+00:00,ROBOUSDT,LONG,overheated_24h,0.02026,0.018753035714285715,0.02327392857142857,sl_first,1786774500,2026-08-15T06:15:00+00:00,-1.0,stop_touch,no,,,47.9286,below_50%,sl,1786781697,0.018753035714285715
1934,1786770489,2026-08-15T05:08:09+00:00,APRUSDT,LONG,oversold_24h,0.28078,0.2583176,0.32570479999999996,sl_first,1786770900,2026-08-15T05:15:00+00:00,-1.0,stop_touch,no,,,115.4926,at_or_above_50%,sl,1786780582,0.2076
1935,1786770756,2026-08-15T05:12:36+00:00,MONUSDT,SHORT,bb_squeeze,0.02091,0.021071881188118813,0.02058623762376238,sl_first,1786788900,2026-08-15T10:15:00+00:00,-1.0,stop_touch,no,,,2.349,below_50%,tp,1786949826,0.02021
1936,1786770925,2026-08-15T05:15:25+00:00,OPUSDT,LONG,bb_squeeze,0.0872,0.0863870297029703,0.0888259405940594,sl_first,1786779900,2026-08-15T07:45:00+00:00,-1.0,stop_touch,no,,,3.3904,below_50%,sl,1786780582,0.08637
1937,1786774023,2026-08-15T06:07:03+00:00,CYSUSDT,LONG,overheated_24h,1.4686,1.143935714285714,2.1179285714285716,sl_first,1786817700,2026-08-15T18:15:00+00:00,-1.0,stop_touch,no,,,74.7608,at_or_above_50%,sl,1786817179,1.1311
1938,1786774131,2026-08-15T06:08:51+00:00,AIOUSDT,LONG,overheated_early,0.05113,0.046298928571428574,0.060792142857142864,sl_first,1786785300,2026-08-15T09:15:00+00:00,-1.0,stop_touch,no,,,41.2683,below_50%,sl,1786785383,0.04614
1939,1786775326,2026-08-15T06:28:46+00:00,HUSDT,LONG,overheated_early,0.12047,0.11065732142857143,0.14009535714285715,tp_first,1786794300,2026-08-15T11:45:00+00:00,2.0000000000000027,target_touch,no,,,32.994,below_50%,tp,1786810084,0.14072
1940,1786775345,2026-08-15T06:29:05+00:00,STARUSDT,LONG,overheated_24h,0.09172,0.08303232142857142,0.10909535714285715,unresolved,1786861800,2026-08-16T06:30:00+00:00,0.7021438408254719,window_close,no,,,19.2436,below_50%,tp,1786957784,0.11051
1941,1786775422,2026-08-15T06:30:22+00:00,PROMUSDT,LONG,oversold_24h,2.22,2.0424,2.5752,sl_first,1786846500,2026-08-16T02:15:00+00:00,-1.0,stop_touch,no,,,24.5701,below_50%,sl,1786846270,2.0424
1942,1786775580,2026-08-15T06:33:00+00:00,PRLUSDT,SHORT,pump_24h_fade,0.40165,0.449848,0.305254,unresolved,1786862700,2026-08-16T06:45:00+00:00,0.4981534503506374,window_close,no,,,36.9309,below_50%,sl,1787030444,0.45
1943,1786775917,2026-08-15T06:38:37+00:00,AINUSDT,LONG,bb_squeeze,0.0832,0.08155970297029702,0.08648059405940593,sl_first,1786777200,2026-08-15T07:00:00+00:00,-1.0,stop_touch,no,,,17.9241,below_50%,sl,1786782099,0.08155970297029702
1944,1786776681,2026-08-15T06:51:21+00:00,ONGUSDT,LONG,overheated_24h,0.04837,0.04674142857142857,0.05162714285714286,sl_first,1786780800,2026-08-15T08:00:00+00:00,-1.0,stop_touch,no,,,23.4443,below_50%,sl,1786780582,0.04623
1948,1786777677,2026-08-15T07:07:57+00:00,HEMIUSDT,LONG,overheated_24h,0.005426,0.0052104821428571434,0.005857035714285714,tp_first,1786783500,2026-08-15T08:45:00+00:00,2.0,target_touch,no,,,21.0756,below_50%,tp,1786783166,0.005857035714285714
1949,1786777940,2026-08-15T07:12:20+00:00,BEATUSDT,SHORT,bb_squeeze,0.5797,0.6717663366336634,0.39556732673267325,tp_first,1786819500,2026-08-15T18:45:00+00:00,2.0,target_touch,no,,,38.5844,below_50%,tp,1786819072,0.39556732673267325
1950,1786778003,2026-08-15T07:13:23+00:00,SWARMSUSDT,SHORT,bb_squeeze,0.008146,0.008318663366336633,0.007800673267326733,sl_first,1786783500,2026-08-15T08:45:00+00:00,-1.0,stop_touch,no,,,8.0605,below_50%,sl,1786783166,0.008333
1951,1786778010,2026-08-15T07:13:30+00:00,GENIUSUSDT,SHORT,bb_squeeze,0.3636,0.36958118811881185,0.35163762376237623,sl_first,1786792500,2026-08-15T11:15:00+00:00,-1.0,stop_touch,no,,,8.5849,below_50%,sl,1786810084,0.3782
1952,1786778039,2026-08-15T07:13:59+00:00,EVAAUSDT,SHORT,bb_squeeze,0.7777,0.7897732673267326,0.7535534653465346,tp_first,1786833900,2026-08-15T22:45:00+00:00,2.0000000000000093,target_touch,no,,,4.7211,below_50%,tp,1786841721,0.7516
1953,1786778171,2026-08-15T07:16:11+00:00,ONUSDT,LONG,bb_squeeze,0.37237,0.3598824752475247,0.3973450495049505,sl_first,1786781700,2026-08-15T08:15:00+00:00,-1.0,stop_touch,no,,,14.5463,below_50%,sl,1786782099,0.35845
1954,1786781050,2026-08-15T08:04:10+00:00,NILUSDT,LONG,overheated_24h,0.05258,0.048307142857142854,0.06112571428571429,sl_first,1786787100,2026-08-15T09:45:00+00:00,-1.0,stop_touch,no,,,32.0322,below_50%,sl,1786786710,0.04783
1956,1786781466,2026-08-15T08:11:06+00:00,MMTUSDT,LONG,bb_squeeze,0.182,0.1766168316831683,0.19276633663366335,sl_first,1786796100,2026-08-15T12:15:00+00:00,-1.0,stop_touch,no,,,7.9254,below_50%,sl,1786838667,0.175
1957,1786781593,2026-08-15T08:13:13+00:00,EDUUSDT,LONG,bb_squeeze,0.04171,0.04105148514851485,0.043027029702970294,sl_first,1786782600,2026-08-15T08:30:00+00:00,-1.0,stop_touch,no,,,5.2078,below_50%,sl,1786782268,0.04102
1958,1786781688,2026-08-15T08:14:48+00:00,DOLOUSDT,SHORT,ema_cross,0.0216,0.022743793103448276,0.01931241379310345,sl_first,1786840200,2026-08-16T00:30:00+00:00,-1.0,stop_touch,no,,,62.0741,at_or_above_50%,sl,1786839601,0.022743793103448276
1959,1786781783,2026-08-15T08:16:23+00:00,STBLUSDT,LONG,ema_cross,0.02433,0.02377896551724138,0.02543206896551724,unresolved,1786869000,2026-08-16T08:30:00+00:00,0.5262828535669567,window_close,no,,,6.9706,below_50%,tp,1786898301,0.02548
1960,1786781863,2026-08-15T08:17:43+00:00,SATSUSDT,LONG,ema_cross,1.05e-08,1.0286896551724138e-08,1.0926206896551723e-08,sl_first,1786804200,2026-08-15T14:30:00+00:00,-1.0,stop_touch,no,,,7.322,below_50%,sl,1786861279,1.027e-08
1961,1786781868,2026-08-15T08:17:48+00:00,YGGUSDT,LONG,ema_cross,0.01955,0.019141034482758622,0.02036793103448276,unresolved,1786869000,2026-08-16T08:30:00+00:00,0.6602023608768963,window_close,no,,,12.5958,below_50%,sl,1787031289,0.01914
1962,1786783401,2026-08-15T08:43:21+00:00,FOLKSUSDT,LONG,overheated_24h,2.167,2.0876071428571428,2.325785714285714,sl_first,1786787100,2026-08-15T09:45:00+00:00,-1.0,stop_touch,no,,,22.1279,below_50%,sl,1786786710,1.98
1964,1786784775,2026-08-15T09:06:15+00:00,HEMIUSDT,SHORT,pump_24h_fade,0.006196,0.00693952,0.00470896,sl_first,1786815900,2026-08-15T17:45:00+00:00,-1.0,stop_touch,no,,,41.9108,below_50%,sl,1786816248,0.00693952
1965,1786785179,2026-08-15T09:12:59+00:00,PENGUUSDT,SHORT,bb_squeeze,0.006021,0.006077257425742575,0.005908485148514851,unresolved,1786871700,2026-08-16T09:15:00+00:00,0.3021823301654425,window_close,no,,,3.6969,below_50%,tp,1786914398,0.005908485148514851
1966,1786786148,2026-08-15T09:29:08+00:00,COWUSDT,LONG,overheated_24h,0.139,0.13693214285714286,0.1431357142857143,ambiguous,1786786200,2026-08-15T09:30:00+00:00,nan,both_barriers_same_candle,no,,,39.2533,below_50%,tp,1786786349,0.1473
1967,1786786161,2026-08-15T09:29:21+00:00,BMTUSDT,LONG,overheated_24h,0.01907,0.016244107142857143,0.024721785714285714,sl_first,1786786200,2026-08-15T09:30:00+00:00,-1.0,stop_touch,no,,,14.8475,below_50%,sl,1786810084,0.01571
1969,1786786288,2026-08-15T09:31:28+00:00,HUSDT,SHORT,pump_24h_fade,0.13344,0.1494528,0.1014144,sl_first,1786803300,2026-08-15T14:15:00+00:00,-1.0,stop_touch,no,,,34.0144,below_50%,sl,1786838667,0.15172
1970,1786786916,2026-08-15T09:41:56+00:00,HEMIUSDT,LONG,ema_cross,0.00552,0.005356931034482758,0.0058461379310344825,sl_first,1786787100,2026-08-15T09:45:00+00:00,-1.0,stop_touch,yes,1786784775,pump_24h_fade,41.9108,below_50%,sl,1786787069,0.005321
1971,1786787190,2026-08-15T09:46:30+00:00,AEONUSDT,LONG,overheated_24h,0.0744,0.06807107142857143,0.08705785714285713,tp_first,1786811400,2026-08-15T16:30:00+00:00,2.0,target_touch,no,,,25.5034,below_50%,tp,1786811225,0.0879
1972,1786787467,2026-08-15T09:51:07+00:00,COWUSDT,SHORT,pump_24h_fade,0.1525,0.1708,0.1159,unresolved,1786874400,2026-08-16T10:00:00+00:00,1.6557377049180315,window_close,yes,1786786148,overheated_24h,57.8204,at_or_above_50%,tp,1786949826,0.111
1973,1786810396,2026-08-15T16:13:16+00:00,XNYUSDT,LONG,overheated_24h,0.008185,0.007818142857142857,0.008918714285714285,tp_first,1786847400,2026-08-16T02:30:00+00:00,2.0,target_touch,no,,,20.1959,below_50%,tp,1786848250,0.008959
1974,1786810510,2026-08-15T16:15:10+00:00,WALUSDT,LONG,overheated_24h,0.02524,0.023940892857142855,0.027838214285714286,sl_first,1786834800,2026-08-15T23:00:00+00:00,-1.0,stop_touch,no,,,42.1752,below_50%,sl,1786838854,0.023940892857142855
1976,1786810612,2026-08-15T16:16:52+00:00,COWUSDT,LONG,overheated_24h,0.1476,0.14094642857142858,0.16090714285714286,sl_first,1786811400,2026-08-15T16:30:00+00:00,-1.0,stop_touch,no,,,66.4683,at_or_above_50%,sl,1786810920,0.1406
1979,1786810716,2026-08-15T16:18:36+00:00,AEONUSDT,SHORT,pump_24h_fade,0.08415,0.094248,0.06395400000000001,unresolved,1786897800,2026-08-16T16:30:00+00:00,1.227965933848288,window_close,no,,,41.8235,below_50%,sl,1787033962,0.094248
1980,1786810916,2026-08-15T16:21:56+00:00,USUSDT,LONG,bb_squeeze,0.017812,0.015785544554455445,0.02186491089108911,unresolved,1786897800,2026-08-16T16:30:00+00:00,-0.04145168855534743,window_close,no,,,33.3788,below_50%,open,,
1981,1786810935,2026-08-15T16:22:15+00:00,CTSIUSDT,LONG,bb_squeeze,0.02531,0.025005841584158413,0.025918316831683167,sl_first,1786811400,2026-08-15T16:30:00+00:00,-1.0,stop_touch,no,,,6.748,below_50%,sl,1786838667,0.02496
1982,1786810937,2026-08-15T16:22:17+00:00,GRAMUSDT,LONG,bb_squeeze,1.3494,1.3407821782178218,1.3666356435643563,sl_first,1786842900,2026-08-16T01:15:00+00:00,-1.0,stop_touch,no,,,2.3898,below_50%,sl,1786842797,1.3405
1983,1786810947,2026-08-15T16:22:27+00:00,UAIUSDT,SHORT,bb_squeeze,0.24786,0.2522268316831683,0.23912633663366337,sl_first,1786816800,2026-08-15T18:00:00+00:00,-1.0,stop_touch,no,,,4.2564,below_50%,sl,1786816638,0.2522268316831683
1984,1786810970,2026-08-15T16:22:50+00:00,BASEDUSDT,LONG,bb_squeeze,0.07712,0.07621336633663366,0.07893326732673267,tp_first,1786811400,2026-08-15T16:30:00+00:00,2.0,target_touch,no,,,9.1367,below_50%,tp,1786811225,0.08043
1985,1786810992,2026-08-15T16:23:12+00:00,PLTRXUSDT,LONG,bb_squeeze,174.58,173.43198019801983,176.8760396039604,unresolved,1786897800,2026-08-16T16:30:00+00:00,0.6097455799913736,window_close,no,,,2.2022,below_50%,sl,1786957784,173.14
1986,1786810999,2026-08-15T16:23:19+00:00,CXMTUSDT,LONG,bb_squeeze,7.986,7.916831683168317,8.124336633663367,sl_first,1786856400,2026-08-16T05:00:00+00:00,-1.0,stop_touch,no,,,1.6377,below_50%,tp,1786949826,8.842
1987,1786811011,2026-08-15T16:23:31+00:00,MSTRXUSDT,LONG,bb_squeeze,94.25,93.48485148514851,95.78029702970296,unresolved,1786897800,2026-08-16T16:30:00+00:00,0.5619824016563205,window_close,no,,,3.529,below_50%,sl,1786962011,93.46
1988,1786811122,2026-08-15T16:25:22+00:00,HOODXUSDT,LONG,bb_squeeze,95.83,95.24356435643564,97.00287128712871,unresolved,1786897800,2026-08-16T16:30:00+00:00,0.5456694242782493,window_close,no,,,2.0646,below_50%,sl,1787022599,95.07
1989,1786811177,2026-08-15T16:26:17+00:00,XAIUSDT,LONG,ema_cross,0.006735,0.006500965517241379,0.007203068965517241,tp_first,1786859100,2026-08-16T05:45:00+00:00,2.0,target_touch,no,,,9.9021,below_50%,tp,1786865484,0.007203068965517241
1990,1786811191,2026-08-15T16:26:31+00:00,BTRUSDT,LONG,ema_cross,0.02954,0.02667655172413793,0.03526689655172414,unresolved,1786897800,2026-08-16T16:30:00+00:00,0.18159922928709035,window_close,no,,,12.3461,below_50%,open,,
1991,1786811199,2026-08-15T16:26:39+00:00,HOMEUSDT,SHORT,ema_cross,0.00882,0.009526551724137931,0.007406896551724137,tp_first,1786893300,2026-08-16T15:15:00+00:00,1.9999999999999987,target_touch,no,,,18.4758,below_50%,tp,1786911829,0.00718
1992,1786811228,2026-08-15T16:27:08+00:00,NOMUSDT,LONG,ema_cross,0.001637,0.0015990344827586207,0.0017129310344827587,tp_first,1786863600,2026-08-16T07:00:00+00:00,2.0,target_touch,no,,,12.3449,below_50%,tp,1786862797,0.0017129310344827587
1993,1786811257,2026-08-15T16:27:37+00:00,OUSDT,LONG,ema_cross,0.4619,0.45136896551724137,0.4829620689655172,tp_first,1786871700,2026-08-16T09:15:00+00:00,2.0,target_touch,no,,,5.8301,below_50%,tp,1786871357,0.4859
1994,1786811322,2026-08-15T16:28:42+00:00,SLPUSDT,LONG,ema_cross,0.000537,0.0005248275862068966,0.0005613448275862069,sl_first,1786842900,2026-08-16T01:15:00+00:00,-1.0,stop_touch,no,,,11.5234,below_50%,sl,1786842598,0.0005248275862068966
1995,1786811408,2026-08-15T16:30:08+00:00,BIRBUSDT,LONG,ema_cross,0.05424,0.0522951724137931,0.05812965517241379,sl_first,1786839300,2026-08-16T00:15:00+00:00,-1.0,stop_touch,no,,,7.1914,below_50%,sl,1786838854,0.05197
1997,1786813062,2026-08-15T16:57:42+00:00,BOMEUSDT,LONG,overheated_24h,0.0008942,0.0008394714285714286,0.001003657142857143,sl_first,1786839300,2026-08-16T00:15:00+00:00,-1.0,stop_touch,no,,,15.7283,below_50%,sl,1786838667,0.0008382
1998,1786813285,2026-08-15T17:01:25+00:00,KGENUSDT,SHORT,bb_squeeze,0.17502,0.1784019801980198,0.1682560396039604,unresolved,1786900500,2026-08-16T17:15:00+00:00,0.2069793313425863,window_close,no,,,5.3666,below_50%,sl,1787029946,0.17913
1999,1786813310,2026-08-15T17:01:50+00:00,NOKUSDT,SHORT,bb_squeeze,10.717,10.802633663366338,10.545732673267327,unresolved,1786900500,2026-08-16T17:15:00+00:00,0.18684240952711126,window_close,no,,,1.9289,below_50%,sl,1786949826,10.913
2000,1786813352,2026-08-15T17:02:32+00:00,OPENUSDT,SHORT,bb_squeeze,0.1802,0.1834980198019802,0.1736039603960396,tp_first,1786856400,2026-08-16T05:00:00+00:00,2.0000000000000084,target_touch,no,,,6.7485,below_50%,tp,1786861279,0.173
2001,1786813363,2026-08-15T17:02:43+00:00,MITOUSDT,LONG,bb_squeeze,0.02564,0.02507128712871287,0.026777425742574256,sl_first,1786879800,2026-08-16T11:30:00+00:00,-1.0,stop_touch,no,,,8.8137,below_50%,sl,1786879549,0.02507
2002,1786813390,2026-08-15T17:03:10+00:00,ERAUSDT,LONG,bb_squeeze,0.0618,0.06117128712871287,0.06305742574257425,sl_first,1786814100,2026-08-15T17:15:00+00:00,-1.0,stop_touch,no,,,5.059,below_50%,sl,1786814043,0.06117128712871287
2003,1786813432,2026-08-15T17:03:52+00:00,PNUTUSDT,LONG,bb_squeeze,0.04122,0.04080188118811881,0.04205623762376238,tp_first,1786814100,2026-08-15T17:15:00+00:00,2.0,target_touch,no,,,2.9324,below_50%,tp,1786814043,0.04205623762376238
2004,1786813438,2026-08-15T17:03:58+00:00,ESPORTSUSDT,LONG,bb_squeeze,0.01649,0.016157623762376238,0.017154752475247524,sl_first,1786834800,2026-08-15T23:00:00+00:00,-1.0,stop_touch,no,,,6.9301,below_50%,sl,1786838667,0.01598
2005,1786813472,2026-08-15T17:04:32+00:00,HYPEUSDT,LONG,bb_squeeze,57.189,56.77068316831683,58.025633663366335,sl_first,1786835700,2026-08-15T23:15:00+00:00,-1.0,stop_touch,no,,,3.3429,below_50%,sl,1786839601,56.769
2006,1786813489,2026-08-15T17:04:49+00:00,VIRTUALUSDT,LONG,bb_squeeze,0.5682,0.5609287128712872,0.5827425742574258,sl_first,1786835700,2026-08-15T23:15:00+00:00,-1.0,stop_touch,no,,,2.303,below_50%,sl,1786838667,0.5596
2007,1786813497,2026-08-15T17:04:57+00:00,NOWUSDT,SHORT,bb_squeeze,123.65,124.66257425742575,121.62485148514853,sl_first,1786860900,2026-08-16T06:15:00+00:00,-1.0,stop_touch,no,,,1.5869,below_50%,sl,1786868426,124.71
2008,1786814089,2026-08-15T17:14:49+00:00,ENSOUSDT,LONG,overheated_24h,0.8921,0.8402482142857143,0.9958035714285715,sl_first,1786814100,2026-08-15T17:15:00+00:00,-1.0,stop_touch,no,,,20.9666,below_50%,sl,1786838667,0.8317
2009,1786814240,2026-08-15T17:17:20+00:00,HEMIUSDT,LONG,overheated_24h,0.006443,0.006055571428571428,0.007217857142857143,tp_first,1786817700,2026-08-15T18:15:00+00:00,2.0,target_touch,no,,,43.3439,below_50%,tp,1786817179,0.007305
2011,1786816701,2026-08-15T17:58:21+00:00,AIOUSDT,SHORT,pump_24h_fade,0.05832,0.0653184,0.0443232,sl_first,1786862700,2026-08-16T06:45:00+00:00,-1.0,stop_touch,no,,,38.9159,below_50%,sl,1786862274,0.0653184
2012,1786816701,2026-08-15T17:58:21+00:00,HEMIUSDT,SHORT,pump_24h_fade,0.006975,0.007812,0.005301,sl_first,1786850100,2026-08-16T03:15:00+00:00,-1.0,stop_touch,yes,1786814240,overheated_24h,45.9437,below_50%,sl,1786849571,0.007812
2013,1786817088,2026-08-15T18:04:48+00:00,NBISUSDT,LONG,bb_squeeze,277.29,273.12752475247527,285.6149504950495,unresolved,1786904100,2026-08-16T18:15:00+00:00,-0.06967008396565748,window_close,no,,,2.8884,below_50%,sl,1786975332,273.12752475247527
2017,1786817817,2026-08-15T18:16:57+00:00,HUSDT,LONG,overheated_24h,0.14806,0.13602625,0.1721275,sl_first,1786887000,2026-08-16T13:30:00+00:00,-1.0,stop_touch,no,,,38.2361,below_50%,sl,1786886735,0.13602625
2018,1786818222,2026-08-15T18:23:42+00:00,COHRUSDT,LONG,bb_squeeze,329.43,324.0591089108911,340.1717821782178,unresolved,1786905000,2026-08-16T18:30:00+00:00,0.4654721085425655,window_close,no,,,1.6809,below_50%,tp,1786975332,343.67
2019,1786820174,2026-08-15T18:56:14+00:00,BULLAUSDT,LONG,overheated_24h,0.018962,0.01819775,0.020490500000000002,tp_first,1786826700,2026-08-15T20:45:00+00:00,2.0,target_touch,no,,,21.6312,below_50%,sl,1786838667,0.018076
2020,1786820623,2026-08-15T19:03:43+00:00,TQQQXUSDT,LONG,bb_squeeze,77.06,76.67623762376238,77.82752475247526,unresolved,1786907700,2026-08-16T19:15:00+00:00,0.3648090815273464,window_close,no,,,1.1018,below_50%,tp,1786949826,78.16
2021,1786820655,2026-08-15T19:04:15+00:00,DOGEUSDT,SHORT,bb_squeeze,0.06976,0.07015326732673267,0.06897346534653466,unresolved,1786907700,2026-08-16T19:15:00+00:00,-0.5339879154078623,window_close,no,,,1.3659,below_50%,sl,1786949826,0.07041
2022,1786839086,2026-08-16T00:11:26+00:00,HEMIUSDT,LONG,overheated_24h,0.007127,0.006643303571428571,0.008094392857142857,sl_first,1786840200,2026-08-16T00:30:00+00:00,-1.0,stop_touch,no,,,56.4782,at_or_above_50%,sl,1786839980,0.006643303571428571
2025,1786839171,2026-08-16T00:12:51+00:00,CHIPUSDT,LONG,overheated_24h,0.02741,0.026033214285714285,0.03016357142857143,tp_first,1786878900,2026-08-16T11:15:00+00:00,1.9999999999999976,target_touch,no,,,21.3757,below_50%,tp,1786878318,0.03016357142857143
2026,1786839452,2026-08-16T00:17:32+00:00,SUIUSDT,SHORT,bb_squeeze,0.6772,0.680830693069307,0.6699386138613862,sl_first,1786897800,2026-08-16T16:30:00+00:00,-1.0,stop_touch,no,,,1.7889,below_50%,tp,1786916554,0.6699386138613862
2027,1786839465,2026-08-16T00:17:45+00:00,ENAUSDT,SHORT,bb_squeeze,0.08391,0.08460108910891088,0.08252782178217821,tp_first,1786914900,2026-08-16T21:15:00+00:00,2.00000000000002,target_touch,no,,,2.5203,below_50%,tp,1786914398,0.08252782178217821
2028,1786839471,2026-08-16T00:17:51+00:00,DASHUSDT,SHORT,bb_squeeze,29.74,29.887326732673266,29.445346534653464,sl_first,1786886100,2026-08-16T13:15:00+00:00,-1.0,stop_touch,no,,,1.9568,below_50%,sl,1786885494,29.94
2029,1786839473,2026-08-16T00:17:53+00:00,AAVEUSDT,SHORT,bb_squeeze,86.11,86.70089108910891,84.92821782178218,sl_first,1786893300,2026-08-16T15:15:00+00:00,-1.0,stop_touch,no,,,1.512,below_50%,sl,1786893116,86.70089108910891
2030,1786839492,2026-08-16T00:18:12+00:00,FILUSDT,SHORT,bb_squeeze,0.6759,0.6809227722772276,0.6658544554455444,sl_first,1786874400,2026-08-16T10:00:00+00:00,-1.0,stop_touch,no,,,3.9507,below_50%,sl,1786873822,0.6811
2031,1786839496,2026-08-16T00:18:16+00:00,TAOUSDT,SHORT,bb_squeeze,196.6,198.14752475247525,193.50495049504948,unresolved,1786926600,2026-08-17T00:30:00+00:00,0.3877159309021059,window_close,no,,,2.7027,below_50%,tp,1787022599,190.7
2032,1786839498,2026-08-16T00:18:18+00:00,CMIUSDT,LONG,bb_squeeze,634.6,630.0960396039604,643.6079207920792,sl_first,1786840200,2026-08-16T00:30:00+00:00,-1.0,stop_touch,no,,,3.6505,below_50%,sl,1786839791,630.0960396039604
2033,1786839557,2026-08-16T00:19:17+00:00,NEARUSDT,SHORT,bb_squeeze,1.6186,1.6330435643564356,1.5897128712871287,tp_first,1786916700,2026-08-16T21:45:00+00:00,2.0000000000000155,target_touch,no,,,3.4038,below_50%,tp,1786916554,1.5891
2034,1786839593,2026-08-16T00:19:53+00:00,ETCUSDT,SHORT,bb_squeeze,6.206,6.2396237623762385,6.138752475247525,tp_first,1786914000,2026-08-16T21:00:00+00:00,1.9999999999999736,target_touch,no,,,1.4685,below_50%,tp,1786913736,6.138752475247525
2035,1786839597,2026-08-16T00:19:57+00:00,ZROUSDT,SHORT,bb_squeeze,0.776,0.7832673267326733,0.7614653465346535,tp_first,1786914900,2026-08-16T21:15:00+00:00,2.0,target_touch,no,,,3.7419,below_50%,tp,1786915050,0.758
2036,1786839612,2026-08-16T00:20:12+00:00,CHZUSDT,SHORT,bb_squeeze,0.01249,0.01256950495049505,0.012330990099009901,sl_first,1786898700,2026-08-16T16:45:00+00:00,-1.0,stop_touch,no,,,1.8459,below_50%,sl,1786898301,0.01258
2037,1786839621,2026-08-16T00:20:21+00:00,PEPEUSDT,SHORT,bb_squeeze,2.621e-06,2.6402574257425743e-06,2.5824851485148514e-06,tp_first,1786906800,2026-08-16T19:00:00+00:00,2.0,target_touch,no,,,2.2962,below_50%,tp,1786913528,2.5824851485148514e-06
2038,1786839623,2026-08-16T00:20:23+00:00,EGLDUSDT,SHORT,bb_squeeze,2.624,2.641049504950495,2.58990099009901,sl_first,1786895100,2026-08-16T15:45:00+00:00,-1.0,stop_touch,no,,,3.285,below_50%,sl,1786894821,2.642
2039,1786839658,2026-08-16T00:20:58+00:00,SIRENUSDT,SHORT,bb_squeeze,0.02699,0.02736673267326733,0.026236534653465347,sl_first,1786843800,2026-08-16T01:30:00+00:00,-1.0,stop_touch,no,,,5.1894,below_50%,sl,1786843216,0.02736673267326733
2040,1786839676,2026-08-16T00:21:16+00:00,BNBUSDT,SHORT,bb_squeeze,607.45,609.4599009900991,603.430198019802,tp_first,1786916700,2026-08-16T21:45:00+00:00,2.0,target_touch,no,,,0.931,below_50%,tp,1786959412,603.4
2041,1786839677,2026-08-16T00:21:17+00:00,GALAUSDT,SHORT,bb_squeeze,0.001637,0.001649069306930693,0.0016128613861386139,sl_first,1786851000,2026-08-16T03:30:00+00:00,-1.0,stop_touch,no,,,3.3088,below_50%,sl,1786851200,0.001652
2042,1786839706,2026-08-16T00:21:46+00:00,BANKUSDT,SHORT,ema_cross,0.03692,0.03922448275862069,0.03231103448275862,unresolved,1786926600,2026-08-17T00:30:00+00:00,0.7116564417177922,window_close,no,,,7.4328,below_50%,open,,
2043,1786839711,2026-08-16T00:21:51+00:00,AIGENSYNUSDT,LONG,ema_cross,0.02151,0.021040689655172414,0.022448620689655172,sl_first,1786846500,2026-08-16T02:15:00+00:00,-1.0,stop_touch,no,,,9.6192,below_50%,sl,1786846470,0.021040689655172414
2044,1786839749,2026-08-16T00:22:29+00:00,PROVEUSDT,LONG,ema_cross,0.1527,0.15035517241379312,0.1573896551724138,sl_first,1786858200,2026-08-16T05:30:00+00:00,-1.0,stop_touch,no,,,9.2669,below_50%,sl,1786861279,0.15
2045,1786839830,2026-08-16T00:23:50+00:00,EDENUSDT,SHORT,ema_cross,0.04335,0.04905551724137931,0.031938965517241374,unresolved,1786926600,2026-08-17T00:30:00+00:00,-0.2383657681614891,window_close,no,,,43.9776,below_50%,sl,1786979380,0.04905551724137931
2046,1786839912,2026-08-16T00:25:12+00:00,CHILLGUYUSDT,LONG,ema_cross,0.011019,0.010652137931034481,0.011752724137931034,unresolved,1786926600,2026-08-17T00:30:00+00:00,-0.11448444402669025,window_close,no,,,5.7476,below_50%,sl,1787023815,0.010652137931034481
2047,1786840260,2026-08-16T00:31:00+00:00,ONGUSDT,LONG,overheated_24h,0.05109,0.04855446428571429,0.056161071428571435,sl_first,1786842000,2026-08-16T01:00:00+00:00,-1.0,stop_touch,no,,,21.3361,below_50%,sl,1786842141,0.04832
2050,1786840410,2026-08-16T00:33:30+00:00,ONEUSDT,LONG,liq_reversal,0.000663,0.000649735,0.0006895299999999998,sl_first,1786844700,2026-08-16T01:45:00+00:00,-1.0,stop_touch,no,,,25.1149,below_50%,sl,1786844516,0.000649735
2051,1786840812,2026-08-16T00:40:12+00:00,WIFUSDT,SHORT,bb_squeeze,0.1359,0.13697128712871287,0.13375742574257427,sl_first,1786866300,2026-08-16T07:45:00+00:00,-1.0,stop_touch,no,,,3.0258,below_50%,sl,1786866204,0.137
2052,1786841666,2026-08-16T00:54:26+00:00,HUSDT,SHORT,pump_24h_fade,0.15575,0.17443999999999998,0.11837,tp_first,1786887900,2026-08-16T13:45:00+00:00,2.0000000000000013,target_touch,no,,,36.9413,below_50%,tp,1786888679,0.11837
2053,1786842066,2026-08-16T01:01:06+00:00,REUSDT,LONG,bb_squeeze,0.464,0.4551252475247525,0.48174950495049507,sl_first,1786853700,2026-08-16T04:15:00+00:00,-1.0,stop_touch,no,,,5.6856,below_50%,sl,1786875577,0.45459
2054,1786843069,2026-08-16T01:17:49+00:00,PROMUSDT,SHORT,bb_squeeze,2.11,2.2473564356435642,1.8352871287128711,unresolved,1786930200,2026-08-17T01:30:00+00:00,0.1892885460967332,window_close,no,,,13.1054,below_50%,tp,1787023875,1.8352871287128711
2055,1786843100,2026-08-16T01:18:20+00:00,KITEUSDT,SHORT,bb_squeeze,0.09534,0.09629811881188118,0.09342376237623762,tp_first,1786914900,2026-08-16T21:15:00+00:00,2.0000000000000147,target_touch,no,,,2.6539,below_50%,tp,1786914629,0.09339
2056,1786843123,2026-08-16T01:18:43+00:00,UNITREEUSDT,SHORT,bb_squeeze,91.6,92.72942574257425,89.34114851485148,sl_first,1786846500,2026-08-16T02:15:00+00:00,-1.0,stop_touch,no,,,3.1348,below_50%,sl,1786848250,92.72942574257425
2057,1786843126,2026-08-16T01:18:46+00:00,GUAUSDT,LONG,bb_squeeze,0.04462,0.04323861386138614,0.047382772277227724,sl_first,1786843800,2026-08-16T01:30:00+00:00,-1.0,stop_touch,no,,,11.2078,below_50%,sl,1786843640,0.04306
2058,1786843142,2026-08-16T01:19:02+00:00,MINIMAXUSDT,LONG,bb_squeeze,43.2,42.52712871287129,44.545742574257424,sl_first,1786851000,2026-08-16T03:30:00+00:00,-1.0,stop_touch,no,,,3.9085,below_50%,sl,1786949826,42.48
2059,1786843154,2026-08-16T01:19:14+00:00,IDUSDT,SHORT,bb_squeeze,0.0289,0.029364752475247523,0.02797049504950495,unresolved,1786930200,2026-08-17T01:30:00+00:00,0.6670217298679125,window_close,no,,,6.087,below_50%,tp,1786960720,0.02797
2060,1786843232,2026-08-16T01:20:32+00:00,XLMUSDT,SHORT,bb_squeeze,0.15748,0.15839633663366337,0.15564732673267329,sl_first,1786897800,2026-08-16T16:30:00+00:00,-1.0,stop_touch,no,,,1.5323,below_50%,sl,1786898301,0.15952
2061,1786843257,2026-08-16T01:20:57+00:00,HBARUSDT,SHORT,bb_squeeze,0.0653,0.06558653465346534,0.0647269306930693,tp_first,1786914900,2026-08-16T21:15:00+00:00,2.0000000000000484,target_touch,no,,,1.9364,below_50%,tp,1786915050,0.06466
2062,1786844415,2026-08-16T01:40:15+00:00,ONTUSDT,LONG,bb_squeeze,0.03748,0.03714336633663366,0.03815326732673267,sl_first,1786845600,2026-08-16T02:00:00+00:00,-1.0,stop_touch,no,,,4.9025,below_50%,sl,1786845176,0.03714336633663366
2063,1786845617,2026-08-16T02:00:17+00:00,GFSUSDT,LONG,bb_squeeze,55.25,54.92373626373627,55.902527472527474,sl_first,1786852800,2026-08-16T04:00:00+00:00,-1.0,stop_touch,no,,,1.1164,below_50%,sl,1786852910,54.51
2064,1786845619,2026-08-16T02:00:19+00:00,ADBEUSDT,SHORT,bb_squeeze,263.26,265.20326732673266,259.37346534653466,sl_first,1786918500,2026-08-16T22:15:00+00:00,-1.0,stop_touch,no,,,1.263,below_50%,tp,1786975332,255.71
2065,1786845625,2026-08-16T02:00:25+00:00,PYTHUSDT,SHORT,bb_squeeze,0.03908,0.03946762376237623,0.03830475247524752,sl_first,1786887000,2026-08-16T13:30:00+00:00,-1.0,stop_touch,no,,,3.2787,below_50%,sl,1786898301,0.0396
2066,1786845628,2026-08-16T02:00:28+00:00,RKLBUSDT,LONG,bb_squeeze,80.62,79.86861386138614,82.12277227722772,unresolved,1786932900,2026-08-17T02:15:00+00:00,0.6255106074581568,window_close,no,,,1.1389,below_50%,tp,1786975332,84.22
2067,1786845630,2026-08-16T02:00:30+00:00,ZMUSDT,LONG,bb_squeeze,107.49,106.70029702970297,109.06940594059405,sl_first,1786896900,2026-08-16T16:15:00+00:00,-1.0,stop_touch,no,,,1.2802,below_50%,sl,1786917411,106.70029702970297
2068,1786845634,2026-08-16T02:00:34+00:00,APTUSDT,SHORT,bb_squeeze,0.5332,0.5369465346534653,0.5257069306930693,tp_first,1786914900,2026-08-16T21:15:00+00:00,2.0000000000000298,target_touch,no,,,2.6291,below_50%,tp,1786915050,0.5251
2069,1786845649,2026-08-16T02:00:49+00:00,TRUMPUSDT,SHORT,bb_squeeze,1.394,1.4053663366336633,1.3712673267326732,sl_first,1786886100,2026-08-16T13:15:00+00:00,-1.0,stop_touch,no,,,3.0913,below_50%,sl,1786885970,1.406
2070,1786845652,2026-08-16T02:00:52+00:00,TUTUSDT,SHORT,bb_squeeze,0.031252,0.03551818811881188,0.022719623762376243,sl_first,1786925700,2026-08-17T00:15:00+00:00,-1.0,stop_touch,no,,,31.2302,below_50%,sl,1786949826,0.040465
2072,1786846660,2026-08-16T02:17:40+00:00,FORMUSDT,SHORT,bb_squeeze,0.2024,0.20494059405940593,0.1973188118811881,sl_first,1786869000,2026-08-16T08:30:00+00:00,-1.0,stop_touch,no,,,3.5341,below_50%,sl,1786869172,0.20494059405940593
2073,1786846685,2026-08-16T02:18:05+00:00,TRADOORUSDT,SHORT,bb_squeeze,0.632,0.6426435643564357,0.6107128712871287,sl_first,1786855500,2026-08-16T04:45:00+00:00,-1.0,stop_touch,no,,,9.1211,below_50%,sl,1786868180,0.6426435643564357
2074,1786846710,2026-08-16T02:18:30+00:00,MANTRAUSDT,SHORT,bb_squeeze,0.004918,0.004962168316831683,0.0048296633663366334,tp_first,1786918500,2026-08-16T22:15:00+00:00,2.0,target_touch,no,,,3.208,below_50%,tp,1786957784,0.0048296633663366334
2075,1786846717,2026-08-16T02:18:37+00:00,ATOMUSDT,LONG,bb_squeeze,1.496,1.4833168316831684,1.5213663366336634,sl_first,1786851000,2026-08-16T03:30:00+00:00,-1.0,stop_touch,no,,,3.078,below_50%,sl,1786850260,1.4833168316831684
2076,1786846718,2026-08-16T02:18:38+00:00,ALGOUSDT,SHORT,bb_squeeze,0.07889,0.07936871287128713,0.07793257425742574,tp_first,1786916700,2026-08-16T21:45:00+00:00,2.0,target_touch,no,,,1.725,below_50%,tp,1786916554,0.07793257425742574
2077,1786846773,2026-08-16T02:19:33+00:00,PIPPINUSDT,SHORT,bb_squeeze,0.0171,0.017345544554455444,0.01660891089108911,sl_first,1786881600,2026-08-16T12:00:00+00:00,-1.0,stop_touch,no,,,4.1176,below_50%,sl,1786881581,0.017345544554455444
2078,1786846778,2026-08-16T02:19:38+00:00,FARTCOINUSDT,LONG,bb_squeeze,0.14464,0.14289019801980196,0.14813960396039602,sl_first,1786875300,2026-08-16T10:15:00+00:00,-1.0,stop_touch,no,,,4.7527,below_50%,sl,1786876571,0.14274
2079,1786846791,2026-08-16T02:19:51+00:00,IRENUSDT,LONG,bb_squeeze,44.76,44.22267326732673,45.834653465346534,unresolved,1786933800,2026-08-17T02:30:00+00:00,-0.1488852036115694,window_close,no,,,1.1068,below_50%,tp,1786962641,45.834653465346534
2080,1786846819,2026-08-16T02:20:19+00:00,ONDOUSDT,SHORT,bb_squeeze,0.3232,0.3256990099009901,0.3182019801980198,sl_first,1786874400,2026-08-16T10:00:00+00:00,-1.0,stop_touch,no,,,2.9512,below_50%,sl,1786873822,0.3256990099009901
2081,1786846830,2026-08-16T02:20:30+00:00,DOSUSDT,SHORT,bb_squeeze,0.2676,0.2790782178217822,0.24464356435643564,tp_first,1786895100,2026-08-16T15:45:00+00:00,1.9999999999999951,target_touch,no,,,17.9352,below_50%,tp,1786916133,0.2432
2082,1786846832,2026-08-16T02:20:32+00:00,PUMPUSDT,SHORT,bb_squeeze,0.002735,0.0027856237623762378,0.002633752475247525,sl_first,1786851900,2026-08-16T03:45:00+00:00,-1.0,stop_touch,no,,,5.8715,below_50%,sl,1786851920,0.0027856237623762378
2084,1786849226,2026-08-16T03:00:26+00:00,MUUSDT,LONG,bb_squeeze,979.79,972.5847524752475,994.2004950495049,tp_first,1786935600,2026-08-17T03:00:00+00:00,1.9999999999999842,target_touch,no,,,1.0303,below_50%,tp,1786949826,1005.22
2085,1786849272,2026-08-16T03:01:12+00:00,SOXLUSDT,LONG,bb_squeeze,144.62,143.03217821782178,147.79564356435642,tp_first,1786935600,2026-08-17T03:00:00+00:00,1.999999999999982,target_touch,no,,,0.6957,below_50%,tp,1786949826,150.8
2086,1786849278,2026-08-16T03:01:18+00:00,QQQXUSDT,LONG,bb_squeeze,732.31,731.2753465346534,734.379306930693,unresolved,1786936500,2026-08-17T03:15:00+00:00,1.3531100478469749,window_close,no,,,0.2711,below_50%,tp,1786949826,735.91
2087,1786850072,2026-08-16T03:14:32+00:00,HEMIUSDT,SHORT,pump_24h_fade,0.007914,0.008863679999999999,0.00601464,sl_first,1786866300,2026-08-16T07:45:00+00:00,-1.0,stop_touch,no,,,54.1941,at_or_above_50%,sl,1786865725,0.008863679999999999
2088,1786850257,2026-08-16T03:17:37+00:00,SNXXUSDT,LONG,bb_squeeze,16.521,16.202742574257428,17.15751485148515,tp_first,1786933800,2026-08-17T02:30:00+00:00,2.000000000000011,target_touch,no,,,2.5029,below_50%,tp,1786949826,18.075
2089,1786850268,2026-08-16T03:17:48+00:00,INXUSDT,SHORT,bb_squeeze,0.00814,0.008357029702970297,0.0077059405940594055,sl_first,1786880700,2026-08-16T11:45:00+00:00,-1.0,stop_touch,no,,,5.2109,below_50%,sl,1786880353,0.008357029702970297
2090,1786850271,2026-08-16T03:17:51+00:00,INTWUSDT,LONG,bb_squeeze,24.8,24.446435643564357,25.50712871287129,unresolved,1786937400,2026-08-17T03:30:00+00:00,1.5555866704004477,window_close,no,,,1.5536,below_50%,tp,1786949826,25.75
2091,1786850282,2026-08-16T03:18:02+00:00,INTCUSDT,LONG,bb_squeeze,103.17,102.44940594059406,104.61118811881188,unresolved,1786937400,2026-08-17T03:30:00+00:00,1.9150865622423698,window_close,no,,,0.9085,below_50%,tp,1786949826,105.21
2092,1786850310,2026-08-16T03:18:30+00:00,TRBUSDT,SHORT,bb_squeeze,13.09,13.212079207920793,12.845841584158416,tp_first,1786916700,2026-08-16T21:45:00+00:00,1.9999999999999853,target_touch,no,,,2.3024,below_50%,tp,1786916554,12.81
2093,1786850332,2026-08-16T03:18:52+00:00,HANAUSDT,LONG,bb_squeeze,0.03394,0.03355445544554455,0.03471108910891089,tp_first,1786854600,2026-08-16T04:30:00+00:00,1.999999999999982,target_touch,no,,,3.6689,below_50%,tp,1786862516,0.03471108910891089
2094,1786850352,2026-08-16T03:19:12+00:00,MUUUSDT,LONG,bb_squeeze,32.87,32.42970297029703,33.75059405940594,sl_first,1786922100,2026-08-16T23:15:00+00:00,-1.0,stop_touch,no,,,2.3824,below_50%,tp,1786949826,34.57
2095,1786850364,2026-08-16T03:19:24+00:00,WDCUSDT,LONG,bb_squeeze,505.9,501.4148514851485,514.8702970297029,tp_first,1786925700,2026-08-17T00:15:00+00:00,2.0,target_touch,no,,,0.8164,below_50%,tp,1786949826,530.4
2096,1786850379,2026-08-16T03:19:39+00:00,TERUSDT,LONG,bb_squeeze,420.9,417.27128712871286,428.1574257425742,unresolved,1786937400,2026-08-17T03:30:00+00:00,-0.08267394270121547,window_close,no,,,2.0733,below_50%,tp,1786975332,434.3
2097,1786850416,2026-08-16T03:20:16+00:00,DRAMUSDT,LONG,bb_squeeze,57.87,57.438811881188116,58.73237623762376,sl_first,1786922100,2026-08-16T23:15:00+00:00,-1.0,stop_touch,no,,,1.2592,below_50%,tp,1786949826,60.02
2098,1786850434,2026-08-16T03:20:34+00:00,SLXUSDT,SHORT,bb_squeeze,0.07382,0.07484118811881188,0.07177762376237623,tp_first,1786853700,2026-08-16T04:15:00+00:00,2.0,target_touch,no,,,10.4842,below_50%,tp,1786861279,0.07124
2099,1786850447,2026-08-16T03:20:47+00:00,SNDKUSDT,LONG,bb_squeeze,1656.36,1637.8813861386138,1693.3172277227723,tp_first,1786933800,2026-08-17T02:30:00+00:00,2.0000000000000124,target_touch,no,,,1.1709,below_50%,tp,1786949826,1736.92
2100,1786852833,2026-08-16T04:00:33+00:00,HOLOUSDT,SHORT,bb_squeeze,0.05683,0.059146138613861386,0.05219772277227723,sl_first,1786897800,2026-08-16T16:30:00+00:00,-1.0,stop_touch,no,,,16.3559,below_50%,sl,1786898301,0.05916
2103,1786861643,2026-08-16T06:27:23+00:00,BASEDUSDT,LONG,overheated_24h,0.0873,0.08397482142857143,0.09395035714285714,sl_first,1786872600,2026-08-16T09:30:00+00:00,-1.0,stop_touch,no,,,19.2619,below_50%,sl,1786874967,0.08271
2105,1786862025,2026-08-16T06:33:45+00:00,SKYAIUSDT,LONG,bb_squeeze,0.06798,0.06496544554455445,0.07400910891089109,tp_first,1786873500,2026-08-16T09:45:00+00:00,2.0,target_touch,no,,,13.4959,below_50%,tp,1786873592,0.07400910891089109
2106,1786862032,2026-08-16T06:33:52+00:00,DIAUSDT,LONG,bb_squeeze,0.1289,0.12714752475247523,0.1324049504950495,sl_first,1786871700,2026-08-16T09:15:00+00:00,-1.0,stop_touch,no,,,4.0931,below_50%,sl,1786871357,0.12714752475247523
2107,1786862050,2026-08-16T06:34:10+00:00,LDOUSDT,SHORT,bb_squeeze,0.2963,0.29894554455445543,0.2910089108910891,sl_first,1786883400,2026-08-16T12:30:00+00:00,-1.0,stop_touch,no,,,4.6259,below_50%,sl,1786883284,0.3003
2108,1786862076,2026-08-16T06:34:36+00:00,AMATUSDT,LONG,bb_squeeze,508.1,504.119801980198,516.060396039604,unresolved,1786949100,2026-08-17T06:45:00+00:00,1.4572139303482388,window_close,no,,,0.7905,below_50%,tp,1786957953,516.060396039604
2109,1786862120,2026-08-16T06:35:20+00:00,PAXGUSDT,LONG,bb_squeeze,4379.1,4367.972277227723,4401.355445544555,sl_first,1786923900,2026-08-16T23:45:00+00:00,-1.0,stop_touch,no,,,0.1738,below_50%,tp,1786975332,4402.6
2110,1786862144,2026-08-16T06:35:44+00:00,XRPUSDT,SHORT,bb_squeeze,0.9999,1.0037435643564356,0.9922128712871288,tp_first,1786916700,2026-08-16T21:45:00+00:00,2.0,target_touch,no,,,0.6907,below_50%,sl,1786949826,1.0048
2111,1786862178,2026-08-16T06:36:18+00:00,SQDUSDT,LONG,bb_squeeze,0.0451,0.043936831683168316,0.04742633663366337,sl_first,1786878000,2026-08-16T11:00:00+00:00,-1.0,stop_touch,no,,,6.3273,below_50%,sl,1786877322,0.043936831683168316
2112,1786862195,2026-08-16T06:36:35+00:00,POWERUSDT,SHORT,bb_squeeze,0.08274,0.08430950495049504,0.0796009900990099,sl_first,1786876200,2026-08-16T10:30:00+00:00,-1.0,stop_touch,no,,,4.065,below_50%,sl,1786875856,0.0846
2113,1786862210,2026-08-16T06:36:50+00:00,JELLYJELLYUSDT,SHORT,bb_squeeze,0.05855,0.059027722772277226,0.05759455445544554,sl_first,1786867200,2026-08-16T08:00:00+00:00,-1.0,stop_touch,no,,,4.2638,below_50%,sl,1786866954,0.05915
2114,1786862240,2026-08-16T06:37:20+00:00,SPCXUSDT,LONG,bb_squeeze,140.07,138.91623762376236,142.37752475247524,tp_first,1786936500,2026-08-17T03:15:00+00:00,1.9999999999999754,target_touch,no,,,0.9575,below_50%,tp,1786949826,143.16
2115,1786862293,2026-08-16T06:38:13+00:00,FHEUSDT,LONG,ema_cross,0.02668,0.025132758620689654,0.02977448275862069,unresolved,1786949100,2026-08-17T06:45:00+00:00,-0.4394918653889013,window_close,no,,,14.5833,below_50%,tp,1786982524,0.03021
2117,1786864238,2026-08-16T07:10:38+00:00,AIOUSDT,SHORT,pump_24h_fade,0.06734,0.0754208,0.0511784,sl_first,1786899600,2026-08-16T17:00:00+00:00,-1.0,stop_touch,no,,,46.0079,below_50%,sl,1786966751,0.0754208
2118,1786864418,2026-08-16T07:13:38+00:00,COAIUSDT,SHORT,bb_squeeze,0.3251,0.3301910891089109,0.3149178217821782,unresolved,1786950900,2026-08-17T07:15:00+00:00,-0.05892648774796261,window_close,no,,,4.5287,below_50%,tp,1787012249,0.3119
2119,1786864433,2026-08-16T07:13:53+00:00,ARUSDT,LONG,bb_squeeze,1.809,1.7975940594059405,1.8318118811881188,tp_first,1786868100,2026-08-16T08:15:00+00:00,2.0,target_touch,no,,,3.961,below_50%,tp,1786867431,1.836
2120,1786864444,2026-08-16T07:14:04+00:00,AXTIUSDT,LONG,bb_squeeze,81.51,80.29910891089109,83.93178217821783,tp_first,1786933800,2026-08-17T02:30:00+00:00,2.0,target_touch,no,,,1.2882,below_50%,tp,1786949826,85.62
2121,1786864448,2026-08-16T07:14:08+00:00,TSMUSDT,LONG,bb_squeeze,426.32,424.91930693069304,429.12138613861384,tp_first,1786939200,2026-08-17T04:00:00+00:00,1.9999999999999594,target_touch,no,,,0.4901,below_50%,tp,1786949826,429.56
2122,1786864543,2026-08-16T07:15:43+00:00,CRCLXUSDT,LONG,bb_squeeze,71.7,71.11752475247525,72.8649504950495,sl_first,1786927500,2026-08-17T00:45:00+00:00,-1.0,stop_touch,no,,,0.8718,below_50%,tp,1786975332,74.12
2123,1786865361,2026-08-16T07:29:21+00:00,PIXELUSDT,LONG,overheated_24h,0.006049,0.005765124999999999,0.006616749999999999,sl_first,1786865400,2026-08-16T07:30:00+00:00,-1.0,stop_touch,no,,,25.6934,below_50%,sl,1786866204,0.005582
2125,1786866350,2026-08-16T07:45:50+00:00,HEMIUSDT,SHORT,pump_fade_confirmed,0.008352,0.00935424,0.006347520000000001,tp_first,1786879800,2026-08-16T11:30:00+00:00,2.0,target_touch,no,,,74.2574,at_or_above_50%,tp,1786879549,0.006332
2126,1786866427,2026-08-16T07:47:07+00:00,DOLOUSDT,LONG,overheated_24h,0.02615,0.02421767857142857,0.030014642857142858,sl_first,1786867200,2026-08-16T08:00:00+00:00,-1.0,stop_touch,no,,,32.0475,below_50%,sl,1786866713,0.02357
2127,1786867096,2026-08-16T07:58:16+00:00,RONUSDT,LONG,ema_cross,0.05126,0.05004344827586207,0.05369310344827586,tp_first,1786869000,2026-08-16T08:30:00+00:00,1.9999999999999942,target_touch,no,,,17.6596,below_50%,tp,1786869172,0.05369310344827586
2129,1786868147,2026-08-16T08:15:47+00:00,LIGHTUSDT,LONG,bb_squeeze,0.1772,0.17365247524752475,0.1842950495049505,tp_first,1786873500,2026-08-16T09:45:00+00:00,2.0,target_touch,no,,,6.5243,below_50%,tp,1786873074,0.1847
2130,1786868150,2026-08-16T08:15:50+00:00,ASTSUSDT,LONG,bb_squeeze,72.85,72.29059405940593,73.96881188118812,sl_first,1786902300,2026-08-16T17:45:00+00:00,-1.0,stop_touch,no,,,3.3291,below_50%,sl,1786915050,72.26
2131,1786868179,2026-08-16T08:16:19+00:00,JTOUSDT,LONG,bb_squeeze,0.5891,0.5816039603960396,0.6040920792079207,sl_first,1786920300,2026-08-16T22:45:00+00:00,-1.0,stop_touch,no,,,4.6641,below_50%,tp,1786949826,0.6132
2132,1786868198,2026-08-16T08:16:38+00:00,UNIUSDT,LONG,bb_squeeze,3.273,3.2366930693069307,3.3456138613861386,sl_first,1786947300,2026-08-17T06:15:00+00:00,-1.0,stop_touch,no,,,2.3024,below_50%,tp,1787151653,3.421
2133,1786868303,2026-08-16T08:18:23+00:00,龙虾USDT,LONG,ema_cross,0.020317,0.018579241379310347,0.02379251724137931,unresolved,1786955400,2026-08-17T08:30:00+00:00,0.45978767734894205,window_close,no,,,24.7869,below_50%,tp,1787258586,0.02379251724137931
2134,1786868334,2026-08-16T08:18:54+00:00,ESPUSDT,SHORT,ema_cross,0.06966,0.07232310344827586,0.06433379310344828,sl_first,1786887000,2026-08-16T13:30:00+00:00,-1.0,stop_touch,no,,,8.612,below_50%,sl,1786886969,0.07234
2135,1786868350,2026-08-16T08:19:10+00:00,DOLOUSDT,LONG,ema_cross,0.02481,0.023406206896551724,0.02761758620689655,sl_first,1786869000,2026-08-16T08:30:00+00:00,-1.0,stop_touch,no,,,32.0475,below_50%,sl,1786868666,0.02334
2137,1786869247,2026-08-16T08:34:07+00:00,GALAUSDT,LONG,bb_squeeze,0.001677,0.001664831683168317,0.0017013366336633665,sl_first,1786882500,2026-08-16T12:15:00+00:00,-1.0,stop_touch,no,,,3.125,below_50%,sl,1786887963,0.001664831683168317
2138,1786869263,2026-08-16T08:34:23+00:00,SAGAUSDT,LONG,bb_squeeze,0.01325,0.013081881188118812,0.013586237623762376,sl_first,1786878000,2026-08-16T11:00:00+00:00,-1.0,stop_touch,no,,,3.5798,below_50%,sl,1786878041,0.013081881188118812
2139,1786870103,2026-08-16T08:48:23+00:00,QUSDT,LONG,overheated_24h,0.026936,0.025685267857142858,0.02943746428571429,sl_first,1786904100,2026-08-16T18:15:00+00:00,-1.0,stop_touch,no,,,26.757,below_50%,sl,1786911829,0.024959
2140,1786871633,2026-08-16T09:13:53+00:00,GIGGLEUSDT,LONG,bb_squeeze,30.92,30.37554455445545,32.00891089108911,tp_first,1786889700,2026-08-16T14:15:00+00:00,2.0,target_touch,no,,,5.9752,below_50%,tp,1786889665,32.72
2141,1786871656,2026-08-16T09:14:16+00:00,CRVUSDT,LONG,bb_squeeze,0.2459,0.24247227722772277,0.2527554455445545,tp_first,1786899600,2026-08-16T17:00:00+00:00,2.0,target_touch,no,,,3.0962,below_50%,sl,1786958435,0.2419
2142,1786871704,2026-08-16T09:15:04+00:00,TAKEUSDT,LONG,bb_squeeze,0.04933,0.04749148514851485,0.0530070297029703,tp_first,1786905900,2026-08-16T18:45:00+00:00,2.0000000000000036,target_touch,no,,,14.798,below_50%,tp,1786912032,0.0530070297029703
2143,1786871778,2026-08-16T09:16:18+00:00,BRUSDT,SHORT,bb_squeeze,0.19875,0.2123032673267327,0.17164346534653466,sl_first,1786936500,2026-08-17T03:15:00+00:00,-1.0,stop_touch,no,,,21.9999,below_50%,sl,1787157528,0.2192
2144,1786871782,2026-08-16T09:16:22+00:00,GUNUSDT,LONG,bb_squeeze,0.003037,0.002981831683168317,0.0031473366336633667,sl_first,1786882500,2026-08-16T12:15:00+00:00,-1.0,stop_touch,no,,,5.6584,below_50%,sl,1786882293,0.00298
2184,1786876134,2026-08-16T10:28:54+00:00,HEMIUSDT,SHORT,pump_fade_confirmed,0.008481,0.008481,0.008481,ambiguous,1786876200,2026-08-16T10:30:00+00:00,nan,both_barriers_same_candle,no,,,74.2574,at_or_above_50%,ttl_expired,,
2146,1786876336,2026-08-16T10:32:16+00:00,LTCUSDT,LONG,bb_squeeze,44.38,44.220495049504954,44.6990099009901,sl_first,1786888800,2026-08-16T14:00:00+00:00,-1.0,stop_touch,no,,,1.0009,below_50%,tp,1786894105,44.72
2147,1786876361,2026-08-16T10:32:41+00:00,IONQUSDT,SHORT,bb_squeeze,46.48,46.92306930693069,45.59386138613861,sl_first,1786882500,2026-08-16T12:15:00+00:00,-1.0,stop_touch,no,,,2.6304,below_50%,sl,1786882534,46.92306930693069
2148,1786876428,2026-08-16T10:33:48+00:00,MAVUSDT,LONG,bb_squeeze,0.00931,0.009197326732673268,0.009535346534653466,tp_first,1786894200,2026-08-16T15:30:00+00:00,2.0,target_touch,no,,,3.7611,below_50%,tp,1786895333,0.00954
2149,1786876435,2026-08-16T10:33:55+00:00,BTCUSDT,SHORT,bb_squeeze,62961.1,63140.50099009901,62602.29801980198,sl_first,1786896900,2026-08-16T16:15:00+00:00,-1.0,stop_touch,no,,,0.3499,below_50%,sl,1786898301,63307.4
2150,1786876460,2026-08-16T10:34:20+00:00,ONDSUSDT,LONG,bb_squeeze,9.36,9.212336633663366,9.655326732673267,sl_first,1786929300,2026-08-17T01:15:00+00:00,-1.0,stop_touch,no,,,5.0103,below_50%,sl,1786949987,9.212336633663366
2151,1786878685,2026-08-16T11:11:25+00:00,COOKIEUSDT,LONG,bb_squeeze,0.01163,0.01126980198019802,0.01235039603960396,sl_first,1786897800,2026-08-16T16:30:00+00:00,-1.0,stop_touch,no,,,9.0909,below_50%,sl,1786911829,0.01123
2152,1786878706,2026-08-16T11:11:46+00:00,SOLUSDT,SHORT,bb_squeeze,75.23,75.53524752475248,74.61950495049506,sl_first,1786894200,2026-08-16T15:30:00+00:00,-1.0,stop_touch,no,,,0.7453,below_50%,sl,1786894343,75.53524752475248
2153,1786878716,2026-08-16T11:11:56+00:00,ONEUSDT,LONG,bb_squeeze,0.000721,0.0006908118811881187,0.0007813762376237623,unresolved,1786965300,2026-08-17T11:15:00+00:00,-0.6956379140701848,window_close,no,,,19.9074,below_50%,sl,1786966581,0.0006908118811881187
2154,1786878734,2026-08-16T11:12:14+00:00,BSVUSDT,SHORT,bb_squeeze,15.27,15.414356435643564,14.981287128712871,sl_first,1786939200,2026-08-17T04:00:00+00:00,-1.0,stop_touch,no,,,3.2787,below_50%,sl,1786949826,15.52
2155,1786878742,2026-08-16T11:12:22+00:00,POPCATUSDT,LONG,bb_squeeze,0.04272,0.042440891089108916,0.04327821782178218,sl_first,1786906800,2026-08-16T19:00:00+00:00,-1.0,stop_touch,no,,,1.4455,below_50%,sl,1786911829,0.04216
2157,1786879633,2026-08-16T11:27:13+00:00,CHIPUSDT,LONG,overheated_24h,0.03122,0.02965732142857143,0.03434535714285714,sl_first,1786881600,2026-08-16T12:00:00+00:00,-1.0,stop_touch,no,,,29.8608,below_50%,sl,1786880827,0.02965732142857143
2158,1786879726,2026-08-16T11:28:46+00:00,CHIPUSDT,SHORT,pump_24h_fade,0.03122,0.0349664,0.0237272,unresolved,1786966200,2026-08-17T11:30:00+00:00,0.21620755925688703,window_close,yes,1786879633,overheated_24h,29.8608,below_50%,open,,
2159,1786879893,2026-08-16T11:31:33+00:00,TRUTHUSDT,LONG,bb_squeeze,0.012979,0.012864900990099008,0.01320719801980198,sl_first,1786901400,2026-08-16T17:30:00+00:00,-1.0,stop_touch,no,,,5.1533,below_50%,sl,1786911829,0.012842
2160,1786880397,2026-08-16T11:39:57+00:00,SKYAIUSDT,LONG,overheated_24h,0.07361,0.06434803571428571,0.09213392857142856,unresolved,1786967100,2026-08-17T11:45:00+00:00,0.20298070063817147,window_close,no,,,24.3089,below_50%,sl,1787078374,0.06255
2161,1786881609,2026-08-16T12:00:09+00:00,PRLUSDT,LONG,overheated_24h,0.38895,0.35978839285714287,0.4472732142857143,unresolved,1786968900,2026-08-17T12:15:00+00:00,0.09875998897767957,window_close,no,,,25.3432,below_50%,tp,1787030416,0.44827
2162,1786882111,2026-08-16T12:08:31+00:00,ASTERUSDT,LONG,bb_squeeze,0.602,0.6005415841584159,0.6049168316831683,sl_first,1786887900,2026-08-16T13:45:00+00:00,-1.0,stop_touch,no,,,0.6687,below_50%,sl,1786911829,0.5994
2163,1786882200,2026-08-16T12:10:00+00:00,ARCUSDT,SHORT,ema_cross,0.06951,0.07269827586206896,0.06313344827586206,sl_first,1786893300,2026-08-16T15:15:00+00:00,-1.0,stop_touch,no,,,8.2948,below_50%,sl,1786893116,0.07269827586206896
2164,1786882292,2026-08-16T12:11:32+00:00,MORPHOUSDT,LONG,ema_cross,1.9956,1.9717655172413793,2.0432689655172416,tp_first,1786940100,2026-08-17T04:15:00+00:00,2.0,target_touch,no,,,3.5528,below_50%,tp,1786949826,2.0475
2165,1786882334,2026-08-16T12:12:14+00:00,ACTUSDT,LONG,ema_cross,0.01025,0.009927586206896552,0.010894827586206897,sl_first,1786916700,2026-08-16T21:45:00+00:00,-1.0,stop_touch,no,,,9.3071,below_50%,sl,1786916991,0.00985
2166,1786882388,2026-08-16T12:13:08+00:00,TOWNSUSDT,LONG,ema_cross,0.002357,0.0022984137931034484,0.0024741724137931037,sl_first,1786916700,2026-08-16T21:45:00+00:00,-1.0,stop_touch,no,,,9.7912,below_50%,sl,1786916554,0.002296
2167,1786882448,2026-08-16T12:14:08+00:00,UAIUSDT,LONG,ema_cross,0.26287,0.254011724137931,0.28058655172413793,unresolved,1786968900,2026-08-17T12:15:00+00:00,-0.12304877574058663,window_close,no,,,14.4591,below_50%,open,,
2168,1786885862,2026-08-16T13:11:02+00:00,KSTRUSDT,LONG,bb_squeeze,24.93,24.795148514851483,25.19970297029703,sl_first,1786907700,2026-08-16T19:15:00+00:00,-1.0,stop_touch,no,,,0.7671,below_50%,sl,1786911829,24.78
2169,1786885863,2026-08-16T13:11:03+00:00,MMTUSDT,LONG,bb_squeeze,0.1819,0.17771188118811881,0.1902762376237624,sl_first,1786908600,2026-08-16T19:30:00+00:00,-1.0,stop_touch,no,,,5.7971,below_50%,sl,1786911829,0.177
2170,1786885976,2026-08-16T13:12:56+00:00,XPINUSDT,LONG,bb_squeeze,0.0017255,0.0017037049504950495,0.001769090099009901,sl_first,1786889700,2026-08-16T14:15:00+00:00,-1.0,stop_touch,no,,,3.8139,below_50%,sl,1786889909,0.0017001
2171,1786885985,2026-08-16T13:13:05+00:00,MRVLUSDT,SHORT,bb_squeeze,221.54,223.19227722772277,218.23544554455444,sl_first,1786925700,2026-08-17T00:15:00+00:00,-1.0,stop_touch,no,,,0.56,below_50%,sl,1786949826,228.06
2172,1786885990,2026-08-16T13:13:10+00:00,RAREUSDT,LONG,bb_squeeze,0.01172,0.01145,0.01226,tp_first,1786895100,2026-08-16T15:45:00+00:00,2.000000000000006,target_touch,no,,,9.797,below_50%,tp,1786895101,0.01226
2173,1786886032,2026-08-16T13:13:52+00:00,ROBOUSDT,LONG,bb_squeeze,0.01453,0.013895148514851486,0.01579970297029703,tp_first,1786897800,2026-08-16T16:30:00+00:00,2.0000000000000027,target_touch,no,,,14.7979,below_50%,sl,1786975645,0.01388
2174,1786886065,2026-08-16T13:14:25+00:00,PUMPUSDT,SHORT,bb_squeeze,0.002721,0.0027693960396039602,0.0026242079207920792,sl_first,1786915800,2026-08-16T21:30:00+00:00,-1.0,stop_touch,no,,,6.6196,below_50%,sl,1786949826,0.002968
2175,1786886074,2026-08-16T13:14:34+00:00,WLDUSDT,SHORT,bb_squeeze,0.3434,0.347709900990099,0.33478019801980197,sl_first,1786892400,2026-08-16T15:00:00+00:00,-1.0,stop_touch,no,,,4.02,below_50%,sl,1786891887,0.347709900990099
2176,1786888266,2026-08-16T13:51:06+00:00,ARIAUSDT,LONG,bb_squeeze,0.03497,0.03448514851485149,0.03593970297029703,sl_first,1786897800,2026-08-16T16:30:00+00:00,-1.0,stop_touch,no,,,9.5936,below_50%,sl,1786957784,0.0344
2178,1786889490,2026-08-16T14:11:30+00:00,MVLLUSDT,SHORT,bb_squeeze,27.58,27.976039603960395,26.787920792079206,sl_first,1786925700,2026-08-17T00:15:00+00:00,-1.0,stop_touch,no,,,1.4177,below_50%,sl,1786949826,29.18
2179,1786889516,2026-08-16T14:11:56+00:00,XMRUSDT,LONG,bb_squeeze,418.0,414.99544554455446,424.0091089108911,sl_first,1786896000,2026-08-16T16:00:00+00:00,-1.0,stop_touch,no,,,4.2498,below_50%,sl,1786895810,414.59
2180,1786889557,2026-08-16T14:12:37+00:00,ERAUSDT,SHORT,bb_squeeze,0.0594,0.06001089108910891,0.05817821782178218,sl_first,1786900500,2026-08-16T17:15:00+00:00,-1.0,stop_touch,no,,,4.8822,below_50%,sl,1786949826,0.0611
2181,1786889576,2026-08-16T14:12:56+00:00,ETHFIUSDT,LONG,bb_squeeze,0.4927,0.4851336633663367,0.5078326732673267,tp_first,1786893300,2026-08-16T15:15:00+00:00,2.0,target_touch,no,,,6.1394,below_50%,tp,1786892878,0.5086
2182,1786889669,2026-08-16T14:14:29+00:00,BUSDT,LONG,bb_squeeze,0.1512,0.14922574257425741,0.15514851485148515,tp_first,1786894200,2026-08-16T15:30:00+00:00,1.999999999999986,target_touch,no,,,5.7811,below_50%,tp,1786894105,0.15514851485148515
2183,1786890405,2026-08-16T14:26:45+00:00,GIGGLEUSDT,LONG,overheated_24h,36.14,34.34857142857143,39.722857142857144,sl_first,1786890600,2026-08-16T14:30:00+00:00,-1.0,stop_touch,no,,,13.6623,below_50%,sl,1786890657,33.47
2185,1786892724,2026-08-16T15:05:24+00:00,BICOUSDT,LONG,overheated_24h,0.02566,0.021785714285714283,0.033408571428571426,sl_first,1786932900,2026-08-17T02:15:00+00:00,-1.0,stop_touch,no,,,32.1138,below_50%,sl,1786975332,0.02119
2186,1786893161,2026-08-16T15:12:41+00:00,ZECUSDT,LONG,bb_squeeze,493.47,489.54069306930694,501.32861386138615,sl_first,1786903200,2026-08-16T18:00:00+00:00,-1.0,stop_touch,no,,,2.0543,below_50%,sl,1786913048,489.37
2187,1786893200,2026-08-16T15:13:20+00:00,GDXUSDT,LONG,bb_squeeze,90.78,90.01227722772278,92.31544554455446,sl_first,1786893300,2026-08-16T15:15:00+00:00,-1.0,stop_touch,no,,,1.1801,below_50%,sl,1786895333,90.01227722772278
2190,1786894146,2026-08-16T15:29:06+00:00,DOLOUSDT,SHORT,pump_24h_fade,0.02754,0.0308448,0.0209304,unresolved,1786980600,2026-08-17T15:30:00+00:00,1.503873154199951,window_close,no,,,38.2789,below_50%,open,,
2191,1786895263,2026-08-16T15:47:43+00:00,BTWUSDT,LONG,overheated_24h,0.337151,0.2945760178571428,0.4223009642857143,tp_first,1786930200,2026-08-17T01:30:00+00:00,2.0,target_touch,no,,,27.3236,below_50%,tp,1787079388,0.4223009642857143
2201,1786898684,2026-08-16T16:44:44+00:00,QUSDT,LONG,overheated_confirmed,0.027545,0.027545,0.027545,ambiguous,1786898700,2026-08-16T16:45:00+00:00,nan,both_barriers_same_candle,no,,,26.5707,below_50%,ttl_expired,,
2202,1786898725,2026-08-16T16:45:25+00:00,PRLUSDT,LONG,overheated_confirmed,0.42247,0.42247,0.42247,ambiguous,1786899600,2026-08-16T17:00:00+00:00,nan,both_barriers_same_candle,no,,,22.4459,below_50%,ttl_expired,,
2193,1786912158,2026-08-16T20:29:18+00:00,TAKEUSDT,LONG,overheated_24h,0.05277,0.046720178571428565,0.06486964285714286,unresolved,1786998600,2026-08-17T20:30:00+00:00,-0.34877062487086385,window_close,no,,,22.5374,below_50%,open,,
2195,1786912478,2026-08-16T20:34:38+00:00,BELUSDT,SHORT,vwap_reversion,0.12015,0.12206617391304349,0.11652023040227653,tp_first,1786914000,2026-08-16T21:00:00+00:00,1.894279831812483,target_touch,no,,,22.2985,below_50%,tp,1786913528,0.11474
2196,1786912590,2026-08-16T20:36:30+00:00,CLUSDT,LONG,bb_squeeze,81.48,81.08495049504951,82.27009900990099,sl_first,1786929300,2026-08-17T01:15:00+00:00,-1.0,stop_touch,no,,,0.8151,below_50%,sl,1786949987,81.07
2197,1786912592,2026-08-16T20:36:32+00:00,LPTUSDT,LONG,bb_squeeze,1.195,1.1881881188118812,1.2086237623762377,sl_first,1786914900,2026-08-16T21:15:00+00:00,-1.0,stop_touch,no,,,1.437,below_50%,sl,1786914629,1.188
2198,1786912644,2026-08-16T20:37:24+00:00,ADAUSDT,LONG,bb_squeeze,0.1782,0.17697128712871288,0.18065742574257426,sl_first,1786914000,2026-08-16T21:00:00+00:00,-1.0,stop_touch,no,,,2.5186,below_50%,sl,1786914154,0.17697128712871288
2199,1786912719,2026-08-16T20:38:39+00:00,BZUSDT,LONG,bb_squeeze,86.47,86.09811881188119,87.21376237623763,sl_first,1786929300,2026-08-17T01:15:00+00:00,-1.0,stop_touch,no,,,0.7326,below_50%,tp,1786959762,87.33
2200,1786912724,2026-08-16T20:38:44+00:00,SOXXUSDT,LONG,bb_squeeze,552.3,550.3435643564356,556.2128712871287,tp_first,1786949100,2026-08-17T06:45:00+00:00,2.000000000000058,target_touch,no,,,0.3087,below_50%,tp,1786949826,556.5
2203,1786913869,2026-08-16T20:57:49+00:00,EPICUSDT,LONG,ema_cross,0.3629,0.33853793103448276,0.4116241379310345,unresolved,1787000400,2026-08-17T21:00:00+00:00,-0.20523708421797615,window_close,no,,,16.1922,below_50%,sl,1787031857,0.33853793103448276
2205,1786914801,2026-08-16T21:13:21+00:00,FETUSDT,SHORT,bb_squeeze,0.123,0.12404158415841583,0.12091683168316832,tp_first,1786916700,2026-08-16T21:45:00+00:00,2.0000000000000133,target_touch,no,,,4.9715,below_50%,tp,1786916554,0.12091683168316832
2206,1786914844,2026-08-16T21:14:04+00:00,ORDIUSDT,SHORT,bb_squeeze,3.381,3.4099504950495048,3.32309900990099,tp_first,1786916700,2026-08-16T21:45:00+00:00,2.0,target_touch,no,,,3.6137,below_50%,tp,1786916554,3.32309900990099
2207,1786914944,2026-08-16T21:15:44+00:00,PYTHUSDT,SHORT,bb_squeeze,0.03876,0.03910514851485149,0.038069702970297034,sl_first,1786943700,2026-08-17T05:15:00+00:00,-1.0,stop_touch,no,,,2.6152,below_50%,sl,1786957784,0.03915
2208,1786914948,2026-08-16T21:15:48+00:00,ETCUSDT,SHORT,bb_squeeze,6.131,6.160752475247525,6.071495049504951,tp_first,1786916700,2026-08-16T21:45:00+00:00,1.9999999999999702,target_touch,no,,,2.5209,below_50%,tp,1786916554,6.064
2209,1786914950,2026-08-16T21:15:50+00:00,PNUTUSDT,SHORT,bb_squeeze,0.04044,0.040845742574257424,0.03962851485148514,sl_first,1786927500,2026-08-17T00:45:00+00:00,-1.0,stop_touch,no,,,2.8536,below_50%,sl,1786949826,0.0416
2210,1786914970,2026-08-16T21:16:10+00:00,ALABUSDT,LONG,bb_squeeze,322.5,319.5386138613861,328.4227722772277,tp_first,1786947300,2026-08-17T06:15:00+00:00,1.999999999999981,target_touch,no,,,1.381,below_50%,tp,1786949826,328.5
2212,1786916868,2026-08-16T21:47:48+00:00,ZEREBROUSDT,LONG,overheated_24h,0.045075,0.04288017857142857,0.04946464285714285,sl_first,1786918500,2026-08-16T22:15:00+00:00,-1.0,stop_touch,no,,,20.0176,below_50%,sl,1786949826,0.042014
2214,1786917387,2026-08-16T21:56:27+00:00,STXUSDT,SHORT,bb_squeeze,0.1215,0.1222079207920792,0.12008415841584158,tp_first,1786917600,2026-08-16T22:00:00+00:00,2.0,target_touch,no,,,4.0438,below_50%,tp,1786917622,0.1198
2216,1786950134,2026-08-17T07:02:14+00:00,GPSUSDT,LONG,overheated_24h,0.015056,0.013938714285714285,0.01729057142857143,tp_first,1786967100,2026-08-17T11:45:00+00:00,2.0,target_touch,no,,,73.6708,at_or_above_50%,tp,1787033723,0.01729057142857143
2251,1786950212,2026-08-17T07:03:32+00:00,TUTUSDT,LONG,overheated_confirmed,0.038978,0.038978,0.038978,ambiguous,1786950900,2026-08-17T07:15:00+00:00,nan,both_barriers_same_candle,no,,,47.2731,below_50%,ttl_expired,,
2218,1786950332,2026-08-17T07:05:32+00:00,NESUSDT,LONG,overheated_24h,0.2328,0.22568035714285714,0.2470392857142857,sl_first,1786958100,2026-08-17T09:15:00+00:00,-1.0,stop_touch,no,,,18.0735,below_50%,sl,1786957784,0.225
2253,1786950332,2026-08-17T07:05:32+00:00,NESUSDT,LONG,overheated_confirmed,0.2328,0.2328,0.2328,ambiguous,1786950900,2026-08-17T07:15:00+00:00,nan,both_barriers_same_candle,no,,,18.0735,below_50%,ttl_expired,,
2224,1786958393,2026-08-17T09:19:53+00:00,GPSUSDT,SHORT,pump_24h_fade,0.015382,0.01722784,0.01169032,sl_first,1786967100,2026-08-17T11:45:00+00:00,-1.0,stop_touch,no,,,73.6708,at_or_above_50%,sl,1787032520,0.01722784
2225,1786958584,2026-08-17T09:23:04+00:00,KITEUSDT,SHORT,bb_squeeze,0.09213,0.09293207920792079,0.09052584158415843,sl_first,1786963500,2026-08-17T10:45:00+00:00,-1.0,stop_touch,no,,,4.971,below_50%,sl,1786963301,0.09293207920792079
2226,1786958612,2026-08-17T09:23:32+00:00,GDXUSDT,LONG,bb_squeeze,90.97,90.11970297029703,92.67059405940594,sl_first,1786959900,2026-08-17T09:45:00+00:00,-1.0,stop_touch,no,,,2.22,below_50%,sl,1786959762,90.05
2227,1786958691,2026-08-17T09:24:51+00:00,ZKUSDT,LONG,bb_squeeze,0.00762,0.007558415841584159,0.007743168316831683,tp_first,1786964400,2026-08-17T11:00:00+00:00,2.000000000000014,target_touch,no,,,4.0928,below_50%,tp,1786964081,0.007743168316831683
2228,1786958733,2026-08-17T09:25:33+00:00,PTBUSDT,SHORT,bb_squeeze,0.0008953,0.0009132376237623763,0.0008594247524752476,tp_first,1786977000,2026-08-17T14:30:00+00:00,1.999999999999994,target_touch,no,,,8.7175,below_50%,tp,1786976875,0.0008594247524752476
2229,1786958772,2026-08-17T09:26:12+00:00,BILLUSDT,SHORT,bb_squeeze,0.01995,0.020229306930693067,0.01939138613861386,sl_first,1786959000,2026-08-17T09:30:00+00:00,-1.0,stop_touch,no,,,5.536,below_50%,sl,1786959042,0.020229306930693067
2230,1786958797,2026-08-17T09:26:37+00:00,BOMEUSDT,SHORT,bb_squeeze,0.0007888,0.0008076633663366337,0.0007510732673267326,unresolved,1787045400,2026-08-18T09:30:00+00:00,-0.08482049128700588,window_close,yes,1786958336,oversold_24h,13.0635,below_50%,sl,1787153958,0.0008286
2231,1786958861,2026-08-17T09:27:41+00:00,MUBARAKUSDT,LONG,ema_cross,0.01732,0.01640241379310345,0.019155172413793102,sl_first,1787029200,2026-08-18T05:00:00+00:00,-1.0,stop_touch,no,,,16.4478,below_50%,sl,1787029946,0.01640241379310345
2232,1786958874,2026-08-17T09:27:54+00:00,KSTRUSDT,LONG,ema_cross,25.78,25.504827586206897,26.33034482758621,sl_first,1787018400,2026-08-18T02:00:00+00:00,-1.0,stop_touch,no,,,5.4789,below_50%,sl,1787022599,25.26
2233,1786958880,2026-08-17T09:28:00+00:00,ONDOUSDT,LONG,ema_cross,0.3368,0.3316965517241379,0.3470068965517241,sl_first,1787018400,2026-08-18T02:00:00+00:00,-1.0,stop_touch,no,,,4.5945,below_50%,sl,1787022599,0.3298
2234,1786958953,2026-08-17T09:29:13+00:00,ONUSDT,SHORT,ema_cross,0.36373,0.38603793103448275,0.3191141379310345,sl_first,1786968900,2026-08-17T12:15:00+00:00,-1.0,stop_touch,no,,,18.1645,below_50%,tp,1787029946,0.31582
2235,1786958959,2026-08-17T09:29:19+00:00,MOVEUSDT,SHORT,ema_cross,0.00616,0.006397586206896551,0.005684827586206896,unresolved,1787045400,2026-08-18T09:30:00+00:00,0.5892597968069646,window_close,no,,,5.7096,below_50%,sl,1787244214,0.0064
2236,1786958984,2026-08-17T09:29:44+00:00,TLMUSDT,SHORT,ema_cross,0.001448,0.0015021034482758623,0.001339793103448276,sl_first,1786969800,2026-08-17T12:30:00+00:00,-1.0,stop_touch,no,,,15.093,below_50%,tp,1786978274,0.001334
2237,1786959021,2026-08-17T09:30:21+00:00,PNUTUSDT,LONG,ema_cross,0.04168,0.040842068965517245,0.043355862068965516,sl_first,1786977900,2026-08-17T14:45:00+00:00,-1.0,stop_touch,no,,,5.25,below_50%,sl,1786993324,0.04084
2238,1786959031,2026-08-17T09:30:31+00:00,PUMPUSDT,LONG,ema_cross,0.00289,0.0027897241379310346,0.0030905517241379315,sl_first,1786998600,2026-08-17T20:30:00+00:00,-1.0,stop_touch,no,,,13.0369,below_50%,sl,1786998035,0.0027897241379310346
2239,1786959075,2026-08-17T09:31:15+00:00,LAUSDT,LONG,ema_cross,0.04974,0.04836758620689655,0.05248482758620689,tp_first,1787044500,2026-08-18T09:15:00+00:00,2.0,target_touch,no,,,7.8556,below_50%,tp,1787044281,0.05252
2240,1786959078,2026-08-17T09:31:18+00:00,ARCUSDT,LONG,ema_cross,0.0765,0.0733006896551724,0.08289862068965517,sl_first,1786968900,2026-08-17T12:15:00+00:00,-1.0,stop_touch,no,,,13.3275,below_50%,sl,1786981173,0.0733006896551724
2241,1786959413,2026-08-17T09:36:53+00:00,TAGUSDT,LONG,overheated_24h,0.0010612,0.0009776660714285715,0.001228267857142857,sl_first,1786965300,2026-08-17T11:15:00+00:00,-1.0,stop_touch,no,,,23.3169,below_50%,sl,1786965643,0.0009636
2243,1786960746,2026-08-17T09:59:06+00:00,STARUSDT,LONG,overheated_24h,0.11495,0.10785714285714286,0.12913571428571427,tp_first,1786970700,2026-08-17T12:45:00+00:00,2.0,target_touch,no,,,22.8686,below_50%,tp,1786975332,0.13248
2244,1786960974,2026-08-17T10:02:54+00:00,ANTHROPICUSDT,SHORT,bb_squeeze,1769.87,1786.7317821782176,1736.1464356435642,unresolved,1787048100,2026-08-18T10:15:00+00:00,0.37777738632092805,window_close,no,,,2.5769,below_50%,sl,1787151653,1792.44
2245,1786961014,2026-08-17T10:03:34+00:00,SYRUPUSDT,LONG,bb_squeeze,0.16643,0.16500633663366335,0.16927732673267326,sl_first,1786963500,2026-08-17T10:45:00+00:00,-1.0,stop_touch,no,,,5.5106,below_50%,sl,1786963600,0.16479
2246,1786961082,2026-08-17T10:04:42+00:00,TRADOORUSDT,SHORT,bb_squeeze,0.645,0.655980198019802,0.623039603960396,sl_first,1786978800,2026-08-17T15:00:00+00:00,-1.0,stop_touch,no,,,6.6456,below_50%,sl,1786978394,0.655980198019802
2247,1786961088,2026-08-17T10:04:48+00:00,MMTUSDT,SHORT,bb_squeeze,0.1742,0.17796435643564357,0.16667128712871287,tp_first,1787004000,2026-08-17T22:00:00+00:00,1.9999999999999927,target_touch,no,,,6.4516,below_50%,tp,1787012249,0.1661
2248,1786961906,2026-08-17T10:18:26+00:00,ACEUSDT,LONG,overheated_24h,0.1805,0.12434642857142857,0.2928071428571428,unresolved,1787049000,2026-08-18T10:30:00+00:00,0.17808306302868426,window_close,no,,,38.9185,below_50%,open,,
2249,1786964113,2026-08-17T10:55:13+00:00,DIAUSDT,LONG,overheated_24h,0.145,0.1389517857142857,0.15709642857142855,sl_first,1786968900,2026-08-17T12:15:00+00:00,-1.0,stop_touch,no,,,24.9155,below_50%,sl,1786975332,0.1311
2275,1786964114,2026-08-17T10:55:14+00:00,DIAUSDT,LONG,overheated_confirmed,0.145,0.145,0.145,ambiguous,1786964400,2026-08-17T11:00:00+00:00,nan,both_barriers_same_candle,no,,,24.9155,below_50%,ttl_expired,,
2250,1786964376,2026-08-17T10:59:36+00:00,ACEUSDT,SHORT,pump_24h_fade,0.1918,0.214816,0.145768,unresolved,1787050800,2026-08-18T11:00:00+00:00,0.4648939867917963,window_close,yes,1786961906,overheated_24h,45.3161,below_50%,sl,1787056853,0.217
2276,1786964376,2026-08-17T10:59:36+00:00,ACEUSDT,SHORT,pump_fade_confirmed,0.1918,0.1918,0.1918,ambiguous,1786964400,2026-08-17T11:00:00+00:00,nan,both_barriers_same_candle,yes,1786961906,overheated_24h,45.3161,below_50%,ttl_expired,,
2252,1786964629,2026-08-17T11:03:49+00:00,ATUSDT,SHORT,bb_squeeze,0.15487,0.15825980198019804,0.14809039603960397,tp_first,1786993200,2026-08-17T19:00:00+00:00,1.9999999999999918,target_touch,no,,,5.0069,below_50%,tp,1786992936,0.14809039603960397
2254,1786964747,2026-08-17T11:05:47+00:00,PARTIUSDT,LONG,bb_squeeze,0.02363,0.02337722772277228,0.02413554455445545,sl_first,1786970700,2026-08-17T12:45:00+00:00,-1.0,stop_touch,no,,,5.0376,below_50%,sl,1786975332,0.02334
2255,1786964749,2026-08-17T11:05:49+00:00,PIXELUSDT,LONG,bb_squeeze,0.004906,0.004785861386138614,0.005146277227722772,sl_first,1786972500,2026-08-17T13:15:00+00:00,-1.0,stop_touch,no,,,6.9717,below_50%,sl,1786981027,0.004781
2289,1786967981,2026-08-17T11:59:41+00:00,GPSUSDT,SHORT,pump_fade_confirmed,0.017022,0.017022,0.017022,ambiguous,1786968000,2026-08-17T12:00:00+00:00,nan,both_barriers_same_candle,no,,,84.6883,at_or_above_50%,ttl_expired,,
2257,1786968164,2026-08-17T12:02:44+00:00,APPUSDT,LONG,bb_squeeze,321.8,319.0316831683168,327.33663366336634,sl_first,1786970700,2026-08-17T12:45:00+00:00,-1.0,stop_touch,no,,,1.9626,below_50%,sl,1786975332,317.0
2258,1786968177,2026-08-17T12:02:57+00:00,XNYUSDT,LONG,bb_squeeze,0.007734,0.007547653465346535,0.008106693069306932,sl_first,1786973400,2026-08-17T13:30:00+00:00,-1.0,stop_touch,no,,,11.7193,below_50%,sl,1786981443,0.007518
2259,1786968478,2026-08-17T12:07:58+00:00,EVAAUSDT,LONG,ema_cross,0.8252,0.8014275862068966,0.872744827586207,sl_first,1786978800,2026-08-17T15:00:00+00:00,-1.0,stop_touch,no,,,10.0223,below_50%,sl,1786978036,0.8014275862068966
2298,1786968479,2026-08-17T12:07:59+00:00,EVAAUSDT,LONG,ema_cross_confirmed,0.8252,0.8252,0.8252,ambiguous,1786968900,2026-08-17T12:15:00+00:00,nan,both_barriers_same_candle,no,,,10.0223,below_50%,ttl_expired,,
2260,1786968577,2026-08-17T12:09:37+00:00,币安人生USDT,SHORT,ema_cross,0.46769,0.4817196551724138,0.43963068965517244,unresolved,1787055300,2026-08-18T12:15:00+00:00,0.35923905028756775,window_close,no,,,15.3843,below_50%,tp,1787151653,0.42548
2303,1786968578,2026-08-17T12:09:38+00:00,币安人生USDT,SHORT,ema_cross_confirmed,0.46769,0.46769,0.46769,ambiguous,1786968900,2026-08-17T12:15:00+00:00,nan,both_barriers_same_candle,no,,,15.3843,below_50%,ttl_expired,,
2261,1786975212,2026-08-17T14:00:12+00:00,币安人生USDT,SHORT,ema_cross_confirmed,0.46175,0.48980931034482755,0.4056313793103449,unresolved,1787062500,2026-08-18T14:15:00+00:00,-0.050607088433368946,window_close,no,,,16.8165,below_50%,sl,1787220564,0.48980931034482755
2262,1786975858,2026-08-17T14:10:58+00:00,STARUSDT,LONG,overheated_24h,0.13396,0.12582464285714284,0.15023071428571427,tp_first,1787015700,2026-08-18T01:15:00+00:00,1.9999999999999967,target_touch,no,,,45.97,below_50%,tp,1787015421,0.15023071428571427
2265,1786976469,2026-08-17T14:21:09+00:00,BICOUSDT,SHORT,bb_squeeze,0.02132,0.022413366336633662,0.01913326732673267,tp_first,1787013000,2026-08-18T00:30:00+00:00,2.0,target_touch,no,,,24.9399,below_50%,tp,1787012272,0.01913
2266,1786976534,2026-08-17T14:22:14+00:00,CCUSDT,SHORT,bb_squeeze,0.09223,0.09304029702970297,0.09060940594059406,tp_first,1786993200,2026-08-17T19:00:00+00:00,2.0000000000000173,target_touch,no,,,5.74,below_50%,tp,1786992725,0.09037
2267,1786976581,2026-08-17T14:23:01+00:00,ASTEROIDUSDT,LONG,bb_squeeze,6.54e-05,6.355049504950496e-05,6.90990099009901e-05,tp_first,1786978800,2026-08-17T15:00:00+00:00,2.0,target_touch,no,,,11.0379,below_50%,tp,1786978036,6.90990099009901e-05
2268,1786976703,2026-08-17T14:25:03+00:00,ATUSDT,SHORT,ema_cross,0.15172,0.15869896551724139,0.13776206896551724,unresolved,1787063400,2026-08-18T14:30:00+00:00,0.3711151736745853,window_close,no,,,6.3256,below_50%,open,,
2337,1786976704,2026-08-17T14:25:04+00:00,ATUSDT,SHORT,ema_cross_confirmed,0.15172,0.15172,0.15172,ambiguous,1786977000,2026-08-17T14:30:00+00:00,nan,both_barriers_same_candle,no,,,6.3256,below_50%,ttl_expired,,
2269,1786976826,2026-08-17T14:27:06+00:00,ACEUSDT,LONG,ema_cross,0.1832,0.1450344827586207,0.2595310344827586,unresolved,1787063400,2026-08-18T14:30:00+00:00,1.228857968919407,window_close,no,,,55.5217,at_or_above_50%,tp,1787238249,0.2595310344827586
2338,1786976827,2026-08-17T14:27:07+00:00,ACEUSDT,LONG,ema_cross_confirmed,0.1832,0.1832,0.1832,ambiguous,1786977000,2026-08-17T14:30:00+00:00,nan,both_barriers_same_candle,no,,,55.5217,at_or_above_50%,ttl_expired,,
2271,1786978331,2026-08-17T14:52:11+00:00,HEMIUSDT,LONG,overheated_24h,0.00707,0.006122803571428572,0.008964392857142857,unresolved,1787065200,2026-08-18T15:00:00+00:00,-0.6440058066097322,window_close,no,,,28.4614,below_50%,tp,1787151653,0.009177
2273,1786978382,2026-08-17T14:53:02+00:00,HEMIUSDT,LONG,overheated_confirmed,0.00717,0.006222803571428572,0.009064392857142858,unresolved,1787065200,2026-08-18T15:00:00+00:00,-0.7495805290047705,window_close,no,,,28.4614,below_50%,tp,1787151653,0.009177
2274,1786978481,2026-08-17T14:54:41+00:00,SNXXUSDT,LONG,overheated_24h,19.497,18.489964285714287,21.511071428571427,sl_first,1787018400,2026-08-18T02:00:00+00:00,-1.0,stop_touch,no,,,16.8946,below_50%,sl,1787022599,17.626
2341,1786979711,2026-08-17T15:15:11+00:00,HEMIUSDT,LONG,overheated_confirmed,0.007025,0.007025,0.007025,ambiguous,1786980600,2026-08-17T15:30:00+00:00,nan,both_barriers_same_candle,no,,,28.9629,below_50%,ttl_expired,,
2344,1786979815,2026-08-17T15:16:55+00:00,GPSUSDT,LONG,overheated_confirmed,0.015917,0.015917,0.015917,ambiguous,1786980600,2026-08-17T15:30:00+00:00,nan,both_barriers_same_candle,no,,,80.4305,at_or_above_50%,ttl_expired,,
2343,1786979847,2026-08-17T15:17:27+00:00,ACEUSDT,LONG,overheated_confirmed,0.1907,0.1907,0.1907,ambiguous,1786980600,2026-08-17T15:30:00+00:00,nan,both_barriers_same_candle,no,,,55.5217,at_or_above_50%,ttl_expired,,
2277,1786979928,2026-08-17T15:18:48+00:00,AEONUSDT,LONG,overheated_24h,0.08671,0.07723374999999999,0.10566249999999999,unresolved,1787067000,2026-08-18T15:30:00+00:00,0.19944598337950156,window_close,no,,,33.5732,below_50%,sl,1787157528,0.07642
2345,1786979929,2026-08-17T15:18:49+00:00,AEONUSDT,LONG,overheated_confirmed,0.08671,0.08671,0.08671,ambiguous,1786980600,2026-08-17T15:30:00+00:00,nan,both_barriers_same_candle,no,,,33.5732,below_50%,ttl_expired,,
2278,1786979937,2026-08-17T15:18:57+00:00,MVLLUSDT,LONG,overheated_24h,31.97,30.868035714285714,34.17392857142857,sl_first,1786994100,2026-08-17T19:15:00+00:00,-1.0,stop_touch,no,,,17.0847,below_50%,sl,1786993956,30.85
2346,1786979938,2026-08-17T15:18:58+00:00,MVLLUSDT,LONG,overheated_confirmed,31.97,31.97,31.97,ambiguous,1786980600,2026-08-17T15:30:00+00:00,nan,both_barriers_same_candle,no,,,17.0847,below_50%,ttl_expired,,
2279,1786979994,2026-08-17T15:19:54+00:00,AEONUSDT,LONG,overheated_confirmed,0.0865,0.07702375,0.10545249999999998,unresolved,1787067000,2026-08-18T15:30:00+00:00,0.22160664819944667,window_close,no,,,33.5732,below_50%,sl,1787157528,0.07642
2280,1786979996,2026-08-17T15:19:56+00:00,STARUSDT,SHORT,pump_24h_fade,0.13416,0.1502592,0.1019616,sl_first,1787015700,2026-08-18T01:15:00+00:00,-1.0,stop_touch,no,,,42.9904,below_50%,sl,1787015421,0.1502592
2347,1786979996.037292,2026-08-17T15:19:56+00:00,STARUSDT,SHORT,pump_fade_confirmed,0.13416,0.13416,0.13416,ambiguous,1786980600,2026-08-17T15:30:00+00:00,nan,both_barriers_same_candle,no,,,42.9904,below_50%,ttl_expired,,
2348,1786979996.037292,2026-08-17T15:19:56+00:00,ACEUSDT,SHORT,pump_fade_confirmed,0.1907,0.1907,0.1907,ambiguous,1786980600,2026-08-17T15:30:00+00:00,nan,both_barriers_same_candle,yes,1786979847,overheated_confirmed,55.5217,at_or_above_50%,ttl_expired,,
2281,1786980239,2026-08-17T15:23:59+00:00,CTRUSDT,SHORT,bb_squeeze,0.0086,0.008704059405940594,0.008391881188118813,tp_first,1787007600,2026-08-17T23:00:00+00:00,2.0,target_touch,no,,,6.5651,below_50%,tp,1787023754,0.008391881188118813
2350,1786981008,2026-08-17T15:36:48+00:00,SNXXUSDT,LONG,overheated_confirmed,19.483,19.483,19.483,ambiguous,1786981500,2026-08-17T15:45:00+00:00,nan,both_barriers_same_candle,no,,,20.769,below_50%,ttl_expired,,
2283,1786981077,2026-08-17T15:37:57+00:00,AXTIUSDT,LONG,overheated_24h,93.79,90.8757142857143,99.61857142857143,sl_first,1787023800,2026-08-18T03:30:00+00:00,-1.0,stop_touch,no,,,16.4007,below_50%,sl,1787023032,90.77
2351,1786981077,2026-08-17T15:37:57+00:00,AXTIUSDT,LONG,overheated_confirmed,93.79,93.79,93.79,ambiguous,1786981500,2026-08-17T15:45:00+00:00,nan,both_barriers_same_candle,no,,,16.4007,below_50%,ttl_expired,,
2284,1786981136,2026-08-17T15:38:56+00:00,AXTIUSDT,LONG,overheated_confirmed,93.69,90.77571428571429,99.51857142857142,sl_first,1787023800,2026-08-18T03:30:00+00:00,-1.0,stop_touch,no,,,16.4007,below_50%,sl,1787023032,90.77
2287,1786982243,2026-08-17T15:57:23+00:00,EDENUSDT,LONG,overheated_24h,0.05444,0.04521446428571429,0.07289107142857143,unresolved,1787068800,2026-08-18T16:00:00+00:00,-0.109478737200705,window_close,no,,,27.7909,below_50%,open,,
2352,1786982244,2026-08-17T15:57:24+00:00,EDENUSDT,LONG,overheated_confirmed,0.05444,0.05444,0.05444,ambiguous,1786982400,2026-08-17T16:00:00+00:00,nan,both_barriers_same_candle,no,,,27.7909,below_50%,ttl_expired,,
2288,1786982377,2026-08-17T15:59:37+00:00,TUTUSDT,SHORT,pump_24h_fade,0.043585,0.048815199999999996,0.0331246,sl_first,1786983300,2026-08-17T16:15:00+00:00,-1.0,stop_touch,no,,,47.2546,below_50%,sl,1786982944,0.049591
2290,1786982457,2026-08-17T16:00:57+00:00,EDENUSDT,LONG,overheated_confirmed,0.05397,0.04474446428571428,0.07242107142857143,unresolved,1787069700,2026-08-18T16:15:00+00:00,0.02167895786152628,window_close,no,,,29.5808,below_50%,open,,
2291,1786982747,2026-08-17T16:05:47+00:00,0GUSDT,SHORT,bb_squeeze,0.155,0.15676732673267327,0.15146534653465346,tp_first,1786997700,2026-08-17T20:15:00+00:00,2.0,target_touch,no,,,4.2456,below_50%,tp,1786997375,0.15146534653465346
2292,1786982860,2026-08-17T16:07:40+00:00,B2USDT,SHORT,ema_cross,0.4654,0.4801620689655172,0.4358758620689655,unresolved,1787069700,2026-08-18T16:15:00+00:00,-0.6706377014716203,window_close,no,,,11.9238,below_50%,tp,1787249077,0.4358758620689655
2354,1786982860,2026-08-17T16:07:40+00:00,B2USDT,SHORT,ema_cross_confirmed,0.4654,0.4654,0.4654,ambiguous,1786983300,2026-08-17T16:15:00+00:00,nan,both_barriers_same_candle,no,,,11.9238,below_50%,ttl_expired,,
2293,1786982861,2026-08-17T16:07:41+00:00,CBRSUSDT,LONG,ema_cross,254.1,247.32758620689654,267.6448275862069,sl_first,1787018400,2026-08-18T02:00:00+00:00,-1.0,stop_touch,no,,,17.8943,below_50%,sl,1787022599,246.0
2355,1786982862,2026-08-17T16:07:42+00:00,CBRSUSDT,LONG,ema_cross_confirmed,254.1,254.1,254.1,sl_first,1786983300,2026-08-17T16:15:00+00:00,nan,stop_touch,no,,,17.8943,below_50%,ttl_expired,,
2294,1786982871,2026-08-17T16:07:51+00:00,JELLYJELLYUSDT,SHORT,ema_cross,0.05757,0.05857620689655173,0.055557586206896555,unresolved,1787069700,2026-08-18T16:15:00+00:00,1.0137080191912269,window_close,no,,,3.3351,below_50%,tp,1787151653,0.05467
2356,1786982871,2026-08-17T16:07:51+00:00,JELLYJELLYUSDT,SHORT,ema_cross_confirmed,0.05757,0.05757,0.05757,tp_first,1786983300,2026-08-17T16:15:00+00:00,nan,target_touch,no,,,3.3351,below_50%,ttl_expired,,
2295,1786982877,2026-08-17T16:07:57+00:00,B2USDT,SHORT,ema_cross_confirmed,0.4637,0.4932241379310345,0.40465172413793105,unresolved,1787069700,2026-08-18T16:15:00+00:00,-0.3928988554076151,window_close,no,,,11.9238,below_50%,sl,1787308255,0.4939
2296,1786982898,2026-08-17T16:08:18+00:00,ACUUSDT,LONG,ema_cross,0.12462,0.11257482758620689,0.14871034482758622,unresolved,1787069700,2026-08-18T16:15:00+00:00,-0.2689874323666651,window_close,no,,,28.6571,below_50%,open,,
2357,1786982898,2026-08-17T16:08:18+00:00,ACUUSDT,LONG,ema_cross_confirmed,0.12462,0.12462,0.12462,ambiguous,1786983300,2026-08-17T16:15:00+00:00,nan,both_barriers_same_candle,no,,,28.6571,below_50%,ttl_expired,,
2297,1786982928,2026-08-17T16:08:48+00:00,IDOLUSDT,SHORT,ema_cross,0.01629,0.016628379310344825,0.015613241379310343,unresolved,1787069700,2026-08-18T16:15:00+00:00,-0.3753184551105756,window_close,no,,,8.2157,below_50%,sl,1787305133,0.016708
2359,1786982929,2026-08-17T16:08:49+00:00,IDOLUSDT,SHORT,ema_cross_confirmed,0.01629,0.01629,0.01629,ambiguous,1786983300,2026-08-17T16:15:00+00:00,nan,both_barriers_same_candle,no,,,8.2157,below_50%,ttl_expired,,
2299,1786982930,2026-08-17T16:08:50+00:00,FLNCUSDT,SHORT,ema_cross,12.57,12.748310344827587,12.213379310344827,sl_first,1786986900,2026-08-17T17:15:00+00:00,-1.0,stop_touch,no,,,6.8403,below_50%,sl,1786986337,12.748310344827587
2360,1786982931,2026-08-17T16:08:51+00:00,FLNCUSDT,SHORT,ema_cross_confirmed,12.57,12.57,12.57,ambiguous,1786983300,2026-08-17T16:15:00+00:00,nan,both_barriers_same_candle,no,,,6.8403,below_50%,ttl_expired,,
2300,1786982942,2026-08-17T16:09:02+00:00,SPCXUSDT,LONG,ema_cross,148.86,146.59862068965518,153.38275862068966,sl_first,1786990500,2026-08-17T18:15:00+00:00,-1.0,stop_touch,no,,,7.586,below_50%,sl,1786989937,146.59
2361,1786982943,2026-08-17T16:09:03+00:00,SPCXUSDT,LONG,ema_cross_confirmed,148.86,148.86,148.86,ambiguous,1786983300,2026-08-17T16:15:00+00:00,nan,both_barriers_same_candle,no,,,7.586,below_50%,ttl_expired,,
2301,1786982969,2026-08-17T16:09:29+00:00,QUSDT,SHORT,ema_cross,0.0202,0.021431379310344827,0.017737241379310344,unresolved,1787069700,2026-08-18T16:15:00+00:00,-0.45558667040045014,window_close,yes,1786981188,oversold_24h,38.8914,below_50%,sl,1787290361,0.02192
2362,1786982970,2026-08-17T16:09:30+00:00,QUSDT,SHORT,ema_cross_confirmed,0.0202,0.0202,0.0202,ambiguous,1786983300,2026-08-17T16:15:00+00:00,nan,both_barriers_same_candle,yes,1786981188,oversold_24h,38.8914,below_50%,ttl_expired,,
2302,1786982976,2026-08-17T16:09:36+00:00,CRCLXUSDT,LONG,ema_cross,75.02,73.7706896551724,77.51862068965517,sl_first,1787020200,2026-08-18T02:30:00+00:00,-1.0,stop_touch,no,,,6.4352,below_50%,sl,1787022599,73.09
2363,1786982977,2026-08-17T16:09:37+00:00,CRCLXUSDT,LONG,ema_cross_confirmed,75.02,75.02,75.02,ambiguous,1786983300,2026-08-17T16:15:00+00:00,nan,both_barriers_same_candle,no,,,6.4352,below_50%,ttl_expired,,
2304,1786982999,2026-08-17T16:09:59+00:00,AWEUSDT,SHORT,ema_cross,0.05892,0.06062,0.05552,sl_first,1787032800,2026-08-18T06:00:00+00:00,-1.0,stop_touch,no,,,15.0927,below_50%,sl,1787032819,0.06068
2366,1786982999,2026-08-17T16:09:59+00:00,AWEUSDT,SHORT,ema_cross_confirmed,0.05892,0.05892,0.05892,tp_first,1786983300,2026-08-17T16:15:00+00:00,nan,target_touch,no,,,15.0927,below_50%,ttl_expired,,
2305,1786983002,2026-08-17T16:10:02+00:00,CRDOUSDT,LONG,ema_cross,281.12,276.46758620689656,290.4248275862069,sl_first,1787021100,2026-08-18T02:45:00+00:00,-1.0,stop_touch,no,,,8.3333,below_50%,sl,1787023329,275.5
2367,1786983002,2026-08-17T16:10:02+00:00,CRDOUSDT,LONG,ema_cross_confirmed,281.12,281.12,281.12,tp_first,1786983300,2026-08-17T16:15:00+00:00,nan,target_touch,no,,,8.3333,below_50%,ttl_expired,,
2306,1786983027,2026-08-17T16:10:27+00:00,VELVETUSDT,SHORT,ema_cross,0.61961,0.7629268965517242,0.3329762068965517,unresolved,1787069700,2026-08-18T16:15:00+00:00,-0.37664784333728735,window_close,yes,1786980948,oversold_24h,75.842,at_or_above_50%,sl,1787307805,0.7629268965517242
2368,1786983027,2026-08-17T16:10:27+00:00,VELVETUSDT,SHORT,ema_cross_confirmed,0.61961,0.61961,0.61961,sl_first,1786983300,2026-08-17T16:15:00+00:00,nan,stop_touch,yes,1786980948,oversold_24h,75.842,at_or_above_50%,ttl_expired,,
2307,1786983028,2026-08-17T16:10:28+00:00,COHRUSDT,LONG,ema_cross,357.56,348.57068965517243,375.5386206896552,sl_first,1787017500,2026-08-18T01:45:00+00:00,-1.0,stop_touch,no,,,9.7344,below_50%,sl,1787022599,339.59
2369,1786983029,2026-08-17T16:10:29+00:00,COHRUSDT,LONG,ema_cross_confirmed,357.56,357.56,357.56,tp_first,1786983300,2026-08-17T16:15:00+00:00,nan,target_touch,no,,,9.7344,below_50%,ttl_expired,,
2308,1786983053,2026-08-17T16:10:53+00:00,HEIUSDT,LONG,ema_cross,0.136,0.12592206896551725,0.15615586206896553,unresolved,1787069700,2026-08-18T16:15:00+00:00,-0.06548963251899206,window_close,no,,,6.1973,below_50%,sl,1787210162,0.12573
2375,1786983053,2026-08-17T16:10:53+00:00,HEIUSDT,LONG,ema_cross_confirmed,0.136,0.136,0.136,sl_first,1786983300,2026-08-17T16:15:00+00:00,nan,stop_touch,no,,,6.1973,below_50%,ttl_expired,,
2309,1786983063,2026-08-17T16:11:03+00:00,VELVETUSDT,SHORT,ema_cross_confirmed,0.62704,0.9136737931034483,0.05377241379310349,unresolved,1787069700,2026-08-18T16:15:00+00:00,-0.16240234445489732,window_close,yes,1786980948,oversold_24h,75.842,at_or_above_50%,open,,
2310,1786983301,2026-08-17T16:15:01+00:00,QUSDT,SHORT,ema_cross_confirmed,0.019991,0.022453758620689653,0.015065482758620689,unresolved,1787070600,2026-08-18T16:30:00+00:00,-0.31956034724167026,window_close,yes,1786981188,oversold_24h,40.8503,below_50%,sl,1787304626,0.022462
2311,1786983302,2026-08-17T16:15:02+00:00,AWEUSDT,SHORT,ema_cross_confirmed,0.05873,0.06213,0.05193,unresolved,1787070600,2026-08-18T16:30:00+00:00,-0.13823529411764857,window_close,no,,,15.0927,below_50%,sl,1787173781,0.06213
2312,1786983327,2026-08-17T16:15:27+00:00,TUTUSDT,LONG,overheated_24h,0.047623,0.03857328571428571,0.06572242857142857,sl_first,1787030100,2026-08-18T05:15:00+00:00,-1.0,stop_touch,yes,1786982377,pump_24h_fade,60.1576,at_or_above_50%,sl,1787151653,0.036663
2313,1786983365,2026-08-17T16:16:05+00:00,TUTUSDT,LONG,overheated_confirmed,0.047858,0.03880828571428571,0.06595742857142857,sl_first,1787030100,2026-08-18T05:15:00+00:00,-1.0,stop_touch,yes,1786982377,pump_24h_fade,60.1576,at_or_above_50%,sl,1787029996,0.03880828571428571
2314,1786983506,2026-08-17T16:18:26+00:00,FHEUSDT,LONG,overheated_24h,0.03214,0.03029071428571429,0.03583857142857143,sl_first,1786985100,2026-08-17T16:45:00+00:00,-1.0,stop_touch,no,,,35.004,below_50%,sl,1786984568,0.02969
2379,1786983507,2026-08-17T16:18:27+00:00,FHEUSDT,LONG,overheated_confirmed,0.03214,0.03214,0.03214,ambiguous,1786984200,2026-08-17T16:30:00+00:00,nan,both_barriers_same_candle,no,,,35.004,below_50%,ttl_expired,,
2315,1786983546,2026-08-17T16:19:06+00:00,FHEUSDT,LONG,overheated_confirmed,0.03209,0.030240714285714287,0.03578857142857143,sl_first,1786985100,2026-08-17T16:45:00+00:00,-1.0,stop_touch,no,,,35.004,below_50%,sl,1786984568,0.02969
2317,1786984779,2026-08-17T16:39:39+00:00,TUTUSDT,SHORT,pump_24h_fade,0.050114,0.05612768,0.03808664,sl_first,1786986900,2026-08-17T17:15:00+00:00,-1.0,stop_touch,yes,1786983365,overheated_confirmed,60.6128,at_or_above_50%,sl,1786986126,0.05612768
2319,1786985991,2026-08-17T16:59:51+00:00,HFTUSDT,SHORT,pump_24h_fade,0.00793,0.0088816,0.0060268,unresolved,1787072400,2026-08-18T17:00:00+00:00,1.0403530895334165,window_close,no,,,65.2174,at_or_above_50%,tp,1787211152,0.0060268
2320,1786986004,2026-08-17T17:00:04+00:00,CRDOUSDT,LONG,ema_cross_confirmed,284.99,278.01137931034486,298.9472413793103,sl_first,1787018400,2026-08-18T02:00:00+00:00,-1.0,stop_touch,no,,,9.1916,below_50%,sl,1787022599,277.53
2321,1786986049,2026-08-17T17:00:49+00:00,ATUSDT,SHORT,ema_cross_confirmed,0.15055,0.16450793103448275,0.12263413793103448,unresolved,1787073300,2026-08-18T17:15:00+00:00,-0.13612332625129794,window_close,no,,,6.9904,below_50%,open,,
2322,1786986248,2026-08-17T17:04:08+00:00,OKBUSDT,SHORT,bb_squeeze,100.89,101.99386138613862,98.68227722772278,tp_first,1787002200,2026-08-17T21:30:00+00:00,1.9999999999999871,target_touch,no,,,4.8527,below_50%,tp,1787012249,97.52
2323,1786986425,2026-08-17T17:07:05+00:00,GWEIUSDT,LONG,bb_squeeze,0.023044,0.022399445544554454,0.024333108910891087,sl_first,1787057100,2026-08-18T12:45:00+00:00,-1.0,stop_touch,no,,,6.8947,below_50%,sl,1787056432,0.022386
2324,1786986895,2026-08-17T17:14:55+00:00,CBRSUSDT,LONG,overheated_24h,256.7,248.77142857142857,272.5571428571428,sl_first,1787018400,2026-08-18T02:00:00+00:00,-1.0,stop_touch,no,,,17.8943,below_50%,sl,1787022599,246.0
2325,1786986951,2026-08-17T17:15:51+00:00,HFTUSDT,SHORT,pump_fade_confirmed,0.00819,0.009172799999999998,0.0062244,unresolved,1787074200,2026-08-18T17:30:00+00:00,1.221001221001222,window_close,no,,,63.0363,at_or_above_50%,tp,1787210221,0.0062244
2326,1786987173,2026-08-17T17:19:33+00:00,HFTUSDT,LONG,overheated_24h,0.00819,0.0072825,0.010004999999999998,sl_first,1786994100,2026-08-17T19:15:00+00:00,-1.0,stop_touch,yes,1786986951,pump_fade_confirmed,63.0363,at_or_above_50%,sl,1786993446,0.0072825
2327,1786987186,2026-08-17T17:19:46+00:00,TUTUSDT,SHORT,pump_24h_fade,0.0588,0.065856,0.044688,tp_first,1786988700,2026-08-17T17:45:00+00:00,2.0,target_touch,no,,,88.3339,at_or_above_50%,tp,1786990835,0.044348
2328,1786987850,2026-08-17T17:30:50+00:00,TUTUSDT,SHORT,pump_fade_confirmed,0.049283,0.05519696,0.03745508,tp_first,1787030100,2026-08-18T05:15:00+00:00,1.999999999999999,target_touch,no,,,89.935,at_or_above_50%,tp,1787151653,0.036663
2330,1786988759,2026-08-17T17:45:59+00:00,IDOLUSDT,SHORT,ema_cross_confirmed,0.016278,0.016954758620689656,0.01492448275862069,unresolved,1787076000,2026-08-18T18:00:00+00:00,-0.17879343727708072,window_close,no,,,8.1846,below_50%,open,,
2333,1786989657,2026-08-17T18:00:57+00:00,CBRSUSDT,LONG,ema_cross_confirmed,255.1,244.94137931034481,275.4172413793103,sl_first,1787021100,2026-08-18T02:45:00+00:00,-1.0,stop_touch,no,,,17.8943,below_50%,sl,1787023003,244.9
2339,1786992351,2026-08-17T18:45:51+00:00,STARUSDT,LONG,overheated_confirmed,0.13451,0.12637464285714284,0.1507807142857143,tp_first,1787015700,2026-08-18T01:15:00+00:00,2.0,target_touch,no,,,42.9904,below_50%,tp,1787015421,0.1507807142857143
2340,1786993578,2026-08-17T19:06:18+00:00,MEGAUSDT,LONG,bb_squeeze,0.03207,0.03174584158415842,0.03271831683168317,tp_first,1787000400,2026-08-17T21:00:00+00:00,2.0000000000000213,target_touch,no,,,4.3254,below_50%,tp,1787000057,0.03282
2349,1786995057,2026-08-17T19:30:57+00:00,CRCLXUSDT,LONG,ema_cross_confirmed,75.53,73.65603448275863,79.27793103448275,sl_first,1787020200,2026-08-18T02:30:00+00:00,-1.0,stop_touch,no,,,6.7316,below_50%,sl,1787022599,73.09
2353,1786996853,2026-08-17T20:00:53+00:00,FLNCUSDT,SHORT,ema_cross_confirmed,12.632,12.988620689655173,11.918758620689653,tp_first,1787061600,2026-08-18T14:00:00+00:00,2.0,target_touch,no,,,7.4391,below_50%,tp,1787060966,11.903
2358,1786997357,2026-08-17T20:09:17+00:00,TUTUSDT,LONG,ema_cross,0.045118,0.03868013793103448,0.05799372413793104,sl_first,1787030100,2026-08-18T05:15:00+00:00,-1.0,stop_touch,no,,,87.3761,at_or_above_50%,sl,1787029996,0.03868013793103448
2364,1786997408,2026-08-17T20:10:08+00:00,PLUMEUSDT,SHORT,ema_cross,0.012316,0.012873068965517242,0.011201862068965517,unresolved,1787084100,2026-08-18T20:15:00+00:00,0.2836273599504799,window_close,no,,,7.459,below_50%,sl,1787152229,0.012877
2365,1786997431,2026-08-17T20:10:31+00:00,ALLOUSDT,LONG,ema_cross,0.29927,0.2889920689655172,0.3198258620689655,sl_first,1787004900,2026-08-17T22:15:00+00:00,-1.0,stop_touch,no,,,15.6624,below_50%,sl,1787022599,0.28697
2370,1786997449,2026-08-17T20:10:49+00:00,AMATUSDT,LONG,ema_cross,537.4,529.4827586206897,553.2344827586206,sl_first,1787018400,2026-08-18T02:00:00+00:00,-1.0,stop_touch,no,,,6.2119,below_50%,sl,1787022599,524.5
2371,1786997451,2026-08-17T20:10:51+00:00,FIGHTUSDT,SHORT,ema_cross,0.003865,0.003995310344827586,0.0036043793103448275,tp_first,1787028300,2026-08-18T04:45:00+00:00,2.000000000000003,target_touch,no,,,13.6304,below_50%,tp,1787029946,0.00356
2372,1786997454,2026-08-17T20:10:54+00:00,PLUMEUSDT,SHORT,ema_cross_confirmed,0.012315,0.013429137931034483,0.010086724137931033,unresolved,1787084100,2026-08-18T20:15:00+00:00,0.1409161250386869,window_close,no,,,7.459,below_50%,sl,1787223239,0.013476
2373,1786997473,2026-08-17T20:11:13+00:00,WALUSDT,SHORT,ema_cross,0.02076,0.02168793103448276,0.018904137931034484,sl_first,1787066100,2026-08-18T15:15:00+00:00,-1.0,stop_touch,no,,,5.7571,below_50%,sl,1787065401,0.02174
2374,1786997496,2026-08-17T20:11:36+00:00,GIGGLEUSDT,LONG,ema_cross,34.85,33.66172413793104,37.226551724137934,sl_first,1787016600,2026-08-18T01:30:00+00:00,-1.0,stop_touch,no,,,15.0531,below_50%,sl,1787015842,33.58
2376,1786997515,2026-08-17T20:11:55+00:00,AMATUSDT,LONG,ema_cross_confirmed,535.7,523.8241379310346,559.451724137931,sl_first,1787020200,2026-08-18T02:30:00+00:00,-1.0,stop_touch,no,,,6.2119,below_50%,sl,1787022733,523.8241379310346
2377,1786997525,2026-08-17T20:12:05+00:00,BEUSDT,SHORT,ema_cross,233.1,237.89310344827587,223.51379310344828,tp_first,1787040900,2026-08-18T08:15:00+00:00,1.999999999999994,target_touch,no,,,6.6696,below_50%,tp,1787044206,221.8
2386,1786998725,2026-08-17T20:32:05+00:00,ACEUSDT,LONG,ema_cross_confirmed,0.1676,0.1676,0.1676,sl_first,1786999500,2026-08-17T20:45:00+00:00,nan,stop_touch,no,,,55.5217,at_or_above_50%,ttl_expired,,
2381,1787000616,2026-08-17T21:03:36+00:00,TIAUSDT,LONG,bb_squeeze,0.3035,0.301219801980198,0.30806039603960395,sl_first,1787018400,2026-08-18T02:00:00+00:00,-1.0,stop_touch,no,,,3.4939,below_50%,sl,1787022599,0.2936
2382,1787000818,2026-08-17T21:06:58+00:00,AKEUSDT,SHORT,bb_squeeze,0.0090623,0.00999579504950495,0.007195309900990099,sl_first,1787040000,2026-08-18T08:00:00+00:00,-1.0,stop_touch,yes,1786999162,oversold_24h,35.8501,below_50%,sl,1787062940,0.0100547
2383,1787012606,2026-08-18T00:23:26+00:00,ACUUSDT,LONG,overheated_24h,0.13368,0.11716499999999999,0.16671,sl_first,1787029200,2026-08-18T05:00:00+00:00,-1.0,stop_touch,no,,,32.2542,below_50%,sl,1787036497,0.11716499999999999
2385,1787013034,2026-08-18T00:30:34+00:00,ACUUSDT,LONG,overheated_confirmed,0.13227,0.115755,0.1653,sl_first,1787029200,2026-08-18T05:00:00+00:00,-1.0,stop_touch,no,,,34.0428,below_50%,open,,
2387,1787013345,2026-08-18T00:35:45+00:00,BMTUSDT,LONG,ema_cross,0.01676,0.015608275862068966,0.01906344827586207,sl_first,1787025600,2026-08-18T04:00:00+00:00,-1.0,stop_touch,no,,,25.8503,below_50%,sl,1787029946,0.01518
2388,1787013513,2026-08-18T00:38:33+00:00,SKYAIUSDT,LONG,ema_cross,0.07542,0.07040103448275863,0.08545793103448275,sl_first,1787022900,2026-08-18T03:15:00+00:00,-1.0,stop_touch,no,,,19.0272,below_50%,sl,1787022673,0.07040103448275863
2389,1787013550,2026-08-18T00:39:10+00:00,ARMUSDT,SHORT,ema_cross,273.77,277.863448275862,265.58310344827584,tp_first,1787022000,2026-08-18T03:00:00+00:00,2.0000000000000138,target_touch,no,,,5.9493,below_50%,tp,1787022599,265.08
2390,1787015234,2026-08-18T01:07:14+00:00,TUTUSDT,SHORT,pump_24h_fade,0.047304,0.052980479999999996,0.035951040000000004,unresolved,1787102100,2026-08-19T01:15:00+00:00,1.2282259428378153,window_close,no,,,82.7187,at_or_above_50%,tp,1787157528,0.035921
2391,1787015592,2026-08-18T01:13:12+00:00,MINIMAXUSDT,LONG,bb_squeeze,43.2,42.703960396039605,44.19207920792079,sl_first,1787017500,2026-08-18T01:45:00+00:00,-1.0,stop_touch,no,,,5.6209,below_50%,sl,1787022599,37.24
2392,1787015676,2026-08-18T01:14:36+00:00,CROSSUSDT,LONG,bb_squeeze,0.10369,0.09941960396039605,0.11223079207920793,sl_first,1787058900,2026-08-18T13:15:00+00:00,-1.0,stop_touch,no,,,7.7154,below_50%,sl,1787058143,0.09915
2393,1787015733,2026-08-18T01:15:33+00:00,STARUSDT,LONG,overheated_confirmed,0.1491,0.13927928571428572,0.1687414285714286,sl_first,1787018400,2026-08-18T02:00:00+00:00,-1.0,stop_touch,no,,,57.6831,at_or_above_50%,sl,1787022599,0.124
2394,1787016243,2026-08-18T01:24:03+00:00,PIEVERSEUSDT,LONG,overheated_24h,0.9786,0.9226982142857143,1.0904035714285714,sl_first,1787029200,2026-08-18T05:00:00+00:00,-1.0,stop_touch,no,,,17.2624,below_50%,sl,1787029946,0.8811
2395,1787022596,2026-08-18T03:09:56+00:00,ARMUSDT,SHORT,ema_cross_confirmed,264.94,273.12689655172414,248.5662068965517,tp_first,1787066100,2026-08-18T15:15:00+00:00,2.0,target_touch,no,,,8.8959,below_50%,tp,1787151923,248.5662068965517
2403,1787023486,2026-08-18T03:24:46+00:00,NIGHTUSDT,SHORT,bb_squeeze,0.01694,0.017073960396039603,0.01667207920792079,sl_first,1787024700,2026-08-18T03:45:00+00:00,-1.0,stop_touch,no,,,3.1991,below_50%,sl,1787030325,0.01716
2404,1787023495,2026-08-18T03:24:55+00:00,IOTXUSDT,SHORT,bb_squeeze,0.00252,0.002552089108910891,0.002455821782178218,sl_first,1787034600,2026-08-18T06:30:00+00:00,-1.0,stop_touch,no,,,4.5908,below_50%,sl,1787034441,0.002556
2405,1787023498,2026-08-18T03:24:58+00:00,BANKUSDT,SHORT,bb_squeeze,0.03511,0.035729108910891094,0.033871782178217825,sl_first,1787047200,2026-08-18T10:00:00+00:00,-1.0,stop_touch,no,,,5.2511,below_50%,sl,1787047010,0.03577
2406,1787023506,2026-08-18T03:25:06+00:00,XPLUSDT,SHORT,bb_squeeze,0.07479,0.07552871287128712,0.07331257425742574,sl_first,1787034600,2026-08-18T06:30:00+00:00,-1.0,stop_touch,no,,,4.0929,below_50%,sl,1787034259,0.07553
2407,1787023526,2026-08-18T03:25:26+00:00,SUSHIUSDT,SHORT,bb_squeeze,0.157,0.15809504950495049,0.154809900990099,sl_first,1787028300,2026-08-18T04:45:00+00:00,-1.0,stop_touch,no,,,3.7037,below_50%,sl,1787029946,0.1583
2408,1787023537,2026-08-18T03:25:37+00:00,MOVEUSDT,SHORT,bb_squeeze,0.00602,0.006127821782178218,0.005804356435643565,tp_first,1787099400,2026-08-19T00:30:00+00:00,1.999999999999992,target_touch,no,,,5.8236,below_50%,sl,1787153958,0.0062
2409,1787023565,2026-08-18T03:26:05+00:00,ETCUSDT,SHORT,bb_squeeze,6.059,6.086633663366337,6.003732673267327,sl_first,1787063400,2026-08-18T14:30:00+00:00,-1.0,stop_touch,no,,,3.3206,below_50%,sl,1787063270,6.087
2410,1787023577,2026-08-18T03:26:17+00:00,LDOUSDT,SHORT,bb_squeeze,0.3006,0.30308316831683163,0.2956336633663366,sl_first,1787035500,2026-08-18T06:45:00+00:00,-1.0,stop_touch,no,,,3.0141,below_50%,sl,1787035387,0.3037
2411,1787023628,2026-08-18T03:27:08+00:00,ARBUSDT,SHORT,bb_squeeze,0.07379,0.07433742574257425,0.07269514851485148,sl_first,1787028300,2026-08-18T04:45:00+00:00,-1.0,stop_touch,no,,,3.2118,below_50%,sl,1787029946,0.07456
2412,1787023647,2026-08-18T03:27:27+00:00,SIRENUSDT,SHORT,bb_squeeze,0.02683,0.027134257425742575,0.026221485148514852,sl_first,1787030100,2026-08-18T05:15:00+00:00,-1.0,stop_touch,no,,,4.2338,below_50%,sl,1787030026,0.02725
2413,1787023695,2026-08-18T03:28:15+00:00,SKYAIUSDT,SHORT,bb_squeeze,0.07166,0.07406158415841584,0.06685683168316832,tp_first,1787061600,2026-08-18T14:00:00+00:00,2.0000000000000058,target_touch,no,,,20.3008,below_50%,tp,1787060786,0.06685683168316832
2414,1787023702,2026-08-18T03:28:22+00:00,AVAXUSDT,SHORT,bb_squeeze,6.246,6.290663366336634,6.156673267326733,sl_first,1787028300,2026-08-18T04:45:00+00:00,-1.0,stop_touch,no,,,3.5645,below_50%,sl,1787029946,6.296
2415,1787023814,2026-08-18T03:30:14+00:00,SOPHUSDT,SHORT,ema_cross,0.003412,0.0035423448275862073,0.0031513103448275862,unresolved,1787111100,2026-08-19T03:45:00+00:00,0.8362433862433858,window_close,no,,,10.2402,below_50%,sl,1787172758,0.003552
2418,1787030394,2026-08-18T05:19:54+00:00,REDUSDT,LONG,overheated_24h,0.1061,0.10124642857142857,0.11580714285714286,sl_first,1787031000,2026-08-18T05:30:00+00:00,-1.0,stop_touch,no,,,37.5456,below_50%,sl,1787030595,0.10124642857142857
2420,1787030824,2026-08-18T05:27:04+00:00,HOMEUSDT,SHORT,bb_squeeze,0.00623,0.006487128712871287,0.005715742574257426,sl_first,1787049900,2026-08-18T10:45:00+00:00,-1.0,stop_touch,no,,,15.2733,below_50%,sl,1787054723,0.006487128712871287
2421,1787030982,2026-08-18T05:29:42+00:00,TAKEUSDT,LONG,bb_squeeze,0.05223,0.05033534653465346,0.05601930693069307,sl_first,1787031900,2026-08-18T05:45:00+00:00,-1.0,stop_touch,no,,,15.2639,below_50%,sl,1787031469,0.05014
2422,1787030997,2026-08-18T05:29:57+00:00,HANAUSDT,LONG,bb_squeeze,0.03307,0.03271683168316832,0.03377633663366337,sl_first,1787038200,2026-08-18T07:30:00+00:00,-1.0,stop_touch,no,,,3.8509,below_50%,sl,1787044206,0.02662
2423,1787031011,2026-08-18T05:30:11+00:00,KGENUSDT,LONG,bb_squeeze,0.17697,0.17463029702970295,0.18164940594059406,sl_first,1787044500,2026-08-18T09:15:00+00:00,-1.0,stop_touch,no,,,5.6655,below_50%,sl,1787044513,0.17463029702970295
2424,1787031106,2026-08-18T05:31:46+00:00,SANDUSDT,SHORT,ema_cross,0.0382,0.03890172413793103,0.03679655172413793,sl_first,1787042700,2026-08-18T08:45:00+00:00,-1.0,stop_touch,no,,,8.8581,below_50%,sl,1787044206,0.03892
2475,1787031107,2026-08-18T05:31:47+00:00,SANDUSDT,SHORT,ema_cross_confirmed,0.0382,0.0382,0.0382,ambiguous,1787031900,2026-08-18T05:45:00+00:00,nan,both_barriers_same_candle,no,,,8.8581,below_50%,ttl_expired,,
2425,1787031108,2026-08-18T05:31:48+00:00,INTWUSDT,SHORT,ema_cross,23.93,24.63241379310345,22.525172413793104,tp_first,1787045400,2026-08-18T09:30:00+00:00,1.999999999999995,target_touch,no,,,11.0072,below_50%,tp,1787045053,22.48
2476,1787031108,2026-08-18T05:31:48+00:00,INTWUSDT,SHORT,ema_cross_confirmed,23.93,23.93,23.93,tp_first,1787031900,2026-08-18T05:45:00+00:00,nan,target_touch,no,,,11.0072,below_50%,ttl_expired,,
2426,1787031109,2026-08-18T05:31:49+00:00,CHILLGUYUSDT,SHORT,ema_cross,0.010714,0.011025379310344828,0.010091241379310344,sl_first,1787071500,2026-08-18T16:45:00+00:00,-1.0,stop_touch,no,,,7.5395,below_50%,sl,1787151653,0.011074
2477,1787031110,2026-08-18T05:31:50+00:00,CHILLGUYUSDT,SHORT,ema_cross_confirmed,0.010714,0.010714,0.010714,ambiguous,1787031900,2026-08-18T05:45:00+00:00,nan,both_barriers_same_candle,no,,,7.5395,below_50%,ttl_expired,,
2427,1787031113,2026-08-18T05:31:53+00:00,LINEAUSDT,SHORT,ema_cross,0.002093,0.002122965517241379,0.002033068965517241,unresolved,1787118300,2026-08-19T05:45:00+00:00,0.46720368239354476,window_close,no,,,4.508,below_50%,sl,1787151972,0.002139
2478,1787031114,2026-08-18T05:31:54+00:00,LINEAUSDT,SHORT,ema_cross_confirmed,0.002093,0.002093,0.002093,tp_first,1787031900,2026-08-18T05:45:00+00:00,nan,target_touch,no,,,4.508,below_50%,ttl_expired,,
2428,1787031137,2026-08-18T05:32:17+00:00,GUAUSDT,LONG,ema_cross,0.04281,0.041028620689655175,0.04637275862068966,unresolved,1787118300,2026-08-19T05:45:00+00:00,0.8420441347270632,window_close,no,,,8.9947,below_50%,tp,1787173781,0.04637275862068966
2479,1787031138,2026-08-18T05:32:18+00:00,GUAUSDT,LONG,ema_cross_confirmed,0.04281,0.04281,0.04281,ambiguous,1787031900,2026-08-18T05:45:00+00:00,nan,both_barriers_same_candle,no,,,8.9947,below_50%,ttl_expired,,
2429,1787031153,2026-08-18T05:32:33+00:00,LINEAUSDT,SHORT,ema_cross_confirmed,0.002084,0.0021439310344827586,0.0019641379310344825,unresolved,1787118300,2026-08-19T05:45:00+00:00,0.08342922899884574,window_close,no,,,4.508,below_50%,sl,1787152748,0.002145
2430,1787031168,2026-08-18T05:32:48+00:00,CRWVUSDT,SHORT,ema_cross,103.9,106.05758620689656,99.5848275862069,tp_first,1787060700,2026-08-18T13:45:00+00:00,2.0,target_touch,no,,,8.4953,below_50%,tp,1787059918,99.29
2480,1787031168,2026-08-18T05:32:48+00:00,CRWVUSDT,SHORT,ema_cross_confirmed,103.9,103.9,103.9,ambiguous,1787031900,2026-08-18T05:45:00+00:00,nan,both_barriers_same_candle,no,,,8.4953,below_50%,ttl_expired,,
2431,1787031176,2026-08-18T05:32:56+00:00,SQQQUSDT,LONG,ema_cross,37.25,36.86379310344827,38.022413793103446,tp_first,1787060700,2026-08-18T13:45:00+00:00,1.9999999999999816,target_touch,no,,,5.0394,below_50%,tp,1787060065,38.022413793103446
2432,1787031177,2026-08-18T05:32:57+00:00,NOTUSDT,SHORT,ema_cross,0.0003768,0.0003867586206896552,0.00035688275862068964,unresolved,1787118300,2026-08-19T05:45:00+00:00,-0.30124653739612356,window_close,no,,,4.9041,below_50%,sl,1787153958,0.0003903
2484,1787031177,2026-08-18T05:32:57+00:00,SQQQUSDT,LONG,ema_cross_confirmed,37.25,37.25,37.25,ambiguous,1787031900,2026-08-18T05:45:00+00:00,nan,both_barriers_same_candle,no,,,5.0394,below_50%,ttl_expired,,
2485,1787031178,2026-08-18T05:32:58+00:00,NOTUSDT,SHORT,ema_cross_confirmed,0.0003768,0.0003768,0.0003768,tp_first,1787031900,2026-08-18T05:45:00+00:00,nan,target_touch,no,,,4.9041,below_50%,ttl_expired,,
2433,1787031201,2026-08-18T05:33:21+00:00,BLURUSDT,SHORT,ema_cross,0.0129,0.013050689655172414,0.012598620689655173,sl_first,1787041800,2026-08-18T08:30:00+00:00,-1.0,stop_touch,no,,,3.5294,below_50%,sl,1787044468,0.01306
2486,1787031201,2026-08-18T05:33:21+00:00,BLURUSDT,SHORT,ema_cross_confirmed,0.0129,0.0129,0.0129,tp_first,1787031900,2026-08-18T05:45:00+00:00,nan,target_touch,no,,,3.5294,below_50%,ttl_expired,,
2434,1787031214,2026-08-18T05:33:34+00:00,CRWVUSDT,SHORT,ema_cross_confirmed,103.75,108.0651724137931,95.11965517241379,tp_first,1787074200,2026-08-18T17:30:00+00:00,2.0,target_touch,no,,,8.4953,below_50%,tp,1787078374,94.48
2435,1787031218,2026-08-18T05:33:38+00:00,MANTAUSDT,SHORT,ema_cross,0.05612,0.05696793103448276,0.05442413793103448,unresolved,1787118300,2026-08-19T05:45:00+00:00,0.7193981293208684,window_close,no,,,5.4785,below_50%,sl,1787153958,0.05739
2487,1787031218,2026-08-18T05:33:38+00:00,MANTAUSDT,SHORT,ema_cross_confirmed,0.05612,0.05612,0.05612,tp_first,1787031900,2026-08-18T05:45:00+00:00,nan,target_touch,no,,,5.4785,below_50%,ttl_expired,,
2436,1787031232,2026-08-18T05:33:52+00:00,JUSUNGUSDT,LONG,ema_cross,130.8,127.32344827586208,137.75310344827588,sl_first,1787031900,2026-08-18T05:45:00+00:00,-1.0,stop_touch,no,,,10.1774,below_50%,sl,1787031260,127.32344827586208
2488,1787031232,2026-08-18T05:33:52+00:00,JUSUNGUSDT,LONG,ema_cross_confirmed,130.8,130.8,130.8,sl_first,1787031900,2026-08-18T05:45:00+00:00,nan,stop_touch,no,,,10.1774,below_50%,ttl_expired,,
2437,1787031277,2026-08-18T05:34:37+00:00,INTCUSDT,SHORT,ema_cross,101.41,102.8503448275862,98.52931034482758,tp_first,1787045400,2026-08-18T09:30:00+00:00,2.0000000000000098,target_touch,no,,,5.3971,below_50%,tp,1787044941,98.52931034482758
2490,1787031278,2026-08-18T05:34:38+00:00,INTCUSDT,SHORT,ema_cross_confirmed,101.41,101.41,101.41,tp_first,1787031900,2026-08-18T05:45:00+00:00,nan,target_touch,no,,,5.3971,below_50%,ttl_expired,,
2438,1787031280,2026-08-18T05:34:40+00:00,BSVUSDT,SHORT,ema_cross,14.88,15.152758620689657,14.334482758620691,tp_first,1787084100,2026-08-18T20:15:00+00:00,1.9999999999999936,target_touch,no,,,5.4054,below_50%,sl,1787153958,15.26
2491,1787031280,2026-08-18T05:34:40+00:00,BSVUSDT,SHORT,ema_cross_confirmed,14.88,14.88,14.88,tp_first,1787031900,2026-08-18T05:45:00+00:00,nan,target_touch,no,,,5.4054,below_50%,ttl_expired,,
2439,1787031308,2026-08-18T05:35:08+00:00,TQQQXUSDT,SHORT,ema_cross,74.73,75.44275862068966,73.3044827586207,tp_first,1787058000,2026-08-18T13:00:00+00:00,2.0,target_touch,no,,,5.0818,below_50%,tp,1787057153,73.29
2496,1787031308,2026-08-18T05:35:08+00:00,TQQQXUSDT,SHORT,ema_cross_confirmed,74.73,74.73,74.73,ambiguous,1787031900,2026-08-18T05:45:00+00:00,nan,both_barriers_same_candle,no,,,5.0818,below_50%,ttl_expired,,
2440,1787031343,2026-08-18T05:35:43+00:00,COWUSDT,SHORT,ema_cross,0.1051,0.11308620689655172,0.08912758620689655,unresolved,1787118300,2026-08-19T05:45:00+00:00,0.10017271157167477,window_close,no,,,9.4556,below_50%,sl,1787238522,0.11308620689655172
2497,1787031344,2026-08-18T05:35:44+00:00,COWUSDT,SHORT,ema_cross_confirmed,0.1051,0.1051,0.1051,ambiguous,1787031900,2026-08-18T05:45:00+00:00,nan,both_barriers_same_candle,no,,,9.4556,below_50%,ttl_expired,,
2441,1787031355,2026-08-18T05:35:55+00:00,EIGENUSDT,SHORT,ema_cross,0.1677,0.17084137931034482,0.16141724137931032,sl_first,1787035500,2026-08-18T06:45:00+00:00,-1.0,stop_touch,no,,,4.9787,below_50%,sl,1787035298,0.1709
2498,1787031355,2026-08-18T05:35:55+00:00,EIGENUSDT,SHORT,ema_cross_confirmed,0.1677,0.1677,0.1677,tp_first,1787031900,2026-08-18T05:45:00+00:00,nan,target_touch,no,,,4.9787,below_50%,ttl_expired,,
2443,1787031643,2026-08-18T05:40:43+00:00,REDUSDT,LONG,overheated_24h,0.1068,0.10194642857142858,0.11650714285714286,sl_first,1787036400,2026-08-18T07:00:00+00:00,-1.0,stop_touch,no,,,37.5456,below_50%,sl,1787036407,0.10194642857142858
2446,1787031929,2026-08-18T05:45:29+00:00,SOPHUSDT,SHORT,ema_cross_confirmed,0.003368,0.0036286896551724138,0.002846620689655172,unresolved,1787119200,2026-08-19T06:00:00+00:00,0.12275132275132238,window_close,no,,,8.7387,below_50%,sl,1787271577,0.003631
2447,1787031935,2026-08-18T05:45:35+00:00,SQQQUSDT,LONG,ema_cross_confirmed,37.24,36.66068965517241,38.39862068965518,tp_first,1787065200,2026-08-18T15:00:00+00:00,2.0,target_touch,no,,,5.0394,below_50%,tp,1787065163,38.4
2448,1787031940,2026-08-18T05:45:40+00:00,TQQQXUSDT,SHORT,ema_cross_confirmed,74.67,76.53675,70.93650000000001,unresolved,1787119200,2026-08-19T06:00:00+00:00,1.607071112896749,window_close,no,,,5.0818,below_50%,tp,1787226593,70.93650000000001
2450,1787033272,2026-08-18T06:07:52+00:00,OPENAIUSDT,SHORT,bb_squeeze,1236.09,1248.8650495049503,1210.5399009900989,tp_first,1787045400,2026-08-18T09:30:00+00:00,2.0000000000000178,target_touch,no,,,3.2446,below_50%,tp,1787045240,1210.5399009900989
2451,1787033303,2026-08-18T06:08:23+00:00,ALICEUSDT,SHORT,bb_squeeze,0.1273,0.13204851485148514,0.1178029702970297,sl_first,1787036400,2026-08-18T07:00:00+00:00,-1.0,stop_touch,no,,,8.3532,below_50%,sl,1787036077,0.1322
2452,1787033341,2026-08-18T06:09:01+00:00,ARCUSDT,SHORT,bb_squeeze,0.07275,0.07424673267326733,0.06975653465346535,sl_first,1787037300,2026-08-18T07:15:00+00:00,-1.0,stop_touch,no,,,6.9065,below_50%,sl,1787036556,0.07424673267326733
2453,1787033405,2026-08-18T06:10:05+00:00,APRUSDT,LONG,bb_squeeze,0.19016,0.1674688118811881,0.2355423762376238,unresolved,1787120100,2026-08-19T06:15:00+00:00,0.5165000589054064,window_close,no,,,10.1963,below_50%,open,,
2454,1787033484,2026-08-18T06:11:24+00:00,KATUSDT,SHORT,ema_cross,0.0042,0.0042641379310344825,0.004071724137931034,sl_first,1787044500,2026-08-18T09:15:00+00:00,-1.0,stop_touch,no,,,5.9809,below_50%,sl,1787044206,0.00427
2457,1787034682,2026-08-18T06:31:22+00:00,NOTUSDT,SHORT,ema_cross_confirmed,0.0003755,0.0003954172413793104,0.0003356655172413793,unresolved,1787121900,2026-08-19T06:45:00+00:00,-0.15062326869805906,window_close,no,,,4.8141,below_50%,sl,1787172758,0.0003961
2459,1787035525,2026-08-18T06:45:25+00:00,BSVUSDT,SHORT,ema_cross_confirmed,14.85,15.39551724137931,13.75896551724138,unresolved,1787122800,2026-08-19T07:00:00+00:00,1.1182048040455124,window_close,no,,,4.8649,below_50%,sl,1787207222,15.87
2460,1787044201,2026-08-18T09:10:01+00:00,GUAUSDT,LONG,ema_cross_confirmed,0.04353,0.04085793103448276,0.048874137931034484,unresolved,1787130900,2026-08-19T09:15:00+00:00,0.5014840624596724,window_close,no,,,8.9947,below_50%,open,,
2465,1787044755,2026-08-18T09:19:15+00:00,VVVUSDT,LONG,overheated_24h,14.092,13.607767857142859,15.060464285714286,sl_first,1787114700,2026-08-19T04:45:00+00:00,-1.0,stop_touch,no,,,17.3176,below_50%,tp,1787290361,15.231
2466,1787044814,2026-08-18T09:20:14+00:00,VVVUSDT,LONG,overheated_confirmed,14.083,13.598767857142859,15.051464285714284,sl_first,1787114700,2026-08-19T04:45:00+00:00,-1.0,stop_touch,no,,,17.3176,below_50%,tp,1787290361,15.231
2469,1787045178,2026-08-18T09:26:18+00:00,USUSDT,SHORT,bb_squeeze,0.017185,0.018226702970297028,0.015101594059405938,unresolved,1787131800,2026-08-19T09:30:00+00:00,-0.09407672128654618,window_close,no,,,12.3643,below_50%,sl,1787243612,0.018303
2470,1787045182,2026-08-18T09:26:22+00:00,OPENUSDT,SHORT,bb_squeeze,0.1616,0.16342673267326732,0.15794653465346534,tp_first,1787061600,2026-08-18T14:00:00+00:00,2.0,target_touch,no,,,6.2578,below_50%,tp,1787061502,0.15794653465346534
2471,1787045330,2026-08-18T09:28:50+00:00,BLUAIUSDT,LONG,bb_squeeze,0.013177,0.012882306930693069,0.01376638613861386,unresolved,1787131800,2026-08-19T09:30:00+00:00,-0.17306141647627674,window_close,no,,,7.2694,below_50%,sl,1787217771,0.012863
2472,1787045391,2026-08-18T09:29:51+00:00,BTWUSDT,LONG,bb_squeeze,0.366918,0.3508722574257426,0.39900948514851486,tp_first,1787076000,2026-08-18T18:00:00+00:00,1.9999999999999964,target_touch,no,,,17.7726,below_50%,tp,1787078374,0.411922
2473,1787045459,2026-08-18T09:30:59+00:00,CHILLGUYUSDT,SHORT,ema_cross_confirmed,0.010611,0.011233758620689656,0.00936548275862069,unresolved,1787132700,2026-08-19T09:45:00+00:00,-0.18466223698781642,window_close,no,,,7.5395,below_50%,sl,1787153958,0.011242
2474,1787045504,2026-08-18T09:31:44+00:00,ATOMUSDT,SHORT,bb_squeeze,1.378,1.3894356435643562,1.355128712871287,sl_first,1787051700,2026-08-18T11:15:00+00:00,-1.0,stop_touch,no,,,5.2326,below_50%,sl,1787052477,1.397
2481,1787045578,2026-08-18T09:32:58+00:00,BSBUSDT,SHORT,ema_cross,0.1197,0.12531103448275863,0.10847793103448276,sl_first,1787063400,2026-08-18T14:30:00+00:00,-1.0,stop_touch,no,,,13.8195,below_50%,sl,1787063240,0.12531103448275863
2539,1787045578,2026-08-18T09:32:58+00:00,BSBUSDT,SHORT,ema_cross_confirmed,0.1197,0.1197,0.1197,sl_first,1787046300,2026-08-18T09:45:00+00:00,nan,stop_touch,no,,,13.8195,below_50%,ttl_expired,,
2482,1787045584,2026-08-18T09:33:04+00:00,WUSDT,SHORT,ema_cross,0.008118,0.008256655172413793,0.007840689655172414,unresolved,1787132700,2026-08-19T09:45:00+00:00,0.32454613280278494,window_close,no,,,4.6992,below_50%,sl,1787151854,0.008269
2540,1787045584,2026-08-18T09:33:04+00:00,WUSDT,SHORT,ema_cross_confirmed,0.008118,0.008118,0.008118,sl_first,1787046300,2026-08-18T09:45:00+00:00,nan,stop_touch,no,,,4.6992,below_50%,ttl_expired,,
2483,1787045605,2026-08-18T09:33:25+00:00,GFSUSDT,SHORT,ema_cross,52.01,52.69,50.65,tp_first,1787047200,2026-08-18T10:00:00+00:00,2.0,target_touch,no,,,8.4677,below_50%,tp,1787046920,50.65
2541,1787045605,2026-08-18T09:33:25+00:00,GFSUSDT,SHORT,ema_cross_confirmed,52.01,52.01,52.01,tp_first,1787046300,2026-08-18T09:45:00+00:00,nan,target_touch,no,,,8.4677,below_50%,ttl_expired,,
2489,1787045664,2026-08-18T09:34:24+00:00,BIRBUSDT,SHORT,ema_cross,0.05044,0.05180655172413793,0.04770689655172414,unresolved,1787132700,2026-08-19T09:45:00+00:00,0.28538985616956963,window_close,no,,,8.3567,below_50%,sl,1787151972,0.05194
2542,1787045664,2026-08-18T09:34:24+00:00,BIRBUSDT,SHORT,ema_cross_confirmed,0.05044,0.05044,0.05044,sl_first,1787046300,2026-08-18T09:45:00+00:00,nan,stop_touch,no,,,8.3567,below_50%,ttl_expired,,
2492,1787045703,2026-08-18T09:35:03+00:00,JPN225USDT,SHORT,ema_cross,420.88,427.2679310344828,408.1041379310345,unresolved,1787132700,2026-08-19T09:45:00+00:00,0.7748987854250956,window_close,no,,,4.9159,below_50%,tp,1787259932,408.1041379310345
2543,1787045704,2026-08-18T09:35:04+00:00,JPN225USDT,SHORT,ema_cross_confirmed,420.88,420.88,420.88,sl_first,1787046300,2026-08-18T09:45:00+00:00,nan,stop_touch,no,,,4.9159,below_50%,ttl_expired,,
2493,1787045710,2026-08-18T09:35:10+00:00,ARCUSDT,SHORT,ema_cross,0.07073,0.07398068965517242,0.06422862068965518,unresolved,1787132700,2026-08-19T09:45:00+00:00,-0.5321947597326807,window_close,no,,,12.5923,below_50%,open,,
2544,1787045710,2026-08-18T09:35:10+00:00,ARCUSDT,SHORT,ema_cross_confirmed,0.07073,0.07073,0.07073,tp_first,1787046300,2026-08-18T09:45:00+00:00,nan,target_touch,no,,,12.5923,below_50%,ttl_expired,,
2494,1787045719,2026-08-18T09:35:19+00:00,TACUSDT,SHORT,ema_cross,0.002627,0.002720551724137931,0.002439896551724138,sl_first,1787067000,2026-08-18T15:30:00+00:00,-1.0,stop_touch,no,,,9.1118,below_50%,tp,1787151653,0.002419
2545,1787045719,2026-08-18T09:35:19+00:00,TACUSDT,SHORT,ema_cross_confirmed,0.002627,0.002627,0.002627,ambiguous,1787046300,2026-08-18T09:45:00+00:00,nan,both_barriers_same_candle,no,,,9.1118,below_50%,ttl_expired,,
2495,1787045727,2026-08-18T09:35:27+00:00,INUSDT,SHORT,ema_cross,0.03095,0.03151724137931034,0.02981551724137931,sl_first,1787055300,2026-08-18T12:15:00+00:00,-1.0,stop_touch,no,,,5.0814,below_50%,sl,1787055022,0.03156
2546,1787045728,2026-08-18T09:35:28+00:00,INUSDT,SHORT,ema_cross_confirmed,0.03095,0.03095,0.03095,ambiguous,1787046300,2026-08-18T09:45:00+00:00,nan,both_barriers_same_candle,no,,,5.0814,below_50%,ttl_expired,,
2499,1787045764,2026-08-18T09:36:04+00:00,WLDUSDT,SHORT,ema_cross,0.3224,0.33250689655172416,0.30218620689655173,unresolved,1787132700,2026-08-19T09:45:00+00:00,0.45513476629136723,window_close,no,,,15.1056,below_50%,sl,1787153958,0.3439
2547,1787045765,2026-08-18T09:36:05+00:00,WLDUSDT,SHORT,ema_cross_confirmed,0.3224,0.3224,0.3224,ambiguous,1787046300,2026-08-18T09:45:00+00:00,nan,both_barriers_same_candle,no,,,15.1056,below_50%,ttl_expired,,
2500,1787045780,2026-08-18T09:36:20+00:00,IRENUSDT,SHORT,ema_cross,43.49,44.384827586206896,41.70034482758621,sl_first,1787060700,2026-08-18T13:45:00+00:00,-1.0,stop_touch,no,,,8.2443,below_50%,sl,1787059888,44.44
2548,1787045781,2026-08-18T09:36:21+00:00,IRENUSDT,SHORT,ema_cross_confirmed,43.49,43.49,43.49,tp_first,1787046300,2026-08-18T09:45:00+00:00,nan,target_touch,no,,,8.2443,below_50%,ttl_expired,,
2501,1787045791,2026-08-18T09:36:31+00:00,PENDLEUSDT,LONG,ema_cross,1.358,1.3366206896551724,1.4007586206896554,sl_first,1787061600,2026-08-18T14:00:00+00:00,-1.0,stop_touch,no,,,6.089,below_50%,sl,1787061205,1.336
2549,1787045792,2026-08-18T09:36:32+00:00,PENDLEUSDT,LONG,ema_cross_confirmed,1.358,1.358,1.358,sl_first,1787046300,2026-08-18T09:45:00+00:00,nan,stop_touch,no,,,6.089,below_50%,ttl_expired,,
2502,1787045803,2026-08-18T09:36:43+00:00,PRLUSDT,SHORT,high_rejection_short,0.44331,0.4619928571428571,0.40594428571428576,sl_first,1787099400,2026-08-19T00:30:00+00:00,-1.0,stop_touch,no,,,28.3414,below_50%,tp,1787151653,0.36331
2503,1787045825,2026-08-18T09:37:05+00:00,IRENUSDT,SHORT,ema_cross_confirmed,43.14,44.929655172413796,39.56068965517241,sl_first,1787060700,2026-08-18T13:45:00+00:00,-1.0,stop_touch,no,,,8.2443,below_50%,sl,1787059946,44.96
2505,1787046218,2026-08-18T09:43:38+00:00,CLOUSDT,LONG,overheated_24h,0.13744,0.13379607142857144,0.14472785714285716,tp_first,1787054400,2026-08-18T12:00:00+00:00,2.0000000000000075,target_touch,no,,,19.9223,below_50%,tp,1787054094,0.1448
2506,1787046246,2026-08-18T09:44:06+00:00,CLOUSDT,LONG,overheated_confirmed,0.13592,0.13227607142857145,0.14320785714285714,tp_first,1787049000,2026-08-18T10:30:00+00:00,2.0,target_touch,no,,,19.9223,below_50%,tp,1787054094,0.1448
2507,1787047208,2026-08-18T10:00:08+00:00,GFSUSDT,SHORT,ema_cross_confirmed,51.28,52.64,48.56,unresolved,1787134500,2026-08-19T10:15:00+00:00,1.1250000000000013,window_close,no,,,10.3537,below_50%,tp,1787161349,48.54
2509,1787053072,2026-08-18T11:37:52+00:00,OPNUSDT,LONG,overheated_24h,0.0597,0.05732357142857143,0.06445285714285715,sl_first,1787055300,2026-08-18T12:15:00+00:00,-1.0,stop_touch,no,,,18.4483,below_50%,sl,1787055263,0.05732357142857143
2510,1787053091,2026-08-18T11:38:11+00:00,OPNUSDT,LONG,overheated_confirmed,0.06028,0.05790357142857143,0.06503285714285714,sl_first,1787055300,2026-08-18T12:15:00+00:00,-1.0,stop_touch,no,,,18.4483,below_50%,sl,1787054842,0.0579
2511,1787053344,2026-08-18T11:42:24+00:00,HEMIUSDT,SHORT,bb_squeeze,0.006604,0.006986485148514851,0.005839029702970297,sl_first,1787054400,2026-08-18T12:00:00+00:00,-1.0,stop_touch,no,,,21.161,below_50%,sl,1787054004,0.006986485148514851
2512,1787053466,2026-08-18T11:44:26+00:00,ZESTUSDT,LONG,bb_squeeze,0.14388,0.14174683168316832,0.1481463366336634,sl_first,1787060700,2026-08-18T13:45:00+00:00,-1.0,stop_touch,no,,,7.0733,below_50%,sl,1787060155,0.1415
2513,1787053508,2026-08-18T11:45:08+00:00,BSBUSDT,LONG,bb_squeeze,0.12429,0.12153722772277227,0.12979554455445544,sl_first,1787054400,2026-08-18T12:00:00+00:00,-1.0,stop_touch,no,,,7.4036,below_50%,sl,1787053554,0.12146
2514,1787053552,2026-08-18T11:45:52+00:00,ACTUSDT,LONG,bb_squeeze,0.01028,0.010148811881188118,0.010542376237623762,sl_first,1787054400,2026-08-18T12:00:00+00:00,-1.0,stop_touch,no,,,4.6701,below_50%,sl,1787053583,0.01006
2515,1787054411,2026-08-18T12:00:11+00:00,CLOUSDT,LONG,overheated_confirmed,0.14133,0.13768607142857145,0.14861785714285713,tp_first,1787058900,2026-08-18T13:15:00+00:00,2.0,target_touch,no,,,26.0164,below_50%,tp,1787058624,0.15031
2517,1787055059,2026-08-18T12:10:59+00:00,ZROUSDT,LONG,bb_squeeze,0.78,0.773930693069307,0.7921386138613862,tp_first,1787064300,2026-08-18T14:45:00+00:00,2.0,target_touch,no,,,3.8108,below_50%,tp,1787063659,0.7921386138613862
2518,1787055154,2026-08-18T12:12:34+00:00,IONQUSDT,SHORT,ema_cross,45.04,45.742758620689656,43.634482758620685,sl_first,1787060700,2026-08-18T13:45:00+00:00,-1.0,stop_touch,no,,,6.7808,below_50%,sl,1787060424,45.77
2519,1787055156,2026-08-18T12:12:36+00:00,KORUUSDT,SHORT,ema_cross,20.205,20.97513793103448,18.66472413793103,tp_first,1787065200,2026-08-18T15:00:00+00:00,2.0,target_touch,no,,,28.2116,below_50%,tp,1787064984,18.66472413793103
2520,1787055221,2026-08-18T12:13:41+00:00,SOXLUSDT,SHORT,ema_cross,135.94,139.0948275862069,129.6303448275862,tp_first,1787061600,2026-08-18T14:00:00+00:00,2.0,target_touch,yes,1787052980,oversold_24h,16.3153,below_50%,tp,1787061324,129.52
2521,1787055228,2026-08-18T12:13:48+00:00,SOXSUSDT,LONG,ema_cross,42.44,41.571379310344824,44.177241379310345,tp_first,1787061600,2026-08-18T14:00:00+00:00,2.0,target_touch,no,,,15.9306,below_50%,tp,1787061352,44.24
2522,1787055248,2026-08-18T12:14:08+00:00,BLUAIUSDT,LONG,ema_cross,0.013249,0.012628034482758621,0.014490931034482759,unresolved,1787141700,2026-08-19T12:15:00+00:00,-0.3414038205242121,window_close,no,,,7.2694,below_50%,sl,1787231202,0.012628034482758621
2523,1787055254,2026-08-18T12:14:14+00:00,SOXSUSDT,LONG,ema_cross_confirmed,42.48,41.177068965517236,45.08586206896552,tp_first,1787065200,2026-08-18T15:00:00+00:00,2.0,target_touch,no,,,15.9306,below_50%,tp,1787064866,45.08586206896552
2524,1787055261,2026-08-18T12:14:21+00:00,HUSDT,SHORT,ema_cross,0.11478,0.13083551724137932,0.08266896551724137,unresolved,1787141700,2026-08-19T12:15:00+00:00,1.252528940529626,window_close,no,,,14.3035,below_50%,tp,1787208867,0.08262
2525,1787055271,2026-08-18T12:14:31+00:00,POWERUSDT,LONG,ema_cross,0.08997,0.0870406896551724,0.09582862068965517,sl_first,1787065200,2026-08-18T15:00:00+00:00,-1.0,stop_touch,no,,,14.7921,below_50%,sl,1787065191,0.08699
2526,1787055307,2026-08-18T12:15:07+00:00,AMDUSDT,SHORT,ema_cross,489.86,495.55620689655177,478.46758620689656,tp_first,1787062500,2026-08-18T14:15:00+00:00,1.99999999999999,target_touch,no,,,5.853,below_50%,tp,1787062313,478.31
2527,1787055343,2026-08-18T12:15:43+00:00,RIVERUSDT,SHORT,ema_cross,2.589,2.678896551724138,2.409206896551724,sl_first,1787088600,2026-08-18T21:30:00+00:00,-1.0,stop_touch,no,,,10.4338,below_50%,sl,1787167516,2.678896551724138
2528,1787055377,2026-08-18T12:16:17+00:00,RIVERUSDT,SHORT,ema_cross_confirmed,2.583,2.762793103448276,2.2234137931034486,unresolved,1787142600,2026-08-19T12:30:00+00:00,0.12792481779823628,window_close,no,,,10.4338,below_50%,sl,1787240886,2.762793103448276
2530,1787056661,2026-08-18T12:37:41+00:00,OUSTUSDT,SHORT,ema_cross,46.25,47.430689655172415,43.88862068965517,tp_first,1787062500,2026-08-18T14:15:00+00:00,2.0,target_touch,no,,,13.9785,below_50%,tp,1787062400,43.87
2531,1787057117,2026-08-18T12:45:17+00:00,AMDUSDT,SHORT,ema_cross_confirmed,489.04,501.26599999999996,464.58800000000014,unresolved,1787144400,2026-08-19T13:00:00+00:00,-0.05480124325208263,window_close,no,,,5.9093,below_50%,tp,1787151762,464.54
2532,1787057358,2026-08-18T12:49:18+00:00,ACEUSDT,LONG,overheated_confirmed,0.2172,0.15131250000000002,0.348975,unresolved,1787144400,2026-08-19T13:00:00+00:00,-0.18364636691329922,window_close,no,,,49.2497,below_50%,open,,
2533,1787058838,2026-08-18T13:13:58+00:00,GPSUSDT,LONG,overheated_24h,0.018157,0.01633198214285714,0.021807035714285713,sl_first,1787103900,2026-08-19T01:45:00+00:00,-1.0,stop_touch,no,,,32.6768,below_50%,sl,1787151653,0.011934
2534,1787058912,2026-08-18T13:15:12+00:00,IONQUSDT,SHORT,ema_cross_confirmed,44.55,45.95551724137931,41.73896551724137,sl_first,1787060700,2026-08-18T13:45:00+00:00,-1.0,stop_touch,no,,,6.7808,below_50%,sl,1787060424,45.95551724137931
2535,1787059058,2026-08-18T13:17:38+00:00,JCTUSDT,LONG,overheated_24h,0.002676,0.002419285714285714,0.0031894285714285714,sl_first,1787071500,2026-08-18T16:45:00+00:00,-1.0,stop_touch,no,,,18.7881,below_50%,sl,1787078374,0.002074
2536,1787059506,2026-08-18T13:25:06+00:00,COTIUSDT,LONG,bb_squeeze,0.01023,0.010018514851485149,0.010652970297029702,sl_first,1787061600,2026-08-18T14:00:00+00:00,-1.0,stop_touch,no,,,8.8685,below_50%,sl,1787061324,0.01001
2537,1787059524,2026-08-18T13:25:24+00:00,GUNUSDT,LONG,bb_squeeze,0.003025,0.0029682376237623763,0.0031385247524752477,sl_first,1787107500,2026-08-19T02:45:00+00:00,-1.0,stop_touch,no,,,25.1646,below_50%,tp,1787238606,0.0031385247524752477
2538,1787059813,2026-08-18T13:30:13+00:00,KORUUSDT,SHORT,ema_cross_confirmed,19.968,21.508275862068967,16.887448275862067,tp_first,1787099400,2026-08-19T00:30:00+00:00,2.0,target_touch,no,,,28.2116,below_50%,sl,1787290361,21.731
2550,1787060329,2026-08-18T13:38:49+00:00,APRUSDT,LONG,overheated_24h,0.21413,0.1416483928571428,0.3590932142857143,unresolved,1787147100,2026-08-19T13:45:00+00:00,-0.2211595552566289,window_close,no,,,20.2054,below_50%,open,,
2551,1787060389,2026-08-18T13:39:49+00:00,PRLUSDT,LONG,overheated_24h,0.44878,0.40724392857142855,0.5318521428571429,sl_first,1787139000,2026-08-19T11:30:00+00:00,-1.0,stop_touch,no,,,28.3414,below_50%,sl,1787151653,0.36331
2552,1787060414,2026-08-18T13:40:14+00:00,PRLUSDT,LONG,overheated_confirmed,0.45094,0.4094039285714286,0.5340121428571428,sl_first,1787138100,2026-08-19T11:15:00+00:00,-1.0,stop_touch,no,,,28.3414,below_50%,sl,1787151653,0.36331
2555,1787060706,2026-08-18T13:45:06+00:00,SOXLUSDT,SHORT,ema_cross_confirmed,132.4,138.7096551724138,119.78068965517244,unresolved,1787148000,2026-08-19T14:00:00+00:00,1.6546070608809749,window_close,no,,,18.3624,below_50%,tp,1787162899,119.65
2556,1787060714,2026-08-18T13:45:14+00:00,APRUSDT,LONG,overheated_confirmed,0.2185,0.14601839285714285,0.36346321428571426,unresolved,1787148000,2026-08-19T14:00:00+00:00,-0.22971344947117123,window_close,no,,,25.6809,below_50%,open,,
2563,1787062262,2026-08-18T14:11:02+00:00,RATSUSDT,LONG,overheated_24h,5.182e-05,4.9370178571428576e-05,5.671964285714286e-05,sl_first,1787062500,2026-08-18T14:15:00+00:00,-1.0,stop_touch,no,,,17.4745,below_50%,sl,1787078374,4.698e-05
2564,1787062271,2026-08-18T14:11:11+00:00,SOXLUSDT,LONG,oversold_24h,129.97,125.55678571428572,138.79642857142855,sl_first,1787065200,2026-08-18T15:00:00+00:00,-1.0,stop_touch,yes,1787060706,ema_cross_confirmed,21.8033,below_50%,sl,1787064866,125.55678571428572
2566,1787062515,2026-08-18T14:15:15+00:00,RATSUSDT,LONG,overheated_confirmed,5.093e-05,4.8480178571428576e-05,5.5829642857142854e-05,sl_first,1787068800,2026-08-18T16:00:00+00:00,-1.0,stop_touch,no,,,34.4133,below_50%,sl,1787078374,4.698e-05
2567,1787062739,2026-08-18T14:18:59+00:00,CHIPUSDT,SHORT,bb_squeeze,0.02711,0.028036534653465346,0.025256930693069307,sl_first,1787147100,2026-08-19T13:45:00+00:00,-1.0,stop_touch,no,,,15.0319,below_50%,sl,1787151653,0.02836
2568,1787062752,2026-08-18T14:19:12+00:00,MNTUSDT,SHORT,bb_squeeze,0.4367,0.43825940594059404,0.43358118811881186,tp_first,1787073300,2026-08-18T17:15:00+00:00,2.0,target_touch,no,,,2.6485,below_50%,tp,1787078374,0.4254
2569,1787063200,2026-08-18T14:26:40+00:00,VCXUSDT,SHORT,high_rejection_short,41.79,45.1332,35.10359999999999,unresolved,1787149800,2026-08-19T14:30:00+00:00,0.15254845656855634,window_close,no,,,31.7616,below_50%,open,,
2570,1787063407,2026-08-18T14:30:07+00:00,BLUAIUSDT,LONG,ema_cross_confirmed,0.01327,0.012338551724137932,0.015132896551724138,unresolved,1787150700,2026-08-19T14:45:00+00:00,-0.21471938397749205,window_close,no,,,6.9834,below_50%,open,,
2573,1787064029,2026-08-18T14:40:29+00:00,SOXSUSDT,LONG,overheated_24h,44.01,42.802499999999995,46.425,sl_first,1787143500,2026-08-19T12:45:00+00:00,-1.0,stop_touch,no,,,21.2679,below_50%,tp,1787151704,46.425
2578,1787064029,2026-08-18T14:40:29+00:00,SOXSUSDT,LONG,overheated_confirmed,44.01,44.01,44.01,ambiguous,1787064300,2026-08-18T14:45:00+00:00,nan,both_barriers_same_candle,no,,,21.2679,below_50%,ttl_expired,,
2575,1787064308,2026-08-18T14:45:08+00:00,HUSDT,SHORT,ema_cross_confirmed,0.10989,0.14200103448275864,0.04566793103448273,unresolved,1787151600,2026-08-19T15:00:00+00:00,0.4929769549623072,window_close,no,,,18.7609,below_50%,open,,
2576,1787064979,2026-08-18T14:56:19+00:00,GPSUSDT,SHORT,high_rejection_short,0.017603,0.018545285714285716,0.01571842857142857,sl_first,1787077800,2026-08-18T18:30:00+00:00,-1.0,stop_touch,no,,,21.4053,below_50%,tp,1787151653,0.011934
2582,1787079153,2026-08-18T18:52:33+00:00,CLOUSDT,LONG,overheated_24h,0.14693,0.14164464285714287,0.1575007142857143,sl_first,1787089500,2026-08-18T21:45:00+00:00,-1.0,stop_touch,no,,,32.0673,below_50%,sl,1787151653,0.12508
2587,1787079288,2026-08-18T18:54:48+00:00,ALPINEUSDT,LONG,overheated_24h,0.391,0.3798839285714286,0.4132321428571429,sl_first,1787087700,2026-08-18T21:15:00+00:00,-1.0,stop_touch,no,,,39.7011,below_50%,sl,1787151653,0.3262
2595,1787079439,2026-08-18T18:57:19+00:00,ACEUSDT,SHORT,pump_24h_fade,0.2229,0.24964799999999998,0.169404,sl_first,1787103000,2026-08-19T01:30:00+00:00,-1.0,stop_touch,no,,,61.5962,at_or_above_50%,sl,1787236755,0.2501
2596,1787081600,2026-08-18T19:33:20+00:00,LAUSDT,LONG,overheated_24h,0.05784,0.05530392857142857,0.06291214285714286,sl_first,1787112000,2026-08-19T04:00:00+00:00,-1.0,stop_touch,no,,,22.1543,below_50%,open,,
2602,1787152375,2026-08-19T15:12:55+00:00,BTWUSDT,LONG,overheated_24h,0.65909,0.5915626785714285,0.7941446428571428,sl_first,1787155200,2026-08-19T16:00:00+00:00,-1.0,stop_touch,no,,,106.7369,at_or_above_50%,sl,1787157528,0.556231
2607,1787152466,2026-08-19T15:14:26+00:00,MUBARAKUSDT,LONG,overheated_24h,0.02031,0.019114285714285716,0.022701428571428574,tp_first,1787154300,2026-08-19T15:45:00+00:00,2.0,target_touch,no,,,21.9394,below_50%,tp,1787153958,0.02319
2608,1787152480,2026-08-19T15:14:40+00:00,TREEUSDT,LONG,overheated_24h,0.04097,0.03973946428571428,0.04343107142857143,sl_first,1787154300,2026-08-19T15:45:00+00:00,-1.0,stop_touch,no,,,28.6632,below_50%,sl,1787153958,0.03973946428571428
2609,1787152561,2026-08-19T15:16:01+00:00,HEMIUSDT,LONG,overheated_24h,0.009377,0.008012053571428571,0.012106892857142858,unresolved,1787239800,2026-08-20T15:30:00+00:00,-0.2762013161165408,window_close,no,,,51.8005,at_or_above_50%,open,,
2610,1787152568,2026-08-19T15:16:08+00:00,STARUSDT,LONG,overheated_24h,0.14618,0.1308007142857143,0.17693857142857145,unresolved,1787239800,2026-08-20T15:30:00+00:00,-0.5162788537457623,window_close,no,,,52.8252,at_or_above_50%,open,,
2612,1787152597,2026-08-19T15:16:37+00:00,BTWUSDT,SHORT,pump_24h_fade,0.65909,0.7381808,0.5009083999999999,tp_first,1787158800,2026-08-19T17:00:00+00:00,2.0,target_touch,yes,1787152375,overheated_24h,104.0941,at_or_above_50%,tp,1787158273,0.495788
2613,1787152597,2026-08-19T15:16:37+00:00,HEMIUSDT,SHORT,pump_24h_fade,0.009377,0.01050224,0.00712652,unresolved,1787239800,2026-08-20T15:30:00+00:00,0.3350396359887675,window_close,yes,1787152561,overheated_24h,51.8005,at_or_above_50%,sl,1787290361,0.011004
2614,1787152868,2026-08-19T15:21:08+00:00,DOGSUSDT,LONG,bb_squeeze,3.512e-05,3.486920792079208e-05,3.562158415841584e-05,tp_first,1787153400,2026-08-19T15:30:00+00:00,2.0,target_touch,no,,,3.9451,below_50%,tp,1787153958,3.61e-05
2615,1787152870,2026-08-19T15:21:10+00:00,BNBUSDT,LONG,bb_squeeze,608.25,606.8084158415842,611.1331683168316,tp_first,1787153400,2026-08-19T15:30:00+00:00,2.0,target_touch,no,,,1.9048,below_50%,tp,1787152898,611.95
2616,1787152885,2026-08-19T15:21:25+00:00,BSVUSDT,LONG,bb_squeeze,14.83,14.713861386138614,15.062277227722772,tp_first,1787153400,2026-08-19T15:30:00+00:00,2.0,target_touch,no,,,5.3483,below_50%,tp,1787153958,15.26
2617,1787152890,2026-08-19T15:21:30+00:00,ZAMAUSDT,LONG,bb_squeeze,0.04293,0.04243663366336634,0.04391673267326733,tp_first,1787153400,2026-08-19T15:30:00+00:00,2.000000000000014,target_touch,no,,,6.1119,below_50%,tp,1787153958,0.04465
2618,1787152894,2026-08-19T15:21:34+00:00,CHILLGUYUSDT,LONG,bb_squeeze,0.01108,0.010938079207920792,0.011363841584158416,sl_first,1787160600,2026-08-19T17:30:00+00:00,-1.0,stop_touch,no,,,5.1695,below_50%,sl,1787160498,0.010938079207920792
2619,1787152931,2026-08-19T15:22:11+00:00,SANDUSDT,LONG,bb_squeeze,0.03957,0.03928891089108911,0.040132178217821786,tp_first,1787153400,2026-08-19T15:30:00+00:00,2.0,target_touch,no,,,4.9112,below_50%,tp,1787153958,0.04092
2620,1787152969,2026-08-19T15:22:49+00:00,BONKUSDT,LONG,bb_squeeze,2.344e-06,2.3265247524752474e-06,2.378950495049505e-06,tp_first,1787153400,2026-08-19T15:30:00+00:00,2.0,target_touch,no,,,3.9387,below_50%,tp,1787153958,2.436e-06
2621,1787152978,2026-08-19T15:22:58+00:00,GRAMUSDT,LONG,bb_squeeze,1.3337,1.3270049504950496,1.347090099009901,tp_first,1787153400,2026-08-19T15:30:00+00:00,2.0,target_touch,no,,,3.0992,below_50%,tp,1787153958,1.3472
2622,1787152995,2026-08-19T15:23:15+00:00,FETUSDT,LONG,bb_squeeze,0.1239,0.12273267326732673,0.1262346534653465,tp_first,1787153400,2026-08-19T15:30:00+00:00,1.999999999999988,target_touch,no,,,5.3467,below_50%,tp,1787153958,0.1278
2623,1787153022,2026-08-19T15:23:42+00:00,PEPEUSDT,LONG,bb_squeeze,2.649e-06,2.6311089108910893e-06,2.6847821782178218e-06,tp_first,1787153400,2026-08-19T15:30:00+00:00,2.0000000000000235,target_touch,no,,,4.8676,below_50%,tp,1787153958,2.738e-06
2624,1787153961,2026-08-19T15:39:21+00:00,BTWUSDT,LONG,overheated_confirmed,0.673017,0.6054896785714285,0.8080716428571428,sl_first,1787155200,2026-08-19T16:00:00+00:00,-1.0,stop_touch,yes,1787152597,pump_24h_fade,102.8749,at_or_above_50%,sl,1787157528,0.556231
2625,1787153963,2026-08-19T15:39:23+00:00,MUBARAKUSDT,LONG,overheated_confirmed,0.02235,0.021154285714285712,0.02474142857142857,tp_first,1787157900,2026-08-19T16:45:00+00:00,2.0,target_touch,no,,,35.3365,below_50%,tp,1787157551,0.02474142857142857
2718,1787157940,2026-08-19T16:45:40+00:00,STARUSDT,LONG,overheated_confirmed,0.13907,0.13907,0.13907,ambiguous,1787158800,2026-08-19T17:00:00+00:00,nan,both_barriers_same_candle,no,,,52.8252,at_or_above_50%,ttl_expired,,
2626,1787157973,2026-08-19T16:46:13+00:00,TREEUSDT,LONG,overheated_24h,0.04196,0.04018464285714285,0.045510714285714286,tp_first,1787161500,2026-08-19T17:45:00+00:00,1.999999999999996,target_touch,no,,,43.5913,below_50%,tp,1787161035,0.04568
2627,1787158015,2026-08-19T16:46:55+00:00,MUBARAKUSDT,LONG,overheated_24h,0.02475,0.023288035714285716,0.02767392857142857,sl_first,1787159700,2026-08-19T17:15:00+00:00,-1.0,stop_touch,no,,,51.2312,at_or_above_50%,sl,1787159634,0.023288035714285716
2628,1787158044,2026-08-19T16:47:24+00:00,BIOUSDT,LONG,overheated_24h,0.02894,0.028108571428571427,0.030602857142857143,sl_first,1787160600,2026-08-19T17:30:00+00:00,-1.0,stop_touch,no,,,21.1043,below_50%,sl,1787160300,0.02793
2720,1787158044,2026-08-19T16:47:24+00:00,BIOUSDT,LONG,overheated_confirmed,0.02894,0.02894,0.02894,sl_first,1787158800,2026-08-19T17:00:00+00:00,nan,stop_touch,no,,,21.1043,below_50%,ttl_expired,,
2629,1787158131,2026-08-19T16:48:51+00:00,REUSDT,LONG,overheated_24h,0.49719,0.474615,0.54234,tp_first,1787167800,2026-08-19T19:30:00+00:00,2.0,target_touch,no,,,30.0338,below_50%,tp,1787167393,0.54234
2630,1787158136,2026-08-19T16:48:56+00:00,GRVTUSDT,LONG,overheated_24h,0.332,0.3137642857142857,0.36847142857142856,sl_first,1787159700,2026-08-19T17:15:00+00:00,-1.0,stop_touch,no,,,20.9524,below_50%,sl,1787159349,0.3136
2721,1787158136,2026-08-19T16:48:56+00:00,GRVTUSDT,LONG,overheated_confirmed,0.332,0.332,0.332,sl_first,1787158800,2026-08-19T17:00:00+00:00,nan,stop_touch,no,,,20.9524,below_50%,ttl_expired,,
2631,1787158146,2026-08-19T16:49:06+00:00,REUSDT,LONG,overheated_confirmed,0.49972,0.477145,0.54487,tp_first,1787169600,2026-08-19T20:00:00+00:00,1.9999999999999976,target_touch,no,,,30.0338,below_50%,tp,1787169627,0.54487
2632,1787158192,2026-08-19T16:49:52+00:00,MUBARAKUSDT,SHORT,pump_24h_fade,0.02475,0.02772,0.01881,unresolved,1787245200,2026-08-20T17:00:00+00:00,1.8754208754208759,window_close,yes,1787158015,overheated_24h,51.2312,at_or_above_50%,tp,1787249649,0.01879
2722,1787158192,2026-08-19T16:49:52+00:00,MUBARAKUSDT,SHORT,pump_fade_confirmed,0.02475,0.02475,0.02475,ambiguous,1787158800,2026-08-19T17:00:00+00:00,nan,both_barriers_same_candle,yes,1787158015,overheated_24h,51.2312,at_or_above_50%,ttl_expired,,
2633,1787158518,2026-08-19T16:55:18+00:00,MEGAUSDT,LONG,bb_squeeze,0.03286,0.032528217821782175,0.033523564356435644,tp_first,1787158800,2026-08-19T17:00:00+00:00,1.9999999999999791,target_touch,no,,,8.5987,below_50%,tp,1787158544,0.0343
2634,1787158520,2026-08-19T16:55:20+00:00,RESOLVUSDT,LONG,bb_squeeze,0.01756,0.017410198019801978,0.01785960396039604,tp_first,1787173200,2026-08-19T21:00:00+00:00,1.999999999999977,target_touch,no,,,4.6976,below_50%,tp,1787172758,0.01787
2635,1787158521,2026-08-19T16:55:21+00:00,SCRUSDT,LONG,bb_squeeze,0.02023,0.020025049504950498,0.020639900990099012,tp_first,1787173200,2026-08-19T21:00:00+00:00,2.000000000000017,target_touch,no,,,5.7099,below_50%,tp,1787172666,0.020639900990099012
2636,1787158531,2026-08-19T16:55:31+00:00,ENSOUSDT,LONG,bb_squeeze,0.8188,0.8043990099009901,0.8476019801980198,tp_first,1787160600,2026-08-19T17:30:00+00:00,2.0000000000000075,target_touch,no,,,4.8269,below_50%,tp,1787160586,0.8504
2637,1787158543,2026-08-19T16:55:43+00:00,ORDIUSDT,LONG,bb_squeeze,3.475,3.4483663366336637,3.5282673267326734,tp_first,1787169600,2026-08-19T20:00:00+00:00,2.000000000000017,target_touch,no,,,5.2789,below_50%,tp,1787169199,3.533
2638,1787158570,2026-08-19T16:56:10+00:00,COOKIEUSDT,LONG,bb_squeeze,0.01109,0.010903762376237624,0.011462475247524752,tp_first,1787174100,2026-08-19T21:15:00+00:00,2.0000000000000093,target_touch,no,,,9.6618,below_50%,tp,1787173724,0.01147
2639,1787158592,2026-08-19T16:56:32+00:00,TRXUSDT,LONG,bb_squeeze,0.33332,0.33273237623762375,0.33449524752475246,sl_first,1787160600,2026-08-19T17:30:00+00:00,-1.0,stop_touch,no,,,1.0252,below_50%,sl,1787160447,0.33267
2640,1787158596,2026-08-19T16:56:36+00:00,XMRUSDT,LONG,bb_squeeze,418.49,415.68277227722774,424.10445544554455,sl_first,1787159700,2026-08-19T17:15:00+00:00,-1.0,stop_touch,no,,,2.8278,below_50%,sl,1787159582,415.68277227722774
2641,1787158648,2026-08-19T16:57:28+00:00,ATOMUSDT,LONG,bb_squeeze,1.427,1.4165148514851484,1.447970297029703,tp_first,1787166900,2026-08-19T19:15:00+00:00,1.999999999999979,target_touch,no,,,4.2355,below_50%,tp,1787167191,1.459
2642,1787158667,2026-08-19T16:57:47+00:00,CCUSDT,LONG,bb_squeeze,0.09214,0.09131673267326733,0.09378653465346534,tp_first,1787158800,2026-08-19T17:00:00+00:00,2.0,target_touch,no,,,4.901,below_50%,tp,1787158700,0.09429
2643,1787158677,2026-08-19T16:57:57+00:00,ICPUSDT,LONG,bb_squeeze,2.241,2.2229207920792082,2.2771584158415843,sl_first,1787164200,2026-08-19T18:30:00+00:00,-1.0,stop_touch,no,,,5.6918,below_50%,sl,1787163998,2.2229207920792082
2644,1787158697,2026-08-19T16:58:17+00:00,HMSTRUSDT,LONG,bb_squeeze,0.0001763,0.00017495940594059405,0.00017898118811881188,tp_first,1787174100,2026-08-19T21:15:00+00:00,1.9999999999999798,target_touch,no,,,4.096,below_50%,tp,1787173662,0.00017898118811881188
2645,1787158699,2026-08-19T16:58:19+00:00,SAGAUSDT,LONG,bb_squeeze,0.01339,0.01326950495049505,0.013630990099009902,tp_first,1787173200,2026-08-19T21:00:00+00:00,2.0,target_touch,no,,,4.2879,below_50%,tp,1787172697,0.01364
2646,1787158718,2026-08-19T16:58:38+00:00,INUSDT,LONG,bb_squeeze,0.03165,0.031369801980198016,0.032210396039603954,sl_first,1787160600,2026-08-19T17:30:00+00:00,-1.0,stop_touch,no,,,5.1543,below_50%,sl,1787160119,0.03136
2647,1787158734,2026-08-19T16:58:54+00:00,VANAUSDT,LONG,bb_squeeze,0.88,0.8742970297029703,0.8914059405940594,tp_first,1787173200,2026-08-19T21:00:00+00:00,2.0,target_touch,no,,,4.8349,below_50%,tp,1787172697,0.895
2648,1787158740,2026-08-19T16:59:00+00:00,STORJUSDT,LONG,bb_squeeze,0.04075,0.040311980198019806,0.0416260396039604,tp_first,1787173200,2026-08-19T21:00:00+00:00,2.000000000000016,target_touch,no,,,4.6512,below_50%,tp,1787172758,0.04168
2649,1787158750,2026-08-19T16:59:10+00:00,PIUSDT,LONG,bb_squeeze,0.0879,0.08734752475247526,0.08900495049504951,sl_first,1787168700,2026-08-19T19:45:00+00:00,-1.0,stop_touch,no,,,2.7875,below_50%,sl,1787168291,0.08734752475247526
2650,1787158751,2026-08-19T16:59:11+00:00,SYRUPUSDT,LONG,bb_squeeze,0.16617,0.16434435643564357,0.1698212871287129,sl_first,1787160600,2026-08-19T17:30:00+00:00,-1.0,stop_touch,no,,,7.2176,below_50%,sl,1787159760,0.16417
2651,1787158757,2026-08-19T16:59:17+00:00,GIGGLEUSDT,LONG,bb_squeeze,33.8,33.23762376237624,34.92475247524752,tp_first,1787166000,2026-08-19T19:00:00+00:00,2.0000000000000124,target_touch,no,,,6.7707,below_50%,sl,1787208926,33.22
2652,1787158768,2026-08-19T16:59:28+00:00,DIAUSDT,LONG,bb_squeeze,0.1303,0.1279089108910891,0.13508217821782179,sl_first,1787163300,2026-08-19T18:15:00+00:00,-1.0,stop_touch,no,,,5.3344,below_50%,sl,1787162476,0.1279089108910891
2653,1787158792,2026-08-19T16:59:52+00:00,BBUSDT,LONG,bb_squeeze,0.0113,0.01114089108910891,0.011618217821782177,tp_first,1787174100,2026-08-19T21:15:00+00:00,1.9999999999999891,target_touch,no,,,8.6916,below_50%,tp,1787173724,0.011618217821782177
2654,1787158798,2026-08-19T16:59:58+00:00,RIFUSDT,LONG,bb_squeeze,0.07414,0.07313059405940595,0.07615881188118812,tp_first,1787158800,2026-08-19T17:00:00+00:00,2.0000000000000138,target_touch,no,,,7.8706,below_50%,tp,1787158827,0.07616
2655,1787158802,2026-08-19T17:00:02+00:00,AEROUSDT,LONG,ema_cross,0.4226,0.41750344827586205,0.4327931034482758,sl_first,1787161500,2026-08-19T17:45:00+00:00,-1.0,stop_touch,no,,,7.758,below_50%,sl,1787160675,0.4175
2724,1787158803,2026-08-19T17:00:03+00:00,AEROUSDT,LONG,ema_cross_confirmed,0.4226,0.4226,0.4226,sl_first,1787159700,2026-08-19T17:15:00+00:00,nan,stop_touch,no,,,7.758,below_50%,ttl_expired,,
2656,1787158815,2026-08-19T17:00:15+00:00,RESOLVUSDT,LONG,ema_cross,0.01759,0.017245172413793104,0.018279655172413794,tp_first,1787238900,2026-08-20T15:15:00+00:00,1.99999999999999,target_touch,no,,,4.6976,below_50%,tp,1787238309,0.01832
2725,1787158815,2026-08-19T17:00:15+00:00,RESOLVUSDT,LONG,ema_cross_confirmed,0.01759,0.01759,0.01759,tp_first,1787159700,2026-08-19T17:15:00+00:00,nan,target_touch,no,,,4.6976,below_50%,ttl_expired,,
2657,1787158834,2026-08-19T17:00:34+00:00,AXTIUSDT,SHORT,ema_cross,76.37,79.60896551724139,69.89206896551725,tp_first,1787233500,2026-08-20T13:45:00+00:00,1.9999999999999956,target_touch,no,,,21.3523,below_50%,tp,1787232944,69.89206896551725
2726,1787158834,2026-08-19T17:00:34+00:00,AXTIUSDT,SHORT,ema_cross_confirmed,76.37,76.37,76.37,tp_first,1787159700,2026-08-19T17:15:00+00:00,nan,target_touch,no,,,21.3523,below_50%,ttl_expired,,
2658,1787159700,2026-08-19T17:15:00+00:00,MUBARAKUSDT,LONG,overheated_24h,0.02344,0.021978035714285714,0.02636392857142857,sl_first,1787160600,2026-08-19T17:30:00+00:00,-1.0,stop_touch,yes,1787158192,pump_24h_fade,51.4114,at_or_above_50%,sl,1787160557,0.021978035714285714
2777,1787159700,2026-08-19T17:15:00+00:00,MUBARAKUSDT,LONG,overheated_confirmed,0.02344,0.02344,0.02344,ambiguous,1787160600,2026-08-19T17:30:00+00:00,nan,both_barriers_same_candle,yes,1787158192,pump_24h_fade,51.4114,at_or_above_50%,ttl_expired,,
2659,1787160005,2026-08-19T17:20:05+00:00,BOMEUSDT,LONG,overheated_24h,0.0008842,0.0008306928571428572,0.0009912142857142856,tp_first,1787209200,2026-08-20T07:00:00+00:00,1.999999999999998,target_touch,no,,,19.7639,below_50%,tp,1787208357,0.0009936
2660,1787161104,2026-08-19T17:38:24+00:00,TREEUSDT,LONG,overheated_24h,0.04163,0.03985464285714285,0.04518071428571429,tp_first,1787161500,2026-08-19T17:45:00+00:00,1.999999999999996,target_touch,no,,,43.5913,below_50%,tp,1787161176,0.04673
2661,1787161534,2026-08-19T17:45:34+00:00,TREEUSDT,LONG,overheated_24h,0.04667,0.044894642857142855,0.05022071428571429,sl_first,1787162400,2026-08-19T18:00:00+00:00,-1.0,stop_touch,no,,,46.4668,below_50%,sl,1787162116,0.044894642857142855
2662,1787161548,2026-08-19T17:45:48+00:00,TREEUSDT,LONG,overheated_confirmed,0.04724,0.04546464285714285,0.05079071428571429,sl_first,1787162400,2026-08-19T18:00:00+00:00,-1.0,stop_touch,no,,,46.4668,below_50%,sl,1787161877,0.04546464285714285
2663,1787162172,2026-08-19T17:56:12+00:00,TREEUSDT,LONG,overheated_24h,0.0456,0.043824642857142854,0.04915071428571429,sl_first,1787164200,2026-08-19T18:30:00+00:00,-1.0,stop_touch,no,,,46.4668,below_50%,sl,1787163938,0.043824642857142854
2664,1787162196,2026-08-19T17:56:36+00:00,TREEUSDT,LONG,overheated_confirmed,0.04724,0.04546464285714285,0.05079071428571429,sl_first,1787162400,2026-08-19T18:00:00+00:00,-1.0,stop_touch,no,,,46.4668,below_50%,sl,1787162236,0.045
2665,1787162378,2026-08-19T17:59:38+00:00,TREEUSDT,SHORT,pump_24h_fade,0.0456,0.051072,0.034656,unresolved,1787248800,2026-08-20T18:00:00+00:00,1.7379385964912297,window_close,yes,1787162196,overheated_confirmed,46.4668,below_50%,open,,
2666,1787162432,2026-08-19T18:00:32+00:00,TREEUSDT,SHORT,pump_fade_confirmed,0.04618,0.0517216,0.0350968,unresolved,1787249700,2026-08-20T18:15:00+00:00,1.882127905298109,window_close,yes,1787162196,overheated_confirmed,46.4668,below_50%,open,,
2667,1787163034,2026-08-19T18:10:34+00:00,HEMIUSDT,LONG,overheated_early,0.009034,0.007604339285714286,0.011893321428571428,unresolved,1787249700,2026-08-20T18:15:00+00:00,-0.14758746455827512,window_close,no,,,49.2871,below_50%,open,,
2668,1787163066,2026-08-19T18:11:06+00:00,DOSUSDT,LONG,overheated_early,0.2738,0.25256964285714284,0.3162607142857143,sl_first,1787175000,2026-08-19T21:30:00+00:00,-1.0,stop_touch,no,,,22.1583,below_50%,sl,1787207222,0.2389
2669,1787163079,2026-08-19T18:11:19+00:00,MVLLUSDT,LONG,overheated_early,29.82,27.83517857142857,33.78964285714286,unresolved,1787249700,2026-08-20T18:15:00+00:00,1.597121007647324,window_close,no,,,37.397,below_50%,tp,1787253813,33.84
2670,1787163117,2026-08-19T18:11:57+00:00,牛来USDT,LONG,overheated_early,0.0399,0.0389025,0.041895,sl_first,1787165100,2026-08-19T18:45:00+00:00,-1.0,stop_touch,no,,,44.0312,below_50%,sl,1787169291,0.03888
2671,1787163200,2026-08-19T18:13:20+00:00,BRUSDT,LONG,overheated_early,0.22981,0.20537928571428568,0.27867142857142857,unresolved,1787249700,2026-08-20T18:15:00+00:00,-0.17723591497821703,window_close,no,,,24.139,below_50%,open,,
2672,1787163216,2026-08-19T18:13:36+00:00,STARUSDT,LONG,overheated_early,0.13844,0.12231660714285715,0.17068678571428572,unresolved,1787249700,2026-08-20T18:15:00+00:00,-0.327474499119514,window_close,no,,,52.8252,at_or_above_50%,open,,
2673,1787163264,2026-08-19T18:14:24+00:00,MAGMAUSDT,LONG,overheated_24h,0.19632,0.18729482142857143,0.21437035714285713,tp_first,1787170500,2026-08-19T20:15:00+00:00,2.0,target_touch,no,,,19.2228,below_50%,tp,1787172043,0.21526
2674,1787163339,2026-08-19T18:15:39+00:00,MAGMAUSDT,LONG,overheated_confirmed,0.19852,0.18949482142857144,0.21657035714285713,tp_first,1787170500,2026-08-19T20:15:00+00:00,2.0,target_touch,no,,,21.3275,below_50%,tp,1787172097,0.21657035714285713
2675,1787164032,2026-08-19T18:27:12+00:00,TREEUSDT,LONG,overheated_24h,0.0445,0.04272464285714285,0.04805071428571429,sl_first,1787164200,2026-08-19T18:30:00+00:00,-1.0,stop_touch,yes,1787162432,pump_fade_confirmed,46.4668,below_50%,sl,1787166269,0.04272464285714285
2676,1787167198,2026-08-19T19:19:58+00:00,AEROUSDT,LONG,ema_cross_confirmed,0.4198,0.4121551724137931,0.43508965517241377,tp_first,1787173200,2026-08-19T21:00:00+00:00,2.0,target_touch,no,,,7.758,below_50%,tp,1787172758,0.43508965517241377
2677,1787167534,2026-08-19T19:25:34+00:00,HYPEUSDT,LONG,overheated_24h,69.167,67.81030357142858,71.88039285714285,ambiguous,1787167800,2026-08-19T19:30:00+00:00,nan,both_barriers_same_candle,no,,,17.0446,below_50%,tp,1787207222,71.934
2678,1787167675,2026-08-19T19:27:55+00:00,ACUUSDT,LONG,overheated_24h,0.14292,0.12960642857142857,0.16954714285714284,sl_first,1787219100,2026-08-20T09:45:00+00:00,-1.0,stop_touch,no,,,24.127,below_50%,sl,1787218881,0.12921
2679,1787167754,2026-08-19T19:29:14+00:00,REUSDT,LONG,overheated_24h,0.53826,0.515685,0.58341,sl_first,1787171400,2026-08-19T20:30:00+00:00,-1.0,stop_touch,no,,,35.7547,below_50%,sl,1787207509,0.515685
2680,1787167776,2026-08-19T19:29:36+00:00,TREEUSDT,LONG,overheated_early,0.04188,0.04010464285714285,0.04543071428571429,sl_first,1787175900,2026-08-19T21:45:00+00:00,-1.0,stop_touch,no,,,46.4668,below_50%,sl,1787207222,0.03781
2681,1787167871,2026-08-19T19:31:11+00:00,REUSDT,SHORT,pump_24h_fade,0.53826,0.6028511999999999,0.4090776,unresolved,1787255100,2026-08-20T19:45:00+00:00,0.36816160715391455,window_close,yes,1787167754,overheated_24h,40.4511,below_50%,open,,
2683,1787168514,2026-08-19T19:41:54+00:00,LUNCUSDT,LONG,ema_cross,4.914e-05,4.8477931034482756e-05,5.0464137931034483e-05,tp_first,1787173200,2026-08-19T21:00:00+00:00,1.9999999999999898,target_touch,no,,,5.359,below_50%,tp,1787173177,5.0464137931034483e-05
2684,1787168517,2026-08-19T19:41:57+00:00,DASHUSDT,LONG,ema_cross,30.8,30.453793103448277,31.49241379310345,tp_first,1787173200,2026-08-19T21:00:00+00:00,2.0,target_touch,no,,,5.7432,below_50%,tp,1787172814,31.49241379310345
2685,1787168530,2026-08-19T19:42:10+00:00,GDXUSDT,LONG,ema_cross,96.72,95.18068965517242,99.79862068965517,sl_first,1787228100,2026-08-20T12:15:00+00:00,-1.0,stop_touch,no,,,10.2257,below_50%,sl,1787227497,95.18068965517242
2686,1787168532,2026-08-19T19:42:12+00:00,TRUMPUSDT,LONG,ema_cross,1.453,1.4323103448275862,1.4943793103448277,tp_first,1787169600,2026-08-19T20:00:00+00:00,2.0,target_touch,no,,,5.6916,below_50%,tp,1787169261,1.4943793103448277
2687,1787168537,2026-08-19T19:42:17+00:00,JUPUSDT,LONG,ema_cross,0.1778,0.17567241379310347,0.18205517241379313,tp_first,1787174100,2026-08-19T21:15:00+00:00,2.000000000000013,target_touch,no,,,7.5483,below_50%,tp,1787173662,0.1823
2688,1787168542,2026-08-19T19:42:22+00:00,VETUSDT,LONG,ema_cross,0.004687,0.004638241379310345,0.00478451724137931,tp_first,1787174100,2026-08-19T21:15:00+00:00,1.9999999999999822,target_touch,no,,,9.408,below_50%,tp,1787173414,0.004794
2689,1787168558,2026-08-19T19:42:38+00:00,TRBUSDT,LONG,ema_cross,13.68,13.525862068965518,13.988275862068965,tp_first,1787174100,2026-08-19T21:15:00+00:00,2.0000000000000115,target_touch,no,,,6.0957,below_50%,tp,1787173540,13.988275862068965
2690,1787168563,2026-08-19T19:42:43+00:00,AMATUSDT,SHORT,ema_cross,495.4,502.64827586206894,480.90344827586205,sl_first,1787185800,2026-08-20T00:30:00+00:00,-1.0,stop_touch,no,,,6.8944,below_50%,sl,1787207697,502.9
2691,1787168577,2026-08-19T19:42:57+00:00,ONDOUSDT,LONG,ema_cross,0.3385,0.3327931034482759,0.3499137931034483,tp_first,1787174100,2026-08-19T21:15:00+00:00,2.0,target_touch,no,,,8.797,below_50%,tp,1787173504,0.3499137931034483
2692,1787168586,2026-08-19T19:43:06+00:00,GDXUSDT,LONG,ema_cross_confirmed,96.61,94.30103448275862,101.22793103448275,unresolved,1787255100,2026-08-20T19:45:00+00:00,1.2776284348865026,window_close,no,,,10.2257,below_50%,tp,1787299322,101.26
2693,1787168587,2026-08-19T19:43:07+00:00,TRUMPUSDT,LONG,ema_cross_confirmed,1.455,1.4239655172413794,1.5170689655172414,tp_first,1787170500,2026-08-19T20:15:00+00:00,2.0,target_touch,no,,,5.6916,below_50%,tp,1787172043,1.539
2694,1787168590,2026-08-19T19:43:10+00:00,GRVTUSDT,LONG,ema_cross,0.3124,0.2999,0.3374,sl_first,1787171400,2026-08-19T20:30:00+00:00,-1.0,stop_touch,no,,,20.7394,below_50%,sl,1787207222,0.2951
2695,1787168590,2026-08-19T19:43:10+00:00,AMATUSDT,SHORT,ema_cross_confirmed,495.1,509.59655172413795,466.10689655172416,unresolved,1787255100,2026-08-20T19:45:00+00:00,0.0827783063748842,window_close,no,,,6.8944,below_50%,open,,
2696,1787168596,2026-08-19T19:43:16+00:00,COINXUSDT,LONG,ema_cross,157.88,156.12724137931033,161.38551724137932,tp_first,1787170500,2026-08-19T20:15:00+00:00,2.0,target_touch,no,,,13.5454,below_50%,tp,1787172043,161.59
2697,1787168612,2026-08-19T19:43:32+00:00,MSTRXUSDT,LONG,ema_cross,103.4,101.86172413793103,106.47655172413793,tp_first,1787173200,2026-08-19T21:00:00+00:00,1.9999999999999907,target_touch,no,,,15.9209,below_50%,tp,1787172697,106.47655172413793
2698,1787168635,2026-08-19T19:43:55+00:00,TIAUSDT,LONG,ema_cross,0.3208,0.3155034482758621,0.3313931034482758,tp_first,1787174100,2026-08-19T21:15:00+00:00,2.0000000000000107,target_touch,no,,,8.353,below_50%,tp,1787173962,0.3313931034482758
2699,1787168653,2026-08-19T19:44:13+00:00,TIAUSDT,LONG,ema_cross_confirmed,0.3211,0.3131551724137931,0.3369896551724138,tp_first,1787177700,2026-08-19T22:15:00+00:00,2.0,target_touch,no,,,8.353,below_50%,tp,1787235008,0.3369896551724138
2700,1787168653,2026-08-19T19:44:13+00:00,KSMUSDT,LONG,ema_cross,2.95,2.914034482758621,3.021931034482759,tp_first,1787173200,2026-08-19T21:00:00+00:00,2.0000000000000124,target_touch,no,,,5.6101,below_50%,tp,1787172758,3.028
2701,1787168659,2026-08-19T19:44:19+00:00,TSTBSCUSDT,LONG,ema_cross,0.015106,0.014368965517241379,0.016580068965517242,unresolved,1787255100,2026-08-20T19:45:00+00:00,-0.3174885374754373,window_close,no,,,16.5473,below_50%,open,,
2702,1787168678,2026-08-19T19:44:38+00:00,CRCLXUSDT,LONG,ema_cross,77.53,76.27586206896552,80.03827586206896,tp_first,1787173200,2026-08-19T21:00:00+00:00,2.0,target_touch,no,,,15.6589,below_50%,tp,1787172697,80.03827586206896
2703,1787168693,2026-08-19T19:44:53+00:00,XLMUSDT,LONG,ema_cross,0.16523,0.16312827586206896,0.16943344827586207,tp_first,1787173200,2026-08-19T21:00:00+00:00,2.0000000000000133,target_touch,no,,,9.5526,below_50%,tp,1787172814,0.16943344827586207
2704,1787168714,2026-08-19T19:45:14+00:00,KSMUSDT,LONG,ema_cross_confirmed,2.957,2.903051724137931,3.0648965517241376,tp_first,1787174100,2026-08-19T21:15:00+00:00,2.0,target_touch,no,,,5.6101,below_50%,tp,1787173600,3.071
2705,1787168726,2026-08-19T19:45:26+00:00,TREEUSDT,LONG,ema_cross,0.04188,0.040724482758620686,0.04419103448275862,sl_first,1787175900,2026-08-19T21:45:00+00:00,-1.0,stop_touch,no,,,46.4668,below_50%,sl,1787207222,0.03781
2706,1787168735,2026-08-19T19:45:35+00:00,ZKUSDT,LONG,ema_cross,0.00796,0.007808275862068966,0.008263448275862069,tp_first,1787173200,2026-08-19T21:00:00+00:00,2.0,target_touch,no,,,8.2432,below_50%,tp,1787173235,0.00827
2707,1787168736,2026-08-19T19:45:36+00:00,ALGOUSDT,LONG,ema_cross,0.08071,0.07970862068965517,0.08271275862068966,tp_first,1787175000,2026-08-19T21:30:00+00:00,2.0,target_touch,no,,,6.1789,below_50%,tp,1787207222,0.0841
2708,1787168744,2026-08-19T19:45:44+00:00,ADBEUSDT,LONG,ema_cross,273.5,270.0289655172414,280.44206896551725,sl_first,1787236200,2026-08-20T14:30:00+00:00,-1.0,stop_touch,no,,,6.575,below_50%,sl,1787235853,270.0289655172414
2709,1787168759,2026-08-19T19:45:59+00:00,TRIAUSDT,SHORT,ema_cross,0.00762,0.00799448275862069,0.006871034482758621,sl_first,1787193900,2026-08-20T02:45:00+00:00,-1.0,stop_touch,no,,,49.2476,below_50%,open,,
2710,1787168781,2026-08-19T19:46:21+00:00,FARTCOINUSDT,LONG,ema_cross,0.1523,0.14864310344827586,0.15961379310344825,tp_first,1787175000,2026-08-19T21:30:00+00:00,2.0,target_touch,no,,,10.4289,below_50%,tp,1787238249,0.16028
2711,1787168837,2026-08-19T19:47:17+00:00,DOSUSDT,SHORT,high_rejection_short,0.266,0.2768857142857143,0.24422857142857146,tp_first,1787190300,2026-08-20T01:45:00+00:00,2.0,target_touch,no,,,23.1314,below_50%,tp,1787207222,0.2389
2712,1787168927,2026-08-19T19:48:47+00:00,SOPHUSDT,LONG,range_breakout_long,0.003513,0.00324225,0.004054500000000001,unresolved,1787256000,2026-08-20T20:00:00+00:00,0.07017543859649089,window_close,no,,,7.4809,below_50%,open,,
2713,1787169603,2026-08-19T20:00:03+00:00,RESOLVUSDT,LONG,ema_cross_confirmed,0.01768,0.017162758620689656,0.01871448275862069,unresolved,1787256900,2026-08-20T20:15:00+00:00,0.7539999999999956,window_close,no,,,4.6976,below_50%,tp,1787302213,0.01876
2714,1787169619,2026-08-19T20:00:19+00:00,MSTRXUSDT,LONG,ema_cross_confirmed,104.19,101.88258620689655,108.8048275862069,tp_first,1787175000,2026-08-19T21:30:00+00:00,2.0,target_touch,no,,,15.9209,below_50%,tp,1787208748,108.8048275862069
2715,1787172057,2026-08-19T20:40:57+00:00,ZKUSDT,LONG,ema_cross_confirmed,0.00806,0.007832413793103447,0.008515172413793104,tp_first,1787226300,2026-08-20T11:45:00+00:00,2.0,target_touch,no,,,9.1892,below_50%,tp,1787225876,0.008515172413793104
2716,1787172331,2026-08-19T20:45:31+00:00,MAGMAUSDT,LONG,overheated_confirmed,0.21727,0.20661303571428571,0.23858392857142854,tp_first,1787185800,2026-08-20T00:30:00+00:00,2.0,target_touch,no,,,33.4675,below_50%,tp,1787215885,0.23858392857142854
2717,1787172354,2026-08-19T20:45:54+00:00,TRUMPUSDT,LONG,ema_cross_confirmed,1.545,1.5139655172413793,1.591551724137931,tp_first,1787174100,2026-08-19T21:15:00+00:00,1.5,target_touch,no,,,11.5994,below_50%,tp,1787173324,1.597
2719,1787172448,2026-08-19T20:47:28+00:00,SKYAIUSDT,LONG,overheated_24h,0.06818,0.06022571428571429,0.08408857142857143,unresolved,1787259600,2026-08-20T21:00:00+00:00,1.0887212643678166,window_close,no,,,37.2801,below_50%,open,,
2723,1787172653,2026-08-19T20:50:53+00:00,MAGMAUSDT,LONG,overheated_24h,0.21805,0.20739303571428572,0.23936392857142857,tp_first,1787185800,2026-08-20T00:30:00+00:00,2.0000000000000027,target_touch,no,,,33.4675,below_50%,tp,1787215885,0.23936392857142857
2727,1787173238,2026-08-19T21:00:38+00:00,BOMEUSDT,LONG,overheated_confirmed,0.0008983,0.0008453339285714286,0.0010042321428571426,tp_first,1787209200,2026-08-20T07:00:00+00:00,1.999999999999998,target_touch,no,,,21.9106,below_50%,tp,1787208539,0.0010056
2728,1787173242,2026-08-19T21:00:42+00:00,LUNCUSDT,LONG,ema_cross_confirmed,5.008e-05,4.908689655172414e-05,5.206620689655172e-05,tp_first,1787240700,2026-08-20T15:45:00+00:00,2.0,target_touch,no,,,7.1807,below_50%,tp,1787239986,5.206620689655172e-05
2729,1787173243,2026-08-19T21:00:43+00:00,DASHUSDT,LONG,ema_cross_confirmed,31.34,30.820689655172416,32.378620689655165,tp_first,1787214600,2026-08-20T08:30:00+00:00,1.9999999999999931,target_touch,no,,,6.4189,below_50%,tp,1787213901,32.378620689655165
2730,1787173245,2026-08-19T21:00:45+00:00,JUPUSDT,LONG,ema_cross_confirmed,0.1798,0.17660862068965516,0.18618275862068964,tp_first,1787213700,2026-08-20T08:15:00+00:00,2.0,target_touch,no,,,8.6353,below_50%,tp,1787213297,0.18618275862068964
2731,1787173246,2026-08-19T21:00:46+00:00,VETUSDT,LONG,ema_cross_confirmed,0.00477,0.004696862068965517,0.004916275862068966,tp_first,1787216400,2026-08-20T09:00:00+00:00,2.0,target_touch,no,,,9.6145,below_50%,tp,1787216123,0.004927
2732,1787173247,2026-08-19T21:00:47+00:00,龙虾USDT,LONG,ema_cross_confirmed,0.02081,0.018967793103448274,0.024494413793103447,unresolved,1787260500,2026-08-20T21:15:00+00:00,1.7761305780173706,window_close,no,,,20.1916,below_50%,open,,
2733,1787173249,2026-08-19T21:00:49+00:00,TRBUSDT,LONG,ema_cross_confirmed,13.91,13.678793103448276,14.372413793103448,tp_first,1787216400,2026-08-20T09:00:00+00:00,2.0,target_touch,no,,,7.716,below_50%,tp,1787216183,14.372413793103448
2734,1787173250,2026-08-19T21:00:50+00:00,ONDOUSDT,LONG,ema_cross_confirmed,0.3475,0.33893965517241376,0.3646206896551724,unresolved,1787260500,2026-08-20T21:15:00+00:00,0.2453172205438117,window_close,no,,,8.797,below_50%,tp,1787291583,0.3649
2735,1787173256,2026-08-19T21:00:56+00:00,XLMUSDT,LONG,ema_cross_confirmed,0.16834,0.16518741379310345,0.17464517241379307,tp_first,1787215500,2026-08-20T08:45:00+00:00,2.0,target_touch,no,,,10.3796,below_50%,tp,1787215221,0.17478
2736,1787173259,2026-08-19T21:00:59+00:00,ALGOUSDT,LONG,ema_cross_confirmed,0.0816,0.08009793103448276,0.0846041379310345,tp_first,1787213700,2026-08-20T08:15:00+00:00,2.0,target_touch,no,,,6.1789,below_50%,tp,1787213570,0.08475
2737,1787173261,2026-08-19T21:01:01+00:00,FARTCOINUSDT,LONG,ema_cross_confirmed,0.15388,0.1483946551724138,0.16485068965517238,sl_first,1787194800,2026-08-20T03:00:00+00:00,-1.0,stop_touch,no,,,11.2298,below_50%,tp,1787244452,0.16488
2738,1787173427,2026-08-19T21:03:47+00:00,TAIKOUSDT,LONG,ema_cross,0.0733,0.07213793103448277,0.07562413793103448,unresolved,1787260500,2026-08-20T21:15:00+00:00,0.17210682492580953,window_close,no,,,7.402,below_50%,tp,1787301972,0.0757
2739,1787173436,2026-08-19T21:03:56+00:00,PRLUSDT,SHORT,ema_cross,0.32226,0.3549958620689655,0.256788275862069,tp_first,1787258700,2026-08-20T20:45:00+00:00,2.0,target_touch,no,,,57.0358,at_or_above_50%,tp,1787258586,0.256788275862069
2740,1787173437,2026-08-19T21:03:57+00:00,BNBUSDT,LONG,ema_cross,618.3,614.8913793103447,625.1172413793103,tp_first,1787174100,2026-08-19T21:15:00+00:00,1.9999999999999667,target_touch,no,,,3.843,below_50%,tp,1787173504,625.1172413793103
2741,1787173457,2026-08-19T21:04:17+00:00,RAYUSDT,LONG,ema_cross,0.6393,0.6332379310344828,0.6514241379310345,tp_first,1787174100,2026-08-19T21:15:00+00:00,2.000000000000018,target_touch,no,,,6.5402,below_50%,tp,1787173662,0.654
2742,1787173469,2026-08-19T21:04:29+00:00,HIMSUSDT,LONG,ema_cross,31.071,30.580689655172414,32.051620689655174,sl_first,1787184900,2026-08-20T00:15:00+00:00,-1.0,stop_touch,no,,,15.3051,below_50%,sl,1787214291,30.456
2743,1787173480,2026-08-19T21:04:40+00:00,MNTUSDT,LONG,ema_cross,0.4549,0.44944137931034484,0.46581724137931035,tp_first,1787181300,2026-08-19T23:15:00+00:00,1.9999999999999898,target_touch,no,,,7.9511,below_50%,tp,1787207222,0.4843
2744,1787173485,2026-08-19T21:04:45+00:00,KASUSDT,LONG,ema_cross,0.02648,0.02608758620689655,0.027264827586206897,tp_first,1787214600,2026-08-20T08:30:00+00:00,2.0,target_touch,no,,,6.7384,below_50%,tp,1787213901,0.027264827586206897
2745,1787173488,2026-08-19T21:04:48+00:00,PYTHUSDT,LONG,ema_cross,0.04126,0.04049137931034483,0.04279724137931035,tp_first,1787192100,2026-08-20T02:15:00+00:00,2.000000000000009,target_touch,no,,,10.1708,below_50%,tp,1787209135,0.0428
2746,1787173495,2026-08-19T21:04:55+00:00,IBMUSDT,LONG,ema_cross,236.95,235.39,240.07,sl_first,1787229000,2026-08-20T12:30:00+00:00,-1.0,stop_touch,no,,,3.2859,below_50%,sl,1787228244,235.39
2747,1787173498,2026-08-19T21:04:58+00:00,TAIKOUSDT,LONG,ema_cross_confirmed,0.0737,0.07195689655172414,0.07718620689655172,unresolved,1787260500,2026-08-20T21:15:00+00:00,-0.11473788328388099,window_close,no,,,7.402,below_50%,tp,1787309338,0.0772
2748,1787173500,2026-08-19T21:05:00+00:00,BNBUSDT,LONG,ema_cross_confirmed,623.75,618.6370689655173,633.9758620689654,tp_first,1787175900,2026-08-19T21:45:00+00:00,2.0,target_touch,no,,,3.843,below_50%,tp,1787213421,634.9
2749,1787173533,2026-08-19T21:05:33+00:00,REUSDT,LONG,ema_cross,0.52357,0.5060413793103448,0.5586272413793103,sl_first,1787179500,2026-08-19T22:45:00+00:00,-1.0,stop_touch,no,,,40.7065,below_50%,tp,1787213510,0.56372
2750,1787173551,2026-08-19T21:05:51+00:00,UBERUSDT,LONG,ema_cross,78.04,77.03103448275863,80.05793103448276,tp_first,1787233500,2026-08-20T13:45:00+00:00,2.0,target_touch,no,,,8.0468,below_50%,tp,1787232767,80.05793103448276
2751,1787173552,2026-08-19T21:05:52+00:00,XANUSDT,LONG,ema_cross,0.010965,0.010652172413793104,0.011590655172413793,unresolved,1787260500,2026-08-20T21:15:00+00:00,0.12147266313932906,window_close,no,,,8.3521,below_50%,open,,
2752,1787173562,2026-08-19T21:06:02+00:00,MNTUSDT,LONG,ema_cross_confirmed,0.4584,0.45021206896551724,0.47477586206896544,tp_first,1787191200,2026-08-20T02:00:00+00:00,2.0,target_touch,no,,,7.9511,below_50%,tp,1787207222,0.4843
2753,1787173563,2026-08-19T21:06:03+00:00,KASUSDT,LONG,ema_cross_confirmed,0.02674,0.02615137931034483,0.027917241379310342,tp_first,1787220900,2026-08-20T10:15:00+00:00,2.0,target_touch,no,,,6.7384,below_50%,tp,1787220803,0.02796
2754,1787173588,2026-08-19T21:06:28+00:00,SATSUSDT,LONG,ema_cross,1.062e-08,1.0366896551724138e-08,1.1126206896551724e-08,tp_first,1787214600,2026-08-20T08:30:00+00:00,1.9999999999999936,target_touch,no,,,5.2838,below_50%,tp,1787213840,1.113e-08
2755,1787173611,2026-08-19T21:06:51+00:00,XPLUSDT,LONG,ema_cross,0.07977,0.0780996551724138,0.0831106896551724,tp_first,1787213700,2026-08-20T08:15:00+00:00,2.0000000000000084,target_touch,no,,,9.1751,below_50%,tp,1787213600,0.08315
2756,1787173624,2026-08-19T21:07:04+00:00,MRVLUSDT,LONG,ema_cross,237.41,232.0151724137931,248.1996551724138,sl_first,1787227200,2026-08-20T12:00:00+00:00,-1.0,stop_touch,no,,,18.2827,below_50%,sl,1787227041,232.0151724137931
2757,1787173626,2026-08-19T21:07:06+00:00,XANUSDT,LONG,ema_cross_confirmed,0.010998,0.010528758620689657,0.011936482758620689,unresolved,1787260500,2026-08-20T21:15:00+00:00,0.010655496766607462,window_close,no,,,8.3521,below_50%,open,,
2758,1787173627,2026-08-19T21:07:07+00:00,SATSUSDT,LONG,ema_cross_confirmed,1.072e-08,1.0340344827586206e-08,1.1479310344827585e-08,tp_first,1787220900,2026-08-20T10:15:00+00:00,2.0,target_touch,no,,,5.2838,below_50%,tp,1787220079,1.149e-08
2759,1787173637,2026-08-19T21:07:17+00:00,AVAXUSDT,LONG,ema_cross,6.611,6.498931034482759,6.835137931034483,tp_first,1787174100,2026-08-19T21:15:00+00:00,2.000000000000008,target_touch,no,,,7.6139,below_50%,tp,1787173724,6.846
2760,1787173651,2026-08-19T21:07:31+00:00,NOWUSDT,LONG,ema_cross,127.03,125.10448275862069,130.88103448275862,tp_first,1787241600,2026-08-20T16:00:00+00:00,2.0,target_touch,no,,,10.9324,below_50%,tp,1787240945,130.95
2761,1787173663,2026-08-19T21:07:43+00:00,FLOKIUSDT,LONG,ema_cross,2.136e-05,2.1115172413793102e-05,2.1849655172413792e-05,tp_first,1787174100,2026-08-19T21:15:00+00:00,2.0,target_touch,no,,,10.3674,below_50%,tp,1787173724,2.22e-05
2762,1787173671,2026-08-19T21:07:51+00:00,MOODENGUSDT,LONG,ema_cross,0.03697,0.03642931034482759,0.03805137931034483,tp_first,1787174100,2026-08-19T21:15:00+00:00,2.0,target_touch,no,,,8.2879,below_50%,tp,1787173724,0.03826
2763,1787173688,2026-08-19T21:08:08+00:00,AVAXUSDT,LONG,ema_cross_confirmed,6.707,6.538896551724138,7.043206896551724,tp_first,1787238900,2026-08-20T15:15:00+00:00,2.0,target_touch,no,,,7.6139,below_50%,tp,1787238784,7.044
2764,1787173693,2026-08-19T21:08:13+00:00,MVLLUSDT,LONG,ema_cross,30.99,29.659655172413792,33.650689655172414,sl_first,1787227200,2026-08-20T12:00:00+00:00,-1.0,stop_touch,no,,,37.397,below_50%,sl,1787226533,29.659655172413792
2765,1787173700,2026-08-19T21:08:20+00:00,MANAUSDT,LONG,ema_cross,0.06543,0.06475896551724138,0.06677206896551724,tp_first,1787174100,2026-08-19T21:15:00+00:00,1.9999999999999793,target_touch,no,,,5.6847,below_50%,tp,1787173781,0.06731
2766,1787173710,2026-08-19T21:08:30+00:00,ZAMAUSDT,LONG,ema_cross,0.04433,0.04308137931034483,0.046827241379310346,tp_first,1787184000,2026-08-20T00:00:00+00:00,2.0,target_touch,no,,,15.4394,below_50%,tp,1787235338,0.04683
2767,1787173714,2026-08-19T21:08:34+00:00,VANAUSDT,LONG,ema_cross,0.888,0.8750689655172413,0.9138620689655172,tp_first,1787218200,2026-08-20T09:30:00+00:00,1.9999999999999913,target_touch,no,,,5.8824,below_50%,tp,1787217800,0.9138620689655172
2768,1787173720,2026-08-19T21:08:40+00:00,UVXYUSDT,SHORT,ema_cross,19.61,19.88344827586207,19.06310344827586,sl_first,1787228100,2026-08-20T12:15:00+00:00,-1.0,stop_touch,no,,,7.2382,below_50%,sl,1787227340,19.88344827586207
2769,1787173727,2026-08-19T21:08:47+00:00,BONKUSDT,LONG,ema_cross,2.404e-06,2.3650689655172415e-06,2.4818620689655176e-06,tp_first,1787174100,2026-08-19T21:15:00+00:00,2.0,target_touch,no,,,7.2648,below_50%,tp,1787173902,2.4818620689655176e-06
2770,1787173750,2026-08-19T21:09:10+00:00,FLOKIUSDT,LONG,ema_cross_confirmed,2.179e-05,2.1422758620689653e-05,2.2524482758620693e-05,tp_first,1787213700,2026-08-20T08:15:00+00:00,2.0,target_touch,no,,,10.3674,below_50%,tp,1787213750,2.254e-05
2771,1787173751,2026-08-19T21:09:11+00:00,MOODENGUSDT,LONG,ema_cross_confirmed,0.0376,0.03678896551724138,0.03922206896551724,tp_first,1787174100,2026-08-19T21:15:00+00:00,2.0,target_touch,no,,,8.2879,below_50%,tp,1787174047,0.03922206896551724
2772,1787173754,2026-08-19T21:09:14+00:00,ZAMAUSDT,LONG,ema_cross_confirmed,0.04515,0.043277068965517244,0.04889586206896552,unresolved,1787260500,2026-08-20T21:15:00+00:00,0.37908496732025904,window_close,no,,,15.4394,below_50%,open,,
2773,1787173755,2026-08-19T21:09:15+00:00,VANAUSDT,LONG,ema_cross_confirmed,0.9,0.8806034482758621,0.9387931034482758,unresolved,1787260500,2026-08-20T21:15:00+00:00,1.3404444444444477,window_close,no,,,5.8824,below_50%,tp,1787268424,0.9387931034482758
2774,1787173814,2026-08-19T21:10:14+00:00,BONKUSDT,LONG,ema_cross_confirmed,2.44e-06,2.381603448275862e-06,2.5567931034482756e-06,tp_first,1787214600,2026-08-20T08:30:00+00:00,2.0,target_touch,no,,,7.2648,below_50%,tp,1787214623,2.56e-06
2775,1787174101,2026-08-19T21:15:01+00:00,RAYUSDT,LONG,ema_cross_confirmed,0.6506,0.6415068965517241,0.6687862068965517,tp_first,1787207400,2026-08-20T06:30:00+00:00,2.0,target_touch,no,,,7.6848,below_50%,tp,1787207368,0.6693
2776,1787174116,2026-08-19T21:15:16+00:00,UVXYUSDT,SHORT,ema_cross_confirmed,19.54,20.086896551724138,18.446206896551722,sl_first,1787228100,2026-08-20T12:15:00+00:00,-1.0,stop_touch,no,,,7.2382,below_50%,sl,1787227732,20.11
2778,1787174142,2026-08-19T21:15:42+00:00,TRUMPUSDT,LONG,ema_cross_confirmed,1.687,1.6559655172413794,1.7180344827586207,tp_first,1787175000,2026-08-19T21:30:00+00:00,1.0,target_touch,no,,,21.8143,below_50%,sl,1787207222,1.6559655172413794
2779,1787174151,2026-08-19T21:15:51+00:00,TSTBSCUSDT,LONG,ema_cross_confirmed,0.015152,0.014046448275862069,0.017363103448275866,unresolved,1787261400,2026-08-20T21:30:00+00:00,-0.27497582732915404,window_close,no,,,16.5473,below_50%,open,,
2780,1787174158,2026-08-19T21:15:58+00:00,SKYAIUSDT,LONG,overheated_confirmed,0.07026,0.06230571428571429,0.08616857142857143,unresolved,1787261400,2026-08-20T21:30:00+00:00,0.7706537356321836,window_close,no,,,39.83,below_50%,open,,
2781,1787207838,2026-08-20T06:37:18+00:00,BIOUSDT,LONG,overheated_early,0.02982,0.028802142857142856,0.031855714285714286,tp_first,1787214600,2026-08-20T08:30:00+00:00,2.0,target_touch,no,,,21.4257,below_50%,tp,1787214565,0.031855714285714286
2782,1787207843,2026-08-20T06:37:23+00:00,KORUUSDT,LONG,overheated_early,20.793,19.199785714285714,23.97942857142857,sl_first,1787229900,2026-08-20T12:45:00+00:00,-1.0,stop_touch,no,,,19.5968,below_50%,sl,1787229406,19.171
2783,1787207865,2026-08-20T06:37:45+00:00,BMNRUSDT,LONG,overheated_early,21.71,21.06607142857143,22.997857142857143,sl_first,1787233500,2026-08-20T13:45:00+00:00,-1.0,stop_touch,no,,,21.2171,below_50%,sl,1787232767,21.06607142857143
2784,1787207875,2026-08-20T06:37:55+00:00,MSTRXUSDT,LONG,overheated_early,108.39,105.44357142857143,114.28285714285715,tp_first,1787216400,2026-08-20T09:00:00+00:00,2.000000000000005,target_touch,no,,,18.8569,below_50%,tp,1787215703,114.5
2785,1787207903,2026-08-20T06:38:23+00:00,REDUSDT,LONG,overheated_24h,0.1178,0.11001607142857144,0.13336785714285715,sl_first,1787217300,2026-08-20T09:15:00+00:00,-1.0,stop_touch,no,,,38.6574,below_50%,sl,1787216510,0.11
2786,1787207930,2026-08-20T06:38:50+00:00,ETHUSDT,LONG,overheated_24h,2257.57,2211.6839285714286,2349.3421428571432,tp_first,1787244300,2026-08-20T16:45:00+00:00,2.0,target_touch,no,,,22.4813,below_50%,tp,1787244214,2349.3421428571432
2787,1787207945,2026-08-20T06:39:05+00:00,REUSDT,LONG,overheated_early,0.51356,0.4845548214285714,0.5715703571428572,tp_first,1787213700,2026-08-20T08:15:00+00:00,2.0,target_touch,no,,,43.6908,below_50%,sl,1787293056,0.48306
2788,1787207945,2026-08-20T06:39:05+00:00,REDUSDT,LONG,overheated_confirmed,0.1176,0.10981607142857143,0.13316785714285712,sl_first,1787217300,2026-08-20T09:15:00+00:00,-1.0,stop_touch,no,,,38.6574,below_50%,sl,1787216540,0.10981607142857143
2789,1787207953,2026-08-20T06:39:13+00:00,USELESSUSDT,LONG,overheated_early,0.04263,0.04011053571428572,0.04766892857142858,tp_first,1787216400,2026-08-20T09:00:00+00:00,2.0000000000000027,target_touch,no,,,23.6681,below_50%,tp,1787215885,0.04766892857142858
2790,1787207965,2026-08-20T06:39:25+00:00,CRCLXUSDT,LONG,overheated_early,82.24,79.9830357142857,86.75392857142856,sl_first,1787233500,2026-08-20T13:45:00+00:00,-1.0,stop_touch,no,,,16.605,below_50%,sl,1787232824,79.88
2791,1787207995,2026-08-20T06:39:55+00:00,LITUSDT,LONG,overheated_24h,2.845,2.7412857142857145,3.0524285714285715,sl_first,1787227200,2026-08-20T12:00:00+00:00,-1.0,stop_touch,no,,,27.1845,below_50%,sl,1787227103,2.7412857142857145
2792,1787208010,2026-08-20T06:40:10+00:00,HYPEUSDT,LONG,overheated_24h,72.094,69.89569642857143,76.49060714285713,unresolved,1787294700,2026-08-21T06:45:00+00:00,0.32616059461436003,window_close,no,,,25.0185,below_50%,open,,
2793,1787208048,2026-08-20T06:40:48+00:00,METUSDT,LONG,overheated_24h,0.2157,0.2078732142857143,0.23135357142857144,sl_first,1787225400,2026-08-20T11:30:00+00:00,-1.0,stop_touch,no,,,32.2923,below_50%,sl,1787224794,0.2074
2794,1787208062,2026-08-20T06:41:02+00:00,AEROUSDT,LONG,overheated_24h,0.4663,0.4567160714285714,0.4854678571428571,tp_first,1787240700,2026-08-20T15:45:00+00:00,1.9999999999999942,target_touch,no,,,16.9381,below_50%,tp,1787239957,0.4855
2795,1787208067,2026-08-20T06:41:07+00:00,HYPEUSDT,LONG,overheated_confirmed,72.053,69.85469642857143,76.44960714285713,unresolved,1787294700,2026-08-21T06:45:00+00:00,0.3448113399130874,window_close,no,,,25.0185,below_50%,open,,
2796,1787208067,2026-08-20T06:41:07+00:00,ARBUSDT,LONG,overheated_24h,0.08812,0.08573017857142858,0.09289964285714286,tp_first,1787293800,2026-08-21T06:30:00+00:00,2.0,target_touch,no,,,20.0557,below_50%,tp,1787293026,0.09289964285714286
2797,1787208073,2026-08-20T06:41:13+00:00,SKYAIUSDT,LONG,overheated_early,0.07223,0.063875,0.08894,unresolved,1787294700,2026-08-21T06:45:00+00:00,0.23578695391980842,window_close,no,,,43.8064,below_50%,open,,
2799,1787208110,2026-08-20T06:41:50+00:00,TRUMPUSDT,LONG,overheated_early,1.657,1.597375,1.77625,unresolved,1787294700,2026-08-21T06:45:00+00:00,0.5534591194968536,window_close,no,,,32.8816,below_50%,tp,1787302391,1.77625
2800,1787208209,2026-08-20T06:43:29+00:00,PNUTUSDT,LONG,overheated_24h,0.04859,0.047160714285714285,0.051448571428571434,tp_first,1787226300,2026-08-20T11:45:00+00:00,2.0,target_touch,no,,,19.3422,below_50%,tp,1787226234,0.051448571428571434
2801,1787208234,2026-08-20T06:43:54+00:00,BOMEUSDT,LONG,overheated_early,0.0009727,0.0009172428571428571,0.0010836142857142857,tp_first,1787211000,2026-08-20T07:30:00+00:00,2.0,target_touch,no,,,29.1963,below_50%,tp,1787210727,0.0010836142857142857
2802,1787208255,2026-08-20T06:44:15+00:00,REDUSDT,SHORT,pump_24h_fade,0.1178,0.131936,0.089528,unresolved,1787294700,2026-08-21T06:45:00+00:00,0.735710243350312,window_close,yes,1787207945,overheated_confirmed,38.6574,below_50%,open,,
2952,1787208255,2026-08-20T06:44:15+00:00,MAGMAUSDT,SHORT,pump_fade_confirmed,0.23546,0.23546,0.23546,ambiguous,1787208300,2026-08-20T06:45:00+00:00,nan,both_barriers_same_candle,no,,,52.2708,at_or_above_50%,ttl_expired,,
2803,1787208256,2026-08-20T06:44:16+00:00,MVLLUSDT,SHORT,pump_24h_fade,32.08,35.9296,24.3808,unresolved,1787294700,2026-08-21T06:45:00+00:00,-0.6935785536159601,window_close,no,,,36.4975,below_50%,open,,
2804,1787208256,2026-08-20T06:44:16+00:00,MAGMAUSDT,SHORT,pump_24h_fade,0.23546,0.2637152,0.17894960000000001,unresolved,1787294700,2026-08-21T06:45:00+00:00,0.11714657832894511,window_close,no,,,52.2708,at_or_above_50%,open,,
2805,1787208305,2026-08-20T06:45:05+00:00,REDUSDT,SHORT,pump_fade_confirmed,0.1167,0.130704,0.088692,unresolved,1787295600,2026-08-21T07:00:00+00:00,0.6426735218508999,window_close,yes,1787207945,overheated_confirmed,38.6574,below_50%,open,,
2806,1787208305,2026-08-20T06:45:05+00:00,ETHUSDT,LONG,overheated_confirmed,2261.11,2215.2239285714286,2352.882142857143,tp_first,1787244300,2026-08-20T16:45:00+00:00,2.0,target_touch,no,,,22.3313,below_50%,tp,1787244214,2352.882142857143
2807,1787208309,2026-08-20T06:45:09+00:00,ARBUSDT,LONG,overheated_confirmed,0.0882,0.08581017857142857,0.09297964285714286,unresolved,1787295600,2026-08-21T07:00:00+00:00,1.5231263543301221,window_close,no,,,19.7856,below_50%,tp,1787296659,0.09303
2809,1787208966,2026-08-20T06:56:06+00:00,GWEIUSDT,LONG,bb_squeeze,0.022031,0.021560871287128712,0.022971257425742575,sl_first,1787211900,2026-08-20T07:45:00+00:00,-1.0,stop_touch,no,,,8.3301,below_50%,sl,1787211658,0.021497
2810,1787209005,2026-08-20T06:56:45+00:00,AIOUSDT,SHORT,bb_squeeze,0.04082,0.04402742574257426,0.03440514851485149,sl_first,1787278500,2026-08-21T02:15:00+00:00,-1.0,stop_touch,no,,,13.5344,below_50%,open,,
2811,1787209029,2026-08-20T06:57:09+00:00,HEIUSDT,SHORT,ema_cross,0.12873,0.13682862068965518,0.11253275862068966,sl_first,1787239800,2026-08-20T15:30:00+00:00,-1.0,stop_touch,no,,,24.9461,below_50%,sl,1787239325,0.137
2956,1787209030,2026-08-20T06:57:10+00:00,HEIUSDT,SHORT,ema_cross_confirmed,0.12873,0.12873,0.12873,tp_first,1787209200,2026-08-20T07:00:00+00:00,nan,target_touch,no,,,24.9461,below_50%,ttl_expired,,
2812,1787209064,2026-08-20T06:57:44+00:00,GPSUSDT,SHORT,ema_cross,0.011987,0.013556241379310344,0.008848517241379309,unresolved,1787295600,2026-08-21T07:00:00+00:00,-0.021666520172278075,window_close,no,,,15.2034,below_50%,sl,1787305855,0.013654
2957,1787209064,2026-08-20T06:57:44+00:00,GPSUSDT,SHORT,ema_cross_confirmed,0.011987,0.011987,0.011987,tp_first,1787209200,2026-08-20T07:00:00+00:00,nan,target_touch,no,,,15.2034,below_50%,ttl_expired,,
2813,1787209107,2026-08-20T06:58:27+00:00,CHIPUSDT,LONG,ema_cross,0.0294,0.027422758620689654,0.03335448275862069,tp_first,1787278500,2026-08-21T02:15:00+00:00,2.0000000000000018,target_touch,no,,,18.856,below_50%,tp,1787294223,0.03356
2958,1787209108,2026-08-20T06:58:28+00:00,CHIPUSDT,LONG,ema_cross_confirmed,0.0294,0.0294,0.0294,ambiguous,1787209200,2026-08-20T07:00:00+00:00,nan,both_barriers_same_candle,no,,,18.856,below_50%,ttl_expired,,
2814,1787209120,2026-08-20T06:58:40+00:00,CROUSDT,LONG,ema_cross,0.0496,0.04907344827586207,0.05065310344827586,tp_first,1787215500,2026-08-20T08:45:00+00:00,2.0,target_touch,no,,,9.7289,below_50%,tp,1787214803,0.05079
2959,1787209120,2026-08-20T06:58:40+00:00,CROUSDT,LONG,ema_cross_confirmed,0.0496,0.0496,0.0496,sl_first,1787209200,2026-08-20T07:00:00+00:00,nan,stop_touch,no,,,9.7289,below_50%,ttl_expired,,
2815,1787209142,2026-08-20T06:59:02+00:00,DYDXUSDT,LONG,ema_cross,0.11107,0.10866172413793103,0.11588655172413793,tp_first,1787269500,2026-08-20T23:45:00+00:00,1.9999999999999942,target_touch,no,,,11.885,below_50%,tp,1787268811,0.11598
2960,1787209143,2026-08-20T06:59:03+00:00,DYDXUSDT,LONG,ema_cross_confirmed,0.11107,0.11107,0.11107,ambiguous,1787209200,2026-08-20T07:00:00+00:00,nan,both_barriers_same_candle,no,,,11.885,below_50%,ttl_expired,,
2816,1787209145,2026-08-20T06:59:05+00:00,EPICUSDT,SHORT,ema_cross,0.3295,0.3459896551724138,0.2965206896551724,sl_first,1787254200,2026-08-20T19:30:00+00:00,-1.0,stop_touch,no,,,17.5573,below_50%,sl,1787253365,0.3459896551724138
2961,1787209146,2026-08-20T06:59:06+00:00,EPICUSDT,SHORT,ema_cross_confirmed,0.3295,0.3295,0.3295,ambiguous,1787209200,2026-08-20T07:00:00+00:00,nan,both_barriers_same_candle,no,,,17.5573,below_50%,ttl_expired,,
2817,1787209183,2026-08-20T06:59:43+00:00,SKYAIUSDT,LONG,ema_cross,0.07223,0.06663896551724138,0.08341206896551724,unresolved,1787295600,2026-08-21T07:00:00+00:00,0.1895892438633265,window_close,no,,,40.5974,below_50%,open,,
2962,1787209183,2026-08-20T06:59:43+00:00,SKYAIUSDT,LONG,ema_cross_confirmed,0.07223,0.07223,0.07223,ambiguous,1787209200,2026-08-20T07:00:00+00:00,nan,both_barriers_same_candle,no,,,40.5974,below_50%,ttl_expired,,
2818,1787209205,2026-08-20T07:00:05+00:00,MVLLUSDT,SHORT,pump_fade_confirmed,32.04,35.8848,24.3504,unresolved,1787296500,2026-08-21T07:15:00+00:00,-0.8452975447357471,window_close,no,,,35.9967,below_50%,open,,
2819,1787209280,2026-08-20T07:01:20+00:00,AVAAIUSDT,LONG,ema_cross,0.014495,0.013552689655172413,0.01637962068965517,tp_first,1787213700,2026-08-20T08:15:00+00:00,1.9999999999999982,target_touch,no,,,16.8685,below_50%,tp,1787213540,0.01637962068965517
2820,1787209287,2026-08-20T07:01:27+00:00,WLDUSDT,LONG,ema_cross,0.3589,0.34737241379310346,0.38195517241379306,unresolved,1787296500,2026-08-21T07:15:00+00:00,1.3012264433143914,window_close,no,,,18.078,below_50%,tp,1787300409,0.38195517241379306
2963,1787209287,2026-08-20T07:01:27+00:00,WLDUSDT,LONG,ema_cross_confirmed,0.3589,0.3589,0.3589,tp_first,1787210100,2026-08-20T07:15:00+00:00,nan,target_touch,no,,,18.078,below_50%,ttl_expired,,
2821,1787209301,2026-08-20T07:01:41+00:00,BANANAS31USDT,LONG,ema_cross,0.008966,0.008750310344827586,0.009397379310344827,unresolved,1787296500,2026-08-21T07:15:00+00:00,0.7742605915267786,window_close,no,,,10.0538,below_50%,open,,
2964,1787209302,2026-08-20T07:01:42+00:00,BANANAS31USDT,LONG,ema_cross_confirmed,0.008966,0.008966,0.008966,sl_first,1787210100,2026-08-20T07:15:00+00:00,nan,stop_touch,no,,,10.0538,below_50%,ttl_expired,,
2822,1787209329,2026-08-20T07:02:09+00:00,DIAUSDT,LONG,ema_cross,0.1311,0.1261103448275862,0.14107931034482757,unresolved,1787296500,2026-08-21T07:15:00+00:00,1.2425708362128578,window_close,no,,,5.7325,below_50%,tp,1787302689,0.1413
2965,1787209329,2026-08-20T07:02:09+00:00,DIAUSDT,LONG,ema_cross_confirmed,0.1311,0.1311,0.1311,sl_first,1787210100,2026-08-20T07:15:00+00:00,nan,stop_touch,no,,,5.7325,below_50%,ttl_expired,,
2823,1787210111,2026-08-20T07:15:11+00:00,GPSUSDT,SHORT,ema_cross_confirmed,0.01178,0.01491848275862069,0.00550303448275862,unresolved,1787297400,2026-08-21T07:30:00+00:00,-0.08379845301924914,window_close,no,,,15.2034,below_50%,open,,
2824,1787210116,2026-08-20T07:15:16+00:00,AVAAIUSDT,LONG,ema_cross_confirmed,0.015147,0.013733534482758622,0.01797393103448276,tp_first,1787217300,2026-08-20T09:15:00+00:00,2.0,target_touch,no,,,19.5202,below_50%,tp,1787216995,0.01797393103448276
2825,1787210142,2026-08-20T07:15:42+00:00,MONUSDT,LONG,overheated_24h,0.02498,0.024157142857142856,0.026625714285714284,tp_first,1787226300,2026-08-20T11:45:00+00:00,2.0,target_touch,no,,,16.4262,below_50%,tp,1787226116,0.026625714285714284
2826,1787210152,2026-08-20T07:15:52+00:00,MVLLUSDT,LONG,overheated_24h,32.01,29.850535714285712,36.32892857142857,sl_first,1787227200,2026-08-20T12:00:00+00:00,-1.0,stop_touch,yes,1787209205,pump_fade_confirmed,35.9967,below_50%,sl,1787226473,29.68
2968,1787210152,2026-08-20T07:15:52+00:00,MVLLUSDT,LONG,overheated_confirmed,32.01,32.01,32.01,ambiguous,1787211000,2026-08-20T07:30:00+00:00,nan,both_barriers_same_candle,yes,1787209205,pump_fade_confirmed,35.9967,below_50%,ttl_expired,,
2827,1787210164,2026-08-20T07:16:04+00:00,UPUSDT,LONG,overheated_24h,0.3954,0.36526071428571427,0.4556785714285714,unresolved,1787297400,2026-08-21T07:30:00+00:00,-0.2820239364853641,window_close,no,,,17.9374,below_50%,open,,
2969,1787210164,2026-08-20T07:16:04+00:00,UPUSDT,LONG,overheated_confirmed,0.3954,0.3954,0.3954,ambiguous,1787211000,2026-08-20T07:30:00+00:00,nan,both_barriers_same_candle,no,,,17.9374,below_50%,ttl_expired,,
2828,1787210175,2026-08-20T07:16:15+00:00,BOMEUSDT,LONG,overheated_24h,0.0010408,0.000985342857142857,0.0011517142857142856,tp_first,1787212800,2026-08-20T08:00:00+00:00,2.0,target_touch,no,,,40.1449,below_50%,tp,1787212824,0.0011517142857142856
2829,1787210191,2026-08-20T07:16:31+00:00,BMNRUSDT,LONG,overheated_24h,21.75,21.10607142857143,23.037857142857142,sl_first,1787233500,2026-08-20T13:45:00+00:00,-1.0,stop_touch,no,,,20.7537,below_50%,sl,1787232706,21.10607142857143
2830,1787210202,2026-08-20T07:16:42+00:00,CRCLXUSDT,LONG,overheated_24h,82.46,80.2030357142857,86.97392857142856,sl_first,1787233500,2026-08-20T13:45:00+00:00,-1.0,stop_touch,no,,,16.6385,below_50%,sl,1787232824,79.88
2831,1787210207,2026-08-20T07:16:47+00:00,EDGEXUSDT,LONG,overheated_24h,0.3329,0.3198392857142857,0.35902142857142855,tp_first,1787212800,2026-08-20T08:00:00+00:00,2.0000000000000044,target_touch,no,,,21.5031,below_50%,tp,1787212697,0.35902142857142855
2832,1787210240,2026-08-20T07:17:20+00:00,BOMEUSDT,LONG,overheated_confirmed,0.0010396,0.000984142857142857,0.0011505142857142856,tp_first,1787212800,2026-08-20T08:00:00+00:00,2.0,target_touch,no,,,40.1449,below_50%,tp,1787212824,0.0011505142857142856
2833,1787210242,2026-08-20T07:17:22+00:00,EDGEXUSDT,LONG,overheated_confirmed,0.3369,0.3238392857142857,0.3630214285714285,tp_first,1787212800,2026-08-20T08:00:00+00:00,2.0,target_touch,no,,,21.5031,below_50%,tp,1787212788,0.3631
2834,1787210323,2026-08-20T07:18:43+00:00,BOMEUSDT,SHORT,pump_24h_fade,0.0010408,0.001165696,0.0007910079999999999,sl_first,1787213700,2026-08-20T08:15:00+00:00,-1.0,stop_touch,yes,1787210240,overheated_confirmed,40.1449,below_50%,sl,1787213692,0.001165696
2835,1787210837,2026-08-20T07:27:17+00:00,PLUMEUSDT,SHORT,bb_squeeze,0.012548,0.012740673267326733,0.012162653465346535,sl_first,1787213700,2026-08-20T08:15:00+00:00,-1.0,stop_touch,no,,,8.2503,below_50%,sl,1787213421,0.012754
2836,1787210930,2026-08-20T07:28:50+00:00,BICOUSDT,LONG,bb_squeeze,0.01773,0.01699940594059406,0.019191188118811882,tp_first,1787234400,2026-08-20T14:00:00+00:00,2.000000000000005,target_touch,no,,,11.8769,below_50%,tp,1787233840,0.019191188118811882
2837,1787211014,2026-08-20T07:30:14+00:00,EPICUSDT,SHORT,ema_cross_confirmed,0.3294,0.3623793103448276,0.26344137931034484,sl_first,1787263200,2026-08-20T22:00:00+00:00,-1.0,stop_touch,no,,,17.5573,below_50%,sl,1787262961,0.3623793103448276
2838,1787211060,2026-08-20T07:31:00+00:00,OPNUSDT,SHORT,bb_squeeze,0.05404,0.05522336633663366,0.05167326732673267,sl_first,1787238000,2026-08-20T15:00:00+00:00,-1.0,stop_touch,no,,,6.3039,below_50%,sl,1787237233,0.05526
2839,1787211277,2026-08-20T07:34:37+00:00,WETUSDT,LONG,ema_cross,0.07326,0.07217862068965518,0.07542275862068966,tp_first,1787239800,2026-08-20T15:30:00+00:00,2.0,target_touch,no,,,5.1114,below_50%,tp,1787238996,0.07542275862068966
2978,1787211277,2026-08-20T07:34:37+00:00,WETUSDT,LONG,ema_cross_confirmed,0.07326,0.07326,0.07326,sl_first,1787211900,2026-08-20T07:45:00+00:00,nan,stop_touch,no,,,5.1114,below_50%,ttl_expired,,
2840,1787212063,2026-08-20T07:47:43+00:00,AVAAIUSDT,LONG,overheated_24h,0.015762,0.014368125000000002,0.01854975,tp_first,1787218200,2026-08-20T09:30:00+00:00,2.0,target_touch,no,,,22.126,below_50%,tp,1787217980,0.01854975
2841,1787212180,2026-08-20T07:49:40+00:00,REDUSDT,LONG,overheated_early,0.1121,0.10431607142857144,0.12766785714285714,sl_first,1787236200,2026-08-20T14:30:00+00:00,-1.0,stop_touch,no,,,38.6574,below_50%,sl,1787236155,0.1041
2842,1787212271,2026-08-20T07:51:11+00:00,USELESSUSDT,LONG,overheated_24h,0.04458,0.04206053571428572,0.04961892857142858,tp_first,1787239800,2026-08-20T15:30:00+00:00,2.0000000000000027,target_touch,no,,,23.9179,below_50%,tp,1787238996,0.04961892857142858
2843,1787212402,2026-08-20T07:53:22+00:00,ETHFIUSDT,LONG,overheated_24h,0.5555,0.5329839285714286,0.6005321428571428,sl_first,1787253300,2026-08-20T19:15:00+00:00,-1.0,stop_touch,no,,,14.712,below_50%,sl,1787252557,0.5329
2844,1787212421,2026-08-20T07:53:41+00:00,BIOUSDT,LONG,overheated_24h,0.03057,0.029552142857142857,0.032605714285714286,tp_first,1787215500,2026-08-20T08:45:00+00:00,2.0,target_touch,no,,,23.7616,below_50%,tp,1787215281,0.032605714285714286
2986,1787212427,2026-08-20T07:53:47+00:00,REUSDT,SHORT,pump_fade_confirmed,0.53875,0.53875,0.53875,ambiguous,1787212800,2026-08-20T08:00:00+00:00,nan,both_barriers_same_candle,no,,,43.179,below_50%,ttl_expired,,
2845,1787212512,2026-08-20T07:55:12+00:00,BIOUSDT,LONG,overheated_confirmed,0.03049,0.029472142857142856,0.03252571428571428,tp_first,1787215500,2026-08-20T08:45:00+00:00,1.9999999999999967,target_touch,no,,,23.7616,below_50%,tp,1787215281,0.03253
2846,1787212805,2026-08-20T08:00:05+00:00,HEIUSDT,SHORT,ema_cross_confirmed,0.12606,0.14225724137931034,0.09366551724137934,sl_first,1787240700,2026-08-20T15:45:00+00:00,-1.0,stop_touch,no,,,24.9461,below_50%,sl,1787240286,0.1423
2847,1787212813,2026-08-20T08:00:13+00:00,MONUSDT,LONG,overheated_confirmed,0.02506,0.024237142857142856,0.026705714285714284,tp_first,1787226300,2026-08-20T11:45:00+00:00,2.0,target_touch,no,,,16.8837,below_50%,tp,1787226177,0.026705714285714284
2848,1787212817,2026-08-20T08:00:17+00:00,EDGEXUSDT,LONG,overheated_confirmed,0.3655,0.35243928571428573,0.38509107142857135,sl_first,1787220000,2026-08-20T10:00:00+00:00,-1.0,stop_touch,no,,,31.324,below_50%,sl,1787219660,0.3491
2991,1787212820,2026-08-20T08:00:20+00:00,USELESSUSDT,LONG,overheated_confirmed,0.04516,0.04516,0.04516,ambiguous,1787213700,2026-08-20T08:15:00+00:00,nan,both_barriers_same_candle,no,,,25.8879,below_50%,ttl_expired,,
2849,1787212828,2026-08-20T08:00:28+00:00,EDGEXUSDT,LONG,overheated_24h,0.3629,0.34685535714285715,0.3949892857142857,sl_first,1787220900,2026-08-20T10:15:00+00:00,-1.0,stop_touch,no,,,31.324,below_50%,sl,1787220079,0.3466
2990,1787212828,2026-08-20T08:00:28+00:00,EDGEXUSDT,LONG,overheated_confirmed,0.3629,0.3629,0.3629,ambiguous,1787213700,2026-08-20T08:15:00+00:00,nan,both_barriers_same_candle,no,,,31.324,below_50%,ttl_expired,,
2850,1787212855,2026-08-20T08:00:55+00:00,METUSDT,LONG,overheated_confirmed,0.2181,0.21027321428571427,0.23375357142857142,sl_first,1787225400,2026-08-20T11:30:00+00:00,-1.0,stop_touch,no,,,32.2923,below_50%,sl,1787224734,0.21
2992,1787212864,2026-08-20T08:01:04+00:00,ARBUSDT,LONG,overheated_confirmed,0.08889,0.08889,0.08889,ambiguous,1787213700,2026-08-20T08:15:00+00:00,nan,both_barriers_same_candle,no,,,18.3137,below_50%,ttl_expired,,
2851,1787212946,2026-08-20T08:02:26+00:00,MAGMAUSDT,LONG,overheated_early,0.22841,0.21268678571428573,0.25985642857142854,tp_first,1787219100,2026-08-20T09:45:00+00:00,2.0,target_touch,no,,,48.0396,below_50%,tp,1787218459,0.26103
2993,1787212973,2026-08-20T08:02:53+00:00,METUSDT,LONG,overheated_confirmed,0.2176,0.2176,0.2176,ambiguous,1787213700,2026-08-20T08:15:00+00:00,nan,both_barriers_same_candle,no,,,32.2923,below_50%,ttl_expired,,
2852,1787213028,2026-08-20T08:03:48+00:00,BOMEUSDT,LONG,overheated_24h,0.001114,0.0010478875,0.001246225,tp_first,1787221800,2026-08-20T10:30:00+00:00,1.9999999999999967,target_touch,yes,1787210323,pump_24h_fade,54.9577,at_or_above_50%,tp,1787221220,0.001246225
2994,1787213028,2026-08-20T08:03:48+00:00,BOMEUSDT,LONG,overheated_confirmed,0.001114,0.001114,0.001114,ambiguous,1787213700,2026-08-20T08:15:00+00:00,nan,both_barriers_same_candle,yes,1787210323,pump_24h_fade,54.9577,at_or_above_50%,ttl_expired,,
2998,1787213037,2026-08-20T08:03:57+00:00,AEROUSDT,LONG,overheated_confirmed,0.4646,0.4646,0.4646,ambiguous,1787213700,2026-08-20T08:15:00+00:00,nan,both_barriers_same_candle,no,,,16.9538,below_50%,ttl_expired,,
2999,1787213041,2026-08-20T08:04:01+00:00,PNUTUSDT,LONG,overheated_confirmed,0.04856,0.04856,0.04856,tp_first,1787213700,2026-08-20T08:15:00+00:00,nan,target_touch,no,,,21.5268,below_50%,ttl_expired,,
2853,1787213047,2026-08-20T08:04:07+00:00,BOMEUSDT,LONG,overheated_confirmed,0.0011321,0.0010659875,0.0012643250000000002,tp_first,1787223600,2026-08-20T11:00:00+00:00,2.0,target_touch,yes,1787210323,pump_24h_fade,54.9577,at_or_above_50%,tp,1787223595,0.0012657
3002,1787213047,2026-08-20T08:04:07+00:00,BIOUSDT,LONG,overheated_confirmed,0.03118,0.03118,0.03118,ambiguous,1787213700,2026-08-20T08:15:00+00:00,nan,both_barriers_same_candle,no,,,26.178,below_50%,ttl_expired,,
3000,1787213084,2026-08-20T08:04:44+00:00,MONUSDT,LONG,overheated_confirmed,0.02507,0.02507,0.02507,ambiguous,1787213700,2026-08-20T08:15:00+00:00,nan,both_barriers_same_candle,no,,,16.8837,below_50%,ttl_expired,,
2996,1787213088,2026-08-20T08:04:48+00:00,ETHUSDT,LONG,overheated_confirmed,2250.57,2250.57,2250.57,ambiguous,1787213700,2026-08-20T08:15:00+00:00,nan,both_barriers_same_candle,no,,,22.1357,below_50%,ttl_expired,,
3001,1787213112,2026-08-20T08:05:12+00:00,AVAAIUSDT,LONG,overheated_confirmed,0.015886,0.015886,0.015886,ambiguous,1787213700,2026-08-20T08:15:00+00:00,nan,both_barriers_same_candle,no,,,22.8004,below_50%,ttl_expired,,
2997,1787213149,2026-08-20T08:05:49+00:00,HYPEUSDT,LONG,overheated_confirmed,72.028,72.028,72.028,ambiguous,1787213700,2026-08-20T08:15:00+00:00,nan,both_barriers_same_candle,no,,,25.0185,below_50%,ttl_expired,,
3008,1787213154,2026-08-20T08:05:54+00:00,LITUSDT,LONG,overheated_confirmed,2.937,2.937,2.937,ambiguous,1787213700,2026-08-20T08:15:00+00:00,nan,both_barriers_same_candle,no,,,30.8473,below_50%,ttl_expired,,
2854,1787213700,2026-08-20T08:15:00+00:00,CROUSDT,LONG,ema_cross_confirmed,0.0504,0.049610172413793105,0.05197965517241379,tp_first,1787220000,2026-08-20T10:00:00+00:00,2.0,target_touch,no,,,9.8757,below_50%,tp,1787219238,0.05213
2855,1787213701,2026-08-20T08:15:01+00:00,DYDXUSDT,LONG,ema_cross_confirmed,0.11219,0.10857758620689655,0.1194148275862069,tp_first,1787299200,2026-08-21T08:00:00+00:00,2.0,target_touch,no,,,11.885,below_50%,tp,1787298630,0.1194148275862069
2856,1787213704,2026-08-20T08:15:04+00:00,WLDUSDT,LONG,ema_cross_confirmed,0.3663,0.3490086206896552,0.4008827586206896,unresolved,1787301000,2026-08-21T08:30:00+00:00,0.9195333532755007,window_close,no,,,17.8911,below_50%,open,,
2857,1787213709,2026-08-20T08:15:09+00:00,BMNRUSDT,LONG,overheated_confirmed,22.04,21.396071428571428,23.32785714285714,sl_first,1787233500,2026-08-20T13:45:00+00:00,-1.0,stop_touch,no,,,20.7537,below_50%,sl,1787232706,21.15
2858,1787213710,2026-08-20T08:15:10+00:00,CRCLXUSDT,LONG,overheated_confirmed,83.54,81.28303571428572,88.05392857142859,sl_first,1787233500,2026-08-20T13:45:00+00:00,-1.0,stop_touch,no,,,17.4652,below_50%,sl,1787232767,80.44
2859,1787213712,2026-08-20T08:15:12+00:00,WETUSDT,LONG,ema_cross_confirmed,0.07354,0.07191793103448275,0.07678413793103447,tp_first,1787297400,2026-08-21T07:30:00+00:00,2.0,target_touch,no,,,5.197,below_50%,tp,1787296891,0.0768
2860,1787213713,2026-08-20T08:15:13+00:00,AVAAIUSDT,LONG,overheated_confirmed,0.016585,0.015196107142857141,0.019362785714285714,tp_first,1787237100,2026-08-20T14:45:00+00:00,2.0,target_touch,no,,,27.5291,below_50%,tp,1787237174,0.019362785714285714
2861,1787213756,2026-08-20T08:15:56+00:00,AEROUSDT,LONG,overheated_confirmed,0.4736,0.4633571428571429,0.49408571428571424,tp_first,1787301000,2026-08-21T08:30:00+00:00,2.0,target_touch,no,,,18.402,below_50%,tp,1787300851,0.49408571428571424
2862,1787213844,2026-08-20T08:17:24+00:00,ATUSDT,SHORT,bb_squeeze,0.14727,0.14932128712871287,0.14316742574257427,sl_first,1787217300,2026-08-20T09:15:00+00:00,-1.0,stop_touch,no,,,4.9873,below_50%,sl,1787216840,0.14932128712871287
2863,1787213992,2026-08-20T08:19:52+00:00,NESUSDT,LONG,bb_squeeze,0.2184,0.21576039603960398,0.2236792079207921,sl_first,1787254200,2026-08-20T19:30:00+00:00,-1.0,stop_touch,no,,,6.0621,below_50%,sl,1787253576,0.2156
2864,1787214000,2026-08-20T08:20:00+00:00,IOSTUSDT,LONG,ema_cross,0.000557,0.0005468275862068966,0.0005773448275862068,tp_first,1787263200,2026-08-20T22:00:00+00:00,2.0,target_touch,no,,,7.2106,below_50%,tp,1787262514,0.000578
3019,1787214001,2026-08-20T08:20:01+00:00,IOSTUSDT,LONG,ema_cross_confirmed,0.000557,0.000557,0.000557,tp_first,1787214600,2026-08-20T08:30:00+00:00,nan,target_touch,no,,,7.2106,below_50%,ttl_expired,,
2865,1787214072,2026-08-20T08:21:12+00:00,IOSTUSDT,LONG,ema_cross_confirmed,0.000564,0.0005487413793103449,0.0005945172413793103,unresolved,1787301000,2026-08-21T08:30:00+00:00,1.4418079096045218,window_close,no,,,7.2106,below_50%,tp,1787302750,0.000595
2866,1787214111,2026-08-20T08:21:51+00:00,SPKUSDT,LONG,ema_cross,0.0146,0.014361034482758621,0.01507793103448276,tp_first,1787256900,2026-08-20T20:15:00+00:00,2.000000000000007,target_touch,no,,,13.891,below_50%,tp,1787256333,0.01508
3025,1787214112,2026-08-20T08:21:52+00:00,SPKUSDT,LONG,ema_cross_confirmed,0.0146,0.0146,0.0146,tp_first,1787214600,2026-08-20T08:30:00+00:00,nan,target_touch,no,,,13.891,below_50%,ttl_expired,,
2867,1787214137,2026-08-20T08:22:17+00:00,IDUSDT,LONG,ema_cross,0.02907,0.0286251724137931,0.029959655172413793,tp_first,1787236200,2026-08-20T14:30:00+00:00,2.0,target_touch,no,,,7.9649,below_50%,tp,1787236095,0.029959655172413793
3027,1787214137,2026-08-20T08:22:17+00:00,IDUSDT,LONG,ema_cross_confirmed,0.02907,0.02907,0.02907,tp_first,1787214600,2026-08-20T08:30:00+00:00,nan,target_touch,no,,,7.9649,below_50%,ttl_expired,,
2868,1787214185,2026-08-20T08:23:05+00:00,VOLXUSDT,SHORT,ema_cross,16.908,17.350758620689657,16.02248275862069,sl_first,1787214600,2026-08-20T08:30:00+00:00,-1.0,stop_touch,no,,,11.5676,below_50%,sl,1787214230,17.67
3030,1787214185,2026-08-20T08:23:05+00:00,VOLXUSDT,SHORT,ema_cross_confirmed,16.908,16.908,16.908,ambiguous,1787214600,2026-08-20T08:30:00+00:00,nan,both_barriers_same_candle,no,,,11.5676,below_50%,ttl_expired,,
2869,1787214188,2026-08-20T08:23:08+00:00,CHILLGUYUSDT,LONG,ema_cross,0.011594,0.011282206896551725,0.012217586206896553,tp_first,1787220900,2026-08-20T10:15:00+00:00,2.0000000000000058,target_touch,no,,,10.9211,below_50%,tp,1787220202,0.012217586206896553
3031,1787214189,2026-08-20T08:23:09+00:00,CHILLGUYUSDT,LONG,ema_cross_confirmed,0.011594,0.011594,0.011594,tp_first,1787214600,2026-08-20T08:30:00+00:00,nan,target_touch,no,,,10.9211,below_50%,ttl_expired,,
2870,1787214194,2026-08-20T08:23:14+00:00,IDUSDT,LONG,ema_cross_confirmed,0.02953,0.028862758620689655,0.030864482758620693,tp_first,1787299200,2026-08-21T08:00:00+00:00,2.0,target_touch,no,,,7.9649,below_50%,tp,1787298513,0.03089
2871,1787214201,2026-08-20T08:23:21+00:00,RVNUSDT,LONG,ema_cross,0.002837,0.0027534137931034485,0.0030041724137931033,tp_first,1787246100,2026-08-20T17:15:00+00:00,2.0,target_touch,no,,,9.4785,below_50%,tp,1787245744,0.0030041724137931033
3032,1787214202,2026-08-20T08:23:22+00:00,RVNUSDT,LONG,ema_cross_confirmed,0.002837,0.002837,0.002837,tp_first,1787214600,2026-08-20T08:30:00+00:00,nan,target_touch,no,,,9.4785,below_50%,ttl_expired,,
2872,1787214206,2026-08-20T08:23:26+00:00,DOSUSDT,SHORT,ema_cross,0.2369,0.24995517241379311,0.21078965517241377,unresolved,1787301000,2026-08-21T08:30:00+00:00,0.03063919704173355,window_close,no,,,18.7713,below_50%,open,,
3033,1787214206,2026-08-20T08:23:26+00:00,DOSUSDT,SHORT,ema_cross_confirmed,0.2369,0.2369,0.2369,ambiguous,1787214600,2026-08-20T08:30:00+00:00,nan,both_barriers_same_candle,no,,,18.7713,below_50%,ttl_expired,,
2873,1787214210,2026-08-20T08:23:30+00:00,GRIFFAINUSDT,LONG,ema_cross,0.012839,0.012422586206896551,0.013671827586206897,unresolved,1787301000,2026-08-21T08:30:00+00:00,0.9557800596223931,window_close,no,,,15.0545,below_50%,open,,
3034,1787214210,2026-08-20T08:23:30+00:00,GRIFFAINUSDT,LONG,ema_cross_confirmed,0.012839,0.012839,0.012839,tp_first,1787214600,2026-08-20T08:30:00+00:00,nan,target_touch,no,,,15.0545,below_50%,ttl_expired,,
2874,1787214255,2026-08-20T08:24:15+00:00,CHILLGUYUSDT,LONG,ema_cross_confirmed,0.011724,0.011256310344827587,0.012659379310344826,tp_first,1787296500,2026-08-21T07:15:00+00:00,2.0,target_touch,no,,,10.9211,below_50%,tp,1787296469,0.012693
2875,1787214256,2026-08-20T08:24:16+00:00,RVNUSDT,LONG,ema_cross_confirmed,0.002876,0.0027506206896551724,0.0031267586206896554,tp_first,1787294700,2026-08-21T06:45:00+00:00,2.0,target_touch,no,,,9.4785,below_50%,tp,1787294726,0.0031267586206896554
2876,1787214272,2026-08-20T08:24:32+00:00,BSVUSDT,LONG,ema_cross,15.86,15.554137931034482,16.471724137931034,tp_first,1787293800,2026-08-21T06:30:00+00:00,2.0,target_touch,no,,,14.557,below_50%,tp,1787293026,16.471724137931034
3037,1787214272,2026-08-20T08:24:32+00:00,BSVUSDT,LONG,ema_cross_confirmed,15.86,15.86,15.86,tp_first,1787214600,2026-08-20T08:30:00+00:00,nan,target_touch,no,,,14.557,below_50%,ttl_expired,,
2877,1787214274,2026-08-20T08:24:34+00:00,FUSDT,LONG,ema_cross,0.002809,0.0027572758620689653,0.0029124482758620686,tp_first,1787245200,2026-08-20T17:00:00+00:00,1.9999999999999916,target_touch,no,,,9.0527,below_50%,tp,1787244572,0.0029124482758620686
3038,1787214274,2026-08-20T08:24:34+00:00,FUSDT,LONG,ema_cross_confirmed,0.002809,0.002809,0.002809,tp_first,1787214600,2026-08-20T08:30:00+00:00,nan,target_touch,no,,,9.0527,below_50%,ttl_expired,,
2878,1787214284,2026-08-20T08:24:44+00:00,BIRBUSDT,LONG,ema_cross,0.05435,0.05307655172413793,0.05689689655172414,unresolved,1787301000,2026-08-21T08:30:00+00:00,0.8559436772271846,window_close,no,,,9.964,below_50%,tp,1787305736,0.05715
3039,1787214285,2026-08-20T08:24:45+00:00,BIRBUSDT,LONG,ema_cross_confirmed,0.05435,0.05435,0.05435,tp_first,1787214600,2026-08-20T08:30:00+00:00,nan,target_touch,no,,,9.964,below_50%,ttl_expired,,
2879,1787214311,2026-08-20T08:25:11+00:00,NESUSDT,LONG,ema_cross,0.2169,0.21131379310344828,0.22807241379310347,unresolved,1787301000,2026-08-21T08:30:00+00:00,0.5370370370370368,window_close,no,,,6.0621,below_50%,open,,
3041,1787214311,2026-08-20T08:25:11+00:00,NESUSDT,LONG,ema_cross_confirmed,0.2169,0.2169,0.2169,ambiguous,1787214600,2026-08-20T08:30:00+00:00,nan,both_barriers_same_candle,no,,,6.0621,below_50%,ttl_expired,,
2880,1787214318,2026-08-20T08:25:18+00:00,BSVUSDT,LONG,ema_cross_confirmed,15.97,15.511206896551725,16.88758620689655,tp_first,1787296500,2026-08-21T07:15:00+00:00,1.9999999999999962,target_touch,no,,,14.557,below_50%,tp,1787295871,16.91
2881,1787214319,2026-08-20T08:25:19+00:00,BIRBUSDT,LONG,ema_cross_confirmed,0.05496,0.053049827586206896,0.05878034482758621,unresolved,1787301000,2026-08-21T08:30:00+00:00,0.2512862171676148,window_close,no,,,9.964,below_50%,open,,
2882,1787214605,2026-08-20T08:30:05+00:00,DIAUSDT,LONG,ema_cross_confirmed,0.1336,0.12611551724137932,0.14856896551724136,unresolved,1787301900,2026-08-21T08:45:00+00:00,0.8818244644091227,window_close,no,,,6.3694,below_50%,open,,
2883,1787214620,2026-08-20T08:30:20+00:00,FUSDT,LONG,ema_cross_confirmed,0.00285,0.0027724137931034484,0.0030051724137931035,tp_first,1787301900,2026-08-21T08:45:00+00:00,2.0,target_touch,no,,,9.2437,below_50%,tp,1787301487,0.003018
2884,1787214923,2026-08-20T08:35:23+00:00,COINXUSDT,LONG,overheated_24h,169.91,166.2917857142857,177.14642857142857,tp_first,1787276700,2026-08-21T01:45:00+00:00,2.0,target_touch,no,,,17.8977,below_50%,tp,1787290361,177.98
3046,1787214924,2026-08-20T08:35:24+00:00,COINXUSDT,LONG,overheated_confirmed,169.91,169.91,169.91,ambiguous,1787215500,2026-08-20T08:45:00+00:00,nan,both_barriers_same_candle,no,,,17.8977,below_50%,ttl_expired,,
2885,1787214947,2026-08-20T08:35:47+00:00,BRETTUSDT,LONG,overheated_24h,0.004272,0.0041340535714285715,0.004547892857142857,tp_first,1787226300,2026-08-20T11:45:00+00:00,2.000000000000006,target_touch,no,,,17.7827,below_50%,tp,1787226057,0.004593
3047,1787214948,2026-08-20T08:35:48+00:00,BRETTUSDT,LONG,overheated_confirmed,0.004272,0.004272,0.004272,ambiguous,1787215500,2026-08-20T08:45:00+00:00,nan,both_barriers_same_candle,no,,,17.7827,below_50%,ttl_expired,,
2886,1787214979,2026-08-20T08:36:19+00:00,CRVUSDT,LONG,overheated_24h,0.2724,0.2628535714285714,0.2914928571428571,tp_first,1787274000,2026-08-21T01:00:00+00:00,2.0,target_touch,no,,,15.6913,below_50%,tp,1787290361,0.3144
3050,1787214979,2026-08-20T08:36:19+00:00,CRVUSDT,LONG,overheated_confirmed,0.2724,0.2724,0.2724,ambiguous,1787215500,2026-08-20T08:45:00+00:00,nan,both_barriers_same_candle,no,,,15.6913,below_50%,ttl_expired,,
2887,1787214981,2026-08-20T08:36:21+00:00,COINXUSDT,LONG,overheated_confirmed,171.41,167.7917857142857,178.64642857142857,sl_first,1787233500,2026-08-20T13:45:00+00:00,-1.0,stop_touch,no,,,17.8977,below_50%,sl,1787232767,166.96
2888,1787214994,2026-08-20T08:36:34+00:00,MSTRXUSDT,LONG,overheated_24h,112.26,109.29267857142858,118.19464285714287,sl_first,1787237100,2026-08-20T14:45:00+00:00,-1.0,stop_touch,no,,,21.7283,below_50%,sl,1787236813,109.29267857142858
3052,1787215039,2026-08-20T08:37:19+00:00,CRCLXUSDT,LONG,overheated_confirmed,82.66,82.66,82.66,ambiguous,1787215500,2026-08-20T08:45:00+00:00,nan,both_barriers_same_candle,no,,,17.8868,below_50%,ttl_expired,,
2889,1787215042,2026-08-20T08:37:22+00:00,CRVUSDT,LONG,overheated_confirmed,0.2728,0.2632535714285714,0.2918928571428571,tp_first,1787274000,2026-08-21T01:00:00+00:00,2.0,target_touch,no,,,15.6913,below_50%,tp,1787290361,0.3144
2890,1787215043,2026-08-20T08:37:23+00:00,MSTRXUSDT,LONG,overheated_confirmed,112.53,109.56267857142858,118.46464285714285,sl_first,1787233500,2026-08-20T13:45:00+00:00,-1.0,stop_touch,no,,,21.7283,below_50%,sl,1787232767,109.56267857142858
2891,1787215149,2026-08-20T08:39:09+00:00,PEPEUSDT,LONG,overheated_24h,3.139e-06,3.0614285714285716e-06,3.294142857142857e-06,tp_first,1787288400,2026-08-21T05:00:00+00:00,2.0000000000000053,target_touch,no,,,22.1661,below_50%,tp,1787290361,3.35e-06
3057,1787215149,2026-08-20T08:39:09+00:00,PEPEUSDT,LONG,overheated_confirmed,3.139e-06,3.139e-06,3.139e-06,ambiguous,1787215500,2026-08-20T08:45:00+00:00,nan,both_barriers_same_candle,no,,,22.1661,below_50%,ttl_expired,,
3058,1787215173,2026-08-20T08:39:33+00:00,REDUSDT,LONG,overheated_confirmed,0.1127,0.1127,0.1127,ambiguous,1787215500,2026-08-20T08:45:00+00:00,nan,both_barriers_same_candle,no,,,38.6574,below_50%,ttl_expired,,
2892,1787215179,2026-08-20T08:39:39+00:00,VELODROMEUSDT,LONG,overheated_24h,0.01931,0.01881714285714286,0.020295714285714285,tp_first,1787300100,2026-08-21T08:15:00+00:00,2.0,target_touch,no,,,18.3022,below_50%,tp,1787300109,0.0203
2893,1787215188,2026-08-20T08:39:48+00:00,牛来USDT,LONG,overheated_early,0.046,0.03444727272727272,0.06910545454545455,tp_first,1787217300,2026-08-20T09:15:00+00:00,2.0,target_touch,no,,,38.3025,below_50%,tp,1787221736,0.06910545454545455
2894,1787215224,2026-08-20T08:40:24+00:00,PEPEUSDT,LONG,overheated_confirmed,3.146e-06,3.0684285714285717e-06,3.3011428571428567e-06,sl_first,1787220900,2026-08-20T10:15:00+00:00,-1.0,stop_touch,no,,,22.1661,below_50%,sl,1787220322,3.0684285714285717e-06
3059,1787215281,2026-08-20T08:41:21+00:00,ETHFIUSDT,LONG,overheated_confirmed,0.5571,0.5571,0.5571,ambiguous,1787215500,2026-08-20T08:45:00+00:00,nan,both_barriers_same_candle,no,,,18.7513,below_50%,ttl_expired,,
3060,1787215296,2026-08-20T08:41:36+00:00,BMNRUSDT,LONG,overheated_confirmed,21.85,21.85,21.85,ambiguous,1787215500,2026-08-20T08:45:00+00:00,nan,both_barriers_same_candle,no,,,20.5562,below_50%,ttl_expired,,
2895,1787215303,2026-08-20T08:41:43+00:00,PENDLEUSDT,LONG,overheated_24h,1.499,1.4543750000000002,1.5882500000000002,sl_first,1787220000,2026-08-20T10:00:00+00:00,-1.0,stop_touch,no,,,18.2879,below_50%,sl,1787219358,1.4543750000000002
3061,1787215304,2026-08-20T08:41:44+00:00,PENDLEUSDT,LONG,overheated_confirmed,1.499,1.499,1.499,ambiguous,1787215500,2026-08-20T08:45:00+00:00,nan,both_barriers_same_candle,no,,,18.2879,below_50%,ttl_expired,,
2896,1787216264,2026-08-20T08:57:44+00:00,KAIAUSDT,LONG,ema_cross,0.02506,0.024593448275862066,0.02599310344827586,tp_first,1787262300,2026-08-20T21:45:00+00:00,1.9999999999999927,target_touch,no,,,13.2644,below_50%,tp,1787261972,0.02601
3072,1787216264,2026-08-20T08:57:44+00:00,KAIAUSDT,LONG,ema_cross_confirmed,0.02506,0.02506,0.02506,tp_first,1787216400,2026-08-20T09:00:00+00:00,nan,target_touch,no,,,13.2644,below_50%,ttl_expired,,
2897,1787216306,2026-08-20T08:58:26+00:00,KAIAUSDT,LONG,ema_cross_confirmed,0.02514,0.024440172413793104,0.02653965517241379,tp_first,1787268600,2026-08-20T23:30:00+00:00,2.0,target_touch,no,,,13.2644,below_50%,tp,1787268004,0.02655
2898,1787216407,2026-08-20T09:00:07+00:00,BANANAS31USDT,LONG,ema_cross_confirmed,0.009079,0.008755465517241379,0.009726068965517243,unresolved,1787303700,2026-08-21T09:15:00+00:00,0.31217692512656575,window_close,no,,,10.9089,below_50%,open,,
2899,1787216420,2026-08-20T09:00:20+00:00,GRIFFAINUSDT,LONG,ema_cross_confirmed,0.01297,0.012345379310344828,0.014219241379310346,unresolved,1787303700,2026-08-21T09:15:00+00:00,-0.06243789334216761,window_close,no,,,15.0545,below_50%,open,,
2900,1787216425,2026-08-20T09:00:25+00:00,BRETTUSDT,LONG,overheated_confirmed,0.004281,0.004143053571428572,0.004556892857142857,tp_first,1787226300,2026-08-20T11:45:00+00:00,2.0,target_touch,no,,,17.7827,below_50%,tp,1787226057,0.004593
2901,1787216804,2026-08-20T09:06:44+00:00,JCTUSDT,LONG,range_breakout_long,0.002158,0.0018343,0.0028054000000000004,sl_first,1787238900,2026-08-20T15:15:00+00:00,-1.0,stop_touch,no,,,29.5278,below_50%,sl,1787238249,0.001831
2902,1787217079,2026-08-20T09:11:19+00:00,CCUSDT,LONG,overheated_24h,0.10449,0.10115839285714286,0.11115321428571427,sl_first,1787251500,2026-08-20T18:45:00+00:00,-1.0,stop_touch,no,,,16.5402,below_50%,sl,1787250970,0.10115839285714286
2903,1787217112,2026-08-20T09:11:52+00:00,LITUSDT,LONG,overheated_early,2.875,2.757892857142857,3.1092142857142857,sl_first,1787227200,2026-08-20T12:00:00+00:00,-1.0,stop_touch,no,,,31.2004,below_50%,sl,1787226951,2.757892857142857
2904,1787217256,2026-08-20T09:14:16+00:00,牛来USDT,LONG,overheated_24h,0.06583,0.05427727272727272,0.08893545454545455,sl_first,1787259600,2026-08-20T21:00:00+00:00,-1.0,stop_touch,no,,,94.8457,at_or_above_50%,sl,1787259033,0.05427727272727272
3075,1787217257,2026-08-20T09:14:17+00:00,牛来USDT,LONG,overheated_confirmed,0.06583,0.06583,0.06583,ambiguous,1787217300,2026-08-20T09:15:00+00:00,nan,both_barriers_same_candle,no,,,94.8457,at_or_above_50%,ttl_expired,,
2905,1787217269,2026-08-20T09:14:29+00:00,ORDIUSDT,LONG,overheated_24h,3.961,3.856160714285714,4.170678571428571,tp_first,1787220900,2026-08-20T10:15:00+00:00,1.9999999999999958,target_touch,no,,,16.7013,below_50%,tp,1787220445,4.170678571428571
2906,1787217286,2026-08-20T09:14:46+00:00,XRPUSDT,LONG,overheated_24h,1.1584,1.1381875000000001,1.198825,tp_first,1787232600,2026-08-20T13:30:00+00:00,2.0,target_touch,no,,,15.2358,below_50%,tp,1787232103,1.2008
2907,1787217304,2026-08-20T09:15:04+00:00,JCTUSDT,LONG,overheated_24h,0.002249,0.0019625535714285717,0.0028218928571428574,sl_first,1787230800,2026-08-20T13:00:00+00:00,-1.0,stop_touch,no,,,35.8039,below_50%,sl,1787230187,0.0019625535714285717
3076,1787217305,2026-08-20T09:15:05+00:00,JCTUSDT,LONG,overheated_confirmed,0.002249,0.002249,0.002249,ambiguous,1787218200,2026-08-20T09:30:00+00:00,nan,both_barriers_same_candle,no,,,35.8039,below_50%,ttl_expired,,
2908,1787217312,2026-08-20T09:15:12+00:00,MOODENGUSDT,LONG,overheated_24h,0.04047,0.039401785714285716,0.04260642857142857,tp_first,1787238000,2026-08-20T15:00:00+00:00,2.0000000000000067,target_touch,no,,,15.8526,below_50%,tp,1787237950,0.04260642857142857
2909,1787217327,2026-08-20T09:15:27+00:00,CCUSDT,LONG,overheated_confirmed,0.1045,0.10116839285714285,0.11116321428571428,sl_first,1787251500,2026-08-20T18:45:00+00:00,-1.0,stop_touch,no,,,16.5515,below_50%,sl,1787250970,0.10116839285714285
2910,1787217329,2026-08-20T09:15:29+00:00,XRPUSDT,LONG,overheated_confirmed,1.1612,1.1409875,1.201625,tp_first,1787232600,2026-08-20T13:30:00+00:00,2.0,target_touch,no,,,16.0136,below_50%,tp,1787232103,1.201625
2911,1787217389,2026-08-20T09:16:29+00:00,JCTUSDT,LONG,overheated_confirmed,0.002222,0.0019355535714285714,0.0027948928571428573,sl_first,1787233500,2026-08-20T13:45:00+00:00,-1.0,stop_touch,no,,,35.8039,below_50%,sl,1787232884,0.0019355535714285714
2912,1787217396,2026-08-20T09:16:36+00:00,FORMUSDT,LONG,overheated_24h,0.234,0.22745357142857145,0.24709285714285714,tp_first,1787218200,2026-08-20T09:30:00+00:00,2.0,target_touch,no,,,18.2088,below_50%,tp,1787217534,0.24709285714285714
2913,1787217423,2026-08-20T09:17:03+00:00,牛来USDT,SHORT,pump_24h_fade,0.06583,0.0737296,0.0500308,sl_first,1787289300,2026-08-21T05:15:00+00:00,-1.0,stop_touch,yes,1787217257,overheated_confirmed,115.1235,at_or_above_50%,sl,1787297822,0.0737296
2914,1787217423,2026-08-20T09:17:03+00:00,BIOUSDT,SHORT,pump_24h_fade,0.03328,0.0372736,0.025292799999999997,unresolved,1787304600,2026-08-21T09:30:00+00:00,0.39563301282051233,window_close,no,,,35.8035,below_50%,open,,
2915,1787217424,2026-08-20T09:17:04+00:00,BOMEUSDT,SHORT,pump_24h_fade,0.0011485,0.00128632,0.00087286,sl_first,1787225400,2026-08-20T11:30:00+00:00,-1.0,stop_touch,no,,,58.1913,at_or_above_50%,sl,1787225033,0.00128632
2916,1787217450,2026-08-20T09:17:30+00:00,FORMUSDT,LONG,overheated_confirmed,0.237,0.23045357142857142,0.2500928571428571,tp_first,1787218200,2026-08-20T09:30:00+00:00,2.0,target_touch,no,,,18.2088,below_50%,tp,1787217980,0.2500928571428571
2917,1787217474,2026-08-20T09:17:54+00:00,牛来USDT,SHORT,pump_fade_confirmed,0.06101,0.06833120000000001,0.0463676,sl_first,1787221800,2026-08-20T10:30:00+00:00,-1.0,stop_touch,yes,1787217257,overheated_confirmed,115.1235,at_or_above_50%,sl,1787221675,0.06838
2918,1787218027,2026-08-20T09:27:07+00:00,COREUSDT,LONG,bb_squeeze,0.02219,0.02186732673267327,0.022835346534653467,tp_first,1787240700,2026-08-20T15:45:00+00:00,2.0,target_touch,no,,,8.6999,below_50%,tp,1787240314,0.02304
2919,1787218135,2026-08-20T09:28:55+00:00,AIAUSDT,LONG,bb_squeeze,0.07032,0.06964554455445544,0.07166891089108911,tp_first,1787224500,2026-08-20T11:15:00+00:00,2.0000000000000204,target_touch,no,,,2.6645,below_50%,tp,1787224015,0.07166891089108911
2920,1787218202,2026-08-20T09:30:02+00:00,SKYAIUSDT,LONG,ema_cross_confirmed,0.07428,0.06589344827586208,0.09105310344827584,unresolved,1787305500,2026-08-21T09:45:00+00:00,-0.04054109617203162,window_close,no,,,33.1232,below_50%,open,,
2921,1787218254,2026-08-20T09:30:54+00:00,BIOUSDT,SHORT,pump_fade_confirmed,0.03328,0.0372736,0.025292799999999997,unresolved,1787305500,2026-08-21T09:45:00+00:00,0.2629206730769219,window_close,no,,,36.0451,below_50%,open,,
2922,1787218257,2026-08-20T09:30:57+00:00,MAGMAUSDT,LONG,overheated_confirmed,0.25039,0.23601250000000001,0.279145,sl_first,1787224500,2026-08-20T11:15:00+00:00,-1.0,stop_touch,no,,,47.3276,below_50%,sl,1787224196,0.23598
2923,1787218530,2026-08-20T09:35:30+00:00,牛来USDT,SHORT,high_rejection_short,0.06583,0.0710964,0.05529719999999999,sl_first,1787223600,2026-08-20T11:00:00+00:00,-1.0,stop_touch,yes,1787217257,overheated_confirmed,115.1235,at_or_above_50%,sl,1787223057,0.0710964
2924,1787218564,2026-08-20T09:36:04+00:00,ACEUSDT,LONG,low_rejection_long,0.1849,0.17763571428571429,0.19942857142857146,tp_first,1787219100,2026-08-20T09:45:00+00:00,2.0,target_touch,no,,,32.5868,below_50%,tp,1787218611,0.19942857142857146
2925,1787219112,2026-08-20T09:45:12+00:00,MOODENGUSDT,LONG,overheated_confirmed,0.04082,0.03975178571428572,0.04295642857142857,tp_first,1787244300,2026-08-20T16:45:00+00:00,2.0,target_touch,no,,,16.4954,below_50%,tp,1787243942,0.04296
2926,1787219121,2026-08-20T09:45:21+00:00,MAGMAUSDT,LONG,overheated_24h,0.25619,0.2404667857142857,0.28763642857142857,sl_first,1787223600,2026-08-20T11:00:00+00:00,-1.0,stop_touch,no,,,53.7344,at_or_above_50%,sl,1787222997,0.23841
3097,1787219122,2026-08-20T09:45:22+00:00,MAGMAUSDT,LONG,overheated_confirmed,0.25619,0.25619,0.25619,ambiguous,1787220000,2026-08-20T10:00:00+00:00,nan,both_barriers_same_candle,no,,,53.7344,at_or_above_50%,ttl_expired,,
2927,1787219172,2026-08-20T09:46:12+00:00,USELESSUSDT,LONG,overheated_confirmed,0.0487,0.04603642857142857,0.054027142857142864,tp_first,1787299200,2026-08-21T08:00:00+00:00,2.0,target_touch,no,,,35.5703,below_50%,tp,1787298871,0.0543
2928,1787219174,2026-08-20T09:46:14+00:00,SPKUSDT,LONG,ema_cross_confirmed,0.01476,0.014401551724137932,0.015476896551724137,tp_first,1787258700,2026-08-20T20:45:00+00:00,2.0,target_touch,no,,,14.0445,below_50%,tp,1787258614,0.01549
2929,1787219474,2026-08-20T09:51:14+00:00,ENAUSDT,LONG,overheated_24h,0.09749,0.09465767857142857,0.10315464285714285,tp_first,1787246100,2026-08-20T17:15:00+00:00,2.0,target_touch,no,,,16.6965,below_50%,tp,1787245384,0.10325
3098,1787219474,2026-08-20T09:51:14+00:00,ENAUSDT,LONG,overheated_confirmed,0.09749,0.09749,0.09749,sl_first,1787220000,2026-08-20T10:00:00+00:00,nan,stop_touch,no,,,16.6965,below_50%,ttl_expired,,
2930,1787220008,2026-08-20T10:00:08+00:00,AVAAIUSDT,LONG,ema_cross_confirmed,0.017606,0.01619253448275862,0.01901946551724138,tp_first,1787237100,2026-08-20T14:45:00+00:00,1.0,target_touch,no,,,42.3053,below_50%,tp,1787237174,0.01901946551724138
2931,1787220056,2026-08-20T10:00:56+00:00,AKEUSDT,LONG,bb_squeeze,0.0088437,0.008407855445544553,0.00971538910891089,sl_first,1787231700,2026-08-20T13:15:00+00:00,-1.0,stop_touch,no,,,12.1643,below_50%,sl,1787231603,0.0083786
2932,1787220104,2026-08-20T10:01:44+00:00,SPCXUSDT,SHORT,bb_squeeze,137.65,138.8708910891089,135.2082178217822,tp_first,1787234400,2026-08-20T14:00:00+00:00,2.0,target_touch,no,,,6.3089,below_50%,tp,1787233659,135.2082178217822
2933,1787220112,2026-08-20T10:01:52+00:00,ROBOUSDT,LONG,bb_squeeze,0.01323,0.01294851485148515,0.013792970297029703,tp_first,1787228100,2026-08-20T12:15:00+00:00,2.0,target_touch,no,,,4.5597,below_50%,tp,1787227497,0.01382
2934,1787220207,2026-08-20T10:03:27+00:00,BSBUSDT,LONG,bb_squeeze,0.12787,0.1247809900990099,0.13404801980198022,sl_first,1787222700,2026-08-20T10:45:00+00:00,-1.0,stop_touch,no,,,7.691,below_50%,sl,1787222156,0.12474
2935,1787220216,2026-08-20T10:03:36+00:00,4USDT,LONG,bb_squeeze,0.011567,0.011355811881188118,0.01198937623762376,sl_first,1787224500,2026-08-20T11:15:00+00:00,-1.0,stop_touch,no,,,9.9915,below_50%,sl,1787224015,0.011355
2936,1787220274,2026-08-20T10:04:34+00:00,QUSDT,SHORT,bb_squeeze,0.0205,0.02105093069306931,0.019398138613861388,sl_first,1787243400,2026-08-20T16:30:00+00:00,-1.0,stop_touch,no,,,4.9188,below_50%,sl,1787242921,0.021206
2937,1787220278,2026-08-20T10:04:38+00:00,ACEUSDT,LONG,bb_squeeze,0.2104,0.1979960396039604,0.2352079207920792,sl_first,1787221800,2026-08-20T10:30:00+00:00,-1.0,stop_touch,no,,,32.5868,below_50%,sl,1787221138,0.1979960396039604
2938,1787220288,2026-08-20T10:04:48+00:00,SWARMSUSDT,LONG,bb_squeeze,0.008618,0.008478831683168318,0.008896336633663366,tp_first,1787224500,2026-08-20T11:15:00+00:00,2.0,target_touch,no,,,8.8833,below_50%,tp,1787223835,0.008896336633663366
2939,1787220630,2026-08-20T10:10:30+00:00,METUSDT,SHORT,high_rejection_short,0.2163,0.22388571428571427,0.20112857142857143,sl_first,1787275800,2026-08-21T01:30:00+00:00,-1.0,stop_touch,no,,,35.2976,below_50%,sl,1787290361,0.2252
2940,1787220927,2026-08-20T10:15:27+00:00,ORDIUSDT,LONG,overheated_confirmed,4.238,4.133160714285715,4.447678571428571,sl_first,1787229900,2026-08-20T12:45:00+00:00,-1.0,stop_touch,no,,,26.9539,below_50%,sl,1787229586,4.133160714285715
2941,1787221297,2026-08-20T10:21:37+00:00,HYPEUSDT,LONG,overheated_early,73.594,71.27858928571428,78.22482142857142,sl_first,1787229000,2026-08-20T12:30:00+00:00,-1.0,stop_touch,no,,,28.1223,below_50%,sl,1787228484,71.27858928571428
2942,1787221314,2026-08-20T10:21:54+00:00,ETHUSDT,LONG,overheated_early,2290.97,2243.9508928571427,2385.008214285714,tp_first,1787296500,2026-08-21T07:15:00+00:00,2.0,target_touch,no,,,21.9796,below_50%,tp,1787296529,2385.008214285714
2943,1787221343,2026-08-20T10:22:23+00:00,ENAUSDT,LONG,overheated_early,0.09782,0.09498767857142858,0.10348464285714287,tp_first,1787246100,2026-08-20T17:15:00+00:00,2.000000000000005,target_touch,no,,,17.3061,below_50%,tp,1787245474,0.10367
2944,1787221423,2026-08-20T10:23:43+00:00,PYTHUSDT,LONG,overheated_24h,0.04425,0.04304517857142857,0.04665964285714286,tp_first,1787290200,2026-08-21T05:30:00+00:00,2.0,target_touch,no,,,16.82,below_50%,tp,1787290411,0.04668
3118,1787221423,2026-08-20T10:23:43+00:00,PYTHUSDT,LONG,overheated_confirmed,0.04425,0.04425,0.04425,ambiguous,1787221800,2026-08-20T10:30:00+00:00,nan,both_barriers_same_candle,no,,,16.82,below_50%,ttl_expired,,
2945,1787221434,2026-08-20T10:23:54+00:00,EDGEXUSDT,LONG,overheated_early,0.3424,0.3263553571428571,0.3744892857142857,sl_first,1787226300,2026-08-20T11:45:00+00:00,-1.0,stop_touch,no,,,31.9759,below_50%,sl,1787226116,0.3263553571428571
2946,1787221438,2026-08-20T10:23:58+00:00,JCTUSDT,LONG,overheated_early,0.002071,0.0017845535714285713,0.0026438928571428572,unresolved,1787308200,2026-08-21T10:30:00+00:00,-0.010473162521039709,window_close,no,,,35.8039,below_50%,open,,
2947,1787221493,2026-08-20T10:24:53+00:00,XRPUSDT,LONG,overheated_early,1.1612,1.1409875,1.201625,tp_first,1787232600,2026-08-20T13:30:00+00:00,2.0,target_touch,no,,,16.0136,below_50%,tp,1787232103,1.201625
2948,1787221527,2026-08-20T10:25:27+00:00,TURBOUSDT,LONG,overheated_24h,0.0008785,0.000860725,0.00091405,tp_first,1787240700,2026-08-20T15:45:00+00:00,1.999999999999994,target_touch,no,,,14.6789,below_50%,tp,1787240134,0.0009146
2949,1787221571,2026-08-20T10:26:11+00:00,SUSDT,LONG,overheated_24h,0.02449,0.023861607142857143,0.025746785714285715,tp_first,1787300100,2026-08-21T08:15:00+00:00,1.9999999999999944,target_touch,no,,,16.8167,below_50%,tp,1787299444,0.02579
2950,1787221611,2026-08-20T10:26:51+00:00,USELESSUSDT,SHORT,pump_24h_fade,0.04842,0.0542304,0.0367992,sl_first,1787299200,2026-08-21T08:00:00+00:00,-1.0,stop_touch,yes,1787219172,overheated_confirmed,35.5194,below_50%,sl,1787298871,0.0543
3120,1787221611,2026-08-20T10:26:51+00:00,USELESSUSDT,SHORT,pump_fade_confirmed,0.04842,0.04842,0.04842,ambiguous,1787221800,2026-08-20T10:30:00+00:00,nan,both_barriers_same_candle,yes,1787219172,overheated_confirmed,35.5194,below_50%,ttl_expired,,
2951,1787222472,2026-08-20T10:41:12+00:00,ILVUSDT,LONG,ema_cross,3.149,3.0932758620689653,3.260448275862069,tp_first,1787243400,2026-08-20T16:30:00+00:00,1.999999999999992,target_touch,no,,,10.3352,below_50%,tp,1787243405,3.261
3128,1787222473,2026-08-20T10:41:13+00:00,ILVUSDT,LONG,ema_cross_confirmed,3.149,3.149,3.149,tp_first,1787222700,2026-08-20T10:45:00+00:00,nan,target_touch,no,,,10.3352,below_50%,ttl_expired,,
2953,1787222730,2026-08-20T10:45:30+00:00,ENAUSDT,LONG,overheated_confirmed,0.09943,0.09659767857142858,0.10509464285714286,tp_first,1787247000,2026-08-20T17:30:00+00:00,2.0,target_touch,no,,,19.0869,below_50%,tp,1787246346,0.10532
2954,1787223430,2026-08-20T10:57:10+00:00,ARBUSDT,LONG,overheated_early,0.08875,0.08625142857142856,0.09374714285714285,tp_first,1787298300,2026-08-21T07:45:00+00:00,1.9999999999999944,target_touch,no,,,17.892,below_50%,tp,1787298216,0.09379
2955,1787223470,2026-08-20T10:57:50+00:00,WIFUSDT,LONG,overheated_24h,0.1568,0.15329107142857143,0.16381785714285713,tp_first,1787247000,2026-08-20T17:30:00+00:00,2.0,target_touch,no,,,15.3338,below_50%,tp,1787246974,0.16381785714285713
2966,1787224402,2026-08-20T11:13:22+00:00,BMTUSDT,LONG,bb_squeeze,0.0173,0.01686217821782178,0.018175643564356435,sl_first,1787224500,2026-08-20T11:15:00+00:00,-1.0,stop_touch,no,,,14.3137,below_50%,sl,1787224497,0.01686217821782178
2967,1787224517,2026-08-20T11:15:17+00:00,ETHFIUSDT,LONG,overheated_confirmed,0.5823,0.5575821428571429,0.6317357142857143,sl_first,1787227200,2026-08-20T12:00:00+00:00,-1.0,stop_touch,no,,,20.8755,below_50%,sl,1787226951,0.5542
2970,1787225080,2026-08-20T11:24:40+00:00,RATSUSDT,LONG,range_breakout_long,4.488e-05,4.03821e-05,5.387579999999999e-05,sl_first,1787292900,2026-08-21T06:15:00+00:00,-1.0,stop_touch,no,,,13.807,below_50%,sl,1787292667,4.03821e-05
2971,1787225459,2026-08-20T11:30:59+00:00,BOMEUSDT,LONG,overheated_confirmed,0.0012942,0.0012280874999999998,0.00139336875,sl_first,1787229000,2026-08-20T12:30:00+00:00,-1.0,stop_touch,no,,,74.9067,at_or_above_50%,sl,1787228423,0.0012280874999999998
2972,1787225490,2026-08-20T11:31:30+00:00,METUSDT,LONG,overheated_early,0.2085,0.20002499999999998,0.22544999999999998,tp_first,1787289300,2026-08-21T05:15:00+00:00,1.9999999999999967,target_touch,no,,,34.6628,below_50%,tp,1787302569,0.22544999999999998
2973,1787225505,2026-08-20T11:31:45+00:00,BRETTUSDT,LONG,overheated_early,0.004405,0.004267053571428572,0.004680892857142857,tp_first,1787228100,2026-08-20T12:15:00+00:00,2.000000000000006,target_touch,no,,,20.6051,below_50%,tp,1787227614,0.0047
2974,1787225510,2026-08-20T11:31:50+00:00,ETHFIUSDT,LONG,overheated_early,0.5633,0.5385821428571429,0.6127357142857143,sl_first,1787229000,2026-08-20T12:30:00+00:00,-1.0,stop_touch,no,,,20.8755,below_50%,sl,1787228305,0.5385821428571429
2975,1787225555,2026-08-20T11:32:35+00:00,MEGAUSDT,LONG,overheated_early,0.03707,0.03580571428571429,0.03959857142857143,tp_first,1787299200,2026-08-21T08:00:00+00:00,2.0000000000000053,target_touch,no,,,19.3027,below_50%,tp,1787299172,0.03976
2976,1787225592,2026-08-20T11:33:12+00:00,USELESSUSDT,LONG,overheated_early,0.04752,0.04485642857142857,0.05284714285714286,tp_first,1787299200,2026-08-21T08:00:00+00:00,2.0,target_touch,no,,,34.5554,below_50%,tp,1787298395,0.05285
2977,1787225640,2026-08-20T11:34:00+00:00,PEPEUSDT,LONG,overheated_early,3.115e-06,3.0374285714285715e-06,3.270142857142857e-06,tp_first,1787277600,2026-08-21T02:00:00+00:00,2.0000000000000053,target_touch,no,,,24.0062,below_50%,tp,1787290361,3.35e-06
2979,1787225739,2026-08-20T11:35:39+00:00,CROUSDT,LONG,overheated_24h,0.05306,0.052235000000000004,0.05471,tp_first,1787239800,2026-08-20T15:30:00+00:00,2.0,target_touch,no,,,15.2612,below_50%,tp,1787239806,0.05471
3144,1787225812,2026-08-20T11:36:52+00:00,AVAAIUSDT,SHORT,pump_fade_confirmed,0.018238,0.018238,0.018238,ambiguous,1787226300,2026-08-20T11:45:00+00:00,nan,both_barriers_same_candle,no,,,42.3053,below_50%,ttl_expired,,
3145,1787225812,2026-08-20T11:36:52+00:00,BOMEUSDT,SHORT,pump_fade_confirmed,0.0012981,0.0012981,0.0012981,ambiguous,1787226300,2026-08-20T11:45:00+00:00,nan,both_barriers_same_candle,yes,1787225459,overheated_confirmed,74.9067,at_or_above_50%,ttl_expired,,
2980,1787225813,2026-08-20T11:36:53+00:00,AVAAIUSDT,SHORT,pump_24h_fade,0.018238,0.02042656,0.01386088,sl_first,1787249700,2026-08-20T18:15:00+00:00,-1.0,stop_touch,no,,,42.3053,below_50%,sl,1787249480,0.02042656
2981,1787225813,2026-08-20T11:36:53+00:00,BOMEUSDT,SHORT,pump_24h_fade,0.0012981,0.001453872,0.000986556,sl_first,1787298300,2026-08-21T07:45:00+00:00,-1.0,stop_touch,yes,1787225459,overheated_confirmed,74.9067,at_or_above_50%,sl,1787298216,0.001453872
2982,1787226313,2026-08-20T11:45:13+00:00,BRETTUSDT,LONG,overheated_confirmed,0.004622,0.004484053571428572,0.004828919642857143,sl_first,1787229900,2026-08-20T12:45:00+00:00,-1.0,stop_touch,no,,,26.8738,below_50%,sl,1787229586,0.004484053571428572
2983,1787226324,2026-08-20T11:45:24+00:00,PYTHUSDT,LONG,overheated_confirmed,0.04456,0.04335517857142857,0.04696964285714286,sl_first,1787229000,2026-08-20T12:30:00+00:00,-1.0,stop_touch,no,,,17.5531,below_50%,sl,1787228606,0.04334
2984,1787226325,2026-08-20T11:45:25+00:00,SUSDT,LONG,overheated_confirmed,0.0247,0.02407160714285714,0.025956785714285717,tp_first,1787301900,2026-08-21T08:45:00+00:00,2.0,target_touch,no,,,16.7766,below_50%,tp,1787301248,0.02596
2985,1787226327,2026-08-20T11:45:27+00:00,WIFUSDT,LONG,overheated_confirmed,0.1573,0.15379107142857143,0.16431785714285713,sl_first,1787233500,2026-08-20T13:45:00+00:00,-1.0,stop_touch,no,,,15.5198,below_50%,sl,1787233126,0.15379107142857143
2987,1787226932,2026-08-20T11:55:32+00:00,ETHFIUSDT,SHORT,high_rejection_short,0.5633,0.5814571428571429,0.5269857142857143,window_not_elapsed,1787310900,2026-08-21T11:15:00+00:00,0.34146341463414515,analysis_run_before_window_end,yes,1787225510,overheated_early,20.8755,below_50%,open,,
2988,1787227215,2026-08-20T12:00:15+00:00,NESUSDT,LONG,ema_cross_confirmed,0.218,0.20962068965517242,0.23475862068965517,window_not_elapsed,1787310900,2026-08-21T11:15:00+00:00,0.6802469135802484,analysis_run_before_window_end,no,,,5.4484,below_50%,open,,
2989,1787227228,2026-08-20T12:00:28+00:00,TURBOUSDT,LONG,overheated_confirmed,0.000887,0.0008692249999999999,0.0009225500000000001,tp_first,1787247000,2026-08-20T17:30:00+00:00,2.0,target_touch,no,,,15.649,below_50%,tp,1787246974,0.000923
2995,1787227524,2026-08-20T12:05:24+00:00,PENGUUSDT,LONG,overheated_24h,0.007209,0.007001035714285715,0.0076249285714285716,sl_first,1787233500,2026-08-20T13:45:00+00:00,-1.0,stop_touch,no,,,17.7796,below_50%,sl,1787233067,0.006977
3003,1787227555,2026-08-20T12:05:55+00:00,BOMEUSDT,LONG,overheated_24h,0.0013229,0.001248623214285714,0.0014714535714285713,sl_first,1787228100,2026-08-20T12:15:00+00:00,-1.0,stop_touch,yes,1787225813,pump_24h_fade,76.8954,at_or_above_50%,sl,1787228125,0.001248623214285714
3004,1787227561,2026-08-20T12:06:01+00:00,MONUSDT,LONG,overheated_24h,0.0268,0.025788035714285715,0.02882392857142857,sl_first,1787231700,2026-08-20T13:15:00+00:00,-1.0,stop_touch,no,,,24.5274,below_50%,sl,1787231715,0.025788035714285715
3005,1787227577,2026-08-20T12:06:17+00:00,AVAAIUSDT,LONG,overheated_24h,0.017394,0.015902035714285716,0.02037792857142857,tp_first,1787249700,2026-08-20T18:15:00+00:00,2.000000000000002,target_touch,yes,1787225813,pump_24h_fade,42.3053,below_50%,tp,1787249480,0.02037792857142857
3006,1787227579,2026-08-20T12:06:19+00:00,PENGUUSDT,LONG,overheated_confirmed,0.007207,0.006999035714285715,0.00762292857142857,sl_first,1787233500,2026-08-20T13:45:00+00:00,-1.0,stop_touch,no,,,17.7796,below_50%,sl,1787233067,0.006977
3007,1787227597,2026-08-20T12:06:37+00:00,INJUSDT,LONG,overheated_24h,4.879,4.730928571428571,5.175142857142856,sl_first,1787230800,2026-08-20T13:00:00+00:00,-1.0,stop_touch,no,,,15.5777,below_50%,sl,1787230544,4.716
3158,1787227597,2026-08-20T12:06:37+00:00,INJUSDT,LONG,overheated_confirmed,4.879,4.879,4.879,ambiguous,1787228100,2026-08-20T12:15:00+00:00,nan,both_barriers_same_candle,no,,,15.5777,below_50%,ttl_expired,,
3009,1787227639,2026-08-20T12:07:19+00:00,MEGAUSDT,LONG,overheated_24h,0.0378,0.03640714285714286,0.04058571428571429,window_not_elapsed,1787310900,2026-08-21T11:15:00+00:00,1.6369230769230783,analysis_run_before_window_end,no,,,20.2151,below_50%,open,,
3010,1787227722,2026-08-20T12:08:42+00:00,BIOUSDT,LONG,overheated_24h,0.03132,0.03004982142857143,0.03386035714285714,window_not_elapsed,1787310900,2026-08-21T11:15:00+00:00,0.9132574159988763,analysis_run_before_window_end,no,,,33.3597,below_50%,open,,
3159,1787227723,2026-08-20T12:08:43+00:00,BIOUSDT,LONG,overheated_confirmed,0.03132,0.03132,0.03132,ambiguous,1787228100,2026-08-20T12:15:00+00:00,nan,both_barriers_same_candle,no,,,33.3597,below_50%,ttl_expired,,
3011,1787227730,2026-08-20T12:08:50+00:00,FLOCKUSDT,LONG,overheated_24h,0.03282,0.031981607142857145,0.034496785714285716,sl_first,1787230800,2026-08-20T13:00:00+00:00,-1.0,stop_touch,no,,,17.9269,below_50%,sl,1787230187,0.03196
3160,1787227730,2026-08-20T12:08:50+00:00,FLOCKUSDT,LONG,overheated_confirmed,0.03282,0.03282,0.03282,ambiguous,1787228100,2026-08-20T12:15:00+00:00,nan,both_barriers_same_candle,no,,,17.9269,below_50%,ttl_expired,,
3012,1787227762,2026-08-20T12:09:22+00:00,FLOCKUSDT,LONG,overheated_confirmed,0.03274,0.03190160714285714,0.03441678571428571,sl_first,1787232600,2026-08-20T13:30:00+00:00,-1.0,stop_touch,no,,,17.9269,below_50%,sl,1787231983,0.03190160714285714
3013,1787227774,2026-08-20T12:09:34+00:00,RPLUSDT,LONG,overheated_early,1.571,1.5284107142857142,1.6561785714285713,tp_first,1787302800,2026-08-21T09:00:00+00:00,1.999999999999995,target_touch,no,,,21.0989,below_50%,tp,1787302093,1.659
3014,1787227791,2026-08-20T12:09:51+00:00,COINXUSDT,LONG,overheated_early,169.95,165.85982142857142,178.13035714285712,tp_first,1787289300,2026-08-21T05:15:00+00:00,2.0,target_touch,no,,,19.3806,below_50%,tp,1787290502,178.16
3015,1787227813,2026-08-20T12:10:13+00:00,PNUTUSDT,LONG,overheated_24h,0.05198,0.05038946428571428,0.05516107142857143,tp_first,1787300100,2026-08-21T08:15:00+00:00,1.9999999999999956,target_touch,no,,,27.1042,below_50%,tp,1787299929,0.05516107142857143
3016,1787227861,2026-08-20T12:11:01+00:00,XLMUSDT,LONG,overheated_24h,0.18165,0.17718375,0.19058250000000002,tp_first,1787247900,2026-08-20T17:45:00+00:00,2.0,target_touch,no,,,15.7801,below_50%,tp,1787247155,0.19083
3017,1787227865,2026-08-20T12:11:05+00:00,CHIPUSDT,LONG,overheated_early,0.03089,0.027820892857142857,0.03702821428571429,window_not_elapsed,1787310900,2026-08-21T11:15:00+00:00,0.6874963635305754,analysis_run_before_window_end,no,,,16.2738,below_50%,open,,
3018,1787227935,2026-08-20T12:12:15+00:00,ORDIUSDT,SHORT,pump_24h_fade,4.425,4.9559999999999995,3.363,window_not_elapsed,1787310900,2026-08-21T11:15:00+00:00,0.022598870056496374,analysis_run_before_window_end,no,,,31.6459,below_50%,open,,
3161,1787227935,2026-08-20T12:12:15+00:00,ORDIUSDT,SHORT,pump_fade_confirmed,4.425,4.425,4.425,ambiguous,1787228100,2026-08-20T12:15:00+00:00,nan,both_barriers_same_candle,no,,,31.6459,below_50%,ttl_expired,,
3020,1787228463,2026-08-20T12:21:03+00:00,SNXXUSDT,SHORT,bb_squeeze,14.385,14.918148514851485,13.318702970297029,sl_first,1787233500,2026-08-20T13:45:00+00:00,-1.0,stop_touch,no,,,22.9765,below_50%,sl,1787232767,15.006
3021,1787228465,2026-08-20T12:21:05+00:00,龙虾USDT,LONG,bb_squeeze,0.021654,0.021138148514851483,0.02268570297029703,sl_first,1787230800,2026-08-20T13:00:00+00:00,-1.0,stop_touch,no,,,8.4102,below_50%,sl,1787230723,0.021071
3022,1787228468,2026-08-20T12:21:08+00:00,QCOMUSDT,SHORT,bb_squeeze,161.24,162.27504950495052,159.16990099009902,sl_first,1787232600,2026-08-20T13:30:00+00:00,-1.0,stop_touch,no,,,4.5868,below_50%,sl,1787232405,162.37
3023,1787228502,2026-08-20T12:21:42+00:00,SIGNUSDT,LONG,bb_squeeze,0.00711,0.00705009900990099,0.00722980198019802,sl_first,1787233500,2026-08-20T13:45:00+00:00,-1.0,stop_touch,no,,,5.4412,below_50%,sl,1787232944,0.00704
3024,1787228512,2026-08-20T12:21:52+00:00,XCUUSDT,SHORT,bb_squeeze,6.523,6.543425742574257,6.482148514851485,sl_first,1787233500,2026-08-20T13:45:00+00:00,-1.0,stop_touch,no,,,1.7937,below_50%,sl,1787232706,6.546
3026,1787228537,2026-08-20T12:22:17+00:00,WDCUSDT,SHORT,bb_squeeze,461.2,467.88811881188116,447.8237623762376,sl_first,1787233500,2026-08-20T13:45:00+00:00,-1.0,stop_touch,no,,,10.623,below_50%,sl,1787233067,467.88811881188116
3028,1787228596,2026-08-20T12:23:16+00:00,AXTIUSDT,SHORT,bb_squeeze,72.78,74.61257425742575,69.11485148514852,sl_first,1787237100,2026-08-20T14:45:00+00:00,-1.0,stop_touch,no,,,23.0705,below_50%,sl,1787237174,74.61257425742575
3029,1787228613,2026-08-20T12:23:33+00:00,ERAUSDT,LONG,bb_squeeze,0.05828,0.05767336633663366,0.05949326732673267,tp_first,1787236200,2026-08-20T14:30:00+00:00,2.0,target_touch,no,,,7.5661,below_50%,tp,1787235853,0.05952
3035,1787228666,2026-08-20T12:24:26+00:00,ORCLXUSDT,SHORT,bb_squeeze,143.01,144.0249504950495,140.98009900990098,sl_first,1787232600,2026-08-20T13:30:00+00:00,-1.0,stop_touch,no,,,6.4073,below_50%,sl,1787232405,144.07
3036,1787228681,2026-08-20T12:24:41+00:00,CHIPUSDT,LONG,bb_squeeze,0.03096,0.030006039603960397,0.03286792079207921,sl_first,1787234400,2026-08-20T14:00:00+00:00,-1.0,stop_touch,no,,,16.2738,below_50%,sl,1787233930,0.02997
3040,1787228732,2026-08-20T12:25:32+00:00,NAS100USDT,SHORT,bb_squeeze,29293.93,29365.00693069307,29151.776138613863,sl_first,1787233500,2026-08-20T13:45:00+00:00,-1.0,stop_touch,no,,,1.5161,below_50%,sl,1787232767,29365.00693069307
3042,1787229030,2026-08-20T12:30:30+00:00,PNUTUSDT,LONG,overheated_confirmed,0.05226,0.05066946428571428,0.05544107142857144,sl_first,1787251500,2026-08-20T18:45:00+00:00,-1.0,stop_touch,no,,,29.7475,below_50%,sl,1787251148,0.05066946428571428
3043,1787229033,2026-08-20T12:30:33+00:00,XLMUSDT,LONG,overheated_confirmed,0.182,0.17753375,0.1909325,tp_first,1787247900,2026-08-20T17:45:00+00:00,2.0,target_touch,no,,,16.0731,below_50%,tp,1787247516,0.19095
3044,1787229210,2026-08-20T12:33:30+00:00,BIOUSDT,LONG,overheated_early,0.03076,0.029489821428571428,0.033300357142857145,window_not_elapsed,1787310900,2026-08-21T11:15:00+00:00,1.354140306481093,analysis_run_before_window_end,no,,,31.6446,below_50%,open,,
3167,1787229269,2026-08-20T12:34:29+00:00,VELODROMEUSDT,LONG,overheated_confirmed,0.01953,0.01953,0.01953,tp_first,1787229900,2026-08-20T12:45:00+00:00,nan,target_touch,no,,,17.6647,below_50%,ttl_expired,,
3168,1787229282,2026-08-20T12:34:42+00:00,PENGUUSDT,LONG,overheated_confirmed,0.007232,0.007232,0.007232,ambiguous,1787229900,2026-08-20T12:45:00+00:00,nan,both_barriers_same_candle,no,,,17.7796,below_50%,ttl_expired,,
3045,1787229348,2026-08-20T12:35:48+00:00,ORDIUSDT,LONG,overheated_24h,4.367,4.229696428571429,4.641607142857143,sl_first,1787229900,2026-08-20T12:45:00+00:00,-1.0,stop_touch,yes,1787227935,pump_24h_fade,31.6459,below_50%,sl,1787229586,4.145
3048,1787229378,2026-08-20T12:36:18+00:00,BOMEUSDT,LONG,overheated_24h,0.0012536,0.001179323214285714,0.0014021535714285713,sl_first,1787236200,2026-08-20T14:30:00+00:00,-1.0,stop_touch,yes,1787225813,pump_24h_fade,74.9671,at_or_above_50%,sl,1787235552,0.0011765
3049,1787229419,2026-08-20T12:36:59+00:00,COLLECTUSDT,LONG,overheated_24h,0.057,0.05412589285714286,0.06274821428571428,tp_first,1787229900,2026-08-20T12:45:00+00:00,1.9999999999999976,target_touch,no,,,18.2213,below_50%,tp,1787229526,0.06339
3051,1787229450,2026-08-20T12:37:30+00:00,COLLECTUSDT,LONG,overheated_confirmed,0.05716,0.05428589285714286,0.06290821428571429,tp_first,1787229900,2026-08-20T12:45:00+00:00,2.0,target_touch,no,,,18.2213,below_50%,tp,1787229526,0.06339
3053,1787229491,2026-08-20T12:38:11+00:00,FORMUSDT,LONG,overheated_24h,0.2429,0.2344357142857143,0.2598285714285714,tp_first,1787299200,2026-08-21T08:00:00+00:00,2.0,target_touch,no,,,23.7955,below_50%,tp,1787298932,0.2602
3054,1787229515,2026-08-20T12:38:35+00:00,BRETTUSDT,LONG,overheated_24h,0.00464,0.004478857142857143,0.004962285714285714,sl_first,1787229900,2026-08-20T12:45:00+00:00,-1.0,stop_touch,no,,,28.5909,below_50%,sl,1787229586,0.004478857142857143
3055,1787229529,2026-08-20T12:38:49+00:00,牛来USDT,LONG,overheated_early,0.0587,0.0439875,0.08812500000000001,window_not_elapsed,1787310900,2026-08-21T11:15:00+00:00,0.6178419711129991,analysis_run_before_window_end,no,,,126.0185,at_or_above_50%,open,,
3056,1787229587,2026-08-20T12:39:47+00:00,LITUSDT,LONG,overheated_early,2.725,2.5963214285714287,2.982357142857143,window_not_elapsed,1787310900,2026-08-21T11:15:00+00:00,0.19428254232583891,analysis_run_before_window_end,no,,,28.2571,below_50%,open,,
3170,1787229607,2026-08-20T12:40:07+00:00,牛来USDT,SHORT,pump_fade_confirmed,0.0587,0.0587,0.0587,ambiguous,1787229900,2026-08-20T12:45:00+00:00,nan,both_barriers_same_candle,yes,1787229529,overheated_early,126.0185,at_or_above_50%,ttl_expired,,
3062,1787229907,2026-08-20T12:45:07+00:00,VELODROMEUSDT,LONG,overheated_confirmed,0.01981,0.019299464285714288,0.020831071428571428,window_not_elapsed,1787310900,2026-08-21T11:15:00+00:00,0.7834907310248305,analysis_run_before_window_end,no,,,18.6826,below_50%,open,,
3063,1787229922,2026-08-20T12:45:22+00:00,MEGAUSDT,LONG,overheated_confirmed,0.03819,0.03679714285714286,0.04097571428571428,window_not_elapsed,1787310900,2026-08-21T11:15:00+00:00,1.3569230769230767,analysis_run_before_window_end,no,,,19.8746,below_50%,open,,
3064,1787230435,2026-08-20T12:53:55+00:00,AEONUSDT,SHORT,ema_cross,0.07252,0.07964586206896551,0.058268275862068966,window_not_elapsed,1787310900,2026-08-21T11:15:00+00:00,-0.07578030486329533,analysis_run_before_window_end,no,,,17.1594,below_50%,open,,
3175,1787230436,2026-08-20T12:53:56+00:00,AEONUSDT,SHORT,ema_cross_confirmed,0.07252,0.07252,0.07252,sl_first,1787230800,2026-08-20T13:00:00+00:00,nan,stop_touch,no,,,17.1594,below_50%,ttl_expired,,
3065,1787230457,2026-08-20T12:54:17+00:00,POPMARTUSDT,SHORT,ema_cross,18.977,19.30941379310345,18.312172413793103,tp_first,1787275800,2026-08-21T01:30:00+00:00,2.0,target_touch,no,,,7.2171,below_50%,open,,
3176,1787230457,2026-08-20T12:54:17+00:00,POPMARTUSDT,SHORT,ema_cross_confirmed,18.977,18.977,18.977,sl_first,1787230800,2026-08-20T13:00:00+00:00,nan,stop_touch,no,,,7.2171,below_50%,ttl_expired,,
3066,1787230497,2026-08-20T12:54:57+00:00,CLOUSDT,SHORT,ema_cross,0.1052,0.11221275862068966,0.0911744827586207,sl_first,1787274900,2026-08-21T01:15:00+00:00,-1.0,stop_touch,no,,,27.0795,below_50%,sl,1787290361,0.11413
3177,1787230497,2026-08-20T12:54:57+00:00,CLOUSDT,SHORT,ema_cross_confirmed,0.1052,0.1052,0.1052,sl_first,1787230800,2026-08-20T13:00:00+00:00,nan,stop_touch,no,,,27.0795,below_50%,ttl_expired,,
3067,1787230504,2026-08-20T12:55:04+00:00,FILUSDT,LONG,ema_cross,0.6912,0.6770793103448276,0.7194413793103448,tp_first,1787239800,2026-08-20T15:30:00+00:00,1.9999999999999922,target_touch,no,,,10.5455,below_50%,tp,1787239236,0.7199
3178,1787230504,2026-08-20T12:55:04+00:00,FILUSDT,LONG,ema_cross_confirmed,0.6912,0.6912,0.6912,ambiguous,1787230800,2026-08-20T13:00:00+00:00,nan,both_barriers_same_candle,no,,,10.5455,below_50%,ttl_expired,,
3068,1787230530,2026-08-20T12:55:30+00:00,WALUSDT,LONG,ema_cross,0.0227,0.022027241379310347,0.02404551724137931,tp_first,1787302800,2026-08-21T09:00:00+00:00,2.0,target_touch,no,,,7.4493,below_50%,tp,1787302213,0.02405
3179,1787230530,2026-08-20T12:55:30+00:00,WALUSDT,LONG,ema_cross_confirmed,0.0227,0.0227,0.0227,sl_first,1787230800,2026-08-20T13:00:00+00:00,nan,stop_touch,no,,,7.4493,below_50%,ttl_expired,,
3069,1787230574,2026-08-20T12:56:14+00:00,AIGENSYNUSDT,LONG,ema_cross,0.02066,0.020216551724137933,0.021546896551724138,sl_first,1787250600,2026-08-20T18:30:00+00:00,-1.0,stop_touch,no,,,7.4687,below_50%,sl,1787250175,0.02019
3180,1787230575,2026-08-20T12:56:15+00:00,AIGENSYNUSDT,LONG,ema_cross_confirmed,0.02066,0.02066,0.02066,sl_first,1787230800,2026-08-20T13:00:00+00:00,nan,stop_touch,no,,,7.4687,below_50%,ttl_expired,,
3070,1787230612,2026-08-20T12:56:52+00:00,OKBUSDT,LONG,ema_cross,105.8,103.60448275862069,110.19103448275862,window_not_elapsed,1787310900,2026-08-21T11:15:00+00:00,1.065808072875769,analysis_run_before_window_end,no,,,9.6189,below_50%,open,,
3181,1787230613,2026-08-20T12:56:53+00:00,OKBUSDT,LONG,ema_cross_confirmed,105.8,105.8,105.8,sl_first,1787230800,2026-08-20T13:00:00+00:00,nan,stop_touch,no,,,9.6189,below_50%,ttl_expired,,
3071,1787230631,2026-08-20T12:57:11+00:00,DEEPUSDT,LONG,ema_cross,0.01449,0.01415655172413793,0.015156896551724138,tp_first,1787246100,2026-08-20T17:15:00+00:00,2.0,target_touch,no,,,15.8986,below_50%,tp,1787245444,0.01542
3182,1787230631,2026-08-20T12:57:11+00:00,DEEPUSDT,LONG,ema_cross_confirmed,0.01449,0.01449,0.01449,sl_first,1787230800,2026-08-20T13:00:00+00:00,nan,stop_touch,no,,,15.8986,below_50%,ttl_expired,,
3073,1787230686,2026-08-20T12:58:06+00:00,MANTRAUSDT,LONG,ema_cross,0.005019,0.004928931034482759,0.0051991379310344825,sl_first,1787253300,2026-08-20T19:15:00+00:00,-1.0,stop_touch,no,,,10.5435,below_50%,sl,1787253154,0.004928931034482759
3183,1787230687,2026-08-20T12:58:07+00:00,MANTRAUSDT,LONG,ema_cross_confirmed,0.005019,0.005019,0.005019,ambiguous,1787230800,2026-08-20T13:00:00+00:00,nan,both_barriers_same_candle,no,,,10.5435,below_50%,ttl_expired,,
3074,1787230692,2026-08-20T12:58:12+00:00,COOKIEUSDT,LONG,ema_cross,0.01142,0.01103103448275862,0.012197931034482757,window_not_elapsed,1787310900,2026-08-21T11:15:00+00:00,1.3625886524822706,analysis_run_before_window_end,no,,,11.2703,below_50%,open,,
3184,1787230693,2026-08-20T12:58:13+00:00,COOKIEUSDT,LONG,ema_cross_confirmed,0.01142,0.01142,0.01142,ambiguous,1787230800,2026-08-20T13:00:00+00:00,nan,both_barriers_same_candle,no,,,11.2703,below_50%,ttl_expired,,
3077,1787231921,2026-08-20T13:18:41+00:00,BRETTUSDT,LONG,overheated_24h,0.0045,0.0043388571428571426,0.004822285714285714,tp_first,1787297400,2026-08-21T07:30:00+00:00,2.0,target_touch,no,,,28.5909,below_50%,tp,1787297368,0.004822285714285714
3194,1787231922,2026-08-20T13:18:42+00:00,BRETTUSDT,LONG,overheated_confirmed,0.0045,0.0045,0.0045,sl_first,1787232600,2026-08-20T13:30:00+00:00,nan,stop_touch,no,,,28.5909,below_50%,ttl_expired,,
3193,1787231928,2026-08-20T13:18:48+00:00,MEGAUSDT,LONG,overheated_confirmed,0.03849,0.03849,0.03849,ambiguous,1787232600,2026-08-20T13:30:00+00:00,nan,both_barriers_same_candle,no,,,21.7555,below_50%,ttl_expired,,
3195,1787231932,2026-08-20T13:18:52+00:00,PNUTUSDT,LONG,overheated_confirmed,0.05112,0.05112,0.05112,ambiguous,1787232600,2026-08-20T13:30:00+00:00,nan,both_barriers_same_candle,no,,,29.214,below_50%,ttl_expired,,
3078,1787231995,2026-08-20T13:19:55+00:00,COLLECTUSDT,LONG,overheated_24h,0.06115,0.05827589285714286,0.0668982142857143,sl_first,1787234400,2026-08-20T14:00:00+00:00,-1.0,stop_touch,no,,,34.0228,below_50%,sl,1787233720,0.05713
3196,1787231996,2026-08-20T13:19:56+00:00,COLLECTUSDT,LONG,overheated_confirmed,0.06115,0.06115,0.06115,ambiguous,1787232600,2026-08-20T13:30:00+00:00,nan,both_barriers_same_candle,no,,,34.0228,below_50%,ttl_expired,,
3079,1787232048,2026-08-20T13:20:48+00:00,HYPEUSDT,LONG,overheated_early,71.934,69.44475,76.9125,window_not_elapsed,1787310900,2026-08-21T11:15:00+00:00,1.211609922667473,analysis_run_before_window_end,no,,,27.337,below_50%,open,,
3197,1787232067,2026-08-20T13:21:07+00:00,SUSDT,LONG,overheated_confirmed,0.02495,0.02495,0.02495,ambiguous,1787232600,2026-08-20T13:30:00+00:00,nan,both_barriers_same_candle,no,,,18.2116,below_50%,ttl_expired,,
3200,1787232086,2026-08-20T13:21:26+00:00,BOMEUSDT,LONG,overheated_confirmed,0.0012173,0.0012173,0.0012173,ambiguous,1787232600,2026-08-20T13:30:00+00:00,nan,both_barriers_same_candle,no,,,73.2777,at_or_above_50%,ttl_expired,,
3080,1787232095,2026-08-20T13:21:35+00:00,MONUSDT,LONG,overheated_24h,0.02592,0.024908035714285712,0.02794392857142857,tp_first,1787295600,2026-08-21T07:00:00+00:00,2.0,target_touch,no,,,24.6657,below_50%,tp,1787295444,0.02794392857142857
3198,1787232096,2026-08-20T13:21:36+00:00,MONUSDT,LONG,overheated_confirmed,0.02592,0.02592,0.02592,ambiguous,1787232600,2026-08-20T13:30:00+00:00,nan,both_barriers_same_candle,no,,,24.6657,below_50%,ttl_expired,,
3081,1787232102,2026-08-20T13:21:42+00:00,ORDIUSDT,LONG,overheated_24h,4.129,3.9916964285714283,4.403607142857142,tp_first,1787298300,2026-08-21T07:45:00+00:00,2.0,target_touch,no,,,31.6459,below_50%,tp,1787298216,4.403607142857142
3199,1787232103,2026-08-20T13:21:43+00:00,ORDIUSDT,LONG,overheated_confirmed,4.129,4.129,4.129,ambiguous,1787232600,2026-08-20T13:30:00+00:00,nan,both_barriers_same_candle,no,,,31.6459,below_50%,ttl_expired,,
3202,1787232147,2026-08-20T13:22:27+00:00,MOODENGUSDT,LONG,overheated_confirmed,0.04086,0.04086,0.04086,ambiguous,1787232600,2026-08-20T13:30:00+00:00,nan,both_barriers_same_candle,no,,,17.4908,below_50%,ttl_expired,,
3201,1787232153,2026-08-20T13:22:33+00:00,AVAAIUSDT,LONG,overheated_confirmed,0.017924,0.017924,0.017924,ambiguous,1787232600,2026-08-20T13:30:00+00:00,nan,both_barriers_same_candle,no,,,42.3053,below_50%,ttl_expired,,
3082,1787232165,2026-08-20T13:22:45+00:00,XRPUSDT,LONG,overheated_24h,1.1926,1.1680428571428572,1.2417142857142858,tp_first,1787236200,2026-08-20T14:30:00+00:00,1.999999999999991,target_touch,no,,,18.1836,below_50%,tp,1787235426,1.2435
3203,1787232166,2026-08-20T13:22:46+00:00,XRPUSDT,LONG,overheated_confirmed,1.1926,1.1926,1.1926,ambiguous,1787232600,2026-08-20T13:30:00+00:00,nan,both_barriers_same_candle,no,,,18.1836,below_50%,ttl_expired,,
3206,1787232263,2026-08-20T13:24:23+00:00,FORMUSDT,LONG,overheated_confirmed,0.2421,0.2421,0.2421,ambiguous,1787232600,2026-08-20T13:30:00+00:00,nan,both_barriers_same_candle,no,,,23.7955,below_50%,ttl_expired,,
3204,1787232275,2026-08-20T13:24:35+00:00,MSTRXUSDT,LONG,overheated_confirmed,113.98,113.98,113.98,ambiguous,1787232600,2026-08-20T13:30:00+00:00,nan,both_barriers_same_candle,no,,,23.2952,below_50%,ttl_expired,,
3205,1787232293,2026-08-20T13:24:53+00:00,AEROUSDT,LONG,overheated_confirmed,0.4783,0.4783,0.4783,ambiguous,1787232600,2026-08-20T13:30:00+00:00,nan,both_barriers_same_candle,no,,,19.303,below_50%,ttl_expired,,
3207,1787232312,2026-08-20T13:25:12+00:00,USELESSUSDT,LONG,overheated_confirmed,0.04845,0.04845,0.04845,ambiguous,1787232600,2026-08-20T13:30:00+00:00,nan,both_barriers_same_candle,no,,,33.605,below_50%,ttl_expired,,
3209,1787232339,2026-08-20T13:25:39+00:00,牛来USDT,LONG,overheated_confirmed,0.0638,0.0638,0.0638,ambiguous,1787232600,2026-08-20T13:30:00+00:00,nan,both_barriers_same_candle,yes,1787229607,pump_fade_confirmed,126.0185,at_or_above_50%,ttl_expired,,
3208,1787232355,2026-08-20T13:25:55+00:00,TURBOUSDT,LONG,overheated_confirmed,0.0008863,0.0008863,0.0008863,ambiguous,1787232600,2026-08-20T13:30:00+00:00,nan,both_barriers_same_candle,no,,,17.4281,below_50%,ttl_expired,,
3083,1787232623,2026-08-20T13:30:23+00:00,XRPUSDT,LONG,overheated_confirmed,1.2049,1.1803428571428571,1.254014285714286,tp_first,1787238900,2026-08-20T15:15:00+00:00,2.0,target_touch,no,,,19.5526,below_50%,tp,1787238478,1.2578
3084,1787232628,2026-08-20T13:30:28+00:00,AEONUSDT,SHORT,ema_cross_confirmed,0.0724,0.08665172413793104,0.043896551724137936,window_not_elapsed,1787310900,2026-08-21T11:15:00+00:00,-0.04631018630534678,analysis_run_before_window_end,no,,,18.1223,below_50%,open,,
3085,1787232877,2026-08-20T13:34:37+00:00,KAITOUSDT,LONG,bb_squeeze,0.3598,0.3524990099009901,0.3744019801980198,sl_first,1787250600,2026-08-20T18:30:00+00:00,-1.0,stop_touch,no,,,7.168,below_50%,sl,1787249828,0.3524
3086,1787232878,2026-08-20T13:34:38+00:00,ASTSUSDT,SHORT,bb_squeeze,65.76,66.43138613861386,64.41722772277228,tp_first,1787235300,2026-08-20T14:15:00+00:00,2.0000000000000213,target_touch,no,,,5.1901,below_50%,tp,1787234708,64.41722772277228
3087,1787232884,2026-08-20T13:34:44+00:00,ONTUSDT,LONG,bb_squeeze,0.0412,0.0406670297029703,0.04226594059405941,tp_first,1787233500,2026-08-20T13:45:00+00:00,2.000000000000013,target_touch,no,,,8.521,below_50%,tp,1787232944,0.04226594059405941
3088,1787232944,2026-08-20T13:35:44+00:00,USARUSDT,SHORT,bb_squeeze,17.94,18.146732673267326,17.526534653465347,tp_first,1787233500,2026-08-20T13:45:00+00:00,2.0000000000000173,target_touch,no,,,6.9374,below_50%,tp,1787233000,17.48
3089,1787232986,2026-08-20T13:36:26+00:00,JPMUSDT,SHORT,bb_squeeze,356.3,357.80722772277227,353.28554455445544,sl_first,1787238000,2026-08-20T15:00:00+00:00,-1.0,stop_touch,no,,,2.148,below_50%,sl,1787237771,358.22
3090,1787232989,2026-08-20T13:36:29+00:00,ONDSUSDT,SHORT,bb_squeeze,8.78,8.88728712871287,8.565425742574257,sl_first,1787233500,2026-08-20T13:45:00+00:00,-1.0,stop_touch,no,,,4.2622,below_50%,tp,1787233930,8.55
3091,1787233023,2026-08-20T13:37:03+00:00,GLWUSDT,SHORT,bb_squeeze,151.27,153.0990099009901,147.6119801980198,sl_first,1787233500,2026-08-20T13:45:00+00:00,-1.0,stop_touch,no,,,8.0021,below_50%,sl,1787233067,153.0990099009901
3092,1787233038,2026-08-20T13:37:18+00:00,ARMUSDT,SHORT,bb_squeeze,247.7,250.48019801980197,242.13960396039604,sl_first,1787255100,2026-08-20T19:45:00+00:00,-1.0,stop_touch,no,,,10.7578,below_50%,sl,1787254862,250.58
3093,1787233047,2026-08-20T13:37:27+00:00,SNDKUSDT,SHORT,bb_squeeze,1554.54,1582.4427722772277,1498.7344554455444,sl_first,1787233500,2026-08-20T13:45:00+00:00,-1.0,stop_touch,no,,,11.2914,below_50%,sl,1787233126,1603.8
3094,1787233098,2026-08-20T13:38:18+00:00,SHAZUSDT,SHORT,bb_squeeze,64.78,66.03732673267326,62.26534653465347,ambiguous,1787233500,2026-08-20T13:45:00+00:00,nan,both_barriers_same_candle,no,,,8.2955,below_50%,tp,1787233302,62.26534653465347
3220,1787233225,2026-08-20T13:40:25+00:00,CHIPUSDT,LONG,ema_cross_confirmed,0.03058,0.03058,0.03058,ambiguous,1787233500,2026-08-20T13:45:00+00:00,nan,both_barriers_same_candle,no,,,15.0685,below_50%,ttl_expired,,
3095,1787233527,2026-08-20T13:45:27+00:00,POPMARTUSDT,SHORT,ema_cross_confirmed,18.928,19.592827586206898,17.598344827586207,window_not_elapsed,1787310900,2026-08-21T11:15:00+00:00,-0.007520746887965303,analysis_run_before_window_end,no,,,7.2171,below_50%,open,,
3096,1787233529,2026-08-20T13:45:29+00:00,FILUSDT,LONG,ema_cross_confirmed,0.6939,0.6727189655172413,0.7362620689655173,tp_first,1787244300,2026-08-20T16:45:00+00:00,2.0,target_touch,no,,,10.5455,below_50%,tp,1787244154,0.7369
3099,1787234332,2026-08-20T13:58:52+00:00,PUMPUSDT,LONG,overheated_24h,0.00353,0.003331732142857143,0.003926535714285715,tp_first,1787268600,2026-08-20T23:30:00+00:00,2.0,target_touch,no,,,17.6351,below_50%,tp,1787268632,0.003926535714285715
3100,1787234384,2026-08-20T13:59:44+00:00,THETAUSDT,LONG,overheated_24h,0.1621,0.15835,0.1696,tp_first,1787304600,2026-08-21T09:30:00+00:00,2.0,target_touch,no,,,14.9786,below_50%,tp,1787304505,0.1706
3228,1787234385,2026-08-20T13:59:45+00:00,THETAUSDT,LONG,overheated_confirmed,0.1621,0.1621,0.1621,ambiguous,1787234400,2026-08-20T14:00:00+00:00,nan,both_barriers_same_candle,no,,,14.9786,below_50%,ttl_expired,,
3101,1787234409,2026-08-20T14:00:09+00:00,ILVUSDT,LONG,ema_cross_confirmed,3.185,3.1014137931034482,3.3521724137931037,tp_first,1787302800,2026-08-21T09:00:00+00:00,2.0,target_touch,no,,,11.0879,below_50%,tp,1787302213,3.354
3102,1787234412,2026-08-20T14:00:12+00:00,MSTRXUSDT,LONG,overheated_early,112.0,108.62982142857143,118.74035714285715,sl_first,1787238000,2026-08-20T15:00:00+00:00,-1.0,stop_touch,no,,,20.1403,below_50%,sl,1787237411,108.51
3103,1787234417,2026-08-20T14:00:17+00:00,RIFUSDT,LONG,overheated_24h,0.08295,0.07958196428571428,0.08968607142857142,sl_first,1787249700,2026-08-20T18:15:00+00:00,-1.0,stop_touch,no,,,16.9089,below_50%,sl,1787249380,0.07942
3229,1787234417,2026-08-20T14:00:17+00:00,RIFUSDT,LONG,overheated_confirmed,0.08295,0.08295,0.08295,ambiguous,1787235300,2026-08-20T14:15:00+00:00,nan,both_barriers_same_candle,no,,,16.9089,below_50%,ttl_expired,,
3104,1787234434,2026-08-20T14:00:34+00:00,PUMPUSDT,LONG,overheated_confirmed,0.003573,0.0033747321428571424,0.0039695357142857145,tp_first,1787309100,2026-08-21T10:45:00+00:00,2.0,target_touch,no,,,21.2838,below_50%,tp,1787308917,0.00397
3230,1787234434,2026-08-20T14:00:34+00:00,CCUSDT,LONG,overheated_confirmed,0.10468,0.10468,0.10468,sl_first,1787235300,2026-08-20T14:15:00+00:00,nan,stop_touch,no,,,16.3782,below_50%,ttl_expired,,
3105,1787234435,2026-08-20T14:00:35+00:00,THETAUSDT,LONG,overheated_confirmed,0.1621,0.15835,0.1696,tp_first,1787304600,2026-08-21T09:30:00+00:00,2.0,target_touch,no,,,15.8345,below_50%,tp,1787304505,0.1706
3106,1787234474,2026-08-20T14:01:14+00:00,EDGEXUSDT,LONG,overheated_early,0.3356,0.31758928571428574,0.37162142857142855,window_not_elapsed,1787310900,2026-08-21T11:15:00+00:00,1.493555423359112,analysis_run_before_window_end,no,,,30.0419,below_50%,open,,
3107,1787234489,2026-08-20T14:01:29+00:00,ONGUSDT,LONG,overheated_24h,0.07637,0.07037642857142856,0.08835714285714284,tp_first,1787256000,2026-08-20T20:00:00+00:00,1.9999999999999978,target_touch,no,,,29.9154,below_50%,tp,1787255371,0.08835714285714284
3108,1787234556,2026-08-20T14:02:36+00:00,ONGUSDT,LONG,overheated_confirmed,0.07565,0.06965642857142856,0.08763714285714286,tp_first,1787256000,2026-08-20T20:00:00+00:00,2.0,target_touch,no,,,29.9154,below_50%,tp,1787255312,0.08763714285714286
3109,1787234566,2026-08-20T14:02:46+00:00,BRETTUSDT,LONG,overheated_early,0.004481,0.004319857142857143,0.004803285714285714,tp_first,1787297400,2026-08-21T07:30:00+00:00,2.0,target_touch,no,,,28.5909,below_50%,tp,1787296659,0.004803285714285714
3110,1787234619,2026-08-20T14:03:39+00:00,GALAUSDT,LONG,overheated_24h,0.00155,0.0014823392857142856,0.0016853214285714286,tp_first,1787296500,2026-08-21T07:15:00+00:00,2.0,target_touch,no,,,16.7166,below_50%,tp,1787296498,0.001686
3111,1787234632,2026-08-20T14:03:52+00:00,ONUSDT,LONG,overheated_24h,0.29366,0.25102625,0.3789275,window_not_elapsed,1787310900,2026-08-21T11:15:00+00:00,-0.24909842554314293,analysis_run_before_window_end,no,,,26.3701,below_50%,open,,
3231,1787234633,2026-08-20T14:03:53+00:00,ONUSDT,LONG,overheated_confirmed,0.29366,0.29366,0.29366,ambiguous,1787235300,2026-08-20T14:15:00+00:00,nan,both_barriers_same_candle,no,,,26.3701,below_50%,ttl_expired,,
3112,1787234678,2026-08-20T14:04:38+00:00,ONUSDT,LONG,overheated_confirmed,0.29449,0.25185625,0.3797574999999999,window_not_elapsed,1787310900,2026-08-21T11:15:00+00:00,-0.26856656991233396,analysis_run_before_window_end,no,,,26.3701,below_50%,open,,
3113,1787235240,2026-08-20T14:14:00+00:00,UBERUSDT,LONG,bb_squeeze,80.08,79.47366336633664,81.29267326732673,sl_first,1787235300,2026-08-20T14:15:00+00:00,-1.0,stop_touch,no,,,5.8374,below_50%,sl,1787235277,78.66
3114,1787235289,2026-08-20T14:14:49+00:00,NOWUSDT,LONG,bb_squeeze,127.93,126.80089108910892,130.1882178217822,tp_first,1787239800,2026-08-20T15:30:00+00:00,2.0,target_touch,no,,,5.5853,below_50%,tp,1787239144,130.31
3115,1787235330,2026-08-20T14:15:30+00:00,DEEPUSDT,LONG,ema_cross_confirmed,0.01471,0.014209827586206897,0.01571034482758621,tp_first,1787292900,2026-08-21T06:15:00+00:00,2.0,target_touch,no,,,15.103,below_50%,tp,1787292667,0.01574
3116,1787235431,2026-08-20T14:17:11+00:00,NOKUSDT,SHORT,bb_squeeze,9.963,10.056257425742574,9.776485148514851,sl_first,1787236200,2026-08-20T14:30:00+00:00,-1.0,stop_touch,no,,,4.5863,below_50%,sl,1787235490,10.07
3117,1787235457,2026-08-20T14:17:37+00:00,ICNTUSDT,SHORT,bb_squeeze,0.1219,0.12306336633663366,0.11957326732673267,tp_first,1787241600,2026-08-20T16:00:00+00:00,2.0,target_touch,no,,,3.1224,below_50%,tp,1787240828,0.11957326732673267
3119,1787235875,2026-08-20T14:24:35+00:00,ONGUSDT,LONG,low_rejection_long,0.07637,0.0734342857142857,0.08224142857142856,tp_first,1787236200,2026-08-20T14:30:00+00:00,1.9999999999999953,target_touch,no,,,36.0406,below_50%,tp,1787235974,0.08433
3121,1787236434,2026-08-20T14:33:54+00:00,PEOPLEUSDT,LONG,overheated_24h,0.008732,0.008406982142857143,0.009382035714285714,tp_first,1787239800,2026-08-20T15:30:00+00:00,2.0,target_touch,no,,,14.6658,below_50%,tp,1787239325,0.009382035714285714
3122,1787236581,2026-08-20T14:36:21+00:00,STXUSDT,LONG,overheated_24h,0.1401,0.13696607142857142,0.14636785714285716,tp_first,1787271300,2026-08-21T00:15:00+00:00,2.0,target_touch,no,,,16.4452,below_50%,tp,1787270549,0.1464
3238,1787236582,2026-08-20T14:36:22+00:00,STXUSDT,LONG,overheated_confirmed,0.1401,0.1401,0.1401,sl_first,1787237100,2026-08-20T14:45:00+00:00,nan,stop_touch,no,,,16.4452,below_50%,ttl_expired,,
3123,1787236586,2026-08-20T14:36:26+00:00,ROBOUSDT,LONG,overheated_24h,0.0152,0.014328392857142857,0.016943214285714284,sl_first,1787237100,2026-08-20T14:45:00+00:00,-1.0,stop_touch,no,,,20.8955,below_50%,sl,1787246436,0.0143
3239,1787236586,2026-08-20T14:36:26+00:00,ROBOUSDT,LONG,overheated_confirmed,0.0152,0.0152,0.0152,ambiguous,1787237100,2026-08-20T14:45:00+00:00,nan,both_barriers_same_candle,no,,,20.8955,below_50%,ttl_expired,,
3124,1787236658,2026-08-20T14:37:38+00:00,STXUSDT,LONG,overheated_confirmed,0.1401,0.13696607142857142,0.14636785714285716,tp_first,1787271300,2026-08-21T00:15:00+00:00,2.0,target_touch,no,,,16.4452,below_50%,tp,1787270549,0.1464
3125,1787236790,2026-08-20T14:39:50+00:00,MAGMAUSDT,LONG,overheated_early,0.23599,0.2184619642857143,0.27104607142857146,window_not_elapsed,1787310900,2026-08-21T11:15:00+00:00,-0.007987204172906742,analysis_run_before_window_end,no,,,52.7362,at_or_above_50%,open,,
3126,1787236796,2026-08-20T14:39:56+00:00,BOMEUSDT,LONG,overheated_early,0.0011319,0.0010576232142857143,0.0012804535714285713,tp_first,1787296500,2026-08-21T07:15:00+00:00,2.000000000000003,target_touch,no,,,72.2215,at_or_above_50%,tp,1787296291,0.0012804535714285713
3127,1787236813,2026-08-20T14:40:13+00:00,ONGUSDT,SHORT,pump_24h_fade,0.08193,0.0917616,0.062266800000000004,sl_first,1787256900,2026-08-20T20:15:00+00:00,-1.0,stop_touch,yes,1787235875,low_rejection_long,42.9442,below_50%,sl,1787256302,0.09184
3242,1787236813,2026-08-20T14:40:13+00:00,ONGUSDT,SHORT,pump_fade_confirmed,0.08193,0.08193,0.08193,ambiguous,1787237100,2026-08-20T14:45:00+00:00,nan,both_barriers_same_candle,yes,1787235875,low_rejection_long,42.9442,below_50%,ttl_expired,,
3129,1787237109,2026-08-20T14:45:09+00:00,CROUSDT,LONG,overheated_confirmed,0.05421,0.05314339285714286,0.05634321428571428,sl_first,1787249700,2026-08-20T18:15:00+00:00,-1.0,stop_touch,no,,,16.6165,below_50%,sl,1787249592,0.05303
3130,1787237134,2026-08-20T14:45:34+00:00,RIFUSDT,LONG,overheated_confirmed,0.08606,0.08269196428571428,0.09279607142857144,sl_first,1787246100,2026-08-20T17:15:00+00:00,-1.0,stop_touch,no,,,20.2482,below_50%,sl,1787245744,0.08269196428571428
3131,1787237138,2026-08-20T14:45:38+00:00,PEOPLEUSDT,LONG,overheated_confirmed,0.008873,0.008547982142857144,0.009523035714285715,tp_first,1787239800,2026-08-20T15:30:00+00:00,2.0,target_touch,no,,,17.6369,below_50%,tp,1787239776,0.009523035714285715
3132,1787237896,2026-08-20T14:58:16+00:00,ONGUSDT,SHORT,high_rejection_short,0.08193,0.08725857142857144,0.07127285714285714,sl_first,1787256000,2026-08-20T20:00:00+00:00,-1.0,stop_touch,yes,1787235875,low_rejection_long,42.9442,below_50%,sl,1787255282,0.08726
3133,1787238038,2026-08-20T15:00:38+00:00,ROBOUSDT,LONG,overheated_confirmed,0.0152,0.014328392857142857,0.016943214285714284,sl_first,1787247000,2026-08-20T17:30:00+00:00,-1.0,stop_touch,no,,,21.4454,below_50%,sl,1787246436,0.0143
3134,1787238791,2026-08-20T15:13:11+00:00,GOATUSDT,LONG,overheated_24h,0.015164,0.01487,0.015752000000000002,sl_first,1787251500,2026-08-20T18:45:00+00:00,-1.0,stop_touch,no,,,19.6493,below_50%,sl,1787251210,0.01487
3135,1787238871,2026-08-20T15:14:31+00:00,ACEUSDT,SHORT,pump_24h_fade,0.2643,0.29601599999999995,0.200868,window_not_elapsed,1787310900,2026-08-21T11:15:00+00:00,1.1918274687854715,analysis_run_before_window_end,no,,,43.2251,below_50%,open,,
3248,1787238871,2026-08-20T15:14:31+00:00,ACEUSDT,SHORT,pump_fade_confirmed,0.2643,0.2643,0.2643,ambiguous,1787238900,2026-08-20T15:15:00+00:00,nan,both_barriers_same_candle,no,,,43.2251,below_50%,ttl_expired,,
3136,1787238879,2026-08-20T15:14:39+00:00,GOATUSDT,LONG,overheated_confirmed,0.015466,0.015172,0.016054000000000002,sl_first,1787238900,2026-08-20T15:15:00+00:00,-1.0,stop_touch,no,,,19.6493,below_50%,sl,1787239268,0.015172
3137,1787238928,2026-08-20T15:15:28+00:00,OKBUSDT,LONG,ema_cross_confirmed,105.88,102.58672413793103,112.46655172413793,window_not_elapsed,1787310900,2026-08-21T11:15:00+00:00,0.6862467933616054,analysis_run_before_window_end,no,,,6.811,below_50%,open,,
3138,1787238930,2026-08-20T15:15:30+00:00,MANTRAUSDT,LONG,ema_cross_confirmed,0.005018,0.004882896551724138,0.005288206896551724,sl_first,1787253300,2026-08-20T19:15:00+00:00,-1.0,stop_touch,no,,,7.7218,below_50%,sl,1787253154,0.004882896551724138
3139,1787239312,2026-08-20T15:21:52+00:00,SMCIUSDT,SHORT,bb_squeeze,36.4,36.859306930693066,35.48138613861386,sl_first,1787248800,2026-08-20T18:00:00+00:00,-1.0,stop_touch,no,,,7.703,below_50%,sl,1787248329,36.859306930693066
3140,1787239364,2026-08-20T15:22:44+00:00,ALLOUSDT,LONG,bb_squeeze,0.29849,0.29204485148514847,0.31138029702970293,tp_first,1787246100,2026-08-20T17:15:00+00:00,1.9999999999999913,target_touch,no,,,8.3101,below_50%,tp,1787245622,0.31372
3141,1787239560,2026-08-20T15:26:00+00:00,PIPPINUSDT,LONG,bb_squeeze,0.01902,0.018785346534653465,0.01948930693069307,tp_first,1787241600,2026-08-20T16:00:00+00:00,2.0000000000000147,target_touch,no,,,7.091,below_50%,tp,1787241454,0.01948930693069307
3142,1787239831,2026-08-20T15:30:31+00:00,CHIPUSDT,LONG,ema_cross_confirmed,0.03067,0.02759603448275862,0.03681793103448276,window_not_elapsed,1787310900,2026-08-21T11:15:00+00:00,0.7579785742329919,analysis_run_before_window_end,no,,,13.2364,below_50%,open,,
3143,1787239837,2026-08-20T15:30:37+00:00,PEOPLEUSDT,LONG,overheated_confirmed,0.009495,0.009169982142857143,0.009982526785714286,tp_first,1787242500,2026-08-20T16:15:00+00:00,1.5,target_touch,no,,,24.465,below_50%,tp,1787241965,0.009982526785714286
3146,1787240716,2026-08-20T15:45:16+00:00,MONUSDT,LONG,overheated_confirmed,0.02643,0.025418035714285712,0.02845392857142857,sl_first,1787250600,2026-08-20T18:30:00+00:00,-1.0,stop_touch,no,,,23.7529,below_50%,sl,1787249887,0.02535
3147,1787240723,2026-08-20T15:45:23+00:00,ONGUSDT,LONG,overheated_early,0.07616,0.07016642857142857,0.08814714285714285,tp_first,1787256000,2026-08-20T20:00:00+00:00,1.9999999999999978,target_touch,yes,1787237896,high_rejection_short,42.9442,below_50%,tp,1787255371,0.08822
3148,1787240736,2026-08-20T15:45:36+00:00,GALAUSDT,LONG,overheated_confirmed,0.001626,0.0015583392857142857,0.0017613214285714287,sl_first,1787256000,2026-08-20T20:00:00+00:00,-1.0,stop_touch,no,,,20.3976,below_50%,sl,1787255251,0.001552
3149,1787240947,2026-08-20T15:49:07+00:00,COLLECTUSDT,LONG,overheated_early,0.05765,0.054775892857142856,0.0633982142857143,tp_first,1787256900,2026-08-20T20:15:00+00:00,2.000000000000002,target_touch,no,,,34.0228,below_50%,tp,1787256390,0.06363
3150,1787241627,2026-08-20T16:00:27+00:00,WALUSDT,LONG,ema_cross_confirmed,0.02272,0.021710862068965518,0.024738275862068965,tp_first,1787310900,2026-08-21T11:15:00+00:00,2.0,target_touch,no,,,5.1176,below_50%,open,,
3151,1787241634,2026-08-20T16:00:34+00:00,COWUSDT,LONG,bb_squeeze,0.1133,0.11134752475247524,0.1172049504950495,sl_first,1787243400,2026-08-20T16:30:00+00:00,-1.0,stop_touch,no,,,6.2793,below_50%,sl,1787242681,0.1113
3152,1787241691,2026-08-20T16:01:31+00:00,CXMTUSDT,SHORT,ema_cross,8.264,8.491965517241379,7.808068965517241,sl_first,1787276700,2026-08-21T01:45:00+00:00,-1.0,stop_touch,no,,,5.3497,below_50%,sl,1787292846,8.491965517241379
3255,1787241691,2026-08-20T16:01:31+00:00,CXMTUSDT,SHORT,ema_cross_confirmed,8.264,8.264,8.264,tp_first,1787242500,2026-08-20T16:15:00+00:00,nan,target_touch,no,,,5.3497,below_50%,ttl_expired,,
3153,1787241753,2026-08-20T16:02:33+00:00,KAITOUSDT,LONG,ema_cross,0.3618,0.3443137931034483,0.39677241379310346,sl_first,1787259600,2026-08-20T21:00:00+00:00,-1.0,stop_touch,no,,,9.4595,below_50%,sl,1787259063,0.3443137931034483
3256,1787241753,2026-08-20T16:02:33+00:00,KAITOUSDT,LONG,ema_cross_confirmed,0.3618,0.3618,0.3618,ambiguous,1787242500,2026-08-20T16:15:00+00:00,nan,both_barriers_same_candle,no,,,9.4595,below_50%,ttl_expired,,
3154,1787241848,2026-08-20T16:04:08+00:00,SWARMSUSDT,LONG,ema_cross,0.009114,0.008815586206896552,0.009710827586206897,sl_first,1787303700,2026-08-21T09:15:00+00:00,-1.0,stop_touch,no,,,14.4992,below_50%,sl,1787303541,0.008815586206896552
3259,1787241848,2026-08-20T16:04:08+00:00,SWARMSUSDT,LONG,ema_cross_confirmed,0.009114,0.009114,0.009114,ambiguous,1787242500,2026-08-20T16:15:00+00:00,nan,both_barriers_same_candle,no,,,14.4992,below_50%,ttl_expired,,
3155,1787241896,2026-08-20T16:04:56+00:00,UBUSDT,SHORT,ema_cross,0.11427,0.11888793103448275,0.10503413793103449,sl_first,1787243400,2026-08-20T16:30:00+00:00,-1.0,stop_touch,no,,,10.844,below_50%,sl,1787242774,0.11893
3262,1787241896,2026-08-20T16:04:56+00:00,UBUSDT,SHORT,ema_cross_confirmed,0.11427,0.11427,0.11427,sl_first,1787242500,2026-08-20T16:15:00+00:00,nan,stop_touch,no,,,10.844,below_50%,ttl_expired,,
3156,1787241907,2026-08-20T16:05:07+00:00,BASEDUSDT,LONG,ema_cross,0.08241,0.07954310344827586,0.08814379310344828,window_not_elapsed,1787310900,2026-08-21T11:15:00+00:00,1.5905701226846343,analysis_run_before_window_end,no,,,7.5699,below_50%,open,,
3263,1787241907,2026-08-20T16:05:07+00:00,BASEDUSDT,LONG,ema_cross_confirmed,0.08241,0.08241,0.08241,ambiguous,1787242500,2026-08-20T16:15:00+00:00,nan,both_barriers_same_candle,no,,,7.5699,below_50%,ttl_expired,,
3157,1787241941,2026-08-20T16:05:41+00:00,RIVERUSDT,LONG,ema_cross,2.749,2.663344827586207,2.9203103448275862,tp_first,1787301900,2026-08-21T08:45:00+00:00,2.0,target_touch,no,,,6.582,below_50%,tp,1787301610,2.9203103448275862
3264,1787241941,2026-08-20T16:05:41+00:00,RIVERUSDT,LONG,ema_cross_confirmed,2.749,2.749,2.749,tp_first,1787242500,2026-08-20T16:15:00+00:00,nan,target_touch,no,,,6.582,below_50%,ttl_expired,,
3162,1787242756,2026-08-20T16:19:16+00:00,ONUSDT,LONG,overheated_early,0.30018,0.25735125000000003,0.3858375,window_not_elapsed,1787310900,2026-08-21T11:15:00+00:00,-0.40019846481627414,analysis_run_before_window_end,no,,,27.7867,below_50%,open,,
3163,1787242987,2026-08-20T16:23:07+00:00,SATSUSDT,LONG,overheated_24h,1.23e-08,1.1854285714285713e-08,1.3191428571428571e-08,sl_first,1787249700,2026-08-20T18:15:00+00:00,-1.0,stop_touch,no,,,19.2932,below_50%,sl,1787248991,1.182e-08
3271,1787242988,2026-08-20T16:23:08+00:00,SATSUSDT,LONG,overheated_confirmed,1.23e-08,1.23e-08,1.23e-08,ambiguous,1787243400,2026-08-20T16:30:00+00:00,nan,both_barriers_same_candle,no,,,19.2932,below_50%,ttl_expired,,
3164,1787243082,2026-08-20T16:24:42+00:00,SATSUSDT,LONG,overheated_confirmed,1.228e-08,1.1834285714285714e-08,1.3171428571428571e-08,sl_first,1787249700,2026-08-20T18:15:00+00:00,-1.0,stop_touch,no,,,19.2932,below_50%,sl,1787248991,1.182e-08
3165,1787243424,2026-08-20T16:30:24+00:00,CLOUSDT,SHORT,ema_cross_confirmed,0.10503,0.1190555172413793,0.07697896551724139,window_not_elapsed,1787310900,2026-08-21T11:15:00+00:00,-0.9354378718591737,analysis_run_before_window_end,no,,,23.7018,below_50%,open,,
3166,1787243672,2026-08-20T16:34:32+00:00,BANKUSDT,LONG,bb_squeeze,0.03642,0.03591871287128713,0.03742257425742574,sl_first,1787259600,2026-08-20T21:00:00+00:00,-1.0,stop_touch,no,,,4.0926,below_50%,sl,1787259212,0.03591871287128713
3169,1787243711,2026-08-20T16:35:11+00:00,KITEUSDT,LONG,bb_squeeze,0.09801,0.09720188118811882,0.09962623762376238,tp_first,1787247000,2026-08-20T17:30:00+00:00,2.0000000000000173,target_touch,no,,,4.4141,below_50%,tp,1787246702,0.09962623762376238
3171,1787244087,2026-08-20T16:41:27+00:00,PEOPLEUSDT,SHORT,high_rejection_short,0.009747,0.010263428571428573,0.008714142857142856,sl_first,1787245200,2026-08-20T17:00:00+00:00,-1.0,stop_touch,no,,,28.1937,below_50%,sl,1787244823,0.010263428571428573
3172,1787244100,2026-08-20T16:41:40+00:00,BRUSDT,SHORT,high_rejection_short,0.23785,0.24960714285714286,0.2143357142857143,window_not_elapsed,1787310900,2026-08-21T11:15:00+00:00,-0.3453219927095974,analysis_run_before_window_end,no,,,19.4997,below_50%,open,,
3173,1787244102,2026-08-20T16:41:42+00:00,HUSDT,LONG,low_rejection_long,0.08312,0.08053464285714286,0.08829071428571428,sl_first,1787244300,2026-08-20T16:45:00+00:00,-1.0,stop_touch,no,,,27.9247,below_50%,sl,1787244154,0.08053464285714286
3174,1787244317,2026-08-20T16:45:17+00:00,XRPUSDT,LONG,overheated_confirmed,1.2889,1.264342857142857,1.3257357142857145,tp_first,1787247900,2026-08-20T17:45:00+00:00,1.5000000000000044,target_touch,no,,,22.8816,below_50%,tp,1787247155,1.3321
3279,1787245171,2026-08-20T16:59:31+00:00,PEPEUSDT,LONG,overheated_confirmed,3.208e-06,3.208e-06,3.208e-06,ambiguous,1787245200,2026-08-20T17:00:00+00:00,nan,both_barriers_same_candle,no,,,20.9424,below_50%,ttl_expired,,
3185,1787245208,2026-08-20T17:00:08+00:00,WIFUSDT,LONG,overheated_confirmed,0.1616,0.15765714285714286,0.16948571428571427,tp_first,1787291100,2026-08-21T05:45:00+00:00,2.0,target_touch,no,,,16.5829,below_50%,tp,1787290981,0.1696
3186,1787245228,2026-08-20T17:00:28+00:00,PEOPLEUSDT,LONG,overheated_confirmed,0.010195,0.009869982142857142,0.010520017857142856,tp_first,1787246100,2026-08-20T17:15:00+00:00,1.0,target_touch,yes,1787244087,high_rejection_short,30.3165,below_50%,tp,1787246046,0.010520017857142856
3187,1787245614,2026-08-20T17:06:54+00:00,INUSDT,LONG,bb_squeeze,0.03272,0.03244643564356436,0.03326712871287128,sl_first,1787248800,2026-08-20T18:00:00+00:00,-1.0,stop_touch,no,,,4.9711,below_50%,sl,1787248478,0.03236
3188,1787245680,2026-08-20T17:08:00+00:00,HOLOUSDT,LONG,bb_squeeze,0.06155,0.06059871287128713,0.06345257425742575,tp_first,1787269500,2026-08-20T23:45:00+00:00,2.000000000000007,target_touch,no,,,7.8823,below_50%,tp,1787269009,0.0635
3189,1787245716,2026-08-20T17:08:36+00:00,ONEUSDT,LONG,bb_squeeze,0.000718,0.000705950495049505,0.0007420990099009902,sl_first,1787249700,2026-08-20T18:15:00+00:00,-1.0,stop_touch,no,,,7.1111,below_50%,sl,1787249592,0.000705950495049505
3190,1787245763,2026-08-20T17:09:23+00:00,PROMPTUSDT,LONG,bb_squeeze,0.02228,0.022091089108910892,0.02265782178217822,tp_first,1787266800,2026-08-20T23:00:00+00:00,2.0,target_touch,no,,,4.2286,below_50%,tp,1787266353,0.02266
3191,1787245827,2026-08-20T17:10:27+00:00,BROCCOLIUSDT,LONG,bb_squeeze,0.01772,0.01745980198019802,0.018240396039603958,tp_first,1787291100,2026-08-21T05:45:00+00:00,2.0,target_touch,no,,,6.5593,below_50%,tp,1787290711,0.01846
3192,1787246250,2026-08-20T17:17:30+00:00,TUTUSDT,LONG,low_rejection_long,0.030928,0.029759607142857143,0.03326478571428572,tp_first,1787247000,2026-08-20T17:30:00+00:00,2.000000000000003,target_touch,no,,,25.2375,below_50%,tp,1787246286,0.033568
3210,1787247055,2026-08-20T17:30:55+00:00,SWARMSUSDT,LONG,ema_cross_confirmed,0.009202,0.008754379310344828,0.010097241379310345,window_not_elapsed,1787310900,2026-08-21T11:15:00+00:00,-0.17648871427471127,analysis_run_before_window_end,no,,,14.8574,below_50%,open,,
3211,1787247366,2026-08-20T17:36:06+00:00,PENGUUSDT,LONG,overheated_24h,0.007267,0.007045321428571429,0.007710357142857143,tp_first,1787302800,2026-08-21T09:00:00+00:00,2.0,target_touch,no,,,16.951,below_50%,tp,1787302333,0.007710357142857143
3290,1787247367,2026-08-20T17:36:07+00:00,PENGUUSDT,LONG,overheated_confirmed,0.007267,0.007267,0.007267,ambiguous,1787247900,2026-08-20T17:45:00+00:00,nan,both_barriers_same_candle,no,,,16.951,below_50%,ttl_expired,,
3212,1787247483,2026-08-20T17:38:03+00:00,MOODENGUSDT,LONG,overheated_24h,0.0443,0.04301803571428572,0.04686392857142857,sl_first,1787253300,2026-08-20T19:15:00+00:00,-1.0,stop_touch,no,,,22.4114,below_50%,sl,1787252467,0.04299
3213,1787247503,2026-08-20T17:38:23+00:00,COLLECTUSDT,LONG,overheated_24h,0.0618,0.05830017857142857,0.06879964285714285,tp_first,1787285700,2026-08-21T04:15:00+00:00,1.999999999999998,target_touch,no,,,34.0228,below_50%,tp,1787290361,0.0689
3214,1787247518,2026-08-20T17:38:38+00:00,FILUSDT,LONG,overheated_24h,0.7567,0.7337553571428572,0.8025892857142858,sl_first,1787255100,2026-08-20T19:45:00+00:00,-1.0,stop_touch,no,,,16.3673,below_50%,sl,1787254292,0.7311
3215,1787247572,2026-08-20T17:39:32+00:00,CROUSDT,LONG,overheated_24h,0.05462,0.053418928571428576,0.057022142857142855,sl_first,1787249700,2026-08-20T18:15:00+00:00,-1.0,stop_touch,no,,,16.8751,below_50%,sl,1787249592,0.05303
3291,1787247573,2026-08-20T17:39:33+00:00,CROUSDT,LONG,overheated_confirmed,0.05462,0.05462,0.05462,ambiguous,1787247900,2026-08-20T17:45:00+00:00,nan,both_barriers_same_candle,no,,,16.8751,below_50%,ttl_expired,,
3216,1787247595,2026-08-20T17:39:55+00:00,PEOPLEUSDT,LONG,overheated_24h,0.010315,0.009925375,0.01109425,sl_first,1787250600,2026-08-20T18:30:00+00:00,-1.0,stop_touch,yes,1787244087,high_rejection_short,34.0633,below_50%,sl,1787249948,0.009925375
3217,1787247602,2026-08-20T17:40:02+00:00,WIFUSDT,LONG,overheated_24h,0.1628,0.15859464285714286,0.1712107142857143,sl_first,1787251500,2026-08-20T18:45:00+00:00,-1.0,stop_touch,no,,,17.6471,below_50%,sl,1787250970,0.15859464285714286
3292,1787247602,2026-08-20T17:40:02+00:00,WIFUSDT,LONG,overheated_confirmed,0.1628,0.1628,0.1628,ambiguous,1787247900,2026-08-20T17:45:00+00:00,nan,both_barriers_same_candle,no,,,17.6471,below_50%,ttl_expired,,
3218,1787247610,2026-08-20T17:40:10+00:00,AEROUSDT,LONG,overheated_24h,0.4837,0.4719357142857143,0.5072285714285715,window_not_elapsed,1787310900,2026-08-21T11:15:00+00:00,0.11900425015178734,analysis_run_before_window_end,no,,,17.0621,below_50%,open,,
3293,1787247610,2026-08-20T17:40:10+00:00,AEROUSDT,LONG,overheated_confirmed,0.4837,0.4837,0.4837,ambiguous,1787247900,2026-08-20T17:45:00+00:00,nan,both_barriers_same_candle,no,,,17.0621,below_50%,ttl_expired,,
3219,1787247637,2026-08-20T17:40:37+00:00,ENAUSDT,LONG,overheated_24h,0.10544,0.10201946428571429,0.11228107142857144,tp_first,1787260500,2026-08-20T21:15:00+00:00,2.0,target_touch,no,,,20.467,below_50%,tp,1787259722,0.11237
3222,1787247671,2026-08-20T17:41:11+00:00,TURBOUSDT,LONG,overheated_24h,0.0009243,0.0009031339285714285,0.0009666321428571428,tp_first,1787292000,2026-08-21T06:00:00+00:00,1.999999999999995,target_touch,no,,,16.1595,below_50%,tp,1787292036,0.000967
3294,1787247678,2026-08-20T17:41:18+00:00,MONUSDT,LONG,overheated_confirmed,0.02606,0.02606,0.02606,ambiguous,1787247900,2026-08-20T17:45:00+00:00,nan,both_barriers_same_candle,no,,,23.6397,below_50%,ttl_expired,,
3295,1787247685,2026-08-20T17:41:25+00:00,HYPEUSDT,LONG,overheated_confirmed,73.535,73.535,73.535,ambiguous,1787247900,2026-08-20T17:45:00+00:00,nan,both_barriers_same_candle,no,,,21.1501,below_50%,ttl_expired,,
3296,1787247693,2026-08-20T17:41:33+00:00,GOATUSDT,LONG,overheated_confirmed,0.015216,0.015216,0.015216,ambiguous,1787247900,2026-08-20T17:45:00+00:00,nan,both_barriers_same_candle,no,,,17.4775,below_50%,ttl_expired,,
3223,1787247711,2026-08-20T17:41:51+00:00,GOATUSDT,LONG,overheated_confirmed,0.015272,0.014903375,0.016009250000000003,sl_first,1787251500,2026-08-20T18:45:00+00:00,-1.0,stop_touch,no,,,17.4775,below_50%,sl,1787251210,0.01487
3297,1787247718,2026-08-20T17:41:58+00:00,GALAUSDT,LONG,overheated_confirmed,0.00159,0.00159,0.00159,ambiguous,1787247900,2026-08-20T17:45:00+00:00,nan,both_barriers_same_candle,no,,,21.4286,below_50%,ttl_expired,,
3224,1787247731,2026-08-20T17:42:11+00:00,XRPUSDT,LONG,overheated_24h,1.325,1.2960982142857143,1.3828035714285714,sl_first,1787249700,2026-08-20T18:15:00+00:00,-1.0,stop_touch,no,,,25.9629,below_50%,sl,1787249020,1.2957
3225,1787247751,2026-08-20T17:42:31+00:00,XLMUSDT,LONG,overheated_24h,0.19001,0.1853230357142857,0.1993839285714286,sl_first,1787249700,2026-08-20T18:15:00+00:00,-1.0,stop_touch,no,,,15.9338,below_50%,sl,1787248960,0.1853230357142857
3298,1787247751,2026-08-20T17:42:31+00:00,XLMUSDT,LONG,overheated_confirmed,0.19001,0.19001,0.19001,ambiguous,1787247900,2026-08-20T17:45:00+00:00,nan,both_barriers_same_candle,no,,,15.9338,below_50%,ttl_expired,,
3226,1787247798,2026-08-20T17:43:18+00:00,USELESSUSDT,LONG,overheated_24h,0.04814,0.04528410714285715,0.05385178571428572,tp_first,1787299200,2026-08-21T08:00:00+00:00,2.000000000000002,target_touch,no,,,23.168,below_50%,tp,1787298871,0.0543
3299,1787247809,2026-08-20T17:43:29+00:00,牛来USDT,SHORT,pump_fade_confirmed,0.0596,0.0596,0.0596,ambiguous,1787247900,2026-08-20T17:45:00+00:00,nan,both_barriers_same_candle,no,,,100.6301,at_or_above_50%,ttl_expired,,
3300,1787247809,2026-08-20T17:43:29+00:00,AVAAIUSDT,SHORT,pump_fade_confirmed,0.01942,0.01942,0.01942,ambiguous,1787247900,2026-08-20T17:45:00+00:00,nan,both_barriers_same_candle,no,,,51.5596,at_or_above_50%,ttl_expired,,
3301,1787247809,2026-08-20T17:43:29+00:00,BOMEUSDT,SHORT,pump_fade_confirmed,0.0011428,0.0011428,0.0011428,ambiguous,1787247900,2026-08-20T17:45:00+00:00,nan,both_barriers_same_candle,no,,,56.4377,at_or_above_50%,ttl_expired,,
3227,1787247949,2026-08-20T17:45:49+00:00,XLMUSDT,LONG,overheated_confirmed,0.18965,0.18496303571428574,0.19902392857142856,sl_first,1787249700,2026-08-20T18:15:00+00:00,-1.0,stop_touch,no,,,17.2041,below_50%,sl,1787249020,0.18496303571428574
3232,1787249496,2026-08-20T18:11:36+00:00,COREUSDT,LONG,overheated_24h,0.02466,0.02354732142857143,0.026885357142857145,window_not_elapsed,1787310900,2026-08-21T11:15:00+00:00,1.2043010752688164,analysis_run_before_window_end,no,,,16.6509,below_50%,open,,
3233,1787249750,2026-08-20T18:15:50+00:00,CXMTUSDT,SHORT,ema_cross_confirmed,8.216,8.671931034482759,7.3041379310344805,window_not_elapsed,1787310900,2026-08-21T11:15:00+00:00,-0.7237936772046578,analysis_run_before_window_end,no,,,5.3497,below_50%,open,,
3234,1787249755,2026-08-20T18:15:55+00:00,AVAAIUSDT,LONG,overheated_confirmed,0.02038,0.01878169642857143,0.02357660714285714,sl_first,1787260500,2026-08-20T21:15:00+00:00,-1.0,stop_touch,yes,1787247809,pump_fade_confirmed,59.7248,at_or_above_50%,sl,1787260112,0.01878169642857143
3308,1787249770,2026-08-20T18:16:10+00:00,FILUSDT,LONG,overheated_confirmed,0.7669,0.7669,0.7669,sl_first,1787250600,2026-08-20T18:30:00+00:00,nan,stop_touch,no,,,17.7971,below_50%,ttl_expired,,
3235,1787249836,2026-08-20T18:17:16+00:00,MONUSDT,LONG,overheated_early,0.02556,0.024471964285714284,0.02773607142857143,tp_first,1787295600,2026-08-21T07:00:00+00:00,2.0,target_touch,no,,,22.9091,below_50%,tp,1787295145,0.02776
3236,1787250792,2026-08-20T18:33:12+00:00,PEOPLEUSDT,LONG,overheated_24h,0.010318,0.009928375000000001,0.011097250000000001,tp_first,1787258700,2026-08-20T20:45:00+00:00,2.0000000000000044,target_touch,no,,,33.7754,below_50%,tp,1787258614,0.011097250000000001
3313,1787250793,2026-08-20T18:33:13+00:00,PEOPLEUSDT,LONG,overheated_confirmed,0.010318,0.010318,0.010318,ambiguous,1787251500,2026-08-20T18:45:00+00:00,nan,both_barriers_same_candle,no,,,33.7754,below_50%,ttl_expired,,
3316,1787250799,2026-08-20T18:33:19+00:00,ENAUSDT,LONG,overheated_confirmed,0.10685,0.10685,0.10685,ambiguous,1787251500,2026-08-20T18:45:00+00:00,nan,both_barriers_same_candle,no,,,22.4826,below_50%,ttl_expired,,
3314,1787250805,2026-08-20T18:33:25+00:00,ORDIUSDT,LONG,overheated_confirmed,4.172,4.172,4.172,ambiguous,1787251500,2026-08-20T18:45:00+00:00,nan,both_barriers_same_candle,no,,,27.3118,below_50%,ttl_expired,,
3315,1787250838,2026-08-20T18:33:58+00:00,BRETTUSDT,LONG,overheated_confirmed,0.004499,0.004499,0.004499,ambiguous,1787251500,2026-08-20T18:45:00+00:00,nan,both_barriers_same_candle,no,,,20.8814,below_50%,ttl_expired,,
3237,1787250854,2026-08-20T18:34:14+00:00,AVAAIUSDT,LONG,overheated_24h,0.02014,0.01854169642857143,0.023336607142857145,sl_first,1787261400,2026-08-20T21:30:00+00:00,-1.0,stop_touch,yes,1787247809,pump_fade_confirmed,59.7248,at_or_above_50%,sl,1787260829,0.018376
3317,1787250855,2026-08-20T18:34:15+00:00,AVAAIUSDT,LONG,overheated_confirmed,0.02014,0.02014,0.02014,ambiguous,1787251500,2026-08-20T18:45:00+00:00,nan,both_barriers_same_candle,yes,1787247809,pump_fade_confirmed,59.7248,at_or_above_50%,ttl_expired,,
3318,1787250868,2026-08-20T18:34:28+00:00,PNUTUSDT,LONG,overheated_confirmed,0.05141,0.05141,0.05141,ambiguous,1787251500,2026-08-20T18:45:00+00:00,nan,both_barriers_same_candle,no,,,22.6866,below_50%,ttl_expired,,
3319,1787250922,2026-08-20T18:35:22+00:00,TURBOUSDT,LONG,overheated_confirmed,0.0009227,0.0009227,0.0009227,ambiguous,1787251500,2026-08-20T18:45:00+00:00,nan,both_barriers_same_candle,no,,,17.8589,below_50%,ttl_expired,,
3321,1787250975,2026-08-20T18:36:15+00:00,COLLECTUSDT,LONG,overheated_confirmed,0.06162,0.06162,0.06162,ambiguous,1787251500,2026-08-20T18:45:00+00:00,nan,both_barriers_same_candle,no,,,34.0228,below_50%,ttl_expired,,
3322,1787250989,2026-08-20T18:36:29+00:00,PUMPUSDT,LONG,overheated_confirmed,0.003725,0.003725,0.003725,ambiguous,1787251500,2026-08-20T18:45:00+00:00,nan,both_barriers_same_candle,no,,,28.0405,below_50%,ttl_expired,,
3323,1787250996,2026-08-20T18:36:36+00:00,USELESSUSDT,LONG,overheated_confirmed,0.04757,0.04757,0.04757,ambiguous,1787251500,2026-08-20T18:45:00+00:00,nan,both_barriers_same_candle,no,,,23.168,below_50%,ttl_expired,,
3320,1787251008,2026-08-20T18:36:48+00:00,MOODENGUSDT,LONG,overheated_confirmed,0.04422,0.04422,0.04422,ambiguous,1787251500,2026-08-20T18:45:00+00:00,nan,both_barriers_same_candle,no,,,23.4473,below_50%,ttl_expired,,
3324,1787251092,2026-08-20T18:38:12+00:00,ACEUSDT,LONG,overheated_confirmed,0.2755,0.2755,0.2755,ambiguous,1787251500,2026-08-20T18:45:00+00:00,nan,both_barriers_same_candle,no,,,61.9821,at_or_above_50%,ttl_expired,,
3240,1787251143,2026-08-20T18:39:03+00:00,XRPUSDT,LONG,overheated_24h,1.2644,1.2354982142857143,1.3222035714285714,sl_first,1787252400,2026-08-20T19:00:00+00:00,-1.0,stop_touch,no,,,26.5637,below_50%,sl,1787252318,1.2343
3325,1787251143,2026-08-20T18:39:03+00:00,XRPUSDT,LONG,overheated_confirmed,1.2644,1.2644,1.2644,ambiguous,1787251500,2026-08-20T18:45:00+00:00,nan,both_barriers_same_candle,no,,,26.5637,below_50%,ttl_expired,,
3326,1787251161,2026-08-20T18:39:21+00:00,COREUSDT,LONG,overheated_confirmed,0.02473,0.02473,0.02473,ambiguous,1787251500,2026-08-20T18:45:00+00:00,nan,both_barriers_same_candle,no,,,18.2592,below_50%,ttl_expired,,
3241,1787251176,2026-08-20T18:39:36+00:00,AVAAIUSDT,SHORT,pump_24h_fade,0.02014,0.022556800000000002,0.015306400000000001,tp_first,1787275800,2026-08-21T01:30:00+00:00,2.0,target_touch,yes,1787250855,overheated_confirmed,59.7248,at_or_above_50%,tp,1787290361,0.013705
3243,1787251933,2026-08-20T18:52:13+00:00,ROBOUSDT,LONG,ema_cross,0.01326,0.012623448275862068,0.014533103448275861,tp_first,1787301900,2026-08-21T08:45:00+00:00,2.0,target_touch,no,,,24.6032,below_50%,tp,1787301669,0.014533103448275861
3328,1787251933,2026-08-20T18:52:13+00:00,ROBOUSDT,LONG,ema_cross_confirmed,0.01326,0.01326,0.01326,sl_first,1787252400,2026-08-20T19:00:00+00:00,nan,stop_touch,no,,,24.6032,below_50%,ttl_expired,,
3244,1787252253,2026-08-20T18:57:33+00:00,HANAUSDT,LONG,low_rejection_long,0.0205,0.019912857142857142,0.021674285714285715,sl_first,1787252400,2026-08-20T19:00:00+00:00,-1.0,stop_touch,no,,,44.5096,below_50%,sl,1787253007,0.019912857142857142
3245,1787252517,2026-08-20T19:01:57+00:00,HANAUSDT,LONG,range_breakout_long,0.0204,0.0185724,0.024055200000000006,window_not_elapsed,1787310900,2026-08-21T11:15:00+00:00,0.24622455679579694,analysis_run_before_window_end,no,,,44.5096,below_50%,open,,
3246,1787252534,2026-08-20T19:02:14+00:00,AIOUSDT,LONG,range_breakout_long,0.04168,0.036828,0.051384000000000006,window_not_elapsed,1787310900,2026-08-21T11:15:00+00:00,-0.2267106347897781,analysis_run_before_window_end,no,,,18.5753,below_50%,open,,
3247,1787253218,2026-08-20T19:13:38+00:00,PEOPLEUSDT,SHORT,pump_24h_fade,0.010385,0.0116312,0.0078926,sl_first,1787299200,2026-08-21T08:00:00+00:00,-1.0,stop_touch,yes,1787250793,overheated_confirmed,33.7754,below_50%,sl,1787298660,0.011655
3335,1787253218.6630118,2026-08-20T19:13:38+00:00,PEOPLEUSDT,SHORT,pump_fade_confirmed,0.010385,0.010385,0.010385,ambiguous,1787253300,2026-08-20T19:15:00+00:00,nan,both_barriers_same_candle,yes,1787250793,overheated_confirmed,33.7754,below_50%,ttl_expired,,
3249,1787253328,2026-08-20T19:15:28+00:00,TURBOUSDT,LONG,overheated_confirmed,0.0009441,0.0009229339285714285,0.000986432142857143,sl_first,1787265900,2026-08-20T22:45:00+00:00,-1.0,stop_touch,no,,,18.5552,below_50%,sl,1787265092,0.0009228
3250,1787253876,2026-08-20T19:24:36+00:00,TRADOORUSDT,LONG,bb_squeeze,0.646,0.6366633663366337,0.6646732673267327,tp_first,1787274900,2026-08-21T01:15:00+00:00,2.0,target_touch,no,,,6.3518,below_50%,sl,1787303333,0.636
3251,1787255117,2026-08-20T19:45:17+00:00,BASEDUSDT,LONG,ema_cross_confirmed,0.08314,0.0788396551724138,0.09174068965517242,window_not_elapsed,1787310900,2026-08-21T11:15:00+00:00,0.8906262529067439,analysis_run_before_window_end,no,,,7.6893,below_50%,open,,
3252,1787256023,2026-08-20T20:00:23+00:00,ONGUSDT,LONG,overheated_confirmed,0.08839,0.08127732142857143,0.09905901785714286,tp_first,1787256900,2026-08-20T20:15:00+00:00,1.5000000000000009,target_touch,no,,,52.2335,at_or_above_50%,tp,1787256749,0.09905901785714286
3253,1787256068,2026-08-20T20:01:08+00:00,APRUSDT,SHORT,ema_cross,0.18548,0.2018706896551724,0.15269862068965517,window_not_elapsed,1787310900,2026-08-21T11:15:00+00:00,-0.48625165674373655,analysis_run_before_window_end,no,,,13.269,below_50%,open,,
3341,1787256068,2026-08-20T20:01:08+00:00,APRUSDT,SHORT,ema_cross_confirmed,0.18548,0.18548,0.18548,tp_first,1787256900,2026-08-20T20:15:00+00:00,nan,target_touch,no,,,13.269,below_50%,ttl_expired,,
3254,1787256083,2026-08-20T20:01:23+00:00,PLAYUSDT,SHORT,ema_cross,0.03634,0.03695241379310345,0.0351151724137931,tp_first,1787258700,2026-08-20T20:45:00+00:00,2.0,target_touch,no,,,6.3347,below_50%,open,,
3342,1787256083,2026-08-20T20:01:23+00:00,PLAYUSDT,SHORT,ema_cross_confirmed,0.03634,0.03634,0.03634,sl_first,1787256900,2026-08-20T20:15:00+00:00,nan,stop_touch,no,,,6.3347,below_50%,ttl_expired,,
3257,1787256204,2026-08-20T20:03:24+00:00,DEXEUSDT,LONG,ema_cross,1.941,1.8790689655172415,2.0648620689655175,window_not_elapsed,1787310900,2026-08-21T11:15:00+00:00,0.06458797327394217,analysis_run_before_window_end,no,,,5.7051,below_50%,open,,
3343,1787256204,2026-08-20T20:03:24+00:00,DEXEUSDT,LONG,ema_cross_confirmed,1.941,1.941,1.941,ambiguous,1787256900,2026-08-20T20:15:00+00:00,nan,both_barriers_same_candle,no,,,5.7051,below_50%,ttl_expired,,
3258,1787256247,2026-08-20T20:04:07+00:00,IMXUSDT,LONG,ema_cross,0.1091,0.10647241379310345,0.1143551724137931,tp_first,1787297400,2026-08-21T07:30:00+00:00,1.9999999999999947,target_touch,no,,,12.8514,below_50%,tp,1787297068,0.1144
3344,1787256247,2026-08-20T20:04:07+00:00,IMXUSDT,LONG,ema_cross_confirmed,0.1091,0.1091,0.1091,ambiguous,1787256900,2026-08-20T20:15:00+00:00,nan,both_barriers_same_candle,no,,,12.8514,below_50%,ttl_expired,,
3260,1787256266,2026-08-20T20:04:26+00:00,JASMYUSDT,LONG,ema_cross,0.003888,0.0038010344827586204,0.004061931034482759,tp_first,1787292900,2026-08-21T06:15:00+00:00,2.0,target_touch,no,,,11.0333,below_50%,tp,1787292276,0.004061931034482759
3345,1787256266,2026-08-20T20:04:26+00:00,JASMYUSDT,LONG,ema_cross_confirmed,0.003888,0.003888,0.003888,sl_first,1787256900,2026-08-20T20:15:00+00:00,nan,stop_touch,no,,,11.0333,below_50%,ttl_expired,,
3346,1787256276,2026-08-20T20:04:36+00:00,DOSUSDT,SHORT,ema_cross_confirmed,0.2335,0.2335,0.2335,ambiguous,1787256900,2026-08-20T20:15:00+00:00,nan,both_barriers_same_candle,no,,,13.4315,below_50%,ttl_expired,,
3261,1787256292,2026-08-20T20:04:52+00:00,GRVTUSDT,SHORT,ema_cross,0.2814,0.2940758620689655,0.25604827586206896,window_not_elapsed,1787310900,2026-08-21T11:15:00+00:00,0.007889009793252655,analysis_run_before_window_end,no,,,12.4457,below_50%,open,,
3347,1787256292,2026-08-20T20:04:52+00:00,GRVTUSDT,SHORT,ema_cross_confirmed,0.2814,0.2814,0.2814,tp_first,1787256900,2026-08-20T20:15:00+00:00,nan,target_touch,no,,,12.4457,below_50%,ttl_expired,,
3265,1787256918,2026-08-20T20:15:18+00:00,COLLECTUSDT,LONG,overheated_confirmed,0.06398,0.06048017857142857,0.07097964285714285,sl_first,1787281200,2026-08-21T03:00:00+00:00,-1.0,stop_touch,no,,,34.0228,below_50%,tp,1787291072,0.07097964285714285
3266,1787256920,2026-08-20T20:15:20+00:00,ONGUSDT,LONG,overheated_confirmed,0.09931,0.09219732142857143,0.10642267857142856,tp_first,1787257800,2026-08-20T20:30:00+00:00,1.0,target_touch,no,,,69.9323,at_or_above_50%,tp,1787257113,0.10642267857142856
3267,1787256922,2026-08-20T20:15:22+00:00,PEOPLEUSDT,LONG,overheated_confirmed,0.010809,0.010419375,0.011588249999999998,sl_first,1787265900,2026-08-20T22:45:00+00:00,-1.0,stop_touch,no,,,37.9306,below_50%,sl,1787265692,0.010406
3268,1787256935,2026-08-20T20:15:35+00:00,APRUSDT,SHORT,ema_cross_confirmed,0.18477,0.2175513793103448,0.11920724137931038,window_not_elapsed,1787310900,2026-08-21T11:15:00+00:00,-0.2647844655292121,analysis_run_before_window_end,no,,,13.269,below_50%,open,,
3269,1787257205,2026-08-20T20:20:05+00:00,ACEUSDT,LONG,overheated_early,0.2439,0.20164285714285718,0.32841428571428566,window_not_elapsed,1787310900,2026-08-21T11:15:00+00:00,-0.4117647058823532,analysis_run_before_window_end,no,,,61.9821,at_or_above_50%,open,,
3270,1787257394,2026-08-20T20:23:14+00:00,ONGUSDT,SHORT,pump_24h_fade,0.10325,0.11563999999999999,0.07847,sl_first,1787258700,2026-08-20T20:45:00+00:00,-1.0,stop_touch,yes,1787256920,overheated_confirmed,69.9323,at_or_above_50%,sl,1787258614,0.11856
3272,1787257394,2026-08-20T20:23:14+00:00,COLLECTUSDT,SHORT,pump_24h_fade,0.06415,0.071848,0.048754,sl_first,1787285700,2026-08-21T04:15:00+00:00,-1.0,stop_touch,yes,1787256918,overheated_confirmed,34.0228,below_50%,sl,1787291161,0.07187
3273,1787258721,2026-08-20T20:45:21+00:00,BRETTUSDT,LONG,overheated_confirmed,0.004532,0.004358428571428571,0.004879142857142856,tp_first,1787298300,2026-08-21T07:45:00+00:00,2.0,target_touch,no,,,17.1592,below_50%,tp,1787297943,0.004894
3274,1787258732,2026-08-20T20:45:32+00:00,PLAYUSDT,SHORT,ema_cross_confirmed,0.03588,0.0371048275862069,0.0334303448275862,window_not_elapsed,1787310900,2026-08-21T11:15:00+00:00,-0.7021396396396372,analysis_run_before_window_end,no,,,14.2687,below_50%,open,,
3275,1787259283,2026-08-20T20:54:43+00:00,ONTUSDT,LONG,overheated_24h,0.0592,0.057385535714285715,0.06282892857142858,sl_first,1787259600,2026-08-20T21:00:00+00:00,-1.0,stop_touch,no,,,49.5231,below_50%,sl,1787259392,0.057385535714285715
3276,1787259302,2026-08-20T20:55:02+00:00,龙虾USDT,LONG,overheated_24h,0.02391,0.02224419642857143,0.027241607142857144,window_not_elapsed,1787310900,2026-08-21T11:15:00+00:00,-0.4346250736988812,analysis_run_before_window_end,no,,,16.4927,below_50%,open,,
3277,1787259476,2026-08-20T20:57:56+00:00,GASUSDT,LONG,overheated_24h,1.151,1.125875,1.20125,sl_first,1787259600,2026-08-20T21:00:00+00:00,-1.0,stop_touch,no,,,19.0234,below_50%,sl,1787259511,1.119
3278,1787259504,2026-08-20T20:58:24+00:00,ONGUSDT,SHORT,pump_24h_fade,0.11733,0.13140960000000002,0.08917080000000001,tp_first,1787265900,2026-08-20T22:45:00+00:00,1.999999999999998,target_touch,yes,1787256920,overheated_confirmed,112.8426,at_or_above_50%,tp,1787265300,0.08901
3280,1787259617,2026-08-20T21:00:17+00:00,ONGUSDT,SHORT,pump_fade_confirmed,0.11431,0.1280272,0.0868756,tp_first,1787265900,2026-08-20T22:45:00+00:00,1.999999999999998,target_touch,yes,1787256920,overheated_confirmed,113.198,at_or_above_50%,tp,1787265392,0.0868
3281,1787260478,2026-08-20T21:14:38+00:00,MOODENGUSDT,SHORT,high_rejection_short,0.04352,0.04491571428571429,0.04072857142857143,sl_first,1787290200,2026-08-21T05:30:00+00:00,-1.0,stop_touch,no,,,20.3842,below_50%,sl,1787290411,0.04491571428571429
3282,1787260487,2026-08-20T21:14:47+00:00,AVAAIUSDT,SHORT,high_rejection_short,0.021021,0.022644,0.017775000000000003,tp_first,1787274900,2026-08-21T01:15:00+00:00,2.0,target_touch,no,,,61.9567,at_or_above_50%,tp,1787290361,0.013705
3283,1787260517,2026-08-20T21:15:17+00:00,COLLECTUSDT,SHORT,pump_fade_confirmed,0.06302,0.0705824,0.047895200000000006,sl_first,1787285700,2026-08-21T04:15:00+00:00,-1.0,stop_touch,yes,1787256918,overheated_confirmed,34.1262,below_50%,sl,1787291072,0.07081
3284,1787260521,2026-08-20T21:15:21+00:00,ENAUSDT,LONG,overheated_confirmed,0.11387,0.11044946428571428,0.12071107142857143,sl_first,1787263200,2026-08-20T22:00:00+00:00,-1.0,stop_touch,no,,,24.1597,below_50%,sl,1787262543,0.11044946428571428
3285,1787260525,2026-08-20T21:15:25+00:00,GALAUSDT,LONG,overheated_confirmed,0.001595,0.0015206964285714285,0.001743607142857143,tp_first,1787298300,2026-08-21T07:45:00+00:00,2.0,target_touch,no,,,17.9542,below_50%,tp,1787297732,0.001743607142857143
3286,1787260535,2026-08-20T21:15:35+00:00,GRVTUSDT,SHORT,ema_cross_confirmed,0.2788,0.304151724137931,0.22809655172413795,window_not_elapsed,1787310900,2026-08-21T11:15:00+00:00,-0.09861262241566934,analysis_run_before_window_end,no,,,12.4457,below_50%,open,,
3287,1787261434,2026-08-20T21:30:34+00:00,DOSUSDT,SHORT,ema_cross_confirmed,0.2289,0.25536896551724136,0.17596206896551725,window_not_elapsed,1787310900,2026-08-21T11:15:00+00:00,-0.29090672225117303,analysis_run_before_window_end,no,,,14.4812,below_50%,open,,
3288,1787261470,2026-08-20T21:31:10+00:00,ONTUSDT,LONG,overheated_24h,0.05393,0.05211553571428571,0.05755892857142857,sl_first,1787262300,2026-08-20T21:45:00+00:00,-1.0,stop_touch,no,,,51.8139,at_or_above_50%,sl,1787261612,0.05211553571428571
3289,1787261593,2026-08-20T21:33:13+00:00,ONTUSDT,SHORT,pump_24h_fade,0.05393,0.0604016,0.040986800000000004,window_not_elapsed,1787310900,2026-08-21T11:15:00+00:00,0.7880585944743185,analysis_run_before_window_end,yes,1787261470,overheated_24h,51.8139,at_or_above_50%,open,,
3304,1787263721,2026-08-20T22:08:41+00:00,APRUSDT,SHORT,bb_squeeze,0.17949,0.186810099009901,0.16484980198019802,sl_first,1787272200,2026-08-21T00:30:00+00:00,-1.0,stop_touch,no,,,16.0581,below_50%,sl,1787291916,0.18683
3305,1787263768,2026-08-20T22:09:28+00:00,EVAAUSDT,LONG,bb_squeeze,0.7762,0.7644544554455446,0.799691089108911,sl_first,1787284800,2026-08-21T04:00:00+00:00,-1.0,stop_touch,no,,,6.6837,below_50%,sl,1787294306,0.7644544554455446
3306,1787263885,2026-08-20T22:11:25+00:00,PARTIUSDT,LONG,bb_squeeze,0.02469,0.02443940594059406,0.02519118811881188,sl_first,1787265000,2026-08-20T22:30:00+00:00,-1.0,stop_touch,no,,,5.4329,below_50%,sl,1787264253,0.02443
3307,1787263984,2026-08-20T22:13:04+00:00,DOSUSDT,SHORT,bb_squeeze,0.2297,0.23675049504950493,0.2155990099009901,sl_first,1787265000,2026-08-20T22:30:00+00:00,-1.0,stop_touch,no,,,14.3046,below_50%,sl,1787264810,0.23675049504950493
3309,1787264860,2026-08-20T22:27:40+00:00,PNUTUSDT,LONG,overheated_early,0.05177,0.04997910714285714,0.05535178571428571,tp_first,1787302800,2026-08-21T09:00:00+00:00,1.9999999999999962,target_touch,no,,,20.3378,below_50%,tp,1787302391,0.05535178571428571
3310,1787265027,2026-08-20T22:30:27+00:00,JASMYUSDT,LONG,ema_cross_confirmed,0.003892,0.003761551724137931,0.004152896551724138,tp_first,1787297400,2026-08-21T07:30:00+00:00,2.000000000000003,target_touch,no,,,10.0777,below_50%,tp,1787297368,0.004155
3311,1787265051,2026-08-20T22:30:51+00:00,ONTUSDT,LONG,overheated_early,0.05014,0.04832553571428571,0.05376892857142857,tp_first,1787276700,2026-08-21T01:45:00+00:00,2.0,target_touch,yes,1787261593,pump_24h_fade,51.8139,at_or_above_50%,sl,1787300851,0.0478
3312,1787265155,2026-08-20T22:32:35+00:00,ONGUSDT,LONG,overheated_early,0.09322,0.08576928571428571,0.10812142857142856,sl_first,1787265900,2026-08-20T22:45:00+00:00,-1.0,stop_touch,no,,,113.198,at_or_above_50%,sl,1787265392,0.08576928571428571
3327,1787266210,2026-08-20T22:50:10+00:00,AEONUSDT,LONG,low_rejection_long,0.07261,0.07132214285714285,0.07518571428571429,tp_first,1787274900,2026-08-21T01:15:00+00:00,2.0,target_touch,no,,,21.6751,below_50%,tp,1787304834,0.07529
3329,1787266952,2026-08-20T23:02:32+00:00,AVAAIUSDT,LONG,overheated_24h,0.019567,0.017916357142857144,0.022868285714285716,sl_first,1787274900,2026-08-21T01:15:00+00:00,-1.0,stop_touch,no,,,60.0679,at_or_above_50%,sl,1787290361,0.013705
3330,1787266987,2026-08-20T23:03:07+00:00,PEOPLEUSDT,LONG,overheated_24h,0.010449,0.009987375,0.01137225,tp_first,1787298300,2026-08-21T07:45:00+00:00,2.0,target_touch,no,,,43.0158,below_50%,tp,1787297822,0.011386
3331,1787267001,2026-08-20T23:03:21+00:00,PEOPLEUSDT,LONG,overheated_confirmed,0.010518,0.010056375,0.01144125,sl_first,1787268600,2026-08-20T23:30:00+00:00,-1.0,stop_touch,no,,,43.0158,below_50%,sl,1787267914,0.010056375
3332,1787267033,2026-08-20T23:03:53+00:00,ENAUSDT,LONG,overheated_24h,0.11562,0.11171196428571428,0.12343607142857144,tp_first,1787281200,2026-08-21T03:00:00+00:00,2.0,target_touch,no,,,26.5637,below_50%,tp,1787290361,0.12927
3333,1787267106,2026-08-20T23:05:06+00:00,YBUSDT,LONG,overheated_24h,0.0895,0.0868375,0.09482499999999999,sl_first,1787270400,2026-08-21T00:00:00+00:00,-1.0,stop_touch,no,,,20.3922,below_50%,sl,1787269710,0.0868375
3334,1787267216,2026-08-20T23:06:56+00:00,AIOTUSDT,LONG,overheated_24h,0.04531,0.043095357142857144,0.049739285714285715,sl_first,1787274900,2026-08-21T01:15:00+00:00,-1.0,stop_touch,no,,,24.9867,below_50%,sl,1787290861,0.04279
3336,1787268306,2026-08-20T23:25:06+00:00,ONGUSDT,SHORT,high_rejection_short,0.08309,0.0897372,0.06979559999999999,sl_first,1787271300,2026-08-21T00:15:00+00:00,-1.0,stop_touch,yes,1787265155,overheated_early,113.198,at_or_above_50%,sl,1787270760,0.09003
3337,1787269135,2026-08-20T23:38:55+00:00,ORDIUSDT,LONG,overheated_early,4.166,4.004803571428572,4.488392857142857,tp_first,1787299200,2026-08-21T08:00:00+00:00,2.0,target_touch,no,,,23.9064,below_50%,tp,1787299265,4.488392857142857
3338,1787269516,2026-08-20T23:45:16+00:00,DEXEUSDT,LONG,ema_cross_confirmed,1.951,1.858103448275862,2.136793103448276,window_not_elapsed,1787310900,2026-08-21T11:15:00+00:00,-0.06458797327394208,analysis_run_before_window_end,no,,,5.2207,below_50%,open,,
3339,1787269519,2026-08-20T23:45:19+00:00,龙虾USDT,LONG,overheated_confirmed,0.023891,0.022225196428571427,0.027222607142857142,window_not_elapsed,1787310900,2026-08-21T11:15:00+00:00,-0.423219167068661,analysis_run_before_window_end,no,,,20.2341,below_50%,open,,
3340,1787270422,2026-08-21T00:00:22+00:00,COREUSDT,LONG,overheated_confirmed,0.02532,0.024126964285714286,0.027706071428571424,sl_first,1787274900,2026-08-21T01:15:00+00:00,-1.0,stop_touch,no,,,21.2786,below_50%,open,,
3348,1787271184,2026-08-21T00:13:04+00:00,CROSSUSDT,LONG,overheated_early,0.12751,0.12103428571428573,0.14046142857142857,sl_first,1787285700,2026-08-21T04:15:00+00:00,-1.0,stop_touch,no,,,26.5342,below_50%,open,,
3349,1787271199,2026-08-21T00:13:19+00:00,FORMUSDT,LONG,overheated_early,0.2472,0.2380875,0.265425,tp_first,1787310000,2026-08-21T11:00:00+00:00,2.000000000000003,target_touch,no,,,20.0191,below_50%,tp,1787309309,0.2655
3350,1787290696,2026-08-21T05:38:16+00:00,CRVUSDT,LONG,overheated_24h,0.3141,0.30123214285714284,0.3398357142857143,window_not_elapsed,1787310900,2026-08-21T11:15:00+00:00,0.42742159311684713,analysis_run_before_window_end,no,,,22.1216,below_50%,open,,
3351,1787290714,2026-08-21T05:38:34+00:00,ENAUSDT,LONG,overheated_24h,0.12899,0.1240142857142857,0.13894142857142858,tp_first,1787301900,2026-08-21T08:45:00+00:00,2.0,target_touch,no,,,40.8938,below_50%,tp,1787301910,0.13894142857142858
3352,1787290722,2026-08-21T05:38:42+00:00,ENAUSDT,LONG,overheated_confirmed,0.12906,0.12408428571428572,0.1390114285714286,tp_first,1787302800,2026-08-21T09:00:00+00:00,2.0,target_touch,no,,,40.8938,below_50%,tp,1787302093,0.1390114285714286
3353,1787290755,2026-08-21T05:39:15+00:00,XRPUSDT,LONG,overheated_early,1.306,1.2654892857142859,1.3870214285714286,tp_first,1787302800,2026-08-21T09:00:00+00:00,2.0000000000000053,target_touch,no,,,22.1233,below_50%,tp,1787302333,1.3882
3354,1787290780,2026-08-21T05:39:40+00:00,SPKUSDT,LONG,overheated_24h,0.01735,0.016896785714285715,0.018256428571428573,tp_first,1787292000,2026-08-21T06:00:00+00:00,2.0,target_touch,no,,,20.2488,below_50%,tp,1787292036,0.018256428571428573
3355,1787290793,2026-08-21T05:39:53+00:00,MOODENGUSDT,LONG,overheated_early,0.04511,0.04353660714285714,0.04825678571428571,window_not_elapsed,1787310900,2026-08-21T11:15:00+00:00,0.9914879128362315,analysis_run_before_window_end,no,,,18.301,below_50%,open,,
3356,1787290806,2026-08-21T05:40:06+00:00,COLLECTUSDT,LONG,overheated_early,0.06943,0.06533125000000001,0.0776275,sl_first,1787301000,2026-08-21T08:30:00+00:00,-1.0,stop_touch,no,,,48.4718,below_50%,sl,1787300708,0.06533125000000001
3357,1787290811,2026-08-21T05:40:11+00:00,ONGUSDT,LONG,overheated_early,0.1313,0.11766017857142858,0.15857964285714285,sl_first,1787294700,2026-08-21T06:45:00+00:00,-1.0,stop_touch,no,,,171.066,at_or_above_50%,sl,1787294335,0.11642
3358,1787290843,2026-08-21T05:40:43+00:00,SPKUSDT,LONG,overheated_confirmed,0.01738,0.016926785714285714,0.01828642857142857,tp_first,1787292000,2026-08-21T06:00:00+00:00,2.0,target_touch,no,,,20.2488,below_50%,tp,1787292036,0.01828642857142857
3359,1787290881,2026-08-21T05:41:21+00:00,PROMUSDT,LONG,overheated_early,2.24,2.0755357142857145,2.5689285714285717,window_not_elapsed,1787310900,2026-08-21T11:15:00+00:00,1.106623235613463,analysis_run_before_window_end,no,,,32.7643,below_50%,open,,
3360,1787290902,2026-08-21T05:41:42+00:00,WIFUSDT,LONG,overheated_24h,0.1689,0.16385357142857143,0.17899285714285715,tp_first,1787302800,2026-08-21T09:00:00+00:00,2.0000000000000053,target_touch,no,,,15.6379,below_50%,tp,1787302869,0.17899285714285715
3361,1787290914,2026-08-21T05:41:54+00:00,GALAUSDT,LONG,overheated_early,0.001656,0.0015721071428571427,0.0018237857142857142,tp_first,1787301000,2026-08-21T08:30:00+00:00,1.9999999999999973,target_touch,no,,,19.5994,below_50%,tp,1787300531,0.0018237857142857142
3362,1787290941,2026-08-21T05:42:21+00:00,STXUSDT,LONG,overheated_24h,0.1546,0.15026607142857143,0.16326785714285713,tp_first,1787302800,2026-08-21T09:00:00+00:00,2.000000000000006,target_touch,no,,,19.5472,below_50%,tp,1787302333,0.1634
3363,1787290975,2026-08-21T05:42:55+00:00,GASUSDT,LONG,overheated_early,1.146,1.1075357142857143,1.2229285714285714,window_not_elapsed,1787310900,2026-08-21T11:15:00+00:00,0.5459610027855201,analysis_run_before_window_end,no,,,25.7345,below_50%,open,,
3364,1787290989,2026-08-21T05:43:09+00:00,RSRUSDT,LONG,overheated_24h,0.001443,0.0013965000000000002,0.001536,window_not_elapsed,1787310900,2026-08-21T11:15:00+00:00,0.7311827956989256,analysis_run_before_window_end,no,,,17.7796,below_50%,open,,
3528,1787290990,2026-08-21T05:43:10+00:00,RSRUSDT,LONG,overheated_confirmed,0.001443,0.001443,0.001443,ambiguous,1787291100,2026-08-21T05:45:00+00:00,nan,both_barriers_same_candle,no,,,17.7796,below_50%,ttl_expired,,
3365,1787290999,2026-08-21T05:43:19+00:00,PENGUUSDT,LONG,overheated_early,0.007484,0.0072288392857142855,0.007994321428571429,window_not_elapsed,1787310900,2026-08-21T11:15:00+00:00,1.2345160613058983,analysis_run_before_window_end,no,,,16.8092,below_50%,open,,
3366,1787291030,2026-08-21T05:43:50+00:00,ANDURILUSDT,LONG,overheated_early,128.48,121.0630357142857,143.31392857142856,window_not_elapsed,1787310900,2026-08-21T11:15:00+00:00,0.05797520163717439,analysis_run_before_window_end,no,,,25.2095,below_50%,open,,
3367,1787291060,2026-08-21T05:44:20+00:00,PUMPUSDT,LONG,overheated_early,0.003891,0.0036471964285714285,0.004378607142857142,window_not_elapsed,1787310900,2026-08-21T11:15:00+00:00,0.865450816670328,analysis_run_before_window_end,no,,,25.1973,below_50%,open,,
3368,1787291065,2026-08-21T05:44:25+00:00,PEPEUSDT,LONG,overheated_early,3.352e-06,3.2409464285714284e-06,3.574107142857143e-06,tp_first,1787306400,2026-08-21T10:00:00+00:00,2.0,target_touch,no,,,15.9445,below_50%,tp,1787306393,3.577e-06
3369,1787291076,2026-08-21T05:44:36+00:00,ENAUSDT,SHORT,pump_24h_fade,0.12899,0.14446879999999998,0.09803239999999999,sl_first,1787302800,2026-08-21T09:00:00+00:00,-1.0,stop_touch,yes,1787290722,overheated_confirmed,40.8938,below_50%,sl,1787302628,0.14446879999999998
3370,1787291076,2026-08-21T05:44:36+00:00,ONGUSDT,SHORT,pump_24h_fade,0.1313,0.147056,0.099788,tp_first,1787300100,2026-08-21T08:15:00+00:00,2.000000000000001,target_touch,yes,1787290811,overheated_early,171.066,at_or_above_50%,tp,1787300051,0.09901
3529,1787291076,2026-08-21T05:44:36+00:00,ENAUSDT,SHORT,pump_fade_confirmed,0.12899,0.12899,0.12899,ambiguous,1787291100,2026-08-21T05:45:00+00:00,nan,both_barriers_same_candle,yes,1787290722,overheated_confirmed,40.8938,below_50%,ttl_expired,,
3530,1787291076,2026-08-21T05:44:36+00:00,COLLECTUSDT,SHORT,pump_fade_confirmed,0.06943,0.06943,0.06943,ambiguous,1787291100,2026-08-21T05:45:00+00:00,nan,both_barriers_same_candle,yes,1787290806,overheated_early,48.4718,below_50%,ttl_expired,,
3531,1787291076,2026-08-21T05:44:36+00:00,ONGUSDT,SHORT,pump_fade_confirmed,0.1313,0.1313,0.1313,ambiguous,1787291100,2026-08-21T05:45:00+00:00,nan,both_barriers_same_candle,yes,1787290811,overheated_early,171.066,at_or_above_50%,ttl_expired,,
3371,1787291143,2026-08-21T05:45:43+00:00,TURBOUSDT,LONG,overheated_confirmed,0.0009548,0.0009275803571428572,0.0010092392857142857,tp_first,1787301000,2026-08-21T08:30:00+00:00,2.0,target_touch,no,,,16.6566,below_50%,tp,1787300587,0.0010095
3372,1787291145,2026-08-21T05:45:45+00:00,WIFUSDT,LONG,overheated_confirmed,0.1699,0.16485357142857143,0.17999285714285712,tp_first,1787307300,2026-08-21T10:15:00+00:00,2.0,target_touch,no,,,16.5981,below_50%,tp,1787306545,0.18
3373,1787291729,2026-08-21T05:55:29+00:00,PIEVERSEUSDT,LONG,bb_squeeze,0.9911,0.9682811881188119,1.0367376237623762,tp_first,1787302800,2026-08-21T09:00:00+00:00,2.000000000000005,target_touch,no,,,9.5264,below_50%,tp,1787302333,1.0367376237623762
3374,1787291755,2026-08-21T05:55:55+00:00,USELESSUSDT,LONG,bb_squeeze,0.05121,0.050277524752475246,0.053074950495049504,sl_first,1787292900,2026-08-21T06:15:00+00:00,-1.0,stop_touch,no,,,23.8756,below_50%,sl,1787292064,0.05017
3375,1787291830,2026-08-21T05:57:10+00:00,TRADOORUSDT,LONG,ema_cross,0.653,0.6324827586206897,0.6940344827586208,window_not_elapsed,1787310900,2026-08-21T11:15:00+00:00,-0.09747899159663884,analysis_run_before_window_end,no,,,7.4074,below_50%,open,,
3535,1787291830,2026-08-21T05:57:10+00:00,TRADOORUSDT,LONG,ema_cross_confirmed,0.653,0.653,0.653,ambiguous,1787292000,2026-08-21T06:00:00+00:00,nan,both_barriers_same_candle,no,,,7.4074,below_50%,ttl_expired,,
3376,1787291869,2026-08-21T05:57:49+00:00,PTBUSDT,LONG,ema_cross,0.000902,0.0008723517241379311,0.000961296551724138,window_not_elapsed,1787310900,2026-08-21T11:15:00+00:00,0.09106769016050294,analysis_run_before_window_end,no,,,6.9937,below_50%,open,,
3536,1787291869,2026-08-21T05:57:49+00:00,PTBUSDT,LONG,ema_cross_confirmed,0.000902,0.000902,0.000902,tp_first,1787292000,2026-08-21T06:00:00+00:00,nan,target_touch,no,,,6.9937,below_50%,ttl_expired,,
3377,1787291872,2026-08-21T05:57:52+00:00,JELLYJELLYUSDT,LONG,ema_cross,0.05881,0.05784724137931035,0.060735517241379315,window_not_elapsed,1787310900,2026-08-21T11:15:00+00:00,-0.13502865329512728,analysis_run_before_window_end,no,,,6.164,below_50%,open,,
3537,1787291872,2026-08-21T05:57:52+00:00,JELLYJELLYUSDT,LONG,ema_cross_confirmed,0.05881,0.05881,0.05881,tp_first,1787292000,2026-08-21T06:00:00+00:00,nan,target_touch,no,,,6.164,below_50%,ttl_expired,,
3378,1787291880,2026-08-21T05:58:00+00:00,GWEIUSDT,LONG,ema_cross,0.024388,0.02324813793103448,0.026667724137931035,window_not_elapsed,1787310900,2026-08-21T11:15:00+00:00,-0.12369917715391932,analysis_run_before_window_end,no,,,27.8071,below_50%,open,,
3538,1787291880,2026-08-21T05:58:00+00:00,GWEIUSDT,LONG,ema_cross_confirmed,0.024388,0.024388,0.024388,sl_first,1787292000,2026-08-21T06:00:00+00:00,nan,stop_touch,no,,,27.8071,below_50%,ttl_expired,,
3379,1787291922,2026-08-21T05:58:42+00:00,SENTUSDT,LONG,ema_cross,0.01275,0.012532413793103448,0.013185172413793102,tp_first,1787301900,2026-08-21T08:45:00+00:00,2.000000000000008,target_touch,no,,,6.4677,below_50%,tp,1787301791,0.01319
3539,1787291922,2026-08-21T05:58:42+00:00,SENTUSDT,LONG,ema_cross_confirmed,0.01275,0.01275,0.01275,ambiguous,1787292000,2026-08-21T06:00:00+00:00,nan,both_barriers_same_candle,no,,,6.4677,below_50%,ttl_expired,,
3380,1787291932,2026-08-21T05:58:52+00:00,VOLXUSDT,SHORT,ema_cross,16.3,16.873551724137933,15.152896551724137,window_not_elapsed,1787310900,2026-08-21T11:15:00+00:00,0.24409306799735525,analysis_run_before_window_end,no,,,16.9184,below_50%,open,,
3540,1787291932,2026-08-21T05:58:52+00:00,VOLXUSDT,SHORT,ema_cross_confirmed,16.3,16.3,16.3,tp_first,1787292000,2026-08-21T06:00:00+00:00,nan,target_touch,no,,,16.9184,below_50%,ttl_expired,,
3381,1787291937,2026-08-21T05:58:57+00:00,币安人生USDT,LONG,ema_cross,0.4865,0.46884241379310343,0.521815172413793,tp_first,1787300100,2026-08-21T08:15:00+00:00,1.999999999999997,target_touch,no,,,14.3084,below_50%,tp,1787299990,0.52617
3382,1787291939,2026-08-21T05:58:59+00:00,FHEUSDT,LONG,ema_cross,0.02725,0.025679655172413794,0.030390689655172415,sl_first,1787303700,2026-08-21T09:15:00+00:00,-1.0,stop_touch,no,,,10.8357,below_50%,sl,1787303305,0.025679655172413794
3541,1787291939,2026-08-21T05:58:59+00:00,FHEUSDT,LONG,ema_cross_confirmed,0.02725,0.02725,0.02725,tp_first,1787292000,2026-08-21T06:00:00+00:00,nan,target_touch,no,,,10.8357,below_50%,ttl_expired,,
3383,1787291991,2026-08-21T05:59:51+00:00,币安人生USDT,LONG,ema_cross_confirmed,0.4867,0.4602136206896552,0.5396727586206896,tp_first,1787302800,2026-08-21T09:00:00+00:00,2.0,target_touch,no,,,14.3084,below_50%,tp,1787302032,0.54483
3384,1787292016,2026-08-21T06:00:16+00:00,GALAUSDT,LONG,ema_cross,0.001656,0.0016010344827586205,0.0017659310344827585,tp_first,1787299200,2026-08-21T08:00:00+00:00,1.999999999999996,target_touch,no,,,19.5994,below_50%,tp,1787298994,0.0017659310344827585
3385,1787292085,2026-08-21T06:01:25+00:00,JUSUNGUSDT,SHORT,ema_cross,121.08,125.44758620689655,112.34482758620689,window_not_elapsed,1787310900,2026-08-21T11:15:00+00:00,-0.2518553608084658,analysis_run_before_window_end,no,,,8.5162,below_50%,open,,
3542,1787292085,2026-08-21T06:01:25+00:00,JUSUNGUSDT,SHORT,ema_cross_confirmed,121.08,121.08,121.08,ambiguous,1787292900,2026-08-21T06:15:00+00:00,nan,both_barriers_same_candle,no,,,8.5162,below_50%,ttl_expired,,
3386,1787292327,2026-08-21T06:05:27+00:00,XPINUSDT,LONG,range_breakout_long,0.0013119,0.0011151149999999999,0.0017054700000000002,window_not_elapsed,1787310900,2026-08-21T11:15:00+00:00,0.009655207459918139,analysis_run_before_window_end,no,,,29.3383,below_50%,open,,
3387,1787292390,2026-08-21T06:06:30+00:00,MUBARAKUSDT,LONG,range_breakout_long,0.02115,0.0184338,0.026582399999999996,window_not_elapsed,1787310900,2026-08-21T11:15:00+00:00,0.0920403504896548,analysis_run_before_window_end,no,,,13.9098,below_50%,open,,
3388,1787292937,2026-08-21T06:15:37+00:00,PEPEUSDT,LONG,overheated_24h,3.412e-06,3.3009464285714286e-06,3.634107142857143e-06,tp_first,1787307300,2026-08-21T10:15:00+00:00,2.0,target_touch,no,,,18.3518,below_50%,tp,1787307153,3.634107142857143e-06
3389,1787292943,2026-08-21T06:15:43+00:00,SPKUSDT,LONG,overheated_confirmed,0.01836,0.017906785714285715,0.01903982142857143,sl_first,1787293800,2026-08-21T06:30:00+00:00,-1.0,stop_touch,no,,,36.2129,below_50%,sl,1787292998,0.01773
3390,1787292955,2026-08-21T06:15:55+00:00,PEPEUSDT,LONG,overheated_confirmed,3.418e-06,3.3069464285714287e-06,3.640107142857143e-06,tp_first,1787308200,2026-08-21T10:30:00+00:00,2.0,target_touch,no,,,18.3518,below_50%,tp,1787307445,3.641e-06
3391,1787292991,2026-08-21T06:16:31+00:00,GOATUSDT,LONG,overheated_early,0.015508,0.01507605357142857,0.016371892857142856,sl_first,1787303700,2026-08-21T09:15:00+00:00,-1.0,stop_touch,no,,,16.6319,below_50%,sl,1787303276,0.015055
3392,1787293017,2026-08-21T06:16:57+00:00,EIGENUSDT,LONG,overheated_24h,0.2092,0.2020375,0.223525,window_not_elapsed,1787310900,2026-08-21T11:15:00+00:00,0.4328097731239088,analysis_run_before_window_end,no,,,15.9669,below_50%,open,,
3546,1787293018,2026-08-21T06:16:58+00:00,EIGENUSDT,LONG,overheated_confirmed,0.2092,0.2092,0.2092,ambiguous,1787293800,2026-08-21T06:30:00+00:00,nan,both_barriers_same_candle,no,,,15.9669,below_50%,ttl_expired,,
3393,1787293024,2026-08-21T06:17:04+00:00,XPINUSDT,LONG,overheated_24h,0.0013261,0.0011829303571428572,0.0016124392857142858,window_not_elapsed,1787310900,2026-08-21T11:15:00+00:00,-0.08591206735266627,analysis_run_before_window_end,no,,,29.3383,below_50%,open,,
3394,1787293060,2026-08-21T06:17:40+00:00,FARTCOINUSDT,LONG,overheated_early,0.17229,0.16475946428571428,0.18735107142857144,window_not_elapsed,1787310900,2026-08-21T11:15:00+00:00,0.859168622987361,analysis_run_before_window_end,no,,,16.445,below_50%,open,,
3395,1787293065,2026-08-21T06:17:45+00:00,PEOPLEUSDT,LONG,overheated_early,0.010903,0.010351267857142857,0.012006464285714285,tp_first,1787301900,2026-08-21T08:45:00+00:00,2.000000000000003,target_touch,no,,,42.3512,below_50%,tp,1787301610,0.012201
3396,1787293077,2026-08-21T06:17:57+00:00,FORMUSDT,LONG,overheated_confirmed,0.2574,0.24876428571428574,0.27467142857142857,window_not_elapsed,1787310900,2026-08-21T11:15:00+00:00,1.007444168734491,analysis_run_before_window_end,no,,,23.0185,below_50%,open,,
3397,1787293127,2026-08-21T06:18:47+00:00,XPLUSDT,LONG,overheated_early,0.09447,0.09105964285714285,0.10129071428571428,tp_first,1787305500,2026-08-21T09:45:00+00:00,1.999999999999996,target_touch,no,,,16.7938,below_50%,tp,1787305527,0.1015
3398,1787294546,2026-08-21T06:42:26+00:00,SPKUSDT,LONG,overheated_24h,0.01698,0.016526785714285713,0.01788642857142857,tp_first,1787300100,2026-08-21T08:15:00+00:00,2.0,target_touch,no,,,36.2129,below_50%,tp,1787300169,0.01788642857142857
3553,1787294546,2026-08-21T06:42:26+00:00,SPKUSDT,LONG,overheated_confirmed,0.01698,0.01698,0.01698,ambiguous,1787294700,2026-08-21T06:45:00+00:00,nan,both_barriers_same_candle,no,,,36.2129,below_50%,ttl_expired,,
3399,1787294659,2026-08-21T06:44:19+00:00,BTWUSDT,LONG,overheated_24h,0.483383,0.37180523214285716,0.7065385357142857,window_not_elapsed,1787310900,2026-08-21T11:15:00+00:00,-0.1019199453296107,analysis_run_before_window_end,no,,,95.3777,at_or_above_50%,open,,
3555,1787294660,2026-08-21T06:44:20+00:00,BTWUSDT,LONG,overheated_confirmed,0.483383,0.483383,0.483383,ambiguous,1787294700,2026-08-21T06:45:00+00:00,nan,both_barriers_same_candle,no,,,95.3777,at_or_above_50%,ttl_expired,,
3554,1787294684,2026-08-21T06:44:44+00:00,STXUSDT,LONG,overheated_confirmed,0.1549,0.1549,0.1549,ambiguous,1787294700,2026-08-21T06:45:00+00:00,nan,both_barriers_same_candle,no,,,19.5472,below_50%,ttl_expired,,
3400,1787294689,2026-08-21T06:44:49+00:00,BCHUSDT,LONG,overheated_24h,249.04,244.12214285714285,258.87571428571425,tp_first,1787298300,2026-08-21T07:45:00+00:00,1.9999999999999942,target_touch,no,,,19.4185,below_50%,tp,1787297548,258.9
3556,1787294689,2026-08-21T06:44:49+00:00,BCHUSDT,LONG,overheated_confirmed,249.04,249.04,249.04,ambiguous,1787294700,2026-08-21T06:45:00+00:00,nan,both_barriers_same_candle,no,,,19.4185,below_50%,ttl_expired,,
3401,1787294696,2026-08-21T06:44:56+00:00,COLLECTUSDT,LONG,overheated_24h,0.0714,0.06730125,0.0795975,sl_first,1787301000,2026-08-21T08:30:00+00:00,-1.0,stop_touch,no,,,48.7845,below_50%,sl,1787300470,0.06730125
3557,1787294697,2026-08-21T06:44:57+00:00,COLLECTUSDT,LONG,overheated_confirmed,0.0714,0.0714,0.0714,ambiguous,1787294700,2026-08-21T06:45:00+00:00,nan,both_barriers_same_candle,no,,,48.7845,below_50%,ttl_expired,,
3559,1787294709,2026-08-21T06:45:09+00:00,PEPEUSDT,LONG,overheated_confirmed,3.409e-06,3.409e-06,3.409e-06,sl_first,1787295600,2026-08-21T07:00:00+00:00,nan,stop_touch,no,,,18.2534,below_50%,ttl_expired,,
3558,1787294714,2026-08-21T06:45:14+00:00,HEMIUSDT,LONG,overheated_confirmed,0.011046,0.011046,0.011046,ambiguous,1787295600,2026-08-21T07:00:00+00:00,nan,both_barriers_same_candle,no,,,36.3658,below_50%,ttl_expired,,
3402,1787294719,2026-08-21T06:45:19+00:00,BTWUSDT,LONG,overheated_confirmed,0.49424,0.38266223214285716,0.7173955357142857,window_not_elapsed,1787310900,2026-08-21T11:15:00+00:00,-0.1992242758293983,analysis_run_before_window_end,no,,,95.3777,at_or_above_50%,open,,
3560,1787294766,2026-08-21T06:46:06+00:00,ENAUSDT,LONG,overheated_confirmed,0.12929,0.12929,0.12929,ambiguous,1787295600,2026-08-21T07:00:00+00:00,nan,both_barriers_same_candle,no,,,40.8014,below_50%,ttl_expired,,
3564,1787294832,2026-08-21T06:47:12+00:00,FORMUSDT,LONG,overheated_confirmed,0.2558,0.2558,0.2558,sl_first,1787295600,2026-08-21T07:00:00+00:00,nan,stop_touch,no,,,22.6112,below_50%,ttl_expired,,
3563,1787294844,2026-08-21T06:47:24+00:00,CRVUSDT,LONG,overheated_confirmed,0.3127,0.3127,0.3127,ambiguous,1787295600,2026-08-21T07:00:00+00:00,nan,both_barriers_same_candle,no,,,22.1216,below_50%,ttl_expired,,
3403,1787294910,2026-08-21T06:48:30+00:00,TURBOUSDT,LONG,overheated_24h,0.0009657,0.0009384803571428572,0.0010201392857142858,tp_first,1787301000,2026-08-21T08:30:00+00:00,2.000000000000004,target_touch,no,,,16.6248,below_50%,tp,1787300947,0.0010201392857142858
3570,1787294910,2026-08-21T06:48:30+00:00,TURBOUSDT,LONG,overheated_confirmed,0.0009657,0.0009657,0.0009657,ambiguous,1787295600,2026-08-21T07:00:00+00:00,nan,both_barriers_same_candle,no,,,16.6248,below_50%,ttl_expired,,
3404,1787294921,2026-08-21T06:48:41+00:00,XPINUSDT,LONG,overheated_early,0.0013512,0.0012080303571428573,0.001637539285714286,window_not_elapsed,1787310900,2026-08-21T11:15:00+00:00,-0.2612285625194898,analysis_run_before_window_end,no,,,29.3383,below_50%,open,,
3405,1787294929,2026-08-21T06:48:49+00:00,ONGUSDT,LONG,overheated_early,0.11461,0.10097017857142858,0.14188964285714287,sl_first,1787300100,2026-08-21T08:15:00+00:00,-1.0,stop_touch,no,,,171.066,at_or_above_50%,sl,1787300051,0.09901
3406,1787294935,2026-08-21T06:48:55+00:00,BTWUSDT,SHORT,pump_24h_fade,0.483383,0.54138896,0.36737108,window_not_elapsed,1787310900,2026-08-21T11:15:00+00:00,0.1960488198109296,analysis_run_before_window_end,yes,1787294719,overheated_confirmed,95.3777,at_or_above_50%,open,,
3407,1787294935,2026-08-21T06:48:55+00:00,COLLECTUSDT,SHORT,pump_24h_fade,0.0714,0.07996800000000001,0.05426400000000001,window_not_elapsed,1787310900,2026-08-21T11:15:00+00:00,1.59313725490196,analysis_run_before_window_end,yes,1787294697,overheated_confirmed,48.7845,below_50%,open,,
3408,1787295473,2026-08-21T06:57:53+00:00,ONUSDT,SHORT,bb_squeeze,0.26845,0.281230396039604,0.2428892079207921,sl_first,1787300100,2026-08-21T08:15:00+00:00,-1.0,stop_touch,no,,,14.7788,below_50%,sl,1787299809,0.28228
3409,1787295479,2026-08-21T06:57:59+00:00,GIGGLEUSDT,LONG,bb_squeeze,36.75,36.18306930693069,37.88386138613861,tp_first,1787301000,2026-08-21T08:30:00+00:00,1.9999999999999876,target_touch,no,,,12.6671,below_50%,tp,1787300947,37.88386138613861
3410,1787295613,2026-08-21T07:00:13+00:00,KIMIUSDT,LONG,bb_squeeze,8.32,8.231851485148516,8.496297029702971,sl_first,1787303700,2026-08-21T09:15:00+00:00,-1.0,stop_touch,no,,,4.0491,below_50%,sl,1787303721,8.231851485148516
3411,1787295663,2026-08-21T07:01:03+00:00,INXUSDT,LONG,bb_squeeze,0.00851,0.008392772277227723,0.008744455445544554,sl_first,1787303700,2026-08-21T09:15:00+00:00,-1.0,stop_touch,no,,,5.379,below_50%,sl,1787303041,0.00839
3412,1787296006,2026-08-21T07:06:46+00:00,BTWUSDT,SHORT,high_rejection_short,0.483383,0.5220536400000001,0.40604171999999983,sl_first,1787297400,2026-08-21T07:30:00+00:00,-1.0,stop_touch,yes,1787294719,overheated_confirmed,95.3777,at_or_above_50%,sl,1787296659,0.5220536400000001
3413,1787296506,2026-08-21T07:15:06+00:00,PEOPLEUSDT,LONG,overheated_confirmed,0.010998,0.010446267857142859,0.012101464285714285,tp_first,1787301900,2026-08-21T08:45:00+00:00,2.0,target_touch,no,,,42.0123,below_50%,tp,1787301610,0.012201
3414,1787296678,2026-08-21T07:17:58+00:00,XPLUSDT,LONG,overheated_24h,0.09483,0.09141964285714285,0.10165071428571427,tp_first,1787306400,2026-08-21T10:00:00+00:00,1.999999999999996,target_touch,no,,,16.6503,below_50%,tp,1787305589,0.10165071428571427
3415,1787296686,2026-08-21T07:18:06+00:00,BOMEUSDT,LONG,overheated_24h,0.001293,0.0012010982142857144,0.0014768035714285716,tp_first,1787299200,2026-08-21T08:00:00+00:00,2.000000000000002,target_touch,no,,,27.8029,below_50%,tp,1787298454,0.0014901
3416,1787296760,2026-08-21T07:19:20+00:00,ENSUSDT,LONG,overheated_24h,4.807,4.665678571428572,5.089642857142858,tp_first,1787302800,2026-08-21T09:00:00+00:00,2.0,target_touch,no,,,15.9731,below_50%,tp,1787302569,5.095
3417,1787296762,2026-08-21T07:19:22+00:00,BOMEUSDT,LONG,overheated_confirmed,0.0012914,0.0011994982142857144,0.0014752035714285714,tp_first,1787299200,2026-08-21T08:00:00+00:00,2.0,target_touch,no,,,27.8029,below_50%,tp,1787298454,0.0014901
3418,1787296773,2026-08-21T07:19:33+00:00,AIOTUSDT,LONG,overheated_early,0.04389,0.041267142857142856,0.04913571428571428,window_not_elapsed,1787310900,2026-08-21T11:15:00+00:00,-0.45370370370370255,analysis_run_before_window_end,no,,,24.9867,below_50%,open,,
3419,1787296805,2026-08-21T07:20:05+00:00,GWEIUSDT,LONG,overheated_early,0.025193,0.023476035714285713,0.028626928571428574,window_not_elapsed,1787310900,2026-08-21T11:15:00+00:00,-0.5509724388975549,analysis_run_before_window_end,no,,,27.8071,below_50%,open,,
3420,1787296945,2026-08-21T07:22:25+00:00,SSVUSDT,LONG,overheated_24h,2.733,2.6587500000000004,2.8815,tp_first,1787297400,2026-08-21T07:30:00+00:00,2.0000000000000058,target_touch,no,,,21.8457,below_50%,tp,1787296980,2.96
3421,1787296952,2026-08-21T07:22:32+00:00,CHIPUSDT,LONG,overheated_24h,0.03341,0.03043625,0.039357500000000004,window_not_elapsed,1787310900,2026-08-21T11:15:00+00:00,-0.13787305590584298,analysis_run_before_window_end,no,,,25.8521,below_50%,open,,
3422,1787296970,2026-08-21T07:22:50+00:00,BRETTUSDT,LONG,overheated_early,0.004779,0.004590910714285715,0.005155178571428572,tp_first,1787308200,2026-08-21T10:30:00+00:00,2.0000000000000044,target_touch,no,,,15.8699,below_50%,tp,1787308165,0.005155178571428572
3423,1787297000,2026-08-21T07:23:20+00:00,PROMUSDT,LONG,overheated_24h,2.334,2.1695357142857143,2.6629285714285715,window_not_elapsed,1787310900,2026-08-21T11:15:00+00:00,0.5350705754614553,analysis_run_before_window_end,no,,,32.7643,below_50%,open,,
3424,1787297064,2026-08-21T07:24:24+00:00,PROMUSDT,LONG,overheated_confirmed,2.339,2.1745357142857142,2.6679285714285714,window_not_elapsed,1787310900,2026-08-21T11:15:00+00:00,0.5046688382193278,analysis_run_before_window_end,no,,,32.7643,below_50%,open,,
3425,1787297407,2026-08-21T07:30:07+00:00,BTWUSDT,SHORT,pump_fade_confirmed,0.496879,0.55650448,0.37762804,window_not_elapsed,1787310900,2026-08-21T11:15:00+00:00,0.41707001771725816,analysis_run_before_window_end,yes,1787294719,overheated_confirmed,72.3208,at_or_above_50%,open,,
3426,1787297413,2026-08-21T07:30:13+00:00,SENTUSDT,LONG,ema_cross_confirmed,0.01292,0.012593620689655171,0.013572758620689655,window_not_elapsed,1787310900,2026-08-21T11:15:00+00:00,0.7353407290015861,analysis_run_before_window_end,no,,,6.5128,below_50%,open,,
3427,1787297415,2026-08-21T07:30:15+00:00,GALAUSDT,LONG,ema_cross_confirmed,0.001725,0.001642551724137931,0.001889896551724138,tp_first,1787302800,2026-08-21T09:00:00+00:00,2.0,target_touch,no,,,22.8693,below_50%,tp,1787302689,0.001891
3428,1787297423,2026-08-21T07:30:23+00:00,XPLUSDT,LONG,overheated_confirmed,0.09449,0.09107964285714286,0.1013107142857143,tp_first,1787305500,2026-08-21T09:45:00+00:00,2.0,target_touch,no,,,17.5871,below_50%,tp,1787305527,0.1015
3429,1787297424,2026-08-21T07:30:24+00:00,ENSUSDT,LONG,overheated_confirmed,4.803,4.661678571428571,5.085642857142857,tp_first,1787302800,2026-08-21T09:00:00+00:00,2.0,target_touch,no,,,15.768,below_50%,tp,1787302509,5.085642857142857
3430,1787297425,2026-08-21T07:30:25+00:00,SSVUSDT,LONG,overheated_confirmed,2.803,2.72875,2.9515000000000002,tp_first,1787298300,2026-08-21T07:45:00+00:00,2.0,target_touch,no,,,33.3928,below_50%,tp,1787297912,2.958
3431,1787297523,2026-08-21T07:32:03+00:00,BOTUSDT,LONG,bb_squeeze,29.24,28.606138613861383,30.507722772277226,window_not_elapsed,1787310900,2026-08-21T11:15:00+00:00,0.09465791940019075,analysis_run_before_window_end,no,,,7.7624,below_50%,open,,
3432,1787298799,2026-08-21T07:53:19+00:00,ORDIUSDT,LONG,overheated_24h,4.41,4.236428571428571,4.757142857142857,window_not_elapsed,1787310900,2026-08-21T11:15:00+00:00,0.01728395061728457,analysis_run_before_window_end,no,,,18.745,below_50%,open,,
3433,1787298841,2026-08-21T07:54:01+00:00,FETUSDT,LONG,overheated_24h,0.151,0.14586785714285713,0.1612642857142857,tp_first,1787302800,2026-08-21T09:00:00+00:00,1.9999999999999947,target_touch,no,,,17.1694,below_50%,tp,1787302391,0.1612642857142857
3434,1787298865,2026-08-21T07:54:25+00:00,FETUSDT,LONG,overheated_confirmed,0.1504,0.14526785714285714,0.16066428571428573,tp_first,1787302800,2026-08-21T09:00:00+00:00,2.0,target_touch,no,,,17.1694,below_50%,tp,1787302333,0.16066428571428573
3435,1787298873,2026-08-21T07:54:33+00:00,USELESSUSDT,LONG,overheated_24h,0.05337,0.05043,0.059250000000000004,tp_first,1787310000,2026-08-21T11:00:00+00:00,2.000000000000002,target_touch,no,,,19.0981,below_50%,tp,1787309338,0.05938
3436,1787298890,2026-08-21T07:54:50+00:00,COREUSDT,LONG,overheated_early,0.02501,0.023727500000000002,0.027575000000000002,window_not_elapsed,1787310900,2026-08-21T11:15:00+00:00,0.7719298245614025,analysis_run_before_window_end,no,,,20.7153,below_50%,open,,
3437,1787298909,2026-08-21T07:55:09+00:00,BRETTUSDT,LONG,overheated_24h,0.004921,0.004732910714285715,0.005297178571428572,window_not_elapsed,1787310900,2026-08-21T11:15:00+00:00,0.9623089338270203,analysis_run_before_window_end,no,,,17.4922,below_50%,open,,
3438,1787298927,2026-08-21T07:55:27+00:00,PYTHUSDT,LONG,overheated_24h,0.05023,0.04872892857142857,0.05323214285714285,sl_first,1787301000,2026-08-21T08:30:00+00:00,-1.0,stop_touch,no,,,17.6706,below_50%,sl,1787300708,0.04872892857142857
3439,1787298939,2026-08-21T07:55:39+00:00,BONKUSDT,LONG,overheated_24h,2.908e-06,2.8274285714285714e-06,3.069142857142857e-06,sl_first,1787303700,2026-08-21T09:15:00+00:00,-1.0,stop_touch,no,,,18.0427,below_50%,sl,1787303245,2.8274285714285714e-06
3440,1787298954,2026-08-21T07:55:54+00:00,币安人生USDT,LONG,overheated_24h,0.52002,0.4947958928571429,0.5704682142857143,window_not_elapsed,1787310900,2026-08-21T11:15:00+00:00,0.30526353049449334,analysis_run_before_window_end,no,,,16.2741,below_50%,open,,
3441,1787299001,2026-08-21T07:56:41+00:00,GALAUSDT,LONG,overheated_24h,0.00175,0.0016661071428571428,0.0019177857142857143,tp_first,1787310000,2026-08-21T11:00:00+00:00,1.9999999999999973,target_touch,no,,,24.3435,below_50%,tp,1787309578,0.001925
3442,1787299013,2026-08-21T07:56:53+00:00,YBUSDT,LONG,overheated_early,0.0894,0.08608392857142856,0.09603214285714284,window_not_elapsed,1787310900,2026-08-21T11:15:00+00:00,-0.42218632202477024,analysis_run_before_window_end,no,,,21.1068,below_50%,open,,
3443,1787299048,2026-08-21T07:57:28+00:00,GALAUSDT,LONG,overheated_confirmed,0.001752,0.0016681071428571428,0.0019197857142857146,tp_first,1787310000,2026-08-21T11:00:00+00:00,2.0,target_touch,no,,,24.3435,below_50%,tp,1787309578,0.001925
3444,1787299125,2026-08-21T07:58:45+00:00,PEOPLEUSDT,SHORT,pump_24h_fade,0.011651,0.013049119999999999,0.00885476,sl_first,1787302800,2026-08-21T09:00:00+00:00,-1.0,stop_touch,yes,1787296506,overheated_confirmed,44.1924,below_50%,sl,1787302809,0.013095
3445,1787299126,2026-08-21T07:58:46+00:00,牛来USDT,SHORT,pump_24h_fade,0.07634,0.0855008,0.058018400000000005,window_not_elapsed,1787310900,2026-08-21T11:15:00+00:00,0.9333246004715751,analysis_run_before_window_end,no,,,97.4687,at_or_above_50%,open,,
3446,1787299126,2026-08-21T07:58:46+00:00,PROMUSDT,SHORT,pump_24h_fade,2.453,2.7473599999999996,1.86428,window_not_elapsed,1787310900,2026-08-21T11:15:00+00:00,0.10531322190514922,analysis_run_before_window_end,yes,1787297064,overheated_confirmed,36.2885,below_50%,open,,
3447,1787299207,2026-08-21T08:00:07+00:00,BOMEUSDT,SHORT,pump_fade_confirmed,0.0014527,0.001627024,0.001104052,window_not_elapsed,1787310900,2026-08-21T11:15:00+00:00,0.8851334297056057,analysis_run_before_window_end,yes,1787296762,overheated_confirmed,39.9515,below_50%,open,,
3448,1787299220,2026-08-21T08:00:20+00:00,BRETTUSDT,LONG,overheated_confirmed,0.004926,0.0047379107142857145,0.0053021785714285705,window_not_elapsed,1787310900,2026-08-21T11:15:00+00:00,0.9357258141080429,analysis_run_before_window_end,no,,,17.7677,below_50%,open,,
3449,1787299227,2026-08-21T08:00:27+00:00,ORDIUSDT,LONG,overheated_confirmed,4.495,4.321428571428571,4.842142857142858,window_not_elapsed,1787310900,2026-08-21T11:15:00+00:00,-0.4724279835390928,analysis_run_before_window_end,no,,,19.8667,below_50%,open,,
3450,1787299228,2026-08-21T08:00:28+00:00,USELESSUSDT,LONG,overheated_confirmed,0.05527,0.05233,0.061149999999999996,window_not_elapsed,1787310900,2026-08-21T11:15:00+00:00,1.367346938775512,analysis_run_before_window_end,no,,,24.0654,below_50%,open,,
3451,1787299597,2026-08-21T08:06:37+00:00,AXTIUSDT,LONG,bb_squeeze,75.21,73.18415841584158,79.26168316831682,window_not_elapsed,1787310900,2026-08-21T11:15:00+00:00,0.014808660378281206,analysis_run_before_window_end,no,,,9.9842,below_50%,open,,
3452,1787299604,2026-08-21T08:06:44+00:00,INUSDT,LONG,bb_squeeze,0.03289,0.03261,0.03345,tp_first,1787303700,2026-08-21T09:15:00+00:00,1.9999999999999751,target_touch,no,,,4.1286,below_50%,tp,1787303481,0.03347
3453,1787299632,2026-08-21T08:07:12+00:00,CRWVUSDT,LONG,bb_squeeze,91.7,90.22792079207922,94.64415841584159,window_not_elapsed,1787310900,2026-08-21T11:15:00+00:00,0.16982781813290365,analysis_run_before_window_end,no,,,5.5737,below_50%,open,,
3454,1787299645,2026-08-21T08:07:25+00:00,TLMUSDT,LONG,bb_squeeze,0.001414,0.0013919009900990097,0.0014581980198019801,window_not_elapsed,1787310900,2026-08-21T11:15:00+00:00,0.9050179211469509,analysis_run_before_window_end,no,,,3.2047,below_50%,open,,
3455,1787299716,2026-08-21T08:08:36+00:00,NESUSDT,LONG,bb_squeeze,0.2192,0.21673861386138615,0.22412277227722774,tp_first,1787307300,2026-08-21T10:15:00+00:00,2.000000000000011,target_touch,no,,,2.6989,below_50%,tp,1787307325,0.22412277227722774
3456,1787299745,2026-08-21T08:09:05+00:00,TQQQXUSDT,LONG,bb_squeeze,71.55,70.94960396039603,72.75079207920791,window_not_elapsed,1787310900,2026-08-21T11:15:00+00:00,0.16655672823220305,analysis_run_before_window_end,no,,,4.2867,below_50%,open,,
3457,1787299761,2026-08-21T08:09:21+00:00,XAIUSDT,LONG,bb_squeeze,0.007509,0.007403712871287129,0.007719574257425743,window_not_elapsed,1787310900,2026-08-21T11:15:00+00:00,1.956554447996992,analysis_run_before_window_end,no,,,3.8158,below_50%,open,,
3458,1787299782,2026-08-21T08:09:42+00:00,AMATUSDT,LONG,bb_squeeze,503.3,498.3059405940594,513.2881188118812,sl_first,1787301000,2026-08-21T08:30:00+00:00,-1.0,stop_touch,no,,,3.3238,below_50%,sl,1787300587,498.1
3459,1787299821,2026-08-21T08:10:21+00:00,GLWUSDT,LONG,bb_squeeze,153.83,151.87653465346537,157.73693069306933,window_not_elapsed,1787310900,2026-08-21T11:15:00+00:00,-0.17404967055246093,analysis_run_before_window_end,no,,,3.733,below_50%,open,,
3460,1787299846,2026-08-21T08:10:46+00:00,SQQQUSDT,SHORT,bb_squeeze,38.76,39.100297029702965,38.07940594059406,window_not_elapsed,1787310900,2026-08-21T11:15:00+00:00,0.11754437009019363,analysis_run_before_window_end,no,,,4.3273,below_50%,open,,
3461,1787299885,2026-08-21T08:11:25+00:00,INTCUSDT,LONG,bb_squeeze,93.35,92.3308910891089,95.38821782178218,sl_first,1787301000,2026-08-21T08:30:00+00:00,-1.0,stop_touch,no,,,4.6915,below_50%,sl,1787300708,92.3308910891089
3462,1787299894,2026-08-21T08:11:34+00:00,DELLUSDT,LONG,bb_squeeze,439.47,434.2431683168317,449.92366336633665,window_not_elapsed,1787310900,2026-08-21T11:15:00+00:00,-0.3271580383019905,analysis_run_before_window_end,no,,,2.9715,below_50%,open,,
3463,1787299975,2026-08-21T08:12:55+00:00,MINIMAXUSDT,LONG,ema_cross,44.23,42.710344827586205,47.26931034482758,window_not_elapsed,1787310900,2026-08-21T11:15:00+00:00,-0.2105740866802817,analysis_run_before_window_end,no,,,18.7663,below_50%,open,,
3464,1787300042,2026-08-21T08:14:02+00:00,GUAUSDT,SHORT,ema_cross,0.04239,0.0437203448275862,0.03972931034482758,window_not_elapsed,1787310900,2026-08-21T11:15:00+00:00,-0.3307413167444298,analysis_run_before_window_end,no,,,7.9053,below_50%,open,,
3465,1787300112,2026-08-21T08:15:12+00:00,VOLXUSDT,SHORT,ema_cross_confirmed,16.107,17.254103448275863,13.812793103448271,window_not_elapsed,1787310900,2026-08-21T11:15:00+00:00,-0.04620333072807135,analysis_run_before_window_end,no,,,15.1813,below_50%,open,,
3466,1787300128,2026-08-21T08:15:28+00:00,币安人生USDT,LONG,overheated_confirmed,0.5265,0.5012758928571428,0.5769482142857143,window_not_elapsed,1787310900,2026-08-21T11:15:00+00:00,0.04836642950692002,analysis_run_before_window_end,no,,,18.9853,below_50%,open,,
3467,1787300166,2026-08-21T08:16:06+00:00,STABLEUSDT,LONG,ema_cross,0.03215,0.030827241379310342,0.03479551724137931,window_not_elapsed,1787310900,2026-08-21T11:15:00+00:00,-0.4309176225234624,analysis_run_before_window_end,no,,,21.426,below_50%,open,,
3468,1787300209,2026-08-21T08:16:49+00:00,COWUSDT,LONG,ema_cross,0.1144,0.11034137931034482,0.12251724137931035,window_not_elapsed,1787310900,2026-08-21T11:15:00+00:00,0.615972812234494,analysis_run_before_window_end,no,,,7.0175,below_50%,open,,
3469,1787300250,2026-08-21T08:17:30+00:00,AVAAIUSDT,LONG,low_rejection_long,0.010698,0.009842159999999999,0.01240968,sl_first,1787301000,2026-08-21T08:30:00+00:00,-1.0,stop_touch,no,,,129.0936,at_or_above_50%,sl,1787300531,0.009788
3470,1787300251,2026-08-21T08:17:31+00:00,COWUSDT,LONG,ema_cross_confirmed,0.1147,0.10861206896551724,0.1268758620689655,window_not_elapsed,1787310900,2026-08-21T11:15:00+00:00,0.3613707165109049,analysis_run_before_window_end,no,,,7.0175,below_50%,open,,
3471,1787300907,2026-08-21T08:28:27+00:00,ASTEROIDUSDT,LONG,overheated_24h,7.46e-05,6.836964285714285e-05,8.706071428571429e-05,window_not_elapsed,1787310900,2026-08-21T11:15:00+00:00,-0.06420177701347028,analysis_run_before_window_end,no,,,22.8525,below_50%,open,,
3472,1787300923,2026-08-21T08:28:43+00:00,MOODENGUSDT,LONG,overheated_24h,0.04712,0.04531892857142857,0.050722142857142855,sl_first,1787303700,2026-08-21T09:15:00+00:00,-1.0,stop_touch,no,,,19.0416,below_50%,sl,1787303068,0.04531892857142857
3473,1787300972,2026-08-21T08:29:32+00:00,ASTEROIDUSDT,LONG,overheated_confirmed,7.51e-05,6.886964285714285e-05,8.756071428571428e-05,window_not_elapsed,1787310900,2026-08-21T11:15:00+00:00,-0.14445399828030867,analysis_run_before_window_end,no,,,22.8525,below_50%,open,,
3474,1787300982,2026-08-21T08:29:42+00:00,PEOPLEUSDT,LONG,overheated_24h,0.011548,0.010939214285714285,0.012765571428571428,tp_first,1787302800,2026-08-21T09:00:00+00:00,2.0,target_touch,yes,1787299125,pump_24h_fade,45.0438,below_50%,tp,1787302333,0.012815
3475,1787301059,2026-08-21T08:30:59+00:00,BERAUSDT,LONG,overheated_24h,0.1922,0.18643035714285716,0.20373928571428573,sl_first,1787303700,2026-08-21T09:15:00+00:00,-1.0,stop_touch,no,,,23.3567,below_50%,sl,1787302983,0.1857
3476,1787301093,2026-08-21T08:31:33+00:00,BERAUSDT,LONG,overheated_confirmed,0.192,0.18623035714285716,0.2035392857142857,sl_first,1787303700,2026-08-21T09:15:00+00:00,-1.0,stop_touch,no,,,23.3567,below_50%,sl,1787302983,0.1857
3477,1787301093,2026-08-21T08:31:33+00:00,XRPUSDT,LONG,overheated_24h,1.3449,1.3032107142857143,1.4282785714285713,tp_first,1787306400,2026-08-21T10:00:00+00:00,2.0,target_touch,no,,,19.0789,below_50%,tp,1787306124,1.4282785714285713
3478,1787301154,2026-08-21T08:32:34+00:00,XRPUSDT,LONG,overheated_confirmed,1.3529,1.3112107142857143,1.4362785714285713,window_not_elapsed,1787310900,2026-08-21T11:15:00+00:00,0.578086181787031,analysis_run_before_window_end,no,,,19.0789,below_50%,open,,
3479,1787301201,2026-08-21T08:33:21+00:00,BOMEUSDT,SHORT,pump_24h_fade,0.0015099,0.0016910879999999999,0.001147524,window_not_elapsed,1787310900,2026-08-21T11:15:00+00:00,1.1672958474071145,analysis_run_before_window_end,no,,,39.0199,below_50%,open,,
3480,1787301798,2026-08-21T08:43:18+00:00,NBISUSDT,LONG,bb_squeeze,227.75,222.83366336633662,237.58267326732673,window_not_elapsed,1787310900,2026-08-21T11:15:00+00:00,-0.048816836169571776,analysis_run_before_window_end,no,,,8.1245,below_50%,open,,
3481,1787301906,2026-08-21T08:45:06+00:00,PEOPLEUSDT,LONG,overheated_confirmed,0.012361,0.011752214285714286,0.01357857142857143,sl_first,1787303700,2026-08-21T09:15:00+00:00,-1.0,stop_touch,yes,1787299125,pump_24h_fade,53.1292,at_or_above_50%,sl,1787303481,0.011752214285714286
3482,1787301910,2026-08-21T08:45:10+00:00,PTBUSDT,LONG,ema_cross_confirmed,0.0008975,0.0008530275862068965,0.000986444827586207,window_not_elapsed,1787310900,2026-08-21T11:15:00+00:00,0.16189811584089472,analysis_run_before_window_end,no,,,6.3572,below_50%,open,,
3483,1787301913,2026-08-21T08:45:13+00:00,BEUSDT,LONG,bb_squeeze,205.8,202.62376237623764,212.15247524752476,window_not_elapsed,1787310900,2026-08-21T11:15:00+00:00,-0.09445137157107591,analysis_run_before_window_end,no,,,4.7619,below_50%,open,,
3484,1787302804,2026-08-21T09:00:04+00:00,ENAUSDT,LONG,overheated_confirmed,0.14177,0.13679428571428573,0.1492335714285714,sl_first,1787303700,2026-08-21T09:15:00+00:00,-1.0,stop_touch,no,,,50.8328,at_or_above_50%,sl,1787303041,0.13674
3485,1787302805,2026-08-21T09:00:05+00:00,TURBOUSDT,LONG,overheated_confirmed,0.0010584,0.001031180357142857,0.0010992294642857142,sl_first,1787303700,2026-08-21T09:15:00+00:00,-1.0,stop_touch,no,,,24.5517,below_50%,sl,1787303041,0.0010264
3486,1787302808,2026-08-21T09:00:08+00:00,STXUSDT,LONG,overheated_confirmed,0.1636,0.15926607142857144,0.1722678571428571,sl_first,1787303700,2026-08-21T09:15:00+00:00,-1.0,stop_touch,no,,,22.2802,below_50%,sl,1787303041,0.1587
3487,1787302812,2026-08-21T09:00:12+00:00,JELLYJELLYUSDT,LONG,ema_cross_confirmed,0.06021,0.058765862068965516,0.06309827586206897,sl_first,1787303700,2026-08-21T09:15:00+00:00,-1.0,stop_touch,no,,,5.9164,below_50%,sl,1787303305,0.058765862068965516
3488,1787302815,2026-08-21T09:00:15+00:00,币安人生USDT,LONG,ema_cross_confirmed,0.5652,0.5387136206896552,0.5916863793103448,sl_first,1787303700,2026-08-21T09:15:00+00:00,-1.0,stop_touch,no,,,26.5051,below_50%,sl,1787303305,0.5387136206896552
3489,1787302816,2026-08-21T09:00:16+00:00,GALAUSDT,LONG,ema_cross_confirmed,0.001913,0.001830551724137931,0.001995448275862069,sl_first,1787304600,2026-08-21T09:30:00+00:00,-1.0,stop_touch,no,,,33.4958,below_50%,sl,1787303783,0.001830551724137931
3490,1787302818,2026-08-21T09:00:18+00:00,EIGENUSDT,LONG,overheated_confirmed,0.2135,0.2063375,0.22782499999999997,sl_first,1787303700,2026-08-21T09:15:00+00:00,-1.0,stop_touch,no,,,14.2402,below_50%,sl,1787303068,0.2063375
3491,1787302824,2026-08-21T09:00:24+00:00,ENSUSDT,LONG,overheated_confirmed,5.118,4.976678571428572,5.329982142857143,sl_first,1787303700,2026-08-21T09:15:00+00:00,-1.0,stop_touch,no,,,19.5759,below_50%,sl,1787303068,4.976678571428572
3492,1787302828,2026-08-21T09:00:28+00:00,FETUSDT,LONG,overheated_confirmed,0.1619,0.15676785714285713,0.16959821428571428,sl_first,1787303700,2026-08-21T09:15:00+00:00,-1.0,stop_touch,no,,,23.5027,below_50%,sl,1787303126,0.15676785714285713
3493,1787303040,2026-08-21T09:04:00+00:00,BTWUSDT,LONG,overheated_early,0.44905,0.33336994642857143,0.6804101071428572,window_not_elapsed,1787310900,2026-08-21T11:15:00+00:00,0.19848711416633602,analysis_run_before_window_end,no,,,45.0902,below_50%,open,,
3494,1787303092,2026-08-21T09:04:52+00:00,PUMPUSDT,LONG,overheated_24h,0.003865,0.0036164821428571426,0.004362035714285714,window_not_elapsed,1787310900,2026-08-21T11:15:00+00:00,0.9536538046992872,analysis_run_before_window_end,no,,,20.8105,below_50%,open,,
3495,1787303112,2026-08-21T09:05:12+00:00,KAIAUSDT,LONG,overheated_24h,0.02907,0.02814107142857143,0.030927857142857142,window_not_elapsed,1787310900,2026-08-21T11:15:00+00:00,0.3121876201461003,analysis_run_before_window_end,no,,,15.4488,below_50%,open,,
3496,1787303280,2026-08-21T09:08:00+00:00,BBUSDT,LONG,overheated_24h,0.01081,0.010003214285714285,0.01242357142857143,tp_first,1787304600,2026-08-21T09:30:00+00:00,2.0,target_touch,no,,,22.2973,below_50%,tp,1787303783,0.01242357142857143
3497,1787303296,2026-08-21T09:08:16+00:00,GALAUSDT,SHORT,pump_24h_fade,0.001887,0.00211344,0.00143412,window_not_elapsed,1787310900,2026-08-21T11:15:00+00:00,-0.07507507507507552,analysis_run_before_window_end,yes,1787302816,ema_cross_confirmed,33.4958,below_50%,open,,
3498,1787303315,2026-08-21T09:08:35+00:00,BBUSDT,LONG,overheated_confirmed,0.01077,0.009963214285714285,0.01238357142857143,tp_first,1787304600,2026-08-21T09:30:00+00:00,2.0,target_touch,no,,,22.2973,below_50%,tp,1787303783,0.01242
3499,1787303705,2026-08-21T09:15:05+00:00,PEOPLEUSDT,SHORT,pump_fade_confirmed,0.011702,0.01310624,0.00889352,window_not_elapsed,1787310900,2026-08-21T11:15:00+00:00,0.2228963709907145,analysis_run_before_window_end,yes,1787301906,overheated_confirmed,62.2763,at_or_above_50%,open,,
3500,1787303708,2026-08-21T09:15:08+00:00,GALAUSDT,SHORT,pump_fade_confirmed,0.001869,0.00209328,0.00142044,window_not_elapsed,1787310900,2026-08-21T11:15:00+00:00,-0.1560549313358307,analysis_run_before_window_end,yes,1787302816,ema_cross_confirmed,33.4958,below_50%,open,,
3501,1787303711,2026-08-21T09:15:11+00:00,GWEIUSDT,LONG,ema_cross_confirmed,0.024328,0.022618206896551724,0.02774758620689655,window_not_elapsed,1787310900,2026-08-21T11:15:00+00:00,-0.04737415295256404,analysis_run_before_window_end,no,,,25.2254,below_50%,open,,
3502,1787303714,2026-08-21T09:15:14+00:00,HEMIUSDT,LONG,overheated_confirmed,0.011241,0.009957160714285714,0.01380867857142857,window_not_elapsed,1787310900,2026-08-21T11:15:00+00:00,-0.12073162250504121,analysis_run_before_window_end,no,,,36.3658,below_50%,open,,
3503,1787303766,2026-08-21T09:16:06+00:00,UAIUSDT,LONG,bb_squeeze,0.27739,0.2732041584158416,0.28576168316831685,sl_first,1787304600,2026-08-21T09:30:00+00:00,-1.0,stop_touch,no,,,7.9288,below_50%,sl,1787303814,0.27053
3504,1787303767,2026-08-21T09:16:07+00:00,CLUSDT,SHORT,bb_squeeze,85.89,86.40683168316832,84.85633663366336,sl_first,1787306400,2026-08-21T10:00:00+00:00,-1.0,stop_touch,no,,,2.2176,below_50%,sl,1787305885,86.40683168316832
3505,1787303770,2026-08-21T09:16:10+00:00,POWERUSDT,SHORT,bb_squeeze,0.08922,0.09067623762376237,0.08630752475247525,sl_first,1787304600,2026-08-21T09:30:00+00:00,-1.0,stop_touch,no,,,9.9779,below_50%,sl,1787304325,0.09067623762376237
3506,1787303795,2026-08-21T09:16:35+00:00,DIAUSDT,LONG,bb_squeeze,0.1418,0.13951881188118814,0.14636237623762377,sl_first,1787304600,2026-08-21T09:30:00+00:00,-1.0,stop_touch,no,,,7.4242,below_50%,sl,1787303843,0.1383
3507,1787303836,2026-08-21T09:17:16+00:00,AVNTUSDT,LONG,bb_squeeze,0.1002,0.09885940594059406,0.10288118811881188,sl_first,1787304600,2026-08-21T09:30:00+00:00,-1.0,stop_touch,no,,,9.5965,below_50%,sl,1787303994,0.0986
3508,1787303843,2026-08-21T09:17:23+00:00,KGENUSDT,LONG,bb_squeeze,0.19114,0.18854772277227724,0.19632455445544555,sl_first,1787304600,2026-08-21T09:30:00+00:00,-1.0,stop_touch,no,,,10.2844,below_50%,sl,1787303874,0.18605
3509,1787303850,2026-08-21T09:17:30+00:00,MOVRUSDT,LONG,bb_squeeze,0.794,0.7825148514851485,0.816970297029703,sl_first,1787304600,2026-08-21T09:30:00+00:00,-1.0,stop_touch,no,,,8.5948,below_50%,sl,1787304206,0.78
3510,1787303986,2026-08-21T09:19:46+00:00,NAS100USDT,LONG,bb_squeeze,29416.07,29338.029504950493,29572.15099009901,window_not_elapsed,1787310900,2026-08-21T11:15:00+00:00,0.05240868855849214,analysis_run_before_window_end,no,,,1.0651,below_50%,open,,
3511,1787304000,2026-08-21T09:20:00+00:00,ORCLXUSDT,LONG,bb_squeeze,143.64,142.49613861386138,145.9277227722772,window_not_elapsed,1787310900,2026-08-21T11:15:00+00:00,0.008742318012654335,analysis_run_before_window_end,no,,,3.4688,below_50%,open,,
3512,1787304032,2026-08-21T09:20:32+00:00,VELVETUSDT,LONG,bb_squeeze,0.70734,0.6704945544554455,0.7810308910891088,tp_first,1787309100,2026-08-21T10:45:00+00:00,1.999999999999997,target_touch,no,,,21.0553,below_50%,tp,1787308588,0.7810308910891088
3513,1787304371,2026-08-21T09:26:11+00:00,PIEVERSEUSDT,SHORT,high_rejection_short,1.0472,1.0839714285714286,0.9736571428571426,sl_first,1787304600,2026-08-21T09:30:00+00:00,-1.0,stop_touch,no,,,20.2859,below_50%,sl,1787304505,1.0862
3514,1787304373,2026-08-21T09:26:13+00:00,牛来USDT,SHORT,high_rejection_short,0.07194,0.0776952,0.0604296,window_not_elapsed,1787310900,2026-08-21T11:15:00+00:00,0.7210870169585765,analysis_run_before_window_end,no,,,49.6486,below_50%,open,,
3515,1787304377,2026-08-21T09:26:17+00:00,BERAUSDT,SHORT,high_rejection_short,0.1883,0.19512857142857143,0.17464285714285713,sl_first,1787310000,2026-08-21T11:00:00+00:00,-1.0,stop_touch,yes,1787301093,overheated_confirmed,25.1436,below_50%,sl,1787309518,0.1969
3516,1787304378,2026-08-21T09:26:18+00:00,ORDIUSDT,SHORT,high_rejection_short,4.557,4.726285714285715,4.218428571428571,window_not_elapsed,1787310900,2026-08-21T11:15:00+00:00,0.8506329113924048,analysis_run_before_window_end,no,,,19.1176,below_50%,open,,
3517,1787304383,2026-08-21T09:26:23+00:00,PROMUSDT,SHORT,high_rejection_short,2.42,2.5402857142857145,2.179428571428571,window_not_elapsed,1787310900,2026-08-21T11:15:00+00:00,-0.016627078384799925,analysis_run_before_window_end,no,,,35.8419,below_50%,open,,
3518,1787304389,2026-08-21T09:26:29+00:00,PEOPLEUSDT,SHORT,high_rejection_short,0.012426,0.013323285714285715,0.01063142857142857,window_not_elapsed,1787310900,2026-08-21T11:15:00+00:00,1.1557076898583016,analysis_run_before_window_end,yes,1787301906,overheated_confirmed,62.2763,at_or_above_50%,open,,
3519,1787304396,2026-08-21T09:26:36+00:00,BOMEUSDT,SHORT,high_rejection_short,0.001439,0.00155412,0.00120876,window_not_elapsed,1787310900,2026-08-21T11:15:00+00:00,1.2213342599027104,analysis_run_before_window_end,no,,,43.5912,below_50%,open,,
3520,1787304635,2026-08-21T09:30:35+00:00,BBUSDT,LONG,overheated_confirmed,0.01374,0.012933214285714286,0.014546785714285715,sl_first,1787305500,2026-08-21T09:45:00+00:00,-1.0,stop_touch,no,,,55.0336,at_or_above_50%,sl,1787304924,0.01267
3521,1787305046,2026-08-21T09:37:26+00:00,ZECUSDT,LONG,overheated_24h,646.72,622.2791071428571,695.6017857142858,window_not_elapsed,1787310900,2026-08-21T11:15:00+00:00,0.4414732335298694,analysis_run_before_window_end,no,,,16.8911,below_50%,open,,
3522,1787305093,2026-08-21T09:38:13+00:00,ONEUSDT,LONG,overheated_24h,0.000799,0.0007667500000000001,0.0008634999999999999,sl_first,1787309100,2026-08-21T10:45:00+00:00,-1.0,stop_touch,no,,,20.0,below_50%,sl,1787308767,0.000766
3523,1787305130,2026-08-21T09:38:50+00:00,ASTEROIDUSDT,LONG,overheated_early,7.44e-05,6.816964285714286e-05,8.68607142857143e-05,window_not_elapsed,1787310900,2026-08-21T11:15:00+00:00,-0.03210088850673623,analysis_run_before_window_end,no,,,26.9108,below_50%,open,,
3524,1787305190,2026-08-21T09:39:50+00:00,PIEVERSEUSDT,LONG,overheated_24h,1.0817,1.0156089285714287,1.213882142857143,window_not_elapsed,1787310900,2026-08-21T11:15:00+00:00,0.11045364891518533,analysis_run_before_window_end,yes,1787304371,high_rejection_short,20.2859,below_50%,open,,
3525,1787305258,2026-08-21T09:40:58+00:00,SPKUSDT,LONG,overheated_early,0.01761,0.016961785714285714,0.018906428571428574,window_not_elapsed,1787310900,2026-08-21T11:15:00+00:00,-0.2931129476584005,analysis_run_before_window_end,no,,,36.2129,below_50%,open,,
3526,1787305339,2026-08-21T09:42:19+00:00,IMXUSDT,LONG,overheated_24h,0.1213,0.1168107142857143,0.13027857142857144,window_not_elapsed,1787310900,2026-08-21T11:15:00+00:00,0.5123309466984882,analysis_run_before_window_end,no,,,23.1231,below_50%,open,,
3527,1787305417,2026-08-21T09:43:37+00:00,BBUSDT,SHORT,pump_24h_fade,0.01223,0.013697599999999999,0.009294799999999999,sl_first,1787305500,2026-08-21T09:45:00+00:00,-1.0,stop_touch,yes,1787304635,overheated_confirmed,55.0336,at_or_above_50%,open,,
3532,1787305505,2026-08-21T09:45:05+00:00,BBUSDT,SHORT,pump_fade_confirmed,0.01161,0.013003200000000001,0.008823600000000001,sl_first,1787308200,2026-08-21T10:30:00+00:00,-1.0,stop_touch,yes,1787304635,overheated_confirmed,56.4246,at_or_above_50%,sl,1787307535,0.01302
3533,1787305535,2026-08-21T09:45:35+00:00,PIEVERSEUSDT,LONG,overheated_confirmed,1.1008,1.0347089285714286,1.2329821428571428,window_not_elapsed,1787310900,2026-08-21T11:15:00+00:00,-0.178541514684824,analysis_run_before_window_end,yes,1787304371,high_rejection_short,20.013,below_50%,open,,
3534,1787305536,2026-08-21T09:45:36+00:00,IMXUSDT,LONG,overheated_confirmed,0.1247,0.1202107142857143,0.13367857142857142,window_not_elapsed,1787310900,2026-08-21T11:15:00+00:00,-0.24502784407319123,analysis_run_before_window_end,no,,,21.1445,below_50%,open,,
3543,1787306533,2026-08-21T10:02:13+00:00,BBUSDT,SHORT,high_rejection_short,0.01223,0.0132084,0.010273199999999998,sl_first,1787310900,2026-08-21T11:15:00+00:00,-1.0,stop_touch,yes,1787304635,overheated_confirmed,56.4246,at_or_above_50%,open,,
3544,1787306857,2026-08-21T10:07:37+00:00,GPSUSDT,LONG,range_breakout_long,0.01319,0.01124739,0.017075220000000002,window_not_elapsed,1787310900,2026-08-21T11:15:00+00:00,-0.3006264767503518,analysis_run_before_window_end,no,,,23.3471,below_50%,open,,
3545,1787307148,2026-08-21T10:12:28+00:00,ROBOUSDT,LONG,overheated_24h,0.0152,0.014193392857142858,0.017213214285714287,window_not_elapsed,1787310900,2026-08-21T11:15:00+00:00,0.2384246939861636,analysis_run_before_window_end,no,,,24.6032,below_50%,open,,
3547,1787307769,2026-08-21T10:22:49+00:00,AUCTIONUSDT,SHORT,vwap_reversion,3.157,3.182495652173913,3.1060086956521737,window_not_elapsed,1787310900,2026-08-21T11:15:00+00:00,0.31377899045020646,analysis_run_before_window_end,no,,,11.2592,below_50%,open,,
3548,1787308045,2026-08-21T10:27:25+00:00,IDOLUSDT,LONG,bb_squeeze,0.016502,0.016375059405940594,0.016755881188118812,window_not_elapsed,1787310900,2026-08-21T11:15:00+00:00,0.7247484595585573,analysis_run_before_window_end,no,,,4.4194,below_50%,open,,
3549,1787308124,2026-08-21T10:28:44+00:00,FLEXUSDT,LONG,bb_squeeze,112.53,110.85029702970297,115.88940594059406,window_not_elapsed,1787310900,2026-08-21T11:15:00+00:00,-0.6548776893604448,analysis_run_before_window_end,no,,,4.2161,below_50%,open,,
3550,1787308133,2026-08-21T10:28:53+00:00,UBERUSDT,LONG,bb_squeeze,79.7,79.0229702970297,81.05405940594059,window_not_elapsed,1787310900,2026-08-21T11:15:00+00:00,0.23632641123134757,analysis_run_before_window_end,no,,,3.6521,below_50%,open,,
3551,1787308214,2026-08-21T10:30:14+00:00,XPLUSDT,LONG,overheated_confirmed,0.1056,0.10218964285714285,0.10901035714285714,sl_first,1787309100,2026-08-21T10:45:00+00:00,-1.0,stop_touch,no,,,28.7088,below_50%,sl,1787308647,0.10218964285714285
3552,1787308608,2026-08-21T10:36:48+00:00,COLLECTUSDT,SHORT,high_rejection_short,0.05933,0.0640764,0.04983719999999999,window_not_elapsed,1787310900,2026-08-21T11:15:00+00:00,0.33288386988032964,analysis_run_before_window_end,no,,,45.7228,below_50%,open,,
3561,1787309264,2026-08-21T10:47:44+00:00,AAVEUSDT,LONG,overheated_24h,112.22,109.21839285714286,118.22321428571428,window_not_elapsed,1787310900,2026-08-21T11:15:00+00:00,0.15991433160806862,analysis_run_before_window_end,no,,,17.7961,below_50%,open,,
3562,1787309274,2026-08-21T10:47:54+00:00,VELVETUSDT,LONG,overheated_24h,0.77255,0.6629530357142857,0.9917439285714286,window_not_elapsed,1787310900,2026-08-21T11:15:00+00:00,0.21378329365874693,analysis_run_before_window_end,no,,,25.6234,below_50%,open,,
3565,1787309305,2026-08-21T10:48:25+00:00,VELVETUSDT,LONG,overheated_confirmed,0.77171,0.6621130357142857,0.9909039285714286,window_not_elapsed,1787310900,2026-08-21T11:15:00+00:00,0.22144773952615354,analysis_run_before_window_end,no,,,25.6234,below_50%,open,,
3566,1787309320,2026-08-21T10:48:40+00:00,RIVERUSDT,LONG,overheated_24h,3.12,2.9914285714285715,3.3771428571428572,window_not_elapsed,1787310900,2026-08-21T11:15:00+00:00,0.0,analysis_run_before_window_end,no,,,18.5871,below_50%,open,,
3567,1787309328,2026-08-21T10:48:48+00:00,STXUSDT,LONG,overheated_24h,0.1617,0.1570607142857143,0.17097857142857142,window_not_elapsed,1787310900,2026-08-21T11:15:00+00:00,0.23710546574287733,analysis_run_before_window_end,no,,,22.2802,below_50%,open,,
3568,1787309333,2026-08-21T10:48:53+00:00,BCHUSDT,LONG,overheated_24h,263.77,256.9733928571428,277.36321428571426,window_not_elapsed,1787310900,2026-08-21T11:15:00+00:00,-0.38548645595228626,analysis_run_before_window_end,no,,,25.5677,below_50%,open,,
3569,1787309338,2026-08-21T10:48:58+00:00,ENAUSDT,LONG,overheated_24h,0.13924,0.13372482142857142,0.15027035714285714,window_not_elapsed,1787310900,2026-08-21T11:15:00+00:00,0.061648049214830365,analysis_run_before_window_end,no,,,48.0736,below_50%,open,,
3571,1787309366,2026-08-21T10:49:26+00:00,RIVERUSDT,LONG,overheated_confirmed,3.139,3.0104285714285712,3.396142857142857,window_not_elapsed,1787310900,2026-08-21T11:15:00+00:00,-0.14777777777777534,analysis_run_before_window_end,no,,,18.5871,below_50%,open,,
3572,1787309422,2026-08-21T10:50:22+00:00,PEPEUSDT,LONG,overheated_24h,3.652e-06,3.5270714285714285e-06,3.901857142857143e-06,window_not_elapsed,1787310900,2026-08-21T11:15:00+00:00,-0.2561463693539155,analysis_run_before_window_end,no,,,20.6282,below_50%,open,,
3573,1787309491,2026-08-21T10:51:31+00:00,TURBOUSDT,LONG,overheated_24h,0.0010819,0.001050957142857143,0.0011437857142857144,window_not_elapsed,1787310900,2026-08-21T11:15:00+00:00,-0.22299168975069317,analysis_run_before_window_end,no,,,28.9272,below_50%,open,,
3574,1787309637,2026-08-21T10:53:57+00:00,PLUMEUSDT,LONG,overheated_24h,0.015095,0.014426107142857143,0.016432785714285716,window_not_elapsed,1787310900,2026-08-21T11:15:00+00:00,-0.3034865716268887,analysis_run_before_window_end,no,,,17.1612,below_50%,open,,
3575,1787310020,2026-08-21T11:00:20+00:00,PUMPUSDT,LONG,overheated_confirmed,0.004098,0.0038494821428571428,0.004470776785714286,window_not_elapsed,1787310900,2026-08-21T11:15:00+00:00,0.01609542286412165,analysis_run_before_window_end,no,,,26.2349,below_50%,open,,
