id,ts_open,ts_open_utc,symbol,direction,alert_type,status,outcome,entry_price,sl_price,tp_price,exit_price,result_r,risk_pct,reward_pct,reward_risk,signal_price,entry_vs_signal_pct,log_match_ts,log_match_delta_sec,ema_gap_pct_log,overheated_pct24_log,overheated_rsi_log,confirmation_volume_ratio_log,confirmation_number_log,confirmation_age_min_log,confirmation_tp_mult_log,historical_feature_status,historical_last_candle_ts,historical_last_candle_utc,price_return_1h_pct,price_return_2h_pct,price_return_4h_pct,range_1h_pct,range_2h_pct,range_4h_pct,realized_vol_2h_pct,realized_vol_4h_pct,volume_ratio_1h_vs_24h,volume_change_1h_pct,volume_acceleration_pct,momentum_acceleration_pct,momentum_decay_ratio
1638,1786620062,2026-08-13T11:21:02+00:00,POWERUSDT,SHORT,ema_cross,tp,tp,0.09365,0.09846379310344827,0.08402241379310345,0.084,2.0046561604584516,5.1401955188983175,10.280391037796635,2.0,0.09365,0.0,1786620063.101,1.1010000705718994,0.198,,,,,,,ok,1786615200,2026-08-13T10:00:00+00:00,-0.0,-1.9024846657656704,-4.666310731446876,6.217454696938141,6.606041601337924,9.197002141327625,0.0,1.5674719169742128,2.0069314171250516,228.47626977518735,142.1302651204162,0.9512423328828352,0.0
1639,1786620156,2026-08-13T11:22:36+00:00,AVNTUSDT,LONG,ema_cross,tp,tp,0.0971,0.09436206896551724,0.10257586206896552,0.10257586206896552,1.999999999999995,2.819702404204699,5.639404808409384,1.999999999999995,0.0971,0.0,1786620156.915,0.9149999618530273,0.282,,,,,,,ok,1786615200,2026-08-13T10:00:00+00:00,0.0,-3.8986354775828493,1.5447991761070932,7.246376811594195,13.768115942028977,15.078534031413609,0.0,4.592269829956122,7.645140611985923,-57.80197562243659,-1344.123750268068,1.9493177387914247,0.0
1640,1786620213,2026-08-13T11:23:33+00:00,CBRSUSDT,SHORT,ema_cross,sl,sl,215.6,221.48620689655172,203.82758620689654,222.5,-1.1722319859402466,2.730151621777239,5.460303243554478,2.0,215.6,0.0,1786620213.738,0.7379999160766602,0.404,,,,,,,ok,1786615200,2026-08-13T10:00:00+00:00,-0.0,-0.2328830926874709,0.18552875695733104,1.701323251417767,2.3629489603024574,2.64650283553875,0.0,0.46978107245182815,1.8023168160533625,-35.57215985943365,-10.228388652768302,0.11644154634373545,0.0
1641,1786620228,2026-08-13T11:23:48+00:00,GIGADEVUSDT,SHORT,ema_cross,sl,sl,63.68,65.45137931034483,60.13724137931034,65.53,-1.0443838816429794,2.7816886154912592,5.563377230982507,1.999999999999996,63.68,0.0,1786620228.85,0.8499999046325684,0.173,,,,,,,ok,1786615200,2026-08-13T10:00:00+00:00,-0.0,-0.28120606155287076,-0.8008793969849215,0.42207284664685946,0.6096607784899181,1.514195583596216,0.0,0.7105873967715866,0.511318242343542,102.10526315789474,95.36369012418687,0.14060303077643538,0.0
1648,1786623292,2026-08-13T12:14:52+00:00,B2USDT,LONG,ema_cross,sl,sl,0.4841,0.4706862068965517,0.5109275862068965,0.4706862068965517,-1.0,2.7708723617947237,5.5417447235894475,2.0,0.4841,0.0,1786623292.779,0.7790000438690186,0.194,,,,,,,ok,1786618800,2026-08-13T11:00:00+00:00,0.0,-0.16498247061250215,0.4356846473029027,3.175275190516514,3.408128704487723,3.429297205757831,0.0,0.5910292402433284,2.330550918196995,48.300283286118976,-14.748215559146615,0.08249123530625108,0.0
1649,1786623324,2026-08-13T12:15:24+00:00,ZHIPUUSDT,LONG,ema_cross,tp,tp,167.3,162.79068965517243,176.31862068965518,176.31862068965518,2.0,2.6953439000762596,5.390687800152519,2.0,167.3,0.0,1786623324.9,0.9000000953674316,0.463,,,,,,,ok,1786618800,2026-08-13T11:00:00+00:00,0.0,0.03587658454915228,0.17364229686846325,0.6362926946395355,0.7203745947892836,0.8524432705006527,0.0,0.019248504460772517,0.3861269208878771,-41.365973812713364,-42.413962983491935,-0.01793829227457614,0.0
1650,1786623342,2026-08-13T12:15:42+00:00,GPSUSDT,LONG,ema_cross,sl,sl,0.011161,0.010899931034482759,0.011683137931034484,0.010802,-1.3751155725795752,2.3391180496124204,4.678236099224825,1.9999999999999933,0.011161,0.0,1786623342.683,0.6830000877380371,1.307,,,,,,,ok,1786618800,2026-08-13T11:00:00+00:00,0.0,7.867014593602015,17.75691074066259,12.276289058721092,18.10318510226925,22.503694321300404,0.0,2.981075287844267,31.336096075778077,347.1290999927594,339.44938690995883,-3.9335072968010074,0.0
1651,1786623403,2026-08-13T12:16:43+00:00,CLOUSDT,SHORT,ema_cross,sl,sl,0.10946,0.11667172413793103,0.09503655172413794,0.11685,-1.0247202830639761,6.588456183017569,13.176912366035138,2.0,0.10946,0.0,1786623403.414,0.4140000343322754,0.355,,,,,,,ok,1786618800,2026-08-13T11:00:00+00:00,-0.0,3.3892321270962014,4.443474465298994,3.9167125298110403,5.622821500642081,6.787745367822408,0.0,1.7484635387159453,6.051850926184044,64.30942687128093,-79.39382454071723,-1.6946160635481007,0.0
1652,1786623455,2026-08-13T12:17:35+00:00,BANKUSDT,LONG,ema_cross,sl,sl,0.04354,0.04105275862068966,0.04851448275862069,0.04105275862068966,-1.0,5.71254336084139,11.425086721682796,2.0000000000000027,0.04354,0.0,1786623455.211,0.2109999656677246,0.918,,,,,,,ok,1786618800,2026-08-13T11:00:00+00:00,0.0,1.9433387965347797,9.727822580645167,6.787330316742078,9.633251833740829,14.680306905370829,0.0,1.0786924488761758,4.166093928980527,63.61693752460214,32.93165367378458,-0.9716693982673898,0.0
1653,1786623554,2026-08-13T12:19:14+00:00,BUSDT,LONG,ema_cross,sl,sl,0.1646,0.15816896551724138,0.17746206896551725,0.1573,-1.135120643431637,3.9070683370343944,7.814136674068806,2.0000000000000044,0.1646,0.0,1786623554.755,0.755000114440918,0.75,,,,,,,ok,1786618800,2026-08-13T11:00:00+00:00,0.0,7.231270358306189,11.066126855600539,7.231270358306189,9.441489361702121,11.442112389979687,0.0,3.0166375714611076,17.92635599694423,125.11896031245202,-92.86466135900521,-3.6156351791530943,0.0
1709,1786637841,2026-08-13T16:17:21+00:00,BSPUSDT,SHORT,ema_cross,sl,sl,39.64,42.20724137931035,34.50551724137931,42.20724137931035,-1.0,6.476390966978672,12.952781933957343,2.0,39.64,0.0,1786637841.598,0.5980000495910645,1.568,,,,,,,ok,1786633200,2026-08-13T15:00:00+00:00,-0.0,2.7000490918016724,13.222416812609456,5.06103763987793,6.714140386571721,24.796541200406917,0.0,4.372895578670127,2.621059778216029,-33.66932844613169,33.28172328829995,-1.3500245459008362,0.0
1710,1786637843,2026-08-13T16:17:23+00:00,SWARMSUSDT,LONG,ema_cross,sl,sl,0.008211,0.007886827586206896,0.008859344827586206,0.007861,-1.079672375279225,3.9480259870064947,7.896051974012989,2.0,0.008211,0.0,1786637843.707,0.7070000171661377,0.253,,,,,,,ok,1786633200,2026-08-13T15:00:00+00:00,0.0,-1.3338139870223502,-1.131848284166169,1.765923760808684,3.0203385702106926,3.994591937069821,0.0,1.187102199652149,0.7896898557175897,-13.052461464502338,40.29229305943444,0.6669069935111751,0.0
1711,1786637864,2026-08-13T16:17:44+00:00,MVLLUSDT,LONG,ema_cross,sl,sl,28.88,27.768965517241377,31.10206896551724,27.768965517241377,-1.0,3.8470723087209917,7.694144617441973,1.999999999999997,28.88,0.0,1786637865.027,1.0269999504089355,0.627,,,,,,,ok,1786633200,2026-08-13T15:00:00+00:00,0.0,-1.802108126487593,8.940022632968681,3.728222996515681,3.728222996515681,13.973966309341495,0.0,5.832113399102515,1.8881398345440625,-76.85637898514896,-117.24843502988192,0.9010540632437966,0.0
1712,1786637923,2026-08-13T16:18:43+00:00,MRVLUSDT,LONG,ema_cross,sl,sl,226.92,222.2506896551724,236.25862068965517,222.2506896551724,-1.0,2.0576900867387535,4.1153801734775195,2.000000000000006,226.92,0.0,1786637923.694,0.6940000057220459,0.41,,,,,,,ok,1786633200,2026-08-13T15:00:00+00:00,0.0,-0.7522743177046881,4.629288085577274,1.9521912350597594,1.9521912350597594,7.001486712506965,0.0,2.9121509586255447,2.7604992076069728,-38.42299228464618,-32.630705342893755,0.37613715885234406,0.0
1713,1786638059,2026-08-13T16:20:59+00:00,COTIUSDT,LONG,ema_cross,sl,sl,0.01238,0.011524827586206897,0.014090344827586207,0.011524827586206897,-1.0,6.907693164726199,13.815386329452398,2.0,0.01238,0.0,1786638059.706,0.7060000896453857,0.654,,,,,,,ok,1786633200,2026-08-13T15:00:00+00:00,0.0,4.208754208754213,9.557522123893817,9.229466553767999,14.26040744021258,16.00719424460432,0.0,2.2634403580726308,1.7689929203995856,150.96636924828618,121.82535922439072,-2.1043771043771065,0.0
1714,1786638060,2026-08-13T16:21:00+00:00,JCTUSDT,SHORT,ema_cross,tp,tp,0.003491,0.0037027241379310348,0.003067551724137931,0.002548,4.453908794788273,6.064856428846594,12.129712857693187,2.0,0.003491,0.0,1786638060.402,0.40199995040893555,0.451,,,,,,,ok,1786633200,2026-08-13T15:00:00+00:00,-0.0,1.467682754727631,3.669977924944809,2.4523946912867864,3.8949798038084285,5.770340450086557,0.0,0.8172357843384042,1.1171100228855477,-23.745212658738158,-55.05807660791761,-0.7338413773638155,0.0
1715,1786638064,2026-08-13T16:21:04+00:00,GIGGLEUSDT,SHORT,ema_cross,sl,sl,33.24,34.85586206896552,30.008275862068967,36.42,-1.9679897567221483,4.861197560064739,9.722395120129468,1.9999999999999978,33.24,0.0,1786638064.626,0.625999927520752,0.524,,,,,,,ok,1786633200,2026-08-13T15:00:00+00:00,-0.0,1.8310691080921366,2.8921998247151475,2.5633293124246124,3.045838359469256,3.9505428226779324,0.0,0.7700810352428004,1.5588393995642778,98.1390053101167,164.90071836355258,-0.9155345540460683,0.0
1737,1786651213,2026-08-13T20:00:13+00:00,AAOIUSDT,SHORT,ema_cross,sl,sl,130.43,135.54724137931035,120.19551724137932,139.7,-1.81152291105121,3.9233622474203345,7.846724494840669,2.0,130.43,0.0,1786651214.22,1.2200000286102295,0.422,,,,,,,ok,1786647600,2026-08-13T19:00:00+00:00,-0.0,3.883566691230643,5.0727802037845695,5.120319827785036,5.120319827785036,6.965480126085956,0.0,1.9353182491711844,2.057240980368232,30.188458531119363,31.928335965344615,-1.9417833456153215,0.0
1738,1786651306,2026-08-13T20:01:46+00:00,PLUMEUSDT,LONG,ema_cross,tp,tp,0.012506,0.012101310344827585,0.013315379310344827,0.013323,2.0188309475119266,3.235963978669553,6.471927957339092,1.9999999999999958,0.012506,0.0,1786651306.482,0.48200011253356934,0.329,,,,,,,ok,1786647600,2026-08-13T19:00:00+00:00,0.0,0.8141878274889189,0.1281024819855916,2.177445563860911,2.356191095222622,3.022424439389022,0.0,0.7629469788484549,1.3239852177420384,-43.342051431078595,-289.44902102047627,-0.40709391374445947,0.0
1739,1786651321,2026-08-13T20:02:01+00:00,PLTRXUSDT,LONG,ema_cross,sl,sl,179.01,176.35206896551722,184.3258620689655,176.35,-1.0007784120394334,1.4847947234695111,2.9695894469390067,1.9999999999999893,179.01,0.0,1786651321.746,0.7460000514984131,0.281,,,,,,,ok,1786647600,2026-08-13T19:00:00+00:00,0.0,0.24640197121576848,2.116371933827712,0.829596412556048,2.320819112627977,3.065375580129487,0.0,0.49230442881679964,0.814715782024309,-6.560365921921729,23.66126607522138,-0.12320098560788424,0.0
1740,1786651362,2026-08-13T20:02:42+00:00,ROBOUSDT,LONG,ema_cross,tp,tp,0.01416,0.013428620689655174,0.015622758620689656,0.01565,2.037246581801039,5.165108123904145,10.330216247808302,2.000000000000002,0.01416,0.0,1786651362.977,0.9769999980926514,0.282,,,,,,,ok,1786647600,2026-08-13T19:00:00+00:00,0.0,1.2875536480686793,1.2875536480686793,2.2302158273381387,2.599277978339357,3.5714285714285774,0.0,0.9811721051090466,0.7011993266372943,-23.720734613766997,-93.6147443791594,-0.6437768240343397,0.0
1741,1786651433,2026-08-13T20:03:53+00:00,AEONUSDT,LONG,ema_cross,tp,tp,0.0622,0.058888965517241376,0.06882206896551724,0.07129,2.745365548843992,5.323206563920615,10.64641312784122,1.999999999999998,0.0622,0.0,1786651434.666,1.6659998893737793,0.762,,,,,,,ok,1786647600,2026-08-13T19:00:00+00:00,0.0,5.24534686971235,7.075228094336366,7.036029911624729,7.036029911624729,12.20381257794405,0.0,4.315340116833036,1.3530825033239253,8.58041329739443,-8.804012788033592,-2.622673434856175,0.0
1742,1786651454,2026-08-13T20:04:14+00:00,GLWUSDT,SHORT,ema_cross,sl,sl,158.55,161.41758620689657,152.81482758620692,161.41758620689657,-1.0,1.8086321077871719,3.6172642155743264,1.99999999999999,158.55,0.0,1786651454.673,0.6730000972747803,0.35,,,,,,,ok,1786647600,2026-08-13T19:00:00+00:00,-0.0,2.0449771407389115,4.268808114961957,2.5438207935202244,3.7018287666898653,5.157248623679052,0.0,0.5334413503314136,0.7161629903219519,54.28091470683862,100.84217495066338,-1.0224885703694557,0.0
1743,1786651464,2026-08-13T20:04:24+00:00,ETHFIUSDT,LONG,ema_cross,tp,tp,0.4268,0.4164896551724138,0.44742068965517245,0.44742068965517245,2.0000000000000053,2.4157321526678053,4.831464305335623,2.0000000000000053,0.4268,0.0,1786651465.253,1.253000020980835,0.98,,,,,,,ok,1786647600,2026-08-13T19:00:00+00:00,0.0,-0.4432003732213699,5.826927845276474,2.9599810561212436,5.252965383684336,9.576612903225817,0.0,2.047792347948976,3.4196628995265708,1.9647589907130083,-28.656595921924513,0.22160018661068495,0.0
1749,1786652159,2026-08-13T20:15:59+00:00,QUSDT,SHORT,ema_cross,sl,sl,0.021634,0.022590793103448276,0.01972041379310345,0.024029,-2.5031534940714306,4.422636144255686,8.845272288511373,2.0,0.021634,0.0,1786652160.45,1.4500000476837158,0.385,,,,,,,ok,1786647600,2026-08-13T19:00:00+00:00,-0.0,0.29955297479146087,2.8034863869170614,1.1665046521316427,1.3729764831392977,3.970499559348776,0.0,1.3312662193658724,1.0986344084001727,-29.505351460804164,7.479701401025949,-0.14977648739573043,0.0
1764,1786681433,2026-08-14T04:23:53+00:00,SWARMSUSDT,LONG,ema_cross,sl,sl,0.008749,0.008398413793103448,0.009450172413793104,0.008317,-1.2322218943641188,4.007157468242679,8.014314936485357,2.0,0.008749,0.0,1786681433.976,0.9760000705718994,0.858,,,,,,,ok,1786676400,2026-08-14T03:00:00+00:00,0.0,-1.6634820726087507,0.8995502248875556,7.010065127294264,10.72824156305507,17.37165808961968,0.0,3.7470958235271774,2.4734571463413775,-59.36614038965088,-140.66631804725068,0.8317410363043753,0.0
1765,1786681532,2026-08-14T04:25:32+00:00,NESUSDT,LONG,ema_cross,sl,sl,0.2148,0.21121724137931033,0.2219655172413793,0.2105,-1.2001924927815193,1.6679509407307533,3.3359018814615067,2.0,0.2148,0.0,1786681533.104,1.1040000915527344,0.37,,,,,,,ok,1786676400,2026-08-14T03:00:00+00:00,0.0,0.7977475363678926,2.824317855433216,1.788235294117646,3.0000000000000004,4.140587385652382,0.0,0.7179006692496921,1.1664708727800428,49.222065063649225,23.44932768317335,-0.3988737681839463,0.0
1766,1786681622,2026-08-14T04:27:02+00:00,SLXUSDT,LONG,ema_cross,sl,sl,0.07939,0.07734551724137931,0.08347896551724138,0.07698,-1.1787822567043298,2.5752396506117825,5.150479301223547,1.9999999999999931,0.07939,0.0,1786681623.343,1.3429999351501465,0.208,,,,,,,ok,1786676400,2026-08-14T03:00:00+00:00,0.0,2.2539927872230825,3.318584070796456,3.4393251135626213,3.600675939165468,4.305719146708529,0.0,1.066114203932301,1.3533130938845865,73.32867691079625,-55.58863693114071,-1.1269963936115412,0.0
1767,1786681631,2026-08-14T04:27:11+00:00,MUSDT,LONG,ema_cross,sl,sl,1.1723,1.1381793103448274,1.2405413793103448,1.127,-1.3276402223345078,2.910576614789086,5.821153229578172,2.0,1.1723,0.0,1786681632.391,1.3910000324249268,0.667,,,,,,,ok,1786676400,2026-08-14T03:00:00+00:00,0.0,0.8690414730683186,5.7078449053201,3.371561610761416,5.863652419639704,8.322038492816487,0.0,0.8586392613065817,4.046662657847264,53.33576376230405,-6.23375339883615,-0.4345207365341593,0.0
1787,1786693126,2026-08-14T07:38:46+00:00,CHIPUSDT,SHORT,ema_cross,sl,sl,0.02188,0.02262103448275862,0.020397931034482758,0.02265,-1.039087947882738,3.3868120784214777,6.7736241568429705,2.000000000000005,0.02188,0.0,1786693126.611,0.6110000610351562,0.352,,,,,,,ok,1786687200,2026-08-14T06:00:00+00:00,-0.0,2.1555367709213864,-5.80438756855576,2.4653979238754222,3.6764705882352944,12.98099211868336,0.0,4.127760602330032,1.4861924686192467,-45.13274336283185,16.585845691120127,-1.0777683854606932,0.0
1788,1786693160,2026-08-14T07:39:20+00:00,ACEUSDT,LONG,ema_cross,tp,tp,0.1311,0.12324482758620689,0.1468103448275862,0.1468103448275862,2.0,5.991740971619454,11.983481943238909,2.0,0.1311,0.0,1786693161.255,1.255000114440918,1.035,,,,,,,ok,1786687200,2026-08-14T06:00:00+00:00,0.0,3.2585083272990616,8.771929824561411,7.338769458858428,10.28179741051029,14.466403162055345,0.0,0.9170214498264017,1.8826202079625385,-35.66209467300402,-119.89729445547633,-1.6292541636495308,0.0
1793,1786694601,2026-08-14T08:03:21+00:00,CROSSUSDT,LONG,ema_cross,tp,tp,0.10934,0.10595758620689656,0.1161048275862069,0.1161048275862069,2.0,3.0934825252455136,6.186965050491027,2.0,0.10934,0.0,1786694602.094,1.0940001010894775,0.721,,,,,,,ok,1786690800,2026-08-14T07:00:00+00:00,0.0,4.212733511246671,8.796019900497512,11.8210556566721,17.139989964877067,17.399175299205467,0.0,2.278692998111957,11.743039414470106,450.4311543810848,-2348.7623940060116,-2.1063667556233354,0.0
1794,1786694729,2026-08-14T08:05:29+00:00,CROUSDT,LONG,ema_cross,sl,sl,0.049,0.048388275862068966,0.05022344827586207,0.04831,-1.1279594137542306,1.2484166080225216,2.4968332160450433,2.0,0.049,0.0,1786694729.922,0.9219999313354492,0.331,,,,,,,ok,1786690800,2026-08-14T07:00:00+00:00,0.0,-0.3457392719137615,0.14306151645207565,1.367346938775504,1.6786079836233394,2.7938741721854243,0.0,0.6989934066738055,1.2262554689238645,-51.513152469695726,-116.49263263385441,0.17286963595688076,0.0
1849,1786708937,2026-08-14T12:02:17+00:00,ORDIUSDT,SHORT,ema_cross,sl,sl,3.408,3.4855862068965515,3.2528275862068963,3.4855862068965515,-1.0,2.276590577950458,4.553181155900929,2.0000000000000058,3.408,0.0,1786708938.24,1.2400000095367432,0.234,,,,,,,ok,1786705200,2026-08-14T11:00:00+00:00,-0.0,0.3800058462437855,2.01265094882117,0.4988262910798094,1.2617370892018822,2.2300469483568097,0.0,0.442130513488498,0.9773309704803216,-2.3170832459501884,19.429377135687062,-0.19000292312189274,0.0
1850,1786708982,2026-08-14T12:03:02+00:00,PIXELUSDT,LONG,ema_cross,sl,sl,0.004778,0.004652068965517241,0.005029862068965518,0.004617,-1.2784775465498384,2.6356432499530933,5.271286499906187,2.0,0.004778,0.0,1786708983.081,1.0810000896453857,0.376,,,,,,,ok,1786705200,2026-08-14T11:00:00+00:00,0.0,1.876332622601288,6.036395916555716,4.406047516198709,7.805530776092766,9.564823209428821,0.0,1.252114111991115,0.778335357455735,-39.12715808542583,-34.22645367628871,-0.938166311300644,0.0
1851,1786709001,2026-08-14T12:03:21+00:00,AIAUSDT,SHORT,ema_cross,sl,sl,0.06593,0.06845172413793103,0.060886551724137934,0.06859,-1.054833857514016,3.8248508083285766,7.649701616657163,2.0000000000000027,0.06593,0.0,1786709001.556,0.5559999942779541,0.569,,,,,,,ok,1786705200,2026-08-14T11:00:00+00:00,-0.0,3.6252009940067187,5.841188231933728,8.13072308178087,8.856962425007902,10.862014524786884,0.0,1.519671781991582,9.757200513129916,1337.2540898736797,1338.5015336364609,-1.8126004970033593,0.0
1852,1786709063,2026-08-14T12:04:23+00:00,TLMUSDT,LONG,ema_cross,sl,sl,0.001659,0.0016151724137931035,0.001746655172413793,0.001599,-1.369000786782064,2.64180748685332,5.2836149737066265,1.9999999999999951,0.001659,0.0,1786709063.847,0.8469998836517334,0.229,,,,,,,ok,1786705200,2026-08-14T11:00:00+00:00,0.0,1.7791411042944887,6.825499034127508,4.091754494730307,8.043758043758038,8.955223880597007,0.0,2.005933752185203,4.906012539219252,11.461164816997215,-462.5721799853269,-0.8895705521472443,0.0
1902,1786723334,2026-08-14T16:02:14+00:00,AAOIUSDT,LONG,ema_cross,tp,tp,149.24,143.47103448275863,160.77793103448275,160.77793103448275,1.9999999999999951,3.865562528304331,7.731125056608643,1.9999999999999951,149.24,0.0,1786723335.936,1.936000108718872,0.489,,,,,,,ok,1786719600,2026-08-14T15:00:00+00:00,0.0,-0.12046580109756286,12.218963831867056,2.176870748299312,5.768699972398575,17.12386337586918,0.0,5.092479230301375,2.0729853440118875,-47.79301248427962,-7.45514484596746,0.06023290054878143,0.0
1905,1786732549,2026-08-14T18:35:49+00:00,USARUSDT,LONG,ema_cross,sl,sl,20.23,19.66103448275862,21.36793103448276,18.9,-2.3375757575757548,2.812484019977166,5.624968039954315,1.9999999999999938,20.23,0.0,1786732550.367,1.3670001029968262,0.542,,,,,,,ok,1786726800,2026-08-14T17:00:00+00:00,0.0,-1.23334977799704,-0.6944444444444473,2.353530295443177,2.653980971457192,3.274559193954653,0.0,0.8767602999039528,1.37129160281347,34.30572660098522,100.01066021236764,0.61667488899852,0.0
1907,1786736861,2026-08-14T19:47:41+00:00,ONGUSDT,LONG,ema_cross,tp,tp,0.0433,0.04241724137931034,0.04506551724137931,0.04507,2.005078124999997,2.0387035119853505,4.077407023970701,2.0,0.0433,0.0,1786736862.398,1.3980000019073486,0.21,,,,,,,ok,1786730400,2026-08-14T18:00:00+00:00,0.0,-0.37794575366828936,3.4872979214780706,1.4185994145462704,3.4926470588235143,7.127684682558419,0.0,1.8541062714924894,0.6497448065138351,158.72756933115824,197.30472363977546,0.18897287683414468,0.0
1908,1786736914,2026-08-14T19:48:34+00:00,ALICEUSDT,LONG,ema_cross,tp,tp,0.1382,0.13488965517241377,0.1448206896551724,0.1448206896551724,1.9999999999999916,2.39532910823894,4.790658216477859,1.9999999999999916,0.1382,0.0,1786736915.458,1.4579999446868896,1.333,,,,,,,ok,1786730400,2026-08-14T18:00:00+00:00,0.0,5.022156573116692,2.8943560057887145,7.046476761619205,16.249050873196662,22.578062449959983,0.0,9.39368099193865,2.784955470719836,-58.00791747869233,-17.517523201824282,-2.511078286558346,0.0
1909,1786736980,2026-08-14T19:49:40+00:00,INJUSDT,SHORT,ema_cross,tp,tp,4.22,4.318413793103448,4.0231724137931035,4.0231724137931035,1.999999999999991,2.3320804052949895,4.664160810589959,1.999999999999991,4.22,0.0,1786736980.756,0.7560000419616699,0.536,,,,,,,ok,1786730400,2026-08-14T18:00:00+00:00,-0.0,0.6763059701492516,-0.9241706161137582,2.670132325141766,2.670132325141766,4.547641963426373,0.0,1.0926863929682717,1.8739234933258457,11.443187803738782,43.644533386796695,-0.3381529850746258,0.0
1910,1786737004,2026-08-14T19:50:04+00:00,GRVTUSDT,SHORT,ema_cross,sl,sl,0.3056,0.3297448275862069,0.2573103448275862,0.3298,-1.0022850614110255,7.900794367214299,15.801588734428599,2.0,0.3056,0.0,1786737004.563,0.562999963760376,0.255,,,,,,,ok,1786730400,2026-08-14T18:00:00+00:00,-0.0,1.0000000000000009,2.8141361256544495,1.8181818181818237,3.302999662959209,14.366197183098596,0.0,0.9258906895350361,0.2695030514385353,-56.766917293233085,36.72520999824062,-0.5000000000000004,0.0
1911,1786737707,2026-08-14T20:01:47+00:00,ZAMAUSDT,SHORT,ema_cross,tp,tp,0.04467,0.04593758620689655,0.0421348275862069,0.04211,2.0195865070729084,2.8376678014250047,5.6753356028500095,2.0,0.04467,0.0,1786737707.501,0.500999927520752,0.346,,,,,,,ok,1786734000,2026-08-14T19:00:00+00:00,-0.0,0.9753934825980847,0.7994670219853414,1.4109742441209374,2.1052631578947287,2.219730941704031,0.0,0.6720083715771252,1.0433623340185467,18.23027923714951,38.18129134547745,-0.48769674129904234,0.0
1912,1786737827,2026-08-14T20:03:47+00:00,SCRTUSDT,SHORT,ema_cross,tp,tp,0.02838,0.030837241379310345,0.02346551724137931,0.02199,2.6004771260173998,8.658355811523418,17.316711623046825,1.9999999999999987,0.02838,0.0,1786737828.686,1.686000108718872,1.105,,,,,,,ok,1786734000,2026-08-14T19:00:00+00:00,-0.0,-0.35360678925035144,-0.4246284501061521,2.0386266094420638,2.396280400572248,3.9596832253419736,0.0,1.313189254144177,0.2186910285028503,0.8345679012345678,48.300751689169175,0.17680339462517572,0.0
1913,1786737854,2026-08-14T20:04:14+00:00,PRLUSDT,LONG,ema_cross,tp,tp,0.35131,0.3393186206896552,0.37529275862068967,0.38302,2.6443997124370964,3.4133327574919106,6.826665514983821,2.0,0.35131,0.0,1786737854.927,0.9270000457763672,1.186,,,,,,,ok,1786734000,2026-08-14T19:00:00+00:00,0.0,3.183834111669168,4.447747881670887,4.440896457926787,5.454219780875902,12.300111270068353,0.0,1.578904492930544,2.2084905660377356,71.62756598240469,86.74891010188198,-1.591917055834584,0.0
1914,1786737856,2026-08-14T20:04:16+00:00,GLWUSDT,LONG,ema_cross,tp,tp,166.12,162.83344827586208,172.69310344827588,172.9,2.062952470884488,1.9784202529123056,3.9568405058246285,2.0000000000000084,166.12,0.0,1786737856.577,0.5769999027252197,0.174,,,,,,,ok,1786734000,2026-08-14T19:00:00+00:00,0.0,0.8315629742033412,0.22927476770845628,1.283454987834541,1.283454987834541,1.4172749391727397,0.0,0.6530614180412732,1.5843972747058832,927.4887964148528,979.6132360914935,-0.4157814871016706,0.0
1917,1786739898,2026-08-14T20:38:18+00:00,MAVIAUSDT,LONG,ema_cross,sl,sl,0.0317,0.030905172413793102,0.03328965517241379,0.0307,-1.2581344902386078,2.5073425432394227,5.0146850864788455,2.0,0.0317,0.0,1786739898.932,0.931999921798706,0.558,,,,,,,ok,1786734000,2026-08-14T19:00:00+00:00,0.0,0.9875756610385401,-0.2517306482064307,2.0127795527156502,2.300319488817886,5.663483701020742,0.0,0.9468438449055483,1.9367675823653228,-20.669029925579025,-80.36693081283286,-0.49378783051927005,0.0
1927,1786769407,2026-08-15T04:50:07+00:00,NEARUSDT,LONG,ema_cross,sl,sl,1.6457,1.6146310344827586,1.7078379310344827,1.6146310344827586,-1.0,1.8878875564951916,3.775775112990383,2.0,1.6457,0.0,1786769407.502,0.502000093460083,0.16,,,,,,,ok,1786762800,2026-08-15T03:00:00+00:00,0.0,-1.028385855184034,-0.05465808332321893,1.4600316340187385,1.8441621885686372,1.8503816793893129,0.0,1.3096493785684848,1.1251360093394933,0.4130458957535704,-36.284132079641935,0.514192927592017,0.0
1928,1786769524,2026-08-15T04:52:04+00:00,COTIUSDT,SHORT,ema_cross,sl,sl,0.01042,0.011262068965517243,0.008735862068965518,0.011262068965517243,-1.0,8.081276060626125,16.162552121252233,1.999999999999998,0.01042,0.0,1786769525.213,1.2130000591278076,0.474,,,,,,,ok,1786762800,2026-08-15T03:00:00+00:00,-0.0,0.47755491881566087,2.4344569288389497,1.5444015444015486,2.509652509652508,3.6679536679536695,0.0,0.522176958541916,0.28595421851063557,83.3868960158075,130.94861556261952,-0.23877745940783043,0.0
1929,1786769544,2026-08-15T04:52:24+00:00,THETAUSDT,LONG,ema_cross,sl,sl,0.1452,0.14296206896551725,0.14967586206896552,0.1396,-2.5023112480739687,1.5412748171368793,3.0825496342737777,2.0000000000000124,0.1452,0.0,1786769544.929,0.9289999008178711,0.362,,,,,,,ok,1786762800,2026-08-15T03:00:00+00:00,0.0,3.1249999999999907,4.8375451263537785,4.048295454545442,5.319913731128676,7.012417823228632,0.0,1.3811219504494834,12.452005174644244,595.3261576247924,567.9639347892049,-1.5624999999999953,0.0
1938,1786774131,2026-08-15T06:08:51+00:00,AIOUSDT,LONG,overheated_early,sl,sl,0.05113,0.046298928571428574,0.060792142857142864,0.04614,-1.032897168625712,9.448604397753622,18.897208795507257,2.0000000000000013,0.05113,0.0,,,,,,,,,,ok,1786770000,2026-08-15T05:00:00+00:00,0.0,2.2489642927599176,5.667686034658507,4.5803066989507695,5.528652138821629,18.58917480035492,0.0,2.840916942512644,0.8175990897022568,-43.14570450081966,-51.83199941852566,-1.1244821463799588,0.0
1939,1786775326,2026-08-15T06:28:46+00:00,HUSDT,LONG,overheated_early,tp,tp,0.12047,0.11065732142857143,0.14009535714285715,0.14072,2.063656712343728,8.145329601916297,16.290659203832618,2.0000000000000027,0.12047,0.0,,,,,,,,,,ok,1786770000,2026-08-15T05:00:00+00:00,0.0,-0.6742520016856376,0.1529701708166904,3.3379097305646046,4.331629559040103,4.331629559040103,0.0,0.8891184888883636,0.6022340550372587,0.49936966818843864,-21.06257703696399,0.3371260008428188,0.0
1958,1786781688,2026-08-15T08:14:48+00:00,DOLOUSDT,SHORT,ema_cross,sl,sl,0.0216,0.022743793103448276,0.01931241379310345,0.022743793103448276,-1.0,5.295338441890161,10.590676883780322,2.0,0.0216,0.0,1786781688.855,0.8550000190734863,0.164,,,,,,,ok,1786777200,2026-08-15T07:00:00+00:00,-0.0,3.269144648454984,8.783783783783777,3.942486085343229,12.47680890538034,17.671614100185533,0.0,5.27709845110089,0.2938836355677284,-77.28145749876529,-103.81249485468808,-1.634572324227492,0.0
1959,1786781783,2026-08-15T08:16:23+00:00,STBLUSDT,LONG,ema_cross,tp,tp,0.02433,0.02377896551724138,0.02543206896551724,0.02548,2.0869837296620766,2.2648355230522816,4.529671046104563,2.0,0.02433,0.0,1786781783.803,0.8029999732971191,0.387,,,,,,,ok,1786777200,2026-08-15T07:00:00+00:00,0.0,1.799163179916317,2.3559108119478394,2.0075282308657374,2.0502092050209093,3.9198977417980276,0.0,0.9586570483688677,1.8684325466713632,430.8726981585268,511.74500665189566,-0.8995815899581585,0.0
1960,1786781863,2026-08-15T08:17:43+00:00,SATSUSDT,LONG,ema_cross,sl,sl,1.05e-08,1.0286896551724138e-08,1.0926206896551723e-08,1.027e-08,-1.079288025889966,2.029556650246303,4.059113300492606,2.0,1.05e-08,0.0,1786781864.172,1.1719999313354492,0.193,,,,,,,ok,1786777200,2026-08-15T07:00:00+00:00,0.0,-0.19011406844106007,-0.19011406844106007,0.7640878701050594,0.8604206500955972,1.8269230769230644,0.0,0.5824310943451617,0.29463783982511227,259.76815547221275,350.7287989831691,0.09505703422053004,0.0
1961,1786781868,2026-08-15T08:17:48+00:00,YGGUSDT,LONG,ema_cross,sl,sl,0.01955,0.019141034482758622,0.02036793103448276,0.01914,-1.0025295109612167,2.0918952288561576,4.183790457712315,2.0,0.01955,0.0,1786781868.397,0.3970000743865967,0.151,,,,,,,ok,1786777200,2026-08-15T07:00:00+00:00,0.0,-0.10219724067449762,-0.8620689655172413,1.793032786885244,1.793032786885244,2.9713114754098395,0.0,0.24081283418255556,0.6185482098437576,-27.23781159260265,6.785405789456387,0.05109862033724881,0.0
1970,1786786916,2026-08-15T09:41:56+00:00,HEMIUSDT,LONG,ema_cross,sl,sl,0.00552,0.005356931034482758,0.0058461379310344825,0.005321,-1.220342567138927,2.954147926036982,5.908295852073964,2.0,0.00552,0.0,1786786916.536,0.5360000133514404,0.452,,,,,,,ok,1786780800,2026-08-15T08:00:00+00:00,0.0,12.916666666666668,19.520613614573342,17.420405209840816,22.935606060606066,29.768092762894838,0.0,6.028086198816995,27.83792758911576,349.59598957818014,292.57488297987135,-6.458333333333334,0.0
1989,1786811177,2026-08-15T16:26:17+00:00,XAIUSDT,LONG,ema_cross,tp,tp,0.006735,0.006500965517241379,0.007203068965517241,0.007203068965517241,2.0,3.4748995212861256,6.949799042572251,2.0,0.006735,0.0,1786811178.355,1.3550000190734863,0.196,,,,,,,ok,1786806000,2026-08-15T15:00:00+00:00,0.0,0.9745127436281852,2.371181030551754,2.0408163265306074,2.0408163265306074,3.4007352941176467,0.0,0.7791073607947626,0.5141925405260278,-65.13788337060927,-344.01127702320025,-0.4872563718140926,0.0
1990,1786811191,2026-08-15T16:26:31+00:00,BTRUSDT,LONG,ema_cross,tp,tp,0.02954,0.02667655172413793,0.03526689655172414,0.03526689655172414,1.999999999999999,9.693460649499222,19.386921298998434,1.999999999999999,0.02954,0.0,1786811191.656,0.6559998989105225,0.17,,,,,,,ok,1786806000,2026-08-15T15:00:00+00:00,0.0,-0.9389671361502314,1.3726835964310262,3.0931339225016914,3.0931339225016914,5.790024415765602,0.0,1.5194980834671261,1.0029483048672692,341.3571571973499,419.5135401294203,0.4694835680751157,0.0
1991,1786811199,2026-08-15T16:26:39+00:00,HOMEUSDT,SHORT,ema_cross,tp,tp,0.00882,0.009526551724137931,0.007406896551724137,0.00718,2.3211322596388464,8.0107905231058,16.02158104621159,1.9999999999999987,0.00882,0.0,1786811199.789,0.7890000343322754,0.572,,,,,,,ok,1786806000,2026-08-15T15:00:00+00:00,-0.0,1.6722408026755942,2.541436464088409,3.21839080459771,5.05747126436783,7.35632183908046,0.0,1.602969682333398,1.5507386222475303,70.82127754284443,58.23457334212254,-0.8361204013377971,0.0
1992,1786811228,2026-08-15T16:27:08+00:00,NOMUSDT,LONG,ema_cross,tp,tp,0.001637,0.0015990344827586207,0.0017129310344827587,0.0017129310344827587,2.0,2.3192130263518225,4.638426052703645,2.0,0.001637,0.0,1786811228.447,0.44700002670288086,0.151,,,,,,,ok,1786806000,2026-08-15T15:00:00+00:00,0.0,-2.5595238095238138,2.4405506883604486,2.9375764993879967,4.66417910447761,5.782526712759275,0.0,3.558559665842272,1.4683054512347786,121.05082809822957,-135.27802823062675,1.2797619047619069,0.0
1993,1786811257,2026-08-15T16:27:37+00:00,OUSDT,LONG,ema_cross,tp,tp,0.4619,0.45136896551724137,0.4829620689655172,0.4859,2.278978388998041,2.2799381863517225,4.559876372703445,2.0,0.4619,0.0,1786811257.823,0.8229999542236328,0.217,,,,,,,ok,1786806000,2026-08-15T15:00:00+00:00,0.0,1.9196822594880818,2.4850232970934076,2.0520741394527873,2.709304907839228,3.029627979505458,0.0,0.9397926352549739,2.63257065948856,134.8997493734336,3.595401547346654,-0.9598411297440409,0.0
1994,1786811322,2026-08-15T16:28:42+00:00,SLPUSDT,LONG,ema_cross,sl,sl,0.000537,0.0005248275862068966,0.0005613448275862069,0.0005248275862068966,-1.0,2.266743723110517,4.533487446221014,1.9999999999999911,0.000537,0.0,1786811323.212,1.2119998931884766,0.203,,,,,,,ok,1786806000,2026-08-15T15:00:00+00:00,0.0,0.9398496240601527,2.6768642447418762,0.9398496240601527,1.5122873345935892,2.873563218390812,0.0,0.2914999074589724,0.45143412174257225,1985.4013986013986,2052.950664715571,-0.46992481203007636,0.0
1995,1786811408,2026-08-15T16:30:08+00:00,BIRBUSDT,LONG,ema_cross,sl,sl,0.05424,0.0522951724137931,0.05812965517241379,0.05197,-1.1671985815602794,3.5855965822398574,7.1711931644797025,1.9999999999999964,0.05424,0.0,1786811409.16,1.1600000858306885,0.345,,,,,,,ok,1786806000,2026-08-15T15:00:00+00:00,0.0,0.22172949002216394,0.6868386857248845,0.7568764999076864,1.6008935219657479,2.348993288590599,0.0,0.9679009691510825,1.1376961347110601,248.157401623985,305.6792907192357,-0.11086474501108197,0.0
2042,1786839706,2026-08-16T00:21:46+00:00,BANKUSDT,SHORT,ema_cross,sl,sl,0.03692,0.03922448275862069,0.03231103448275862,0.03922448275862069,-1.0,6.2418276235663335,12.483655247132667,2.0,0.03692,0.0,1786839706.774,0.7739999294281006,0.177,,,,,,,ok,1786834800,2026-08-15T23:00:00+00:00,-0.0,0.02707825616029278,2.094935030495887,1.771117166212528,1.771117166212528,3.678474114441409,0.0,0.7748529905911782,1.3405194454076865,91.48364564443548,122.21637418595677,-0.01353912808014639,0.0
2043,1786839711,2026-08-16T00:21:51+00:00,AIGENSYNUSDT,LONG,ema_cross,sl,sl,0.02151,0.021040689655172414,0.022448620689655172,0.021040689655172414,-1.0,2.181824011285854,4.363648022571692,1.9999999999999927,0.02151,0.0,1786839711.677,0.6770000457763672,0.151,,,,,,,ok,1786834800,2026-08-15T23:00:00+00:00,0.0,0.9385265133740134,0.9385265133740134,1.2687969924812001,3.110273327049957,4.041844983357109,0.0,0.6317721091022208,1.7648753737239167,-53.02790421531763,-232.04502182989523,-0.4692632566870067,0.0
2044,1786839749,2026-08-16T00:22:29+00:00,PROVEUSDT,LONG,ema_cross,sl,sl,0.1527,0.15035517241379312,0.1573896551724138,0.15,-1.1514705882353045,1.5355779870379058,3.0711559740758303,2.000000000000012,0.1527,0.0,1786839750.411,1.4110000133514404,0.188,,,,,,,ok,1786834800,2026-08-15T23:00:00+00:00,0.0,0.0,0.5266622778143483,1.2532981530342908,4.155672823218997,4.290429042904295,0.0,2.4694615823476753,0.875262494750105,-75.64567021152273,-106.52667357646614,0.0,0.0
2045,1786839830,2026-08-16T00:23:50+00:00,EDENUSDT,SHORT,ema_cross,sl,sl,0.04335,0.04905551724137931,0.031938965517241374,0.04905551724137931,-1.0,13.161516127749278,26.323032255498557,2.0,0.04335,0.0,1786839831.164,1.1640000343322754,0.74,,,,,,,ok,1786834800,2026-08-15T23:00:00+00:00,-0.0,0.11520737327189269,3.2582012943539453,1.7445917655268681,5.135387488328649,7.0728291316526555,0.0,1.2619286416179845,0.20852974146929368,-70.96730072198287,-213.8186815704217,-0.057603686635946345,0.0
2046,1786839912,2026-08-16T00:25:12+00:00,CHILLGUYUSDT,LONG,ema_cross,sl,sl,0.011019,0.010652137931034481,0.011752724137931034,0.010652137931034481,-1.0,3.3293590068565035,6.658718013712991,1.9999999999999953,0.011019,0.0,1786839913.303,1.3029999732971191,0.166,,,,,,,ok,1786834800,2026-08-15T23:00:00+00:00,0.0,0.16362148895553968,-0.1902173913043495,0.6019700839109822,1.3589930682232747,1.431959139000373,0.0,0.5144376202886842,0.47334673071342975,-36.54508085085308,-21.21255820744483,-0.08181074447776984,0.0
2115,1786862293,2026-08-16T06:38:13+00:00,FHEUSDT,LONG,ema_cross,tp,tp,0.02668,0.025132758620689654,0.02977448275862069,0.03021,2.2814798306217976,5.799255544641473,11.598511089282946,2.0,0.02668,0.0,1786862294.356,1.3559999465942383,0.337,,,,,,,ok,1786856400,2026-08-16T05:00:00+00:00,0.0,-0.7344840249724651,4.001539053482106,2.5736665423349483,4.364326375711582,6.837606837606843,0.0,1.794624809784015,1.6583660987330713,-1.5333179617246946,-154.1250477229361,0.36724201248623256,0.0
2127,1786867096,2026-08-16T07:58:16+00:00,RONUSDT,LONG,ema_cross,tp,tp,0.05126,0.05004344827586207,0.05369310344827586,0.05369310344827586,1.9999999999999942,2.37329637951216,4.746592759024307,1.9999999999999942,0.05126,0.0,1786867096.44,0.440000057220459,0.268,,,,,,,ok,1786860000,2026-08-16T06:00:00+00:00,0.0,0.040176777822417006,-2.8482247366367597,0.16083634901488475,1.93704600484262,3.4301856335754644,0.0,0.8694710515653009,0.05582956321460887,-79.33654829753031,-8.58638800686991,-0.020088388911208503,0.0
2133,1786868303,2026-08-16T08:18:23+00:00,龙虾USDT,LONG,ema_cross,tp,tp,0.020317,0.018579241379310347,0.02379251724137931,0.02379251724137931,2.0,8.553224495199364,17.10644899039873,2.0,0.020317,0.0,1786868303.878,0.878000020980835,0.156,,,,,,,ok,1786863600,2026-08-16T07:00:00+00:00,0.0,2.116003216726986,0.1281356266325056,3.0849501038447817,3.414981197276141,3.470881187112509,0.0,1.9045712078511705,0.8267779454852171,33.935209771641,-3.043451722054442,-1.058001608363493,0.0
2134,1786868334,2026-08-16T08:18:54+00:00,ESPUSDT,SHORT,ema_cross,sl,sl,0.06966,0.07232310344827586,0.06433379310344828,0.07234,-1.0063446847080162,3.8230023661726396,7.646004732345279,2.0,0.06966,0.0,1786868334.658,0.6579999923706055,0.428,,,,,,,ok,1786863600,2026-08-16T07:00:00+00:00,-0.0,1.3174670633234173,1.665725578769058,2.0608156794927233,2.4594907407407307,4.429005644811126,0.0,2.2787569802888417,1.775443808246089,18.539182064800123,48.48396118126598,-0.6587335316617087,0.0
2135,1786868350,2026-08-16T08:19:10+00:00,DOLOUSDT,LONG,ema_cross,sl,sl,0.02481,0.023406206896551724,0.02761758620689655,0.02334,-1.0471628592483422,5.658174540299374,11.316349080598762,2.0000000000000027,0.02481,0.0,1786868351.229,1.2290000915527344,0.421,,,,,,,ok,1786863600,2026-08-16T07:00:00+00:00,0.0,9.295154185022014,1.7637407711238715,20.86917157084655,21.033544877606538,21.033544877606538,0.0,7.488031535087108,8.321631780729463,199.6597537265068,-238.6743064566593,-4.647577092511007,0.0
2163,1786882200,2026-08-16T12:10:00+00:00,ARCUSDT,SHORT,ema_cross,sl,sl,0.06951,0.07269827586206896,0.06313344827586206,0.07269827586206896,-1.0,4.586787314154743,9.173574628309506,2.0000000000000044,0.06951,0.0,1786882201.609,1.6089999675750732,0.234,,,,,,,ok,1786878000,2026-08-16T11:00:00+00:00,-0.0,0.5863844393592588,1.8081649950558034,0.6623470122390239,1.5694744420446476,2.9229661627069894,0.0,0.36412123172326566,0.5731162626817414,36.809815950920246,-212.87876536395865,-0.2931922196796294,0.0
2164,1786882292,2026-08-16T12:11:32+00:00,MORPHOUSDT,LONG,ema_cross,tp,tp,1.9956,1.9717655172413793,2.0432689655172416,2.0475,2.177517361111097,1.1943517116967712,2.3887034233935425,2.0,1.9956,0.0,1786882292.761,0.7609999179840088,0.164,,,,,,,ok,1786878000,2026-08-16T11:00:00+00:00,0.0,-0.15010507355148062,1.155717761557174,0.3666315102204742,0.7446166230629979,2.0383204239706614,0.0,0.4766116919946163,0.7452030831465588,-83.11031816830211,-303.7013572531448,0.07505253677574031,0.0
2165,1786882334,2026-08-16T12:12:14+00:00,ACTUSDT,LONG,ema_cross,sl,sl,0.01025,0.009927586206896552,0.010894827586206897,0.00985,-1.2406417112299506,3.1455004205214445,6.291000841042889,2.0,0.01025,0.0,1786882335.251,1.250999927520752,0.219,,,,,,,ok,1786878000,2026-08-16T11:00:00+00:00,0.0,0.3917727717923615,1.1846001974333693,4.240631163708086,4.34353405725567,4.861111111111102,0.0,0.09761240531175347,5.959392282386815,2543.0724915986557,2607.3410520487723,-0.19588638589618074,0.0
2166,1786882388,2026-08-16T12:13:08+00:00,TOWNSUSDT,LONG,ema_cross,sl,sl,0.002357,0.0022984137931034484,0.0024741724137931037,0.002296,-1.0412007062978264,2.485626088101475,4.97125217620295,2.0,0.002357,0.0,1786882388.724,0.7239999771118164,0.426,,,,,,,ok,1786878000,2026-08-16T11:00:00+00:00,0.0,0.383304940374801,2.880838061981671,2.114803625377643,2.7801911381407587,4.4591611479028685,0.0,1.00668863532238,1.5123158019270964,13.211468518256106,51.34233148912024,-0.1916524701874005,0.0
2167,1786882448,2026-08-16T12:14:08+00:00,UAIUSDT,LONG,ema_cross,sl,sl,0.26287,0.254011724137931,0.28058655172413793,0.24179,-2.3796955895519383,3.36983142316316,6.739662846326298,1.9999999999999938,0.26287,0.0,1786882448.67,0.6700000762939453,0.276,,,,,,,ok,1786878000,2026-08-16T11:00:00+00:00,0.0,1.6708567008315571,-5.313017794107048,3.9043512348098877,11.015427312056152,14.33760509346177,0.0,3.3311270127112285,1.7728084144192136,-60.916041979010494,-67.19392598155989,-0.8354283504157786,0.0
2201,1786898684,2026-08-16T16:44:44+00:00,QUSDT,LONG,overheated_confirmed,ttl_expired,,0.027545,0.027545,0.027545,,,0.0,0.0,,0.027545,0.0,,,,,,,,,,ok,1786892400,2026-08-16T15:00:00+00:00,0.0,-0.9300137511760885,-0.4545123990982478,8.457526080476905,8.664003882190451,10.023433366089659,0.0,2.6342920218005093,2.8681565219785012,-20.654309517644727,-175.00078817263815,0.46500687558804427,0.0
2202,1786898725,2026-08-16T16:45:25+00:00,PRLUSDT,LONG,overheated_confirmed,ttl_expired,,0.42247,0.42247,0.42247,,,0.0,0.0,,0.42247,0.0,,,,,,,,,,ok,1786892400,2026-08-16T15:00:00+00:00,0.0,1.2322675213038237,4.675418090271533,3.3642224012892927,3.8980660757453793,7.713541666666661,0.0,2.9330198426964906,2.864997267151157,-10.29814420444174,5.855162344885471,-0.6161337606519118,0.0
2203,1786913869,2026-08-16T20:57:49+00:00,EPICUSDT,LONG,ema_cross,sl,sl,0.3629,0.33853793103448276,0.4116241379310345,0.33853793103448276,-1.0,6.713163120836935,13.42632624167387,2.0,0.3629,0.0,1786913870.485,1.4849998950958252,0.231,,,,,,,ok,1786906800,2026-08-16T19:00:00+00:00,0.0,-1.7302938753089736,-4.254749799304247,3.425821064552661,6.426953567383918,7.474518686296709,0.0,1.038612104705797,0.8792513035545926,-3.105866120055457,43.44324762356665,0.8651469376544868,0.0
2251,1786950212,2026-08-17T07:03:32+00:00,TUTUSDT,LONG,overheated_confirmed,ttl_expired,,0.038978,0.038978,0.038978,,,0.0,0.0,,0.038978,0.0,,,,,,,,,,ok,1786946400,2026-08-17T06:00:00+00:00,0.0,1.8121615031186589,8.439499152496035,8.163157477610765,24.482484076433135,40.67420448070062,0.0,10.697858929664108,3.7187945017198762,-55.35413609061087,-96.94561058121266,-0.9060807515593294,0.0
2253,1786950332,2026-08-17T07:05:32+00:00,NESUSDT,LONG,overheated_confirmed,ttl_expired,,0.2328,0.2328,0.2328,,,0.0,0.0,,0.2328,0.0,,,,,,,,,,ok,1786946400,2026-08-17T06:00:00+00:00,0.0,-1.692763436309777,3.4743875278396446,3.0775899436497713,4.024496937882771,6.160714285714289,0.0,2.64866409570153,5.316740349719565,19.328238848409455,-6.832023023255491,0.8463817181548885,0.0
2231,1786958861,2026-08-17T09:27:41+00:00,MUBARAKUSDT,LONG,ema_cross,sl,sl,0.01732,0.01640241379310345,0.019155172413793102,0.01640241379310345,-1.0,5.2978418412041,10.595683682408218,2.000000000000004,0.01732,0.0,1786958862.006,1.00600004196167,0.469,,,,,,,ok,1786953600,2026-08-17T08:00:00+00:00,0.0,-0.7950028392958617,-3.2132963988919703,3.092783505154632,5.5652173913043415,7.9420289855072435,0.0,1.4224308284973268,0.8237715626416402,-35.839888363748116,-36.79839500536894,0.39750141964793084,0.0
2232,1786958874,2026-08-17T09:27:54+00:00,KSTRUSDT,LONG,ema_cross,sl,sl,25.78,25.504827586206897,26.33034482758621,25.26,-1.8897243107769357,1.0673871753029642,2.1347743506059285,2.0,25.78,0.0,1786958874.853,0.8529999256134033,0.191,,,,,,,ok,1786953600,2026-08-17T08:00:00+00:00,0.0,1.1773940345368945,1.536037810161483,2.001569858712708,2.282565918929549,3.1349206349206313,0.0,0.6842349523395265,3.6075475849928487,116.1864574404958,165.03990048359285,-0.5886970172684473,0.0
2233,1786958880,2026-08-17T09:28:00+00:00,ONDOUSDT,LONG,ema_cross,sl,sl,0.3368,0.3316965517241379,0.3470068965517241,0.3298,-1.3716216216216237,1.5152756163485943,3.0305512326971886,2.0,0.3368,0.0,1786958880.421,0.42100000381469727,0.241,,,,,,,ok,1786953600,2026-08-17T08:00:00+00:00,0.0,-0.7690032534753005,-0.20820939916715597,0.8949880668257766,1.1933174224343686,1.4050822122570947,0.0,0.7991050437744905,1.1435866187542565,-3.1364140275031365,-8.135647740250022,0.38450162673765026,0.0
2234,1786958953,2026-08-17T09:29:13+00:00,ONUSDT,SHORT,ema_cross,tp,tp,0.36373,0.38603793103448275,0.3191141379310345,0.31582,2.1476666718192083,6.133101760779357,12.266203521558714,2.0,0.36373,0.0,1786958954.414,1.4140000343322754,0.556,,,,,,,ok,1786953600,2026-08-17T08:00:00+00:00,-0.0,-1.6315641673687116,0.2013015662916414,9.329862277460522,11.112059400870526,11.112059400870526,0.0,1.5613140931970502,3.810175324470931,319.4898807873579,328.0576881384352,0.8157820836843558,0.0
2235,1786958959,2026-08-17T09:29:19+00:00,MOVEUSDT,SHORT,ema_cross,sl,sl,0.00616,0.006397586206896551,0.005684827586206896,0.0064,-1.0101596516690885,3.8569189431258395,7.713837886251679,2.0,0.00616,0.0,1786958959.996,0.9960000514984131,0.195,,,,,,,ok,1786953600,2026-08-17T08:00:00+00:00,-0.0,0.8051529790660317,1.7543859649122922,1.4681892332789528,1.9575856443719464,3.262642740619896,0.0,0.2472577021688966,5.405425775006481,176.59959325488336,88.88253141060389,-0.40257648953301584,0.0
2236,1786958984,2026-08-17T09:29:44+00:00,TLMUSDT,SHORT,ema_cross,tp,tp,0.001448,0.0015021034482758623,0.001339793103448276,0.001334,2.1070745697896736,3.7364259859020845,7.472851971804154,1.999999999999996,0.001448,0.0,1786958985.135,1.1349999904632568,0.568,,,,,,,ok,1786953600,2026-08-17T08:00:00+00:00,-0.0,0.2760524499654852,8.94770006301197,3.087719298245613,13.805436337625181,13.805436337625181,0.0,5.174304761219449,3.914935669999951,-52.23731556969612,-2466.8155817646993,-0.1380262249827426,0.0
2237,1786959021,2026-08-17T09:30:21+00:00,PNUTUSDT,LONG,ema_cross,sl,sl,0.04168,0.040842068965517245,0.043355862068965516,0.04084,-1.0024691358024715,2.0103911575881885,4.020782315176377,2.0,0.04168,0.0,1786959021.485,0.4849998950958252,0.182,,,,,,,ok,1786953600,2026-08-17T08:00:00+00:00,0.0,-0.8587786259541966,0.14457831325300616,1.228323699421957,1.4213442543965316,2.3334953816237127,0.0,0.791803246807304,1.562712695255423,-33.481401227880106,-193.97058278949817,0.4293893129770983,0.0
2238,1786959031,2026-08-17T09:30:31+00:00,PUMPUSDT,LONG,ema_cross,sl,sl,0.00289,0.0027897241379310346,0.0030905517241379315,0.0027897241379310346,-1.0,3.4697530127669762,6.9395060255339525,2.0,0.00289,0.0,1786959032.33,1.3299999237060547,0.16,,,,,,,ok,1786953600,2026-08-17T08:00:00+00:00,0.0,-2.7429732475448665,-0.862961684501203,3.031358885017416,4.5296167247386725,4.5296167247386725,0.0,2.7472614730242544,2.1099557183497035,-13.823395507974173,-22.88339174645452,1.3714866237724332,0.0
2239,1786959075,2026-08-17T09:31:15+00:00,LAUSDT,LONG,ema_cross,tp,tp,0.04974,0.04836758620689655,0.05248482758620689,0.05252,2.025628140703518,2.759175297755221,5.518350595510442,2.0,0.04974,0.0,1786959076.191,1.190999984741211,0.213,,,,,,,ok,1786953600,2026-08-17T08:00:00+00:00,0.0,-0.40000000000001146,-0.20040080160321216,1.1859296482412065,2.213279678068404,2.834008097165989,0.0,0.3060300625673932,0.8292184200237849,-58.42311780685293,-64.46624422891851,0.20000000000000573,0.0
2240,1786959078,2026-08-17T09:31:18+00:00,ARCUSDT,LONG,ema_cross,sl,sl,0.0765,0.0733006896551724,0.08289862068965517,0.0733006896551724,-1.0,4.182105025918424,8.364210051836828,1.9999999999999956,0.0765,0.0,1786959078.549,0.5490000247955322,0.241,,,,,,,ok,1786953600,2026-08-17T08:00:00+00:00,0.0,-0.4432855280312998,0.8319028126237841,2.067868504772012,2.79692470837752,4.585300067430884,0.0,0.9388338421986381,0.9343204711410495,-7.010347720704764,-2.386892577110917,0.2216427640156499,0.0
2275,1786964114,2026-08-17T10:55:14+00:00,DIAUSDT,LONG,overheated_confirmed,ttl_expired,,0.145,0.145,0.145,,,0.0,0.0,,0.145,0.0,,,,,,,,,,ok,1786957200,2026-08-17T09:00:00+00:00,0.0,-1.2482662968099836,-0.07017543859648351,4.081632653061225,5.642857142857135,7.798833819241994,0.0,1.2211907059543818,4.304002869219674,21.855414024971882,-47.50693865258306,0.6241331484049918,0.0
2259,1786968478,2026-08-17T12:07:58+00:00,EVAAUSDT,LONG,ema_cross,sl,sl,0.8252,0.8014275862068966,0.872744827586207,0.8014275862068966,-1.0,2.8808063249034737,5.761612649806947,2.0,0.8252,0.0,1786968479.223,1.2230000495910645,0.409,,,,,,,ok,1786964400,2026-08-17T11:00:00+00:00,0.0,0.930346431631785,0.03639893229798192,1.4366404715127619,1.6238159675236796,2.6673252654976616,0.0,0.7917077588426067,0.9276707385524141,-16.746927092103046,31.24872972651659,-0.4651732158158925,0.0
2298,1786968479,2026-08-17T12:07:59+00:00,EVAAUSDT,LONG,ema_cross_confirmed,ttl_expired,,0.8252,0.8252,0.8252,,,0.0,0.0,,0.8252,0.0,,,,,,,,,,ok,1786964400,2026-08-17T11:00:00+00:00,0.0,0.930346431631785,0.03639893229798192,1.4366404715127619,1.6238159675236796,2.6673252654976616,0.0,0.7917077588426067,0.9276707385524141,-16.746927092103046,31.24872972651659,-0.4651732158158925,0.0
2260,1786968577,2026-08-17T12:09:37+00:00,币安人生USDT,SHORT,ema_cross,tp,tp,0.46769,0.4817196551724138,0.43963068965517244,0.42548,3.0086270461583844,2.999776598262477,5.999553196524954,2.0,0.46769,0.0,1786968578.43,1.4300000667572021,0.253,,,,,,,ok,1786964400,2026-08-17T11:00:00+00:00,-0.0,0.7200050973812213,0.6250265742591092,0.9029441971927424,0.9029441971927424,1.465679561793911,0.0,0.4743524241644071,0.24151608638166594,-73.91469916222391,-204.4678159313196,-0.36000254869061066,0.0
2303,1786968578,2026-08-17T12:09:38+00:00,币安人生USDT,SHORT,ema_cross_confirmed,ttl_expired,,0.46769,0.46769,0.46769,,,0.0,0.0,,0.46769,0.0,,,,,,,,,,ok,1786964400,2026-08-17T11:00:00+00:00,-0.0,0.7200050973812213,0.6250265742591092,0.9029441971927424,0.9029441971927424,1.465679561793911,0.0,0.4743524241644071,0.24151608638166594,-73.91469916222391,-204.4678159313196,-0.36000254869061066,0.0
2261,1786975212,2026-08-17T14:00:12+00:00,币安人生USDT,SHORT,ema_cross_confirmed,sl,sl,0.46175,0.48980931034482755,0.4056313793103449,0.48980931034482755,-1.0,6.076732072512736,12.153464145025472,2.0,0.46175,0.0,1786975213.256,1.25600004196167,,,,1.5,1,110,2.0,ok,1786971600,2026-08-17T13:00:00+00:00,-0.0,0.7202752096323414,1.9285092283839245,0.6975283235491629,1.4340489136321328,2.1554058445075093,0.0,0.12753067195572104,0.30994933640008704,38.96321070234114,51.66394062934843,-0.3601376048161707,0.0
2268,1786976703,2026-08-17T14:25:03+00:00,ATUSDT,SHORT,ema_cross,sl,sl,0.15172,0.15869896551724139,0.13776206896551724,0.15884,-1.0202085083255104,4.599898179041255,9.199796358082493,1.999999999999996,0.15172,0.0,1786976704.686,1.686000108718872,0.268,,,,,,,ok,1786971600,2026-08-17T13:00:00+00:00,-0.0,0.03294675803900533,2.0404209982565997,0.48912684248793087,1.2095974618282757,3.899795095511923,0.0,0.8942989229253919,0.4390016086347361,-62.65889830508474,-120.91539453308138,-0.016473379019502667,0.0
2337,1786976704,2026-08-17T14:25:04+00:00,ATUSDT,SHORT,ema_cross_confirmed,ttl_expired,,0.15172,0.15172,0.15172,,,0.0,0.0,,0.15172,0.0,,,,,,,,,,ok,1786971600,2026-08-17T13:00:00+00:00,-0.0,0.03294675803900533,2.0404209982565997,0.48912684248793087,1.2095974618282757,3.899795095511923,0.0,0.8942989229253919,0.4390016086347361,-62.65889830508474,-120.91539453308138,-0.016473379019502667,0.0
2269,1786976826,2026-08-17T14:27:06+00:00,ACEUSDT,LONG,ema_cross,tp,tp,0.1832,0.1450344827586207,0.2595310344827586,0.2595310344827586,1.9999999999999993,20.83270591778347,41.66541183556692,1.9999999999999993,0.1832,0.0,1786976827.544,1.5439999103546143,1.135,,,,,,,ok,1786971600,2026-08-17T13:00:00+00:00,0.0,-0.8676789587852592,-6.924643584521386,5.139664804469281,13.527397260273972,22.864019253910957,0.0,1.3682090366445585,1.149147859468136,-51.746517393875145,-45.82351644334125,0.4338394793926296,0.0
2338,1786976827,2026-08-17T14:27:07+00:00,ACEUSDT,LONG,ema_cross_confirmed,ttl_expired,,0.1832,0.1832,0.1832,,,0.0,0.0,,0.1832,0.0,,,,,,,,,,ok,1786971600,2026-08-17T13:00:00+00:00,0.0,-0.8676789587852592,-6.924643584521386,5.139664804469281,13.527397260273972,22.864019253910957,0.0,1.3682090366445585,1.149147859468136,-51.746517393875145,-45.82351644334125,0.4338394793926296,0.0
2273,1786978382,2026-08-17T14:53:02+00:00,HEMIUSDT,LONG,overheated_confirmed,tp,tp,0.00717,0.006222803571428572,0.009064392857142858,0.009177,2.118884678468412,13.210549910340703,26.421099820681416,2.000000000000001,0.00717,0.0,1786978383.142,1.1419999599456787,,,,3.7,1,0,2.0,ok,1786971600,2026-08-17T13:00:00+00:00,0.0,0.23013194231358375,3.63261421319797,2.5237575946409065,4.9433902088981085,7.743942370661433,0.0,1.3041484636985377,0.3312858671906265,9.774770927636315,-23.93214109376697,-0.11506597115679187,0.0
2341,1786979711,2026-08-17T15:15:11+00:00,HEMIUSDT,LONG,overheated_confirmed,ttl_expired,,0.007025,0.007025,0.007025,,,0.0,0.0,,0.007025,0.0,1786979752.622,41.621999979019165,,,,1.5,1,0,2.0,ok,1786975200,2026-08-17T14:00:00+00:00,0.0,5.801316393693556,8.919004097069013,11.368909512761013,12.16700420626265,15.998066698888353,0.0,2.7088764734265816,1.2235771950186562,230.64658645697298,220.87181552933666,-2.900658196846778,0.0
2344,1786979815,2026-08-17T15:16:55+00:00,GPSUSDT,LONG,overheated_confirmed,ttl_expired,,0.015917,0.015917,0.015917,,,0.0,0.0,,0.015917,0.0,,,,,,,,,,ok,1786975200,2026-08-17T14:00:00+00:00,0.0,0.7649253731343165,-4.1582869986987,11.741442792854217,17.205452080211245,25.012488403625206,0.0,6.281150654770424,4.411782499168838,-17.834986941904315,-79.25956083800699,-0.38246268656715826,0.0
2343,1786979847,2026-08-17T15:17:27+00:00,ACEUSDT,LONG,overheated_confirmed,ttl_expired,,0.1907,0.1907,0.1907,,,0.0,0.0,,0.1907,0.0,,,,,,,,,,ok,1786975200,2026-08-17T14:00:00+00:00,0.0,5.689277899343556,1.8987341772152004,9.63045912653975,9.63045912653975,16.552511415525114,0.0,4.354963138526144,1.3985165518282028,25.1885956328458,76.93511302672094,-2.844638949671778,0.0
2345,1786979929,2026-08-17T15:18:49+00:00,AEONUSDT,LONG,overheated_confirmed,ttl_expired,,0.08671,0.08671,0.08671,,,0.0,0.0,,0.08671,0.0,1786979994.928,65.92799997329712,,,,4.3,1,0,2.0,ok,1786975200,2026-08-17T14:00:00+00:00,0.0,2.4644894986038652,2.080309627479438,4.165648668458339,4.92186538698167,6.306529550241602,0.0,1.894517980755964,1.07774840216638,122.08822596001269,182.83321163336512,-1.2322447493019326,0.0
2346,1786979938,2026-08-17T15:18:58+00:00,MVLLUSDT,LONG,overheated_confirmed,ttl_expired,,31.97,31.97,31.97,,,0.0,0.0,,31.97,0.0,,,,,,,,,,ok,1786975200,2026-08-17T14:00:00+00:00,0.0,2.311396468699847,10.200553250345779,3.803641092327692,12.826855123674907,13.751335945849661,0.0,5.833880159701633,5.74631662852588,-31.255114031364005,-221.83737621918243,-1.1556982343499236,0.0
2279,1786979994,2026-08-17T15:19:54+00:00,AEONUSDT,LONG,overheated_confirmed,sl,sl,0.0865,0.07702375,0.10545249999999998,0.07642,-1.0637119113573408,10.955202312138718,21.910404624277437,2.0,0.0865,0.0,1786979994.928,0.9279999732971191,,,,4.3,1,0,2.0,ok,1786975200,2026-08-17T14:00:00+00:00,0.0,2.4644894986038652,2.080309627479438,4.165648668458339,4.92186538698167,6.306529550241602,0.0,1.894517980755964,1.07774840216638,122.08822596001269,182.83321163336512,-1.2322447493019326,0.0
2350,1786981008,2026-08-17T15:36:48+00:00,SNXXUSDT,LONG,overheated_confirmed,ttl_expired,,19.483,19.483,19.483,,,0.0,0.0,,19.483,0.0,,,,,,,,,,ok,1786975200,2026-08-17T14:00:00+00:00,0.0,2.992716140610156,10.98913599908994,6.768913938868408,15.210526315789465,15.210526315789465,0.0,5.242715643062415,2.9815704781494627,-46.36209167496534,-262.8766250805144,-1.496358070305078,0.0
2351,1786981077,2026-08-17T15:37:57+00:00,AXTIUSDT,LONG,overheated_confirmed,ttl_expired,,93.79,93.79,93.79,,,0.0,0.0,,93.79,0.0,1786981137.056,60.055999994277954,,,,2.8,1,0,2.0,ok,1786975200,2026-08-17T14:00:00+00:00,0.0,2.7747070528410402,9.132527291935673,4.028488760293795,10.8896797153025,11.577942229649084,0.0,4.006872305966799,3.557802590580376,-24.6841366976286,-233.93603790330826,-1.3873535264205201,0.0
2284,1786981136,2026-08-17T15:38:56+00:00,AXTIUSDT,LONG,overheated_confirmed,sl,sl,93.69,90.77571428571429,99.51857142857142,90.77,-1.0019607843137273,3.110562188371983,6.221124376743966,2.0,93.69,0.0,1786981137.056,1.055999994277954,,,,2.8,1,0,2.0,ok,1786975200,2026-08-17T14:00:00+00:00,0.0,2.7747070528410402,9.132527291935673,4.028488760293795,10.8896797153025,11.577942229649084,0.0,4.006872305966799,3.557802590580376,-24.6841366976286,-233.93603790330826,-1.3873535264205201,0.0
2352,1786982244,2026-08-17T15:57:24+00:00,EDENUSDT,LONG,overheated_confirmed,ttl_expired,,0.05444,0.05444,0.05444,,,0.0,0.0,,0.05444,0.0,1786982457.554,213.55399990081787,,,,2.8,1,3,2.0,ok,1786975200,2026-08-17T14:00:00+00:00,0.0,1.3956438993444722,2.260609938153121,2.584917752616968,3.091455560326313,3.20223511712873,0.0,0.6739884988471082,0.4678264112742095,-42.96515706602229,-27.897298740964366,-0.6978219496722361,0.0
2290,1786982457,2026-08-17T16:00:57+00:00,EDENUSDT,LONG,overheated_confirmed,open,,0.05397,0.04474446428571428,0.07242107142857143,,,17.0938219645835,34.18764392916701,2.000000000000001,0.05397,0.0,1786982457.554,0.5539999008178711,,,,2.8,1,3,2.0,ok,1786978800,2026-08-17T15:00:00+00:00,0.0,12.55474452554744,14.173894647768135,14.720600500417005,17.53898739585559,18.119364534134814,0.0,6.451061523506712,14.210952830775977,2889.8045647123135,2932.7697217783357,-6.27737226277372,0.0
2292,1786982860,2026-08-17T16:07:40+00:00,B2USDT,SHORT,ema_cross,tp,tp,0.4654,0.4801620689655172,0.4358758620689655,0.4358758620689655,2.0,3.171909962509076,6.343819925018152,2.0,0.4654,0.0,1786982861.033,1.0329999923706055,0.204,,,,,,,ok,1786978800,2026-08-17T15:00:00+00:00,-0.0,0.7703830515728637,3.0929989550679164,2.034191733391033,2.142393421337365,4.5877515689244746,0.0,0.4795834917403521,0.6148303309593632,115.69664902998235,211.4418088678932,-0.38519152578643184,0.0
2354,1786982860,2026-08-17T16:07:40+00:00,B2USDT,SHORT,ema_cross_confirmed,ttl_expired,,0.4654,0.4654,0.4654,,,0.0,0.0,,0.4654,0.0,1786982878.111,18.111000061035156,,,,2.5,1,0,2.0,ok,1786978800,2026-08-17T15:00:00+00:00,-0.0,0.7703830515728637,3.0929989550679164,2.034191733391033,2.142393421337365,4.5877515689244746,0.0,0.4795834917403521,0.6148303309593632,115.69664902998235,211.4418088678932,-0.38519152578643184,0.0
2293,1786982861,2026-08-17T16:07:41+00:00,CBRSUSDT,LONG,ema_cross,sl,sl,254.1,247.32758620689654,267.6448275862069,246.0,-1.1960285132382875,2.6652553298321346,5.330510659664258,1.9999999999999958,254.1,0.0,1786982862.282,1.2820000648498535,0.982,,,,,,,ok,1786978800,2026-08-17T15:00:00+00:00,0.0,0.07914523149980889,12.851405622489963,2.249899558055442,5.584783488466201,17.10053859964092,0.0,6.233881225601662,2.443347005403395,-76.12546311719515,-139.06584809319583,-0.03957261574990444,0.0
2355,1786982862,2026-08-17T16:07:42+00:00,CBRSUSDT,LONG,ema_cross_confirmed,ttl_expired,,254.1,254.1,254.1,,,0.0,0.0,,254.1,0.0,,,,,,,,,,ok,1786978800,2026-08-17T15:00:00+00:00,0.0,0.07914523149980889,12.851405622489963,2.249899558055442,5.584783488466201,17.10053859964092,0.0,6.233881225601662,2.443347005403395,-76.12546311719515,-139.06584809319583,-0.03957261574990444,0.0
2294,1786982871,2026-08-17T16:07:51+00:00,JELLYJELLYUSDT,SHORT,ema_cross,tp,tp,0.05757,0.05857620689655173,0.055557586206896555,0.05467,2.8821110349554484,1.7477972842656317,3.4955945685312635,2.0,0.05757,0.0,1786982871.839,0.8389999866485596,0.167,,,,,,,ok,1786978800,2026-08-17T15:00:00+00:00,-0.0,0.7071403932390371,0.6728778467908808,0.7642869550112835,0.7642869550112835,0.8685079034219099,0.0,0.4680469766124049,1.109413014426207,-22.30754463428681,-120.06760537840223,-0.35357019661951855,0.0
2356,1786982871,2026-08-17T16:07:51+00:00,JELLYJELLYUSDT,SHORT,ema_cross_confirmed,ttl_expired,,0.05757,0.05757,0.05757,,,0.0,0.0,,0.05757,0.0,,,,,,,,,,ok,1786978800,2026-08-17T15:00:00+00:00,-0.0,0.7071403932390371,0.6728778467908808,0.7642869550112835,0.7642869550112835,0.8685079034219099,0.0,0.4680469766124049,1.109413014426207,-22.30754463428681,-120.06760537840223,-0.35357019661951855,0.0
2295,1786982877,2026-08-17T16:07:57+00:00,B2USDT,SHORT,ema_cross_confirmed,sl,sl,0.4637,0.4932241379310345,0.40465172413793105,0.4939,-1.022891847699136,6.367077405873296,12.734154811746592,2.0,0.4637,0.0,1786982878.111,1.1110000610351562,,,,2.5,1,0,2.0,ok,1786978800,2026-08-17T15:00:00+00:00,-0.0,0.7703830515728637,3.0929989550679164,2.034191733391033,2.142393421337365,4.5877515689244746,0.0,0.4795834917403521,0.6148303309593632,115.69664902998235,211.4418088678932,-0.38519152578643184,0.0
2296,1786982898,2026-08-17T16:08:18+00:00,ACUUSDT,LONG,ema_cross,sl,sl,0.12462,0.11257482758620689,0.14871034482758622,0.1114,-1.0975351407059628,9.665521115224767,19.331042230449544,2.0000000000000013,0.12462,0.0,1786982898.893,0.8929998874664307,0.776,,,,,,,ok,1786978800,2026-08-17T15:00:00+00:00,0.0,0.7077368505710083,11.793589858048389,3.4338974736325807,6.298041160426483,15.698092839150782,0.0,4.007081746986852,0.919963633164208,-59.9800972174379,-90.87689080461224,-0.35386842528550416,0.0
2357,1786982898,2026-08-17T16:08:18+00:00,ACUUSDT,LONG,ema_cross_confirmed,ttl_expired,,0.12462,0.12462,0.12462,,,0.0,0.0,,0.12462,0.0,,,,,,,,,,ok,1786978800,2026-08-17T15:00:00+00:00,0.0,0.7077368505710083,11.793589858048389,3.4338974736325807,6.298041160426483,15.698092839150782,0.0,4.007081746986852,0.919963633164208,-59.9800972174379,-90.87689080461224,-0.35386842528550416,0.0
2297,1786982928,2026-08-17T16:08:48+00:00,IDOLUSDT,SHORT,ema_cross,sl,sl,0.01629,0.016628379310344825,0.015613241379310343,0.016708,-1.2353001120962097,2.077221057979288,4.154442115958598,2.00000000000001,0.01629,0.0,1786982929.996,1.996000051498413,0.28,,,,,,,ok,1786978800,2026-08-17T15:00:00+00:00,-0.0,-0.12331976815883085,3.3912422655878216,1.645428677471229,4.465451831581565,4.969214503389521,0.0,2.0541547905301636,0.9346952224052719,-63.297624592454596,-392.6976245924546,0.061659884079415424,0.0
2359,1786982929,2026-08-17T16:08:49+00:00,IDOLUSDT,SHORT,ema_cross_confirmed,ttl_expired,,0.01629,0.01629,0.01629,,,0.0,0.0,,0.01629,0.0,,,,,,,,,,ok,1786978800,2026-08-17T15:00:00+00:00,-0.0,-0.12331976815883085,3.3912422655878216,1.645428677471229,4.465451831581565,4.969214503389521,0.0,2.0541547905301636,0.9346952224052719,-63.297624592454596,-392.6976245924546,0.061659884079415424,0.0
2299,1786982930,2026-08-17T16:08:50+00:00,FLNCUSDT,SHORT,ema_cross,sl,sl,12.57,12.748310344827587,12.213379310344827,12.748310344827587,-1.0,1.4185389405535933,2.8370778811071866,2.0,12.57,0.0,1786982931.031,1.0309998989105225,0.458,,,,,,,ok,1786978800,2026-08-17T15:00:00+00:00,-0.0,1.3426507537688532,5.54052022252293,1.6802038541169,3.471890428412167,6.673037107819724,0.0,0.7534369430507992,2.9578192828525305,-1.4282847203639282,23.285893068606107,-0.6713253768844266,0.0
2360,1786982931,2026-08-17T16:08:51+00:00,FLNCUSDT,SHORT,ema_cross_confirmed,ttl_expired,,12.57,12.57,12.57,,,0.0,0.0,,12.57,0.0,,,,,,,,,,ok,1786978800,2026-08-17T15:00:00+00:00,-0.0,1.3426507537688532,5.54052022252293,1.6802038541169,3.471890428412167,6.673037107819724,0.0,0.7534369430507992,2.9578192828525305,-1.4282847203639282,23.285893068606107,-0.6713253768844266,0.0
2300,1786982942,2026-08-17T16:09:02+00:00,SPCXUSDT,LONG,ema_cross,sl,sl,148.86,146.59862068965518,153.38275862068966,146.59,-1.0038121378469054,1.5191316071105976,3.0382632142211765,1.9999999999999873,148.86,0.0,1786982943.227,1.2269999980926514,0.301,,,,,,,ok,1786978800,2026-08-17T15:00:00+00:00,0.0,0.6616703801228746,6.500464318879915,1.4180066490263952,2.278481012658217,7.354208560758388,0.0,3.0333218446298353,4.0389402501626925,-34.89964754701144,-81.50322353042087,-0.3308351900614373,0.0
2361,1786982943,2026-08-17T16:09:03+00:00,SPCXUSDT,LONG,ema_cross_confirmed,ttl_expired,,148.86,148.86,148.86,,,0.0,0.0,,148.86,0.0,,,,,,,,,,ok,1786978800,2026-08-17T15:00:00+00:00,0.0,0.6616703801228746,6.500464318879915,1.4180066490263952,2.278481012658217,7.354208560758388,0.0,3.0333218446298353,4.0389402501626925,-34.89964754701144,-81.50322353042087,-0.3308351900614373,0.0
2301,1786982969,2026-08-17T16:09:29+00:00,QUSDT,SHORT,ema_cross,sl,sl,0.0202,0.021431379310344827,0.017737241379310344,0.02192,-1.3968076169140293,6.0959371799248885,12.191874359849777,2.0,0.0202,0.0,1786982970.088,1.0880000591278076,0.828,,,,,,,ok,1786978800,2026-08-17T15:00:00+00:00,-0.0,5.745406946846809,7.670467555067086,7.033868627745266,9.790384711591377,10.760918505177848,0.0,3.172414057398515,2.732521945354831,163.22502855692346,120.88919620212263,-2.8727034734234045,0.0
2362,1786982970,2026-08-17T16:09:30+00:00,QUSDT,SHORT,ema_cross_confirmed,ttl_expired,,0.0202,0.0202,0.0202,,,0.0,0.0,,0.0202,0.0,,,,,,,,,,ok,1786978800,2026-08-17T15:00:00+00:00,-0.0,5.745406946846809,7.670467555067086,7.033868627745266,9.790384711591377,10.760918505177848,0.0,3.172414057398515,2.732521945354831,163.22502855692346,120.88919620212263,-2.8727034734234045,0.0
2302,1786982976,2026-08-17T16:09:36+00:00,CRCLXUSDT,LONG,ema_cross,sl,sl,75.02,73.7706896551724,77.51862068965517,73.09,-1.544852332321268,1.6653030456246225,3.330606091249226,1.9999999999999887,75.02,0.0,1786982977.033,1.0329999923706055,0.205,,,,,,,ok,1786978800,2026-08-17T15:00:00+00:00,0.0,0.6322302932472409,4.527036467793781,1.763429191535536,1.8601493550576922,6.435224386113466,0.0,1.8232532884666324,1.398625275941985,-40.63060577797434,24.267973860487473,-0.31611514662362045,0.0
2363,1786982977,2026-08-17T16:09:37+00:00,CRCLXUSDT,LONG,ema_cross_confirmed,ttl_expired,,75.02,75.02,75.02,,,0.0,0.0,,75.02,0.0,,,,,,,,,,ok,1786978800,2026-08-17T15:00:00+00:00,0.0,0.6322302932472409,4.527036467793781,1.763429191535536,1.8601493550576922,6.435224386113466,0.0,1.8232532884666324,1.398625275941985,-40.63060577797434,24.267973860487473,-0.31611514662362045,0.0
2304,1786982999,2026-08-17T16:09:59+00:00,AWEUSDT,SHORT,ema_cross,sl,sl,0.05892,0.06062,0.05552,0.06068,-1.0352941176470574,2.885268160217244,5.770536320434488,2.0,0.05892,0.0,1786982999.479,0.4790000915527344,0.399,,,,,,,ok,1786978800,2026-08-17T15:00:00+00:00,-0.0,1.2238055322715868,1.5703307718008628,0.9850543478260821,1.3077445652173911,1.9021739130434714,0.0,0.7349342736413336,0.14306712395884372,711.1111111111111,586.1111111111111,-0.6119027661357934,0.0
2366,1786982999,2026-08-17T16:09:59+00:00,AWEUSDT,SHORT,ema_cross_confirmed,ttl_expired,,0.05892,0.05892,0.05892,,,0.0,0.0,,0.05892,0.0,,,,,,,,,,ok,1786978800,2026-08-17T15:00:00+00:00,-0.0,1.2238055322715868,1.5703307718008628,0.9850543478260821,1.3077445652173911,1.9021739130434714,0.0,0.7349342736413336,0.14306712395884372,711.1111111111111,586.1111111111111,-0.6119027661357934,0.0
2305,1786983002,2026-08-17T16:10:02+00:00,CRDOUSDT,LONG,ema_cross,sl,sl,281.12,276.46758620689656,290.4248275862069,275.5,-1.2079750963533955,1.6549565285655412,3.3099130571310824,2.0,281.12,0.0,1786983002.472,0.4719998836517334,0.536,,,,,,,ok,1786978800,2026-08-17T15:00:00+00:00,0.0,1.2971655856953468,5.5680035850325,1.0723860589812333,2.8855250709555373,6.097560975609756,0.0,2.025397732657893,1.343451266384153,332.48730964467006,430.4965057439071,-0.6485827928476734,0.0
2367,1786983002,2026-08-17T16:10:02+00:00,CRDOUSDT,LONG,ema_cross_confirmed,ttl_expired,,281.12,281.12,281.12,,,0.0,0.0,,281.12,0.0,,,,,,,,,,ok,1786978800,2026-08-17T15:00:00+00:00,0.0,1.2971655856953468,5.5680035850325,1.0723860589812333,2.8855250709555373,6.097560975609756,0.0,2.025397732657893,1.343451266384153,332.48730964467006,430.4965057439071,-0.6485827928476734,0.0
2306,1786983027,2026-08-17T16:10:27+00:00,VELVETUSDT,SHORT,ema_cross,sl,sl,0.61961,0.7629268965517242,0.3329762068965517,0.7629268965517242,-1.0,23.130178104246895,46.260356208493775,1.9999999999999993,0.61961,0.0,1786983027.531,0.5309998989105225,2.769,,,,,,,ok,1786978800,2026-08-17T15:00:00+00:00,-0.0,10.162327893749007,11.54122875079353,14.195083267248206,17.914191846445153,20.13465179886386,0.0,6.076902823449188,2.390926477783214,137.8211934593332,150.842988804734,-5.081163946874503,0.0
2368,1786983027,2026-08-17T16:10:27+00:00,VELVETUSDT,SHORT,ema_cross_confirmed,ttl_expired,,0.61961,0.61961,0.61961,,,0.0,0.0,,0.61961,0.0,1786983064.053,37.05299997329712,,,,1.7,1,0,2.0,ok,1786978800,2026-08-17T15:00:00+00:00,-0.0,10.162327893749007,11.54122875079353,14.195083267248206,17.914191846445153,20.13465179886386,0.0,6.076902823449188,2.390926477783214,137.8211934593332,150.842988804734,-5.081163946874503,0.0
2307,1786983028,2026-08-17T16:10:28+00:00,COHRUSDT,LONG,ema_cross,sl,sl,357.56,348.57068965517243,375.5386206896552,339.59,-1.9990410065595212,2.5140704622518104,5.028140924503636,2.000000000000006,357.56,0.0,1786983029.211,1.2109999656677246,0.734,,,,,,,ok,1786978800,2026-08-17T15:00:00+00:00,0.0,1.3067089037221418,8.27035850311348,1.8616116967018002,5.794585050029428,9.075186601128717,0.0,1.2591172609255952,1.7723048172064542,-68.00106044538707,-93.2656007264564,-0.6533544518610709,0.0
2369,1786983029,2026-08-17T16:10:29+00:00,COHRUSDT,LONG,ema_cross_confirmed,ttl_expired,,357.56,357.56,357.56,,,0.0,0.0,,357.56,0.0,,,,,,,,,,ok,1786978800,2026-08-17T15:00:00+00:00,0.0,1.3067089037221418,8.27035850311348,1.8616116967018002,5.794585050029428,9.075186601128717,0.0,1.2591172609255952,1.7723048172064542,-68.00106044538707,-93.2656007264564,-0.6533544518610709,0.0
2308,1786983053,2026-08-17T16:10:53+00:00,HEIUSDT,LONG,ema_cross,sl,sl,0.136,0.12592206896551725,0.15615586206896553,0.12573,-1.0190583726818585,7.410243407707913,14.820486815415826,2.0,0.136,0.0,1786983053.615,0.6150000095367432,0.156,,,,,,,ok,1786978800,2026-08-17T15:00:00+00:00,0.0,2.3560406473466267,4.263149823646666,2.7333131984294656,3.672660774154215,5.710512003729311,0.0,0.824369573211426,0.7747639438598387,-57.834336840093215,-167.2390199381427,-1.1780203236733133,0.0
2375,1786983053,2026-08-17T16:10:53+00:00,HEIUSDT,LONG,ema_cross_confirmed,ttl_expired,,0.136,0.136,0.136,,,0.0,0.0,,0.136,0.0,,,,,,,,,,ok,1786978800,2026-08-17T15:00:00+00:00,0.0,2.3560406473466267,4.263149823646666,2.7333131984294656,3.672660774154215,5.710512003729311,0.0,0.824369573211426,0.7747639438598387,-57.834336840093215,-167.2390199381427,-1.1780203236733133,0.0
2309,1786983063,2026-08-17T16:11:03+00:00,VELVETUSDT,SHORT,ema_cross_confirmed,sl,sl,0.62704,0.9136737931034483,0.05377241379310349,0.9136737931034483,-1.0,45.71220226834784,91.42440453669568,2.0,0.62704,0.0,1786983064.053,1.0529999732971191,,,,1.7,1,0,2.0,ok,1786978800,2026-08-17T15:00:00+00:00,-0.0,10.162327893749007,11.54122875079353,14.195083267248206,17.914191846445153,20.13465179886386,0.0,6.076902823449188,2.390926477783214,137.8211934593332,150.842988804734,-5.081163946874503,0.0
2310,1786983301,2026-08-17T16:15:01+00:00,QUSDT,SHORT,ema_cross_confirmed,sl,sl,0.019991,0.022453758620689653,0.015065482758620689,0.022462,-1.0033464015681888,12.319336805010531,24.638673610021062,2.0,0.019991,0.0,1786983301.608,0.6080000400543213,,,,1.7,1,5,2.0,ok,1786978800,2026-08-17T15:00:00+00:00,-0.0,5.745406946846809,7.670467555067086,7.033868627745266,9.790384711591377,10.760918505177848,0.0,3.172414057398515,2.732521945354831,163.22502855692346,120.88919620212263,-2.8727034734234045,0.0
2311,1786983302,2026-08-17T16:15:02+00:00,AWEUSDT,SHORT,ema_cross_confirmed,sl,sl,0.05873,0.06213,0.05193,0.06213,-1.0,5.7892048356887456,11.578409671377491,2.0,0.05873,0.0,1786983303.308,1.308000087738037,,,,4.4,1,4,2.0,ok,1786978800,2026-08-17T15:00:00+00:00,-0.0,1.2238055322715868,1.5703307718008628,0.9850543478260821,1.3077445652173911,1.9021739130434714,0.0,0.7349342736413336,0.14306712395884372,711.1111111111111,586.1111111111111,-0.6119027661357934,0.0
2313,1786983365,2026-08-17T16:16:05+00:00,TUTUSDT,LONG,overheated_confirmed,sl,sl,0.047858,0.03880828571428571,0.06595742857142857,0.03880828571428571,-1.0,18.909512068440566,37.81902413688113,2.0,0.047858,0.0,1786983365.836,0.8359999656677246,,,,4.0,1,0,2.0,ok,1786978800,2026-08-17T15:00:00+00:00,0.0,17.199989447859227,23.758983787397632,20.332149627533166,30.37114177442215,30.37114177442215,0.0,7.967520325752265,3.2842630697970017,319.7871636929181,248.0903596559122,-8.599994723929614,0.0
2379,1786983507,2026-08-17T16:18:27+00:00,FHEUSDT,LONG,overheated_confirmed,ttl_expired,,0.03214,0.03214,0.03214,,,0.0,0.0,,0.03214,0.0,1786983546.617,39.617000102996826,,,,8.2,1,0,2.0,ok,1786978800,2026-08-17T15:00:00+00:00,0.0,12.59346713892169,11.976516634050881,15.182829888712245,15.182829888712245,15.274463007159902,0.0,7.01215103790849,8.053717719295365,850.2556950255695,902.5511042072062,-6.296733569460845,0.0
2315,1786983546,2026-08-17T16:19:06+00:00,FHEUSDT,LONG,overheated_confirmed,sl,sl,0.03209,0.030240714285714287,0.03578857142857143,0.02969,-1.2977983777520283,5.762809954146815,11.52561990829363,2.0,0.03209,0.0,1786983546.617,0.6170001029968262,,,,8.2,1,0,2.0,ok,1786978800,2026-08-17T15:00:00+00:00,0.0,12.59346713892169,11.976516634050881,15.182829888712245,15.182829888712245,15.274463007159902,0.0,7.01215103790849,8.053717719295365,850.2556950255695,902.5511042072062,-6.296733569460845,0.0
2320,1786986004,2026-08-17T17:00:04+00:00,CRDOUSDT,LONG,ema_cross_confirmed,sl,sl,284.99,278.01137931034486,298.9472413793103,277.53,-1.068979148137177,2.4487247586424594,4.897449517284919,2.0,284.99,0.0,1786986005.15,1.1500000953674316,,,,3.0,1,49,2.0,ok,1786982400,2026-08-17T16:00:00+00:00,0.0,0.813612083908172,2.2128972096693267,1.8294208025154552,1.8731009830205574,6.426917618940936,0.0,0.6036628842352386,1.150536630891274,-9.565727699530518,-342.05303734420056,-0.406806041954086,0.0
2321,1786986049,2026-08-17T17:00:49+00:00,ATUSDT,SHORT,ema_cross_confirmed,open,,0.15055,0.16450793103448275,0.12263413793103448,,,9.271292616727173,18.542585233454346,2.0,0.15055,0.0,1786986049.662,0.6619999408721924,,,,2.8,1,155,2.0,ok,1786982400,2026-08-17T16:00:00+00:00,-0.0,0.48912684248794924,0.7646167029200593,1.4230615773373954,1.4432989690721498,1.4432989690721498,0.0,0.23867700495083224,0.6428739263243088,175.06702412868634,217.50529573362462,-0.24456342124397462,0.0
2330,1786988759,2026-08-17T17:45:59+00:00,IDOLUSDT,SHORT,ema_cross_confirmed,tp,tp,0.016278,0.016954758620689656,0.01492448275862069,0.01492448275862069,2.0,4.157504734547582,8.315009469095164,2.0,0.016278,0.0,1786988759.589,0.5889999866485596,,,,2.4,1,96,2.0,ok,1786982400,2026-08-17T16:00:00+00:00,-0.0,-0.6774233279960737,2.684683612119769,0.3683693516699474,1.645428677471229,4.583618384227885,0.0,2.27937425137865,0.08540169245476754,-91.49746192893402,-28.19983733647942,0.33871166399803687,0.0
2333,1786989657,2026-08-17T18:00:57+00:00,CBRSUSDT,LONG,ema_cross_confirmed,sl,sl,255.1,244.94137931034481,275.4172413793103,244.9,-1.0040733197555989,3.982211168034175,7.964422336068338,1.9999999999999971,255.1,0.0,1786989657.607,0.6070001125335693,,,,1.6,1,113,2.0,ok,1786986000,2026-08-17T17:00:00+00:00,0.0,0.11773940345368247,0.9497427779976279,2.0529016975917838,3.1936127744510974,5.584783488466201,0.0,0.375821499709518,1.984150077261596,60.764387172353196,103.01239346426757,-0.058869701726841236,0.0
2339,1786992351,2026-08-17T18:45:51+00:00,STARUSDT,LONG,overheated_confirmed,tp,tp,0.13451,0.12637464285714284,0.1507807142857143,0.1507807142857143,2.0,6.048142995210135,12.09628599042027,2.0,0.13451,0.0,1786992351.82,0.8199999332427979,,,,1.9,1,208,2.0,ok,1786986000,2026-08-17T17:00:00+00:00,0.0,0.40946314831666114,-0.6228893058161331,3.2183908045976866,4.914004914004927,6.992404666823289,0.0,1.1235619154117709,0.8552129895274913,-32.66522210184182,0.6477329362285431,-0.20473157415833057,0.0
2349,1786995057,2026-08-17T19:30:57+00:00,CRCLXUSDT,LONG,ema_cross_confirmed,sl,sl,75.53,73.65603448275863,79.27793103448275,73.09,-1.3020517066887507,2.4810876701196523,4.9621753402393045,2.0,75.53,0.0,1786995057.528,0.5280001163482666,,,,1.9,1,201,2.0,ok,1786989600,2026-08-17T18:00:00+00:00,0.0,0.4287819911563814,0.18714075658334522,1.5106555165902409,1.5928725701943938,2.0889853499728788,0.0,0.5332486813449664,1.3240494527047404,-33.63079093784366,-95.87761017224764,-0.2143909955781907,0.0
2353,1786996853,2026-08-17T20:00:53+00:00,FLNCUSDT,SHORT,ema_cross_confirmed,tp,tp,12.632,12.988620689655173,11.918758620689653,11.903,2.0441887449236047,2.823153021336078,5.646306042672156,2.0,12.632,0.0,1786996853.806,0.8059999942779541,,,,1.5,1,231,2.0,ok,1786993200,2026-08-17T19:00:00+00:00,-0.0,-0.08715632675698623,0.33138709168376057,1.3532991672005164,1.9298526585522076,2.3782831518257574,0.0,0.25273488327932786,1.775433360040439,69.24710880339863,87.1983094230733,0.043578163378493115,0.0
2358,1786997357,2026-08-17T20:09:17+00:00,TUTUSDT,LONG,ema_cross,sl,sl,0.045118,0.03868013793103448,0.05799372413793104,0.03868013793103448,-1.0,14.26894381170601,28.537887623412033,2.000000000000001,0.045118,0.0,1786997358.321,1.321000099182129,0.235,,,,,,,ok,1786993200,2026-08-17T19:00:00+00:00,0.0,-2.898958626512806,-17.15615648897262,7.003801933031006,11.865200093611058,41.58670723145332,0.0,9.3718648921391,0.49140490235621836,-72.37280707579117,-4.542216082149096,1.449479313256403,0.0
2364,1786997408,2026-08-17T20:10:08+00:00,PLUMEUSDT,SHORT,ema_cross,sl,sl,0.012316,0.012873068965517242,0.011201862068965517,0.012877,-1.0070566388115112,4.523132230571952,9.046264461143904,2.0,0.012316,0.0,1786997409.193,1.193000078201294,0.233,,,,,,,ok,1786993200,2026-08-17T19:00:00+00:00,-0.0,1.3537327779557895,0.9251810136765931,1.9194794631964223,2.4562830418869472,2.993086620577473,0.0,1.0747670556191353,0.6341095447554297,176.17959826703427,263.1077364920618,-0.6768663889778948,0.0
2365,1786997431,2026-08-17T20:10:31+00:00,ALLOUSDT,LONG,ema_cross,sl,sl,0.29927,0.2889920689655172,0.3198258620689655,0.28697,-1.1967389116285279,3.4343338906281176,6.868667781256235,2.0,0.29927,0.0,1786997432.389,1.3889999389648438,0.971,,,,,,,ok,1786993200,2026-08-17T19:00:00+00:00,0.0,2.7286110445410583,7.114553957091352,3.7366181718364024,8.474758709770002,10.230794472599984,0.0,2.2424953161301158,2.146965527793992,-7.5371024170487395,-41.035124376322074,-1.3643055222705291,0.0
2370,1786997449,2026-08-17T20:10:49+00:00,AMATUSDT,LONG,ema_cross,sl,sl,537.4,529.4827586206897,553.2344827586206,524.5,-1.6293554006968651,1.4732492332174034,2.946498466434807,2.0,537.4,0.0,1786997450.217,1.2170000076293945,0.217,,,,,,,ok,1786993200,2026-08-17T19:00:00+00:00,0.0,-0.6122448979591752,-0.6491097922848664,1.1246485473289598,1.1246485473289598,1.2746016869728125,0.0,0.3517763541845359,1.052231832666459,612.3600973236009,678.8528414944798,0.3061224489795876,0.0
2371,1786997451,2026-08-17T20:10:51+00:00,FIGHTUSDT,SHORT,ema_cross,tp,tp,0.003865,0.003995310344827586,0.0036043793103448275,0.00356,2.340566287377618,3.371548378462768,6.743096756925547,2.000000000000003,0.003865,0.0,1786997451.901,0.9010000228881836,0.636,,,,,,,ok,1786993200,2026-08-17T19:00:00+00:00,-0.0,-0.15495867768594856,0.4108885464817657,1.0643821391485004,1.220145379023888,1.4797507788162043,0.0,0.41973595765689825,0.6496985665342582,25.02318679280282,77.07761582161818,0.07747933884297428,0.0
2372,1786997454,2026-08-17T20:10:54+00:00,PLUMEUSDT,SHORT,ema_cross_confirmed,sl,sl,0.012315,0.013429137931034483,0.010086724137931033,0.013476,-1.0420612813370473,9.046999033978752,18.093998067957504,2.0,0.012315,0.0,1786997454.984,0.9839999675750732,,,,2.0,1,0,2.0,ok,1786993200,2026-08-17T19:00:00+00:00,-0.0,1.3537327779557895,0.9251810136765931,1.9194794631964223,2.4562830418869472,2.993086620577473,0.0,1.0747670556191353,0.6341095447554297,176.17959826703427,263.1077364920618,-0.6768663889778948,0.0
2373,1786997473,2026-08-17T20:11:13+00:00,WALUSDT,SHORT,ema_cross,sl,sl,0.02076,0.02168793103448276,0.018904137931034484,0.02174,-1.0561129691564437,4.469802670918884,8.93960534183775,1.9999999999999962,0.02076,0.0,1786997473.714,0.7139999866485596,0.265,,,,,,,ok,1786993200,2026-08-17T19:00:00+00:00,-0.0,-0.0,0.6714628297362168,0.7256894049346919,0.9192065795839341,1.7416545718432472,0.0,0.5631747798533178,1.3650920315069166,106.51174547005577,40.979986363337844,0.0,0.0
2374,1786997496,2026-08-17T20:11:36+00:00,GIGGLEUSDT,LONG,ema_cross,sl,sl,34.85,33.66172413793104,37.226551724137934,33.58,-1.0687753917585656,3.4096868352050587,6.819373670410137,2.0000000000000058,34.85,0.0,1786997496.813,0.812999963760376,0.747,,,,,,,ok,1786993200,2026-08-17T19:00:00+00:00,0.0,-0.6535947712418212,0.05724098454494313,1.4946823799942603,2.610208816705353,6.205463182897873,0.0,0.9571082273076297,0.9302281916072264,-34.03444602828991,24.850192145706018,0.3267973856209106,0.0
2376,1786997515,2026-08-17T20:11:55+00:00,AMATUSDT,LONG,ema_cross_confirmed,sl,sl,535.7,523.8241379310346,559.451724137931,523.8241379310346,-1.0,2.2168867031856427,4.4337734063712855,2.0,535.7,0.0,1786997515.507,0.5069999694824219,,,,2.7,1,0,2.0,ok,1786993200,2026-08-17T19:00:00+00:00,0.0,-0.6122448979591752,-0.6491097922848664,1.1246485473289598,1.1246485473289598,1.2746016869728125,0.0,0.3517763541845359,1.052231832666459,612.3600973236009,678.8528414944798,0.3061224489795876,0.0
2377,1786997525,2026-08-17T20:12:05+00:00,BEUSDT,SHORT,ema_cross,tp,tp,233.1,237.89310344827587,223.51379310344828,221.8,2.357553956834524,2.056243435553785,4.112486871107556,1.999999999999994,233.1,0.0,1786997525.699,0.6989998817443848,0.154,,,,,,,ok,1786993200,2026-08-17T19:00:00+00:00,-0.0,-0.0430107526881696,1.0633772862611655,2.4411508282475998,2.4411508282475998,3.2258064516129057,0.0,0.3566422018095093,1.4118536507136477,75.47666233854984,-62.40027824504766,0.0215053763440848,0.0
2386,1786998725,2026-08-17T20:32:05+00:00,ACEUSDT,LONG,ema_cross_confirmed,ttl_expired,,0.1676,0.1676,0.1676,,,0.0,0.0,,0.1676,0.0,,,,,,,,,,ok,1786993200,2026-08-17T19:00:00+00:00,0.0,1.7867778439547364,-0.984936268829668,4.744744744744739,7.308160779537139,10.962241169305717,0.0,3.212003653752851,0.3648775939077606,-19.148008686060837,10.37926592185455,-0.8933889219773682,0.0
2385,1787013034,2026-08-18T00:30:34+00:00,ACUUSDT,LONG,overheated_confirmed,sl,sl,0.13227,0.115755,0.1653,0.11571,-1.0027247956403271,12.48582444998866,24.97164889997732,2.0,0.13227,0.0,1787013034.686,0.6860001087188721,,,,2.5,1,7,2.0,ok,1787007600,2026-08-17T23:00:00+00:00,0.0,2.1632937892533044,1.9498607242339792,2.9878618113912307,2.9878618113912307,2.9878618113912307,0.0,1.5813364096053515,1.6209482491478153,740.289156626506,785.7986104080187,-1.0816468946266522,0.0
2387,1787013345,2026-08-18T00:35:45+00:00,BMTUSDT,LONG,ema_cross,sl,sl,0.01676,0.015608275862068966,0.01906344827586207,0.01518,-1.3718562874251496,6.871862398156529,13.743724796313058,2.0,0.01676,0.0,1787013345.739,0.7390000820159912,0.18,,,,,,,ok,1787007600,2026-08-17T23:00:00+00:00,0.0,-3.2890940565493425,5.808080808080812,7.326007326007325,16.7192429022082,18.28644501278771,0.0,6.203804213078537,2.4032618730807465,-68.4083443017639,-1297.2313720945278,1.6445470282746713,0.0
2388,1787013513,2026-08-18T00:38:33+00:00,SKYAIUSDT,LONG,ema_cross,sl,sl,0.07542,0.07040103448275863,0.08545793103448275,0.07040103448275863,-1.0,6.654687771468278,13.309375542936555,2.0,0.07542,0.0,1787013514.242,1.2420001029968262,0.409,,,,,,,ok,1787007600,2026-08-17T23:00:00+00:00,0.0,0.6379585326953673,3.343796915517939,1.4295257181028744,2.766905115400184,5.0496688741721805,0.0,0.39952530722235285,0.25959120392600493,-36.73162749181791,-81.4494900938115,-0.31897926634768364,0.0
2389,1787013550,2026-08-18T00:39:10+00:00,ARMUSDT,SHORT,ema_cross,tp,tp,273.77,277.863448275862,265.58310344827584,265.08,2.1229045573245844,1.4952143316879296,2.99042866337588,2.0000000000000138,273.77,0.0,1787013550.941,0.9409999847412109,0.17,,,,,,,ok,1787007600,2026-08-17T23:00:00+00:00,-0.0,0.01462362446531043,-0.37066940692894557,0.3152261564401487,0.531485961439773,0.9013317636671285,0.0,0.15635523030734316,0.7905616207389443,1615.0921658986174,1668.675053599152,-0.007311812232655215,0.0
2393,1787015733,2026-08-18T01:15:33+00:00,STARUSDT,LONG,overheated_confirmed,sl,sl,0.1491,0.13927928571428572,0.1687414285714286,0.124,-2.5558222416175713,6.586662834147748,13.173325668295496,2.0,0.1491,0.0,1787015733.619,0.6189999580383301,,,,3.6,1,52,2.0,ok,1787011200,2026-08-18T00:00:00+00:00,0.0,0.16049124276045496,0.8713984539704785,3.1886939848022315,4.894600057753399,9.347181008902076,0.0,0.4513406987713659,0.5702099450277989,-1.7838676318510858,38.47868063069718,-0.08024562138022748,0.0
2395,1787022596,2026-08-18T03:09:56+00:00,ARMUSDT,SHORT,ema_cross_confirmed,tp,tp,264.94,273.12689655172414,248.5662068965517,248.5662068965517,2.0,3.0900945692323343,6.1801891384646686,2.0,264.94,0.0,1787022597.273,1.2730000019073486,,,,2.2,1,150,2.0,ok,1787018400,2026-08-18T02:00:00+00:00,-0.0,1.728486646884282,3.1262569015320527,2.0849099439988072,3.329801725442717,3.77629786589981,0.0,0.8225571653644024,1.1532558242527642,36.71846873874955,-33.516464866970566,-0.864243323442141,0.0
2415,1787023814,2026-08-18T03:30:14+00:00,SOPHUSDT,SHORT,ema_cross,sl,sl,0.003412,0.0035423448275862073,0.0031513103448275862,0.003552,-1.0740740740740715,3.820188381776294,7.640376763552576,1.9999999999999967,0.003412,0.0,1787023814.957,0.9570000171661377,0.593,,,,,,,ok,1787018400,2026-08-18T02:00:00+00:00,-0.0,0.23647650014780355,0.05922416345868617,1.4618138424821003,3.371121718377096,4.054054054054059,0.0,0.18793558069544025,1.5579374864022046,-53.25604470207321,-185.90092381761204,-0.11823825007390178,0.0
2424,1787031106,2026-08-18T05:31:46+00:00,SANDUSDT,SHORT,ema_cross,sl,sl,0.0382,0.03890172413793103,0.03679655172413793,0.03892,-1.0260442260442322,1.836974183065538,3.673948366131076,2.0,0.0382,0.0,1787031107.304,1.303999900817871,0.278,,,,,,,ok,1787025600,2026-08-18T04:00:00+00:00,-0.0,-0.26385224274405256,2.2885060426844994,0.7393715341959399,1.7876200640341622,4.482390608324442,0.0,1.4433151654837244,0.2646760612143119,-90.54216162120485,-53.449148707685964,0.13192612137202628,0.0
2475,1787031107,2026-08-18T05:31:47+00:00,SANDUSDT,SHORT,ema_cross_confirmed,ttl_expired,,0.0382,0.0382,0.0382,,,0.0,0.0,,0.0382,0.0,,,,,,,,,,ok,1787025600,2026-08-18T04:00:00+00:00,-0.0,-0.26385224274405256,2.2885060426844994,0.7393715341959399,1.7876200640341622,4.482390608324442,0.0,1.4433151654837244,0.2646760612143119,-90.54216162120485,-53.449148707685964,0.13192612137202628,0.0
2425,1787031108,2026-08-18T05:31:48+00:00,INTWUSDT,SHORT,ema_cross,tp,tp,23.93,24.63241379310345,22.525172413793104,22.48,2.064310260186544,2.9352853869763877,5.87057077395276,1.999999999999995,23.93,0.0,1787031108.978,0.9779999256134033,0.421,,,,,,,ok,1787025600,2026-08-18T04:00:00+00:00,-0.0,-0.8779264214046709,1.3491414554374563,1.854193004635488,2.7199320016999597,6.884827879303006,0.0,2.3048847986411425,1.3939071354770032,19.154676258992804,75.60782311213966,0.43896321070233546,0.0
2476,1787031108,2026-08-18T05:31:48+00:00,INTWUSDT,SHORT,ema_cross_confirmed,ttl_expired,,23.93,23.93,23.93,,,0.0,0.0,,23.93,0.0,,,,,,,,,,ok,1787025600,2026-08-18T04:00:00+00:00,-0.0,-0.8779264214046709,1.3491414554374563,1.854193004635488,2.7199320016999597,6.884827879303006,0.0,2.3048847986411425,1.3939071354770032,19.154676258992804,75.60782311213966,0.43896321070233546,0.0
2426,1787031109,2026-08-18T05:31:49+00:00,CHILLGUYUSDT,SHORT,ema_cross,sl,sl,0.010714,0.011025379310344828,0.010091241379310344,0.011074,-1.1561461794019932,2.9062843974689985,5.812568794937981,1.9999999999999944,0.010714,0.0,1787031110.014,1.0139999389648438,0.153,,,,,,,ok,1787025600,2026-08-18T04:00:00+00:00,-0.0,-0.12214601146294145,1.1686143572620977,0.8653936600507955,1.570333932456716,3.348784410178792,0.0,0.48743511942106255,0.6420668752926102,-79.47556633794386,-138.06153848209476,0.061073005731470724,0.0
2477,1787031110,2026-08-18T05:31:50+00:00,CHILLGUYUSDT,SHORT,ema_cross_confirmed,ttl_expired,,0.010714,0.010714,0.010714,,,0.0,0.0,,0.010714,0.0,,,,,,,,,,ok,1787025600,2026-08-18T04:00:00+00:00,-0.0,-0.12214601146294145,1.1686143572620977,0.8653936600507955,1.570333932456716,3.348784410178792,0.0,0.48743511942106255,0.6420668752926102,-79.47556633794386,-138.06153848209476,0.061073005731470724,0.0
2427,1787031113,2026-08-18T05:31:53+00:00,LINEAUSDT,SHORT,ema_cross,sl,sl,0.002093,0.002122965517241379,0.002033068965517241,0.002139,-1.5350978135788251,1.4317017315518088,2.8634034631036176,2.0,0.002093,0.0,1787031114.462,1.4619998931884766,0.204,,,,,,,ok,1787025600,2026-08-18T04:00:00+00:00,-0.0,-0.5293551491819134,1.6941176470588237,0.6262042389210015,1.2603005332040709,3.8293746970431233,0.0,1.1448609067123925,2.0737824188992553,-54.05620662191376,-26.318716282677084,0.2646775745909567,0.0
2478,1787031114,2026-08-18T05:31:54+00:00,LINEAUSDT,SHORT,ema_cross_confirmed,ttl_expired,,0.002093,0.002093,0.002093,,,0.0,0.0,,0.002093,0.0,1787031153.54,39.53999996185303,,,,6.1,1,0,2.0,ok,1787025600,2026-08-18T04:00:00+00:00,-0.0,-0.5293551491819134,1.6941176470588237,0.6262042389210015,1.2603005332040709,3.8293746970431233,0.0,1.1448609067123925,2.0737824188992553,-54.05620662191376,-26.318716282677084,0.2646775745909567,0.0
2428,1787031137,2026-08-18T05:32:17+00:00,GUAUSDT,LONG,ema_cross,tp,tp,0.04281,0.041028620689655175,0.04637275862068966,0.04637275862068966,2.000000000000004,4.161128966000527,8.322257932001072,2.000000000000004,0.04281,0.0,1787031138.24,1.2400000095367432,0.214,,,,,,,ok,1787025600,2026-08-18T04:00:00+00:00,0.0,-2.4713958810068752,-4.181654676258994,3.2052792835258073,6.19844449681829,6.811218477492333,0.0,2.0100563250434265,1.4318773762835673,6.442782748030444,22.092948879696827,1.2356979405034376,0.0
2479,1787031138,2026-08-18T05:32:18+00:00,GUAUSDT,LONG,ema_cross_confirmed,ttl_expired,,0.04281,0.04281,0.04281,,,0.0,0.0,,0.04281,0.0,,,,,,,,,,ok,1787025600,2026-08-18T04:00:00+00:00,0.0,-2.4713958810068752,-4.181654676258994,3.2052792835258073,6.19844449681829,6.811218477492333,0.0,2.0100563250434265,1.4318773762835673,6.442782748030444,22.092948879696827,1.2356979405034376,0.0
2429,1787031153,2026-08-18T05:32:33+00:00,LINEAUSDT,SHORT,ema_cross_confirmed,sl,sl,0.002084,0.0021439310344827586,0.0019641379310344825,0.002145,-1.0178365937859641,2.8757694089615504,5.751538817923101,2.0,0.002084,0.0,1787031153.54,0.5399999618530273,,,,6.1,1,0,2.0,ok,1787025600,2026-08-18T04:00:00+00:00,-0.0,-0.5293551491819134,1.6941176470588237,0.6262042389210015,1.2603005332040709,3.8293746970431233,0.0,1.1448609067123925,2.0737824188992553,-54.05620662191376,-26.318716282677084,0.2646775745909567,0.0
2430,1787031168,2026-08-18T05:32:48+00:00,CRWVUSDT,SHORT,ema_cross,tp,tp,103.9,106.05758620689656,99.5848275862069,99.29,2.136646955409939,2.0765988516809943,4.153197703361989,2.0,103.9,0.0,1787031168.469,0.46900010108947754,0.179,,,,,,,ok,1787025600,2026-08-18T04:00:00+00:00,-0.0,-0.5103514684641322,-0.038336208548966876,0.9168999131358004,1.9103313840156024,2.9239766081871346,0.0,1.132252715624105,0.9772501068803937,7.065366301586949,51.173128526035015,0.2551757342320661,0.0
2480,1787031168,2026-08-18T05:32:48+00:00,CRWVUSDT,SHORT,ema_cross_confirmed,ttl_expired,,103.9,103.9,103.9,,,0.0,0.0,,103.9,0.0,1787031214.992,46.992000102996826,,,,3.7,1,0,2.0,ok,1787025600,2026-08-18T04:00:00+00:00,-0.0,-0.5103514684641322,-0.038336208548966876,0.9168999131358004,1.9103313840156024,2.9239766081871346,0.0,1.132252715624105,0.9772501068803937,7.065366301586949,51.173128526035015,0.2551757342320661,0.0
2431,1787031176,2026-08-18T05:32:56+00:00,SQQQUSDT,LONG,ema_cross,tp,tp,37.25,36.86379310344827,38.022413793103446,38.022413793103446,1.9999999999999816,1.0367970377227562,2.0735940754454933,1.9999999999999816,37.25,0.0,1787031177.313,1.312999963760376,0.199,,,,,,,ok,1787025600,2026-08-18T04:00:00+00:00,0.0,-0.08084074373484543,0.9254218835057058,0.6756756756756757,0.837837837837844,2.6127612761276207,0.0,0.5171579443051263,0.6978968276673833,-35.8835721366135,-9.519935772977142,0.040420371867422714,0.0
2432,1787031177,2026-08-18T05:32:57+00:00,NOTUSDT,SHORT,ema_cross,sl,sl,0.0003768,0.0003867586206896552,0.00035688275862068964,0.0003903,-1.3556094182825478,2.6429460429021177,5.285892085804235,2.0,0.0003768,0.0,1787031178.346,1.3459999561309814,0.189,,,,,,,ok,1787025600,2026-08-18T04:00:00+00:00,-0.0,-0.1331203407880612,0.2916224814422128,0.3731343283582036,0.4264392324093776,1.2793176972281473,0.0,0.3536879621804849,0.04408539260125749,-93.77496980395802,-1067.3909299037086,0.0665601703940306,0.0
2484,1787031177,2026-08-18T05:32:57+00:00,SQQQUSDT,LONG,ema_cross_confirmed,ttl_expired,,37.25,37.25,37.25,,,0.0,0.0,,37.25,0.0,,,,,,,,,,ok,1787025600,2026-08-18T04:00:00+00:00,0.0,-0.08084074373484543,0.9254218835057058,0.6756756756756757,0.837837837837844,2.6127612761276207,0.0,0.5171579443051263,0.6978968276673833,-35.8835721366135,-9.519935772977142,0.040420371867422714,0.0
2485,1787031178,2026-08-18T05:32:58+00:00,NOTUSDT,SHORT,ema_cross_confirmed,ttl_expired,,0.0003768,0.0003768,0.0003768,,,0.0,0.0,,0.0003768,0.0,,,,,,,,,,ok,1787025600,2026-08-18T04:00:00+00:00,-0.0,-0.1331203407880612,0.2916224814422128,0.3731343283582036,0.4264392324093776,1.2793176972281473,0.0,0.3536879621804849,0.04408539260125749,-93.77496980395802,-1067.3909299037086,0.0665601703940306,0.0
2433,1787031201,2026-08-18T05:33:21+00:00,BLURUSDT,SHORT,ema_cross,sl,sl,0.0129,0.013050689655172414,0.012598620689655173,0.01306,-1.061784897025176,1.1681368618016557,2.3362737236033113,2.0,0.0129,0.0,1787031201.564,0.5639998912811279,0.23,,,,,,,ok,1787025600,2026-08-18T04:00:00+00:00,-0.0,-0.46801872074883794,0.6939090208172691,0.5464480874316988,0.8613938919342266,2.509803921568634,0.0,0.9543435999834194,0.708224014961942,-67.77025943489552,-85.58160778093027,0.23400936037441897,0.0
2486,1787031201,2026-08-18T05:33:21+00:00,BLURUSDT,SHORT,ema_cross_confirmed,ttl_expired,,0.0129,0.0129,0.0129,,,0.0,0.0,,0.0129,0.0,,,,,,,,,,ok,1787025600,2026-08-18T04:00:00+00:00,-0.0,-0.46801872074883794,0.6939090208172691,0.5464480874316988,0.8613938919342266,2.509803921568634,0.0,0.9543435999834194,0.708224014961942,-67.77025943489552,-85.58160778093027,0.23400936037441897,0.0
2434,1787031214,2026-08-18T05:33:34+00:00,CRWVUSDT,SHORT,ema_cross_confirmed,tp,tp,103.75,108.0651724137931,95.11965517241379,94.48,2.1482339779446993,4.1592023265475735,8.318404653095147,2.0,103.75,0.0,1787031214.992,0.9920001029968262,,,,3.7,1,0,2.0,ok,1787025600,2026-08-18T04:00:00+00:00,-0.0,-0.5103514684641322,-0.038336208548966876,0.9168999131358004,1.9103313840156024,2.9239766081871346,0.0,1.132252715624105,0.9772501068803937,7.065366301586949,51.173128526035015,0.2551757342320661,0.0
2435,1787031218,2026-08-18T05:33:38+00:00,MANTAUSDT,SHORT,ema_cross,sl,sl,0.05612,0.05696793103448276,0.05442413793103448,0.05739,-1.4977633184221124,1.510924865436137,3.021849730872274,2.0,0.05612,0.0,1787031218.858,0.8580000400543213,0.197,,,,,,,ok,1787025600,2026-08-18T04:00:00+00:00,-0.0,-0.5924596050269371,0.19593872461702702,0.28632784538296424,0.9911695801045268,2.1084880158587214,0.0,0.7458876931807251,0.05086055808595862,-94.07678844891709,-243.54013209090363,0.29622980251346853,0.0
2487,1787031218,2026-08-18T05:33:38+00:00,MANTAUSDT,SHORT,ema_cross_confirmed,ttl_expired,,0.05612,0.05612,0.05612,,,0.0,0.0,,0.05612,0.0,,,,,,,,,,ok,1787025600,2026-08-18T04:00:00+00:00,-0.0,-0.5924596050269371,0.19593872461702702,0.28632784538296424,0.9911695801045268,2.1084880158587214,0.0,0.7458876931807251,0.05086055808595862,-94.07678844891709,-243.54013209090363,0.29622980251346853,0.0
2436,1787031232,2026-08-18T05:33:52+00:00,JUSUNGUSDT,LONG,ema_cross,sl,sl,130.8,127.32344827586208,137.75310344827588,127.32344827586208,-1.0,2.657914162184965,5.31582832436993,2.0,130.8,0.0,1787031232.948,0.9479999542236328,0.45,,,,,,,ok,1787025600,2026-08-18T04:00:00+00:00,0.0,-0.10658545869812437,-1.9796802629613068,1.0370256567829115,2.0086862106406107,5.956258724988372,0.0,1.5654357252772582,0.7341152502086842,-2.809620139357159,56.785330364684256,0.053292729349062186,0.0
2488,1787031232,2026-08-18T05:33:52+00:00,JUSUNGUSDT,LONG,ema_cross_confirmed,ttl_expired,,130.8,130.8,130.8,,,0.0,0.0,,130.8,0.0,,,,,,,,,,ok,1787025600,2026-08-18T04:00:00+00:00,0.0,-0.10658545869812437,-1.9796802629613068,1.0370256567829115,2.0086862106406107,5.956258724988372,0.0,1.5654357252772582,0.7341152502086842,-2.809620139357159,56.785330364684256,0.053292729349062186,0.0
2437,1787031277,2026-08-18T05:34:37+00:00,INTCUSDT,SHORT,ema_cross,tp,tp,101.41,102.8503448275862,98.52931034482758,98.52931034482758,2.0000000000000098,1.4203183390062144,2.8406366780124426,2.0000000000000098,101.41,0.0,1787031278.344,1.3440001010894775,0.201,,,,,,,ok,1787025600,2026-08-18T04:00:00+00:00,-0.0,-0.4730928444707313,0.6432748538011663,0.8300395256917029,1.4213298876851275,3.279992048504122,0.0,1.1325053530825715,0.7780779757263871,-27.515044479330193,-5.521014323961161,0.23654642223536565,0.0
2490,1787031278,2026-08-18T05:34:38+00:00,INTCUSDT,SHORT,ema_cross_confirmed,ttl_expired,,101.41,101.41,101.41,,,0.0,0.0,,101.41,0.0,,,,,,,,,,ok,1787025600,2026-08-18T04:00:00+00:00,-0.0,-0.4730928444707313,0.6432748538011663,0.8300395256917029,1.4213298876851275,3.279992048504122,0.0,1.1325053530825715,0.7780779757263871,-27.515044479330193,-5.521014323961161,0.23654642223536565,0.0
2438,1787031280,2026-08-18T05:34:40+00:00,BSVUSDT,SHORT,ema_cross,sl,sl,14.88,15.152758620689657,14.334482758620691,15.26,-1.3931731984829265,1.8330552465702667,3.6661104931405215,1.9999999999999936,14.88,0.0,1787031280.669,0.6689999103546143,0.196,,,,,,,ok,1787025600,2026-08-18T04:00:00+00:00,-0.0,-0.2021563342318016,1.2616201859229832,0.8108108108108055,1.4864864864864789,2.635135135135127,0.0,0.558327913471381,0.9957031418494076,-85.28564928136572,-610.2776814469006,0.1010781671159008,0.0
2491,1787031280,2026-08-18T05:34:40+00:00,BSVUSDT,SHORT,ema_cross_confirmed,ttl_expired,,14.88,14.88,14.88,,,0.0,0.0,,14.88,0.0,,,,,,,,,,ok,1787025600,2026-08-18T04:00:00+00:00,-0.0,-0.2021563342318016,1.2616201859229832,0.8108108108108055,1.4864864864864789,2.635135135135127,0.0,0.558327913471381,0.9957031418494076,-85.28564928136572,-610.2776814469006,0.1010781671159008,0.0
2439,1787031308,2026-08-18T05:35:08+00:00,TQQQXUSDT,SHORT,ema_cross,tp,tp,74.73,75.44275862068966,73.3044827586207,73.29,2.020319303338168,0.9537784299339692,1.9075568598679384,2.0,74.73,0.0,1787031308.492,0.49200010299682617,0.204,,,,,,,ok,1787025600,2026-08-18T04:00:00+00:00,-0.0,-0.29380341880341726,0.7926023778071447,0.7498660953401017,0.8849557522123849,2.5341914722445704,0.0,0.643585224346664,0.22024965387815013,-71.44648974512788,-49.251611462087254,0.14690170940170863,0.0
2496,1787031308,2026-08-18T05:35:08+00:00,TQQQXUSDT,SHORT,ema_cross_confirmed,ttl_expired,,74.73,74.73,74.73,,,0.0,0.0,,74.73,0.0,,,,,,,,,,ok,1787025600,2026-08-18T04:00:00+00:00,-0.0,-0.29380341880341726,0.7926023778071447,0.7498660953401017,0.8849557522123849,2.5341914722445704,0.0,0.643585224346664,0.22024965387815013,-71.44648974512788,-49.251611462087254,0.14690170940170863,0.0
2440,1787031343,2026-08-18T05:35:43+00:00,COWUSDT,SHORT,ema_cross,sl,sl,0.1051,0.11308620689655172,0.08912758620689655,0.11308620689655172,-1.0,7.598674497194784,15.197348994389582,2.0000000000000018,0.1051,0.0,1787031344.161,1.1610000133514404,0.21,,,,,,,ok,1787025600,2026-08-18T04:00:00+00:00,-0.0,1.121495327102797,6.701940035273364,1.8043684710351364,4.368471035137695,8.641975308641973,0.0,1.344693293688007,0.8691252289054796,-10.948433133963006,46.73372619681645,-0.5607476635513985,0.0
2497,1787031344,2026-08-18T05:35:44+00:00,COWUSDT,SHORT,ema_cross_confirmed,ttl_expired,,0.1051,0.1051,0.1051,,,0.0,0.0,,0.1051,0.0,,,,,,,,,,ok,1787025600,2026-08-18T04:00:00+00:00,-0.0,1.121495327102797,6.701940035273364,1.8043684710351364,4.368471035137695,8.641975308641973,0.0,1.344693293688007,0.8691252289054796,-10.948433133963006,46.73372619681645,-0.5607476635513985,0.0
2441,1787031355,2026-08-18T05:35:55+00:00,EIGENUSDT,SHORT,ema_cross,sl,sl,0.1677,0.17084137931034482,0.16141724137931032,0.1709,-1.0186608122941831,1.8732136615055652,3.7464273230111305,2.0,0.1677,0.0,1787031355.578,0.5780000686645508,0.162,,,,,,,ok,1787025600,2026-08-18T04:00:00+00:00,-0.0,-0.1798561151079105,1.0071090047393407,0.720720720720708,1.821493624772298,4.4930176077717,0.0,1.5069048602029724,0.854084206004846,-75.98501865197751,-116.20444431821585,0.08992805755395525,0.0
2498,1787031355,2026-08-18T05:35:55+00:00,EIGENUSDT,SHORT,ema_cross_confirmed,ttl_expired,,0.1677,0.1677,0.1677,,,0.0,0.0,,0.1677,0.0,,,,,,,,,,ok,1787025600,2026-08-18T04:00:00+00:00,-0.0,-0.1798561151079105,1.0071090047393407,0.720720720720708,1.821493624772298,4.4930176077717,0.0,1.5069048602029724,0.854084206004846,-75.98501865197751,-116.20444431821585,0.08992805755395525,0.0
2446,1787031929,2026-08-18T05:45:29+00:00,SOPHUSDT,SHORT,ema_cross_confirmed,sl,sl,0.003368,0.0036286896551724138,0.002846620689655172,0.003631,-1.0088624338624343,7.740191661888773,15.480383323777547,2.0,0.003368,0.0,1787031930.309,1.309000015258789,,,,4.1,1,135,2.0,ok,1787025600,2026-08-18T04:00:00+00:00,-0.0,-0.38655961938745137,0.20691693762932492,1.4218009478672946,1.813856675587269,3.371121718377096,0.0,0.39841937789612597,0.9003460715214479,-13.949219944937289,13.008661855978813,0.19327980969372568,0.0
2447,1787031935,2026-08-18T05:45:35+00:00,SQQQUSDT,LONG,ema_cross_confirmed,tp,tp,37.24,36.66068965517241,38.39862068965518,38.4,2.0023809523809333,1.55561317085819,3.11122634171638,2.0,37.24,0.0,1787031936.062,1.062000036239624,,,,1.9,1,12,2.0,ok,1787025600,2026-08-18T04:00:00+00:00,0.0,-0.08084074373484543,0.9254218835057058,0.6756756756756757,0.837837837837844,2.6127612761276207,0.0,0.5171579443051263,0.6978968276673833,-35.8835721366135,-9.519935772977142,0.040420371867422714,0.0
2448,1787031940,2026-08-18T05:45:40+00:00,TQQQXUSDT,SHORT,ema_cross_confirmed,tp,tp,74.67,76.53675,70.93650000000001,70.93650000000001,2.0,2.499999999999995,4.99999999999999,2.0,74.67,0.0,1787031941.187,1.187000036239624,,,,2.1,1,10,2.0,ok,1787025600,2026-08-18T04:00:00+00:00,-0.0,-0.29380341880341726,0.7926023778071447,0.7498660953401017,0.8849557522123849,2.5341914722445704,0.0,0.643585224346664,0.22024965387815013,-71.44648974512788,-49.251611462087254,0.14690170940170863,0.0
2454,1787033484,2026-08-18T06:11:24+00:00,KATUSDT,SHORT,ema_cross,sl,sl,0.0042,0.0042641379310344825,0.004071724137931034,0.00427,-1.091397849462376,1.5270935960591123,3.0541871921182246,2.0,0.0042,0.0,1787033485.48,1.4800000190734863,0.252,,,,,,,ok,1787029200,2026-08-18T05:00:00+00:00,-0.0,1.1764705882353073,0.47393364928910076,1.9138755980861295,1.9138755980861295,2.392344497607662,0.0,1.2148132777867857,10.175194644755365,13.760407030527288,-13935.33706589366,-0.5882352941176536,0.0
2457,1787034682,2026-08-18T06:31:22+00:00,NOTUSDT,SHORT,ema_cross_confirmed,sl,sl,0.0003755,0.0003954172413793104,0.0003356655172413793,0.0003961,-1.034279778393349,5.304192111667206,10.608384223334411,2.0,0.0003755,0.0,1787034683.297,1.2969999313354492,,,,2.7,1,58,2.0,ok,1787029200,2026-08-18T05:00:00+00:00,-0.0,0.39883009837808625,0.7682119205298056,0.7756084514576134,0.7756084514576134,1.283765712757424,0.0,0.3418803419559397,0.172489586243876,192.4129353233831,286.1879051273411,-0.19941504918904313,0.0
2459,1787035525,2026-08-18T06:45:25+00:00,BSVUSDT,SHORT,ema_cross_confirmed,sl,sl,14.85,15.39551724137931,13.75896551724138,15.87,-1.8697850821744642,3.673516776965048,7.347033553930096,2.0,14.85,0.0,1787035526.355,1.3550000190734863,,,,6.3,1,70,2.0,ok,1787029200,2026-08-18T05:00:00+00:00,-0.0,0.20174848688634409,0.8684034736138997,0.47265361242403975,0.8108108108108055,1.9594594594594537,0.0,0.5425495815232441,0.8941289752370778,-15.214203833542161,70.07144544782356,-0.10087424344317204,0.0
2460,1787044201,2026-08-18T09:10:01+00:00,GUAUSDT,LONG,ema_cross_confirmed,sl,sl,0.04353,0.04085793103448276,0.048874137931034484,0.04072,-1.0516195638146855,6.138453860595548,12.276907721191096,2.0,0.04353,0.0,1787044201.522,0.5220000743865967,,,,2.6,1,217,2.0,ok,1787040000,2026-08-18T08:00:00+00:00,0.0,1.4212488350419372,1.5869311551925323,1.701631701631705,2.9252182118424277,3.0711079612567977,0.0,0.7873579769144098,2.5739043789256417,51.694630872483216,-30.875441114038466,-0.7106244175209686,0.0
2466,1787044814,2026-08-18T09:20:14+00:00,VVVUSDT,LONG,overheated_confirmed,tp,tp,14.083,13.598767857142859,15.051464285714284,15.231,2.370763727550988,3.4384161248110603,6.876832249622121,2.0,14.083,0.0,1787044814.876,0.875999927520752,,,,2.7,1,0,2.0,ok,1787040000,2026-08-18T08:00:00+00:00,0.0,1.505827843335989,4.136957813428404,2.1149792862853434,2.885178676039837,5.2986584726073644,0.0,0.7024670273659555,2.071561840829708,165.45762356360584,218.10387695123583,-0.7529139216679945,0.0
2473,1787045459,2026-08-18T09:30:59+00:00,CHILLGUYUSDT,SHORT,ema_cross_confirmed,sl,sl,0.010611,0.011233758620689656,0.00936548275862069,0.011242,-1.0132336655592462,5.868990865042457,11.737981730084915,2.0,0.010611,0.0,1787045459.895,0.8949999809265137,,,,1.7,1,239,2.0,ok,1787040000,2026-08-18T08:00:00+00:00,-0.0,0.20576131687242283,1.0754681995178916,0.7422719158132194,1.3720514989192774,1.5506061460389082,0.0,0.20661426376137446,0.728057759846206,-10.20257826887661,-1.2539448777861182,-0.10288065843621141,0.0
2481,1787045578,2026-08-18T09:32:58+00:00,BSBUSDT,SHORT,ema_cross,sl,sl,0.1197,0.12531103448275863,0.10847793103448276,0.12531103448275863,-1.0,4.687581021519319,9.375162043038628,1.9999999999999976,0.1197,0.0,1787045578.653,0.6530001163482666,0.32,,,,,,,ok,1787040000,2026-08-18T08:00:00+00:00,-0.0,-1.5179782903663501,-2.6320301783264775,1.6711910417373597,2.655246252676652,2.9373872713218177,0.0,0.5548456437864996,0.23092606016672707,-21.306160259379343,-27.608474390349308,0.7589891451831751,0.0
2539,1787045578,2026-08-18T09:32:58+00:00,BSBUSDT,SHORT,ema_cross_confirmed,ttl_expired,,0.1197,0.1197,0.1197,,,0.0,0.0,,0.1197,0.0,,,,,,,,,,ok,1787040000,2026-08-18T08:00:00+00:00,-0.0,-1.5179782903663501,-2.6320301783264775,1.6711910417373597,2.655246252676652,2.9373872713218177,0.0,0.5548456437864996,0.23092606016672707,-21.306160259379343,-27.608474390349308,0.7589891451831751,0.0
2482,1787045584,2026-08-18T09:33:04+00:00,WUSDT,SHORT,ema_cross,sl,sl,0.008118,0.008256655172413793,0.007840689655172414,0.008269,-1.0890325789604591,1.7079967037914878,3.4159934075829756,2.0,0.008118,0.0,1787045584.963,0.9630000591278076,0.231,,,,,,,ok,1787040000,2026-08-18T08:00:00+00:00,-0.0,-0.20930805220388637,-0.6430072956597003,0.8030639980232157,1.0007412898443226,1.1623593421540785,0.0,0.8296639264407317,0.2822685976641819,-52.83456600614011,-126.33627218090386,0.10465402610194319,0.0
2540,1787045584,2026-08-18T09:33:04+00:00,WUSDT,SHORT,ema_cross_confirmed,ttl_expired,,0.008118,0.008118,0.008118,,,0.0,0.0,,0.008118,0.0,,,,,,,,,,ok,1787040000,2026-08-18T08:00:00+00:00,-0.0,-0.20930805220388637,-0.6430072956597003,0.8030639980232157,1.0007412898443226,1.1623593421540785,0.0,0.8296639264407317,0.2822685976641819,-52.83456600614011,-126.33627218090386,0.10465402610194319,0.0
2483,1787045605,2026-08-18T09:33:25+00:00,GFSUSDT,SHORT,ema_cross,tp,tp,52.01,52.69,50.65,50.65,2.0,1.3074408767544698,2.6148817535089397,2.0,52.01,0.0,1787045605.648,0.6480000019073486,0.282,,,,,,,ok,1787040000,2026-08-18T08:00:00+00:00,-0.0,1.4775525667740124,1.3654466148302653,3.1268207418916285,3.1268207418916285,4.292095552534474,0.0,0.8930637620914332,1.2835158104279916,34825.0,34880.555555555555,-0.7387762833870062,0.0
2541,1787045605,2026-08-18T09:33:25+00:00,GFSUSDT,SHORT,ema_cross_confirmed,ttl_expired,,52.01,52.01,52.01,,,0.0,0.0,,52.01,0.0,,,,,,,,,,ok,1787040000,2026-08-18T08:00:00+00:00,-0.0,1.4775525667740124,1.3654466148302653,3.1268207418916285,3.1268207418916285,4.292095552534474,0.0,0.8930637620914332,1.2835158104279916,34825.0,34880.555555555555,-0.7387762833870062,0.0
2489,1787045664,2026-08-18T09:34:24+00:00,BIRBUSDT,SHORT,ema_cross,sl,sl,0.05044,0.05180655172413793,0.04770689655172414,0.05194,-1.0976532929598801,2.7092619431759135,5.418523886351827,2.0,0.05044,0.0,1787045664.741,0.7409999370574951,0.272,,,,,,,ok,1787040000,2026-08-18T08:00:00+00:00,-0.0,-0.9974067424695799,-0.8565737051792826,1.3391964821107414,1.3594562175129947,1.9192323070771602,0.0,0.6268325520066692,1.0948660110078499,850.375939849624,908.2540079414689,0.49870337123478997,0.0
2542,1787045664,2026-08-18T09:34:24+00:00,BIRBUSDT,SHORT,ema_cross_confirmed,ttl_expired,,0.05044,0.05044,0.05044,,,0.0,0.0,,0.05044,0.0,,,,,,,,,,ok,1787040000,2026-08-18T08:00:00+00:00,-0.0,-0.9974067424695799,-0.8565737051792826,1.3391964821107414,1.3594562175129947,1.9192323070771602,0.0,0.6268325520066692,1.0948660110078499,850.375939849624,908.2540079414689,0.49870337123478997,0.0
2492,1787045703,2026-08-18T09:35:03+00:00,JPN225USDT,SHORT,ema_cross,tp,tp,420.88,427.2679310344828,408.1041379310345,408.1041379310345,1.9999999999999911,1.5177559006089123,3.035511801217811,1.9999999999999911,420.88,0.0,1787045704.369,1.36899995803833,0.2,,,,,,,ok,1787040000,2026-08-18T08:00:00+00:00,-0.0,0.4588240858994366,0.3173700914215413,0.3041246911233676,0.9622695305075109,1.1143318760691878,0.0,0.3085521062824172,0.03898305084745763,-97.35935706084959,-364.86990558405637,-0.2294120429497183,0.0
2543,1787045704,2026-08-18T09:35:04+00:00,JPN225USDT,SHORT,ema_cross_confirmed,ttl_expired,,420.88,420.88,420.88,,,0.0,0.0,,420.88,0.0,,,,,,,,,,ok,1787040000,2026-08-18T08:00:00+00:00,-0.0,0.4588240858994366,0.3173700914215413,0.3041246911233676,0.9622695305075109,1.1143318760691878,0.0,0.3085521062824172,0.03898305084745763,-97.35935706084959,-364.86990558405637,-0.2294120429497183,0.0
2493,1787045710,2026-08-18T09:35:10+00:00,ARCUSDT,SHORT,ema_cross,tp,tp,0.07073,0.07398068965517242,0.06422862068965518,0.06422862068965518,1.9999999999999958,4.5959135517777705,9.191827103555521,1.9999999999999958,0.07073,0.0,1787045710.661,0.6610000133514404,0.622,,,,,,,ok,1787040000,2026-08-18T08:00:00+00:00,-0.0,-1.3027916964924955,2.7353951890034254,6.155890168290534,9.610274579273698,10.200767640980219,0.0,4.16658854289675,2.8747515407598163,11.08320129845036,-20.572865860033488,0.6513958482462477,0.0
2544,1787045710,2026-08-18T09:35:10+00:00,ARCUSDT,SHORT,ema_cross_confirmed,ttl_expired,,0.07073,0.07073,0.07073,,,0.0,0.0,,0.07073,0.0,,,,,,,,,,ok,1787040000,2026-08-18T08:00:00+00:00,-0.0,-1.3027916964924955,2.7353951890034254,6.155890168290534,9.610274579273698,10.200767640980219,0.0,4.16658854289675,2.8747515407598163,11.08320129845036,-20.572865860033488,0.6513958482462477,0.0
2494,1787045719,2026-08-18T09:35:19+00:00,TACUSDT,SHORT,ema_cross,tp,tp,0.002627,0.002720551724137931,0.002439896551724138,0.002419,2.223368964246223,3.5611619390152613,7.122323878030523,2.0,0.002627,0.0,1787045719.509,0.5090000629425049,0.318,,,,,,,ok,1787040000,2026-08-18T08:00:00+00:00,-0.0,0.37907505686125953,1.1286681715575648,1.0691103474608725,1.7945780832378835,2.794793261868289,0.0,0.11265103788591543,1.1226487755254557,41.163542637532075,16.94502713648152,-0.18953752843062976,0.0
2545,1787045719,2026-08-18T09:35:19+00:00,TACUSDT,SHORT,ema_cross_confirmed,ttl_expired,,0.002627,0.002627,0.002627,,,0.0,0.0,,0.002627,0.0,,,,,,,,,,ok,1787040000,2026-08-18T08:00:00+00:00,-0.0,0.37907505686125953,1.1286681715575648,1.0691103474608725,1.7945780832378835,2.794793261868289,0.0,0.11265103788591543,1.1226487755254557,41.163542637532075,16.94502713648152,-0.18953752843062976,0.0
2495,1787045727,2026-08-18T09:35:27+00:00,INUSDT,SHORT,ema_cross,sl,sl,0.03095,0.03151724137931034,0.02981551724137931,0.03156,-1.0753799392097287,1.8327669767700911,3.6655339535401934,2.000000000000006,0.03095,0.0,1787045728.372,1.371999979019165,0.306,,,,,,,ok,1787040000,2026-08-18T08:00:00+00:00,-0.0,-0.5524861878453039,-0.0,0.7817589576547138,0.9771986970683979,1.563517915309439,0.0,0.48392268822578083,1.532846715328467,114.28571428571428,110.91018685955395,0.27624309392265195,
2546,1787045728,2026-08-18T09:35:28+00:00,INUSDT,SHORT,ema_cross_confirmed,ttl_expired,,0.03095,0.03095,0.03095,,,0.0,0.0,,0.03095,0.0,,,,,,,,,,ok,1787040000,2026-08-18T08:00:00+00:00,-0.0,-0.5524861878453039,-0.0,0.7817589576547138,0.9771986970683979,1.563517915309439,0.0,0.48392268822578083,1.532846715328467,114.28571428571428,110.91018685955395,0.27624309392265195,
2499,1787045764,2026-08-18T09:36:04+00:00,WLDUSDT,SHORT,ema_cross,sl,sl,0.3224,0.33250689655172416,0.30218620689655173,0.3439,-2.127260320709651,3.134893471378456,6.269786942756912,2.0,0.3224,0.0,1787045765.306,1.305999994277954,0.798,,,,,,,ok,1787040000,2026-08-18T08:00:00+00:00,-0.0,0.5246913580247021,-0.813262433531433,1.0286783042394094,1.2157107231920246,3.721223588773268,0.0,0.8242312093380548,0.5938060221406916,-26.832048466571724,9.236288470672488,-0.26234567901235106,0.0
2547,1787045765,2026-08-18T09:36:05+00:00,WLDUSDT,SHORT,ema_cross_confirmed,ttl_expired,,0.3224,0.3224,0.3224,,,0.0,0.0,,0.3224,0.0,,,,,,,,,,ok,1787040000,2026-08-18T08:00:00+00:00,-0.0,0.5246913580247021,-0.813262433531433,1.0286783042394094,1.2157107231920246,3.721223588773268,0.0,0.8242312093380548,0.5938060221406916,-26.832048466571724,9.236288470672488,-0.26234567901235106,0.0
2500,1787045780,2026-08-18T09:36:20+00:00,IRENUSDT,SHORT,ema_cross,sl,sl,43.49,44.384827586206896,41.70034482758621,44.44,-1.061657032755297,2.0575479103400642,4.1150958206801445,2.000000000000008,43.49,0.0,1787045781.396,1.3959999084472656,0.151,,,,,,,ok,1787040000,2026-08-18T08:00:00+00:00,-0.0,1.1121198365864775,1.3583880461851967,1.6559337626495079,2.0009199632014822,2.782888684452624,0.0,0.7520478815662232,0.9115451979043194,27.453142227122378,-9.859073913555392,-0.5560599182932388,0.0
2548,1787045781,2026-08-18T09:36:21+00:00,IRENUSDT,SHORT,ema_cross_confirmed,ttl_expired,,43.49,43.49,43.49,,,0.0,0.0,,43.49,0.0,1787045825.524,44.5239999294281,,,,2.6,1,0,2.0,ok,1787040000,2026-08-18T08:00:00+00:00,-0.0,1.1121198365864775,1.3583880461851967,1.6559337626495079,2.0009199632014822,2.782888684452624,0.0,0.7520478815662232,0.9115451979043194,27.453142227122378,-9.859073913555392,-0.5560599182932388,0.0
2501,1787045791,2026-08-18T09:36:31+00:00,PENDLEUSDT,LONG,ema_cross,sl,sl,1.358,1.3366206896551724,1.4007586206896554,1.336,-1.029032258064514,1.574323294906307,3.148646589812614,2.0,1.358,0.0,1787045792.198,1.1979999542236328,0.157,,,,,,,ok,1787040000,2026-08-18T08:00:00+00:00,0.0,0.9672619047618973,2.030075187969918,1.7228464419475755,1.7228464419475755,3.427265803503439,0.0,0.515727327508941,1.3160488918442754,-69.28423316181554,-226.8962620469674,-0.48363095238094866,0.0
2549,1787045792,2026-08-18T09:36:32+00:00,PENDLEUSDT,LONG,ema_cross_confirmed,ttl_expired,,1.358,1.358,1.358,,,0.0,0.0,,1.358,0.0,,,,,,,,,,ok,1787040000,2026-08-18T08:00:00+00:00,0.0,0.9672619047618973,2.030075187969918,1.7228464419475755,1.7228464419475755,3.427265803503439,0.0,0.515727327508941,1.3160488918442754,-69.28423316181554,-226.8962620469674,-0.48363095238094866,0.0
2503,1787045825,2026-08-18T09:37:05+00:00,IRENUSDT,SHORT,ema_cross_confirmed,sl,sl,43.14,44.929655172413796,39.56068965517241,44.96,-1.0169556840077063,4.148482087190067,8.296964174380134,2.0,43.14,0.0,1787045825.524,0.5239999294281006,,,,2.6,1,0,2.0,ok,1787040000,2026-08-18T08:00:00+00:00,-0.0,1.1121198365864775,1.3583880461851967,1.6559337626495079,2.0009199632014822,2.782888684452624,0.0,0.7520478815662232,0.9115451979043194,27.453142227122378,-9.859073913555392,-0.5560599182932388,0.0
2506,1787046246,2026-08-18T09:44:06+00:00,CLOUSDT,LONG,overheated_confirmed,tp,tp,0.13592,0.13227607142857145,0.14320785714285714,0.1448,2.436930314613355,2.680936265029842,5.361872530059684,2.0,0.13592,0.0,1787046246.82,0.8199999332427979,,,,3.8,1,0,2.0,ok,1787040000,2026-08-18T08:00:00+00:00,0.0,10.598006644518279,4.242993580710825,10.87911177396635,12.095828446976038,12.095828446976038,0.0,7.524088115811736,3.50291542176588,191.7106531417818,226.6845376366333,-5.299003322259139,0.0
2507,1787047208,2026-08-18T10:00:08+00:00,GFSUSDT,SHORT,ema_cross_confirmed,tp,tp,51.28,52.64,48.56,48.54,2.0147058823529433,2.6521060842433686,5.304212168486737,2.0,51.28,0.0,1787047208.429,0.4289999008178711,,,,2.3,1,26,2.0,ok,1787043600,2026-08-18T09:00:00+00:00,-0.0,1.4035762353393517,2.768297307546456,3.971547125074092,4.919976289270899,4.919976289270899,0.0,0.8932614249521966,0.3670392892255034,-69.93557623478883,-34894.93557623479,-0.7017881176696759,0.0
2510,1787053091,2026-08-18T11:38:11+00:00,OPNUSDT,LONG,overheated_confirmed,sl,sl,0.06028,0.05790357142857143,0.06503285714285714,0.0579,-1.0015028554253083,3.9423168072803105,7.884633614560621,2.0,0.06028,0.0,1787053091.592,0.5920000076293945,,,,2.9,1,0,2.0,ok,1787047200,2026-08-18T10:00:00+00:00,0.0,0.4098360655737657,2.7074235807860187,2.5155065472088145,4.203152364273204,5.533877261440223,0.0,0.4667338020783093,1.4055404532581925,-12.96390710430548,-17.082447859554332,-0.20491803278688284,0.0
2515,1787054411,2026-08-18T12:00:11+00:00,CLOUSDT,LONG,overheated_confirmed,tp,tp,0.14133,0.13768607142857145,0.14861785714285713,0.15031,2.464373223561701,2.578312156957873,5.156624313915746,2.0,0.14133,0.0,1787054412.564,1.563999891281128,,,,2.1,1,25,2.0,ok,1787050800,2026-08-18T11:00:00+00:00,0.0,1.9108739544274687,6.135476118954649,7.077893501540282,7.172221406548231,20.962797249150718,0.0,0.7869107604381631,7.93706928382132,-6.741191481499052,-63.21127411321165,-0.9554369772137343,0.0
2518,1787055154,2026-08-18T12:12:34+00:00,IONQUSDT,SHORT,ema_cross,sl,sl,45.04,45.742758620689656,43.634482758620685,45.77,-1.0387634936211998,1.5602988914068767,3.1205977828137534,2.0,45.04,0.0,1787055155.879,1.878999948501587,0.356,,,,,,,ok,1787050800,2026-08-18T11:00:00+00:00,-0.0,-0.2454261490406056,-0.13371963449967078,0.7139669790272206,1.4382022471910125,3.018697904933535,0.0,0.44838536640759036,0.6314407039355602,-3.4150261149055847,34.93027980533221,0.1227130745203028,0.0
2519,1787055156,2026-08-18T12:12:36+00:00,KORUUSDT,SHORT,ema_cross,tp,tp,20.205,20.97513793103448,18.66472413793103,18.66472413793103,2.0,3.811620544590366,7.623241089180732,2.0,20.205,0.0,1787055157.03,1.0299999713897705,0.703,,,,,,,ok,1787050800,2026-08-18T11:00:00+00:00,-0.0,-0.43307282592463414,0.767263427109986,1.6648335166483452,2.7435327405012084,5.077887922314392,0.0,0.9433025898778474,0.3184919514956353,-58.548975135195924,-16.121887586295344,0.21653641296231707,0.0
2520,1787055221,2026-08-18T12:13:41+00:00,SOXLUSDT,SHORT,ema_cross,tp,tp,135.94,139.0948275862069,129.6303448275862,129.52,2.0349765001639515,2.320750026634465,4.64150005326893,2.0,135.94,0.0,1787055222.152,1.1519999504089355,0.471,,,,,,,ok,1787050800,2026-08-18T11:00:00+00:00,-0.0,0.3450807635829654,2.000000000000007,1.904550170446119,2.0709619952494003,6.465261282660338,0.0,0.733078142505935,1.2727520183987182,-36.84623380437345,-24.171398895768448,-0.1725403817914827,0.0
2521,1787055228,2026-08-18T12:13:48+00:00,SOXSUSDT,LONG,ema_cross,tp,tp,42.44,41.571379310344824,44.177241379310345,44.24,2.0722508932115935,2.04670285027138,4.09340570054276,2.0,42.44,0.0,1787055228.522,0.5220000743865967,0.326,,,,,,,ok,1787050800,2026-08-18T11:00:00+00:00,0.0,0.2596176540004707,1.6511127063890831,1.737267967634452,1.8324607329842837,5.75877409787444,0.0,0.6882698797065205,0.863812851349235,-0.35879802661085364,25.04546203807076,-0.12980882700023536,0.0
2522,1787055248,2026-08-18T12:14:08+00:00,BLUAIUSDT,LONG,ema_cross,sl,sl,0.013249,0.012628034482758621,0.014490931034482759,0.012628034482758621,-1.0,4.686885932835529,9.373771865671058,2.0,0.013249,0.0,1787055249.707,1.7070000171661377,0.156,,,,,,,ok,1787050800,2026-08-18T11:00:00+00:00,0.0,-0.9548872180451026,-0.03035592319950517,0.9954407294832897,2.112462006079031,4.679726368159205,0.0,1.5534498568434028,2.811525937922343,61.34935595350298,-235.7810245829911,0.4774436090225513,0.0
2523,1787055254,2026-08-18T12:14:14+00:00,SOXSUSDT,LONG,ema_cross_confirmed,tp,tp,42.48,41.177068965517236,45.08586206896552,45.08586206896552,2.0,3.067163452172224,6.134326904344448,2.0,42.48,0.0,1787055254.971,0.9709999561309814,,,,1.5,1,0,2.0,ok,1787050800,2026-08-18T11:00:00+00:00,0.0,0.2596176540004707,1.6511127063890831,1.737267967634452,1.8324607329842837,5.75877409787444,0.0,0.6882698797065205,0.863812851349235,-0.35879802661085364,25.04546203807076,-0.12980882700023536,0.0
2524,1787055261,2026-08-18T12:14:21+00:00,HUSDT,SHORT,ema_cross,tp,tp,0.11478,0.13083551724137932,0.08266896551724137,0.08262,2.003049762676916,13.988079143909502,27.97615828781898,1.9999999999999982,0.11478,0.0,1787055261.877,0.877000093460083,0.638,,,,,,,ok,1787050800,2026-08-18T11:00:00+00:00,-0.0,2.2258229575302755,4.87056090275473,4.126084646715068,4.276607047990084,9.580308128209666,0.0,2.8937289050307546,0.8914175215896981,8.877293597751944,-50.88712281414292,-1.1129114787651377,0.0
2525,1787055271,2026-08-18T12:14:31+00:00,POWERUSDT,LONG,ema_cross,sl,sl,0.08997,0.0870406896551724,0.09582862068965517,0.08699,-1.0173042966450836,3.2558745635518367,6.511749127103673,2.0,0.08997,0.0,1787055272.062,1.062000036239624,0.269,,,,,,,ok,1787050800,2026-08-18T11:00:00+00:00,0.0,2.1225607668606647,2.508591065292093,2.709471766848808,3.108571428571429,4.156084045255128,0.0,1.1040957005613572,0.818691297804992,409.09970958373674,468.77964713252675,-1.0612803834303324,0.0
2526,1787055307,2026-08-18T12:15:07+00:00,AMDUSDT,SHORT,ema_cross,tp,tp,489.86,495.55620689655177,478.46758620689656,478.31,2.0276651129002867,1.1628234386460943,2.3256468772921766,1.99999999999999,489.86,0.0,1787055307.722,0.7219998836517334,0.384,,,,,,,ok,1787050800,2026-08-18T11:00:00+00:00,-0.0,0.21390592213824666,0.5986565740609187,0.7529719886235767,0.7715291421087178,1.7743123772102194,0.0,0.21387750932974775,0.584998444153074,3.1455742501828823,40.054013203568054,-0.10695296106912333,0.0
2527,1787055343,2026-08-18T12:15:43+00:00,RIVERUSDT,SHORT,ema_cross,sl,sl,2.589,2.678896551724138,2.409206896551724,2.678896551724138,-1.0,3.4722499700323644,6.944499940064729,2.0,2.589,0.0,1787055343.466,0.4660000801086426,0.269,,,,,,,ok,1787050800,2026-08-18T11:00:00+00:00,-0.0,0.7285276073619681,0.42307692307692774,0.9656237929702555,0.9656237929702555,1.1218568665377144,0.0,0.6170467421138638,0.14260205652361307,-71.53392330383481,-244.92102007802833,-0.36426380368098404,0.0
2528,1787055377,2026-08-18T12:16:17+00:00,RIVERUSDT,SHORT,ema_cross_confirmed,sl,sl,2.583,2.762793103448276,2.2234137931034486,2.762793103448276,-1.0,6.960631182666504,13.921262365333009,2.0,2.583,0.0,1787055378.22,1.2200000286102295,,,,1.5,1,0,2.0,ok,1787050800,2026-08-18T11:00:00+00:00,-0.0,0.7285276073619681,0.42307692307692774,0.9656237929702555,0.9656237929702555,1.1218568665377144,0.0,0.6170467421138638,0.14260205652361307,-71.53392330383481,-244.92102007802833,-0.36426380368098404,0.0
2530,1787056661,2026-08-18T12:37:41+00:00,OUSTUSDT,SHORT,ema_cross,tp,tp,46.25,47.430689655172415,43.88862068965517,43.87,2.015771028037383,2.5528424976700865,5.105684995340173,2.0,46.25,0.0,1787056662.526,1.5260000228881836,0.437,,,,,,,ok,1787050800,2026-08-18T11:00:00+00:00,-0.0,-0.043252595155700735,-1.2918765053645638,1.7398869073510317,2.117441606636103,2.6552556506473577,0.0,0.5559877789241421,1.9214007782101168,185.76388888888889,-780.9027777777777,0.021626297577850367,0.0
2531,1787057117,2026-08-18T12:45:17+00:00,AMDUSDT,SHORT,ema_cross_confirmed,tp,tp,489.04,501.26599999999996,464.58800000000014,464.54,2.0039260592180694,2.499999999999988,4.999999999999976,2.0,489.04,0.0,1787057117.559,0.5590000152587891,,,,1.5,1,29,2.0,ok,1787050800,2026-08-18T11:00:00+00:00,-0.0,0.21390592213824666,0.5986565740609187,0.7529719886235767,0.7715291421087178,1.7743123772102194,0.0,0.21387750932974775,0.584998444153074,3.1455742501828823,40.054013203568054,-0.10695296106912333,0.0
2532,1787057358,2026-08-18T12:49:18+00:00,ACEUSDT,LONG,overheated_confirmed,open,,0.2172,0.15131250000000002,0.348975,,,30.334944751381208,60.669889502762416,2.0,0.2172,0.0,1787057359.423,1.4230000972747803,,,,2.3,1,0,2.0,ok,1787050800,2026-08-18T11:00:00+00:00,0.0,5.245720596355594,3.0270270270270236,6.700167504187594,9.10112359550563,15.337078651685404,0.0,3.95644245297098,0.7368575101087593,-26.552754564426966,-30.431710006431544,-2.622860298177797,0.0
2534,1787058912,2026-08-18T13:15:12+00:00,IONQUSDT,SHORT,ema_cross_confirmed,sl,sl,44.55,45.95551724137931,41.73896551724137,45.95551724137931,-1.0,3.154920856070291,6.309841712140582,2.0,44.55,0.0,1787058913.235,1.2349998950958252,,,,1.6,1,62,2.0,ok,1787054400,2026-08-18T12:00:00+00:00,-0.0,0.5564210994880926,-0.04478280340350006,1.1440107671601731,1.256168685509202,1.6895697229105655,0.0,0.4993234957450022,0.5956509286390976,-6.281198003327787,-2.866171888422202,-0.2782105497440463,0.0
2538,1787059813,2026-08-18T13:30:13+00:00,KORUUSDT,SHORT,ema_cross_confirmed,sl,sl,19.968,21.508275862068967,16.887448275862067,21.731,-1.1446001611892185,7.7137212643678215,15.427442528735643,2.0,19.968,0.0,1787059813.546,0.5460000038146973,,,,2.6,1,77,2.0,ok,1787054400,2026-08-18T12:00:00+00:00,-0.0,0.2726011102299748,-0.289089368489258,1.3736263736263843,1.6648335166483452,2.8474610560388554,0.0,0.35373192732190917,0.21687557039797076,-31.806362629163182,26.742612506032742,-0.1363005551149874,0.0
2552,1787060414,2026-08-18T13:40:14+00:00,PRLUSDT,LONG,overheated_confirmed,sl,sl,0.45094,0.4094039285714286,0.5340121428571428,0.36331,-2.1097325044496613,9.210997345228058,18.421994690456117,2.0,0.45094,0.0,1787060414.967,0.9670000076293945,,,,2.0,1,0,2.0,ok,1787054400,2026-08-18T12:00:00+00:00,0.0,0.07672518842803785,0.4689517681973586,2.2155361050328244,3.0209745227319704,4.006524386041492,0.0,0.5403557733948788,0.9107633104160312,30.898421691622822,58.94152011911263,-0.03836259421401893,0.0
2555,1787060706,2026-08-18T13:45:06+00:00,SOXLUSDT,SHORT,ema_cross_confirmed,tp,tp,132.4,138.7096551724138,119.78068965517244,119.65,2.0207126461908436,4.765600583394097,9.531201166788193,2.0,132.4,0.0,1787060706.945,0.9449999332427979,,,,5.8,1,91,2.0,ok,1787054400,2026-08-18T12:00:00+00:00,-0.0,0.6188757091284193,1.1215364316082694,2.0298906981931664,2.2455201130195417,3.078295784073155,0.0,0.2311929419362747,0.8542828632935324,-30.48789359004429,6.358340214329157,-0.30943785456420964,0.0
2556,1787060714,2026-08-18T13:45:14+00:00,APRUSDT,LONG,overheated_confirmed,open,,0.2185,0.14601839285714285,0.36346321428571426,,,33.172360248447205,66.34472049689441,1.9999999999999996,0.2185,0.0,1787060714.794,0.7939999103546143,,,,2.0,1,6,2.0,ok,1787054400,2026-08-18T12:00:00+00:00,0.0,4.1496598639455895,8.127342858695062,6.747404844290668,11.567123287671242,12.42338910054664,0.0,2.595371064962808,4.374986800701147,166.35009342910533,123.53107472378753,-2.0748299319727947,0.0
2566,1787062515,2026-08-18T14:15:15+00:00,RATSUSDT,LONG,overheated_confirmed,sl,sl,5.093e-05,4.8480178571428576e-05,5.5829642857142854e-05,4.698e-05,-1.6123624170857953,4.810173627668223,9.620347255336446,2.0,5.093e-05,0.0,1787062515.527,0.5269999504089355,,,,5.6,1,3,2.0,ok,1787058000,2026-08-18T13:00:00+00:00,0.0,6.065498154981551,15.03251625812906,7.093023255813952,12.950699043414286,16.670889282999752,0.0,1.3314110640164003,9.423455127743498,93.23610442411598,-166.0287604407489,-3.0327490774907755,0.0
2570,1787063407,2026-08-18T14:30:07+00:00,BLUAIUSDT,LONG,ema_cross_confirmed,sl,sl,0.01327,0.012338551724137932,0.015132896551724138,0.012175,-1.1755886272767664,7.019203284567212,14.038406569134423,2.0,0.01327,0.0,1787063408.664,1.6640000343322754,,,,3.3,1,135,2.0,ok,1787058000,2026-08-18T13:00:00+00:00,0.0,0.4031951312285982,-0.7669172932330802,0.8927890118275393,1.0701727564592531,2.7212964378535425,0.0,0.6819877216957739,0.2593298451089781,-75.74539797770288,-13.29590179895586,-0.2015975656142991,0.0
2578,1787064029,2026-08-18T14:40:29+00:00,SOXSUSDT,LONG,overheated_confirmed,ttl_expired,,44.01,44.01,44.01,,,0.0,0.0,,44.01,0.0,,,,,,,,,,ok,1787058000,2026-08-18T13:00:00+00:00,0.0,2.5040954832670264,3.3750295020061363,5.54894022386282,5.54894022386282,5.54894022386282,0.0,1.1949696711342863,3.7803913113782137,398.4478935698448,410.4809018219078,-1.2520477416335132,0.0
2575,1787064308,2026-08-18T14:45:08+00:00,HUSDT,SHORT,ema_cross_confirmed,open,,0.10989,0.14200103448275864,0.04566793103448273,,,29.221070600380962,58.442141200761924,2.0,0.10989,0.0,1787064308.99,0.9900000095367432,,,,2.4,1,150,2.0,ok,1787058000,2026-08-18T13:00:00+00:00,-0.0,1.938739376770548,5.534709193245787,2.3595607586895406,5.572193483982218,6.879027134948728,0.0,0.3864645338069005,0.5266221335361387,-25.79941286668916,0.6666890518709998,-0.969369688385274,0.0
2624,1787153961,2026-08-19T15:39:21+00:00,BTWUSDT,LONG,overheated_confirmed,sl,sl,0.673017,0.6054896785714285,0.8080716428571428,0.556231,-1.7294629422482426,10.033523882542555,20.06704776508511,2.0,0.673017,0.0,1787153962.378,1.378000020980835,,,,1.8,1,26,2.0,ok,1787148000,2026-08-19T14:00:00+00:00,0.0,0.12167791175834788,6.015047021943568,5.966586749330687,12.838125519056767,17.785160613286052,0.0,4.181459362345814,0.6471066207752983,-37.80199376671603,-29.32182869480051,-0.06083895587917394,0.0
2625,1787153963,2026-08-19T15:39:23+00:00,MUBARAKUSDT,LONG,overheated_confirmed,tp,tp,0.02235,0.021154285714285712,0.02474142857142857,0.02474142857142857,2.0,5.349952061361459,10.699904122722918,2.0,0.02235,0.0,1787153963.443,0.44300007820129395,,,,6.6,1,24,2.0,ok,1787148000,2026-08-19T14:00:00+00:00,0.0,2.6707755521314827,5.044666316342631,4.573804573804567,9.645776566757478,9.645776566757478,0.0,1.0314100510114734,4.528521470533305,50.77963023864335,43.18114182070822,-1.3353877760657413,0.0
2718,1787157940,2026-08-19T16:45:40+00:00,STARUSDT,LONG,overheated_confirmed,ttl_expired,,0.13907,0.13907,0.13907,,,0.0,0.0,,0.13907,0.0,,,,,,,,,,ok,1787151600,2026-08-19T15:00:00+00:00,0.0,0.5388228792484131,-0.7365980084572348,8.275607958732511,11.503316138540908,12.107590272660282,0.0,2.5484639698107063,1.918036602662181,109.23864467376289,98.11449117489155,-0.26941143962420655,0.0
2720,1787158044,2026-08-19T16:47:24+00:00,BIOUSDT,LONG,overheated_confirmed,ttl_expired,,0.02894,0.02894,0.02894,,,0.0,0.0,,0.02894,0.0,,,,,,,,,,ok,1787151600,2026-08-19T15:00:00+00:00,0.0,6.345651362448675,9.282700421940936,10.774410774410777,13.578826237054093,16.896960126332424,0.0,2.8558947941089468,18.57290216291346,352.48544705474256,283.21172932952516,-3.1728256812243374,0.0
2721,1787158136,2026-08-19T16:48:56+00:00,GRVTUSDT,LONG,overheated_confirmed,ttl_expired,,0.332,0.332,0.332,,,0.0,0.0,,0.332,0.0,,,,,,,,,,ok,1787151600,2026-08-19T15:00:00+00:00,0.0,6.233766233766232,10.131268933019191,9.63035019455253,11.91658391261173,15.156675749318794,0.0,2.4692966458205636,18.72581374700551,421.9072164948454,234.68481546491296,-3.116883116883116,0.0
2631,1787158146,2026-08-19T16:49:06+00:00,REUSDT,LONG,overheated_confirmed,tp,tp,0.49972,0.477145,0.54487,0.54487,1.9999999999999976,4.517529816697353,9.035059633394695,1.9999999999999976,0.49972,0.0,1787158146.846,0.8459999561309814,,,,2.3,1,0,2.0,ok,1787151600,2026-08-19T15:00:00+00:00,0.0,4.624620511766989,8.070829010657357,7.093175401143167,9.334426997890784,12.23836789683877,0.0,1.84924715817819,5.618410833474455,121.97674418604652,157.1921547395494,-2.3123102558834945,0.0
2655,1787158802,2026-08-19T17:00:02+00:00,AEROUSDT,LONG,ema_cross,sl,sl,0.4226,0.41750344827586205,0.4327931034482758,0.4175,-1.000676589986469,1.2059989882011173,2.4119979764022346,2.0,0.4226,0.0,1787158803.16,1.1600000858306885,0.384,,,,,,,ok,1787155200,2026-08-19T16:00:00+00:00,0.0,-0.3076194983435797,3.9476930668640544,1.4010923771075794,3.696545059193051,6.316571711667085,0.0,1.4334768597498333,2.0191671554252197,-79.20242997158266,-1855.4809936277304,0.15380974917178986,0.0
2724,1787158803,2026-08-19T17:00:03+00:00,AEROUSDT,LONG,ema_cross_confirmed,ttl_expired,,0.4226,0.4226,0.4226,,,0.0,0.0,,0.4226,0.0,,,,,,,,,,ok,1787155200,2026-08-19T16:00:00+00:00,0.0,-0.3076194983435797,3.9476930668640544,1.4010923771075794,3.696545059193051,6.316571711667085,0.0,1.4334768597498333,2.0191671554252197,-79.20242997158266,-1855.4809936277304,0.15380974917178986,0.0
2656,1787158815,2026-08-19T17:00:15+00:00,RESOLVUSDT,LONG,ema_cross,tp,tp,0.01759,0.017245172413793104,0.018279655172413794,0.01832,2.116999999999986,1.960361490658885,3.9207229813177507,1.99999999999999,0.01759,0.0,1787158815.43,0.43000006675720215,0.155,,,,,,,ok,1787155200,2026-08-19T16:00:00+00:00,0.0,0.2277904328018328,1.7341040462427841,0.6849315068493069,2.2948938611589074,3.7230948225712517,0.0,0.37865627308508587,2.0536681908141676,-72.04410158078971,-331.7657946812649,-0.1138952164009164,0.0
2725,1787158815,2026-08-19T17:00:15+00:00,RESOLVUSDT,LONG,ema_cross_confirmed,ttl_expired,,0.01759,0.01759,0.01759,,,0.0,0.0,,0.01759,0.0,,,,,,,,,,ok,1787155200,2026-08-19T16:00:00+00:00,0.0,0.2277904328018328,1.7341040462427841,0.6849315068493069,2.2948938611589074,3.7230948225712517,0.0,0.37865627308508587,2.0536681908141676,-72.04410158078971,-331.7657946812649,-0.1138952164009164,0.0
2657,1787158834,2026-08-19T17:00:34+00:00,AXTIUSDT,SHORT,ema_cross,tp,tp,76.37,79.60896551724139,69.89206896551725,69.89206896551725,1.9999999999999956,4.241149033968028,8.482298067936036,1.9999999999999956,76.37,0.0,1787158834.965,0.9649999141693115,1.071,,,,,,,ok,1787155200,2026-08-19T16:00:00+00:00,-0.0,0.17150395778363517,-0.8798826823090208,2.0242375815687788,2.556894243641227,21.133315083493017,0.0,0.4711229467006464,1.545529251114939,-60.426438519481366,-46.89479405921572,-0.08575197889181758,0.0
2726,1787158834,2026-08-19T17:00:34+00:00,AXTIUSDT,SHORT,ema_cross_confirmed,ttl_expired,,76.37,76.37,76.37,,,0.0,0.0,,76.37,0.0,,,,,,,,,,ok,1787155200,2026-08-19T16:00:00+00:00,-0.0,0.17150395778363517,-0.8798826823090208,2.0242375815687788,2.556894243641227,21.133315083493017,0.0,0.4711229467006464,1.545529251114939,-60.426438519481366,-46.89479405921572,-0.08575197889181758,0.0
2777,1787159700,2026-08-19T17:15:00+00:00,MUBARAKUSDT,LONG,overheated_confirmed,ttl_expired,,0.02344,0.02344,0.02344,,,0.0,0.0,,0.02344,0.0,,,,,,,,,,ok,1787155200,2026-08-19T16:00:00+00:00,0.0,6.732418524871349,27.837699024139688,9.370932754880688,26.17617617617617,37.384196185286086,0.0,6.547986853724851,8.576586703140261,-34.99538331531296,-661.7591806330181,-3.3662092624356745,0.0
2662,1787161548,2026-08-19T17:45:48+00:00,TREEUSDT,LONG,overheated_confirmed,sl,sl,0.04724,0.04546464285714285,0.05079071428571429,0.04546464285714285,-1.0,3.7581649933470533,7.516329986694107,2.0,0.04724,0.0,1787161549.467,1.4670000076293945,,,,4.7,1,0,2.0,ok,1787155200,2026-08-19T16:00:00+00:00,0.0,-4.256787850897371,19.6377228292122,13.518742442563495,19.531448943213658,37.011091652072395,0.0,9.99164922234041,3.5915330286374663,-35.98634877335509,24.681121425103207,2.1283939254486857,0.0
2664,1787162196,2026-08-19T17:56:36+00:00,TREEUSDT,LONG,overheated_confirmed,sl,sl,0.04724,0.04546464285714285,0.05079071428571429,0.045,-1.2617179641923113,3.7581649933470533,7.516329986694107,2.0,0.04724,0.0,1787162197.342,1.3420000076293945,,,,4.7,1,0,2.0,ok,1787155200,2026-08-19T16:00:00+00:00,0.0,-4.256787850897371,19.6377228292122,13.518742442563495,19.531448943213658,37.011091652072395,0.0,9.99164922234041,3.5915330286374663,-35.98634877335509,24.681121425103207,2.1283939254486857,0.0
2667,1787163034,2026-08-19T18:10:34+00:00,HEMIUSDT,LONG,overheated_early,tp,tp,0.009034,0.007604339285714286,0.011893321428571428,0.011939,2.0319506376388006,15.825334450804892,31.650668901609784,2.0,0.009034,0.0,,,,,,,,,,ok,1787158800,2026-08-19T17:00:00+00:00,0.0,4.923258559622204,-3.33913421796824,8.953102794883938,8.953102794883938,16.139088729016787,0.0,5.828321376576663,0.6418183127879408,-19.379686446420937,50.01463208628476,-2.461629279811102,0.0
2668,1787163066,2026-08-19T18:11:06+00:00,DOSUSDT,LONG,overheated_early,sl,sl,0.2738,0.25256964285714284,0.3162607142857143,0.2389,-1.6438724871730162,7.753965355316709,15.507930710633419,2.0,0.2738,0.0,,,,,,,,,,ok,1787158800,2026-08-19T17:00:00+00:00,0.0,1.1477230655312816,4.354469060351422,3.0597014925373074,6.108336534767586,7.63834762275916,0.0,1.61700596459973,0.994007778454618,-33.38257461561652,-156.44915161628902,-0.5738615327656408,0.0
2669,1787163079,2026-08-19T18:11:19+00:00,MVLLUSDT,LONG,overheated_early,tp,tp,29.82,27.83517857142857,33.78964285714286,33.84,2.0253711201079634,6.656007473411902,13.312014946823805,2.0,29.82,0.0,,,,,,,,,,ok,1787158800,2026-08-19T17:00:00+00:00,0.0,-1.4056881333769196,-0.91984231274639,2.8485254691689055,4.256032171581768,7.871012482662966,0.0,1.7264839593300885,0.817097504611959,-11.300191502280901,48.25460840956067,0.7028440666884598,0.0
2670,1787163117,2026-08-19T18:11:57+00:00,牛来USDT,LONG,overheated_early,sl,sl,0.0399,0.0389025,0.041895,0.03888,-1.0225563909774453,2.499999999999996,5.000000000000009,2.000000000000007,0.0399,0.0,,,,,,,,,,ok,1787158800,2026-08-19T17:00:00+00:00,0.0,5.698529411764701,17.89689513766844,9.934469200524232,12.499999999999993,31.790123456790138,0.0,12.36035047422205,2.863178937544219,15.801932282442882,37.997374777019985,-2.8492647058823506,0.0
2671,1787163200,2026-08-19T18:13:20+00:00,BRUSDT,LONG,overheated_early,tp,tp,0.22981,0.20537928571428568,0.27867142857142857,0.28061,2.0793497646405283,10.630831680829514,21.261663361659018,1.999999999999999,0.22981,0.0,,,,,,,,,,ok,1787158800,2026-08-19T17:00:00+00:00,0.0,3.9497633782307937,15.847659617627668,5.5018553300655055,10.028187855334197,18.20561515167069,0.0,1.791895701795354,1.213297485016524,-37.30353989985238,-26.059127424899906,-1.9748816891153969,0.0
2672,1787163216,2026-08-19T18:13:36+00:00,STARUSDT,LONG,overheated_early,sl,sl,0.13844,0.12231660714285715,0.17068678571428572,0.1206,-1.1064668682371448,11.6464842943823,23.2929685887646,2.0,0.13844,0.0,,,,,,,,,,ok,1787158800,2026-08-19T17:00:00+00:00,0.0,0.5432027232563198,-4.103343465045593,2.8879028151596717,7.530186608122938,11.503316138540908,0.0,3.3535804834382703,0.5326985601486298,-1.646514021095961,68.1643671097339,-0.2716013616281599,0.0
2674,1787163339,2026-08-19T18:15:39+00:00,MAGMAUSDT,LONG,overheated_confirmed,tp,tp,0.19852,0.18949482142857144,0.21657035714285713,0.21657035714285713,2.0,4.546231398059927,9.092462796119854,2.0,0.19852,0.0,1787163339.82,0.8199999332427979,,,,1.8,1,1,2.0,ok,1787158800,2026-08-19T17:00:00+00:00,0.0,4.013718450243823,12.261422787738576,5.45542844808978,10.120020285118613,13.4637714816535,0.0,0.5760204657717816,4.1492967904796245,170.81437313667033,140.70004075610683,-2.0068592251219113,0.0
2676,1787167198,2026-08-19T19:19:58+00:00,AEROUSDT,LONG,ema_cross_confirmed,tp,tp,0.4198,0.4121551724137931,0.43508965517241377,0.43508965517241377,2.0,1.821064217772006,3.642128435544012,2.0,0.4198,0.0,1787167199.418,1.4179999828338623,,,,1.7,1,139,2.0,ok,1787162400,2026-08-19T18:00:00+00:00,0.0,-0.11893434823977175,-0.6389020350212921,0.381224684298306,0.9585430146177819,3.696545059193051,0.0,0.09454440672750813,0.6898142367104693,-74.50039099834912,-134.96607470987618,0.05946717411988588,0.0
2680,1787167776,2026-08-19T19:29:36+00:00,TREEUSDT,LONG,overheated_early,sl,sl,0.04188,0.04010464285714285,0.04543071428571429,0.03781,-2.292496479581565,4.239152681129771,8.478305362259524,1.999999999999996,0.04188,0.0,,,,,,,,,,ok,1787162400,2026-08-19T18:00:00+00:00,0.0,-6.604590731918574,-0.7593189139438494,10.119047619047612,16.241806263656233,21.92513368983957,0.0,9.327536428122459,5.91660367861501,-18.959159496543325,-253.5367900593614,3.302295365959287,0.0
2683,1787168514,2026-08-19T19:41:54+00:00,LUNCUSDT,LONG,ema_cross,tp,tp,4.914e-05,4.8477931034482756e-05,5.0464137931034483e-05,5.0464137931034483e-05,1.9999999999999898,1.3473116921392854,2.694623384278557,1.9999999999999898,4.914e-05,0.0,1787168515.313,1.312999963760376,0.194,,,,,,,ok,1787162400,2026-08-19T18:00:00+00:00,0.0,0.1833367284579361,0.5109339873288357,0.40783034257749773,0.6747086485381422,2.4721878862793614,0.0,0.42785668694744755,0.28151551477927794,-58.898836917412766,-19.860885478930825,-0.09166836422896806,0.0
2684,1787168517,2026-08-19T19:41:57+00:00,DASHUSDT,LONG,ema_cross,tp,tp,30.8,30.453793103448277,31.49241379310345,31.49241379310345,2.0,1.1240483654276754,2.2480967308553508,2.0,30.8,0.0,1787168517.956,0.9560000896453857,0.174,,,,,,,ok,1787162400,2026-08-19T18:00:00+00:00,0.0,0.5548302872062603,-0.1296596434359893,1.215505913272002,2.00394218134034,2.8252299605781848,0.0,1.0580025063230123,1.1651741451012119,-67.78820317374036,-21.223748533765438,-0.27741514360313013,0.0
2685,1787168530,2026-08-19T19:42:10+00:00,GDXUSDT,LONG,ema_cross,sl,sl,96.72,95.18068965517242,99.79862068965517,95.18068965517242,-1.0,1.59151193633952,3.18302387267904,2.0,96.72,0.0,1787168530.727,0.7269999980926514,0.667,,,,,,,ok,1787162400,2026-08-19T18:00:00+00:00,0.0,-0.1355296080066675,-1.3389638479761017,1.1680521940439856,1.7362938019572827,2.5781332210880805,0.0,0.46477515858919954,0.6117328926613085,38.50340136054422,101.43834841046858,0.06776480400333375,0.0
2686,1787168532,2026-08-19T19:42:12+00:00,TRUMPUSDT,LONG,ema_cross,tp,tp,1.453,1.4323103448275862,1.4943793103448277,1.4943793103448277,2.0,1.4239267152383919,2.8478534304767837,2.0,1.453,0.0,1787168532.476,0.4760000705718994,0.166,,,,,,,ok,1787162400,2026-08-19T18:00:00+00:00,0.0,-0.6194081211287075,0.27777777777777807,1.042390548992349,1.042390548992349,3.237156931738215,0.0,0.6421059774245345,1.2955221487644177,-15.569079241320763,33.60058928968967,0.30970406056435373,0.0
2687,1787168537,2026-08-19T19:42:17+00:00,JUPUSDT,LONG,ema_cross,tp,tp,0.1778,0.17567241379310347,0.18205517241379313,0.1823,2.1150729335494307,1.1966176641712836,2.3932353283425827,2.000000000000013,0.1778,0.0,1787168537.532,0.5320000648498535,0.177,,,,,,,ok,1787162400,2026-08-19T18:00:00+00:00,0.0,0.6845407872218932,1.8465089440276865,1.3761467889908332,2.078521939953822,3.74707259953161,0.0,0.06265181861423487,2.446718321114624,-3.1287952929523986,32.55521007625656,-0.3422703936109466,0.0
2688,1787168542,2026-08-19T19:42:22+00:00,VETUSDT,LONG,ema_cross,tp,tp,0.004687,0.004638241379310345,0.00478451724137931,0.004794,2.1944837340876746,1.0402948728324166,2.080589745664814,1.9999999999999822,0.004687,0.0,1787168543.13,1.130000114440918,0.324,,,,,,,ok,1787162400,2026-08-19T18:00:00+00:00,0.0,-0.29876227059325916,-0.12825994014535974,0.6652360515021412,1.030042918454942,4.355438826876767,0.0,0.676247692068863,0.7333779677602101,282.24767358625627,355.99814333447125,0.14938113529662958,0.0
2689,1787168558,2026-08-19T19:42:38+00:00,TRBUSDT,LONG,ema_cross,tp,tp,13.68,13.525862068965518,13.988275862068965,13.988275862068965,2.0000000000000115,1.1267392619479673,2.2534785238959474,2.0000000000000115,13.68,0.0,1787168559.367,1.3670001029968262,0.189,,,,,,,ok,1787162400,2026-08-19T18:00:00+00:00,0.0,0.0,0.8136094674556303,0.44085231447465467,0.8856088560885551,4.087812263436784,0.0,0.2583799630843195,0.7239949275113959,-72.32180293501048,-95.85692757081495,0.0,0.0
2690,1787168563,2026-08-19T19:42:43+00:00,AMATUSDT,SHORT,ema_cross,sl,sl,495.4,502.64827586206894,480.90344827586205,502.9,-1.0347288296860133,1.4631158381245388,2.9262316762490777,2.0,495.4,0.0,1787168563.687,0.687000036239624,0.31,,,,,,,ok,1787162400,2026-08-19T18:00:00+00:00,-0.0,0.08107012565869016,-0.14218972171439948,0.9587923296613603,0.9587923296613603,1.1831905344757265,0.0,0.15757936359606525,0.6253748319718746,11.310932323710364,11.672453857819136,-0.04053506282934508,0.0
2691,1787168577,2026-08-19T19:42:57+00:00,ONDOUSDT,LONG,ema_cross,tp,tp,0.3385,0.3327931034482759,0.3499137931034483,0.3499137931034483,2.0,1.6859369429022533,3.3718738858045065,2.0,0.3385,0.0,1787168578.556,1.555999994277954,0.231,,,,,,,ok,1787162400,2026-08-19T18:00:00+00:00,0.0,-0.41297935103245204,-0.7642563198118728,0.7708271568336766,1.3719057560393657,4.540023894862602,0.0,0.14899554711480503,0.9797645382196547,-18.215508258731074,17.224345292575475,0.20648967551622602,0.0
2692,1787168586,2026-08-19T19:43:06+00:00,GDXUSDT,LONG,ema_cross_confirmed,tp,tp,96.61,94.30103448275862,101.22793103448275,101.26,2.0138888888888946,2.3899860441376415,4.779972088275283,2.0,96.61,0.0,1787168586.666,0.6659998893737793,,,,1.6,1,0,2.0,ok,1787162400,2026-08-19T18:00:00+00:00,0.0,-0.1355296080066675,-1.3389638479761017,1.1680521940439856,1.7362938019572827,2.5781332210880805,0.0,0.46477515858919954,0.6117328926613085,38.50340136054422,101.43834841046858,0.06776480400333375,0.0
2693,1787168587,2026-08-19T19:43:07+00:00,TRUMPUSDT,LONG,ema_cross_confirmed,tp,tp,1.455,1.4239655172413794,1.5170689655172414,1.539,2.706666666666666,2.1329541414859547,4.2659082829719095,2.0,1.455,0.0,1787168587.739,0.7390000820159912,,,,2.7,1,0,2.0,ok,1787162400,2026-08-19T18:00:00+00:00,0.0,-0.6194081211287075,0.27777777777777807,1.042390548992349,1.042390548992349,3.237156931738215,0.0,0.6421059774245345,1.2955221487644177,-15.569079241320763,33.60058928968967,0.30970406056435373,0.0
2694,1787168590,2026-08-19T19:43:10+00:00,GRVTUSDT,LONG,ema_cross,sl,sl,0.3124,0.2999,0.3374,0.2951,-1.3840000000000017,4.001280409731117,8.002560819462216,1.9999999999999956,0.3124,0.0,1787168590.649,0.6489999294281006,0.852,,,,,,,ok,1787162400,2026-08-19T18:00:00+00:00,0.0,1.5710163513946824,-3.1784841075794517,3.0215364834458436,5.239472838315666,11.186770428015556,0.0,2.4199079639134555,0.8887909394367787,-89.071918025506,-344.6901490724374,-0.7855081756973412,0.0
2695,1787168590,2026-08-19T19:43:10+00:00,AMATUSDT,SHORT,ema_cross_confirmed,open,,495.1,509.59655172413795,466.10689655172416,,,2.9280047917870995,5.856009583574199,2.0,495.1,0.0,1787168591.426,1.4260001182556152,,,,1.5,1,0,2.0,ok,1787162400,2026-08-19T18:00:00+00:00,-0.0,0.08107012565869016,-0.14218972171439948,0.9587923296613603,0.9587923296613603,1.1831905344757265,0.0,0.15757936359606525,0.6253748319718746,11.310932323710364,11.672453857819136,-0.04053506282934508,0.0
2696,1787168596,2026-08-19T19:43:16+00:00,COINXUSDT,LONG,ema_cross,tp,tp,157.88,156.12724137931033,161.38551724137932,161.59,2.116663387763129,1.1101840769506344,2.2203681539012687,2.0,157.88,0.0,1787168596.92,0.9200000762939453,0.618,,,,,,,ok,1787162400,2026-08-19T18:00:00+00:00,0.0,-1.066666666666666,-2.26075235877956,1.8267716535433107,3.804724409448814,4.340157480314952,0.0,1.545480835580297,0.539758695410816,-54.86781577343014,-10.898497097571493,0.533333333333333,0.0
2697,1787168612,2026-08-19T19:43:32+00:00,MSTRXUSDT,LONG,ema_cross,tp,tp,103.4,101.86172413793103,106.47655172413793,106.47655172413793,1.9999999999999907,1.4876942573200884,2.9753885146401626,1.9999999999999907,103.4,0.0,1787168613.007,1.0069999694824219,0.963,,,,,,,ok,1787162400,2026-08-19T18:00:00+00:00,0.0,-0.6154437926723729,-2.112142451221826,1.2706110572259965,3.42071922814541,4.462712859659412,0.0,1.1397806875560386,0.8064577008615147,-30.91438453624045,-35.686419180437895,0.30772189633618646,0.0
2698,1787168635,2026-08-19T19:43:55+00:00,TIAUSDT,LONG,ema_cross,tp,tp,0.3208,0.3155034482758621,0.3313931034482758,0.3313931034482758,2.0000000000000107,1.6510448017886221,3.3020896035772616,2.0000000000000107,0.3208,0.0,1787168635.738,0.7379999160766602,0.156,,,,,,,ok,1787162400,2026-08-19T18:00:00+00:00,0.0,0.2547770700637016,0.9297851875601199,0.9606147934678202,1.3826366559485614,3.4887512226931996,0.0,0.1814777306508021,0.9111865762513346,-53.13228262690322,-159.25329760688348,-0.1273885350318508,0.0
2699,1787168653,2026-08-19T19:44:13+00:00,TIAUSDT,LONG,ema_cross_confirmed,tp,tp,0.3211,0.3131551724137931,0.3369896551724138,0.3369896551724138,2.0,2.474253374714078,4.948506749428156,2.0,0.3211,0.0,1787168654.037,1.0369999408721924,,,,2.9,1,0,2.0,ok,1787162400,2026-08-19T18:00:00+00:00,0.0,0.2547770700637016,0.9297851875601199,0.9606147934678202,1.3826366559485614,3.4887512226931996,0.0,0.1814777306508021,0.9111865762513346,-53.13228262690322,-159.25329760688348,-0.1273885350318508,0.0
2700,1787168653,2026-08-19T19:44:13+00:00,KSMUSDT,LONG,ema_cross,tp,tp,2.95,2.914034482758621,3.021931034482759,3.028,2.1687440076701914,1.2191700759789519,2.4383401519579193,2.0000000000000124,2.95,0.0,1787168654.766,1.7660000324249268,0.22,,,,,,,ok,1787162400,2026-08-19T18:00:00+00:00,0.0,0.0,-0.4383007417397284,0.3738953093133812,0.6458191706322122,2.7635619242579312,0.0,0.13664371097564912,0.48093083387201035,38.07324315407457,113.44698381055815,0.0,0.0
2701,1787168659,2026-08-19T19:44:19+00:00,TSTBSCUSDT,LONG,ema_cross,tp,tp,0.015106,0.014368965517241379,0.016580068965517242,0.016580068965517242,2.000000000000002,4.879084355611152,9.758168711222314,2.000000000000002,0.015106,0.0,1787168659.747,0.746999979019165,0.731,,,,,,,ok,1787162400,2026-08-19T18:00:00+00:00,0.0,-0.8339952343129428,-4.219409282700417,1.5626047884112322,6.619274361209833,8.809280109177747,0.0,3.070413694682596,0.3047670770093932,-86.83325224880186,-105.96731151555156,0.4169976171564714,0.0
2702,1787168678,2026-08-19T19:44:38+00:00,CRCLXUSDT,LONG,ema_cross,tp,tp,77.53,76.27586206896552,80.03827586206896,80.03827586206896,2.0,1.6176163175989657,3.2352326351979315,2.0,77.53,0.0,1787168678.438,0.437999963760376,1.112,,,,,,,ok,1787162400,2026-08-19T18:00:00+00:00,0.0,-1.2258309111588512,-2.604361370716515,1.9163987138263598,3.6527331189710655,4.308681672025716,0.0,1.0947828757832954,0.9179670661648619,-38.42147296781138,6.3198735454860255,0.6129154555794256,0.0
2703,1787168693,2026-08-19T19:44:53+00:00,XLMUSDT,LONG,ema_cross,tp,tp,0.16523,0.16312827586206896,0.16943344827586207,0.16943344827586207,2.0000000000000133,1.271999115131046,2.5439982302621083,2.0000000000000133,0.16523,0.0,1787168693.864,0.8640000820159912,0.24,,,,,,,ok,1787162400,2026-08-19T18:00:00+00:00,0.0,0.17574692442883005,0.8480263559270346,1.0199096128007847,1.5634542567485077,4.509877003354447,0.0,0.8831426452023565,1.247197273863656,-20.844376806142165,9.060574590820593,-0.08787346221441503,0.0
2704,1787168714,2026-08-19T19:45:14+00:00,KSMUSDT,LONG,ema_cross_confirmed,tp,tp,2.957,2.903051724137931,3.0648965517241376,3.071,2.113135186960701,1.824425967604628,3.648851935209256,2.0,2.957,0.0,1787168714.568,0.568000078201294,,,,6.5,1,0,2.0,ok,1787162400,2026-08-19T18:00:00+00:00,0.0,0.0,-0.4383007417397284,0.3738953093133812,0.6458191706322122,2.7635619242579312,0.0,0.13664371097564912,0.48093083387201035,38.07324315407457,113.44698381055815,0.0,0.0
2705,1787168726,2026-08-19T19:45:26+00:00,TREEUSDT,LONG,ema_cross,sl,sl,0.04188,0.040724482758620686,0.04419103448275862,0.03781,-3.5222321695016277,2.759114711984991,5.518229423969965,1.999999999999994,0.04188,0.0,1787168727.302,1.3020000457763672,2.181,,,,,,,ok,1787162400,2026-08-19T18:00:00+00:00,0.0,-6.604590731918574,-0.7593189139438494,10.119047619047612,16.241806263656233,21.92513368983957,0.0,9.327536428122459,5.91660367861501,-18.959159496543325,-253.5367900593614,3.302295365959287,0.0
2706,1787168735,2026-08-19T19:45:35+00:00,ZKUSDT,LONG,ema_cross,tp,tp,0.00796,0.007808275862068966,0.008263448275862069,0.00827,2.0431818181818158,1.9060821348119903,3.8121642696239806,2.0,0.00796,0.0,1787168735.575,0.5750000476837158,0.289,,,,,,,ok,1787162400,2026-08-19T18:00:00+00:00,0.0,0.8883248730964546,1.923076923076934,1.3959390862944254,1.3959390862944254,4.308093994778074,0.0,1.2870078584429663,0.26970182311318985,-80.90259778625757,-189.56765577765697,-0.4441624365482273,0.0
2707,1787168736,2026-08-19T19:45:36+00:00,ALGOUSDT,LONG,ema_cross,tp,tp,0.08071,0.07970862068965517,0.08271275862068966,0.0841,3.3853305785123795,1.2407128117269606,2.481425623453921,2.0,0.08071,0.0,1787168737.275,1.2750000953674316,0.182,,,,,,,ok,1787162400,2026-08-19T18:00:00+00:00,0.0,0.23637720826077338,-0.08680555555555632,0.6100597609561806,0.8859495882206168,2.8163725122042833,0.0,0.4691641307348332,0.48617703809619994,-58.43150087260035,-97.50917077551297,-0.11818860413038669,0.0
2708,1787168744,2026-08-19T19:45:44+00:00,ADBEUSDT,LONG,ema_cross,sl,sl,273.5,270.0289655172414,280.44206896551725,270.0289655172414,-1.0,1.269116812708821,2.538233625417642,2.0,273.5,0.0,1787168744.882,0.8819999694824219,0.36,,,,,,,ok,1787162400,2026-08-19T18:00:00+00:00,0.0,0.014642360348495666,-0.4409138942535362,0.7196093549216065,1.1019385273089148,1.7321441733618506,0.0,0.42430742982355263,0.5347596080858568,-25.235109717868337,-86.85638900855865,-0.007321180174247833,0.0
2709,1787168759,2026-08-19T19:45:59+00:00,TRIAUSDT,SHORT,ema_cross,sl,sl,0.00762,0.00799448275862069,0.006871034482758621,0.00799448275862069,-1.0,4.914471897909311,9.828943795818622,2.0,0.00762,0.0,1787168759.63,0.630000114440918,0.228,,,,,,,ok,1787162400,2026-08-19T18:00:00+00:00,-0.0,1.0596026490066253,2.987012987012989,3.4199726402188815,6.019151846785229,9.302325581395362,0.0,0.465196555531992,0.8252653666252041,287.0977362879895,359.4988985522647,-0.5298013245033126,0.0
2710,1787168781,2026-08-19T19:46:21+00:00,FARTCOINUSDT,LONG,ema_cross,tp,tp,0.1523,0.14864310344827586,0.15961379310344825,0.16028,2.1821782178217903,2.4011139538569477,4.802227907713895,2.0,0.1523,0.0,1787168782.137,1.1370000839233398,0.618,,,,,,,ok,1787162400,2026-08-19T18:00:00+00:00,0.0,0.3050600172425149,-0.50651230101302,1.808318264014472,1.808318264014472,4.104401920346217,0.0,0.4127018112912234,1.1375584374962098,-12.252261588210771,27.08581507659857,-0.15253000862125746,0.0
2713,1787169603,2026-08-19T20:00:03+00:00,RESOLVUSDT,LONG,ema_cross_confirmed,tp,tp,0.01768,0.017162758620689656,0.01871448275862069,0.01876,2.087999999999994,2.92557341238883,5.85114682477766,2.0,0.01768,0.0,1787169604.253,1.253000020980835,,,,1.7,1,179,2.0,ok,1787166000,2026-08-19T19:00:00+00:00,0.0,0.5116543490619659,0.45454545454545575,0.8547008547008594,0.9697661152310325,1.0273972602739703,0.0,0.4834593773706014,0.29881768401337094,-32.68875802056781,12.912274780426742,-0.25582717453098297,0.0
2714,1787169619,2026-08-19T20:00:19+00:00,MSTRXUSDT,LONG,ema_cross_confirmed,tp,tp,104.19,101.88258620689655,108.8048275862069,108.8048275862069,2.0,2.2146211662380746,4.429242332476149,2.0,104.19,0.0,1787169619.954,0.9539999961853027,,,,1.9,1,16,2.0,ok,1787166000,2026-08-19T19:00:00+00:00,0.0,0.8127721335268537,-1.6889979241366353,1.684354006425863,1.684354006425863,4.024948835396156,0.0,1.3532064940652506,1.7082324805940308,109.21963623688964,140.1340207731301,-0.40638606676342687,0.0
2715,1787172057,2026-08-19T20:40:57+00:00,ZKUSDT,LONG,ema_cross_confirmed,tp,tp,0.00806,0.007832413793103447,0.008515172413793104,0.008515172413793104,2.0,2.8236502096346414,5.647300419269283,2.0,0.00806,0.0,1787172057.953,0.9530000686645508,,,,6.8,1,55,2.0,ok,1787166000,2026-08-19T19:00:00+00:00,0.0,0.37735849056602233,0.5037783375314875,1.3924050632911265,1.6497461928933996,2.4296675191815753,0.0,0.8412006154203234,0.16717639320553707,-37.321230517774794,43.58136726848278,-0.18867924528301117,0.0
2716,1787172331,2026-08-19T20:45:31+00:00,MAGMAUSDT,LONG,overheated_confirmed,tp,tp,0.21727,0.20661303571428571,0.23858392857142854,0.23858392857142854,2.0,4.904940528243327,9.809881056486654,2.0,0.21727,0.0,1787172331.998,0.997999906539917,,,,1.7,1,39,2.0,ok,1787166000,2026-08-19T19:00:00+00:00,0.0,3.3976261127596517,12.035796581104982,7.5940996948118,9.453585842905934,19.191976108638084,0.0,0.39469059329712525,3.331773218669691,-32.38821102681537,-98.11623698428683,-1.6988130563798258,0.0
2717,1787172354,2026-08-19T20:45:54+00:00,TRUMPUSDT,LONG,ema_cross_confirmed,tp,tp,1.545,1.5139655172413793,1.591551724137931,1.597,1.6755555555555597,2.008704385671239,3.0130565785068586,1.5,1.545,0.0,1787172354.699,0.6989998817443848,,,,2.5,2,63,1.5,ok,1787166000,2026-08-19T19:00:00+00:00,0.0,3.4626038781163464,3.1055900621117964,4.094378903539204,4.239054899235576,4.239054899235576,0.0,2.1132297281720747,2.9126324065757574,133.984992248062,149.55407148938278,-1.7313019390581732,0.0
2727,1787173238,2026-08-19T21:00:38+00:00,BOMEUSDT,LONG,overheated_confirmed,tp,tp,0.0008983,0.0008453339285714286,0.0010042321428571426,0.0010056,2.0258251576143764,5.8962564208584425,11.792512841716873,1.999999999999998,0.0008983,0.0,1787173239.479,1.4790000915527344,,,,2.6,1,10,2.0,ok,1787169600,2026-08-19T20:00:00+00:00,0.0,3.3597974916580315,5.620223398001172,4.629203132197144,4.955527318932657,6.969625618083343,0.0,1.5529349417583813,2.9143207243186824,322.46827323504453,388.37594194050894,-1.6798987458290158,0.0
2728,1787173242,2026-08-19T21:00:42+00:00,LUNCUSDT,LONG,ema_cross_confirmed,tp,tp,5.008e-05,4.908689655172414e-05,5.206620689655172e-05,5.206620689655172e-05,2.0,1.9830340420843857,3.9660680841687714,2.0,5.008e-05,0.0,1787173242.644,0.6440000534057617,,,,5.7,1,78,2.0,ok,1787169600,2026-08-19T20:00:00+00:00,0.0,1.4792299898682908,2.0167040130372835,2.6161022105049607,3.370786516853932,3.455326109180125,0.0,0.6999853444041624,2.905407494093488,1458.1172291296625,1500.8085972078384,-0.7396149949341454,0.0
2729,1787173243,2026-08-19T21:00:43+00:00,DASHUSDT,LONG,ema_cross_confirmed,tp,tp,31.34,30.820689655172416,32.378620689655165,32.378620689655165,1.9999999999999931,1.657020883304353,3.3140417666086948,1.9999999999999931,31.34,0.0,1787173243.767,0.7669999599456787,,,,4.3,1,78,2.0,ok,1787169600,2026-08-19T20:00:00+00:00,0.0,0.7393121182899403,2.284595300261094,1.547388781431336,2.806788511749345,3.482260183968458,0.0,0.2083344712857777,1.1203883978942797,279.17028042786933,352.6381027796374,-0.36965605914497013,0.0
2730,1787173245,2026-08-19T21:00:45+00:00,JUPUSDT,LONG,ema_cross_confirmed,tp,tp,0.1798,0.17660862068965516,0.18618275862068964,0.18618275862068964,2.0,1.7749606842852212,3.5499213685704425,2.0,0.1798,0.0,1787173246.176,1.1760001182556152,,,,2.2,1,78,2.0,ok,1787169600,2026-08-19T20:00:00+00:00,0.0,1.0112359550561776,2.567027952082131,1.581027667984188,1.9841269841269857,3.868360277136265,0.0,0.161978836271317,1.8877423291170572,62.91374347904299,108.78224893515974,-0.5056179775280888,0.0
2731,1787173246,2026-08-19T21:00:46+00:00,VETUSDT,LONG,ema_cross_confirmed,tp,tp,0.00477,0.004696862068965517,0.004916275862068966,0.004927,2.1466289486091386,1.533289958794194,3.066579917588388,2.0,0.00477,0.0,1787173247.253,1.253000020980835,,,,7.7,1,78,2.0,ok,1787169600,2026-08-19T20:00:00+00:00,0.0,1.5325670498084294,1.7925736235595364,1.3579461065138938,2.31312914971085,2.5107296137339037,0.0,0.910647786964065,0.7713188048383579,263.27433628318585,333.6488681183918,-0.7662835249042147,0.0
2732,1787173247,2026-08-19T21:00:47+00:00,龙虾USDT,LONG,ema_cross_confirmed,tp,tp,0.02081,0.018967793103448274,0.024494413793103447,0.024603,2.0589435459718484,8.852507912310065,17.70501582462013,2.0,0.02081,0.0,1787173248.408,1.4079999923706055,,,,2.3,1,78,2.0,ok,1787169600,2026-08-19T20:00:00+00:00,0.0,0.5897138437741546,0.4101326899879289,1.9539224263633863,1.9539224263633863,3.263059609808843,0.0,0.3981519908805992,0.2944708350413542,12.449355432780846,62.10631816224497,-0.2948569218870773,0.0
2733,1787173249,2026-08-19T21:00:49+00:00,TRBUSDT,LONG,ema_cross_confirmed,tp,tp,13.91,13.678793103448276,14.372413793103448,14.372413793103448,2.0,1.6621631671583303,3.3243263343166607,2.0,13.91,0.0,1787173249.543,0.5429999828338623,,,,4.4,1,77,2.0,ok,1787169600,2026-08-19T20:00:00+00:00,0.0,1.6812865497076053,2.054292002934698,1.9722425127830634,2.6470588235294206,3.0258302583025842,0.0,0.8762582339704224,3.3991097255736573,42.722650153551825,-233.39929644747068,-0.8406432748538026,0.0
2734,1787173250,2026-08-19T21:00:50+00:00,ONDOUSDT,LONG,ema_cross_confirmed,tp,tp,0.3475,0.33893965517241376,0.3646206896551724,0.3649,2.032628398791541,2.463408583478049,4.926817166956098,2.0,0.3475,0.0,1787173251.325,1.3250000476837158,,,,3.7,1,77,2.0,ok,1787169600,2026-08-19T20:00:00+00:00,0.0,1.9061583577712462,2.5073746312684224,2.2914218566392566,3.5077288941736127,3.8473009245451903,0.0,1.1611413749855077,1.7569453636876864,87.92590026079587,87.79310218302753,-0.9530791788856231,0.0
2735,1787173256,2026-08-19T21:00:56+00:00,XLMUSDT,LONG,ema_cross_confirmed,tp,tp,0.16834,0.16518741379310345,0.17464517241379307,0.17478,2.042767295597492,1.8727493209555308,3.7454986419110616,2.0,0.16834,0.0,1787173257.004,1.003999948501587,,,,2.0,1,75,2.0,ok,1787169600,2026-08-19T20:00:00+00:00,0.0,1.4218580551873727,2.0180595115447546,2.3055102903011586,2.995503706404174,3.523879320874556,0.0,0.6565243784950124,1.3166077104480673,49.39718735911345,75.1268108280383,-0.7109290275936864,0.0
2736,1787173259,2026-08-19T21:00:59+00:00,ALGOUSDT,LONG,ema_cross_confirmed,tp,tp,0.0816,0.08009793103448276,0.0846041379310345,0.08475,2.097107438016524,1.8407707910750546,3.681541582150109,2.0,0.0816,0.0,1787173259.464,0.46399998664855957,,,,3.4,1,75,2.0,ok,1787169600,2026-08-19T20:00:00+00:00,0.0,1.002599331600452,1.5177904951480627,1.3506815365551519,1.6782695176529139,2.0588969303718474,0.0,0.4294858560535683,0.8328252917610172,232.55086071987478,282.2491026511264,-0.501299665800226,0.0
2737,1787173261,2026-08-19T21:01:01+00:00,FARTCOINUSDT,LONG,ema_cross_confirmed,tp,tp,0.15388,0.1483946551724138,0.16485068965517238,0.16488,2.0053433914820107,3.5646899061516755,7.129379812303351,2.0,0.15388,0.0,1787173261.858,0.8580000400543213,,,,3.4,1,74,2.0,ok,1787169600,2026-08-19T20:00:00+00:00,0.0,0.7661580774015955,2.0492075071291076,2.7336510458035446,2.78807947019867,3.951510280624197,0.0,0.3365879902129661,2.2219767610395174,27.876229251628683,-31.04592118672412,-0.38307903870079774,0.0
2738,1787173427,2026-08-19T21:03:47+00:00,TAIKOUSDT,LONG,ema_cross,tp,tp,0.0733,0.07213793103448277,0.07562413793103448,0.0757,2.065281899109798,1.5853601166674458,3.1707202333348916,2.0,0.0733,0.0,1787173427.558,0.5580000877380371,0.225,,,,,,,ok,1787169600,2026-08-19T20:00:00+00:00,0.0,1.2362637362637334,2.2191400832177592,1.3698630136986314,2.4930747922437617,3.064066852367679,0.0,0.5513419837611071,1.5106742810027314,375.9054281413265,397.1481926297846,-0.6181318681318667,0.0
2739,1787173436,2026-08-19T21:03:56+00:00,PRLUSDT,SHORT,ema_cross,tp,tp,0.32226,0.3549958620689655,0.256788275862069,0.256788275862069,2.0,10.158214506598865,20.31642901319773,2.0,0.32226,0.0,1787173437.243,1.2430000305175781,1.542,,,,,,,ok,1787169600,2026-08-19T20:00:00+00:00,-0.0,-1.611643814223693,-6.721558850544551,3.7034700315457325,4.940063091482652,15.690258118234798,0.0,6.311469840949884,0.2231085169489007,2.2222222222222223,97.29896708176466,0.8058219071118465,0.0
2740,1787173437,2026-08-19T21:03:57+00:00,BNBUSDT,LONG,ema_cross,tp,tp,618.3,614.8913793103447,625.1172413793103,625.1172413793103,1.9999999999999667,0.5512891298164659,1.1025782596329134,1.9999999999999667,618.3,0.0,1787173438.334,1.3340001106262207,0.17,,,,,,,ok,1787169600,2026-08-19T20:00:00+00:00,0.0,1.1924075275794976,1.110390662992385,1.3065000405745466,1.6446832763393622,1.6446832763393622,0.0,0.7085142526243474,1.765108510527592,151.10991525597538,75.37201506837873,-0.5962037637897488,0.0
2741,1787173457,2026-08-19T21:04:17+00:00,RAYUSDT,LONG,ema_cross,tp,tp,0.6393,0.6332379310344828,0.6514241379310345,0.654,2.424914675767943,0.9482354083399339,1.8964708166798854,2.000000000000018,0.6393,0.0,1787173457.893,0.8929998874664307,0.235,,,,,,,ok,1787169600,2026-08-19T20:00:00+00:00,0.0,1.7654476670870094,2.427415516420749,2.3967202775149783,2.981287662543598,4.153969526864462,0.0,0.8635261455071694,2.184405630853514,41.27552656901529,99.52634305800106,-0.8827238335435047,0.0
2742,1787173469,2026-08-19T21:04:29+00:00,HIMSUSDT,LONG,ema_cross,sl,sl,31.071,30.580689655172414,32.051620689655174,30.456,-1.254307616569379,1.5780320711518385,3.1560641423036664,1.9999999999999927,31.071,0.0,1787173469.541,0.5409998893737793,0.779,,,,,,,ok,1787169600,2026-08-19T20:00:00+00:00,0.0,-1.1027278003482257,3.269250193596175,1.8225091288471602,2.887432917393734,6.480850483848988,0.0,1.9494388218968695,0.6788820575967534,-64.53962387216,-59.639386096909305,0.5513639001741129,0.0
2743,1787173480,2026-08-19T21:04:40+00:00,MNTUSDT,LONG,ema_cross,tp,tp,0.4549,0.44944137931034484,0.46581724137931035,0.4843,5.385975994946282,1.1999605824698156,2.399921164939619,1.9999999999999898,0.4549,0.0,1787173480.553,0.5529999732971191,0.356,,,,,,,ok,1787169600,2026-08-19T20:00:00+00:00,0.0,0.5704256252742411,0.8802816901408337,1.0347864376926423,1.1461318051575893,2.0004445432318185,0.0,0.4078260021643487,0.7040314447518813,-32.71648873072361,3.332669211925456,-0.28521281263712056,0.0
2744,1787173485,2026-08-19T21:04:45+00:00,KASUSDT,LONG,ema_cross,tp,tp,0.02648,0.02608758620689655,0.027264827586206897,0.027264827586206897,2.0,1.4819252005417247,2.9638504010834494,2.0,0.02648,0.0,1787173485.591,0.5910000801086426,0.247,,,,,,,ok,1787169600,2026-08-19T20:00:00+00:00,0.0,1.518602885345486,3.203396372057124,1.7870722433460007,3.319181783095329,3.639179248935346,0.0,0.743767788479625,1.5479438984829692,28.837413868934174,-139.9175112689697,-0.759301442672743,0.0
2745,1787173488,2026-08-19T21:04:48+00:00,PYTHUSDT,LONG,ema_cross,tp,tp,0.04126,0.04049137931034483,0.04279724137931035,0.0428,2.0035890533871727,1.8628712788540256,3.725742557708068,2.000000000000009,0.04126,0.0,1787173488.795,0.7950000762939453,0.259,,,,,,,ok,1787169600,2026-08-19T20:00:00+00:00,0.0,2.1967293141322872,4.963650037603398,2.318769831584085,4.616920389318686,5.326633165829137,0.0,0.722297605019806,1.6854753509921974,5.7230454777721,41.31273280635136,-1.0983646570661436,0.0
2746,1787173495,2026-08-19T21:04:55+00:00,IBMUSDT,LONG,ema_cross,sl,sl,236.95,235.39,240.07,235.39,-1.0,0.6583667440388278,1.3167334880776556,2.0,236.95,0.0,1787173495.842,0.8420000076293945,0.161,,,,,,,ok,1787169600,2026-08-19T20:00:00+00:00,0.0,-0.054833811371698946,0.3600169419737375,0.41056463218488065,0.5933711960667991,0.9098639455782376,0.0,0.15502134106718896,1.9123451988105247,201.65063531647073,216.32284121372476,0.027416905685849473,0.0
2747,1787173498,2026-08-19T21:04:58+00:00,TAIKOUSDT,LONG,ema_cross_confirmed,tp,tp,0.0737,0.07195689655172414,0.07718620689655172,0.0772,2.0079129574678616,2.365133579750145,4.73026715950029,2.0,0.0737,0.0,1787173499.362,1.3619999885559082,,,,6.8,1,0,2.0,ok,1787169600,2026-08-19T20:00:00+00:00,0.0,1.2362637362637334,2.2191400832177592,1.3698630136986314,2.4930747922437617,3.064066852367679,0.0,0.5513419837611071,1.5106742810027314,375.9054281413265,397.1481926297846,-0.6181318681318667,0.0
2748,1787173500,2026-08-19T21:05:00+00:00,BNBUSDT,LONG,ema_cross_confirmed,tp,tp,623.75,618.6370689655173,633.9758620689654,634.9,2.180745236890933,0.8197083822817953,1.6394167645635906,2.0,623.75,0.0,1787173501.208,1.2079999446868896,,,,5.4,1,0,2.0,ok,1787169600,2026-08-19T20:00:00+00:00,0.0,1.1924075275794976,1.110390662992385,1.3065000405745466,1.6446832763393622,1.6446832763393622,0.0,0.7085142526243474,1.765108510527592,151.10991525597538,75.37201506837873,-0.5962037637897488,0.0
2749,1787173533,2026-08-19T21:05:33+00:00,REUSDT,LONG,ema_cross,tp,tp,0.52357,0.5060413793103448,0.5586272413793103,0.56372,2.290539610095799,3.347903945920358,6.695807891840694,1.9999999999999936,0.52357,0.0,1787173534.426,1.4260001182556152,1.329,,,,,,,ok,1787169600,2026-08-19T20:00:00+00:00,0.0,-1.2821707448890207,5.450600203053761,5.00858838226109,7.0351758793969825,14.07292734461622,0.0,3.0709194505455533,4.445754272265715,-13.523441065878414,-122.13846294349977,0.6410853724445104,0.0
2750,1787173551,2026-08-19T21:05:51+00:00,UBERUSDT,LONG,ema_cross,tp,tp,78.04,77.03103448275863,80.05793103448276,80.05793103448276,2.0,1.292882518248819,2.585765036497638,2.0,78.04,0.0,1787173552.14,1.1400001049041748,0.219,,,,,,,ok,1787169600,2026-08-19T20:00:00+00:00,0.0,0.2569043031470814,-0.17905102954342061,0.9006690684508529,1.1837364899639755,2.2774060730828563,0.0,0.695291228885317,1.2303595206391478,82.62548262548263,104.94767628443722,-0.1284521515735407,0.0
2751,1787173552,2026-08-19T21:05:52+00:00,XANUSDT,LONG,ema_cross,tp,tp,0.010965,0.010652172413793104,0.011590655172413793,0.011598,2.023478835978832,2.852964762488802,5.705929524977589,1.9999999999999944,0.010965,0.0,1787173553.251,1.250999927520752,0.455,,,,,,,ok,1787169600,2026-08-19T20:00:00+00:00,0.0,-0.6414310235793647,-0.09991824870559413,1.836210062431131,1.836210062431131,3.2967032967032983,0.0,0.5433649166654312,1.202922243099694,94.60100079009744,165.71109741948192,0.32071551178968233,0.0
2752,1787173562,2026-08-19T21:06:02+00:00,MNTUSDT,LONG,ema_cross_confirmed,tp,tp,0.4584,0.45021206896551724,0.47477586206896544,0.4843,3.163192251000225,1.7861978696515557,3.5723957393031114,2.0,0.4584,0.0,1787173562.871,0.8710000514984131,,,,3.7,1,0,2.0,ok,1787169600,2026-08-19T20:00:00+00:00,0.0,0.5704256252742411,0.8802816901408337,1.0347864376926423,1.1461318051575893,2.0004445432318185,0.0,0.4078260021643487,0.7040314447518813,-32.71648873072361,3.332669211925456,-0.28521281263712056,0.0
2753,1787173563,2026-08-19T21:06:03+00:00,KASUSDT,LONG,ema_cross_confirmed,tp,tp,0.02674,0.02615137931034483,0.027917241379310342,0.02796,2.0726420620972488,2.201274082480072,4.402548164960144,2.0,0.02674,0.0,1787173563.991,0.9909999370574951,,,,2.9,1,0,2.0,ok,1787169600,2026-08-19T20:00:00+00:00,0.0,1.518602885345486,3.203396372057124,1.7870722433460007,3.319181783095329,3.639179248935346,0.0,0.743767788479625,1.5479438984829692,28.837413868934174,-139.9175112689697,-0.759301442672743,0.0
2754,1787173588,2026-08-19T21:06:28+00:00,SATSUSDT,LONG,ema_cross,tp,tp,1.062e-08,1.0366896551724138e-08,1.1126206896551724e-08,1.113e-08,2.014986376021792,2.3832716410156545,4.766543282031294,1.9999999999999936,1.062e-08,0.0,1787173589.13,1.130000114440918,0.159,,,,,,,ok,1787169600,2026-08-19T20:00:00+00:00,0.0,1.1320754716981014,1.9980970504281628,1.5094339622641455,2.3786869647954387,2.7698185291308466,0.0,0.406449748262851,1.2998844237933231,123.46648029675823,63.26494726773403,-0.5660377358490507,0.0
2755,1787173611,2026-08-19T21:06:51+00:00,XPLUSDT,LONG,ema_cross,tp,tp,0.07977,0.0780996551724138,0.0831106896551724,0.08315,2.0235342691990246,2.0939511440218106,4.187902288043639,2.0000000000000084,0.07977,0.0,1787173612.026,1.0260000228881836,0.581,,,,,,,ok,1787169600,2026-08-19T20:00:00+00:00,0.0,0.3958926141284187,2.7345233573870047,1.7810109118274235,2.5062972292191508,3.7740660461558133,0.0,0.6792599858824214,1.1798566585773504,-53.07646086825898,-1106.602712817661,-0.19794630706420935,0.0
2756,1787173624,2026-08-19T21:07:04+00:00,MRVLUSDT,LONG,ema_cross,sl,sl,237.41,232.0151724137931,248.1996551724138,232.0151724137931,-1.0,2.2723674597560763,4.544734919512153,2.0,237.41,0.0,1787173625.141,1.1410000324249268,0.514,,,,,,,ok,1787169600,2026-08-19T20:00:00+00:00,0.0,0.6996838777660681,2.1943707759431925,1.2640568191426438,2.6967930029154488,3.504450782127739,0.0,0.6430389321012489,0.5568779469179889,-17.755905511811022,-0.1922121056337076,-0.34984193888303405,0.0
2757,1787173626,2026-08-19T21:07:06+00:00,XANUSDT,LONG,ema_cross_confirmed,tp,tp,0.010998,0.010528758620689657,0.011936482758620689,0.012106,2.361258083480309,4.266606467633606,8.533212935267212,2.0,0.010998,0.0,1787173626.761,0.7609999179840088,,,,3.3,1,0,2.0,ok,1787169600,2026-08-19T20:00:00+00:00,0.0,-0.6414310235793647,-0.09991824870559413,1.836210062431131,1.836210062431131,3.2967032967032983,0.0,0.5433649166654312,1.202922243099694,94.60100079009744,165.71109741948192,0.32071551178968233,0.0
2758,1787173627,2026-08-19T21:07:07+00:00,SATSUSDT,LONG,ema_cross_confirmed,tp,tp,1.072e-08,1.0340344827586206e-08,1.1479310344827585e-08,1.149e-08,2.028156221616716,3.5415594441585165,7.083118888317033,2.0,1.072e-08,0.0,1787173627.977,0.9769999980926514,,,,4.5,1,0,2.0,ok,1787169600,2026-08-19T20:00:00+00:00,0.0,1.1320754716981014,1.9980970504281628,1.5094339622641455,2.3786869647954387,2.7698185291308466,0.0,0.406449748262851,1.2998844237933231,123.46648029675823,63.26494726773403,-0.5660377358490507,0.0
2759,1787173637,2026-08-19T21:07:17+00:00,AVAXUSDT,LONG,ema_cross,tp,tp,6.611,6.498931034482759,6.835137931034483,6.846,2.096923076923085,1.6951893135265634,3.39037862705314,2.000000000000008,6.611,0.0,1787173637.639,0.6389999389648438,0.19,,,,,,,ok,1787169600,2026-08-19T20:00:00+00:00,0.0,1.8836396779583726,2.5535168195718625,2.627981163603221,3.683241252302029,4.114655570966256,0.0,1.065187140633111,2.385052691317919,209.66537083619178,247.87753153449782,-0.9418198389791863,0.0
2760,1787173651,2026-08-19T21:07:31+00:00,NOWUSDT,LONG,ema_cross,tp,tp,127.03,125.10448275862069,130.88103448275862,130.95,2.035816618911168,1.5157972458311506,3.031594491662301,2.0,127.03,0.0,1787173651.756,0.7560000419616699,0.205,,,,,,,ok,1787169600,2026-08-19T20:00:00+00:00,0.0,-0.21209740769834723,-1.159352629940872,0.5446795074202697,1.4366908746447689,1.744553204925781,0.0,0.39027520120341347,0.3989554396254811,-52.33262260127932,-94.48829670409212,0.10604870384917361,0.0
2761,1787173663,2026-08-19T21:07:43+00:00,FLOKIUSDT,LONG,ema_cross,tp,tp,2.136e-05,2.1115172413793102e-05,2.1849655172413792e-05,2.22e-05,3.4309859154929634,1.14619656463903,2.29239312927806,2.0,2.136e-05,0.0,1787173663.75,0.75,0.495,,,,,,,ok,1787169600,2026-08-19T20:00:00+00:00,0.0,2.4929444967074317,4.608737397983682,3.297220913801225,5.028735632183901,5.584978334135768,0.0,1.1093619981703788,2.6615574143935423,161.8661146579221,94.04171968857031,-1.2464722483537158,0.0
2762,1787173671,2026-08-19T21:07:51+00:00,MOODENGUSDT,LONG,ema_cross,tp,tp,0.03697,0.03642931034482759,0.03805137931034483,0.03826,2.385841836734695,1.4625092106367683,2.9250184212735366,2.0,0.03697,0.0,1787173672.092,1.0920000076293945,0.327,,,,,,,ok,1787169600,2026-08-19T20:00:00+00:00,0.0,1.8970189701896998,2.0629750271444185,2.525115395058377,3.3105335157318816,3.7077725899478278,0.0,1.041192404046008,1.7128206143520397,490.606226105953,582.5436985850371,-0.9485094850948499,0.0
2763,1787173688,2026-08-19T21:08:08+00:00,AVAXUSDT,LONG,ema_cross_confirmed,tp,tp,6.707,6.538896551724138,7.043206896551724,7.044,2.0047179487179467,2.506388076276459,5.012776152552918,2.0,6.707,0.0,1787173689.337,1.3369998931884766,,,,5.0,1,0,2.0,ok,1787169600,2026-08-19T20:00:00+00:00,0.0,1.8836396779583726,2.5535168195718625,2.627981163603221,3.683241252302029,4.114655570966256,0.0,1.065187140633111,2.385052691317919,209.66537083619178,247.87753153449782,-0.9418198389791863,0.0
2764,1787173693,2026-08-19T21:08:13+00:00,MVLLUSDT,LONG,ema_cross,sl,sl,30.99,29.659655172413792,33.650689655172414,29.659655172413792,-1.0,4.292819708248487,8.585639416496985,2.0000000000000027,30.99,0.0,1787173693.545,0.5450000762939453,0.551,,,,,,,ok,1787169600,2026-08-19T20:00:00+00:00,0.0,1.4202711426726962,4.177718832891252,2.4025974025973973,5.028305028305022,6.446169422882214,0.0,1.0440610835038646,0.5128239277419118,-38.9362819082617,-95.00961251047391,-0.7101355713363481,0.0
2765,1787173700,2026-08-19T21:08:20+00:00,MANAUSDT,LONG,ema_cross,tp,tp,0.06543,0.06475896551724138,0.06677206896551724,0.06731,2.8016443987666695,1.0255761619419619,2.0511523238839025,1.9999999999999793,0.06543,0.0,1787173700.54,0.5399999618530273,0.178,,,,,,,ok,1787169600,2026-08-19T20:00:00+00:00,0.0,1.737926791756392,2.146386658431134,1.8257134090211669,2.328091273512176,3.091022056539285,0.0,0.9218885737595266,19.44942805284707,1048.8477274937231,1129.8850828781276,-0.868963395878196,0.0
2766,1787173710,2026-08-19T21:08:30+00:00,ZAMAUSDT,LONG,ema_cross,tp,tp,0.04433,0.04308137931034483,0.046827241379310346,0.04683,2.0022093344379974,2.816649423990914,5.633298847981828,2.0,0.04433,0.0,1787173710.819,0.8190000057220459,0.5,,,,,,,ok,1787169600,2026-08-19T20:00:00+00:00,0.0,1.8267929634641527,-1.5267175572519065,2.3297896403528684,3.2798009500113094,6.37864736484959,0.0,2.3063664558770713,1.3331264604129813,2.71652561076247,9.793591352485683,-0.9133964817320763,0.0
2767,1787173714,2026-08-19T21:08:34+00:00,VANAUSDT,LONG,ema_cross,tp,tp,0.888,0.8750689655172413,0.9138620689655172,0.9138620689655172,1.9999999999999913,1.456197576887238,2.9123951537744635,1.9999999999999913,0.888,0.0,1787173715.188,1.187999963760376,0.308,,,,,,,ok,1787169600,2026-08-19T20:00:00+00:00,0.0,1.5801354401805883,2.2727272727272747,1.3513513513513524,2.156640181611807,2.2727272727272747,0.0,0.7442060884396092,7.154297122252958,2735.0816495986714,2652.606902123924,-0.7900677200902941,0.0
2768,1787173720,2026-08-19T21:08:40+00:00,UVXYUSDT,SHORT,ema_cross,sl,sl,19.61,19.88344827586207,19.06310344827586,19.88344827586207,-1.0,1.3944328192864321,2.7888656385728643,2.0,19.61,0.0,1787173720.871,0.8710000514984131,0.252,,,,,,,ok,1787169600,2026-08-19T20:00:00+00:00,-0.0,0.10193679918450342,1.3588324106693486,0.717948717948721,1.437371663244359,2.361396303901442,0.0,0.3154272923529868,0.3285136514581799,23.369565217391305,22.705243216609748,-0.05096839959225171,0.0
2769,1787173727,2026-08-19T21:08:47+00:00,BONKUSDT,LONG,ema_cross,tp,tp,2.404e-06,2.3650689655172415e-06,2.4818620689655176e-06,2.4818620689655176e-06,2.0,1.6194273911297286,3.238854782259457,2.0,2.404e-06,0.0,1787173727.931,0.9309999942779541,0.184,,,,,,,ok,1787169600,2026-08-19T20:00:00+00:00,0.0,1.413133832086451,2.434928631402188,2.2954924874791276,2.853545950482586,3.8559322033898336,0.0,0.546568879787908,1.39248170794452,67.3514020151527,103.45461107838572,-0.7065669160432255,0.0
2770,1787173750,2026-08-19T21:09:10+00:00,FLOKIUSDT,LONG,ema_cross_confirmed,tp,tp,2.179e-05,2.1422758620689653e-05,2.2524482758620693e-05,2.254e-05,2.042253521126753,1.685366587013983,3.370733174027966,2.0,2.179e-05,0.0,1787173751.058,1.058000087738037,,,,2.3,1,0,2.0,ok,1787169600,2026-08-19T20:00:00+00:00,0.0,2.4929444967074317,4.608737397983682,3.297220913801225,5.028735632183901,5.584978334135768,0.0,1.1093619981703788,2.6615574143935423,161.8661146579221,94.04171968857031,-1.2464722483537158,0.0
2771,1787173751,2026-08-19T21:09:11+00:00,MOODENGUSDT,LONG,ema_cross_confirmed,tp,tp,0.0376,0.03678896551724138,0.03922206896551724,0.03922206896551724,2.0,2.157006603081436,4.314013206162872,2.0,0.0376,0.0,1787173752.466,1.4660000801086426,,,,6.9,1,0,2.0,ok,1787169600,2026-08-19T20:00:00+00:00,0.0,1.8970189701896998,2.0629750271444185,2.525115395058377,3.3105335157318816,3.7077725899478278,0.0,1.041192404046008,1.7128206143520397,490.606226105953,582.5436985850371,-0.9485094850948499,0.0
2772,1787173754,2026-08-19T21:09:14+00:00,ZAMAUSDT,LONG,ema_cross_confirmed,tp,tp,0.04515,0.043277068965517244,0.04889586206896552,0.0515,3.3904078063150123,4.148241493871003,8.296482987742007,2.0,0.04515,0.0,1787173754.898,0.8980000019073486,,,,2.3,1,0,2.0,ok,1787169600,2026-08-19T20:00:00+00:00,0.0,1.8267929634641527,-1.5267175572519065,2.3297896403528684,3.2798009500113094,6.37864736484959,0.0,2.3063664558770713,1.3331264604129813,2.71652561076247,9.793591352485683,-0.9133964817320763,0.0
2773,1787173755,2026-08-19T21:09:15+00:00,VANAUSDT,LONG,ema_cross_confirmed,tp,tp,0.9,0.8806034482758621,0.9387931034482758,0.9387931034482758,2.0,2.1551724137931,4.3103448275862,2.0,0.9,0.0,1787173755.988,0.9879999160766602,,,,5.1,1,0,2.0,ok,1787169600,2026-08-19T20:00:00+00:00,0.0,1.5801354401805883,2.2727272727272747,1.3513513513513524,2.156640181611807,2.2727272727272747,0.0,0.7442060884396092,7.154297122252958,2735.0816495986714,2652.606902123924,-0.7900677200902941,0.0
2774,1787173814,2026-08-19T21:10:14+00:00,BONKUSDT,LONG,ema_cross_confirmed,tp,tp,2.44e-06,2.381603448275862e-06,2.5567931034482756e-06,2.56e-06,2.054915854738713,2.3933013001695826,4.786602600339165,2.0,2.44e-06,0.0,1787173815.304,1.303999900817871,,,,3.9,1,0,2.0,ok,1787169600,2026-08-19T20:00:00+00:00,0.0,1.413133832086451,2.434928631402188,2.2954924874791276,2.853545950482586,3.8559322033898336,0.0,0.546568879787908,1.39248170794452,67.3514020151527,103.45461107838572,-0.7065669160432255,0.0
2775,1787174101,2026-08-19T21:15:01+00:00,RAYUSDT,LONG,ema_cross_confirmed,tp,tp,0.6506,0.6415068965517241,0.6687862068965517,0.6693,2.0565036025786956,1.3976488546381576,2.795297709276315,2.0,0.6506,0.0,1787174101.64,0.6400001049041748,,,,4.2,1,10,2.0,ok,1787169600,2026-08-19T20:00:00+00:00,0.0,1.7654476670870094,2.427415516420749,2.3967202775149783,2.981287662543598,4.153969526864462,0.0,0.8635261455071694,2.184405630853514,41.27552656901529,99.52634305800106,-0.8827238335435047,0.0
2776,1787174116,2026-08-19T21:15:16+00:00,UVXYUSDT,SHORT,ema_cross_confirmed,sl,sl,19.54,20.086896551724138,18.446206896551722,20.11,-1.0422446406052954,2.7988564571347934,5.597712914269587,2.0,19.54,0.0,1787174117.364,1.3640000820159912,,,,6.5,1,5,2.0,ok,1787169600,2026-08-19T20:00:00+00:00,-0.0,0.10193679918450342,1.3588324106693486,0.717948717948721,1.437371663244359,2.361396303901442,0.0,0.3154272923529868,0.3285136514581799,23.369565217391305,22.705243216609748,-0.05096839959225171,0.0
2778,1787174142,2026-08-19T21:15:42+00:00,TRUMPUSDT,LONG,ema_cross_confirmed,sl,sl,1.687,1.6559655172413794,1.7180344827586207,1.6559655172413794,-1.0,1.8396255340024088,1.8396255340024088,1.0,1.687,0.0,1787174143.167,1.1670000553131104,,,,4.8,3,93,1.0,ok,1787169600,2026-08-19T20:00:00+00:00,0.0,6.024096385542174,9.015829318651067,6.2918340026773825,10.201249132546844,10.354412786657402,0.0,3.2674570090116246,9.996312423580033,280.51980453438387,146.53481228632185,-3.012048192771087,0.0
2779,1787174151,2026-08-19T21:15:51+00:00,TSTBSCUSDT,LONG,ema_cross_confirmed,tp,tp,0.015152,0.014046448275862069,0.017363103448275866,0.017363103448275866,2.0000000000000018,7.296407894257732,14.592815788515475,2.0000000000000018,0.015152,0.0,1787174151.419,0.41899991035461426,,,,2.9,1,91,2.0,ok,1787169600,2026-08-19T20:00:00+00:00,0.0,0.7837095585772711,-0.41037860736033593,1.874407903640555,2.5307890106915756,7.578833401001485,0.0,0.8306731255173182,0.7129135790815122,4.244452879671487,-123.57787416435367,-0.39185477928863555,0.0
2780,1787174158,2026-08-19T21:15:58+00:00,SKYAIUSDT,LONG,overheated_confirmed,tp,tp,0.07026,0.06230571428571429,0.08616857142857143,0.08616857142857143,2.0,11.321215078687322,22.642430157374644,2.0,0.07026,0.0,1787174159.003,1.003000020980835,,,,2.2,1,28,2.0,ok,1787169600,2026-08-19T20:00:00+00:00,0.0,2.425595238095248,2.746678608747587,3.130590339892672,3.2796660703637355,6.5026902382782445,0.0,2.631109276881219,0.19604361251004201,-37.04715495176216,-47.41820944190178,-1.212797619047624,0.0
2781,1787207838,2026-08-20T06:37:18+00:00,BIOUSDT,LONG,overheated_early,tp,tp,0.02982,0.028802142857142856,0.031855714285714286,0.031855714285714286,2.0,3.413337165852258,6.826674331704516,2.0,0.02982,0.0,,,,,,,,,,ok,1787202000,2026-08-20T05:00:00+00:00,0.0,0.10463899546563926,-0.416377515614152,1.8920812894183685,1.9635343618513375,3.142655367231633,0.0,0.5780128517277136,0.9900955227047111,139.4247549804045,170.47444239127546,-0.05231949773281963,0.0
2782,1787207843,2026-08-20T06:37:23+00:00,KORUUSDT,LONG,overheated_early,sl,sl,20.793,19.199785714285714,23.97942857142857,19.171,-1.0180676978255996,7.662262712039079,15.324525424078159,2.0,20.793,0.0,,,,,,,,,,ok,1787202000,2026-08-20T05:00:00+00:00,0.0,-1.9880620005776464,-2.1152829190904177,2.8960566427377255,4.725145048677345,4.725145048677345,0.0,1.5401256558604288,0.5126353704127382,133.66310685972613,201.03364884906912,0.9940310002888232,0.0
2783,1787207865,2026-08-20T06:37:45+00:00,BMNRUSDT,LONG,overheated_early,sl,sl,21.71,21.06607142857143,22.997857142857143,21.06607142857143,-1.0,2.966045930117784,5.932091860235568,2.0,21.71,0.0,,,,,,,,,,ok,1787202000,2026-08-20T05:00:00+00:00,0.0,0.18604651162790303,-0.046403712296991015,0.6993006993007093,0.6993006993007093,2.7777777777777772,0.0,0.17591899489568247,0.6066157324560933,68.53386681909117,127.83598952918132,-0.09302325581395152,0.0
2784,1787207875,2026-08-20T06:37:55+00:00,MSTRXUSDT,LONG,overheated_early,tp,tp,108.39,105.44357142857143,114.28285714285715,114.5,2.073696969696971,2.7183583092799792,5.436716618559971,2.000000000000005,108.39,0.0,,,,,,,,,,ok,1787202000,2026-08-20T05:00:00+00:00,0.0,-0.3422123566407737,0.1859600185960045,0.7994794087571011,0.9308386856557758,2.0069398855856706,0.0,0.46233248788890496,0.3661031991658667,6.021963406305043,37.45961859826556,0.17110617832038685,0.0
2787,1787207945,2026-08-20T06:39:05+00:00,REUSDT,LONG,overheated_early,sl,sl,0.51356,0.4845548214285714,0.5715703571428572,0.48306,-1.0515363635803954,5.647865599234479,11.295731198468959,2.0,0.51356,0.0,,,,,,,,,,ok,1787202000,2026-08-20T05:00:00+00:00,0.0,-2.037730142527695,-4.008298140327478,3.21464666096556,4.773381015315251,6.077509134727517,0.0,0.7094773726819892,1.0707195210529792,19.2391597421379,67.31872602191798,1.0188650712638474,0.0
2788,1787207945,2026-08-20T06:39:05+00:00,REDUSDT,LONG,overheated_confirmed,sl,sl,0.1176,0.10981607142857143,0.13316785714285712,0.10981607142857143,-1.0,6.618986880466468,13.237973760932926,1.9999999999999982,0.1176,0.0,1787207945.684,0.6840000152587891,,,,2.0,1,0,2.0,ok,1787202000,2026-08-20T05:00:00+00:00,0.0,0.17985611510791885,14.491264131551903,4.801477377654672,16.75178753830439,17.835051546391746,0.0,7.128490673291597,7.110704134067867,5.430296221188591,-1098.8380025101258,-0.08992805755395943,0.0
2789,1787207953,2026-08-20T06:39:13+00:00,USELESSUSDT,LONG,overheated_early,tp,tp,0.04263,0.04011053571428572,0.04766892857142858,0.04766892857142858,2.0000000000000027,5.910073388961493,11.820146777923004,2.0000000000000027,0.04263,0.0,,,,,,,,,,ok,1787202000,2026-08-20T05:00:00+00:00,0.0,-0.30842230130485926,-1.6385767790262153,1.4832535885167526,1.4832535885167526,4.354066985645939,0.0,0.6359471917940634,0.20046632315247082,-78.05965506515052,-95.649575812966,0.15421115065242963,0.0
2790,1787207965,2026-08-20T06:39:25+00:00,CRCLXUSDT,LONG,overheated_early,sl,sl,82.24,79.9830357142857,86.75392857142856,79.88,-1.0456523459134406,2.7443631878821617,5.488726375764306,1.9999999999999938,82.24,0.0,,,,,,,,,,ok,1787202000,2026-08-20T05:00:00+00:00,0.0,0.8142116950407063,1.3015991074748943,1.2103248116586438,1.3981687701064214,2.4503062882860456,0.0,0.32902157360323386,0.47128711789658534,-5.74855966288758,-0.38688895177028204,-0.40710584752035317,0.0
2795,1787208067,2026-08-20T06:41:07+00:00,HYPEUSDT,LONG,overheated_confirmed,tp,tp,72.053,69.85469642857143,76.44960714285713,76.474,2.011096218675121,3.050953563943996,6.101907127887992,2.0,72.053,0.0,1787208067.808,0.8080000877380371,,,,1.7,1,0,2.0,ok,1787202000,2026-08-20T05:00:00+00:00,0.0,0.5010939374691283,2.1447528871673547,1.068853386116217,2.9642219277525017,3.745736884115816,0.0,1.1571052252393408,0.6374703787748028,16.9900086539218,17.923956825643565,-0.25054696873456417,0.0
2797,1787208073,2026-08-20T06:41:13+00:00,SKYAIUSDT,LONG,overheated_early,sl,sl,0.07223,0.063875,0.08894,0.063875,-1.0,11.56721583829434,23.13443167658868,2.0,0.07223,0.0,,,,,,,,,,ok,1787202000,2026-08-20T05:00:00+00:00,0.0,1.4544950824213814,0.08198961464881731,4.181331831620443,7.877927608232789,14.175069413999708,0.0,2.6490898228745876,1.0988692326057745,-39.90744511603786,-8.866406461472131,-0.7272475412106907,0.0
2799,1787208110,2026-08-20T06:41:50+00:00,TRUMPUSDT,LONG,overheated_early,tp,tp,1.657,1.597375,1.77625,1.77625,2.0,3.5983705491852773,7.196741098370555,2.0,1.657,0.0,,,,,,,,,,ok,1787202000,2026-08-20T05:00:00+00:00,0.0,-0.3627569528415965,-2.0796197266785588,1.9559902200489014,4.455445544554445,10.396039603960391,0.0,0.3264860426162184,0.8849996356845319,-22.0976554294322,12.13220711124115,0.18137847642079824,0.0
2801,1787208234,2026-08-20T06:43:54+00:00,BOMEUSDT,LONG,overheated_early,tp,tp,0.0009727,0.0009172428571428571,0.0010836142857142857,0.0010836142857142857,2.0,5.701361453391884,11.402722906783769,2.0,0.0009727,0.0,,,,,,,,,,ok,1787202000,2026-08-20T05:00:00+00:00,0.0,2.5334503180522003,6.784694460308399,3.8674033149171256,5.74867814152323,10.731534927553303,0.0,0.5212570302380554,2.4715993183957483,43.21197453569737,-13.669705956234445,-1.2667251590261002,0.0
2806,1787208305,2026-08-20T06:45:05+00:00,ETHUSDT,LONG,overheated_confirmed,tp,tp,2261.11,2215.2239285714286,2352.882142857143,2352.882142857143,2.0,2.0293604215881373,4.058720843176275,2.0,2261.11,0.0,1787208306.336,1.3359999656677246,,,,2.4,1,6,2.0,ok,1787202000,2026-08-20T05:00:00+00:00,0.0,-0.06980135512438464,-0.15281350089511636,0.592164521853912,0.6844672748838372,2.1467146714671386,0.0,0.017552629578122817,0.2291884306450382,-21.431858838890538,49.316605311707704,0.03490067756219232,0.0
2807,1787208309,2026-08-20T06:45:09+00:00,ARBUSDT,LONG,overheated_confirmed,tp,tp,0.0882,0.08581017857142857,0.09297964285714286,0.09303,2.021071508630352,2.709548104956268,5.419096209912536,2.0,0.0882,0.0,1787208309.974,0.9739999771118164,,,,2.0,1,3,2.0,ok,1787202000,2026-08-20T05:00:00+00:00,0.0,-0.5811303555150529,-0.8410046596204165,0.9424204114469616,1.1607861165383255,1.8296892980437216,0.0,0.6118003434871611,0.3971135258959732,13.700837838238295,62.63939663871109,0.29056517775752644,0.0
2811,1787209029,2026-08-20T06:57:09+00:00,HEIUSDT,SHORT,ema_cross,sl,sl,0.12873,0.13682862068965518,0.11253275862068966,0.137,-1.021161543046922,6.291168095747042,12.582336191494093,2.0000000000000018,0.12873,0.0,1787209030.234,1.2339999675750732,0.86,,,,,,,ok,1787202000,2026-08-20T05:00:00+00:00,-0.0,-1.87087015365018,-5.386262559710089,4.012789768185471,5.428617728082978,7.840212166418042,0.0,0.09344045682146802,0.43549809908775855,-45.6640949349571,-50.7781497212578,0.93543507682509,0.0
2956,1787209030,2026-08-20T06:57:10+00:00,HEIUSDT,SHORT,ema_cross_confirmed,ttl_expired,,0.12873,0.12873,0.12873,,,0.0,0.0,,0.12873,0.0,,,,,,,,,,ok,1787202000,2026-08-20T05:00:00+00:00,-0.0,-1.87087015365018,-5.386262559710089,4.012789768185471,5.428617728082978,7.840212166418042,0.0,0.09344045682146802,0.43549809908775855,-45.6640949349571,-50.7781497212578,0.93543507682509,0.0
2812,1787209064,2026-08-20T06:57:44+00:00,GPSUSDT,SHORT,ema_cross,sl,sl,0.011987,0.013556241379310344,0.008848517241379309,0.013654,-1.0622967390348954,13.091193620675268,26.18238724135055,2.000000000000001,0.011987,0.0,1787209064.488,0.48799991607666016,0.77,,,,,,,ok,1787202000,2026-08-20T05:00:00+00:00,-0.0,1.6304347826086978,-0.9123162696401458,2.567133930079382,3.4031413612565493,6.210425882557042,0.0,1.6975993670262164,0.21727591058264903,0.4703166454191503,22.75338376373644,-0.8152173913043489,0.0
2957,1787209064,2026-08-20T06:57:44+00:00,GPSUSDT,SHORT,ema_cross_confirmed,ttl_expired,,0.011987,0.011987,0.011987,,,0.0,0.0,,0.011987,0.0,,,,,,,,,,ok,1787202000,2026-08-20T05:00:00+00:00,-0.0,1.6304347826086978,-0.9123162696401458,2.567133930079382,3.4031413612565493,6.210425882557042,0.0,1.6975993670262164,0.21727591058264903,0.4703166454191503,22.75338376373644,-0.8152173913043489,0.0
2813,1787209107,2026-08-20T06:58:27+00:00,CHIPUSDT,LONG,ema_cross,tp,tp,0.0294,0.027422758620689654,0.03335448275862069,0.03356,2.1039414021625396,6.725310813980764,13.45062162796154,2.0000000000000018,0.0294,0.0,1787209108.381,1.38100004196167,0.152,,,,,,,ok,1787202000,2026-08-20T05:00:00+00:00,0.0,1.5437392795883447,2.139406487232583,3.575111722241317,5.239259517988129,7.530335474660959,0.0,1.5437962597060184,0.9038909439649268,170.22322342822036,128.31680087663653,-0.7718696397941723,0.0
2958,1787209108,2026-08-20T06:58:28+00:00,CHIPUSDT,LONG,ema_cross_confirmed,ttl_expired,,0.0294,0.0294,0.0294,,,0.0,0.0,,0.0294,0.0,,,,,,,,,,ok,1787202000,2026-08-20T05:00:00+00:00,0.0,1.5437392795883447,2.139406487232583,3.575111722241317,5.239259517988129,7.530335474660959,0.0,1.5437962597060184,0.9038909439649268,170.22322342822036,128.31680087663653,-0.7718696397941723,0.0
2814,1787209120,2026-08-20T06:58:40+00:00,CROUSDT,LONG,ema_cross,tp,tp,0.0496,0.04907344827586207,0.05065310344827586,0.05079,2.2599869024230617,1.0615962180200207,2.1231924360400414,2.0,0.0496,0.0,1787209120.422,0.4219999313354492,0.51,,,,,,,ok,1787202000,2026-08-20T05:00:00+00:00,0.0,0.18214936247723093,-0.900900900900899,0.7896335290544534,1.2405938580435214,2.0744356314826113,0.0,0.42624694879826047,1.0177031650267614,-15.914341444519762,56.818657936864426,-0.09107468123861547,0.0
2959,1787209120,2026-08-20T06:58:40+00:00,CROUSDT,LONG,ema_cross_confirmed,ttl_expired,,0.0496,0.0496,0.0496,,,0.0,0.0,,0.0496,0.0,,,,,,,,,,ok,1787202000,2026-08-20T05:00:00+00:00,0.0,0.18214936247723093,-0.900900900900899,0.7896335290544534,1.2405938580435214,2.0744356314826113,0.0,0.42624694879826047,1.0177031650267614,-15.914341444519762,56.818657936864426,-0.09107468123861547,0.0
2815,1787209142,2026-08-20T06:59:02+00:00,DYDXUSDT,LONG,ema_cross,tp,tp,0.11107,0.10866172413793103,0.11588655172413793,0.11598,2.0388029782359607,2.168250528557642,4.336501057115272,1.9999999999999942,0.11107,0.0,1787209143.3,1.2999999523162842,0.555,,,,,,,ok,1787202000,2026-08-20T05:00:00+00:00,0.0,-1.4007851534618148,-1.1538461538461533,1.557971014492753,2.5815217391304395,2.5815217391304395,0.0,0.9630311422654864,0.49501861421234755,-53.51789972479628,-90.5303003327124,0.7003925767309074,0.0
2960,1787209143,2026-08-20T06:59:03+00:00,DYDXUSDT,LONG,ema_cross_confirmed,ttl_expired,,0.11107,0.11107,0.11107,,,0.0,0.0,,0.11107,0.0,,,,,,,,,,ok,1787202000,2026-08-20T05:00:00+00:00,0.0,-1.4007851534618148,-1.1538461538461533,1.557971014492753,2.5815217391304395,2.5815217391304395,0.0,0.9630311422654864,0.49501861421234755,-53.51789972479628,-90.5303003327124,0.7003925767309074,0.0
2816,1787209145,2026-08-20T06:59:05+00:00,EPICUSDT,SHORT,ema_cross,sl,sl,0.3295,0.3459896551724138,0.2965206896551724,0.3459896551724138,-1.0,5.004447700277328,10.008895400554657,2.0,0.3295,0.0,1787209146.273,1.2730000019073486,0.318,,,,,,,ok,1787202000,2026-08-20T05:00:00+00:00,-0.0,0.4230885463886408,3.513909224011716,1.2812690665039772,1.4045801526717536,5.160305343511442,0.0,1.4380515447903928,1.0507845742777655,-29.892818108098577,31.470931772708393,-0.2115442731943204,0.0
2961,1787209146,2026-08-20T06:59:06+00:00,EPICUSDT,SHORT,ema_cross_confirmed,ttl_expired,,0.3295,0.3295,0.3295,,,0.0,0.0,,0.3295,0.0,,,,,,,,,,ok,1787202000,2026-08-20T05:00:00+00:00,-0.0,0.4230885463886408,3.513909224011716,1.2812690665039772,1.4045801526717536,5.160305343511442,0.0,1.4380515447903928,1.0507845742777655,-29.892818108098577,31.470931772708393,-0.2115442731943204,0.0
2817,1787209183,2026-08-20T06:59:43+00:00,SKYAIUSDT,LONG,ema_cross,tp,tp,0.07223,0.06663896551724138,0.08341206896551724,0.08341206896551724,2.0,7.740598757799557,15.481197515599114,2.0,0.07223,0.0,1787209183.667,0.6670000553131104,0.248,,,,,,,ok,1787202000,2026-08-20T05:00:00+00:00,0.0,1.4544950824213814,0.08198961464881731,4.181331831620443,7.877927608232789,14.175069413999708,0.0,2.6490898228745876,1.0988692326057745,-39.90744511603786,-8.866406461472131,-0.7272475412106907,0.0
2962,1787209183,2026-08-20T06:59:43+00:00,SKYAIUSDT,LONG,ema_cross_confirmed,ttl_expired,,0.07223,0.07223,0.07223,,,0.0,0.0,,0.07223,0.0,,,,,,,,,,ok,1787202000,2026-08-20T05:00:00+00:00,0.0,1.4544950824213814,0.08198961464881731,4.181331831620443,7.877927608232789,14.175069413999708,0.0,2.6490898228745876,1.0988692326057745,-39.90744511603786,-8.866406461472131,-0.7272475412106907,0.0
2819,1787209280,2026-08-20T07:01:20+00:00,AVAAIUSDT,LONG,ema_cross,tp,tp,0.014495,0.013552689655172413,0.01637962068965517,0.01637962068965517,1.9999999999999982,6.500933734581488,13.001867469162963,1.9999999999999982,0.014495,0.0,1787209281.08,1.0799999237060547,0.217,,,,,,,ok,1787205600,2026-08-20T06:00:00+00:00,0.0,-1.0818953711311978,0.3194444444444507,2.542491923022893,4.683274021352317,7.864768683274022,0.0,2.5212077639347124,0.3411188828261374,-30.12542257606369,21.25182176809178,0.5409476855655989,0.0
2820,1787209287,2026-08-20T07:01:27+00:00,WLDUSDT,LONG,ema_cross,tp,tp,0.3589,0.34737241379310346,0.38195517241379306,0.38195517241379306,2.0,3.2119214842286246,6.423842968457249,2.0,0.3589,0.0,1787209287.986,0.9860000610351562,0.185,,,,,,,ok,1787205600,2026-08-20T06:00:00+00:00,0.0,0.6429969247973074,1.06681639528354,1.1207621182404044,1.2048192771084412,2.5691699604743072,0.0,1.0206188066772763,0.737326421227441,124.91267007494568,170.66385762672584,-0.3214984623986537,0.0
2963,1787209287,2026-08-20T07:01:27+00:00,WLDUSDT,LONG,ema_cross_confirmed,ttl_expired,,0.3589,0.3589,0.3589,,,0.0,0.0,,0.3589,0.0,,,,,,,,,,ok,1787205600,2026-08-20T06:00:00+00:00,0.0,0.6429969247973074,1.06681639528354,1.1207621182404044,1.2048192771084412,2.5691699604743072,0.0,1.0206188066772763,0.737326421227441,124.91267007494568,170.66385762672584,-0.3214984623986537,0.0
2821,1787209301,2026-08-20T07:01:41+00:00,BANANAS31USDT,LONG,ema_cross,tp,tp,0.008966,0.008750310344827586,0.009397379310344827,0.009523,2.5824140687449977,2.4056396963240507,4.811279392648082,1.999999999999992,0.008966,0.0,1787209302.148,1.1480000019073486,0.441,,,,,,,ok,1787205600,2026-08-20T06:00:00+00:00,0.0,0.5734202833370694,-0.3897550111358609,0.7302550275250065,0.8095345176523402,1.2817629862828817,0.0,0.6079933522784943,0.43194600674915634,67.16417910447761,80.1511920914906,-0.2867101416685347,0.0
2964,1787209302,2026-08-20T07:01:42+00:00,BANANAS31USDT,LONG,ema_cross_confirmed,ttl_expired,,0.008966,0.008966,0.008966,,,0.0,0.0,,0.008966,0.0,,,,,,,,,,ok,1787205600,2026-08-20T06:00:00+00:00,0.0,0.5734202833370694,-0.3897550111358609,0.7302550275250065,0.8095345176523402,1.2817629862828817,0.0,0.6079933522784943,0.43194600674915634,67.16417910447761,80.1511920914906,-0.2867101416685347,0.0
2822,1787209329,2026-08-20T07:02:09+00:00,DIAUSDT,LONG,ema_cross,tp,tp,0.1311,0.1261103448275862,0.14107931034482757,0.1413,2.0442294402211525,3.805991740971615,7.61198348194323,2.0,0.1311,0.0,1787209329.86,0.8599998950958252,0.348,,,,,,,ok,1787205600,2026-08-20T06:00:00+00:00,0.0,-0.9878419452887505,-1.8825301204819294,1.8504240555127103,1.8504240555127103,2.3901310717039257,0.0,0.5502648969940275,0.9756351817320356,78.67473810127959,103.26539496375669,0.49392097264437523,0.0
2965,1787209329,2026-08-20T07:02:09+00:00,DIAUSDT,LONG,ema_cross_confirmed,ttl_expired,,0.1311,0.1311,0.1311,,,0.0,0.0,,0.1311,0.0,,,,,,,,,,ok,1787205600,2026-08-20T06:00:00+00:00,0.0,-0.9878419452887505,-1.8825301204819294,1.8504240555127103,1.8504240555127103,2.3901310717039257,0.0,0.5502648969940275,0.9756351817320356,78.67473810127959,103.26539496375669,0.49392097264437523,0.0
2823,1787210111,2026-08-20T07:15:11+00:00,GPSUSDT,SHORT,ema_cross_confirmed,open,,0.01178,0.01491848275862069,0.00550303448275862,,,26.642468239564433,53.284936479128866,2.0,0.01178,0.0,1787210112.271,1.2709999084472656,,,,2.7,1,17,2.0,ok,1787205600,2026-08-20T06:00:00+00:00,-0.0,1.2054244098442997,1.7646079573830562,2.59950566777465,3.5199863632489574,4.3637603341004025,0.0,1.4619925859289769,0.2925384281729675,15.742725355373036,15.272408709953886,-0.6027122049221498,0.0
2824,1787210116,2026-08-20T07:15:16+00:00,AVAAIUSDT,LONG,ema_cross_confirmed,tp,tp,0.015147,0.013733534482758622,0.01797393103448276,0.01797393103448276,2.0,9.331653246460547,18.663306492921095,2.0,0.015147,0.0,1787210116.697,0.6970000267028809,,,,6.4,1,13,2.0,ok,1787205600,2026-08-20T06:00:00+00:00,0.0,-1.0818953711311978,0.3194444444444507,2.542491923022893,4.683274021352317,7.864768683274022,0.0,2.5212077639347124,0.3411188828261374,-30.12542257606369,21.25182176809178,0.5409476855655989,0.0
2968,1787210152,2026-08-20T07:15:52+00:00,MVLLUSDT,LONG,overheated_confirmed,ttl_expired,,32.01,32.01,32.01,,,0.0,0.0,,32.01,0.0,,,,,,,,,,ok,1787205600,2026-08-20T06:00:00+00:00,0.0,1.488755147291729,0.7864108210128972,1.9974635383639905,2.5502072043353543,2.5502072043353543,0.0,1.0611435182440085,1.0188799937688182,58.96860986547085,30.609772297030588,-0.7443775736458645,0.0
2969,1787210164,2026-08-20T07:16:04+00:00,UPUSDT,LONG,overheated_confirmed,ttl_expired,,0.3954,0.3954,0.3954,,,0.0,0.0,,0.3954,0.0,,,,,,,,,,ok,1787205600,2026-08-20T06:00:00+00:00,0.0,1.971977166580175,2.8257456828885483,2.45922857882475,2.6984950700570742,5.154091392136018,0.0,1.163738740880474,0.5645290698812155,191.74757281553397,268.5624293152526,-0.9859885832900875,0.0
2832,1787210240,2026-08-20T07:17:20+00:00,BOMEUSDT,LONG,overheated_confirmed,tp,tp,0.0010396,0.000984142857142857,0.0011505142857142856,0.0011505142857142856,2.0,5.334469301379652,10.668938602759305,2.0,0.0010396,0.0,1787210240.629,0.6289999485015869,,,,1.8,1,0,2.0,ok,1787205600,2026-08-20T06:00:00+00:00,0.0,7.615787784789816,13.108487914558742,9.366212416179973,11.734806629834264,16.430627518710423,0.0,2.8005909908028306,7.222589847904252,214.36758595606955,171.15561142037217,-3.807893892394908,0.0
2833,1787210242,2026-08-20T07:17:22+00:00,EDGEXUSDT,LONG,overheated_confirmed,tp,tp,0.3369,0.3238392857142857,0.3630214285714285,0.3631,2.0060158599945352,3.8767332400457875,7.753466480091575,2.0,0.3369,0.0,1787210243.007,1.0069999694824219,,,,1.8,1,0,2.0,ok,1787205600,2026-08-20T06:00:00+00:00,0.0,6.189555125725355,6.498545101842873,6.8887451487710365,7.340045469308219,7.795172863666025,0.0,3.415799617376455,1.933014746600488,712.2026887280248,709.7662480500587,-3.0947775628626775,0.0
2837,1787211014,2026-08-20T07:30:14+00:00,EPICUSDT,SHORT,ema_cross_confirmed,sl,sl,0.3294,0.3623793103448276,0.26344137931034484,0.3623793103448276,-1.0,10.01193392374851,20.02386784749702,2.0,0.3294,0.0,1787211014.768,0.7679998874664307,,,,2.0,1,30,2.0,ok,1787205600,2026-08-20T06:00:00+00:00,-0.0,0.18209408194233365,0.9038867128653051,0.9459871833994483,1.3121757705218267,4.305343511450381,0.0,0.12086561027405329,0.4022628363110807,-60.924338052251755,-31.031519944153178,-0.09104704097116682,0.0
2839,1787211277,2026-08-20T07:34:37+00:00,WETUSDT,LONG,ema_cross,tp,tp,0.07326,0.07217862068965518,0.07542275862068966,0.07542275862068966,2.0,1.476084234704923,2.952168469409846,2.0,0.07326,0.0,1787211277.789,0.7890000343322754,0.185,,,,,,,ok,1787205600,2026-08-20T06:00:00+00:00,0.0,0.17793594306050523,0.7155635062611897,0.7940854326396647,1.1958762886598073,2.3637374860956717,0.0,0.611423365411292,0.9519315836036568,301.4925373134328,362.5390489413398,-0.08896797153025261,0.0
2978,1787211277,2026-08-20T07:34:37+00:00,WETUSDT,LONG,ema_cross_confirmed,ttl_expired,,0.07326,0.07326,0.07326,,,0.0,0.0,,0.07326,0.0,,,,,,,,,,ok,1787205600,2026-08-20T06:00:00+00:00,0.0,0.17793594306050523,0.7155635062611897,0.7940854326396647,1.1958762886598073,2.3637374860956717,0.0,0.611423365411292,0.9519315836036568,301.4925373134328,362.5390489413398,-0.08896797153025261,0.0
2841,1787212180,2026-08-20T07:49:40+00:00,REDUSDT,LONG,overheated_early,sl,sl,0.1121,0.10431607142857144,0.12766785714285714,0.1041,-1.0277586602431765,6.943736459793547,13.887472919587093,2.0,0.1121,0.0,,,,,,,,,,ok,1787205600,2026-08-20T06:00:00+00:00,0.0,5.565529622980249,20.12257405515832,8.318264014466546,10.61865189289013,23.505154639175256,0.0,6.308144722653315,9.096069439250497,59.465494153842315,54.03519793265372,-2.7827648114901247,0.0
2845,1787212512,2026-08-20T07:55:12+00:00,BIOUSDT,LONG,overheated_confirmed,tp,tp,0.03049,0.029472142857142856,0.03252571428571428,0.03253,2.0042105263157923,3.3383310687344814,6.676662137468951,1.9999999999999967,0.03049,0.0,1787212512.978,0.9779999256134033,,,,1.6,1,1,2.0,ok,1787205600,2026-08-20T06:00:00+00:00,0.0,4.494773519163761,3.771626297577857,6.274233345082836,6.274233345082836,6.274233345082836,0.0,2.775913008477939,2.247466001210769,130.04779499854976,-9.376959981854725,-2.2473867595818806,0.0
2846,1787212805,2026-08-20T08:00:05+00:00,HEIUSDT,SHORT,ema_cross_confirmed,sl,sl,0.12606,0.14225724137931034,0.09366551724137934,0.1423,-1.0026398705611863,12.848834982794171,25.697669965588343,2.0,0.12606,0.0,1787212805.936,0.9360001087188721,,,,1.6,1,62,2.0,ok,1787209200,2026-08-20T07:00:00+00:00,-0.0,0.6384488058642745,-0.3582517315500406,1.8310644057001804,3.542711567550362,5.428617728082978,0.0,1.505859173907754,0.7119310859390897,8.593040499373485,-29.878171356534565,-0.3192244029321373,0.0
2847,1787212813,2026-08-20T08:00:13+00:00,MONUSDT,LONG,overheated_confirmed,tp,tp,0.02506,0.024237142857142856,0.026705714285714284,0.026705714285714284,2.0,3.2835480560939447,6.5670961121878895,2.0,0.02506,0.0,1787212813.514,0.5139999389648438,,,,1.6,1,44,2.0,ok,1787209200,2026-08-20T07:00:00+00:00,0.0,0.320256204963972,4.5473508552357,1.0860820595333844,3.5861500412201126,6.0337552742616065,0.0,1.1386550077800799,2.2343573895655338,112.84277912665601,153.72087206570248,-0.160128102481986,0.0
2848,1787212817,2026-08-20T08:00:17+00:00,EDGEXUSDT,LONG,overheated_confirmed,sl,sl,0.3655,0.35243928571428573,0.38509107142857135,0.3491,-1.2556740497675694,3.573382841508689,5.360074262263026,1.4999999999999978,0.3655,0.0,1787212817.926,0.9260001182556152,,,,1.8,2,43,1.5,ok,1787209200,2026-08-20T07:00:00+00:00,0.0,10.959319975713406,18.553357119688606,11.585365853658528,18.3699870633894,19.373776908023487,0.0,4.900941792386211,2.486336231272825,37.61140819964349,-674.5912805283813,-5.479659987856703,0.0
2991,1787212820,2026-08-20T08:00:20+00:00,USELESSUSDT,LONG,overheated_confirmed,ttl_expired,,0.04516,0.04516,0.04516,,,0.0,0.0,,0.04516,0.0,,,,,,,,,,ok,1787209200,2026-08-20T07:00:00+00:00,0.0,4.43520443520443,7.259786476868328,4.78060046189377,8.152562574493443,8.54066985645934,0.0,2.389749540405957,3.3229014388183424,313.23953407911426,3.456925383462078,-2.217602217602215,0.0
2990,1787212828,2026-08-20T08:00:28+00:00,EDGEXUSDT,LONG,overheated_confirmed,ttl_expired,,0.3629,0.3629,0.3629,,,0.0,0.0,,0.3629,0.0,1787212817.926,10.073999881744385,,,,1.8,2,43,1.5,ok,1787209200,2026-08-20T07:00:00+00:00,0.0,10.959319975713406,18.553357119688606,11.585365853658528,18.3699870633894,19.373776908023487,0.0,4.900941792386211,2.486336231272825,37.61140819964349,-674.5912805283813,-5.479659987856703,0.0
2850,1787212855,2026-08-20T08:00:55+00:00,METUSDT,LONG,overheated_confirmed,sl,sl,0.2181,0.21027321428571427,0.23375357142857142,0.21,-1.0349075975359334,3.588622519158972,7.177245038317944,2.0,0.2181,0.0,1787212855.802,0.8020000457763672,,,,1.7,1,80,2.0,ok,1787209200,2026-08-20T07:00:00+00:00,0.0,0.0,1.6309412861136883,3.2212885154061572,5.688336520076479,7.570675610924776,0.0,0.6086887598559935,2.1611431615771934,180.2887542399907,235.31157338199097,0.0,0.0
2992,1787212864,2026-08-20T08:01:04+00:00,ARBUSDT,LONG,overheated_confirmed,ttl_expired,,0.08889,0.08889,0.08889,,,0.0,0.0,,0.08889,0.0,,,,,,,,,,ok,1787209200,2026-08-20T07:00:00+00:00,0.0,0.07877560207067368,1.3331814038286127,1.4964289763065433,3.109524357940797,3.109524357940797,0.0,1.2458881560144095,0.8541716859670861,-17.19318398660986,-181.42821157824366,-0.03938780103533684,0.0
2851,1787212946,2026-08-20T08:02:26+00:00,MAGMAUSDT,LONG,overheated_early,tp,tp,0.22841,0.21268678571428573,0.25985642857142854,0.26103,2.074639409426463,6.883767911087199,13.767535822174398,2.0,0.22841,0.0,,,,,,,,,,ok,1787209200,2026-08-20T07:00:00+00:00,0.0,-2.092032198355635,0.1938240606140803,6.598755972234736,6.963851077255924,12.597511144130765,0.0,1.925947641134548,3.060056539755191,48.083309557774605,56.05570915448104,1.0460160991778176,0.0
2993,1787212973,2026-08-20T08:02:53+00:00,METUSDT,LONG,overheated_confirmed,ttl_expired,,0.2176,0.2176,0.2176,,,0.0,0.0,,0.2176,0.0,1787213035.409,62.40899991989136,,,,1.7,1,0,2.0,ok,1787209200,2026-08-20T07:00:00+00:00,0.0,0.0,1.6309412861136883,3.2212885154061572,5.688336520076479,7.570675610924776,0.0,0.6086887598559935,2.1611431615771934,180.2887542399907,235.31157338199097,0.0,0.0
2994,1787213028,2026-08-20T08:03:48+00:00,BOMEUSDT,LONG,overheated_confirmed,ttl_expired,,0.001114,0.001114,0.001114,,,0.0,0.0,,0.001114,0.0,1787213048.239,20.23900008201599,,,,1.9,1,0,2.0,ok,1787209200,2026-08-20T07:00:00+00:00,0.0,12.52360600337939,24.161000219346345,14.972623195619708,24.908068353882747,29.92462594217572,0.0,4.649979314789674,20.51731121276165,266.6748858853033,52.30729992923375,-6.261803001689695,0.0
2998,1787213037,2026-08-20T08:03:57+00:00,AEROUSDT,LONG,overheated_confirmed,ttl_expired,,0.4646,0.4646,0.4646,,,0.0,0.0,,0.4646,0.0,,,,,,,,,,ok,1787209200,2026-08-20T07:00:00+00:00,0.0,-0.790091821481952,1.352530541012225,1.451158761100278,1.451158761100278,3.39955849889624,0.0,1.1560073312338834,0.3240149961417031,10.241635687732343,91.8207632642577,0.395045910740976,0.0
2999,1787213041,2026-08-20T08:04:01+00:00,PNUTUSDT,LONG,overheated_confirmed,ttl_expired,,0.04856,0.04856,0.04856,,,0.0,0.0,,0.04856,0.0,,,,,,,,,,ok,1787209200,2026-08-20T07:00:00+00:00,0.0,0.30800821355235597,1.7072662919008834,3.2749269920734148,5.34042553191489,5.362843158118752,0.0,2.151204126574647,3.2444468091590912,-26.60290838720534,-279.13202586560203,-0.15400410677617798,0.0
2853,1787213047,2026-08-20T08:04:07+00:00,BOMEUSDT,LONG,overheated_confirmed,tp,tp,0.0011321,0.0010659875,0.0012643250000000002,0.0012657,2.0207978823974266,5.839810970762306,11.679621941524612,2.0,0.0011321,0.0,1787213048.239,1.2390000820159912,,,,1.9,1,0,2.0,ok,1787209200,2026-08-20T07:00:00+00:00,0.0,12.52360600337939,24.161000219346345,14.972623195619708,24.908068353882747,29.92462594217572,0.0,4.649979314789674,20.51731121276165,266.6748858853033,52.30729992923375,-6.261803001689695,0.0
3002,1787213047,2026-08-20T08:04:07+00:00,BIOUSDT,LONG,overheated_confirmed,ttl_expired,,0.03118,0.03118,0.03118,,,0.0,0.0,,0.03118,0.0,1787213112.347,65.34699988365173,,,,1.7,1,0,2.0,ok,1787209200,2026-08-20T07:00:00+00:00,0.0,4.134711570523513,8.929194279734913,4.852744310575624,10.433556573845602,10.433556573845602,0.0,2.3846583267323136,1.8012023049404777,-13.416081481846936,-143.4638764803967,-2.0673557852617566,0.0
3000,1787213084,2026-08-20T08:04:44+00:00,MONUSDT,LONG,overheated_confirmed,ttl_expired,,0.02507,0.02507,0.02507,,,0.0,0.0,,0.02507,0.0,1787213105.825,21.825000047683716,,,,1.6,1,0,2.0,ok,1787209200,2026-08-20T07:00:00+00:00,0.0,0.320256204963972,4.5473508552357,1.0860820595333844,3.5861500412201126,6.0337552742616065,0.0,1.1386550077800799,2.2343573895655338,112.84277912665601,153.72087206570248,-0.160128102481986,0.0
2996,1787213088,2026-08-20T08:04:48+00:00,ETHUSDT,LONG,overheated_confirmed,ttl_expired,,2250.57,2250.57,2250.57,,,0.0,0.0,,2250.57,0.0,,,,,,,,,,ok,1787209200,2026-08-20T07:00:00+00:00,0.0,-0.43950601999443123,0.1089256815635625,0.8364527629233504,1.2832599807868366,1.2832599807868366,0.0,0.5377315761895183,0.45990567882048816,-35.14661252842144,-250.0929230813726,0.21975300999721561,0.0
3001,1787213112,2026-08-20T08:05:12+00:00,AVAAIUSDT,LONG,overheated_confirmed,ttl_expired,,0.015886,0.015886,0.015886,,,0.0,0.0,,0.015886,0.0,,,,,,,,,,ok,1787209200,2026-08-20T07:00:00+00:00,0.0,10.369652498961646,12.503528083545012,10.824457048001097,12.536873156342171,14.042704626334512,0.0,5.53534506993824,2.9581315054170862,770.722281068392,800.8477036444557,-5.184826249480823,0.0
2997,1787213149,2026-08-20T08:05:49+00:00,HYPEUSDT,LONG,overheated_confirmed,ttl_expired,,72.028,72.028,72.028,,,0.0,0.0,,72.028,0.0,,,,,,,,,,ok,1787209200,2026-08-20T07:00:00+00:00,0.0,0.1612208308432123,1.7248923706683523,1.0154914978849683,2.0928039632387216,4.482341418447901,0.0,0.4482245247598896,0.5842039403340453,-40.84168805521342,-103.72124010198132,-0.08061041542160614,0.0
3008,1787213154,2026-08-20T08:05:54+00:00,LITUSDT,LONG,overheated_confirmed,ttl_expired,,2.937,2.937,2.937,,,0.0,0.0,,2.937,0.0,,,,,,,,,,ok,1787209200,2026-08-20T07:00:00+00:00,0.0,1.2732278045423233,5.257510729613743,2.1005509641873257,4.918612880396312,10.141158989598798,0.0,0.38721313660868606,1.4498072107549647,13.826305805174094,34.27638306262478,-0.6366139022711617,0.0
2854,1787213700,2026-08-20T08:15:00+00:00,CROUSDT,LONG,ema_cross_confirmed,tp,tp,0.0504,0.049610172413793105,0.05197965517241379,0.05213,2.1903514516481177,1.567118226600983,3.134236453201966,2.0,0.0504,0.0,1787213701.022,1.0220000743865967,,,,1.5,1,76,2.0,ok,1787209200,2026-08-20T07:00:00+00:00,0.0,-0.3841488071168535,-0.28334345274236233,0.8754071661237782,1.0993485342019662,1.343648208469057,0.0,0.28368581909314583,0.8528039875063937,291.30712687759666,370.7158431304963,0.19207440355842675,0.0
2855,1787213701,2026-08-20T08:15:01+00:00,DYDXUSDT,LONG,ema_cross_confirmed,tp,tp,0.11219,0.10857758620689655,0.1194148275862069,0.1194148275862069,2.0,3.219907115699664,6.439814231399328,2.0,0.11219,0.0,1787213702.271,1.2709999084472656,,,,5.5,1,75,2.0,ok,1787209200,2026-08-20T07:00:00+00:00,0.0,-0.8913297920230527,-1.784439685938617,1.0739965413670707,1.3106398470920277,3.076362974424327,0.0,0.991584449715987,0.2369191984820532,-29.751811572576315,1.2698650469118924,0.44566489601152637,0.0
2856,1787213704,2026-08-20T08:15:04+00:00,WLDUSDT,LONG,ema_cross_confirmed,tp,tp,0.3663,0.3490086206896552,0.4008827586206896,0.4015,2.035696480207402,4.720551272275403,9.441102544550805,2.0,0.3663,0.0,1787213705.33,1.3299999237060547,,,,2.3,1,73,2.0,ok,1787209200,2026-08-20T07:00:00+00:00,0.0,0.5000000000000066,0.3606102635228914,0.8625486922648836,1.569066965536563,2.0505617977528168,0.0,0.7824153633798258,0.41434032571321006,-43.739158745323245,-168.65182882026892,-0.2500000000000033,0.0
2857,1787213709,2026-08-20T08:15:09+00:00,BMNRUSDT,LONG,overheated_confirmed,sl,sl,22.04,21.396071428571428,23.32785714285714,21.15,-1.382140876317251,2.9216359865180173,5.8432719730360345,2.0,22.04,0.0,1787213710.294,1.2939999103546143,,,,5.2,1,58,2.0,ok,1787209200,2026-08-20T07:00:00+00:00,0.0,-0.780174391922892,0.5581395348837256,1.1131725417439797,1.7715617715617669,1.7715617715617669,0.0,0.9685907446155113,0.6404483330674052,-26.65064583959147,-67.78172944142291,0.390087195961446,0.0
2858,1787213710,2026-08-20T08:15:10+00:00,CRCLXUSDT,LONG,overheated_confirmed,sl,sl,83.54,81.28303571428572,88.05392857142859,80.44,-1.3735263865812184,2.7016570334142798,5.4033140668285595,2.0,83.54,0.0,1787213711.377,1.377000093460083,,,,2.9,1,58,2.0,ok,1787209200,2026-08-20T07:00:00+00:00,0.0,-1.467912167900046,0.19738465334319835,2.274975272007917,2.274975272007917,2.350903241771846,0.0,1.3378698664284097,0.9640330462659307,73.33002054509896,56.59731906542163,0.733956083950023,0.0
2859,1787213712,2026-08-20T08:15:12+00:00,WETUSDT,LONG,ema_cross_confirmed,tp,tp,0.07354,0.07191793103448275,0.07678413793103447,0.0768,2.009778911564627,2.205696172854555,4.41139234570911,2.0,0.07354,0.0,1787213713.113,1.1129999160766602,,,,3.3,1,40,2.0,ok,1787209200,2026-08-20T07:00:00+00:00,0.0,-0.1912829621533013,-0.354658300368294,0.2874743326488731,0.7940854326396647,1.3770311209033337,0.0,0.2672811019322134,0.03750532746128711,-95.91078066914498,-397.4033179825778,0.09564148107665064,0.0
2860,1787213713,2026-08-20T08:15:13+00:00,AVAAIUSDT,LONG,overheated_confirmed,tp,tp,0.016585,0.015196107142857141,0.019362785714285714,0.019362785714285714,2.0,8.374391662000951,16.748783324001902,2.0,0.016585,0.0,1787213714.321,1.321000099182129,,,,3.5,1,9,2.0,ok,1787209200,2026-08-20T07:00:00+00:00,0.0,10.369652498961646,12.503528083545012,10.824457048001097,12.536873156342171,14.042704626334512,0.0,5.53534506993824,2.9581315054170862,770.722281068392,800.8477036444557,-5.184826249480823,0.0
2861,1787213756,2026-08-20T08:15:56+00:00,AEROUSDT,LONG,overheated_confirmed,tp,tp,0.4736,0.4633571428571429,0.49408571428571424,0.49408571428571424,2.0,2.1627654440154367,4.325530888030873,2.0,0.4736,0.0,1787213756.815,0.815000057220459,,,,5.2,1,11,2.0,ok,1787209200,2026-08-20T07:00:00+00:00,0.0,-0.790091821481952,1.352530541012225,1.451158761100278,1.451158761100278,3.39955849889624,0.0,1.1560073312338834,0.3240149961417031,10.241635687732343,91.8207632642577,0.395045910740976,0.0
2864,1787214000,2026-08-20T08:20:00+00:00,IOSTUSDT,LONG,ema_cross,tp,tp,0.000557,0.0005468275862068966,0.0005773448275862068,0.000578,2.0644067796610175,1.8262861387977434,3.6525722775954867,2.0,0.000557,0.0,1787214001.292,1.2920000553131104,0.209,,,,,,,ok,1787209200,2026-08-20T07:00:00+00:00,0.0,0.0,-0.7130124777183581,0.540540540540534,0.9041591320072355,1.4466546112115692,0.0,0.5758055762008959,0.5245963209630577,-57.94423049781236,-251.41413026231217,0.0,0.0
3019,1787214001,2026-08-20T08:20:01+00:00,IOSTUSDT,LONG,ema_cross_confirmed,ttl_expired,,0.000557,0.000557,0.000557,,,0.0,0.0,,0.000557,0.0,1787214073.441,72.44099998474121,,,,2.7,1,0,2.0,ok,1787209200,2026-08-20T07:00:00+00:00,0.0,0.0,-0.7130124777183581,0.540540540540534,0.9041591320072355,1.4466546112115692,0.0,0.5758055762008959,0.5245963209630577,-57.94423049781236,-251.41413026231217,0.0,0.0
2865,1787214072,2026-08-20T08:21:12+00:00,IOSTUSDT,LONG,ema_cross_confirmed,tp,tp,0.000564,0.0005487413793103449,0.0005945172413793103,0.000595,2.0316384180790994,2.7054292002934655,5.410858400586931,2.0,0.000564,0.0,1787214073.441,1.440999984741211,,,,2.7,1,0,2.0,ok,1787209200,2026-08-20T07:00:00+00:00,0.0,0.0,-0.7130124777183581,0.540540540540534,0.9041591320072355,1.4466546112115692,0.0,0.5758055762008959,0.5245963209630577,-57.94423049781236,-251.41413026231217,0.0,0.0
2866,1787214111,2026-08-20T08:21:51+00:00,SPKUSDT,LONG,ema_cross,tp,tp,0.0146,0.014361034482758621,0.01507793103448276,0.01508,2.00865800865801,1.6367501180916364,3.273500236183285,2.000000000000007,0.0146,0.0,1787214112.064,1.063999891281128,0.271,,,,,,,ok,1787209200,2026-08-20T07:00:00+00:00,0.0,-0.06844626967829974,0.0,0.8241758241758262,1.3112491373361004,2.0862308762169675,0.0,0.449964681804603,0.7888501742160279,74.33264887063655,149.58042523658318,0.03422313483914987,
3025,1787214112,2026-08-20T08:21:52+00:00,SPKUSDT,LONG,ema_cross_confirmed,ttl_expired,,0.0146,0.0146,0.0146,,,0.0,0.0,,0.0146,0.0,,,,,,,,,,ok,1787209200,2026-08-20T07:00:00+00:00,0.0,-0.06844626967829974,0.0,0.8241758241758262,1.3112491373361004,2.0862308762169675,0.0,0.449964681804603,0.7888501742160279,74.33264887063655,149.58042523658318,0.03422313483914987,
2867,1787214137,2026-08-20T08:22:17+00:00,IDUSDT,LONG,ema_cross,tp,tp,0.02907,0.0286251724137931,0.029959655172413793,0.029959655172413793,2.0,1.530194654994487,3.060389309988974,2.0,0.02907,0.0,1787214137.972,0.9719998836517334,0.226,,,,,,,ok,1787209200,2026-08-20T07:00:00+00:00,0.0,-0.5133470225872718,-0.13740982480247968,0.44719642242862623,0.6882312456985625,1.421143847487004,0.0,0.434330492281904,0.3029470122847582,-53.12352547431719,-340.38767641771346,0.2566735112936359,0.0
3027,1787214137,2026-08-20T08:22:17+00:00,IDUSDT,LONG,ema_cross_confirmed,ttl_expired,,0.02907,0.02907,0.02907,,,0.0,0.0,,0.02907,0.0,1787214194.743,57.74300003051758,,,,2.2,1,0,2.0,ok,1787209200,2026-08-20T07:00:00+00:00,0.0,-0.5133470225872718,-0.13740982480247968,0.44719642242862623,0.6882312456985625,1.421143847487004,0.0,0.434330492281904,0.3029470122847582,-53.12352547431719,-340.38767641771346,0.2566735112936359,0.0
2868,1787214185,2026-08-20T08:23:05+00:00,VOLXUSDT,SHORT,ema_cross,sl,sl,16.908,17.350758620689657,16.02248275862069,17.67,-1.7210280373831768,2.618633905190771,5.237267810381542,2.0,16.908,0.0,1787214185.959,0.9590001106262207,0.201,,,,,,,ok,1787209200,2026-08-20T07:00:00+00:00,-0.0,1.4039192746416989,3.8011529022316095,2.232142857142857,10.57142857142857,10.57142857142857,0.0,1.2352417239672357,0.21378240638156437,-90.39196940726578,-14254.028333043629,-0.7019596373208494,0.0
3030,1787214185,2026-08-20T08:23:05+00:00,VOLXUSDT,SHORT,ema_cross_confirmed,ttl_expired,,16.908,16.908,16.908,,,0.0,0.0,,16.908,0.0,,,,,,,,,,ok,1787209200,2026-08-20T07:00:00+00:00,-0.0,1.4039192746416989,3.8011529022316095,2.232142857142857,10.57142857142857,10.57142857142857,0.0,1.2352417239672357,0.21378240638156437,-90.39196940726578,-14254.028333043629,-0.7019596373208494,0.0
2869,1787214188,2026-08-20T08:23:08+00:00,CHILLGUYUSDT,LONG,ema_cross,tp,tp,0.011594,0.011282206896551725,0.012217586206896553,0.012217586206896553,2.0000000000000058,2.689262579336514,5.3785251586730425,2.0000000000000058,0.011594,0.0,1787214189.068,1.068000078201294,0.516,,,,,,,ok,1787209200,2026-08-20T07:00:00+00:00,0.0,3.157239416577725,4.5520100955471445,3.92665474060823,5.368640609413263,5.93544857768053,0.0,1.7560527274067386,1.877479849138716,50.242537313432834,-175.35828276325952,-1.5786197082888624,0.0
3031,1787214189,2026-08-20T08:23:09+00:00,CHILLGUYUSDT,LONG,ema_cross_confirmed,ttl_expired,,0.011594,0.011594,0.011594,,,0.0,0.0,,0.011594,0.0,1787214256.132,67.13199996948242,,,,1.7,1,0,2.0,ok,1787209200,2026-08-20T07:00:00+00:00,0.0,3.157239416577725,4.5520100955471445,3.92665474060823,5.368640609413263,5.93544857768053,0.0,1.7560527274067386,1.877479849138716,50.242537313432834,-175.35828276325952,-1.5786197082888624,0.0
2870,1787214194,2026-08-20T08:23:14+00:00,IDUSDT,LONG,ema_cross_confirmed,tp,tp,0.02953,0.028862758620689655,0.030864482758620693,0.03089,2.038242894056844,2.2595373495101456,4.519074699020291,2.0,0.02953,0.0,1787214194.743,0.7430000305175781,,,,2.2,1,0,2.0,ok,1787209200,2026-08-20T07:00:00+00:00,0.0,-0.5133470225872718,-0.13740982480247968,0.44719642242862623,0.6882312456985625,1.421143847487004,0.0,0.434330492281904,0.3029470122847582,-53.12352547431719,-340.38767641771346,0.2566735112936359,0.0
2871,1787214201,2026-08-20T08:23:21+00:00,RVNUSDT,LONG,ema_cross,tp,tp,0.002837,0.0027534137931034485,0.0030041724137931033,0.0030041724137931033,2.0,2.946288575838971,5.892577151677942,2.0,0.002837,0.0,1787214202.107,1.1070001125335693,0.294,,,,,,,ok,1787209200,2026-08-20T07:00:00+00:00,0.0,0.21171489061397067,-0.03519887363604832,0.5665722379603383,0.9239516702203262,1.319543509272473,0.0,0.5807946028681192,1.255604547668731,8.944049464111458,-2957.3622115366425,-0.10585744530698533,0.0
3032,1787214202,2026-08-20T08:23:22+00:00,RVNUSDT,LONG,ema_cross_confirmed,ttl_expired,,0.002837,0.002837,0.002837,,,0.0,0.0,,0.002837,0.0,1787214257.229,55.229000091552734,,,,3.0,1,0,2.0,ok,1787209200,2026-08-20T07:00:00+00:00,0.0,0.21171489061397067,-0.03519887363604832,0.5665722379603383,0.9239516702203262,1.319543509272473,0.0,0.5807946028681192,1.255604547668731,8.944049464111458,-2957.3622115366425,-0.10585744530698533,0.0
2872,1787214206,2026-08-20T08:23:26+00:00,DOSUSDT,SHORT,ema_cross,sl,sl,0.2369,0.24995517241379311,0.21078965517241377,0.2508,-1.0647120972002122,5.5108368146024125,11.021673629204825,2.0,0.2369,0.0,1787214206.474,0.4739999771118164,0.463,,,,,,,ok,1787209200,2026-08-20T07:00:00+00:00,-0.0,1.0029251984956178,1.9047619047619018,1.4352047277332267,1.5618404390038028,2.4545069826491748,0.0,0.6639996923189073,0.355355917399713,-9.258905244376473,-189.1911207277871,-0.5014625992478089,0.0
3033,1787214206,2026-08-20T08:23:26+00:00,DOSUSDT,SHORT,ema_cross_confirmed,ttl_expired,,0.2369,0.2369,0.2369,,,0.0,0.0,,0.2369,0.0,,,,,,,,,,ok,1787209200,2026-08-20T07:00:00+00:00,-0.0,1.0029251984956178,1.9047619047619018,1.4352047277332267,1.5618404390038028,2.4545069826491748,0.0,0.6639996923189073,0.355355917399713,-9.258905244376473,-189.1911207277871,-0.5014625992478089,0.0
2873,1787214210,2026-08-20T08:23:30+00:00,GRIFFAINUSDT,LONG,ema_cross,tp,tp,0.012839,0.012422586206896551,0.013671827586206897,0.013683,2.0268300761841687,3.243350674534219,6.486701349068438,2.0,0.012839,0.0,1787214210.861,0.8610000610351562,0.174,,,,,,,ok,1787209200,2026-08-20T07:00:00+00:00,0.0,1.2619291742251,2.6873550347916457,2.3760494218279735,2.3760494218279735,3.923460363402481,0.0,0.5798323925277253,0.502478967050201,4028.336755646817,4075.6311279411893,-0.63096458711255,0.0
3034,1787214210,2026-08-20T08:23:30+00:00,GRIFFAINUSDT,LONG,ema_cross_confirmed,ttl_expired,,0.012839,0.012839,0.012839,,,0.0,0.0,,0.012839,0.0,,,,,,,,,,ok,1787209200,2026-08-20T07:00:00+00:00,0.0,1.2619291742251,2.6873550347916457,2.3760494218279735,2.3760494218279735,3.923460363402481,0.0,0.5798323925277253,0.502478967050201,4028.336755646817,4075.6311279411893,-0.63096458711255,0.0
2874,1787214255,2026-08-20T08:24:15+00:00,CHILLGUYUSDT,LONG,ema_cross_confirmed,tp,tp,0.011724,0.011256310344827587,0.012659379310344826,0.012693,2.071886750718869,3.9891645784067995,7.978329156813599,2.0,0.011724,0.0,1787214256.132,1.1319999694824219,,,,1.7,1,0,2.0,ok,1787209200,2026-08-20T07:00:00+00:00,0.0,3.157239416577725,4.5520100955471445,3.92665474060823,5.368640609413263,5.93544857768053,0.0,1.7560527274067386,1.877479849138716,50.242537313432834,-175.35828276325952,-1.5786197082888624,0.0
2875,1787214256,2026-08-20T08:24:16+00:00,RVNUSDT,LONG,ema_cross_confirmed,tp,tp,0.002876,0.0027506206896551724,0.0031267586206896554,0.0031267586206896554,2.0,4.359503141336149,8.719006282672298,2.0,0.002876,0.0,1787214257.229,1.2290000915527344,,,,3.0,1,0,2.0,ok,1787209200,2026-08-20T07:00:00+00:00,0.0,0.21171489061397067,-0.03519887363604832,0.5665722379603383,0.9239516702203262,1.319543509272473,0.0,0.5807946028681192,1.255604547668731,8.944049464111458,-2957.3622115366425,-0.10585744530698533,0.0
2876,1787214272,2026-08-20T08:24:32+00:00,BSVUSDT,LONG,ema_cross,tp,tp,15.86,15.554137931034482,16.471724137931034,16.471724137931034,2.0,1.9285124146627814,3.857024829325563,2.0,15.86,0.0,1787214272.727,0.7269999980926514,0.347,,,,,,,ok,1787209200,2026-08-20T07:00:00+00:00,0.0,0.12626262626262355,0.37974683544302984,0.3787878787878819,0.6317119393556516,1.529636711281072,0.0,0.378629286153362,0.2954638735443294,205.89737836764982,230.06135098652604,-0.06313131313131178,0.0
3037,1787214272,2026-08-20T08:24:32+00:00,BSVUSDT,LONG,ema_cross_confirmed,ttl_expired,,15.86,15.86,15.86,,,0.0,0.0,,15.86,0.0,1787214318.643,46.64299988746643,,,,1.7,1,0,2.0,ok,1787209200,2026-08-20T07:00:00+00:00,0.0,0.12626262626262355,0.37974683544302984,0.3787878787878819,0.6317119393556516,1.529636711281072,0.0,0.378629286153362,0.2954638735443294,205.89737836764982,230.06135098652604,-0.06313131313131178,0.0
2877,1787214274,2026-08-20T08:24:34+00:00,FUSDT,LONG,ema_cross,tp,tp,0.002809,0.0027572758620689653,0.0029124482758620686,0.0029124482758620686,1.9999999999999916,1.8413719448570527,3.6827438897140894,1.9999999999999916,0.002809,0.0,1787214274.479,0.4790000915527344,0.233,,,,,,,ok,1787209200,2026-08-20T07:00:00+00:00,0.0,0.17831669044221812,0.6088825214899589,0.5362888809438621,1.5501081470800313,1.5501081470800313,0.0,0.21545986717098536,0.22725197116921814,-10.936190854169423,-241.98728574468035,-0.08915834522110906,0.0
3038,1787214274,2026-08-20T08:24:34+00:00,FUSDT,LONG,ema_cross_confirmed,ttl_expired,,0.002809,0.002809,0.002809,,,0.0,0.0,,0.002809,0.0,,,,,,,,,,ok,1787209200,2026-08-20T07:00:00+00:00,0.0,0.17831669044221812,0.6088825214899589,0.5362888809438621,1.5501081470800313,1.5501081470800313,0.0,0.21545986717098536,0.22725197116921814,-10.936190854169423,-241.98728574468035,-0.08915834522110906,0.0
2878,1787214284,2026-08-20T08:24:44+00:00,BIRBUSDT,LONG,ema_cross,tp,tp,0.05435,0.05307655172413793,0.05689689655172414,0.05715,2.1987544002166173,2.343051105541992,4.686102211083972,1.9999999999999944,0.05435,0.0,1787214285.369,1.36899995803833,0.387,,,,,,,ok,1787209200,2026-08-20T07:00:00+00:00,0.0,1.0044642857142836,0.5928121526491309,1.3764880952380907,1.3764880952380907,2.7332704995287465,0.0,0.8897022063930935,1.0937462633026427,197.17348927875244,263.97318726171005,-0.5022321428571418,0.0
3039,1787214285,2026-08-20T08:24:45+00:00,BIRBUSDT,LONG,ema_cross_confirmed,ttl_expired,,0.05435,0.05435,0.05435,,,0.0,0.0,,0.05435,0.0,1787214320.402,35.401999950408936,,,,1.9,1,0,2.0,ok,1787209200,2026-08-20T07:00:00+00:00,0.0,1.0044642857142836,0.5928121526491309,1.3764880952380907,1.3764880952380907,2.7332704995287465,0.0,0.8897022063930935,1.0937462633026427,197.17348927875244,263.97318726171005,-0.5022321428571418,0.0
2879,1787214311,2026-08-20T08:25:11+00:00,NESUSDT,LONG,ema_cross,sl,sl,0.2169,0.21131379310344828,0.22807241379310347,0.2087,-1.4679012345679014,2.57547574760338,5.15095149520676,2.0,0.2169,0.0,1787214311.922,0.9219999313354492,0.256,,,,,,,ok,1787209200,2026-08-20T07:00:00+00:00,0.0,0.5062126092959124,1.4398513701811517,0.7844946931241379,2.199344875994389,2.199344875994389,0.0,0.46297825196053644,1.6074130549527885,-44.770886228992865,-6258.51134424426,-0.2531063046479562,0.0
3041,1787214311,2026-08-20T08:25:11+00:00,NESUSDT,LONG,ema_cross_confirmed,ttl_expired,,0.2169,0.2169,0.2169,,,0.0,0.0,,0.2169,0.0,,,,,,,,,,ok,1787209200,2026-08-20T07:00:00+00:00,0.0,0.5062126092959124,1.4398513701811517,0.7844946931241379,2.199344875994389,2.199344875994389,0.0,0.46297825196053644,1.6074130549527885,-44.770886228992865,-6258.51134424426,-0.2531063046479562,0.0
2880,1787214318,2026-08-20T08:25:18+00:00,BSVUSDT,LONG,ema_cross_confirmed,tp,tp,15.97,15.511206896551725,16.88758620689655,16.91,2.048853814355505,2.87284347807311,5.745686956146209,1.9999999999999962,15.97,0.0,1787214318.643,0.6429998874664307,,,,1.7,1,0,2.0,ok,1787209200,2026-08-20T07:00:00+00:00,0.0,0.12626262626262355,0.37974683544302984,0.3787878787878819,0.6317119393556516,1.529636711281072,0.0,0.378629286153362,0.2954638735443294,205.89737836764982,230.06135098652604,-0.06313131313131178,0.0
2881,1787214319,2026-08-20T08:25:19+00:00,BIRBUSDT,LONG,ema_cross_confirmed,tp,tp,0.05496,0.053049827586206896,0.05878034482758621,0.06043,2.863615849805934,3.475568438488183,6.951136876976366,2.0,0.05496,0.0,1787214320.402,1.4019999504089355,,,,1.9,1,0,2.0,ok,1787209200,2026-08-20T07:00:00+00:00,0.0,1.0044642857142836,0.5928121526491309,1.3764880952380907,1.3764880952380907,2.7332704995287465,0.0,0.8897022063930935,1.0937462633026427,197.17348927875244,263.97318726171005,-0.5022321428571418,0.0
2882,1787214605,2026-08-20T08:30:05+00:00,DIAUSDT,LONG,ema_cross_confirmed,open,,0.1336,0.12611551724137932,0.14856896551724136,,,5.602157753458593,11.204315506917187,2.0,0.1336,0.0,1787214606.376,1.375999927520752,,,,1.7,1,87,2.0,ok,1787209200,2026-08-20T07:00:00+00:00,0.0,0.15349194167306657,-0.8358662613981686,0.537634408602134,1.8504240555127103,2.3901310717039257,0.0,0.6221859212286851,0.5386464569714279,-44.38944229169625,-123.06418039297583,-0.07674597083653328,0.0
2883,1787214620,2026-08-20T08:30:20+00:00,FUSDT,LONG,ema_cross_confirmed,tp,tp,0.00285,0.0027724137931034484,0.0030051724137931035,0.003018,2.165333333333331,2.7223230490018135,5.444646098003627,2.0,0.00285,0.0,1787214620.858,0.8580000400543213,,,,2.0,1,5,2.0,ok,1787209200,2026-08-20T07:00:00+00:00,0.0,0.17831669044221812,0.6088825214899589,0.5362888809438621,1.5501081470800313,1.5501081470800313,0.0,0.21545986717098536,0.22725197116921814,-10.936190854169423,-241.98728574468035,-0.08915834522110906,0.0
3046,1787214924,2026-08-20T08:35:24+00:00,COINXUSDT,LONG,overheated_confirmed,ttl_expired,,169.91,169.91,169.91,,,0.0,0.0,,169.91,0.0,1787214981.802,57.80200004577637,,,,2.4,1,0,2.0,ok,1787209200,2026-08-20T07:00:00+00:00,0.0,-0.28314958732453693,0.06650142071217802,0.7449127906976682,0.9527855322247805,1.1369163424124542,0.0,0.5783050676142797,0.5283476389680672,172.01250062007043,230.70307439056222,0.14157479366226847,0.0
3047,1787214948,2026-08-20T08:35:48+00:00,BRETTUSDT,LONG,overheated_confirmed,ttl_expired,,0.004272,0.004272,0.004272,,,0.0,0.0,,0.004272,0.0,,,,,,,,,,ok,1787209200,2026-08-20T07:00:00+00:00,0.0,1.2805025368446508,1.8217148409035808,1.7965525613012723,3.0221130221130186,3.0221130221130186,0.0,1.0917359803849465,1.1228935234955446,61.22163378426584,-72.43227401851675,-0.6402512684223254,0.0
3050,1787214979,2026-08-20T08:36:19+00:00,CRVUSDT,LONG,overheated_confirmed,ttl_expired,,0.2724,0.2724,0.2724,,,0.0,0.0,,0.2724,0.0,1787215042.593,63.59299993515015,,,,1.8,1,0,2.0,ok,1787209200,2026-08-20T07:00:00+00:00,0.0,-0.8166295471417891,0.7921539041870956,1.1636636636636604,1.6968325791855219,2.938931297709918,0.0,1.015918253621155,0.919826172178429,11.569074989239677,50.5497051604702,0.4083147735708946,0.0
2887,1787214981,2026-08-20T08:36:21+00:00,COINXUSDT,LONG,overheated_confirmed,sl,sl,171.41,167.7917857142857,178.64642857142857,166.96,-1.2298884611588157,2.110853675814881,4.221707351629762,2.0,171.41,0.0,1787214981.802,0.8020000457763672,,,,2.4,1,0,2.0,ok,1787209200,2026-08-20T07:00:00+00:00,0.0,-0.28314958732453693,0.06650142071217802,0.7449127906976682,0.9527855322247805,1.1369163424124542,0.0,0.5783050676142797,0.5283476389680672,172.01250062007043,230.70307439056222,0.14157479366226847,0.0
3052,1787215039,2026-08-20T08:37:19+00:00,CRCLXUSDT,LONG,overheated_confirmed,ttl_expired,,82.66,82.66,82.66,,,0.0,0.0,,82.66,0.0,,,,,,,,,,ok,1787209200,2026-08-20T07:00:00+00:00,0.0,-1.467912167900046,0.19738465334319835,2.274975272007917,2.274975272007917,2.350903241771846,0.0,1.3378698664284097,0.9640330462659307,73.33002054509896,56.59731906542163,0.733956083950023,0.0
2889,1787215042,2026-08-20T08:37:22+00:00,CRVUSDT,LONG,overheated_confirmed,tp,tp,0.2728,0.2632535714285714,0.2918928571428571,0.3144,4.357650579872807,3.499423963133639,6.998847926267278,2.0,0.2728,0.0,1787215042.593,0.5929999351501465,,,,1.8,1,0,2.0,ok,1787209200,2026-08-20T07:00:00+00:00,0.0,-0.8166295471417891,0.7921539041870956,1.1636636636636604,1.6968325791855219,2.938931297709918,0.0,1.015918253621155,0.919826172178429,11.569074989239677,50.5497051604702,0.4083147735708946,0.0
2890,1787215043,2026-08-20T08:37:23+00:00,MSTRXUSDT,LONG,overheated_confirmed,sl,sl,112.53,109.56267857142858,118.46464285714285,109.56267857142858,-1.0,2.636915870053696,5.273831740107392,2.0,112.53,0.0,1787215043.716,0.7160000801086426,,,,2.0,1,0,2.0,ok,1787209200,2026-08-20T07:00:00+00:00,0.0,-0.009206407659735882,0.4532001479837171,0.8989805375347533,1.217924879137228,1.340407707344315,0.0,0.5899791915470127,0.660539940636784,-41.450293844061015,-256.73717179484805,0.004603203829867941,0.0
3057,1787215149,2026-08-20T08:39:09+00:00,PEPEUSDT,LONG,overheated_confirmed,ttl_expired,,3.139e-06,3.139e-06,3.139e-06,,,0.0,0.0,,3.139e-06,0.0,1787215225.184,76.18400001525879,,,,3.3,1,0,2.0,ok,1787209200,2026-08-20T07:00:00+00:00,0.0,1.158038147138965,0.6097560975609784,1.9480519480519498,3.3968804159445463,3.3968804159445463,0.0,2.0885374014817337,1.1694092661616198,52.6067408564778,35.277248544756446,-0.5790190735694825,0.0
3058,1787215173,2026-08-20T08:39:33+00:00,REDUSDT,LONG,overheated_confirmed,ttl_expired,,0.1127,0.1127,0.1127,,,0.0,0.0,,0.1127,0.0,,,,,,,,,,ok,1787209200,2026-08-20T07:00:00+00:00,0.0,-5.1870748299319684,0.26978417266187826,6.3006300630062935,8.318264014466546,22.369765066394283,0.0,5.371871690276212,7.482503366353132,8.159524892020913,-51.3059692618214,2.5935374149659842,0.0
2893,1787215188,2026-08-20T08:39:48+00:00,牛来USDT,LONG,overheated_early,tp,tp,0.046,0.03444727272727272,0.06910545454545455,0.06910545454545455,2.0,25.114624505928862,50.229249011857725,2.0,0.046,0.0,,,,,,,,,,ok,1787209200,2026-08-20T07:00:00+00:00,0.0,-2.4767801857585123,4.785056294779948,7.946179233307948,9.305912596401042,12.994950837098077,0.0,4.216679368088773,0.5031229549848212,16.434076234117892,-56.28447515094027,1.2383900928792562,0.0
2894,1787215224,2026-08-20T08:40:24+00:00,PEPEUSDT,LONG,overheated_confirmed,sl,sl,3.146e-06,3.0684285714285717e-06,3.3011428571428567e-06,3.0684285714285717e-06,-1.0,2.4657161020797314,4.931432204159463,2.0,3.146e-06,0.0,1787215225.184,1.184000015258789,,,,3.3,1,0,2.0,ok,1787209200,2026-08-20T07:00:00+00:00,0.0,1.158038147138965,0.6097560975609784,1.9480519480519498,3.3968804159445463,3.3968804159445463,0.0,2.0885374014817337,1.1694092661616198,52.6067408564778,35.277248544756446,-0.5790190735694825,0.0
3059,1787215281,2026-08-20T08:41:21+00:00,ETHFIUSDT,LONG,overheated_confirmed,ttl_expired,,0.5571,0.5571,0.5571,,,0.0,0.0,,0.5571,0.0,,,,,,,,,,ok,1787209200,2026-08-20T07:00:00+00:00,0.0,8.040296521573847,10.734463276836166,8.101939901103075,11.713836477987417,11.713836477987417,0.0,4.214437399835129,3.82895964881101,269.54522722250476,157.4143094862579,-4.0201482607869234,0.0
3060,1787215296,2026-08-20T08:41:36+00:00,BMNRUSDT,LONG,overheated_confirmed,ttl_expired,,21.85,21.85,21.85,,,0.0,0.0,,21.85,0.0,,,,,,,,,,ok,1787209200,2026-08-20T07:00:00+00:00,0.0,-0.780174391922892,0.5581395348837256,1.1131725417439797,1.7715617715617669,1.7715617715617669,0.0,0.9685907446155113,0.6404483330674052,-26.65064583959147,-67.78172944142291,0.390087195961446,0.0
3061,1787215304,2026-08-20T08:41:44+00:00,PENDLEUSDT,LONG,overheated_confirmed,ttl_expired,,1.499,1.499,1.499,,,0.0,0.0,,1.499,0.0,,,,,,,,,,ok,1787209200,2026-08-20T07:00:00+00:00,0.0,-1.2203389830508484,-2.1490933512424464,1.5840220385675021,1.7906336088154289,2.8236914600551066,0.0,1.043576477688239,0.3970030493212937,68.57962697274031,150.63328576052547,0.6101694915254242,0.0
2896,1787216264,2026-08-20T08:57:44+00:00,KAIAUSDT,LONG,ema_cross,tp,tp,0.02506,0.024593448275862066,0.02599310344827586,0.02601,2.036215816703613,1.8617387236150549,3.723477447230096,1.9999999999999927,0.02506,0.0,1787216265.198,1.1979999542236328,0.459,,,,,,,ok,1787209200,2026-08-20T07:00:00+00:00,0.0,-0.32206119162640984,-0.642054574638846,0.8885298869143697,0.8885298869143697,2.2866476112698977,0.0,0.5320150740845582,0.21180181906629125,350.125313283208,440.61625703916604,0.16103059581320492,0.0
3072,1787216264,2026-08-20T08:57:44+00:00,KAIAUSDT,LONG,ema_cross_confirmed,ttl_expired,,0.02506,0.02506,0.02506,,,0.0,0.0,,0.02506,0.0,1787216306.577,42.57699990272522,,,,6.3,1,0,2.0,ok,1787209200,2026-08-20T07:00:00+00:00,0.0,-0.32206119162640984,-0.642054574638846,0.8885298869143697,0.8885298869143697,2.2866476112698977,0.0,0.5320150740845582,0.21180181906629125,350.125313283208,440.61625703916604,0.16103059581320492,0.0
2897,1787216306,2026-08-20T08:58:26+00:00,KAIAUSDT,LONG,ema_cross_confirmed,tp,tp,0.02514,0.024440172413793104,0.02653965517241379,0.02655,2.014781966001483,2.783721504402926,5.567443008805852,2.0,0.02514,0.0,1787216306.577,0.5769999027252197,,,,6.3,1,0,2.0,ok,1787209200,2026-08-20T07:00:00+00:00,0.0,-0.32206119162640984,-0.642054574638846,0.8885298869143697,0.8885298869143697,2.2866476112698977,0.0,0.5320150740845582,0.21180181906629125,350.125313283208,440.61625703916604,0.16103059581320492,0.0
2898,1787216407,2026-08-20T09:00:07+00:00,BANANAS31USDT,LONG,ema_cross_confirmed,sl,sl,0.009079,0.008755465517241379,0.009726068965517243,0.008742,-1.0416200373034892,3.5635475576453532,7.1270951152907065,2.0,0.009079,0.0,1787216407.794,0.7939999103546143,,,,5.0,1,118,2.0,ok,1787212800,2026-08-20T08:00:00+00:00,0.0,2.022699179683106,2.0800539689678366,0.9562993439341823,2.022699179683106,2.0800539689678366,0.0,1.2629432817553585,0.7145631067961165,36.2962962962963,15.760582010582013,-1.011349589841553,0.0
2899,1787216420,2026-08-20T09:00:20+00:00,GRIFFAINUSDT,LONG,ema_cross_confirmed,sl,sl,0.01297,0.012345379310344828,0.014219241379310346,0.012329,-1.0262228110853495,4.81588812378699,9.63177624757398,2.0,0.01297,0.0,1787216421.432,1.431999921798706,,,,1.8,1,36,2.0,ok,1787212800,2026-08-20T08:00:00+00:00,0.0,1.020328686034745,3.5115722266560354,1.1500505089750608,3.0967844131157984,3.886671987230657,0.0,0.12254994986884861,0.19233271010095956,-60.96493409599603,-4089.301689742813,-0.5101643430173725,0.0
2900,1787216425,2026-08-20T09:00:25+00:00,BRETTUSDT,LONG,overheated_confirmed,tp,tp,0.004281,0.004143053571428572,0.004556892857142857,0.004593,2.261747572815538,3.2222945239763665,6.444589047952733,2.0,0.004281,0.0,1787216425.85,0.8499999046325684,,,,2.3,1,24,2.0,ok,1787212800,2026-08-20T08:00:00+00:00,0.0,2.123091603053427,4.669926650366754,2.098735988552359,3.9329934450109203,5.184275184275191,0.0,0.5034936055261667,0.7253097361290096,-32.385880110290366,-93.6075138945562,-1.0615458015267134,0.0
2903,1787217112,2026-08-20T09:11:52+00:00,LITUSDT,LONG,overheated_early,sl,sl,2.875,2.757892857142857,3.1092142857142857,2.757892857142857,-1.0,4.073291925465838,8.146583850931677,2.0,2.875,0.0,,,,,,,,,,ok,1787212800,2026-08-20T08:00:00+00:00,0.0,-2.2426095820591327,0.8765778401121989,3.951048951048951,3.951048951048951,6.597346719254203,0.0,2.2371332732640896,1.3600304648287898,-1.2927685964131814,-15.119074401587275,1.1213047910295664,0.0
3075,1787217257,2026-08-20T09:14:17+00:00,牛来USDT,LONG,overheated_confirmed,ttl_expired,,0.06583,0.06583,0.06583,,,0.0,0.0,,0.06583,0.0,,,,,,,,,,ok,1787212800,2026-08-20T08:00:00+00:00,0.0,51.159951159951156,56.39211723092471,56.84472049689442,60.26910383346028,66.0878716127335,0.0,23.256107028492487,3.617307767533438,623.7388193202147,607.3047430860968,-25.579975579975578,0.0
3076,1787217305,2026-08-20T09:15:05+00:00,JCTUSDT,LONG,overheated_confirmed,ttl_expired,,0.002249,0.002249,0.002249,,,0.0,0.0,,0.002249,0.0,1787217389.961,84.96099996566772,,,,2.3,1,0,2.0,ok,1787212800,2026-08-20T08:00:00+00:00,0.0,13.758566157090153,11.871435977190266,14.112690889942076,15.388711395101181,15.388711395101181,0.0,7.926149714381942,2.126575148578485,117.8183109217592,-13.455424067463838,-6.879283078545076,0.0
2909,1787217327,2026-08-20T09:15:27+00:00,CCUSDT,LONG,overheated_confirmed,sl,sl,0.1045,0.10116839285714285,0.11116321428571428,0.10116839285714285,-1.0,3.1881408065618593,6.3762816131237186,2.0,0.1045,0.0,1787217327.506,0.5060000419616699,,,,2.3,1,3,2.0,ok,1787212800,2026-08-20T08:00:00+00:00,0.0,2.2141667483099954,3.28680328680329,2.4428529382909763,3.735346711702761,4.180385114237254,0.0,1.0518547326578678,2.3890833129866254,376.53679653679654,380.0455684666211,-1.1070833741549977,0.0
2910,1787217329,2026-08-20T09:15:29+00:00,XRPUSDT,LONG,overheated_confirmed,tp,tp,1.1612,1.1409875,1.201625,1.201625,2.0,1.7406562177058187,3.4813124354116374,2.0,1.1612,0.0,1787217330.371,1.371000051498413,,,,1.8,1,0,2.0,ok,1787212800,2026-08-20T08:00:00+00:00,0.0,3.6783883442755587,4.391922484832019,4.02340234023402,4.370992504289714,5.101855220080033,0.0,1.9109710475952062,2.2590737631016666,485.70330156807006,523.0761693213497,-1.8391941721377794,0.0
2911,1787217389,2026-08-20T09:16:29+00:00,JCTUSDT,LONG,overheated_confirmed,sl,sl,0.002222,0.0019355535714285714,0.0027948928571428573,0.0019355535714285714,-1.0,12.891378423556645,25.78275684711329,2.0,0.002222,0.0,1787217389.961,0.9609999656677246,,,,2.3,1,0,2.0,ok,1787212800,2026-08-20T08:00:00+00:00,0.0,13.758566157090153,11.871435977190266,14.112690889942076,15.388711395101181,15.388711395101181,0.0,7.926149714381942,2.126575148578485,117.8183109217592,-13.455424067463838,-6.879283078545076,0.0
2916,1787217450,2026-08-20T09:17:30+00:00,FORMUSDT,LONG,overheated_confirmed,tp,tp,0.237,0.23045357142857142,0.2500928571428571,0.2500928571428571,2.0,2.7622061482820945,5.524412296564189,2.0,0.237,0.0,1787217451.159,1.1589999198913574,,,,7.8,1,0,2.0,ok,1787212800,2026-08-20T08:00:00+00:00,0.0,4.569006123410276,5.063890203502138,4.755178907721279,5.151228733459353,5.750950570342205,0.0,2.447224402270925,3.904065288811419,736.2735381565907,749.1969470023296,-2.284503061705138,0.0
2920,1787218202,2026-08-20T09:30:02+00:00,SKYAIUSDT,LONG,ema_cross_confirmed,sl,sl,0.07428,0.06589344827586208,0.09105310344827584,0.06589344827586208,-1.0,11.290457356136137,22.580914712272275,2.0,0.07428,0.0,1787218203.119,1.11899995803833,,,,1.7,1,150,2.0,ok,1787212800,2026-08-20T08:00:00+00:00,0.0,1.7693046221368802,1.3107591480065572,3.721254355400705,3.721254355400705,4.772631282556673,0.0,2.180941064638473,0.4698668214021657,-8.112287031234443,-21.786539038531284,-0.8846523110684401,0.0
2922,1787218257,2026-08-20T09:30:57+00:00,MAGMAUSDT,LONG,overheated_confirmed,sl,sl,0.25039,0.23601250000000001,0.279145,0.23598,-1.0022604764388814,5.7420424138344135,11.484084827668827,2.0,0.25039,0.0,1787218257.815,0.815000057220459,,,,3.0,1,168,2.0,ok,1787212800,2026-08-20T08:00:00+00:00,0.0,4.638382061991636,4.039167686658506,7.19678356041993,8.158298025782026,8.80072545907958,0.0,3.329581126292119,1.031714776488332,-62.04318808859569,-110.1264976463703,-2.319191030995818,0.0
2925,1787219112,2026-08-20T09:45:12+00:00,MOODENGUSDT,LONG,overheated_confirmed,tp,tp,0.04082,0.03975178571428572,0.04295642857142857,0.04296,2.0033433634236046,2.616889479946799,5.233778959893598,2.0,0.04082,0.0,1787219113.295,1.2950000762939453,,,,2.8,1,28,2.0,ok,1787212800,2026-08-20T08:00:00+00:00,0.0,3.244762391415432,5.702328014648185,3.7340153452685323,4.133504492939667,6.34504457262716,0.0,1.8850604983030914,0.7373861030359504,-48.069487145632536,-153.58563243384435,-1.622381195707716,0.0
3097,1787219122,2026-08-20T09:45:22+00:00,MAGMAUSDT,LONG,overheated_confirmed,ttl_expired,,0.25619,0.25619,0.25619,,,0.0,0.0,,0.25619,0.0,1787219157.367,35.367000102996826,,,,3.3,1,0,2.0,ok,1787212800,2026-08-20T08:00:00+00:00,0.0,4.638382061991636,4.039167686658506,7.19678356041993,8.158298025782026,8.80072545907958,0.0,3.329581126292119,1.031714776488332,-62.04318808859569,-110.1264976463703,-2.319191030995818,0.0
2927,1787219172,2026-08-20T09:46:12+00:00,USELESSUSDT,LONG,overheated_confirmed,tp,tp,0.0487,0.04603642857142857,0.054027142857142864,0.0543,2.102440332528826,5.469345849222653,10.938691698445306,2.0,0.0487,0.0,1787219172.555,0.5550000667572021,,,,1.7,1,105,2.0,ok,1787212800,2026-08-20T08:00:00+00:00,0.0,4.888299048882983,12.851023322227498,6.98455339153794,10.369515011547346,14.330143540669862,0.0,0.9367141160201021,2.389727983039546,-18.73372032447719,-331.97325440359145,-2.4441495244414915,0.0
2928,1787219174,2026-08-20T09:46:14+00:00,SPKUSDT,LONG,ema_cross_confirmed,tp,tp,0.01476,0.014401551724137932,0.015476896551724137,0.01549,2.036556036556039,2.428511354079054,4.857022708158108,2.0,0.01476,0.0,1787219174.943,0.943000078201294,,,,2.8,1,84,2.0,ok,1787212800,2026-08-20T08:00:00+00:00,0.0,0.9589041095890377,1.3755158184319036,1.9903912148249852,2.06043956043956,2.5534851621808183,0.0,0.5118570051879237,0.2597799870580622,-67.49116607773851,-141.82381494837506,-0.47945205479451886,0.0
3098,1787219474,2026-08-20T09:51:14+00:00,ENAUSDT,LONG,overheated_confirmed,ttl_expired,,0.09749,0.09749,0.09749,,,0.0,0.0,,0.09749,0.0,,,,,,,,,,ok,1787212800,2026-08-20T08:00:00+00:00,0.0,3.139968068121335,4.632329122125043,3.9203153297113063,4.813581175459329,5.562168596472234,0.0,1.3716740113211536,1.5177538912154902,131.9941571147484,135.79400820379084,-1.5699840340606674,0.0
2930,1787220008,2026-08-20T10:00:08+00:00,AVAAIUSDT,LONG,ema_cross_confirmed,tp,tp,0.017606,0.01619253448275862,0.01901946551724138,0.01901946551724138,1.0,8.028317148934345,8.028317148934345,1.0,0.017606,0.0,1787220008.852,0.8519999980926514,,,,2.4,3,178,1.0,ok,1787216400,2026-08-20T09:00:00+00:00,0.0,1.090950849793289,21.874567354284917,9.500501267912965,17.8920634920635,30.411574659362273,0.0,4.79898899371567,8.08994704447023,69.937906939048,-34.92577963871574,-0.5454754248966445,0.0
2940,1787220927,2026-08-20T10:15:27+00:00,ORDIUSDT,LONG,overheated_confirmed,sl,sl,4.238,4.133160714285715,4.447678571428571,4.133160714285715,-1.0,2.473791545877424,4.947583091754848,2.0,4.238,0.0,1787220927.68,0.6800000667572021,,,,3.1,1,60,2.0,ok,1787216400,2026-08-20T09:00:00+00:00,0.0,3.214285714285723,8.880516684607107,3.4253578732106424,7.89333333333334,10.275279367675122,0.0,1.1587158495464964,2.9102198305472866,24.290282830653677,-0.2520558642899431,-1.6071428571428614,0.0
2941,1787221297,2026-08-20T10:21:37+00:00,HYPEUSDT,LONG,overheated_early,sl,sl,73.594,71.27858928571428,78.22482142857142,71.27858928571428,-1.0,3.146194953781176,6.292389907562333,1.9999999999999938,73.594,0.0,,,,,,,,,,ok,1787216400,2026-08-20T09:00:00+00:00,0.0,0.09025887887530365,1.720615418826701,2.540834845735026,5.6074766355140095,5.6074766355140095,0.0,0.7681259885648974,1.1104424070887784,-27.42090629982475,-209.89470621375125,-0.045129439437651825,0.0
2942,1787221314,2026-08-20T10:21:54+00:00,ETHUSDT,LONG,overheated_early,tp,tp,2290.97,2243.9508928571427,2385.008214285714,2385.008214285714,2.0,2.0523667766429563,4.104733553285913,2.0,2290.97,0.0,,,,,,,,,,ok,1787216400,2026-08-20T09:00:00+00:00,0.0,-0.15251852793324325,0.7330995786224948,1.028412138692737,2.180332097085488,2.66839436116261,0.0,0.9463667650266072,0.893706483543647,-26.467058281277257,-199.9040726624042,0.07625926396662162,0.0
2943,1787221343,2026-08-20T10:22:23+00:00,ENAUSDT,LONG,overheated_early,tp,tp,0.09782,0.09498767857142858,0.10348464285714287,0.10367,2.0654435407603544,2.8954420656015407,5.790884131203096,2.000000000000005,0.09782,0.0,,,,,,,,,,ok,1787216400,2026-08-20T09:00:00+00:00,0.0,-0.3405572755417925,3.5936494314524845,1.64480533000208,4.016192606796644,5.613845321795565,0.0,1.7504736113996209,0.9791610899706951,-34.256487846594084,-166.25064496134246,0.17027863777089625,0.0
3118,1787221423,2026-08-20T10:23:43+00:00,PYTHUSDT,LONG,overheated_confirmed,ttl_expired,,0.04425,0.04425,0.04425,,,0.0,0.0,,0.04425,0.0,,,,,,,,,,ok,1787216400,2026-08-20T09:00:00+00:00,0.0,1.5224913494809709,2.89922843114332,2.513837638376385,4.391733208078918,5.381697486960648,0.0,1.1119965599364383,3.783041315163314,916.2115049389889,931.9984032202294,-0.7612456747404854,0.0
2945,1787221434,2026-08-20T10:23:54+00:00,EDGEXUSDT,LONG,overheated_early,sl,sl,0.3424,0.3263553571428571,0.3744892857142857,0.3263553571428571,-1.0,4.68593541388518,9.37187082777036,2.0,0.3424,0.0,,,,,,,,,,ok,1787216400,2026-08-20T09:00:00+00:00,0.0,-4.852780806979291,5.950212507589541,6.947247045258003,7.437301816085324,20.53686934023286,0.0,7.806476128380232,1.6197871894707185,-66.01556816528445,-220.3827036205028,2.4263904034896453,0.0
2946,1787221438,2026-08-20T10:23:58+00:00,JCTUSDT,LONG,overheated_early,open,,0.002071,0.0017845535714285713,0.0026438928571428572,,,13.831309926191631,27.662619852383262,2.0,0.002071,0.0,,,,,,,,,,ok,1787216400,2026-08-20T09:00:00+00:00,0.0,-1.8072289156626693,10.6527415143603,8.190476190476204,19.641916798314902,20.979765708200226,0.0,8.253333644338735,2.3967999023747697,13.38196043275402,-104.43635048900518,0.9036144578313346,0.0
2947,1787221493,2026-08-20T10:24:53+00:00,XRPUSDT,LONG,overheated_early,tp,tp,1.1612,1.1409875,1.201625,1.201625,2.0,1.7406562177058187,3.4813124354116374,2.0,1.1612,0.0,,,,,,,,,,ok,1787216400,2026-08-20T09:00:00+00:00,0.0,-0.3036086051353277,3.410113370523668,1.5713662156263655,4.725472547254725,5.753499363752037,0.0,2.1674227608228263,1.5654110069268783,-26.318054881493207,-512.0213564495633,0.15180430256766386,0.0
2951,1787222472,2026-08-20T10:41:12+00:00,ILVUSDT,LONG,ema_cross,tp,tp,3.149,3.0932758620689653,3.260448275862069,3.261,2.0099009900990037,1.769582023849943,3.539164047699871,1.999999999999992,3.149,0.0,1787222473.239,1.2390000820159912,0.261,,,,,,,ok,1787216400,2026-08-20T09:00:00+00:00,0.0,-0.09517766497462289,2.0084224165856766,0.47694753577106913,2.100161550888528,2.8980788016932584,0.0,1.6340930229828874,2.972004228498333,335.7613535173642,278.63248825921397,0.047588832487311446,0.0
3128,1787222473,2026-08-20T10:41:13+00:00,ILVUSDT,LONG,ema_cross_confirmed,ttl_expired,,3.149,3.149,3.149,,,0.0,0.0,,3.149,0.0,,,,,,,,,,ok,1787216400,2026-08-20T09:00:00+00:00,0.0,-0.09517766497462289,2.0084224165856766,0.47694753577106913,2.100161550888528,2.8980788016932584,0.0,1.6340930229828874,2.972004228498333,335.7613535173642,278.63248825921397,0.047588832487311446,0.0
2953,1787222730,2026-08-20T10:45:30+00:00,ENAUSDT,LONG,overheated_confirmed,tp,tp,0.09943,0.09659767857142858,0.10509464285714286,0.10532,2.0795662316373478,2.848558210370539,5.697116420741078,2.0,0.09943,0.0,1787222731.397,1.3970000743865967,,,,1.6,1,53,2.0,ok,1787216400,2026-08-20T09:00:00+00:00,0.0,-0.3405572755417925,3.5936494314524845,1.64480533000208,4.016192606796644,5.613845321795565,0.0,1.7504736113996209,0.9791610899706951,-34.256487846594084,-166.25064496134246,0.17027863777089625,0.0
2954,1787223430,2026-08-20T10:57:10+00:00,ARBUSDT,LONG,overheated_early,tp,tp,0.08875,0.08625142857142856,0.09374714285714285,0.09379,2.01715265866209,2.8152917505030235,5.630583501006032,1.9999999999999944,0.08875,0.0,,,,,,,,,,ok,1787216400,2026-08-20T09:00:00+00:00,0.0,-0.6465997770345564,0.29259509340536827,1.2040058512433909,2.1190261496844083,4.341817344235857,0.0,0.7555834746372897,0.768557332069364,-32.78055323946471,-65.09035155920822,0.3232998885172782,0.0
2967,1787224517,2026-08-20T11:15:17+00:00,ETHFIUSDT,LONG,overheated_confirmed,sl,sl,0.5823,0.5575821428571429,0.6317357142857143,0.5542,-1.1368299378702513,4.244866416427464,8.489732832854928,2.0,0.5823,0.0,1787224518.075,1.0750000476837158,,,,1.5,1,153,2.0,ok,1787220000,2026-08-20T10:00:00+00:00,0.0,2.735832297033235,1.7417311752287157,3.0437878248487014,3.0437878248487014,10.098896918980586,0.0,2.4529263789720135,0.6315744080261969,-34.811985730221664,27.083540650290615,-1.3679161485166176,0.0
2971,1787225459,2026-08-20T11:30:59+00:00,BOMEUSDT,LONG,overheated_confirmed,sl,sl,0.0012942,0.0012280874999999998,0.00139336875,0.0012280874999999998,-1.0,5.108368103847942,7.662552155771905,1.4999999999999984,0.0012942,0.0,1787225460.049,1.0490000247955322,,,,1.6,2,207,1.5,ok,1787220000,2026-08-20T10:00:00+00:00,0.0,5.866062437059427,11.430085681476902,7.4826477061113925,15.551915551915538,26.411149825783976,0.0,3.365150498547011,5.383679326646078,23.35620229312775,39.939011070052906,-2.9330312185297136,0.0
2972,1787225490,2026-08-20T11:31:30+00:00,METUSDT,LONG,overheated_early,tp,tp,0.2085,0.20002499999999998,0.22544999999999998,0.22544999999999998,1.9999999999999967,4.064748201438854,8.129496402877695,1.9999999999999967,0.2085,0.0,,,,,,,,,,ok,1787220000,2026-08-20T10:00:00+00:00,0.0,0.8423022929340178,-1.192113709307653,2.3156899810964022,5.056710775047253,8.50661625708884,0.0,1.9373313611450251,1.2996236074622582,-12.918598804402482,45.15531702955158,-0.4211511464670089,0.0
2973,1787225505,2026-08-20T11:31:45+00:00,BRETTUSDT,LONG,overheated_early,tp,tp,0.004405,0.004267053571428572,0.004680892857142857,0.0047,2.1385113268608476,3.131587481757735,6.26317496351549,2.000000000000006,0.004405,0.0,,,,,,,,,,ok,1787220000,2026-08-20T10:00:00+00:00,0.0,0.507965827753413,3.8406488549618243,1.4345210550670882,2.645750409740114,6.433600388443788,0.0,0.8013340010641168,2.666691206294981,143.72845563802366,81.61296452389186,-0.2539829138767065,0.0
2974,1787225510,2026-08-20T11:31:50+00:00,ETHFIUSDT,LONG,overheated_early,sl,sl,0.5633,0.5385821428571429,0.6127357142857143,0.5385821428571429,-1.0,4.388044939260984,8.776089878521969,2.0,0.5633,0.0,,,,,,,,,,ok,1787220000,2026-08-20T10:00:00+00:00,0.0,2.735832297033235,1.7417311752287157,3.0437878248487014,3.0437878248487014,10.098896918980586,0.0,2.4529263789720135,0.6315744080261969,-34.811985730221664,27.083540650290615,-1.3679161485166176,0.0
2975,1787225555,2026-08-20T11:32:35+00:00,MEGAUSDT,LONG,overheated_early,tp,tp,0.03707,0.03580571428571429,0.03959857142857143,0.03976,2.127683615819213,3.410536051485597,6.821072102971214,2.0000000000000053,0.03707,0.0,,,,,,,,,,ok,1787220000,2026-08-20T10:00:00+00:00,0.0,2.6772999145542475,3.413654618473886,3.385490753911797,3.5917901938426375,4.8470859780726885,0.0,2.3457446993515223,1.316325766639704,39.50041072362034,-231.9558999559913,-1.3386499572771238,0.0
2976,1787225592,2026-08-20T11:33:12+00:00,USELESSUSDT,LONG,overheated_early,tp,tp,0.04752,0.04485642857142857,0.05284714285714286,0.05285,2.0010726736390434,5.605158730158737,11.210317460317475,2.0,0.04752,0.0,,,,,,,,,,ok,1787220000,2026-08-20T10:00:00+00:00,0.0,-0.4337946705226231,6.61358106613581,2.6332288401254007,4.4383096198768355,13.579676674364904,0.0,2.6043330177564017,2.4833178620607734,-44.32777385895063,-186.12703666258625,0.21689733526131155,0.0
2977,1787225640,2026-08-20T11:34:00+00:00,PEPEUSDT,LONG,overheated_early,tp,tp,3.115e-06,3.0374285714285715e-06,3.270142857142857e-06,3.35e-06,3.0294659300184286,2.4902545287777964,4.980509057555606,2.0000000000000053,3.115e-06,0.0,,,,,,,,,,ok,1787220000,2026-08-20T10:00:00+00:00,0.0,1.03727714748784,4.949494949494951,1.6949152542372912,4.726205997392434,9.808612440191386,0.0,5.30146877098513,0.8309893775787903,-73.21202173420875,-69.03846241217485,-0.51863857374392,0.0
2982,1787226313,2026-08-20T11:45:13+00:00,BRETTUSDT,LONG,overheated_confirmed,sl,sl,0.004622,0.004484053571428572,0.004828919642857143,0.004484053571428572,-1.0,2.984561414353705,4.476842121530558,1.5,0.004622,0.0,1787226313.679,0.6789999008178711,,,,4.2,2,189,1.5,ok,1787220000,2026-08-20T10:00:00+00:00,0.0,0.507965827753413,3.8406488549618243,1.4345210550670882,2.645750409740114,6.433600388443788,0.0,0.8013340010641168,2.666691206294981,143.72845563802366,81.61296452389186,-0.2539829138767065,0.0
2983,1787226324,2026-08-20T11:45:24+00:00,PYTHUSDT,LONG,overheated_confirmed,sl,sl,0.04456,0.04335517857142857,0.04696964285714286,0.04334,-1.0125981917889468,2.7038182867401934,5.407636573480387,2.0,0.04456,0.0,1787226324.577,0.5769999027252197,,,,1.6,1,81,2.0,ok,1787220000,2026-08-20T10:00:00+00:00,0.0,-0.09088843444671295,3.1433262960356574,0.7737824305871643,2.513837638376385,4.85963670677048,0.0,0.9756232544320517,0.302069688751333,-90.83852707416091,-1007.0500320131498,0.045444217223356474,0.0
2984,1787226325,2026-08-20T11:45:25+00:00,SUSDT,LONG,overheated_confirmed,tp,tp,0.0247,0.02407160714285714,0.025956785714285717,0.02596,2.005115089514063,2.5441006362059055,5.088201272411811,2.0,0.0247,0.0,1787226326.394,1.3940000534057617,,,,3.1,1,78,2.0,ok,1787220000,2026-08-20T10:00:00+00:00,0.0,0.5775577557755683,1.6680567139282634,1.240181893344364,1.5339966832504242,3.526448362720405,0.0,1.4019661429083052,0.9861740398979961,24.741018880988523,73.64531393551864,-0.28877887788778417,0.0
2985,1787226327,2026-08-20T11:45:27+00:00,WIFUSDT,LONG,overheated_confirmed,sl,sl,0.1573,0.15379107142857143,0.16431785714285713,0.15379107142857143,-1.0,2.230723821632909,4.461447643265818,2.0,0.1573,0.0,1787226328.286,1.2860000133514404,,,,1.5,1,47,2.0,ok,1787220000,2026-08-20T10:00:00+00:00,0.0,2.5573770491803374,4.058549567531618,3.1496062992125977,3.6255767963085073,6.504065040650405,0.0,1.4337209156805746,3.2902790805696136,259.2796725784448,312.63930607297266,-1.2786885245901687,0.0
2988,1787227215,2026-08-20T12:00:15+00:00,NESUSDT,LONG,ema_cross_confirmed,sl,sl,0.218,0.20962068965517242,0.23475862068965517,0.2087,-1.1098765432098772,3.8437203416640293,7.687440683328059,2.0,0.218,0.0,1787227215.716,0.7160000801086426,,,,1.9,1,214,2.0,ok,1787223600,2026-08-20T11:00:00+00:00,0.0,0.2298850574712646,0.6928406466512709,0.8314087759815224,0.8314087759815224,1.3438368860055672,0.0,0.09239004448801397,1.791549295774648,-19.068394713204157,-205.47045278009134,-0.1149425287356323,0.0
2989,1787227228,2026-08-20T12:00:28+00:00,TURBOUSDT,LONG,overheated_confirmed,tp,tp,0.000887,0.0008692249999999999,0.0009225500000000001,0.000923,2.0253164556961987,2.0039458850056415,4.007891770011283,2.0,0.000887,0.0,1787227228.794,0.7939999103546143,,,,4.0,1,94,2.0,ok,1787223600,2026-08-20T11:00:00+00:00,0.0,1.6269477543538062,2.7333796618021813,2.9077849860982408,3.302709617397364,5.749999999999991,0.0,1.0933306275719181,2.0527219374398813,56.10000000000001,32.54151565074136,-0.8134738771769031,0.0
3006,1787227579,2026-08-20T12:06:19+00:00,PENGUUSDT,LONG,overheated_confirmed,sl,sl,0.007207,0.006999035714285715,0.00762292857142857,0.006977,-1.1059591275974614,2.885587424924175,5.77117484984835,2.0,0.007207,0.0,1787227579.999,0.999000072479248,,,,2.8,1,0,2.0,ok,1787223600,2026-08-20T11:00:00+00:00,0.0,5.985294117647063,6.110129564193162,7.627369668246444,7.883016627078389,11.252296387017765,0.0,3.396933523345765,6.320839735219162,225.60885926332585,228.24593347117644,-2.9926470588235317,0.0
3158,1787227597,2026-08-20T12:06:37+00:00,INJUSDT,LONG,overheated_confirmed,ttl_expired,,4.879,4.879,4.879,,,0.0,0.0,,4.879,0.0,,,,,,,,,,ok,1787223600,2026-08-20T11:00:00+00:00,0.0,-0.16430478537687424,2.143307417524678,1.2023217247097808,2.390939597315434,5.8084091894234895,0.0,1.199679637427562,0.8673701727951515,5.622977966543492,-2.177467489842691,0.08215239268843712,0.0
3159,1787227723,2026-08-20T12:08:43+00:00,BIOUSDT,LONG,overheated_confirmed,ttl_expired,,0.03132,0.03132,0.03132,,,0.0,0.0,,0.03132,0.0,,,,,,,,,,ok,1787223600,2026-08-20T11:00:00+00:00,0.0,-0.7244094488189009,-5.2030075187969995,4.460019114367627,5.312000000000006,9.675324675324664,0.0,1.29245605335684,2.6642365261333265,7.148647748626648,61.47647023029381,0.36220472440945045,0.0
3160,1787227730,2026-08-20T12:08:50+00:00,FLOCKUSDT,LONG,overheated_confirmed,ttl_expired,,0.03282,0.03282,0.03282,,,0.0,0.0,,0.03282,0.0,1787227763.139,33.138999938964844,,,,1.8,1,0,2.0,ok,1787223600,2026-08-20T11:00:00+00:00,0.0,2.5689223057644153,6.092028515878159,4.629921259842517,4.695871415064603,8.882333661094725,0.0,1.6680167516996596,1.6947495263433987,45.25780540704126,126.56748752857995,-1.2844611528822076,0.0
3012,1787227762,2026-08-20T12:09:22+00:00,FLOCKUSDT,LONG,overheated_confirmed,sl,sl,0.03274,0.03190160714285714,0.03441678571428571,0.03190160714285714,-1.0,2.5607601012304735,5.121520202460947,2.0,0.03274,0.0,1787227763.139,1.1389999389648438,,,,1.8,1,0,2.0,ok,1787223600,2026-08-20T11:00:00+00:00,0.0,2.5689223057644153,6.092028515878159,4.629921259842517,4.695871415064603,8.882333661094725,0.0,1.6680167516996596,1.6947495263433987,45.25780540704126,126.56748752857995,-1.2844611528822076,0.0
3013,1787227774,2026-08-20T12:09:34+00:00,RPLUSDT,LONG,overheated_early,tp,tp,1.571,1.5284107142857142,1.6561785714285713,1.659,2.0662473794549254,2.7109666272619846,5.421933254523955,1.999999999999995,1.571,0.0,,,,,,,,,,ok,1787223600,2026-08-20T11:00:00+00:00,0.0,1.3548387096774135,-0.12714558169103635,1.682847896440131,1.682847896440131,4.68337730870712,0.0,1.2026760857106955,0.29836004662651655,-37.486343671267086,-151.65915841710668,-0.6774193548387067,0.0
3014,1787227791,2026-08-20T12:09:51+00:00,COINXUSDT,LONG,overheated_early,tp,tp,169.95,165.85982142857142,178.13035714285712,178.16,2.0072473259113774,2.406695246501069,4.813390493002138,2.0,169.95,0.0,,,,,,,,,,ok,1787223600,2026-08-20T11:00:00+00:00,0.0,-1.5413924489088948,0.2291960507757492,2.201350161432345,2.5124743175814506,5.529369108049314,0.0,1.4212040773021657,0.4466001009424494,-43.778048356235864,-26.99638370002356,0.7706962244544474,0.0
3017,1787227865,2026-08-20T12:11:05+00:00,CHIPUSDT,LONG,overheated_early,tp,tp,0.03089,0.027820892857142857,0.03702821428571429,0.03718,2.049455984174083,9.935600980437503,19.871201960875005,2.0,0.03089,0.0,,,,,,,,,,ok,1787223600,2026-08-20T11:00:00+00:00,0.0,7.649513212795552,8.593475973342688,8.368200836820082,12.405063291139237,12.690355329949238,0.0,4.873448788703872,2.263422024429505,342.12083847102343,396.09882053889316,-3.824756606397776,0.0
3042,1787229030,2026-08-20T12:30:30+00:00,PNUTUSDT,LONG,overheated_confirmed,sl,sl,0.05226,0.05066946428571428,0.05544107142857144,0.05066946428571428,-1.0,3.043505002460233,6.087010004920466,2.0,0.05226,0.0,1787229031.04,1.0399999618530273,,,,2.1,1,19,2.0,ok,1787223600,2026-08-20T11:00:00+00:00,0.0,3.9544637507489426,4.770531400966178,5.380258899676381,5.380258899676381,6.937602627257802,0.0,2.2090412299385203,1.9600805625384197,-22.85681915456079,-40.75408684924311,-1.9772318753744713,0.0
3043,1787229033,2026-08-20T12:30:33+00:00,XLMUSDT,LONG,overheated_confirmed,tp,tp,0.182,0.17753375,0.1909325,0.19095,2.003918275958579,2.4539835164835195,4.907967032967039,2.0,0.182,0.0,1787229033.463,0.4630000591278076,,,,1.5,1,19,2.0,ok,1787223600,2026-08-20T11:00:00+00:00,0.0,1.791631564167368,3.4002738475582044,2.273494653911095,2.7302017975241655,7.120122598137455,0.0,0.6684802308074131,1.3565858143876401,13.232249722679517,58.81489867226581,-0.895815782083684,0.0
3044,1787229210,2026-08-20T12:33:30+00:00,BIOUSDT,LONG,overheated_early,sl,sl,0.03076,0.029489821428571428,0.033300357142857145,0.029489821428571428,-1.0,4.129319152888724,8.25863830577746,2.0000000000000027,0.03076,0.0,,,,,,,,,,ok,1787223600,2026-08-20T11:00:00+00:00,0.0,-0.7244094488189009,-5.2030075187969995,4.460019114367627,5.312000000000006,9.675324675324664,0.0,1.29245605335684,2.6642365261333265,7.148647748626648,61.47647023029381,0.36220472440945045,0.0
3167,1787229269,2026-08-20T12:34:29+00:00,VELODROMEUSDT,LONG,overheated_confirmed,ttl_expired,,0.01953,0.01953,0.01953,,,0.0,0.0,,0.01953,0.0,,,,,,,,,,ok,1787223600,2026-08-20T11:00:00+00:00,0.0,0.93264248704663,1.0373443983402608,0.9829280910501769,1.6666666666666712,2.3060796645702273,0.0,1.2059134720230744,0.1289393840251542,-83.77703826955076,-1125.8197936139688,-0.466321243523315,0.0
3168,1787229282,2026-08-20T12:34:42+00:00,PENGUUSDT,LONG,overheated_confirmed,ttl_expired,,0.007232,0.007232,0.007232,,,0.0,0.0,,0.007232,0.0,,,,,,,,,,ok,1787223600,2026-08-20T11:00:00+00:00,0.0,5.985294117647063,6.110129564193162,7.627369668246444,7.883016627078389,11.252296387017765,0.0,3.396933523345765,6.320839735219162,225.60885926332585,228.24593347117644,-2.9926470588235317,0.0
3051,1787229450,2026-08-20T12:37:30+00:00,COLLECTUSDT,LONG,overheated_confirmed,tp,tp,0.05716,0.05428589285714286,0.06290821428571429,0.06339,2.1676296986641805,5.028179046286115,10.05635809257223,2.0,0.05716,0.0,1787229450.836,0.8359999656677246,,,,3.9,1,0,2.0,ok,1787223600,2026-08-20T11:00:00+00:00,0.0,0.6639328256199961,2.424001589509237,2.831683168316819,3.782178217821772,6.850152905198765,0.0,2.5540346495641986,4.53094264078684,545.5357142857143,617.0852485786863,-0.33196641280999806,0.0
3055,1787229529,2026-08-20T12:38:49+00:00,牛来USDT,LONG,overheated_early,sl,sl,0.0587,0.0439875,0.08812500000000001,0.04358,-1.027697536108751,25.063884156729138,50.127768313458276,2.0,0.0587,0.0,,,,,,,,,,ok,1787223600,2026-08-20T11:00:00+00:00,0.0,-9.6382054992764,0.8723747980613986,14.98028909329831,28.654251581166555,81.93788819875778,0.0,12.043425377958808,1.810514419514308,-43.97811365321071,-38.806757758365386,4.8191027496382,0.0
3056,1787229587,2026-08-20T12:39:47+00:00,LITUSDT,LONG,overheated_early,tp,tp,2.725,2.5963214285714287,2.982357142857143,3.064,2.6344712739383844,4.722149410222804,9.444298820445608,2.0,2.725,0.0,,,,,,,,,,ok,1787223600,2026-08-20T11:00:00+00:00,0.0,-1.4637629418065108,-4.066736183524505,2.972477064220182,4.5137614678899,9.100917431192652,0.0,0.25053422697574457,1.2893547737458486,3.989349401729731,-20.21403319619082,0.7318814709032554,0.0
3062,1787229907,2026-08-20T12:45:07+00:00,VELODROMEUSDT,LONG,overheated_confirmed,sl,sl,0.01981,0.019299464285714288,0.020831071428571428,0.0192,-1.1948233648128794,2.577161606692142,5.154323213384284,2.0,0.01981,0.0,1787229908.114,1.1140000820159912,,,,3.4,1,10,2.0,ok,1787223600,2026-08-20T11:00:00+00:00,0.0,0.93264248704663,1.0373443983402608,0.9829280910501769,1.6666666666666712,2.3060796645702273,0.0,1.2059134720230744,0.1289393840251542,-83.77703826955076,-1125.8197936139688,-0.466321243523315,0.0
3063,1787229922,2026-08-20T12:45:22+00:00,MEGAUSDT,LONG,overheated_confirmed,tp,tp,0.03819,0.03679714285714286,0.04097571428571428,0.04106,2.0605128205128227,3.647177645606546,7.294355291213092,2.0,0.03819,0.0,1787229922.893,0.8929998874664307,,,,1.7,1,37,2.0,ok,1787223600,2026-08-20T11:00:00+00:00,0.0,4.271844660194174,5.382674516400331,4.914411927112084,8.108108108108103,9.19540229885058,0.0,2.985026668351434,3.6258508047075964,113.16345922218356,73.66304849856323,-2.135922330097087,0.0
3064,1787230435,2026-08-20T12:53:55+00:00,AEONUSDT,SHORT,ema_cross,tp,tp,0.07252,0.07964586206896551,0.058268275862068966,0.05796,2.043261553351079,9.826064629020284,19.65212925804059,2.0000000000000018,0.07252,0.0,1787230436.214,1.2139999866485596,0.676,,,,,,,ok,1787223600,2026-08-20T11:00:00+00:00,-0.0,0.7278020378456993,2.7482499351827805,2.881217722207117,5.286762707257394,9.839630334329975,0.0,1.4138473746803355,1.4542939879846135,13.087315991127243,28.143842198732585,-0.36390101892284965,0.0
3175,1787230436,2026-08-20T12:53:56+00:00,AEONUSDT,SHORT,ema_cross_confirmed,ttl_expired,,0.07252,0.07252,0.07252,,,0.0,0.0,,0.07252,0.0,,,,,,,,,,ok,1787223600,2026-08-20T11:00:00+00:00,-0.0,0.7278020378456993,2.7482499351827805,2.881217722207117,5.286762707257394,9.839630334329975,0.0,1.4138473746803355,1.4542939879846135,13.087315991127243,28.143842198732585,-0.36390101892284965,0.0
3065,1787230457,2026-08-20T12:54:17+00:00,POPMARTUSDT,SHORT,ema_cross,sl,sl,18.977,19.30941379310345,18.312172413793103,19.788,-2.4397302904564295,1.7516667181506482,3.5033334363012965,2.0,18.977,0.0,1787230457.469,0.46900010108947754,0.218,,,,,,,ok,1787223600,2026-08-20T11:00:00+00:00,-0.0,0.23674242424241454,-0.9260737665655409,0.8833641893678816,4.727993146284016,6.048365379436641,0.0,1.2681540423414728,0.22185997565152796,-98.2980016716055,-1318.3581822132303,-0.11837121212120727,0.0
3176,1787230457,2026-08-20T12:54:17+00:00,POPMARTUSDT,SHORT,ema_cross_confirmed,ttl_expired,,18.977,18.977,18.977,,,0.0,0.0,,18.977,0.0,,,,,,,,,,ok,1787223600,2026-08-20T11:00:00+00:00,-0.0,0.23674242424241454,-0.9260737665655409,0.8833641893678816,4.727993146284016,6.048365379436641,0.0,1.2681540423414728,0.22185997565152796,-98.2980016716055,-1318.3581822132303,-0.11837121212120727,0.0
3066,1787230497,2026-08-20T12:54:57+00:00,CLOUSDT,SHORT,ema_cross,sl,sl,0.1052,0.11221275862068966,0.0911744827586207,0.11413,-1.27339332251561,6.6661203618723,13.332240723744587,1.999999999999998,0.1052,0.0,1787230497.733,0.7330000400543213,1.589,,,,,,,ok,1787223600,2026-08-20T11:00:00+00:00,-0.0,1.1418783899514764,4.19586868314275,2.7855964282247867,4.649131320974476,8.172376977579344,0.0,1.5876707437003865,0.9703746360815177,-29.423399106478033,0.9843477601217003,-0.5709391949757382,0.0
3177,1787230497,2026-08-20T12:54:57+00:00,CLOUSDT,SHORT,ema_cross_confirmed,ttl_expired,,0.1052,0.1052,0.1052,,,0.0,0.0,,0.1052,0.0,,,,,,,,,,ok,1787223600,2026-08-20T11:00:00+00:00,-0.0,1.1418783899514764,4.19586868314275,2.7855964282247867,4.649131320974476,8.172376977579344,0.0,1.5876707437003865,0.9703746360815177,-29.423399106478033,0.9843477601217003,-0.5709391949757382,0.0
3067,1787230504,2026-08-20T12:55:04+00:00,FILUSDT,LONG,ema_cross,tp,tp,0.6912,0.6770793103448276,0.7194413793103448,0.7199,2.0324786324786257,2.042923850574716,4.085847701149416,1.9999999999999922,0.6912,0.0,1787230504.966,0.9660000801086426,0.284,,,,,,,ok,1787223600,2026-08-20T11:00:00+00:00,0.0,0.1594202898550871,0.6700655498907572,1.1636363636363647,1.5180265654648906,3.759510666865583,0.0,0.3749014666567982,0.6981614968778113,24.466042767174127,76.22003893079909,-0.07971014492754355,0.0
3178,1787230504,2026-08-20T12:55:04+00:00,FILUSDT,LONG,ema_cross_confirmed,ttl_expired,,0.6912,0.6912,0.6912,,,0.0,0.0,,0.6912,0.0,,,,,,,,,,ok,1787223600,2026-08-20T11:00:00+00:00,0.0,0.1594202898550871,0.6700655498907572,1.1636363636363647,1.5180265654648906,3.759510666865583,0.0,0.3749014666567982,0.6981614968778113,24.466042767174127,76.22003893079909,-0.07971014492754355,0.0
3068,1787230530,2026-08-20T12:55:30+00:00,WALUSDT,LONG,ema_cross,tp,tp,0.0227,0.022027241379310347,0.02404551724137931,0.02405,2.006663249615578,2.9636943642716074,5.927388728543215,2.0,0.0227,0.0,1787230530.808,0.8080000877380371,0.233,,,,,,,ok,1787223600,2026-08-20T11:00:00+00:00,0.0,0.0882612533097934,0.8448199199644251,0.7975188303057138,1.7441860465116188,2.9411764705882253,0.0,1.0588861829068998,0.7178485704021746,60.11608623548922,74.72160381494399,-0.0441306266548967,0.0
3179,1787230530,2026-08-20T12:55:30+00:00,WALUSDT,LONG,ema_cross_confirmed,ttl_expired,,0.0227,0.0227,0.0227,,,0.0,0.0,,0.0227,0.0,,,,,,,,,,ok,1787223600,2026-08-20T11:00:00+00:00,0.0,0.0882612533097934,0.8448199199644251,0.7975188303057138,1.7441860465116188,2.9411764705882253,0.0,1.0588861829068998,0.7178485704021746,60.11608623548922,74.72160381494399,-0.0441306266548967,0.0
3069,1787230574,2026-08-20T12:56:14+00:00,AIGENSYNUSDT,LONG,ema_cross,sl,sl,0.02066,0.020216551724137933,0.021546896551724138,0.02019,-1.0598755832037376,2.146409854124242,4.292819708248484,2.0,0.02066,0.0,1787230575.023,1.0230000019073486,0.173,,,,,,,ok,1787223600,2026-08-20T11:00:00+00:00,0.0,0.0,-0.5730659025787898,0.9661835748792212,1.208313194780088,1.894123360854774,0.0,1.167517193220468,1.375,-22.755685596488895,-51.57185828793998,0.0,0.0
3180,1787230575,2026-08-20T12:56:15+00:00,AIGENSYNUSDT,LONG,ema_cross_confirmed,ttl_expired,,0.02066,0.02066,0.02066,,,0.0,0.0,,0.02066,0.0,,,,,,,,,,ok,1787223600,2026-08-20T11:00:00+00:00,0.0,0.0,-0.5730659025787898,0.9661835748792212,1.208313194780088,1.894123360854774,0.0,1.167517193220468,1.375,-22.755685596488895,-51.57185828793998,0.0,0.0
3070,1787230612,2026-08-20T12:56:52+00:00,OKBUSDT,LONG,ema_cross,sl,sl,105.8,103.60448275862069,110.19103448275862,103.60448275862069,-1.0,2.0751580731373407,4.150316146274695,2.0000000000000067,105.8,0.0,1787230613.345,1.3450000286102295,0.237,,,,,,,ok,1787223600,2026-08-20T11:00:00+00:00,0.0,-0.4660700969425801,1.8213025650805725,1.091559235908545,1.9522365428354838,4.234085844394928,0.0,0.9424810541051049,0.39678706943280934,-71.79783545234842,-104.49443333299538,0.23303504847129006,0.0
3181,1787230613,2026-08-20T12:56:53+00:00,OKBUSDT,LONG,ema_cross_confirmed,ttl_expired,,105.8,105.8,105.8,,,0.0,0.0,,105.8,0.0,,,,,,,,,,ok,1787223600,2026-08-20T11:00:00+00:00,0.0,-0.4660700969425801,1.8213025650805725,1.091559235908545,1.9522365428354838,4.234085844394928,0.0,0.9424810541051049,0.39678706943280934,-71.79783545234842,-104.49443333299538,0.23303504847129006,0.0
3071,1787230631,2026-08-20T12:57:11+00:00,DEEPUSDT,LONG,ema_cross,tp,tp,0.01449,0.01415655172413793,0.015156896551724138,0.01542,2.789038262668043,2.3012303372123495,4.602460674424699,2.0,0.01449,0.0,1787230631.983,0.9830000400543213,0.357,,,,,,,ok,1787223600,2026-08-20T11:00:00+00:00,0.0,-0.47945205479452474,2.1082220660576243,4.501385041551243,5.4507337526205415,9.665697674418603,0.0,1.429272206042853,1.4962039660056656,475.08710801393727,559.1470913518989,0.23972602739726237,0.0
3182,1787230631,2026-08-20T12:57:11+00:00,DEEPUSDT,LONG,ema_cross_confirmed,ttl_expired,,0.01449,0.01449,0.01449,,,0.0,0.0,,0.01449,0.0,,,,,,,,,,ok,1787223600,2026-08-20T11:00:00+00:00,0.0,-0.47945205479452474,2.1082220660576243,4.501385041551243,5.4507337526205415,9.665697674418603,0.0,1.429272206042853,1.4962039660056656,475.08710801393727,559.1470913518989,0.23972602739726237,0.0
3073,1787230686,2026-08-20T12:58:06+00:00,MANTRAUSDT,LONG,ema_cross,sl,sl,0.005019,0.004928931034482759,0.0051991379310344825,0.004928931034482759,-1.0,1.7945599824116607,3.5891199648233214,2.0,0.005019,0.0,1787230687.133,1.1329998970031738,0.414,,,,,,,ok,1787223600,2026-08-20T11:00:00+00:00,0.0,0.29964043148222647,0.2796085480327566,0.7192807192807281,1.1788211788211793,2.220427937020587,0.0,0.961018326006414,0.5244965250992957,-7.4034660991182735,17.590832646605786,-0.14982021574111323,0.0
3183,1787230687,2026-08-20T12:58:07+00:00,MANTRAUSDT,LONG,ema_cross_confirmed,ttl_expired,,0.005019,0.005019,0.005019,,,0.0,0.0,,0.005019,0.0,,,,,,,,,,ok,1787223600,2026-08-20T11:00:00+00:00,0.0,0.29964043148222647,0.2796085480327566,0.7192807192807281,1.1788211788211793,2.220427937020587,0.0,0.961018326006414,0.5244965250992957,-7.4034660991182735,17.590832646605786,-0.14982021574111323,0.0
3074,1787230692,2026-08-20T12:58:12+00:00,COOKIEUSDT,LONG,ema_cross,tp,tp,0.01142,0.01103103448275862,0.012197931034482757,0.0122,2.005319148936171,3.406002777945532,6.812005555891049,1.9999999999999956,0.01142,0.0,1787230693.491,1.4909999370574951,0.368,,,,,,,ok,1787223600,2026-08-20T11:00:00+00:00,0.0,0.17331022530330087,1.0489510489510516,1.3054830287206187,1.7467248908296988,3.8324420677361837,0.0,0.5440661185747581,0.7577127495459143,-21.929940954023753,-58.89495685588655,-0.08665511265165043,0.0
3184,1787230693,2026-08-20T12:58:13+00:00,COOKIEUSDT,LONG,ema_cross_confirmed,ttl_expired,,0.01142,0.01142,0.01142,,,0.0,0.0,,0.01142,0.0,,,,,,,,,,ok,1787223600,2026-08-20T11:00:00+00:00,0.0,0.17331022530330087,1.0489510489510516,1.3054830287206187,1.7467248908296988,3.8324420677361837,0.0,0.5440661185747581,0.7577127495459143,-21.929940954023753,-58.89495685588655,-0.08665511265165043,0.0
3194,1787231922,2026-08-20T13:18:42+00:00,BRETTUSDT,LONG,overheated_confirmed,ttl_expired,,0.0045,0.0045,0.0045,,,0.0,0.0,,0.0045,0.0,,,,,,,,,,ok,1787227200,2026-08-20T12:00:00+00:00,0.0,-2.1593608291945454,4.617871161394609,5.642633228840117,8.385021824029403,10.46593303675955,0.0,4.275185370671418,4.932633988526401,-34.28000258310146,-388.0865594170655,1.0796804145972727,0.0
3193,1787231928,2026-08-20T13:18:48+00:00,MEGAUSDT,LONG,overheated_confirmed,ttl_expired,,0.03849,0.03849,0.03849,,,0.0,0.0,,0.03849,0.0,1787231953.52,25.519999980926514,,,,2.8,1,0,2.0,ok,1787227200,2026-08-20T12:00:00+00:00,0.0,2.580473530194197,9.826260324693804,3.6987402841061354,6.819436775262286,10.290763968072982,0.0,0.9181632626820408,2.151762929014114,-35.151933701657455,-148.31539292384102,-1.2902367650970985,0.0
3195,1787231932,2026-08-20T13:18:52+00:00,PNUTUSDT,LONG,overheated_confirmed,ttl_expired,,0.05112,0.05112,0.05112,,,0.0,0.0,,0.05112,0.0,,,,,,,,,,ok,1787227200,2026-08-20T12:00:00+00:00,0.0,-0.1729106628242071,3.2386250745082448,5.426203630623511,8.070388349514564,9.375639713408395,0.0,2.444684634632087,3.706438836049643,103.18940617809761,126.0462253326584,0.08645533141210356,0.0
3196,1787231996,2026-08-20T13:19:56+00:00,COLLECTUSDT,LONG,overheated_confirmed,ttl_expired,,0.06115,0.06115,0.06115,,,0.0,0.0,,0.06115,0.0,,,,,,,,,,ok,1787227200,2026-08-20T12:00:00+00:00,0.0,15.887487875848697,14.708141321044547,26.09457092819614,28.316831683168303,28.673550436854633,0.0,8.886070894704636,49.106280917403694,1158.5984324573535,613.0627181716392,-7.943743937924348,0.0
3079,1787232048,2026-08-20T13:20:48+00:00,HYPEUSDT,LONG,overheated_early,tp,tp,71.934,69.44475,76.9125,76.9125,2.0,3.46046375844524,6.92092751689048,2.0,71.934,0.0,,,,,,,,,,ok,1787227200,2026-08-20T12:00:00+00:00,0.0,-0.41128247881060476,-2.0699831941958307,1.447255423688237,2.770621278033519,4.9964100181610736,0.0,0.5378199962015595,0.602211286021304,-13.422717962671458,-34.150357838771555,0.20564123940530238,0.0
3197,1787232067,2026-08-20T13:21:07+00:00,SUSDT,LONG,overheated_confirmed,ttl_expired,,0.02495,0.02495,0.02495,,,0.0,0.0,,0.02495,0.0,,,,,,,,,,ok,1787227200,2026-08-20T12:00:00+00:00,0.0,1.6626115166261037,3.4240924092409135,1.9378280177634286,3.824013157894738,4.684908789386412,0.0,0.5367931866587706,1.1618966792479601,-14.4466800804829,-52.37992303811662,-0.8313057583130519,0.0
3200,1787232086,2026-08-20T13:21:26+00:00,BOMEUSDT,LONG,overheated_confirmed,ttl_expired,,0.0012173,0.0012173,0.0012173,,,0.0,0.0,,0.0012173,0.0,,,,,,,,,,ok,1787227200,2026-08-20T12:00:00+00:00,0.0,-4.898584003061618,4.271567640147699,11.344009390458613,11.344009390458613,20.848120848120836,0.0,5.664590983906446,4.354513056648871,15.186024237394365,13.499689918684279,2.449292001530809,0.0
3198,1787232096,2026-08-20T13:21:36+00:00,MONUSDT,LONG,overheated_confirmed,ttl_expired,,0.02592,0.02592,0.02592,,,0.0,0.0,,0.02592,0.0,,,,,,,,,,ok,1787227200,2026-08-20T12:00:00+00:00,0.0,-0.8656379375235267,3.497053045186634,4.080061585835265,5.625000000000001,9.340881520420554,0.0,1.7476247501794553,2.7142969402624293,-10.957091603592456,-132.105139090031,0.43281896876176335,0.0
3199,1787232103,2026-08-20T13:21:43+00:00,ORDIUSDT,LONG,overheated_confirmed,ttl_expired,,4.129,4.129,4.129,,,0.0,0.0,,4.129,0.0,,,,,,,,,,ok,1787227200,2026-08-20T12:00:00+00:00,0.0,-4.712041884816751,3.460207612456739,9.08419497784342,9.478089611029043,13.675869120654403,0.0,5.623069078849471,6.534160410403955,32.91073053985092,25.484709470005736,2.3560209424083753,0.0
3202,1787232147,2026-08-20T13:22:27+00:00,MOODENGUSDT,LONG,overheated_confirmed,ttl_expired,,0.04086,0.04086,0.04086,,,0.0,0.0,,0.04086,0.0,,,,,,,,,,ok,1787227200,2026-08-20T12:00:00+00:00,0.0,-1.6113516113516042,1.2122711528946175,2.5413274117937408,2.6666666666666607,4.132231404958675,0.0,1.7858248879117828,1.483099987598232,98.15129621759456,131.34943869523738,0.8056758056758021,0.0
3201,1787232153,2026-08-20T13:22:33+00:00,AVAAIUSDT,LONG,overheated_confirmed,ttl_expired,,0.017924,0.017924,0.017924,,,0.0,0.0,,0.017924,0.0,,,,,,,,,,ok,1787227200,2026-08-20T12:00:00+00:00,0.0,1.7225379886324013,-0.38055208451664824,6.122569588085824,9.378878316884355,11.405771884562308,0.0,1.847489295074574,2.581946778258588,-23.66941435987594,-76.77829172735028,-0.8612689943162006,0.0
3203,1787232166,2026-08-20T13:22:46+00:00,XRPUSDT,LONG,overheated_confirmed,ttl_expired,,1.1926,1.1926,1.1926,,,0.0,0.0,,1.1926,0.0,,,,,,,,,,ok,1787227200,2026-08-20T12:00:00+00:00,0.0,0.1511969760604808,3.7414078134516604,1.6644021739130488,3.5013400190196227,4.513312963771286,0.0,1.2432799592685981,1.2375480265266205,-22.49676576525122,-98.94525057495662,-0.0755984880302404,0.0
3206,1787232263,2026-08-20T13:24:23+00:00,FORMUSDT,LONG,overheated_confirmed,ttl_expired,,0.2421,0.2421,0.2421,,,0.0,0.0,,0.2421,0.0,,,,,,,,,,ok,1787227200,2026-08-20T12:00:00+00:00,0.0,-1.7878911011783887,3.6005143591941664,3.097530347425697,4.646295521138551,13.833634719710675,0.0,2.8648867745955333,1.9122421348258893,-9.938292693342444,9.687241996612464,0.8939455505891943,0.0
3204,1787232275,2026-08-20T13:24:35+00:00,MSTRXUSDT,LONG,overheated_confirmed,ttl_expired,,113.98,113.98,113.98,,,0.0,0.0,,113.98,0.0,,,,,,,,,,ok,1787227200,2026-08-20T12:00:00+00:00,0.0,-0.3758084251005129,-0.20136578532656624,1.7143364718422518,3.100017765144781,3.4286729436844903,0.0,0.7308793889234778,1.5692082256776858,25.140904493515247,26.68284848317811,0.18790421255025644,0.0
3205,1787232293,2026-08-20T13:24:53+00:00,AEROUSDT,LONG,overheated_confirmed,ttl_expired,,0.4783,0.4783,0.4783,,,0.0,0.0,,0.4783,0.0,,,,,,,,,,ok,1787227200,2026-08-20T12:00:00+00:00,0.0,1.4839940640237452,2.242631354122172,3.207184092366905,3.207184092366905,3.2734274711168245,0.0,0.8215544933637953,3.835947617213767,2671.6435986159167,2709.586480299404,-0.7419970320118726,0.0
3207,1787232312,2026-08-20T13:25:12+00:00,USELESSUSDT,LONG,overheated_confirmed,ttl_expired,,0.04845,0.04845,0.04845,,,0.0,0.0,,0.04845,0.0,,,,,,,,,,ok,1787227200,2026-08-20T12:00:00+00:00,0.0,2.157971925413778,0.7229911175376909,4.131355932203391,4.463336875664182,4.527098831030818,0.0,1.663504085250275,2.746483061260789,-26.844542428490207,-122.78746614253055,-1.078985962706889,0.0
3209,1787232339,2026-08-20T13:25:39+00:00,牛来USDT,LONG,overheated_confirmed,ttl_expired,,0.0638,0.0638,0.0638,,,0.0,0.0,,0.0638,0.0,,,,,,,,,,ok,1787227200,2026-08-20T12:00:00+00:00,0.0,-1.1210762331838553,2.2354694485842095,8.515358361774734,19.45392491467578,29.86345096648342,0.0,11.913903454522357,1.3386847772863528,-21.442267798472734,22.53584585473798,0.5605381165919276,0.0
3208,1787232355,2026-08-20T13:25:55+00:00,TURBOUSDT,LONG,overheated_confirmed,ttl_expired,,0.0008863,0.0008863,0.0008863,,,0.0,0.0,,0.0008863,0.0,,,,,,,,,,ok,1787227200,2026-08-20T12:00:00+00:00,0.0,0.5975197294250244,3.71963268627222,3.1675242995997803,4.5180722891566365,5.730692605179896,0.0,0.5451227376627282,13.6297296833237,606.2780269058296,550.1780269058296,-0.2987598647125122,0.0
3083,1787232623,2026-08-20T13:30:23+00:00,XRPUSDT,LONG,overheated_confirmed,tp,tp,1.2049,1.1803428571428571,1.254014285714286,1.2578,2.1541593949970816,2.038106304020495,4.07621260804099,2.0,1.2049,0.0,1787232623.773,0.7730000019073486,,,,1.6,1,7,2.0,ok,1787227200,2026-08-20T12:00:00+00:00,0.0,0.1511969760604808,3.7414078134516604,1.6644021739130488,3.5013400190196227,4.513312963771286,0.0,1.2432799592685981,1.2375480265266205,-22.49676576525122,-98.94525057495662,-0.0755984880302404,0.0
3084,1787232628,2026-08-20T13:30:28+00:00,AEONUSDT,SHORT,ema_cross_confirmed,open,,0.0724,0.08665172413793104,0.043896551724137936,,,19.68470184797104,39.36940369594208,2.0,0.0724,0.0,1787232628.221,0.22099995613098145,,,,1.5,1,36,2.0,ok,1787227200,2026-08-20T12:00:00+00:00,-0.0,2.6259664089576105,5.656722200697398,4.172423321359484,4.58690245924289,8.67642995302569,0.0,1.0546252495253077,1.2207854656450248,-13.231098430813123,-26.318414421940368,-1.3129832044788052,0.0
3220,1787233225,2026-08-20T13:40:25+00:00,CHIPUSDT,LONG,ema_cross_confirmed,ttl_expired,,0.03058,0.03058,0.03058,,,0.0,0.0,,0.03058,0.0,,,,,,,,,,ok,1787227200,2026-08-20T12:00:00+00:00,0.0,-1.0335917312661524,10.017953321364455,3.016241299303948,8.368200836820082,12.690355329949238,0.0,4.2051069900644755,2.0347424140758967,-4.855533244087461,-346.9763717151109,0.5167958656330762,0.0
3095,1787233527,2026-08-20T13:45:27+00:00,POPMARTUSDT,SHORT,ema_cross_confirmed,sl,sl,18.928,19.592827586206898,17.598344827586207,19.788,-1.2935684647302885,3.5124027166467506,7.024805433293501,2.0,18.928,0.0,1787233527.855,0.8550000190734863,,,,1.8,1,50,2.0,ok,1787227200,2026-08-20T12:00:00+00:00,-0.0,-0.42187417602699095,-1.9596294908175813,0.6181971890521024,0.8833641893678816,5.342812516830941,0.0,1.0158838861320425,0.21280146874739214,-5.133928571428571,93.16407310017694,0.21093708801349548,0.0
3096,1787233529,2026-08-20T13:45:29+00:00,FILUSDT,LONG,ema_cross_confirmed,tp,tp,0.6939,0.6727189655172413,0.7362620689655173,0.7369,2.030118030118029,3.0524620958003537,6.104924191600707,2.0,0.6939,0.0,1787233529.299,0.2990000247955322,,,,2.8,1,50,2.0,ok,1787227200,2026-08-20T12:00:00+00:00,0.0,0.26045434814063273,1.0500218754557362,1.2394284047827446,1.414406532516775,1.8301610541727606,0.0,0.24509120180734092,0.6713146845264366,-2.5673564474610036,-27.033399214635132,-0.13022717407031636,0.0
3228,1787234385,2026-08-20T13:59:45+00:00,THETAUSDT,LONG,overheated_confirmed,ttl_expired,,0.1621,0.1621,0.1621,,,0.0,0.0,,0.1621,0.0,1787234436.218,51.21799993515015,,,,1.5,1,0,2.0,ok,1787227200,2026-08-20T12:00:00+00:00,0.0,0.6892230576441214,2.5526483726866647,1.2562814070351769,1.5752993068683063,4.404145077720208,0.0,1.17472044959062,0.4870870795974611,64.86021069692059,86.83918801455278,-0.3446115288220607,0.0
3101,1787234409,2026-08-20T14:00:09+00:00,ILVUSDT,LONG,ema_cross_confirmed,tp,tp,3.185,3.1014137931034482,3.3521724137931037,3.354,2.021864686468645,2.6243707031884402,5.2487414063768805,2.0,3.185,0.0,1787234410.43,1.4300000667572021,,,,1.6,1,198,2.0,ok,1787230800,2026-08-20T13:00:00+00:00,0.0,-0.03138731952290929,0.9828788839568846,1.299524564183847,1.299524564183847,1.3637805264827196,0.0,0.30953649335752753,0.18849463901603844,-40.70542877982703,-152.53635251892865,0.015693659761454645,0.0
3102,1787234412,2026-08-20T14:00:12+00:00,MSTRXUSDT,LONG,overheated_early,sl,sl,112.0,108.62982142857143,118.74035714285715,108.51,-1.0355534361256817,3.0090880102040782,6.018176020408169,2.000000000000004,112.0,0.0,,,,,,,,,,ok,1787230800,2026-08-20T13:00:00+00:00,0.0,-1.7984033687165515,-2.745438748913985,4.57331016189518,4.737949327723412,6.503247050214946,0.0,0.7755736352121432,2.517753193831757,67.08478502749658,41.94388053398133,0.8992016843582757,0.0
3229,1787234417,2026-08-20T14:00:17+00:00,RIFUSDT,LONG,overheated_confirmed,ttl_expired,,0.08295,0.08295,0.08295,,,0.0,0.0,,0.08295,0.0,,,,,,,,,,ok,1787230800,2026-08-20T13:00:00+00:00,0.0,3.180914512922474,6.611888560790861,4.588073509188639,5.511413797452389,8.960666840322997,0.0,0.913290066393701,3.556708410060015,239.31923238548816,220.642480660777,-1.590457256461237,0.0
3104,1787234434,2026-08-20T14:00:34+00:00,PUMPUSDT,LONG,overheated_confirmed,tp,tp,0.003573,0.0033747321428571424,0.0039695357142857145,0.00397,2.0023417094478937,5.549058414297716,11.098116828595431,2.0,0.003573,0.0,1787234435.111,1.1110000610351562,,,,2.4,1,1,2.0,ok,1787230800,2026-08-20T13:00:00+00:00,0.0,5.866666666666662,6.880047861202505,6.559810032650633,7.324364723467862,8.787878787878785,0.0,3.654841205790856,1.381319121067364,52.63787852592662,64.33654566232495,-2.933333333333331,0.0
3230,1787234434,2026-08-20T14:00:34+00:00,CCUSDT,LONG,overheated_confirmed,ttl_expired,,0.10468,0.10468,0.10468,,,0.0,0.0,,0.10468,0.0,,,,,,,,,,ok,1787230800,2026-08-20T13:00:00+00:00,0.0,1.0537509667440002,0.5386169087236616,0.9335001443556911,1.7462165308498214,1.993581639599335,0.0,1.097277297200903,1.7780331429772624,182.09711846318035,220.11597078664653,-0.5268754833720001,0.0
3105,1787234435,2026-08-20T14:00:35+00:00,THETAUSDT,LONG,overheated_confirmed,tp,tp,0.1621,0.15835,0.1696,0.1706,2.2666666666666666,2.3133867982726732,4.6267735965453465,2.0,0.1621,0.0,1787234436.218,1.2179999351501465,,,,1.5,1,0,2.0,ok,1787230800,2026-08-20T13:00:00+00:00,0.0,0.871188550093332,1.3124999999999942,1.7543859649122788,2.0100502512562692,3.4394904458598647,0.0,0.6000290287378578,0.82157765119147,71.07219662058371,6.211985923663121,-0.435594275046666,0.0
3106,1787234474,2026-08-20T14:01:14+00:00,EDGEXUSDT,LONG,overheated_early,tp,tp,0.3356,0.31758928571428574,0.37162142857142855,0.3726,2.0543327384493364,5.366720585731308,10.733441171462616,2.0,0.3356,0.0,,,,,,,,,,ok,1787230800,2026-08-20T13:00:00+00:00,0.0,1.115802171290706,0.29913251570445737,1.9696969696969713,4.894014962593531,8.572319201995022,0.0,2.3397107371142503,0.5699248888661795,-8.106772120612952,-40.89311934739339,-0.557901085645353,0.0
3108,1787234556,2026-08-20T14:02:36+00:00,ONGUSDT,LONG,overheated_confirmed,tp,tp,0.07565,0.06965642857142856,0.08763714285714286,0.08763714285714286,2.0,7.922764611462567,15.845529222925133,2.0,0.07565,0.0,1787234556.782,0.7820000648498535,,,,1.6,1,0,2.0,ok,1787230800,2026-08-20T13:00:00+00:00,0.0,26.483865574318667,23.914823914823906,28.201703122391052,29.915397631133672,29.915397631133672,0.0,14.248487239409885,21.01019163697354,2072.739187418086,1996.3327137860263,-13.241932787159334,0.0
3109,1787234566,2026-08-20T14:02:46+00:00,BRETTUSDT,LONG,overheated_early,tp,tp,0.004481,0.004319857142857143,0.004803285714285714,0.004803285714285714,2.0,3.5961360665667734,7.192272133133547,2.0,0.004481,0.0,,,,,,,,,,ok,1787230800,2026-08-20T13:00:00+00:00,0.0,-1.7214742882365912,2.297266253158747,3.29995448338642,7.373691397360027,9.162424803331783,0.0,4.710985413775696,1.1031940198193642,-73.08955906164421,-38.80955647854275,0.8607371441182956,0.0
3231,1787234633,2026-08-20T14:03:53+00:00,ONUSDT,LONG,overheated_confirmed,ttl_expired,,0.29366,0.29366,0.29366,,,0.0,0.0,,0.29366,0.0,1787234678.751,45.75099992752075,,,,1.6,1,0,2.0,ok,1787230800,2026-08-20T13:00:00+00:00,0.0,2.8462666759796016,2.6383660950787555,4.002680208774167,4.002680208774167,4.370753114382795,0.0,1.6791164845415298,0.5895052634398522,48.23795667636599,34.062984361858796,-1.4231333379898008,0.0
3112,1787234678,2026-08-20T14:04:38+00:00,ONUSDT,LONG,overheated_confirmed,sl,sl,0.29449,0.25185625,0.3797574999999999,0.24819,-1.0859940774621049,14.4771469319841,28.9542938639682,2.0,0.29449,0.0,1787234678.751,0.750999927520752,,,,1.6,1,0,2.0,ok,1787230800,2026-08-20T13:00:00+00:00,0.0,2.8462666759796016,2.6383660950787555,4.002680208774167,4.002680208774167,4.370753114382795,0.0,1.6791164845415298,0.5895052634398522,48.23795667636599,34.062984361858796,-1.4231333379898008,0.0
3115,1787235330,2026-08-20T14:15:30+00:00,DEEPUSDT,LONG,ema_cross_confirmed,tp,tp,0.01471,0.014209827586206897,0.01571034482758621,0.01574,2.0592899000344675,3.400220352094521,6.800440704189042,2.0,0.01471,0.0,1787235330.564,0.5639998912811279,,,,4.8,1,77,2.0,ok,1787230800,2026-08-20T13:00:00+00:00,0.0,-0.4851004851004894,-1.6438356164383605,1.117318435754193,1.8156424581005575,5.4507337526205415,0.0,0.11964185375425095,0.08746625530273813,-77.39234449760765,-2.718003388852722,0.2425502425502447,0.0
3238,1787236582,2026-08-20T14:36:22+00:00,STXUSDT,LONG,overheated_confirmed,ttl_expired,,0.1401,0.1401,0.1401,,,0.0,0.0,,0.1401,0.0,1787236659.16,77.16000008583069,,,,1.8,1,0,2.0,ok,1787230800,2026-08-20T13:00:00+00:00,0.0,0.5891016200294515,0.8862629246676563,2.0119225037257675,2.384500745156468,2.384500745156468,0.0,0.6408190149215601,2.4293577456320548,143.65954514128188,27.638702330810858,-0.2945508100147258,0.0
3239,1787236586,2026-08-20T14:36:26+00:00,ROBOUSDT,LONG,overheated_confirmed,ttl_expired,,0.0152,0.0152,0.0152,,,0.0,0.0,,0.0152,0.0,,,,,,,,,,ok,1787230800,2026-08-20T13:00:00+00:00,0.0,4.326587578506622,13.00075585789871,5.712270803949224,10.954848260547747,14.777947932618678,0.0,1.4626627995160946,1.4578373220873173,-48.85779122541604,-120.13237469910297,-2.163293789253311,0.0
3124,1787236658,2026-08-20T14:37:38+00:00,STXUSDT,LONG,overheated_confirmed,tp,tp,0.1401,0.13696607142857142,0.14636785714285716,0.1464,2.0102564102564053,2.236922606301627,4.473845212603254,2.0,0.1401,0.0,1787236659.16,1.1600000858306885,,,,1.8,1,0,2.0,ok,1787230800,2026-08-20T13:00:00+00:00,0.0,0.5891016200294515,0.8862629246676563,2.0119225037257675,2.384500745156468,2.384500745156468,0.0,0.6408190149215601,2.4293577456320548,143.65954514128188,27.638702330810858,-0.2945508100147258,0.0
3125,1787236790,2026-08-20T14:39:50+00:00,MAGMAUSDT,LONG,overheated_early,tp,tp,0.23599,0.2184619642857143,0.27104607142857146,0.28756,2.942143708548549,7.42744849963376,14.854896999267533,2.0000000000000018,0.23599,0.0,,,,,,,,,,ok,1787230800,2026-08-20T13:00:00+00:00,0.0,-1.0431094182825464,-4.72162027004501,5.9815881365924355,7.065439209106154,14.067389234048324,0.0,1.227799084354562,0.4077920797473905,-20.37751907352807,-23.44133286382286,0.5215547091412732,0.0
3126,1787236796,2026-08-20T14:39:56+00:00,BOMEUSDT,LONG,overheated_early,tp,tp,0.0011319,0.0010576232142857143,0.0012804535714285713,0.0012804535714285713,2.000000000000003,6.562133202074882,13.124266404149784,2.000000000000003,0.0011319,0.0,,,,,,,,,,ok,1787230800,2026-08-20T13:00:00+00:00,0.0,3.0100603621730504,1.458581054300437,7.095214273803574,11.344009390458613,12.409006263754865,0.0,4.775364028262788,2.219734597169328,-39.974577763067884,-55.16060200046225,-1.5050301810865252,0.0
3129,1787237109,2026-08-20T14:45:09+00:00,CROUSDT,LONG,overheated_confirmed,sl,sl,0.05421,0.05314339285714286,0.05634321428571428,0.05303,-1.1063117361459938,1.9675468416475557,3.9350936832951113,2.0,0.05421,0.0,1787237110.217,1.2170000076293945,,,,1.8,1,44,2.0,ok,1787230800,2026-08-20T13:00:00+00:00,0.0,1.133358519078195,0.7716920760399034,2.5454545454545547,3.368421052631588,4.36706425548288,0.0,2.213179798453528,1.0150322726125969,-58.87016812500452,-145.43646572154785,-0.5666792595390975,0.0
3130,1787237134,2026-08-20T14:45:34+00:00,RIFUSDT,LONG,overheated_confirmed,sl,sl,0.08606,0.08269196428571428,0.09279607142857144,0.08269196428571428,-1.0,3.9135901862488027,7.8271803724976055,2.0,0.08606,0.0,1787237134.869,0.8689999580383301,,,,2.1,1,44,2.0,ok,1787230800,2026-08-20T13:00:00+00:00,0.0,3.180914512922474,6.611888560790861,4.588073509188639,5.511413797452389,8.960666840322997,0.0,0.913290066393701,3.556708410060015,239.31923238548816,220.642480660777,-1.590457256461237,0.0
3131,1787237138,2026-08-20T14:45:38+00:00,PEOPLEUSDT,LONG,overheated_confirmed,tp,tp,0.008873,0.008547982142857144,0.009523035714285715,0.009523035714285715,2.0,3.6629985026806833,7.3259970053613666,2.0,0.008873,0.0,1787237139.276,1.2760000228881836,,,,2.3,1,11,2.0,ok,1787230800,2026-08-20T13:00:00+00:00,0.0,2.2088111044055414,2.270531400966192,2.9440271383571623,3.7104845599902196,4.8235874660745,0.0,2.327045633590727,0.7989023009179365,-7.029789752871404,27.230224764718077,-1.1044055522027707,0.0
3133,1787238038,2026-08-20T15:00:38+00:00,ROBOUSDT,LONG,overheated_confirmed,sl,sl,0.0152,0.014328392857142857,0.016943214285714284,0.0143,-1.032575291948371,5.7342575187969915,11.468515037593972,1.999999999999998,0.0152,0.0,1787238039.473,1.4730000495910645,,,,1.6,1,23,2.0,ok,1787234400,2026-08-20T14:00:00+00:00,0.0,1.6722408026755868,12.011790714812081,8.949964763918254,9.026798307475318,18.37672281776416,0.0,1.935913730067067,3.733413006131637,171.07232657890845,219.93011780432448,-0.8361204013377934,0.0
3136,1787238879,2026-08-20T15:14:39+00:00,GOATUSDT,LONG,overheated_confirmed,sl,sl,0.015466,0.015172,0.016054000000000002,0.015172,-1.0,1.9009440062071699,3.8018880124143397,2.0,0.015466,0.0,1787238880.543,1.5429999828338623,,,,3.3,1,0,2.0,ok,1787234400,2026-08-20T14:00:00+00:00,0.0,8.670601461495227,9.711286089238849,9.168428470754053,10.029121386462107,11.253950014363681,0.0,4.568413136405148,9.080161075534663,858.2620380739081,927.5261669374037,-4.335300730747614,0.0
3137,1787238928,2026-08-20T15:15:28+00:00,OKBUSDT,LONG,ema_cross_confirmed,tp,tp,105.88,102.58672413793103,112.46655172413793,112.5,2.0101565363070004,3.1103852116253936,6.220770423250787,2.0,105.88,0.0,1787238928.722,0.7219998836517334,,,,1.9,1,138,2.0,ok,1787234400,2026-08-20T14:00:00+00:00,0.0,-0.49326503509770064,-1.7606293313354517,1.2847555129434358,1.7545541706615517,3.0009587727708626,0.0,0.5058412765984726,0.6531174041643483,11.924119241192411,67.67951492464564,0.24663251754885032,0.0
3138,1787238930,2026-08-20T15:15:30+00:00,MANTRAUSDT,LONG,ema_cross_confirmed,sl,sl,0.005018,0.004882896551724138,0.005288206896551724,0.004882896551724138,-1.0,2.692376410439655,5.38475282087931,2.0,0.005018,0.0,1787238930.22,0.2200000286102295,,,,2.5,1,137,2.0,ok,1787234400,2026-08-20T14:00:00+00:00,0.0,-0.5997600959616256,-0.9759012148974393,1.5738498789346234,1.6142050040354992,1.715092816787732,0.0,0.4221623793005468,0.30672872707727566,-19.13084553613604,14.370018292982852,0.2998800479808128,0.0
3142,1787239831,2026-08-20T15:30:31+00:00,CHIPUSDT,LONG,ema_cross_confirmed,tp,tp,0.03067,0.02759603448275862,0.03681793103448276,0.03718,2.1177856301531204,10.02271117457248,20.045422349144975,2.0000000000000013,0.03067,0.0,1787239831.842,0.8420000076293945,,,,2.1,1,109,2.0,ok,1787234400,2026-08-20T14:00:00+00:00,0.0,0.0,-2.8423772609819196,2.3279352226720635,3.8798920377867807,8.368200836820082,0.0,0.9247491515652548,1.7587305093794297,142.79760089458168,213.96277750311162,0.0,0.0
3143,1787239837,2026-08-20T15:30:37+00:00,PEOPLEUSDT,LONG,overheated_confirmed,tp,tp,0.009495,0.009169982142857143,0.009982526785714286,0.009982526785714286,1.5,3.423042202663055,5.1345633039945815,1.5,0.009495,0.0,1787239838.336,1.3359999656677246,,,,2.2,2,56,1.5,ok,1787234400,2026-08-20T14:00:00+00:00,0.0,7.416154936230517,7.683201136498169,7.723240685984613,10.346498667312826,11.331133113311317,0.0,4.55184282127703,2.915820575209153,271.9651685861003,278.9949583389717,-3.7080774681152584,0.0
3146,1787240716,2026-08-20T15:45:16+00:00,MONUSDT,LONG,overheated_confirmed,sl,sl,0.02643,0.025418035714285712,0.02845392857142857,0.02535,-1.0672313393329775,3.8288470893465236,7.657694178693047,2.0,0.02643,0.0,1787240716.754,0.7539999485015869,,,,1.8,1,143,2.0,ok,1787234400,2026-08-20T14:00:00+00:00,0.0,-0.11587485515642633,-2.672186676703044,1.8373729476153309,4.970414201183434,6.666666666666668,0.0,0.8041457413394307,0.5114137143661215,-75.51741524065754,-68.01367205438942,0.057937427578213165,0.0
3147,1787240723,2026-08-20T15:45:23+00:00,ONGUSDT,LONG,overheated_early,tp,tp,0.07616,0.07016642857142857,0.08814714285714285,0.08822,2.0121558813013936,7.869710384153665,15.73942076830731,1.9999999999999978,0.07616,0.0,,,,,,,,,,ok,1787234400,2026-08-20T14:00:00+00:00,0.0,7.508261731658962,36.781029263370336,11.672174487772644,41.058607446986144,42.944162436548226,0.0,11.784394588419508,14.194481654591225,22.890060837943572,-2049.8491265801426,-3.754130865829481,0.0
3148,1787240736,2026-08-20T15:45:36+00:00,GALAUSDT,LONG,overheated_confirmed,sl,sl,0.001626,0.0015583392857142857,0.0017613214285714287,0.001552,-1.093692267088942,4.161175540326834,8.322351080653668,2.0,0.001626,0.0,1787240737.455,1.4549999237060547,,,,1.5,1,101,2.0,ok,1787234400,2026-08-20T14:00:00+00:00,0.0,0.6518904823989586,3.5546613011401806,2.8196721311475312,4.533333333333328,7.323750855578363,0.0,0.81846711831911,1.6844959245834152,-35.15360424585754,-211.00282913325296,-0.3259452411994793,0.0
3149,1787240947,2026-08-20T15:49:07+00:00,COLLECTUSDT,LONG,overheated_early,tp,tp,0.05765,0.054775892857142856,0.0633982142857143,0.06363,2.080646163404786,4.985441704869286,9.970883409738585,2.000000000000002,0.05765,0.0,,,,,,,,,,ok,1787234400,2026-08-20T14:00:00+00:00,0.0,7.416520210896311,18.564500484966057,10.574550581600292,18.24187924389797,28.316831683168303,0.0,9.890991216744522,1.8215929203539822,-82.20608575380359,-88.14403219872831,-3.7082601054481557,0.0
3150,1787241627,2026-08-20T16:00:27+00:00,WALUSDT,LONG,ema_cross_confirmed,tp,tp,0.02272,0.021710862068965518,0.024738275862068965,0.02474,2.0017085255424587,4.441628217581348,8.883256435162696,2.0,0.02272,0.0,1787241627.989,0.9890000820159912,,,,2.0,1,184,2.0,ok,1787238000,2026-08-20T15:00:00+00:00,0.0,0.4865103936311322,0.13221683561041095,0.9743135518157725,1.6949152542372965,2.150537634408608,0.0,0.9656128856175936,0.6515250182736394,32.87488771179878,36.42711046514486,-0.2432551968155661,0.0
3152,1787241691,2026-08-20T16:01:31+00:00,CXMTUSDT,SHORT,ema_cross,sl,sl,8.264,8.491965517241379,7.808068965517241,8.491965517241379,-1.0,2.75853723670595,5.51707447341189,1.999999999999996,8.264,0.0,1787241691.793,0.7929999828338623,0.164,,,,,,,ok,1787238000,2026-08-20T15:00:00+00:00,-0.0,0.4225522153809024,-0.7081807081807061,1.1903315923721483,1.7588860388420682,2.404907975460119,0.0,0.819938176492677,0.5517321375525158,21.248181445144926,51.57436728010269,-0.2112761076904512,0.0
3255,1787241691,2026-08-20T16:01:31+00:00,CXMTUSDT,SHORT,ema_cross_confirmed,ttl_expired,,8.264,8.264,8.264,,,0.0,0.0,,8.264,0.0,,,,,,,,,,ok,1787238000,2026-08-20T15:00:00+00:00,-0.0,0.4225522153809024,-0.7081807081807061,1.1903315923721483,1.7588860388420682,2.404907975460119,0.0,0.819938176492677,0.5517321375525158,21.248181445144926,51.57436728010269,-0.2112761076904512,0.0
3153,1787241753,2026-08-20T16:02:33+00:00,KAITOUSDT,LONG,ema_cross,sl,sl,0.3618,0.3443137931034483,0.39677241379310346,0.3443137931034483,-1.0,4.833114122872229,9.666228245744458,2.0,0.3618,0.0,1787241753.703,0.7030000686645508,0.313,,,,,,,ok,1787238000,2026-08-20T15:00:00+00:00,0.0,-1.81473456121343,0.7504168982768149,4.040404040404047,4.545454545454543,7.377521613832857,0.0,2.2994595844837424,1.799440467312818,-13.880651312414544,-45.4916785901058,0.907367280606715,0.0
3256,1787241753,2026-08-20T16:02:33+00:00,KAITOUSDT,LONG,ema_cross_confirmed,ttl_expired,,0.3618,0.3618,0.3618,,,0.0,0.0,,0.3618,0.0,,,,,,,,,,ok,1787238000,2026-08-20T15:00:00+00:00,0.0,-1.81473456121343,0.7504168982768149,4.040404040404047,4.545454545454543,7.377521613832857,0.0,2.2994595844837424,1.799440467312818,-13.880651312414544,-45.4916785901058,0.907367280606715,0.0
3154,1787241848,2026-08-20T16:04:08+00:00,SWARMSUSDT,LONG,ema_cross,sl,sl,0.009114,0.008815586206896552,0.009710827586206897,0.008815586206896552,-1.0,3.2742351668142233,6.548470333628447,2.0,0.009114,0.0,1787241848.99,0.9900000095367432,0.611,,,,,,,ok,1787238000,2026-08-20T15:00:00+00:00,0.0,-0.16483516483517718,-0.7971172745140876,2.0585645090268567,3.586592178770951,3.6097451944568664,0.0,0.5231500024661884,1.5427727213549887,-23.63283674736189,-49.57666626846002,0.08241758241758859,0.0
3259,1787241848,2026-08-20T16:04:08+00:00,SWARMSUSDT,LONG,ema_cross_confirmed,ttl_expired,,0.009114,0.009114,0.009114,,,0.0,0.0,,0.009114,0.0,,,,,,,,,,ok,1787238000,2026-08-20T15:00:00+00:00,0.0,-0.16483516483517718,-0.7971172745140876,2.0585645090268567,3.586592178770951,3.6097451944568664,0.0,0.5231500024661884,1.5427727213549887,-23.63283674736189,-49.57666626846002,0.08241758241758859,0.0
3155,1787241896,2026-08-20T16:04:56+00:00,UBUSDT,SHORT,ema_cross,sl,sl,0.11427,0.11888793103448275,0.10503413793103449,0.11893,-1.009109916367981,4.041245326404792,8.082490652809584,2.0,0.11427,0.0,1787241896.847,0.8469998836517334,0.18,,,,,,,ok,1787238000,2026-08-20T15:00:00+00:00,-0.0,-0.34788658897199304,-1.3527758257203089,1.8333333333333286,3.356481481481478,3.356481481481478,0.0,1.6845408433492763,0.6691252397108719,-48.21917808219178,-98.42493939906421,0.17394329448599652,0.0
3262,1787241896,2026-08-20T16:04:56+00:00,UBUSDT,SHORT,ema_cross_confirmed,ttl_expired,,0.11427,0.11427,0.11427,,,0.0,0.0,,0.11427,0.0,,,,,,,,,,ok,1787238000,2026-08-20T15:00:00+00:00,-0.0,-0.34788658897199304,-1.3527758257203089,1.8333333333333286,3.356481481481478,3.356481481481478,0.0,1.6845408433492763,0.6691252397108719,-48.21917808219178,-98.42493939906421,0.17394329448599652,0.0
3156,1787241907,2026-08-20T16:05:07+00:00,BASEDUSDT,LONG,ema_cross,tp,tp,0.08241,0.07954310344827586,0.08814379310344828,0.08814379310344828,2.000000000000005,3.4788212009757706,6.957642401951558,2.000000000000005,0.08241,0.0,1787241907.371,0.3710000514984131,0.372,,,,,,,ok,1787238000,2026-08-20T15:00:00+00:00,0.0,1.6180436381466066,3.988961364776721,2.2760826771653426,4.133784291619689,5.535102196267601,0.0,0.9877625349228496,1.3600970386149365,7.93798840433577,-7.728104839971313,-0.8090218190733033,0.0
3263,1787241907,2026-08-20T16:05:07+00:00,BASEDUSDT,LONG,ema_cross_confirmed,ttl_expired,,0.08241,0.08241,0.08241,,,0.0,0.0,,0.08241,0.0,,,,,,,,,,ok,1787238000,2026-08-20T15:00:00+00:00,0.0,1.6180436381466066,3.988961364776721,2.2760826771653426,4.133784291619689,5.535102196267601,0.0,0.9877625349228496,1.3600970386149365,7.93798840433577,-7.728104839971313,-0.8090218190733033,0.0
3157,1787241941,2026-08-20T16:05:41+00:00,RIVERUSDT,LONG,ema_cross,tp,tp,2.749,2.663344827586207,2.9203103448275862,2.9203103448275862,2.0,3.115866584714189,6.231733169428378,2.0,2.749,0.0,1787241941.381,0.3810000419616699,0.271,,,,,,,ok,1787238000,2026-08-20T15:00:00+00:00,0.0,0.7307270734380715,3.297115024353693,1.5029325513196452,3.0517305545217828,4.608991310918033,0.0,1.258222833671097,0.36311917606669936,-42.975970425138634,-67.48690253100744,-0.36536353671903576,0.0
3264,1787241941,2026-08-20T16:05:41+00:00,RIVERUSDT,LONG,ema_cross_confirmed,ttl_expired,,2.749,2.749,2.749,,,0.0,0.0,,2.749,0.0,,,,,,,,,,ok,1787238000,2026-08-20T15:00:00+00:00,0.0,0.7307270734380715,3.297115024353693,1.5029325513196452,3.0517305545217828,4.608991310918033,0.0,1.258222833671097,0.36311917606669936,-42.975970425138634,-67.48690253100744,-0.36536353671903576,0.0
3162,1787242756,2026-08-20T16:19:16+00:00,ONUSDT,LONG,overheated_early,sl,sl,0.30018,0.25735125000000003,0.3858375,0.25259,-1.111169483115899,14.267689386368168,28.535378772736358,2.0000000000000013,0.30018,0.0,,,,,,,,,,ok,1787238000,2026-08-20T15:00:00+00:00,0.0,-0.09600877794541299,1.7531605783334583,4.337954521999384,4.391822124320228,6.961489631823965,0.0,1.977957132364886,1.2230764204978548,11.614595754829478,-71.28616760394915,0.048004388972706494,0.0
3271,1787242988,2026-08-20T16:23:08+00:00,SATSUSDT,LONG,overheated_confirmed,ttl_expired,,1.23e-08,1.23e-08,1.23e-08,,,0.0,0.0,,1.23e-08,0.0,1787243083.342,95.3420000076294,,,,4.8,1,1,2.0,ok,1787238000,2026-08-20T15:00:00+00:00,0.0,4.529914529914519,4.351535836177469,4.529914529914519,5.431034482758618,7.374890254609302,0.0,2.76974153671486,1.4960468690649582,65.65316695448722,112.93301752541905,-2.2649572649572596,0.0
3164,1787243082,2026-08-20T16:24:42+00:00,SATSUSDT,LONG,overheated_confirmed,sl,sl,1.228e-08,1.1834285714285714e-08,1.3171428571428571e-08,1.182e-08,-1.0320512820512828,3.629595160539787,7.259190321079574,2.0,1.228e-08,0.0,1787243083.342,1.3420000076293945,,,,4.8,1,1,2.0,ok,1787238000,2026-08-20T15:00:00+00:00,0.0,4.529914529914519,4.351535836177469,4.529914529914519,5.431034482758618,7.374890254609302,0.0,2.76974153671486,1.4960468690649582,65.65316695448722,112.93301752541905,-2.2649572649572596,0.0
3165,1787243424,2026-08-20T16:30:24+00:00,CLOUSDT,SHORT,ema_cross_confirmed,sl,sl,0.10503,0.1190555172413793,0.07697896551724139,0.11915,-1.0067364901411229,13.353820090811489,26.707640181622978,2.0,0.10503,0.0,1787243424.41,0.4100000858306885,,,,3.9,1,215,2.0,ok,1787238000,2026-08-20T15:00:00+00:00,-0.0,1.015182001097494,0.3682224063334232,1.8001299062818938,4.110605920014836,8.605168909108505,0.0,1.04236177606182,0.5190016182023244,-14.207898320472085,40.297058016558836,-0.507591000548747,0.0
3174,1787244317,2026-08-20T16:45:17+00:00,XRPUSDT,LONG,overheated_confirmed,tp,tp,1.2889,1.264342857142857,1.3257357142857145,1.3321,1.7591623036649204,1.905279141682283,2.8579187125234333,1.5000000000000044,1.2889,0.0,1787244318.519,1.5190000534057617,,,,1.5,2,202,1.5,ok,1787238000,2026-08-20T15:00:00+00:00,0.0,2.763511861090735,5.72842405434874,3.158410185260749,4.06718261155937,7.3369565217391335,0.0,1.166339293372555,1.692176982682671,-7.115065800090961,-10.35778790841698,-1.3817559305453675,0.0
3279,1787245171,2026-08-20T16:59:31+00:00,PEPEUSDT,LONG,overheated_confirmed,ttl_expired,,3.208e-06,3.208e-06,3.208e-06,,,0.0,0.0,,3.208e-06,0.0,,,,,,,,,,ok,1787238000,2026-08-20T15:00:00+00:00,0.0,3.019595245743651,2.5583626479053434,3.9871382636655945,4.4236357765579495,4.727979274611398,0.0,1.9166793665980122,1.1994709040590037,114.66636105778873,122.69049935229701,-1.5097976228718255,0.0
3185,1787245208,2026-08-20T17:00:08+00:00,WIFUSDT,LONG,overheated_confirmed,tp,tp,0.1616,0.15765714285714286,0.16948571428571427,0.1696,2.028985507246382,2.4398868458274365,4.879773691654873,2.0,0.1616,0.0,1787245209.393,1.3929998874664307,,,,2.1,1,141,2.0,ok,1787241600,2026-08-20T16:00:00+00:00,0.0,1.6991818753933166,3.457106274007675,3.24221233312142,3.24221233312142,5.660377358490557,0.0,0.6333130091542933,1.458606937181257,17.38868260536708,57.55293857383197,-0.8495909376966583,0.0
3186,1787245228,2026-08-20T17:00:28+00:00,PEOPLEUSDT,LONG,overheated_confirmed,tp,tp,0.010195,0.009869982142857142,0.010520017857142856,0.010520017857142856,1.0,3.188012330974567,3.188012330974567,1.0,0.010195,0.0,1787245228.657,0.6570000648498535,,,,1.8,3,146,1.0,ok,1787241600,2026-08-20T16:00:00+00:00,0.0,8.434375664752164,20.39442607463391,10.272065124250211,14.008859357696574,24.727404894596575,0.0,2.5366698450969816,10.641520563199341,132.31275681625502,32.66819199887392,-4.217187832376082,0.0
3210,1787247055,2026-08-20T17:30:55+00:00,SWARMSUSDT,LONG,ema_cross_confirmed,sl,sl,0.009202,0.008754379310344828,0.010097241379310345,0.008201,-2.236268392265619,4.8643848039032,9.7287696078064,2.0,0.009202,0.0,1787247055.313,0.312999963760376,,,,1.9,1,86,2.0,ok,1787241600,2026-08-20T16:00:00+00:00,0.0,1.8932305998899317,1.9268883505835697,2.18657290407647,2.377807133421391,3.9106145251396605,0.0,1.0885403121934685,2.130407305887835,27.491143579010114,51.123980326372006,-0.9466152999449658,0.0
3290,1787247367,2026-08-20T17:36:07+00:00,PENGUUSDT,LONG,overheated_confirmed,ttl_expired,,0.007267,0.007267,0.007267,,,0.0,0.0,,0.007267,0.0,,,,,,,,,,ok,1787241600,2026-08-20T16:00:00+00:00,0.0,1.7157204631050336,3.993154592127779,2.765688614347889,3.9772727272727253,5.9640995946728435,0.0,0.3712114375366786,1.2374632477063618,-12.700419526086407,-29.433253349684293,-0.8578602315525168,0.0
3291,1787247573,2026-08-20T17:39:33+00:00,CROUSDT,LONG,overheated_confirmed,ttl_expired,,0.05462,0.05462,0.05462,,,0.0,0.0,,0.05462,0.0,,,,,,,,,,ok,1787241600,2026-08-20T16:00:00+00:00,0.0,-0.45421511627907013,2.3347030257751236,0.9366391184573066,2.3619118467546962,5.339712918660289,0.0,1.4894893733989678,0.9455943333364519,-43.17818378075839,-110.49396401303459,0.22710755813953507,0.0
3292,1787247602,2026-08-20T17:40:02+00:00,WIFUSDT,LONG,overheated_confirmed,ttl_expired,,0.1628,0.1628,0.1628,,,0.0,0.0,,0.1628,0.0,,,,,,,,,,ok,1787241600,2026-08-20T16:00:00+00:00,0.0,1.6991818753933166,3.457106274007675,3.24221233312142,3.24221233312142,5.660377358490557,0.0,0.6333130091542933,1.458606937181257,17.38868260536708,57.55293857383197,-0.8495909376966583,0.0
3293,1787247610,2026-08-20T17:40:10+00:00,AEROUSDT,LONG,overheated_confirmed,ttl_expired,,0.4837,0.4837,0.4837,,,0.0,0.0,,0.4837,0.0,,,,,,,,,,ok,1787241600,2026-08-20T16:00:00+00:00,0.0,0.14412188593781725,1.927912824811397,1.097990470271384,1.87891440501044,3.5873487582254233,0.0,0.7110580642761262,1.1795444556280907,-6.5128483532392325,-268.3278159431037,-0.07206094296890862,0.0
3294,1787247678,2026-08-20T17:41:18+00:00,MONUSDT,LONG,overheated_confirmed,ttl_expired,,0.02606,0.02606,0.02606,,,0.0,0.0,,0.02606,0.0,,,,,,,,,,ok,1787241600,2026-08-20T16:00:00+00:00,0.0,-2.2889305816135064,0.5793742757821584,3.123794832240641,3.752417794970981,5.798816568047333,0.0,2.675728037976397,0.8378076948447254,-42.45677207953701,-225.40865515148312,1.1444652908067532,0.0
3295,1787247685,2026-08-20T17:41:25+00:00,HYPEUSDT,LONG,overheated_confirmed,ttl_expired,,73.535,73.535,73.535,,,0.0,0.0,,73.535,0.0,,,,,,,,,,ok,1787241600,2026-08-20T16:00:00+00:00,0.0,0.7525985822190076,2.675315275187212,2.0274914089347,3.091709607077875,4.255916848093267,0.0,0.6165380579731901,0.6389085993015811,-19.61167601942063,-107.06763755362107,-0.3762992911095038,0.0
3296,1787247693,2026-08-20T17:41:33+00:00,GOATUSDT,LONG,overheated_confirmed,ttl_expired,,0.015216,0.015216,0.015216,,,0.0,0.0,,0.015216,0.0,1787247712.329,19.328999996185303,,,,2.4,1,0,2.0,ok,1787241600,2026-08-20T16:00:00+00:00,0.0,-0.255888721212513,6.8156267566048365,1.472919418758251,3.2566537381302636,10.029121386462107,0.0,5.332138098620888,1.2116815858151488,-72.91753389390902,-45.90754941285897,0.1279443606062565,0.0
3223,1787247711,2026-08-20T17:41:51+00:00,GOATUSDT,LONG,overheated_confirmed,sl,sl,0.015272,0.014903375,0.016009250000000003,0.01487,-1.0905391658189225,2.4137310110005297,4.827462022001059,2.0,0.015272,0.0,1787247712.329,1.3289999961853027,,,,2.4,1,0,2.0,ok,1787241600,2026-08-20T16:00:00+00:00,0.0,-0.255888721212513,6.8156267566048365,1.472919418758251,3.2566537381302636,10.029121386462107,0.0,5.332138098620888,1.2116815858151488,-72.91753389390902,-45.90754941285897,0.1279443606062565,0.0
3297,1787247718,2026-08-20T17:41:58+00:00,GALAUSDT,LONG,overheated_confirmed,ttl_expired,,0.00159,0.00159,0.00159,,,0.0,0.0,,0.00159,0.0,,,,,,,,,,ok,1787241600,2026-08-20T16:00:00+00:00,0.0,1.11731843575419,6.192959582790094,2.549751243781096,6.66235446313066,9.933333333333335,0.0,1.9578155781949413,2.1425474807722047,-16.48047952156999,-67.19263310916453,-0.558659217877095,0.0
3298,1787247751,2026-08-20T17:42:31+00:00,XLMUSDT,LONG,overheated_confirmed,ttl_expired,,0.19001,0.19001,0.19001,,,0.0,0.0,,0.19001,0.0,1787247949.867,198.86700010299683,,,,1.8,1,3,2.0,ok,1787241600,2026-08-20T16:00:00+00:00,0.0,1.2972795445837273,1.9389666189269554,2.2141240130307622,2.775927159671333,3.217173125174239,0.0,0.8820684954007983,1.3357436558278046,-5.993949648771983,-6.030367562282003,-0.6486397722918636,0.0
3227,1787247949,2026-08-20T17:45:49+00:00,XLMUSDT,LONG,overheated_confirmed,sl,sl,0.18965,0.18496303571428574,0.19902392857142856,0.18496303571428574,-1.0,2.4713758427177814,4.942751685435563,2.0,0.18965,0.0,1787247949.867,0.8670001029968262,,,,1.8,1,3,2.0,ok,1787241600,2026-08-20T16:00:00+00:00,0.0,1.2972795445837273,1.9389666189269554,2.2141240130307622,2.775927159671333,3.217173125174239,0.0,0.8820684954007983,1.3357436558278046,-5.993949648771983,-6.030367562282003,-0.6486397722918636,0.0
3233,1787249750,2026-08-20T18:15:50+00:00,CXMTUSDT,SHORT,ema_cross_confirmed,sl,sl,8.216,8.671931034482759,7.3041379310344805,8.671931034482759,-1.0,5.549306651445465,11.09861330289093,2.0,8.216,0.0,1787249750.629,0.6289999485015869,,,,2.0,1,134,2.0,ok,1787245200,2026-08-20T17:00:00+00:00,-0.0,-0.08501335924216266,0.5070626584570785,0.32834731849688975,0.4623433507726032,1.7588860388420682,0.0,0.2542126413792827,0.22255207255141188,-49.4416649989994,-26.311492399547042,0.04250667962108133,0.0
3234,1787249755,2026-08-20T18:15:55+00:00,AVAAIUSDT,LONG,overheated_confirmed,sl,sl,0.02038,0.01878169642857143,0.02357660714285714,0.01878169642857143,-1.0,7.842510164026349,15.685020328052698,2.0,0.02038,0.0,1787249756.198,1.1979999542236328,,,,2.1,1,36,2.0,ok,1787245200,2026-08-20T17:00:00+00:00,0.0,-0.2150427525472345,1.6269489492621358,3.0010438413361125,4.722662440570536,11.67821531181343,0.0,0.9015337323301041,2.516858812130878,-18.158222025491657,-29.96391800303645,0.10752137627361726,0.0
3308,1787249770,2026-08-20T18:16:10+00:00,FILUSDT,LONG,overheated_confirmed,ttl_expired,,0.7669,0.7669,0.7669,,,0.0,0.0,,0.7669,0.0,,,,,,,,,,ok,1787245200,2026-08-20T17:00:00+00:00,0.0,2.2305329237344647,9.124607927003128,3.7091988130563904,7.463312368972747,10.442401608733121,0.0,0.6571262286581995,2.0226430353029152,-30.642022307306494,-12.489828144547072,-1.1152664618672323,0.0
3235,1787249836,2026-08-20T18:17:16+00:00,MONUSDT,LONG,overheated_early,tp,tp,0.02556,0.024471964285714284,0.02773607142857143,0.02776,2.021992450352863,4.256790744466803,8.513581488933607,2.0,0.02556,0.0,,,,,,,,,,ok,1787245200,2026-08-20T17:00:00+00:00,0.0,-0.34562211981566743,0.34802784222737737,1.7864077669902994,3.8446601941747627,4.847537138389373,0.0,2.6922555239133295,0.29178678482619835,-65.14612276667981,-22.6893506871428,0.17281105990783371,0.0
3313,1787250793,2026-08-20T18:33:13+00:00,PEOPLEUSDT,LONG,overheated_confirmed,ttl_expired,,0.010318,0.010318,0.010318,,,0.0,0.0,,0.010318,0.0,,,,,,,,,,ok,1787245200,2026-08-20T17:00:00+00:00,0.0,2.0598332515939197,14.390941072999114,5.027766759222536,13.442587832047975,25.263157894736825,0.0,3.19507464088176,6.483614496727233,-17.187127397431386,-149.4998842136864,-1.0299166257969599,0.0
3316,1787250799,2026-08-20T18:33:19+00:00,ENAUSDT,LONG,overheated_confirmed,ttl_expired,,0.10685,0.10685,0.10685,,,0.0,0.0,,0.10685,0.0,,,,,,,,,,ok,1787245200,2026-08-20T17:00:00+00:00,0.0,3.434225844004658,7.188096913642307,4.412624196376381,6.487184581760376,9.455733687327674,0.0,1.218015987248914,1.2888668568904695,-4.645375362919951,24.548562462806036,-1.717112922002329,0.0
3314,1787250805,2026-08-20T18:33:25+00:00,ORDIUSDT,LONG,overheated_confirmed,ttl_expired,,4.172,4.172,4.172,,,0.0,0.0,,4.172,0.0,,,,,,,,,,ok,1787245200,2026-08-20T17:00:00+00:00,0.0,-2.021626704278313,-1.0681224780441474,2.951055662188105,4.582013161101648,4.965753424657541,0.0,1.5227076111044309,0.7556320776665156,-40.00621418941692,-43.025594341389606,1.0108133521391565,0.0
3315,1787250838,2026-08-20T18:33:58+00:00,BRETTUSDT,LONG,overheated_confirmed,ttl_expired,,0.004499,0.004499,0.004499,,,0.0,0.0,,0.004499,0.0,,,,,,,,,,ok,1787245200,2026-08-20T17:00:00+00:00,0.0,1.2160070749502432,2.807096339546356,2.401601067378243,3.833145434047351,4.754322111010009,0.0,0.7331501111796339,0.36124360509792247,-71.52427165393003,-377.7084401824969,-0.6080035374751216,0.0
3317,1787250855,2026-08-20T18:34:15+00:00,AVAAIUSDT,LONG,overheated_confirmed,ttl_expired,,0.02014,0.02014,0.02014,,,0.0,0.0,,0.02014,0.0,,,,,,,,,,ok,1787245200,2026-08-20T17:00:00+00:00,0.0,-0.2150427525472345,1.6269489492621358,3.0010438413361125,4.722662440570536,11.67821531181343,0.0,0.9015337323301041,2.516858812130878,-18.158222025491657,-29.96391800303645,0.10752137627361726,0.0
3318,1787250868,2026-08-20T18:34:28+00:00,PNUTUSDT,LONG,overheated_confirmed,ttl_expired,,0.05141,0.05141,0.05141,,,0.0,0.0,,0.05141,0.0,,,,,,,,,,ok,1787245200,2026-08-20T17:00:00+00:00,0.0,-0.6887315859957897,-1.4242309153057362,1.5473887814313252,3.742163009404379,3.9380877742946665,0.0,0.18652557910891035,1.1221288790291009,-31.14622537082134,-33.88477001551184,0.3443657929978948,0.0
3319,1787250922,2026-08-20T18:35:22+00:00,TURBOUSDT,LONG,overheated_confirmed,ttl_expired,,0.0009227,0.0009227,0.0009227,,,0.0,0.0,,0.0009227,0.0,,,,,,,,,,ok,1787245200,2026-08-20T17:00:00+00:00,0.0,1.4586532134239902,4.578340492878132,3.368189323059987,5.7425965544420725,7.154267457781829,0.0,0.9871721381546908,2.682805244073815,103.6184557042031,150.55084243310716,-0.7293266067119951,0.0
3321,1787250975,2026-08-20T18:36:15+00:00,COLLECTUSDT,LONG,overheated_confirmed,ttl_expired,,0.06162,0.06162,0.06162,,,0.0,0.0,,0.06162,0.0,,,,,,,,,,ok,1787245200,2026-08-20T17:00:00+00:00,0.0,-0.1327140013271461,-1.5052356020942477,6.38912489379779,7.7624784853700515,13.208228076506689,0.0,1.9539910923234962,1.329328543932131,40.093023255813954,98.82094749436015,0.06635700066357306,0.0
3322,1787250989,2026-08-20T18:36:29+00:00,PUMPUSDT,LONG,overheated_confirmed,ttl_expired,,0.003725,0.003725,0.003725,,,0.0,0.0,,0.003725,0.0,,,,,,,,,,ok,1787245200,2026-08-20T17:00:00+00:00,0.0,3.5339591385974622,4.777870913663026,4.260027662517291,5.044593088071354,7.666001709888862,0.0,2.3536034049591827,1.2884300292077082,-36.32862710550245,-10.473176977156278,-1.7669795692987311,0.0
3323,1787250996,2026-08-20T18:36:36+00:00,USELESSUSDT,LONG,overheated_confirmed,ttl_expired,,0.04757,0.04757,0.04757,,,0.0,0.0,,0.04757,0.0,,,,,,,,,,ok,1787245200,2026-08-20T17:00:00+00:00,0.0,-1.835985312117499,-0.3314001657000837,3.134202776609168,4.459402608329835,5.139005897219877,0.0,2.209291351701179,0.511986783403411,-42.62723540858794,-0.871011934362933,0.9179926560587495,0.0
3320,1787251008,2026-08-20T18:36:48+00:00,MOODENGUSDT,LONG,overheated_confirmed,ttl_expired,,0.04422,0.04422,0.04422,,,0.0,0.0,,0.04422,0.0,,,,,,,,,,ok,1787245200,2026-08-20T17:00:00+00:00,0.0,-0.6599908966772841,2.730054130383623,3.46250859894519,8.097747963584094,11.10563900517114,0.0,2.599271056724366,1.8974068862232938,-21.00153830070045,-77.00754955432643,0.32999544833864203,0.0
3324,1787251092,2026-08-20T18:38:12+00:00,ACEUSDT,LONG,overheated_confirmed,ttl_expired,,0.2755,0.2755,0.2755,,,0.0,0.0,,0.2755,0.0,,,,,,,,,,ok,1787245200,2026-08-20T17:00:00+00:00,0.0,1.4318010550112923,8.02568218298555,11.119968114786758,11.119968114786758,27.388815499779835,0.0,7.13543750618036,1.3996426824294002,-36.015154748069364,-6.014453836837433,-0.7159005275056461,0.0
3325,1787251143,2026-08-20T18:39:03+00:00,XRPUSDT,LONG,overheated_confirmed,ttl_expired,,1.2644,1.2644,1.2644,,,0.0,0.0,,1.2644,0.0,,,,,,,,,,ok,1787245200,2026-08-20T17:00:00+00:00,0.0,-0.3348044437680687,6.774272438248976,2.973635806253828,7.350591243208681,10.620780503869588,0.0,2.2979894074650327,2.482730401081108,3.7456571417954816,-32.278085855110284,0.16740222188403436,0.0
3326,1787251161,2026-08-20T18:39:21+00:00,COREUSDT,LONG,overheated_confirmed,ttl_expired,,0.02473,0.02473,0.02473,,,0.0,0.0,,0.02473,0.0,,,,,,,,,,ok,1787245200,2026-08-20T17:00:00+00:00,0.0,1.493156366652838,9.730941704035867,2.289758534554546,6.568712186689717,11.331828442437931,0.0,1.411991888644069,3.4523028796016217,-49.91805820082384,-213.79960566093578,-0.746578183326419,0.0
3243,1787251933,2026-08-20T18:52:13+00:00,ROBOUSDT,LONG,ema_cross,tp,tp,0.01326,0.012623448275862068,0.014533103448275861,0.014533103448275861,2.0,4.800540906017579,9.601081812035158,2.0,0.01326,0.0,1787251933.718,0.7179999351501465,0.151,,,,,,,ok,1787245200,2026-08-20T17:00:00+00:00,0.0,-11.756935270805814,-12.105263157894735,20.555555555555557,24.206349206349213,24.60317460317459,0.0,7.425767190252808,7.428682007198669,365.9215466275407,365.8783743268888,5.878467635402907,0.0
3328,1787251933,2026-08-20T18:52:13+00:00,ROBOUSDT,LONG,ema_cross_confirmed,ttl_expired,,0.01326,0.01326,0.01326,,,0.0,0.0,,0.01326,0.0,,,,,,,,,,ok,1787245200,2026-08-20T17:00:00+00:00,0.0,-11.756935270805814,-12.105263157894735,20.555555555555557,24.206349206349213,24.60317460317459,0.0,7.425767190252808,7.428682007198669,365.9215466275407,365.8783743268888,5.878467635402907,0.0
3249,1787253328,2026-08-20T19:15:28+00:00,TURBOUSDT,LONG,overheated_confirmed,sl,sl,0.0009441,0.0009229339285714285,0.000986432142857143,0.0009228,-1.0063275120222719,2.241931090834814,4.483862181669628,2.0,0.0009441,0.0,1787253329.215,1.2149999141693115,,,,1.7,1,39,2.0,ok,1787248800,2026-08-20T18:00:00+00:00,0.0,-0.9404388714733478,1.0363836824696815,1.791799494338783,3.368189323059987,6.461852397687334,0.0,1.2070831743195947,1.4574593448032054,-40.01396828681549,-143.63242399101858,0.4702194357366739,0.0
3251,1787255117,2026-08-20T19:45:17+00:00,BASEDUSDT,LONG,ema_cross_confirmed,tp,tp,0.08314,0.0788396551724138,0.09174068965517242,0.09174068965517242,2.0,5.172413793103446,10.344827586206891,2.0,0.08314,0.0,1787255117.595,0.5950000286102295,,,,1.9,1,220,2.0,ok,1787248800,2026-08-20T18:00:00+00:00,0.0,0.5420054200541955,-1.5440289505428266,1.565800919597362,2.448117310799055,3.728097427612778,0.0,0.9613127903479757,0.5276416526185502,-44.6713296569707,-1.0856382315798356,-0.27100271002709775,0.0
3252,1787256023,2026-08-20T20:00:23+00:00,ONGUSDT,LONG,overheated_confirmed,tp,tp,0.08839,0.08127732142857143,0.09905901785714286,0.09905901785714286,1.5000000000000009,8.046926769350117,12.070390154025183,1.5000000000000009,0.08839,0.0,1787256024.721,1.7209999561309814,,,,3.4,2,81,1.5,ok,1787252400,2026-08-20T19:00:00+00:00,0.0,7.152382106922055,9.44774640911342,9.028114396509936,10.284383427310608,19.070937003705655,0.0,4.261335249583569,6.170831921304989,462.70846696600387,506.31065559178205,-3.5761910534610273,0.0
3253,1787256068,2026-08-20T20:01:08+00:00,APRUSDT,SHORT,ema_cross,sl,sl,0.18548,0.2018706896551724,0.15269862068965517,0.20427,-1.1463825132013556,8.836904062525557,17.673808125051128,2.0000000000000018,0.18548,0.0,1787256068.812,0.812000036239624,0.206,,,,,,,ok,1787252400,2026-08-20T19:00:00+00:00,-0.0,1.749363867684477,0.26368185976429553,2.446681823102752,2.446681823102752,3.0715608321533634,0.0,1.7351626410624756,0.6222888134255044,10.0114198705748,13.35946990736656,-0.8746819338422385,0.0
3341,1787256068,2026-08-20T20:01:08+00:00,APRUSDT,SHORT,ema_cross_confirmed,ttl_expired,,0.18548,0.18548,0.18548,,,0.0,0.0,,0.18548,0.0,,,,,,,,,,ok,1787252400,2026-08-20T19:00:00+00:00,-0.0,1.749363867684477,0.26368185976429553,2.446681823102752,2.446681823102752,3.0715608321533634,0.0,1.7351626410624756,0.6222888134255044,10.0114198705748,13.35946990736656,-0.8746819338422385,0.0
3254,1787256083,2026-08-20T20:01:23+00:00,PLAYUSDT,SHORT,ema_cross,sl,sl,0.03634,0.03695241379310345,0.0351151724137931,0.03697,-1.0287162162162222,1.6852333327007436,3.370466665401487,2.0,0.03634,0.0,1787256083.808,0.8080000877380371,0.16,,,,,,,ok,1787252400,2026-08-20T19:00:00+00:00,-0.0,-0.30261348005501787,0.8969828757814728,0.6626173384870159,0.9128630705394106,2.295988934993077,0.0,0.5464671967917321,0.33664653971202974,-53.963414634146346,-104.76801233529577,0.15130674002750893,0.0
3342,1787256083,2026-08-20T20:01:23+00:00,PLAYUSDT,SHORT,ema_cross_confirmed,ttl_expired,,0.03634,0.03634,0.03634,,,0.0,0.0,,0.03634,0.0,,,,,,,,,,ok,1787252400,2026-08-20T19:00:00+00:00,-0.0,-0.30261348005501787,0.8969828757814728,0.6626173384870159,0.9128630705394106,2.295988934993077,0.0,0.5464671967917321,0.33664653971202974,-53.963414634146346,-104.76801233529577,0.15130674002750893,0.0
3257,1787256204,2026-08-20T20:03:24+00:00,DEXEUSDT,LONG,ema_cross,tp,tp,1.941,1.8790689655172415,2.0648620689655175,2.0648620689655175,2.0000000000000036,3.1906766863863267,6.381353372772665,2.0000000000000036,1.941,0.0,1787256204.228,0.22799992561340332,0.216,,,,,,,ok,1787252400,2026-08-20T19:00:00+00:00,0.0,1.8779342723004713,1.9843342036553542,2.0354906054279827,3.003161222339313,3.003161222339313,0.0,1.0440379137899551,0.7899337011355182,4.391360222110739,-7.445365060722512,-0.9389671361502356,0.0
3343,1787256204,2026-08-20T20:03:24+00:00,DEXEUSDT,LONG,ema_cross_confirmed,ttl_expired,,1.941,1.941,1.941,,,0.0,0.0,,1.941,0.0,,,,,,,,,,ok,1787252400,2026-08-20T19:00:00+00:00,0.0,1.8779342723004713,1.9843342036553542,2.0354906054279827,3.003161222339313,3.003161222339313,0.0,1.0440379137899551,0.7899337011355182,4.391360222110739,-7.445365060722512,-0.9389671361502356,0.0
3258,1787256247,2026-08-20T20:04:07+00:00,IMXUSDT,LONG,ema_cross,tp,tp,0.1091,0.10647241379310345,0.1143551724137931,0.1144,2.0170603674540644,2.4084199879895114,4.8168399759790095,1.9999999999999947,0.1091,0.0,1787256247.911,0.9110000133514404,0.422,,,,,,,ok,1787252400,2026-08-20T19:00:00+00:00,0.0,-0.09157509157509419,-1.8884892086330853,1.199261992619935,2.2181146025877996,3.8817005545286465,0.0,0.6561606056066348,0.7957787486540207,-16.555803434372375,-334.15409403266295,0.045787545787547096,0.0
3344,1787256247,2026-08-20T20:04:07+00:00,IMXUSDT,LONG,ema_cross_confirmed,ttl_expired,,0.1091,0.1091,0.1091,,,0.0,0.0,,0.1091,0.0,,,,,,,,,,ok,1787252400,2026-08-20T19:00:00+00:00,0.0,-0.09157509157509419,-1.8884892086330853,1.199261992619935,2.2181146025877996,3.8817005545286465,0.0,0.6561606056066348,0.7957787486540207,-16.555803434372375,-334.15409403266295,0.045787545787547096,0.0
3260,1787256266,2026-08-20T20:04:26+00:00,JASMYUSDT,LONG,ema_cross,tp,tp,0.003888,0.0038010344827586204,0.004061931034482759,0.004061931034482759,2.0,2.2367674187597624,4.473534837519525,2.0,0.003888,0.0,1787256267.078,1.0780000686645508,0.33,,,,,,,ok,1787252400,2026-08-20T19:00:00+00:00,0.0,-0.4124774426398544,-0.258197779499097,1.659320715582054,1.9445164635727132,4.4795783926218595,0.0,1.0405096588832092,0.4562532572556849,12.154393238505326,38.666046776509056,0.2062387213199272,0.0
3345,1787256266,2026-08-20T20:04:26+00:00,JASMYUSDT,LONG,ema_cross_confirmed,ttl_expired,,0.003888,0.003888,0.003888,,,0.0,0.0,,0.003888,0.0,,,,,,,,,,ok,1787252400,2026-08-20T19:00:00+00:00,0.0,-0.4124774426398544,-0.258197779499097,1.659320715582054,1.9445164635727132,4.4795783926218595,0.0,1.0405096588832092,0.4562532572556849,12.154393238505326,38.666046776509056,0.2062387213199272,0.0
3346,1787256276,2026-08-20T20:04:36+00:00,DOSUSDT,SHORT,ema_cross_confirmed,ttl_expired,,0.2335,0.2335,0.2335,,,0.0,0.0,,0.2335,0.0,,,,,,,,,,ok,1787252400,2026-08-20T19:00:00+00:00,-0.0,1.2728044123886308,3.041666666666667,1.6817593790426972,3.42287694974003,5.892547660311958,0.0,0.21832964779873723,0.5564946294176389,-51.66285859355166,-68.3163630358024,-0.6364022061943154,0.0
3261,1787256292,2026-08-20T20:04:52+00:00,GRVTUSDT,SHORT,ema_cross,tp,tp,0.2814,0.2940758620689655,0.25604827586206896,0.2557,2.0274755168661556,4.504570742347384,9.009141484694748,1.9999999999999956,0.2814,0.0,1787256292.759,0.7590000629425049,0.368,,,,,,,ok,1787252400,2026-08-20T19:00:00+00:00,-0.0,0.6749555950266278,-0.6117308384311029,0.6437768240343233,1.0771992818671263,2.4602026049204158,0.0,0.8925304689848772,0.09519021283727166,-87.72875152501017,-322.28657465426187,-0.3374777975133139,0.0
3347,1787256292,2026-08-20T20:04:52+00:00,GRVTUSDT,SHORT,ema_cross_confirmed,ttl_expired,,0.2814,0.2814,0.2814,,,0.0,0.0,,0.2814,0.0,,,,,,,,,,ok,1787252400,2026-08-20T19:00:00+00:00,-0.0,0.6749555950266278,-0.6117308384311029,0.6437768240343233,1.0771992818671263,2.4602026049204158,0.0,0.8925304689848772,0.09519021283727166,-87.72875152501017,-322.28657465426187,-0.3374777975133139,0.0
3265,1787256918,2026-08-20T20:15:18+00:00,COLLECTUSDT,LONG,overheated_confirmed,tp,tp,0.06398,0.06048017857142857,0.07097964285714285,0.07097964285714285,2.0,5.470180413522083,10.940360827044167,2.0,0.06398,0.0,1787256919.506,1.50600004196167,,,,2.0,1,98,2.0,ok,1787252400,2026-08-20T19:00:00+00:00,0.0,0.08043758043758274,3.2017252820172546,2.5225225225225336,4.683057367452757,7.7624784853700515,0.0,1.86796302246503,0.5434953648274211,13.097949886104784,74.23119468468822,-0.04021879021879137,0.0
3266,1787256920,2026-08-20T20:15:20+00:00,ONGUSDT,LONG,overheated_confirmed,tp,tp,0.09931,0.09219732142857143,0.10642267857142856,0.10642267857142856,1.0,7.162097041011549,7.162097041011549,1.0,0.09931,0.0,1787256921.2,1.2000000476837158,,,,4.8,3,96,1.0,ok,1787252400,2026-08-20T19:00:00+00:00,0.0,7.152382106922055,9.44774640911342,9.028114396509936,10.284383427310608,19.070937003705655,0.0,4.261335249583569,6.170831921304989,462.70846696600387,506.31065559178205,-3.5761910534610273,0.0
3267,1787256922,2026-08-20T20:15:22+00:00,PEOPLEUSDT,LONG,overheated_confirmed,sl,sl,0.010809,0.010419375,0.011588249999999998,0.010406,-1.034327879371189,3.6046350263669105,7.209270052733821,2.0,0.010809,0.0,1787256923.285,1.2850000858306885,,,,1.6,1,102,2.0,ok,1787252400,2026-08-20T19:00:00+00:00,0.0,3.4204644835292966,4.3943109367336985,6.589413728763641,9.415322580645169,16.259640102827767,0.0,2.293209661229319,2.5634442797076673,4.120510065238581,52.59862188862482,-1.7102322417646483,0.0
3268,1787256935,2026-08-20T20:15:35+00:00,APRUSDT,SHORT,ema_cross_confirmed,sl,sl,0.18477,0.2175513793103448,0.11920724137931038,0.22024,-1.0820167041844622,17.74172176778958,35.48344353557916,2.0,0.18477,0.0,1787256935.059,0.05900001525878906,,,,1.7,1,14,2.0,ok,1787252400,2026-08-20T19:00:00+00:00,-0.0,1.749363867684477,0.26368185976429553,2.446681823102752,2.446681823102752,3.0715608321533634,0.0,1.7351626410624756,0.6222888134255044,10.0114198705748,13.35946990736656,-0.8746819338422385,0.0
3269,1787257205,2026-08-20T20:20:05+00:00,ACEUSDT,LONG,overheated_early,open,,0.2439,0.20164285714285718,0.32841428571428566,,,17.32560182744683,34.65120365489366,2.0,0.2439,0.0,1787257204.593,0.4070000648498535,,24.7,69.6,,,,,ok,1787252400,2026-08-20T19:00:00+00:00,0.0,-3.204661325564468,0.15071590052748904,6.3732928679817835,7.4734446130500745,12.913511359107208,0.0,2.878106991834446,0.5472067871215737,-38.14382319178113,-2.5123393847324635,1.602330662782234,0.0
3273,1787258721,2026-08-20T20:45:21+00:00,BRETTUSDT,LONG,overheated_confirmed,tp,tp,0.004532,0.004358428571428571,0.004879142857142856,0.004894,2.0855967078189352,3.829907956121543,7.659815912243086,2.0,0.004532,0.0,1787258722.348,1.3480000495910645,,,,2.6,1,131,2.0,ok,1787252400,2026-08-20T19:00:00+00:00,0.0,-0.15521064301552243,-0.4421843908910027,1.1992005329780198,2.083333333333338,3.833145434047351,0.0,1.3526060065481154,0.2461972699134759,-43.486027081532704,-63.21696878556858,0.07760532150776121,0.0
3274,1787258732,2026-08-20T20:45:32+00:00,PLAYUSDT,SHORT,ema_cross_confirmed,sl,sl,0.03588,0.0371048275862069,0.0334303448275862,0.03751,-1.330799549549545,3.4136777764963773,6.8273555529927545,2.0,0.03588,0.0,1787258732.866,0.8659999370574951,,,,6.9,1,43,2.0,ok,1787252400,2026-08-20T19:00:00+00:00,-0.0,-0.30261348005501787,0.8969828757814728,0.6626173384870159,0.9128630705394106,2.295988934993077,0.0,0.5464671967917321,0.33664653971202974,-53.963414634146346,-104.76801233529577,0.15130674002750893,0.0
3284,1787260521,2026-08-20T21:15:21+00:00,ENAUSDT,LONG,overheated_confirmed,sl,sl,0.11387,0.11044946428571428,0.12071107142857143,0.11044946428571428,-1.0,3.0038954195887557,6.007790839177511,2.0,0.11387,0.0,1787260522.353,1.3529999256134033,,,,1.6,1,161,2.0,ok,1787256000,2026-08-20T20:00:00+00:00,0.0,3.6775631500742993,4.708309885574936,4.9268018018018065,4.9268018018018065,8.912916423144365,0.0,1.8113427864069964,1.1008702647012742,-10.93984228050191,12.974275771273074,-1.8387815750371497,0.0
3285,1787260525,2026-08-20T21:15:25+00:00,GALAUSDT,LONG,overheated_confirmed,tp,tp,0.001595,0.0015206964285714285,0.001743607142857143,0.001743607142857143,2.0,4.658531124048371,9.317062248096741,2.0,0.001595,0.0,1787260526.176,1.1760001182556152,,,,1.9,1,213,2.0,ok,1787256000,2026-08-20T20:00:00+00:00,0.0,2.5856496444731807,-0.06297229219143048,2.7149321266968283,3.1148604802076485,5.970149253731334,0.0,2.4939876772469445,0.48856116739718125,-28.709072461750907,17.788856228087234,-1.2928248222365903,0.0
3286,1787260535,2026-08-20T21:15:35+00:00,GRVTUSDT,SHORT,ema_cross_confirmed,tp,tp,0.2788,0.304151724137931,0.22809655172413795,0.22809655172413795,2.0,9.093157868698357,18.186315737396715,2.0,0.2788,0.0,1787260536.004,1.003999948501587,,,,2.7,1,70,2.0,ok,1787256000,2026-08-20T20:00:00+00:00,-0.0,0.4291845493562354,-0.0,0.8620689655172462,1.077586206896553,1.9438444924406106,0.0,0.9669230504409894,0.08560370977302047,-15.244407622203813,72.48434390280636,-0.2145922746781177,
3287,1787261434,2026-08-20T21:30:34+00:00,DOSUSDT,SHORT,ema_cross_confirmed,sl,sl,0.2289,0.25536896551724136,0.17596206896551725,0.2572,-1.069176654507556,11.563549810939874,23.127099621879747,2.0,0.2289,0.0,1787261434.96,0.9600000381469727,,,,5.4,1,85,2.0,ok,1787256000,2026-08-20T20:00:00+00:00,-0.0,0.17189514396217606,2.3128679562657717,1.5125324114088172,1.9014693171996606,4.722703639514728,0.0,0.5621562466992296,0.27308357089945906,-55.628501400560225,-3.965642807008564,-0.08594757198108803,0.0
3309,1787264860,2026-08-20T22:27:40+00:00,PNUTUSDT,LONG,overheated_early,tp,tp,0.05177,0.04997910714285714,0.05535178571428571,0.05535178571428571,1.9999999999999962,3.4593255884544316,6.918651176908849,1.9999999999999962,0.05177,0.0,1787264859.649,0.3510000705718994,,16.1,62.7,,,,,ok,1787259600,2026-08-20T21:00:00+00:00,0.0,1.3243761996161154,2.7242654212881856,2.487466255302737,2.487466255302737,5.310085199128198,0.0,1.311610615791707,0.3421776266613533,-42.66807553136498,-32.40925135988885,-0.6621880998080577,0.0
3310,1787265027,2026-08-20T22:30:27+00:00,JASMYUSDT,LONG,ema_cross_confirmed,tp,tp,0.003892,0.003761551724137931,0.004152896551724138,0.004155,2.016124768702088,3.3517028741538764,6.703405748307764,2.000000000000003,0.003892,0.0,1787265027.596,0.5959999561309814,,,,2.6,1,145,2.0,ok,1787259600,2026-08-20T21:00:00+00:00,0.0,-0.8439897698209841,-0.0515596803299888,1.7120622568093409,1.7120622568093409,1.9974059662775565,0.0,1.0841608964433593,1.4326503526621952,996.0372871371376,1068.7977199772383,0.42199488491049203,0.0
3311,1787265051,2026-08-20T22:30:51+00:00,ONTUSDT,LONG,overheated_early,sl,sl,0.05014,0.04832553571428571,0.05376892857142857,0.0478,-1.2896368467670465,3.618795942788766,7.237591885577532,2.0,0.05014,0.0,1787265049.854,1.1459999084472656,,24.9,69.8,,,,,ok,1787259600,2026-08-20T21:00:00+00:00,0.0,-12.104250481021507,14.569083447332421,17.779565567176185,35.597765363128495,39.976931949250286,0.0,18.798584699573567,16.827437453858582,-10.168208546231341,-4260.745776360922,6.052125240510754,0.0
3312,1787265155,2026-08-20T22:32:35+00:00,ONGUSDT,LONG,overheated_early,sl,sl,0.09322,0.08576928571428571,0.10812142857142856,0.08576928571428571,-1.0,7.99261347963343,15.98522695926686,2.0,0.09322,0.0,1787265154.006,0.9939999580383301,,53.9,65.9,,,,,ok,1787259600,2026-08-20T21:00:00+00:00,0.0,-9.666695827136726,25.178809552673066,19.117647058823533,44.16475972540045,54.44962000490317,0.0,17.947931310718594,9.31501194713745,-32.43181195375224,-584.121965509083,4.833347913568363,0.0
3331,1787267001,2026-08-20T23:03:21+00:00,PEOPLEUSDT,LONG,overheated_confirmed,sl,sl,0.010518,0.010056375,0.01144125,0.010056375,-1.0,4.388904734740447,8.777809469480895,2.0,0.010518,0.0,1787267002.339,1.3389999866485596,,,,2.0,1,0,2.0,ok,1787263200,2026-08-20T22:00:00+00:00,0.0,-6.05573419078242,-1.1744808794512835,12.910938433950989,12.910938433950989,12.910938433950989,0.0,5.177927708452568,4.7923622302634765,89.1989790301352,107.55985259603477,3.02786709539121,0.0
3337,1787269135,2026-08-20T23:38:55+00:00,ORDIUSDT,LONG,overheated_early,tp,tp,4.166,4.004803571428572,4.488392857142857,4.488392857142857,2.0,3.8693333790549316,7.738666758109863,2.0,4.166,0.0,1787269134.414,0.5859999656677246,,15.1,56.5,,,,,ok,1787263200,2026-08-20T22:00:00+00:00,0.0,-0.04821600771455593,0.2175489485134238,0.872304337291022,2.3101499139837873,3.971208736659224,0.0,1.6705986242637014,0.24052678477836195,-43.92225321055236,-11.51302617047704,0.024108003857277963,0.0
3338,1787269516,2026-08-20T23:45:16+00:00,DEXEUSDT,LONG,ema_cross_confirmed,sl,sl,1.951,1.858103448275862,2.136793103448276,1.845,-1.1410541945063102,4.761483942805639,9.522967885611278,2.0,1.951,0.0,1787269516.135,0.13499999046325684,,,,2.1,1,221,2.0,ok,1787263200,2026-08-20T22:00:00+00:00,0.0,-0.7731958762886548,-1.4336917562724028,1.357702349869453,1.6762702985856484,2.40963855421687,0.0,1.038183084339846,0.6913981473298334,-23.38937971533529,-8.27230790756776,0.3865979381443274,0.0
3339,1787269519,2026-08-20T23:45:19+00:00,龙虾USDT,LONG,overheated_confirmed,sl,sl,0.023891,0.022225196428571427,0.027222607142857142,0.021833,-1.2354397813153224,6.972515053486969,13.945030106973938,2.0,0.023891,0.0,1787269520.143,1.1429998874664307,,,,1.8,1,170,2.0,ok,1787263200,2026-08-20T22:00:00+00:00,0.0,0.6916869476111137,1.800051800051803,4.5893509657212315,6.14233513137289,8.841109822464096,0.0,3.9564457027462985,1.0096176565822752,-20.003328340822097,20.23535887946632,-0.34584347380555686,0.0
3340,1787270422,2026-08-21T00:00:22+00:00,COREUSDT,LONG,overheated_confirmed,tp,tp,0.02532,0.024126964285714286,0.027706071428571424,0.02772,2.0116748989672257,4.711831415030461,9.423662830060922,2.0,0.02532,0.0,1787270423.49,1.4900000095367432,,,,2.1,1,56,2.0,ok,1787266800,2026-08-20T23:00:00+00:00,0.0,-1.1323701679031708,-0.8613938919342266,3.431570448122729,3.5526846992329384,4.92531287848203,0.0,1.1502790115350714,1.5835049671092394,38.39875991997774,-26.51417241413487,0.5661850839515854,0.0
3348,1787271184,2026-08-21T00:13:04+00:00,CROSSUSDT,LONG,overheated_early,sl,sl,0.12751,0.12103428571428573,0.14046142857142857,0.10614,-3.3000220604456265,5.078593275597426,10.157186551194853,2.0,0.12751,0.0,1787271182.802,1.1979999542236328,,16.9,69.5,,,,,ok,1787266800,2026-08-20T23:00:00+00:00,0.0,18.127472527472513,15.467904098994575,19.2599788060756,19.365388014848858,19.365388014848858,0.0,10.296610365030627,18.000570157933748,6823.508771929825,6854.081244524223,-9.063736263736256,0.0
3349,1787271199,2026-08-21T00:13:19+00:00,FORMUSDT,LONG,overheated_early,tp,tp,0.2472,0.2380875,0.265425,0.2655,2.008230452674899,3.6862864077669886,7.372572815533989,2.000000000000003,0.2472,0.0,1787271198.234,0.7660000324249268,,15.2,57.9,,,,,ok,1787266800,2026-08-20T23:00:00+00:00,0.0,0.7790077900778947,0.5316973415132906,1.560574948665297,2.232327408019838,3.0846185910796122,0.0,0.5441648574004669,0.9515887481443426,-3.0321622606948186,-121.36911962654091,-0.38950389503894733,0.0
3352,1787290722,2026-08-21T05:38:42+00:00,ENAUSDT,LONG,overheated_confirmed,tp,tp,0.12906,0.12408428571428572,0.1390114285714286,0.1390114285714286,2.0,3.855349671249257,7.710699342498514,2.0,0.12906,0.0,1787290722.788,0.7880001068115234,,,,2.3,1,0,2.0,ok,1787284800,2026-08-21T04:00:00+00:00,0.0,0.6799999999999917,3.9653035935563694,2.7581731159243934,5.024459000082921,7.694269682026868,0.0,0.5854199466872884,1.532235211250537,-16.819261786200705,-7.9316799346203375,-0.33999999999999586,0.0
3353,1787290755,2026-08-21T05:39:15+00:00,XRPUSDT,LONG,overheated_early,tp,tp,1.306,1.2654892857142859,1.3870214285714286,1.3882,2.029092832583979,3.101892364909202,6.2037847298184206,2.0000000000000053,1.306,0.0,1787290754.621,0.3789999485015869,,18.1,59.3,,,,,ok,1787284800,2026-08-21T04:00:00+00:00,0.0,0.4586805290115439,1.4435695538057693,1.8591375453213,2.8509113569091733,4.528182393920196,0.0,1.0142754013206807,0.7016211432257116,-14.292753627376886,-48.72526628331789,-0.22934026450577194,0.0
3355,1787290793,2026-08-21T05:39:53+00:00,MOODENGUSDT,LONG,overheated_early,tp,tp,0.04511,0.04353660714285714,0.04825678571428571,0.04956,2.828282828282831,3.487902587326217,6.975805174652434,2.0,0.04511,0.0,1787290792.305,0.6949999332427979,,17.6,68.5,,,,,ok,1787284800,2026-08-21T04:00:00+00:00,0.0,3.060032702639567,2.3665893271461718,2.891791044776115,4.204062352385443,4.204062352385443,0.0,1.9505232018427408,0.6718709214304359,44.31439885061499,37.06469951207019,-1.5300163513197835,0.0
3356,1787290806,2026-08-21T05:40:06+00:00,COLLECTUSDT,LONG,overheated_early,sl,sl,0.06943,0.06533125000000001,0.0776275,0.06533125000000001,-1.0,5.903427913005902,11.806855826011804,2.0,0.06943,0.0,1787290805.693,0.30699992179870605,,42.0,69.0,,,,,ok,1787284800,2026-08-21T04:00:00+00:00,0.0,5.735204392922535,7.924645804141385,12.182269063856179,21.138075313807537,21.975058982136844,0.0,8.250456717571435,4.757808195215813,233.3235294117647,161.4327306251115,-2.8676021964612675,0.0
3357,1787290811,2026-08-21T05:40:11+00:00,ONGUSDT,LONG,overheated_early,sl,sl,0.1313,0.11766017857142858,0.15857964285714285,0.11642,-1.0909233730018466,10.388287455119135,20.77657491023827,2.0,0.1313,0.0,1787290809.987,1.0130000114440918,,111.2,67.0,,,,,ok,1787284800,2026-08-21T04:00:00+00:00,0.0,-5.306664698501736,-0.4731983554417806,20.02969806962547,32.15640983336085,48.4295376633003,0.0,13.624197246054548,2.61415027231041,25.873720310079644,41.346419552578524,2.653332349250868,0.0
3358,1787290843,2026-08-21T05:40:43+00:00,SPKUSDT,LONG,overheated_confirmed,tp,tp,0.01738,0.016926785714285714,0.01828642857142857,0.01828642857142857,2.0,2.60767713299359,5.21535426598718,2.0,0.01738,0.0,1787290844.0,1.0,,,,3.1,1,1,2.0,ok,1787284800,2026-08-21T04:00:00+00:00,0.0,3.6828963795255945,7.997399219765931,3.2318210068365425,5.931122448979593,9.061063690085353,0.0,1.3554969425915564,1.735231211741279,148.39527027027026,224.57233264451574,-1.8414481897627972,0.0
3359,1787290881,2026-08-21T05:41:21+00:00,PROMUSDT,LONG,overheated_early,tp,tp,2.24,2.0755357142857145,2.5689285714285717,2.571,2.012595005428881,7.342155612244898,14.684311224489797,2.0,2.24,0.0,1787290879.981,1.0190000534057617,,18.9,57.2,,,,,ok,1787284800,2026-08-21T04:00:00+00:00,0.0,1.1145786892554574,4.6608214120904465,7.394209354120264,12.821712681328968,13.086303939962471,0.0,2.44407383109516,1.9192058849808975,-6.91747530530827,-409.91437325304656,-0.5572893446277287,0.0
3361,1787290914,2026-08-21T05:41:54+00:00,GALAUSDT,LONG,overheated_early,tp,tp,0.001656,0.0015721071428571427,0.0018237857142857142,0.0018237857142857142,1.9999999999999973,5.065993788819882,10.131987577639752,1.9999999999999973,0.001656,0.0,1787290913.589,0.41100001335144043,,17.2,58.6,,,,,ok,1787284800,2026-08-21T04:00:00+00:00,0.0,0.0,-1.3863773357444253,1.472392638036819,1.472392638036819,3.4653465346534693,0.0,0.6069501703580561,0.7993050990535185,154.38845023497706,220.14920538382458,0.0,0.0
3363,1787290975,2026-08-21T05:42:55+00:00,GASUSDT,LONG,overheated_early,tp,tp,1.146,1.1075357142857143,1.2229285714285714,1.318,4.471680594243283,3.356394913986529,6.7127898279730775,2.0000000000000058,1.146,0.0,1787290974.602,0.39800000190734863,,16.1,66.3,,,,,ok,1787284800,2026-08-21T04:00:00+00:00,0.0,-0.6986899563318784,-4.453781512605037,2.3070097604259114,6.122448979591832,10.115350488021305,0.0,1.8963479747112757,1.244540384961324,-50.34736177298043,-51.76819680471629,0.3493449781659392,0.0
3528,1787290990,2026-08-21T05:43:10+00:00,RSRUSDT,LONG,overheated_confirmed,ttl_expired,,0.001443,0.001443,0.001443,,,0.0,0.0,,0.001443,0.0,,,,,,,,,,ok,1787284800,2026-08-21T04:00:00+00:00,0.0,-0.06939625260235363,0.9817671809256748,2.521008403361345,3.6093418259023387,7.488986784140976,0.0,1.895686768101327,1.509635902082776,-87.1326657804803,-707.2989515136944,0.034698126301176815,0.0
3365,1787290999,2026-08-21T05:43:19+00:00,PENGUUSDT,LONG,overheated_early,tp,tp,0.007484,0.0072288392857142855,0.007994321428571429,0.008049,2.2142907131359766,3.4094162785370754,6.818832557074139,1.9999999999999967,0.007484,0.0,1787290998.111,0.8889999389648438,,15.8,67.7,,,,,ok,1787284800,2026-08-21T04:00:00+00:00,0.0,0.9744214372716202,2.3176083379045513,2.2143247676325957,2.3373428102788427,5.376193149915773,0.0,1.346994464952726,0.5525785310801953,-48.615351931384104,-25.75738735307511,-0.4872107186358101,0.0
3366,1787291030,2026-08-21T05:43:50+00:00,ANDURILUSDT,LONG,overheated_early,sl,sl,128.48,121.0630357142857,143.31392857142856,114.19,-1.926664259058624,5.77285514143391,11.54571028286782,2.0,128.48,0.0,1787291029.651,0.3489999771118164,,15.5,68.4,,,,,ok,1787284800,2026-08-21T04:00:00+00:00,0.0,-0.06997356554190903,-0.13209013209012238,0.0544619933089498,2.4258125294394755,2.4258125294394755,0.0,0.43677891862503015,0.012574158255643732,-98.17498658078368,-290.1812561732602,0.034986782770954516,0.0
3367,1787291060,2026-08-21T05:44:20+00:00,PUMPUSDT,LONG,overheated_early,tp,tp,0.003891,0.0036471964285714285,0.004378607142857142,0.004378607142857142,1.9999999999999982,6.265833241546427,12.531666483092843,1.9999999999999982,0.003891,0.0,1787291059.165,0.8350000381469727,,22.1,67.0,,,,,ok,1787284800,2026-08-21T04:00:00+00:00,0.0,1.0880829015544025,2.9279873384331307,3.3359395360958985,4.617414248021103,6.157965194109765,0.0,0.7021608003104947,1.4798055054841237,177.30322369497625,233.6111838751496,-0.5440414507772012,0.0
3368,1787291065,2026-08-21T05:44:25+00:00,PEPEUSDT,LONG,overheated_early,tp,tp,3.352e-06,3.2409464285714284e-06,3.574107142857143e-06,3.577e-06,2.0260492040520974,3.3130540402318465,6.626108080463693,2.0,3.352e-06,0.0,1787291064.075,0.9249999523162842,,15.8,67.5,,,,,ok,1787284800,2026-08-21T04:00:00+00:00,0.0,2.473716759431048,2.3787457522397233,3.226807322370468,3.644859813084109,4.229323308270676,0.0,1.467351281724699,0.6888960278667937,89.36244745446054,145.9916381766321,-1.236858379715524,0.0
3371,1787291143,2026-08-21T05:45:43+00:00,TURBOUSDT,LONG,overheated_confirmed,tp,tp,0.0009548,0.0009275803571428572,0.0010092392857142857,0.0010095,2.009578167027489,2.8508214136094288,5.7016428272188575,2.0,0.0009548,0.0,1787291143.404,0.40400004386901855,,,,2.7,1,6,2.0,ok,1787284800,2026-08-21T04:00:00+00:00,0.0,0.0,-1.1241913246367632,1.040437627373171,1.6839378238342029,2.766371298897771,0.0,0.7767108310136305,0.48356099438514993,-50.15325513915566,-45.96733611652272,0.0,0.0
3372,1787291145,2026-08-21T05:45:45+00:00,WIFUSDT,LONG,overheated_confirmed,tp,tp,0.1699,0.16485357142857143,0.17999285714285712,0.18,2.0014154281670233,2.9702345917766704,5.940469183553341,2.0,0.1699,0.0,1787291145.705,0.7049999237060547,,,,2.2,1,3,2.0,ok,1787284800,2026-08-21T04:00:00+00:00,0.0,0.6630500301386484,0.9673518742442674,1.0876132930513571,1.6403402187120342,2.575107296137345,0.0,0.29596885595832745,0.4074982365127381,-37.01052951700135,-37.88006015602684,-0.3315250150693242,0.0
3375,1787291830,2026-08-21T05:57:10+00:00,TRADOORUSDT,LONG,ema_cross,sl,sl,0.653,0.6324827586206897,0.6940344827586208,0.607,-2.242016806722693,3.1419971484395597,6.283994296879136,2.0000000000000053,0.653,0.0,1787291830.77,0.7699999809265137,0.367,,,,,,,ok,1787284800,2026-08-21T04:00:00+00:00,0.0,-1.0558069381598802,0.613496932515338,2.457757296466976,2.457757296466976,2.9320987654321016,0.0,1.583941778883863,1.235005911302961,6.729014598540147,-480.1518421618347,0.5279034690799401,0.0
3535,1787291830,2026-08-21T05:57:10+00:00,TRADOORUSDT,LONG,ema_cross_confirmed,ttl_expired,,0.653,0.653,0.653,,,0.0,0.0,,0.653,0.0,,,,,,,,,,ok,1787284800,2026-08-21T04:00:00+00:00,0.0,-1.0558069381598802,0.613496932515338,2.457757296466976,2.457757296466976,2.9320987654321016,0.0,1.583941778883863,1.235005911302961,6.729014598540147,-480.1518421618347,0.5279034690799401,0.0
3376,1787291869,2026-08-21T05:57:49+00:00,PTBUSDT,LONG,ema_cross,tp,tp,0.000902,0.0008723517241379311,0.000961296551724138,0.000961296551724138,2.0000000000000036,3.2869485434666217,6.573897086933256,2.0000000000000036,0.000902,0.0,1787291869.816,0.8159999847412109,0.177,,,,,,,ok,1787284800,2026-08-21T04:00:00+00:00,0.0,0.7454383622607922,1.5020737585472483,1.8657133281197662,1.8657133281197662,3.0282485875706215,0.0,0.5299123192643304,0.8473127472069946,-30.51406719475553,-39.840727251852655,-0.3727191811303961,0.0
3536,1787291869,2026-08-21T05:57:49+00:00,PTBUSDT,LONG,ema_cross_confirmed,ttl_expired,,0.000902,0.000902,0.000902,,,0.0,0.0,,0.000902,0.0,,,,,,,,,,ok,1787284800,2026-08-21T04:00:00+00:00,0.0,0.7454383622607922,1.5020737585472483,1.8657133281197662,1.8657133281197662,3.0282485875706215,0.0,0.5299123192643304,0.8473127472069946,-30.51406719475553,-39.840727251852655,-0.3727191811303961,0.0
3377,1787291872,2026-08-21T05:57:52+00:00,JELLYJELLYUSDT,LONG,ema_cross,sl,sl,0.05881,0.05784724137931035,0.060735517241379315,0.05783,-1.017908309455591,1.6370661803939015,3.2741323607878146,2.000000000000007,0.05881,0.0,1787291872.43,0.43000006675720215,0.227,,,,,,,ok,1787284800,2026-08-21T04:00:00+00:00,0.0,0.30664395229982894,0.11902737629654926,1.230769230769228,2.0858472677124684,2.4306154111360136,0.0,0.6484619943184681,0.9438217574173013,-52.49897020458603,-85.23088199609323,-0.15332197614991447,0.0
3537,1787291872,2026-08-21T05:57:52+00:00,JELLYJELLYUSDT,LONG,ema_cross_confirmed,ttl_expired,,0.05881,0.05881,0.05881,,,0.0,0.0,,0.05881,0.0,,,,,,,,,,ok,1787284800,2026-08-21T04:00:00+00:00,0.0,0.30664395229982894,0.11902737629654926,1.230769230769228,2.0858472677124684,2.4306154111360136,0.0,0.6484619943184681,0.9438217574173013,-52.49897020458603,-85.23088199609323,-0.15332197614991447,0.0
3378,1787291880,2026-08-21T05:58:00+00:00,GWEIUSDT,LONG,ema_cross,sl,sl,0.024388,0.02324813793103448,0.026667724137931035,0.022904,-1.3019119070667928,4.673864478290632,9.347728956581248,1.999999999999997,0.024388,0.0,1787291880.212,0.21199989318847656,0.774,,,,,,,ok,1787284800,2026-08-21T04:00:00+00:00,0.0,0.9709117957953323,1.034199083323541,2.564002345124097,5.852315793672955,21.392722710163113,0.0,3.225256868259002,1.3051056516024668,-38.66737618305523,8.322881823614054,-0.48545589789766613,0.0
3538,1787291880,2026-08-21T05:58:00+00:00,GWEIUSDT,LONG,ema_cross_confirmed,ttl_expired,,0.024388,0.024388,0.024388,,,0.0,0.0,,0.024388,0.0,,,,,,,,,,ok,1787284800,2026-08-21T04:00:00+00:00,0.0,0.9709117957953323,1.034199083323541,2.564002345124097,5.852315793672955,21.392722710163113,0.0,3.225256868259002,1.3051056516024668,-38.66737618305523,8.322881823614054,-0.48545589789766613,0.0
3379,1787291922,2026-08-21T05:58:42+00:00,SENTUSDT,LONG,ema_cross,tp,tp,0.01275,0.012532413793103448,0.013185172413793102,0.01319,2.0221870047543726,1.7065584854631433,3.4131169709263,2.000000000000008,0.01275,0.0,1787291922.298,0.2980000972747803,0.197,,,,,,,ok,1787284800,2026-08-21T04:00:00+00:00,0.0,0.07818608287725823,0.0,0.7849293563579367,1.9857029388403513,1.9857029388403513,0.0,1.3788159026921631,0.6318533321748196,-75.73282075925036,-434.1028648121138,-0.039093041438629114,
3539,1787291922,2026-08-21T05:58:42+00:00,SENTUSDT,LONG,ema_cross_confirmed,ttl_expired,,0.01275,0.01275,0.01275,,,0.0,0.0,,0.01275,0.0,,,,,,,,,,ok,1787284800,2026-08-21T04:00:00+00:00,0.0,0.07818608287725823,0.0,0.7849293563579367,1.9857029388403513,1.9857029388403513,0.0,1.3788159026921631,0.6318533321748196,-75.73282075925036,-434.1028648121138,-0.039093041438629114,
3380,1787291932,2026-08-21T05:58:52+00:00,VOLXUSDT,SHORT,ema_cross,tp,tp,16.3,16.873551724137933,15.152896551724137,15.152896551724137,2.0,3.518722233975043,7.037444467950086,2.0,16.3,0.0,1787291932.663,0.6630001068115234,0.178,,,,,,,ok,1787284800,2026-08-21T04:00:00+00:00,-0.0,1.0423610690261231,9.534626038781163,1.1028735984314668,3.8420954627273276,14.551863041289021,0.0,7.158856290601609,0.04385837801284838,-95.3378517149312,-8.966200022933549,-0.5211805345130616,0.0
3540,1787291932,2026-08-21T05:58:52+00:00,VOLXUSDT,SHORT,ema_cross_confirmed,ttl_expired,,16.3,16.3,16.3,,,0.0,0.0,,16.3,0.0,,,,,,,,,,ok,1787284800,2026-08-21T04:00:00+00:00,-0.0,1.0423610690261231,9.534626038781163,1.1028735984314668,3.8420954627273276,14.551863041289021,0.0,7.158856290601609,0.04385837801284838,-95.3378517149312,-8.966200022933549,-0.5211805345130616,0.0
3381,1787291937,2026-08-21T05:58:57+00:00,币安人生USDT,LONG,ema_cross,tp,tp,0.4865,0.46884241379310343,0.521815172413793,0.52617,2.2466264377917096,3.6295141226919956,7.2590282453839805,1.999999999999997,0.4865,0.0,1787291937.843,0.8429999351501465,0.252,,,,,,,ok,1787284800,2026-08-21T04:00:00+00:00,0.0,-1.3299253994971254,-2.911648639254101,2.0089332966404876,2.5508584008975648,3.8950866868477383,0.0,0.6575578077407649,0.2803413800214194,-49.33641084824005,-80.42566954718104,0.6649626997485627,0.0
3382,1787291939,2026-08-21T05:58:59+00:00,FHEUSDT,LONG,ema_cross,sl,sl,0.02725,0.025679655172413794,0.030390689655172415,0.025679655172413794,-1.0,5.762733312242957,11.525466624485926,2.000000000000002,0.02725,0.0,1787291939.15,0.15000009536743164,0.196,,,,,,,ok,1787284800,2026-08-21T04:00:00+00:00,0.0,0.36523009495982245,1.4022140221402282,0.990099009900988,1.9492460463405765,2.8571428571428563,0.0,0.34072021643535577,0.3268824403205222,-95.5679613302924,-1063.4341917919428,-0.18261504747991122,0.0
3541,1787291939,2026-08-21T05:58:59+00:00,FHEUSDT,LONG,ema_cross_confirmed,ttl_expired,,0.02725,0.02725,0.02725,,,0.0,0.0,,0.02725,0.0,,,,,,,,,,ok,1787284800,2026-08-21T04:00:00+00:00,0.0,0.36523009495982245,1.4022140221402282,0.990099009900988,1.9492460463405765,2.8571428571428563,0.0,0.34072021643535577,0.3268824403205222,-95.5679613302924,-1063.4341917919428,-0.18261504747991122,0.0
3383,1787291991,2026-08-21T05:59:51+00:00,币安人生USDT,LONG,ema_cross_confirmed,tp,tp,0.4867,0.4602136206896552,0.5396727586206896,0.54483,2.1947129624205046,5.442033965552662,10.884067931105324,2.0,0.4867,0.0,1787291991.458,0.45799994468688965,,,,2.7,1,0,2.0,ok,1787284800,2026-08-21T04:00:00+00:00,0.0,-1.3299253994971254,-2.911648639254101,2.0089332966404876,2.5508584008975648,3.8950866868477383,0.0,0.6575578077407649,0.2803413800214194,-49.33641084824005,-80.42566954718104,0.6649626997485627,0.0
3384,1787292016,2026-08-21T06:00:16+00:00,GALAUSDT,LONG,ema_cross,tp,tp,0.001656,0.0016010344827586205,0.0017659310344827585,0.0017659310344827585,1.999999999999996,3.31917374646011,6.638347492920207,1.999999999999996,0.001656,0.0,1787292016.731,0.7309999465942383,0.378,,,,,,,ok,1787288400,2026-08-21T05:00:00+00:00,0.0,1.8948655256723714,1.6463414634146412,2.8307692307692327,2.8307692307692327,2.892307692307703,0.0,1.1606999199932986,1.0181321451119816,29.2796306076468,-125.10881962733026,-0.9474327628361857,0.0
3385,1787292085,2026-08-21T06:01:25+00:00,JUSUNGUSDT,SHORT,ema_cross,sl,sl,121.08,125.44758620689655,112.34482758620689,125.44758620689655,-1.0,3.6071904582891867,7.214380916578385,2.000000000000003,121.08,0.0,1787292085.443,0.44300007820129395,0.234,,,,,,,ok,1787288400,2026-08-21T05:00:00+00:00,-0.0,-0.9548322816340135,0.098595020951434,2.998750520616417,3.464145259810895,3.634232121922629,0.0,0.9668597487377187,0.784398310416105,-22.77473013625907,3.8737641524221367,0.47741614081700673,0.0
3542,1787292085,2026-08-21T06:01:25+00:00,JUSUNGUSDT,SHORT,ema_cross_confirmed,ttl_expired,,121.08,121.08,121.08,,,0.0,0.0,,121.08,0.0,,,,,,,,,,ok,1787288400,2026-08-21T05:00:00+00:00,-0.0,-0.9548322816340135,0.098595020951434,2.998750520616417,3.464145259810895,3.634232121922629,0.0,0.9668597487377187,0.784398310416105,-22.77473013625907,3.8737641524221367,0.47741614081700673,0.0
3389,1787292943,2026-08-21T06:15:43+00:00,SPKUSDT,LONG,overheated_confirmed,sl,sl,0.01836,0.017906785714285715,0.01903982142857143,0.01773,-1.3900709219858194,2.4684873949579846,3.7027310924369763,1.5,0.01836,0.0,1787292944.115,1.1150000095367432,,,,5.9,2,36,1.5,ok,1787288400,2026-08-21T05:00:00+00:00,0.0,9.452137266706814,16.988416988417,10.030030030030018,13.859540087010561,19.582245430809394,0.0,3.304759745866264,8.763159752453115,427.60965657939477,279.2143863091245,-4.726068633353407,0.0
3390,1787292955,2026-08-21T06:15:55+00:00,PEPEUSDT,LONG,overheated_confirmed,tp,tp,3.418e-06,3.3069464285714287e-06,3.640107142857143e-06,3.641e-06,2.008039877793855,3.249080498202793,6.498160996405586,2.0,3.418e-06,0.0,1787292955.58,0.5799999237060547,,,,1.6,1,0,2.0,ok,1787288400,2026-08-21T05:00:00+00:00,0.0,1.8708509354254677,4.64972101673899,2.6715239829993878,4.93329196400869,5.753595997498431,0.0,1.1364547363997834,1.1056486815358126,59.801442930258375,-29.56100452420216,-0.9354254677127338,0.0
3391,1787292991,2026-08-21T06:16:31+00:00,GOATUSDT,LONG,overheated_early,sl,sl,0.015508,0.01507605357142857,0.016371892857142856,0.015055,-1.048741163338703,2.785313570875865,5.570627141751719,1.999999999999996,0.015508,0.0,1787292990.133,0.8670001029968262,,15.7,58.0,,,,,ok,1787288400,2026-08-21T05:00:00+00:00,0.0,2.9768976897689767,4.403399585090013,3.292779687913252,3.292779687913252,5.1066406512817135,0.0,1.357862948668011,1.421600174194953,729.3436838390967,795.5573223703318,-1.4884488448844884,0.0
3546,1787293018,2026-08-21T06:16:58+00:00,EIGENUSDT,LONG,overheated_confirmed,ttl_expired,,0.2092,0.2092,0.2092,,,0.0,0.0,,0.2092,0.0,,,,,,,,,,ok,1787288400,2026-08-21T05:00:00+00:00,0.0,2.766798418972329,5.798575788402846,3.267326732673265,5.780933062880336,7.1942446043165535,0.0,1.2394707781026915,3.1477535016270184,28.03806085000592,-215.70271945418045,-1.3833992094861645,0.0
3394,1787293060,2026-08-21T06:17:40+00:00,FARTCOINUSDT,LONG,overheated_early,tp,tp,0.17229,0.16475946428571428,0.18735107142857144,0.18752,2.0224324772948212,4.370848983856126,8.741697967712252,2.0,0.17229,0.0,1787293059.023,0.9769999980926514,,15.7,63.4,,,,,ok,1787288400,2026-08-21T05:00:00+00:00,0.0,0.4651436646255376,0.38830381832087657,1.7313963830418062,2.0399666944213086,2.240228789323173,0.0,0.5364192058693926,0.803295546623078,78.37965983146256,109.12635531272531,-0.2325718323127688,0.0
3395,1787293065,2026-08-21T06:17:45+00:00,PEOPLEUSDT,LONG,overheated_early,tp,tp,0.010903,0.010351267857142857,0.012006464285714285,0.012201,2.3525908664271657,5.060370016116133,10.120740032232282,2.000000000000003,0.010903,0.0,1787293064.674,0.3259999752044678,,36.0,62.3,,,,,ok,1787288400,2026-08-21T05:00:00+00:00,0.0,1.6905071521456427,1.1269166820616925,3.108032203707161,4.338764683592271,5.397129186602874,0.0,1.5232120383218208,0.5824883574018513,-16.811995724986353,-2.6747895711401988,-0.8452535760728214,0.0
3396,1787293077,2026-08-21T06:17:57+00:00,FORMUSDT,LONG,overheated_confirmed,tp,tp,0.2574,0.24876428571428574,0.27467142857142857,0.2747,2.003308519437552,3.3549783549783503,6.709956709956701,2.0,0.2574,0.0,1787293077.644,0.6440000534057617,,,,2.1,1,0,2.0,ok,1787288400,2026-08-21T05:00:00+00:00,0.0,1.1102299762093675,1.2306470821754631,2.695092518101384,2.695092518101384,3.6540803897685894,0.0,0.6727000949148372,0.4453324875257784,-30.679945134110216,-45.05059478608237,-0.5551149881046837,0.0
3397,1787293127,2026-08-21T06:18:47+00:00,XPLUSDT,LONG,overheated_early,tp,tp,0.09447,0.09105964285714285,0.10129071428571428,0.1015,2.0613676824798417,3.6099895658485717,7.219979131697128,1.999999999999996,0.09447,0.0,1787293126.265,0.7349998950958252,,16.3,64.7,,,,,ok,1787288400,2026-08-21T05:00:00+00:00,0.0,0.11709601873536193,2.854330708661419,2.2181544093894763,2.7158623674529303,6.734877445468849,0.0,0.8655022997261639,1.6005168813897928,-54.32691981404187,-97.23047724896448,-0.05854800936768097,0.0
3553,1787294546,2026-08-21T06:42:26+00:00,SPKUSDT,LONG,overheated_confirmed,ttl_expired,,0.01698,0.01698,0.01698,,,0.0,0.0,,0.01698,0.0,,,,,,,,,,ok,1787288400,2026-08-21T05:00:00+00:00,0.0,9.452137266706814,16.988416988417,10.030030030030018,13.859540087010561,19.582245430809394,0.0,3.304759745866264,8.763159752453115,427.60965657939477,279.2143863091245,-4.726068633353407,0.0
3555,1787294660,2026-08-21T06:44:20+00:00,BTWUSDT,LONG,overheated_confirmed,ttl_expired,,0.483383,0.483383,0.483383,,,0.0,0.0,,0.483383,0.0,1787294720.305,60.3050000667572,,,,1.6,1,0,2.0,ok,1787288400,2026-08-21T05:00:00+00:00,0.0,1.9281880969057121,1.689754345859374,10.861296367140765,14.645961310256265,23.77940169544803,0.0,7.421246521885286,0.733404205193962,-29.0364725095264,-14.438611049740254,-0.9640940484528561,0.0
3554,1787294684,2026-08-21T06:44:44+00:00,STXUSDT,LONG,overheated_confirmed,ttl_expired,,0.1549,0.1549,0.1549,,,0.0,0.0,,0.1549,0.0,,,,,,,,,,ok,1787288400,2026-08-21T05:00:00+00:00,0.0,1.4248704663212304,2.68852459016393,2.34222511385816,3.192182410423463,5.882352941176472,0.0,0.6713030707059374,0.6567504758930877,-66.47803401692964,-277.56535298780153,-0.7124352331606152,0.0
3556,1787294689,2026-08-21T06:44:49+00:00,BCHUSDT,LONG,overheated_confirmed,ttl_expired,,249.04,249.04,249.04,,,0.0,0.0,,249.04,0.0,,,,,,,,,,ok,1787288400,2026-08-21T05:00:00+00:00,0.0,3.1500498288487417,5.382912793271357,5.993593962529068,6.3154651879235955,7.3262839879153985,0.0,1.2078132558532786,4.813645055433205,523.9701800880616,427.11074555416553,-1.5750249144243709,0.0
3557,1787294697,2026-08-21T06:44:57+00:00,COLLECTUSDT,LONG,overheated_confirmed,ttl_expired,,0.0714,0.0714,0.0714,,,0.0,0.0,,0.0714,0.0,,,,,,,,,,ok,1787288400,2026-08-21T05:00:00+00:00,0.0,1.8176572417772607,17.61373104482587,9.667218792350564,12.879727216367037,22.73340074148974,0.0,3.525095943151345,6.846662551803192,71.28739080561192,-162.03613860615278,-0.9088286208886304,0.0
3559,1787294709,2026-08-21T06:45:09+00:00,PEPEUSDT,LONG,overheated_confirmed,ttl_expired,,3.409e-06,3.409e-06,3.409e-06,,,0.0,0.0,,3.409e-06,0.0,,,,,,,,,,ok,1787288400,2026-08-21T05:00:00+00:00,0.0,1.8708509354254677,4.64972101673899,2.6715239829993878,4.93329196400869,5.753595997498431,0.0,1.1364547363997834,1.1056486815358126,59.801442930258375,-29.56100452420216,-0.9354254677127338,0.0
3558,1787294714,2026-08-21T06:45:14+00:00,HEMIUSDT,LONG,overheated_confirmed,ttl_expired,,0.011046,0.011046,0.011046,,,0.0,0.0,,0.011046,0.0,,,,,,,,,,ok,1787288400,2026-08-21T05:00:00+00:00,0.0,-1.9717064544650837,17.422156322812953,8.183632734530926,8.62760068715404,31.360813099943535,0.0,7.864333435555029,1.4150625635281842,-28.151149330246405,37.39647835395632,0.9858532272325419,0.0
3402,1787294719,2026-08-21T06:45:19+00:00,BTWUSDT,LONG,overheated_confirmed,sl,sl,0.49424,0.38266223214285716,0.7173955357142857,0.38266223214285716,-1.0,22.57562476876474,45.15124953752948,2.0,0.49424,0.0,1787294720.305,1.3050000667572021,,,,1.6,1,0,2.0,ok,1787288400,2026-08-21T05:00:00+00:00,0.0,1.9281880969057121,1.689754345859374,10.861296367140765,14.645961310256265,23.77940169544803,0.0,7.421246521885286,0.733404205193962,-29.0364725095264,-14.438611049740254,-0.9640940484528561,0.0
3560,1787294766,2026-08-21T06:46:06+00:00,ENAUSDT,LONG,overheated_confirmed,ttl_expired,,0.12929,0.12929,0.12929,,,0.0,0.0,,0.12929,0.0,,,,,,,,,,ok,1787288400,2026-08-21T05:00:00+00:00,0.0,3.7981724274930526,5.944849959448491,4.317293113079561,6.0436440334225665,8.670712444924773,0.0,1.5991684288861858,2.637311985141351,80.42344166442842,97.24270345062914,-1.8990862137465263,0.0
3564,1787294832,2026-08-21T06:47:12+00:00,FORMUSDT,LONG,overheated_confirmed,ttl_expired,,0.2558,0.2558,0.2558,,,0.0,0.0,,0.2558,0.0,,,,,,,,,,ok,1787288400,2026-08-21T05:00:00+00:00,0.0,1.1102299762093675,1.2306470821754631,2.695092518101384,2.695092518101384,3.6540803897685894,0.0,0.6727000949148372,0.4453324875257784,-30.679945134110216,-45.05059478608237,-0.5551149881046837,0.0
3563,1787294844,2026-08-21T06:47:24+00:00,CRVUSDT,LONG,overheated_confirmed,ttl_expired,,0.3127,0.3127,0.3127,,,0.0,0.0,,0.3127,0.0,,,,,,,,,,ok,1787288400,2026-08-21T05:00:00+00:00,0.0,0.09606147934677135,2.5590551181102277,3.9674796747967442,5.138211382113815,13.151451556488292,0.0,3.984711334364789,0.9331268993408021,-64.68862435747853,-57.6805014299148,-0.048030739673385676,0.0
3570,1787294910,2026-08-21T06:48:30+00:00,TURBOUSDT,LONG,overheated_confirmed,ttl_expired,,0.0009657,0.0009657,0.0009657,,,0.0,0.0,,0.0009657,0.0,,,,,,,,,,ok,1787288400,2026-08-21T05:00:00+00:00,0.0,3.721977904108123,3.8668098818474763,3.688612481235253,3.721977904108123,4.382556131260796,0.0,2.0707545187324974,0.8956082466046893,85.08649667951136,135.239751818667,-1.8609889520540615,0.0
3404,1787294921,2026-08-21T06:48:41+00:00,XPINUSDT,LONG,overheated_early,sl,sl,0.0013512,0.0012080303571428573,0.001637539285714286,0.0011811,-1.1881010289990654,10.595740294341532,21.19148058868308,2.0000000000000013,0.0013512,0.0,1787294920.67,0.3299999237060547,,25.3,64.2,,,,,ok,1787288400,2026-08-21T05:00:00+00:00,0.0,14.867349619122658,20.612301185988777,21.55773132221927,23.099598034836973,26.94362564480472,0.0,6.6579433650622555,12.147243225789092,939.5578583765113,968.8238865235011,-7.433674809561329,0.0
3405,1787294929,2026-08-21T06:48:49+00:00,ONGUSDT,LONG,overheated_early,sl,sl,0.11461,0.10097017857142858,0.14188964285714287,0.09901,-1.1437099878245165,11.90107445124459,23.802148902489193,2.000000000000001,0.11461,0.0,1787294927.71,1.2899999618530273,,80.9,59.3,,,,,ok,1787288400,2026-08-21T05:00:00+00:00,0.0,3.406079501169145,-11.700499168053234,10.647815320712525,20.02969806962547,37.11057856898323,0.0,6.937461497450637,1.6157343456035629,-31.47535923339333,-57.349079543472975,-1.7030397505845725,0.0
3576,1787295814,2026-08-21T07:03:34+00:00,DOSUSDT,SHORT,ema_cross_confirmed,ttl_expired,,0.2338,0.2338,0.2338,,,0.0,0.0,,0.2338,0.0,,,,,,,,,,ok,1787292000,2026-08-21T06:00:00+00:00,-0.0,-0.34028073160357086,-1.7687661777394275,2.165439584235602,4.287570376786484,4.604691572545612,0.0,1.6100830484213855,1.2647534030360286,-38.49431130476882,-75.64570572707959,0.17014036580178543,0.0
3413,1787296506,2026-08-21T07:15:06+00:00,PEOPLEUSDT,LONG,overheated_confirmed,tp,tp,0.010998,0.010446267857142859,0.012101464285714285,0.012201,2.180405864647055,5.016658873041844,10.033317746083688,2.0,0.010998,0.0,1787296506.975,0.9749999046325684,,,,1.9,1,93,2.0,ok,1787292000,2026-08-21T06:00:00+00:00,0.0,-0.1918158567774953,0.18336847895845956,3.1647940074906344,3.1647940074906344,4.376657824933693,0.0,1.5048217451342092,0.7059011334425784,23.74130867505886,40.553304400045214,0.09590792838874765,0.0
3581,1787296760,2026-08-21T07:19:20+00:00,ENSUSDT,LONG,overheated_confirmed,ttl_expired,,4.807,4.807,4.807,,,0.0,0.0,,4.807,0.0,,,,,,,,,,ok,1787292000,2026-08-21T06:00:00+00:00,0.0,1.18293198141107,2.833834263632453,1.5247776365946457,3.185535944898831,3.430420711974106,0.0,0.8157157693616609,1.6606448913988794,38.94845436793044,34.64022992519408,-0.591465990705535,0.0
3417,1787296762,2026-08-21T07:19:22+00:00,BOMEUSDT,LONG,overheated_confirmed,tp,tp,0.0012914,0.0011994982142857144,0.0014752035714285714,0.0014901,2.1620907412804833,7.116446160313276,14.232892320626553,2.0,0.0012914,0.0,1787296762.891,0.8910000324249268,,,,1.8,1,0,2.0,ok,1787292000,2026-08-21T06:00:00+00:00,0.0,5.791115232234688,8.922062141989247,6.450796863141915,8.230452674897116,11.835577604535791,0.0,2.4500227081313195,0.7171896476387095,148.6249654925108,151.9691186573115,-2.895557616117344,0.0
3418,1787296773,2026-08-21T07:19:33+00:00,AIOTUSDT,LONG,overheated_early,sl,sl,0.04389,0.041267142857142856,0.04913571428571428,0.041267142857142856,-1.0,5.975978908309734,11.951957816619467,2.0,0.04389,0.0,1787296771.838,1.1619999408721924,,15.5,69.1,,,,,ok,1787292000,2026-08-21T06:00:00+00:00,0.0,-0.9582477754962438,2.8429282160625435,1.7401392111368925,3.1865042174320526,5.232974910394276,0.0,1.942075944295768,0.16212395795578108,-90.41034216619501,-255.4631890806171,0.4791238877481219,0.0
3419,1787296805,2026-08-21T07:20:05+00:00,GWEIUSDT,LONG,overheated_early,sl,sl,0.025193,0.023476035714285713,0.028626928571428574,0.022904,-1.3331669266770658,6.815243463320315,13.63048692664063,2.0,0.025193,0.0,1787296804.542,0.45799994468688965,,15.3,67.4,,,,,ok,1787292000,2026-08-21T06:00:00+00:00,0.0,2.5669642857142856,-2.8579258505265552,4.995405563444988,10.09793988517392,12.01452212090509,0.0,4.7707319095737795,1.086665743076499,-45.91857145454876,-116.32325663055272,-1.2834821428571428,0.0
3582,1787296946,2026-08-21T07:22:26+00:00,SSVUSDT,LONG,overheated_confirmed,ttl_expired,,2.733,2.733,2.733,,,0.0,0.0,,2.733,0.0,,,,,,,,,,ok,1787292000,2026-08-21T06:00:00+00:00,0.0,3.920776071139853,4.981625153123738,4.7560975609756095,5.226623111474076,5.918618988902595,0.0,2.0407847571052447,1.1441152834197519,207.0432521862444,189.95455701535744,-1.9603880355699266,0.0
3583,1787296952,2026-08-21T07:22:32+00:00,CHIPUSDT,LONG,overheated_confirmed,ttl_expired,,0.03341,0.03341,0.03341,,,0.0,0.0,,0.03341,0.0,,,,,,,,,,ok,1787292000,2026-08-21T06:00:00+00:00,0.0,1.9792935444579713,-2.247518972562755,3.7354562155541915,3.7354562155541915,6.439742410303581,0.0,2.7480663685704245,0.8406778152611335,169.06643879512924,254.93682425801674,-0.9896467722289857,0.0
3422,1787296970,2026-08-21T07:22:50+00:00,BRETTUSDT,LONG,overheated_early,tp,tp,0.004779,0.004590910714285715,0.005155178571428572,0.005155178571428572,2.0000000000000044,3.935745673033801,7.871491346067621,2.0000000000000044,0.004779,0.0,1787296969.609,0.39100003242492676,,16.0,67.9,,,,,ok,1787292000,2026-08-21T06:00:00+00:00,0.0,-1.3411567476948831,3.0196936542669603,1.3809220310176322,3.3347769597228343,4.879120879120878,0.0,2.0371104729507588,2.7394831821802,8.034752798893823,-196.8097529410879,0.6705783738474416,0.0
3586,1787296995,2026-08-21T07:23:15+00:00,XPINUSDT,LONG,overheated_confirmed,ttl_expired,,0.0013098,0.0013098,0.0013098,,,0.0,0.0,,0.0013098,0.0,,,,,,,,,,ok,1787292000,2026-08-21T06:00:00+00:00,0.0,-1.684579617348879,14.659080807182853,10.919210935581557,21.55773132221927,26.745148533063546,0.0,8.213884485326545,7.987466562677449,-3.0144341954863236,-942.5722925719975,0.8422898086744395,0.0
3587,1787297000,2026-08-21T07:23:20+00:00,PROMUSDT,LONG,overheated_confirmed,ttl_expired,,2.334,2.334,2.334,,,0.0,0.0,,2.334,0.0,1787297065.692,65.69199991226196,,,,2.8,1,0,2.0,ok,1787292000,2026-08-21T06:00:00+00:00,0.0,5.146726862302498,3.8341506910388006,7.028020211299955,7.028020211299955,12.821712681328968,0.0,3.6937856003332135,0.8828798687713265,49.822243253737135,118.9723322481841,-2.573363431151249,0.0
3424,1787297064,2026-08-21T07:24:24+00:00,PROMUSDT,LONG,overheated_confirmed,tp,tp,2.339,2.1745357142857142,2.6679285714285714,2.6679285714285714,2.0,7.031393147254628,14.062786294509255,2.0,2.339,0.0,1787297065.692,1.691999912261963,,,,2.8,1,0,2.0,ok,1787292000,2026-08-21T06:00:00+00:00,0.0,5.146726862302498,3.8341506910388006,7.028020211299955,7.028020211299955,12.821712681328968,0.0,3.6937856003332135,0.8828798687713265,49.822243253737135,118.9723322481841,-2.573363431151249,0.0
3426,1787297413,2026-08-21T07:30:13+00:00,SENTUSDT,LONG,ema_cross_confirmed,tp,tp,0.01292,0.012593620689655171,0.013572758620689655,0.01361,2.114104595879559,2.526155652823745,5.05231130564749,2.0,0.01292,0.0,1787297413.322,0.32200002670288086,,,,2.8,1,91,2.0,ok,1787292000,2026-08-21T06:00:00+00:00,0.0,0.7058823529411885,0.3909304143862505,0.6230529595015457,1.3333333333333335,2.621127879269251,0.0,0.5492385263505766,0.1318905675786035,-76.77929547088425,-68.59447698903607,-0.35294117647059425,0.0
3427,1787297415,2026-08-21T07:30:15+00:00,GALAUSDT,LONG,ema_cross_confirmed,tp,tp,0.001725,0.001642551724137931,0.001889896551724138,0.001891,2.0133835215391054,4.779610194902552,9.559220389805104,2.0,0.001725,0.0,1787297415.941,0.9409999847412109,,,,2.1,1,89,2.0,ok,1787292000,2026-08-21T06:00:00+00:00,0.0,-0.17996400719857117,1.7114914425427759,2.184466019417476,3.6307692307692325,3.6307692307692325,0.0,1.1393285219127491,1.3841738323062256,41.23408786121788,11.954457253571078,0.08998200359928558,0.0
3428,1787297423,2026-08-21T07:30:23+00:00,XPLUSDT,LONG,overheated_confirmed,tp,tp,0.09449,0.09107964285714286,0.1013107142857143,0.1015,2.0555031940517323,3.6092254660357135,7.218450932071427,2.0,0.09449,0.0,1787297423.431,0.4309999942779541,,,,1.6,1,12,2.0,ok,1787292000,2026-08-21T06:00:00+00:00,0.0,-0.9888357256778313,-0.02147305132059923,1.6967353951890165,2.2181544093894763,4.559973565370641,0.0,0.9307402859640967,1.2708071415339797,-16.324650430182626,38.00226938385924,0.49441786283891564,0.0
3429,1787297424,2026-08-21T07:30:24+00:00,ENSUSDT,LONG,overheated_confirmed,tp,tp,4.803,4.661678571428571,5.085642857142857,5.085642857142857,2.0,2.942357455161953,5.884714910323906,2.0,4.803,0.0,1787297425.282,1.2820000648498535,,,,1.8,1,10,2.0,ok,1787292000,2026-08-21T06:00:00+00:00,0.0,1.18293198141107,2.833834263632453,1.5247776365946457,3.185535944898831,3.430420711974106,0.0,0.8157157693616609,1.6606448913988794,38.94845436793044,34.64022992519408,-0.591465990705535,0.0
3430,1787297425,2026-08-21T07:30:25+00:00,SSVUSDT,LONG,overheated_confirmed,tp,tp,2.803,2.72875,2.9515000000000002,2.958,2.0875420875420865,2.648947556189802,5.297895112379604,2.0,2.803,0.0,1787297426.355,1.3550000190734863,,,,7.8,1,7,2.0,ok,1787292000,2026-08-21T06:00:00+00:00,0.0,3.920776071139853,4.981625153123738,4.7560975609756095,5.226623111474076,5.918618988902595,0.0,2.0407847571052447,1.1441152834197519,207.0432521862444,189.95455701535744,-1.9603880355699266,0.0
3600,1787298745,2026-08-21T07:52:25+00:00,WIFUSDT,LONG,overheated_confirmed,ttl_expired,,0.1732,0.1732,0.1732,,,0.0,0.0,,0.1732,0.0,,,,,,,,,,ok,1787292000,2026-08-21T06:00:00+00:00,0.0,-0.5892751915144377,1.6877637130801668,2.3339317773788237,2.9500301023479927,3.888213851761857,0.0,1.1010441277434584,0.9466117837499135,-6.144048861284605,-162.90619828884996,0.2946375957572189,0.0
3601,1787298799,2026-08-21T07:53:19+00:00,ORDIUSDT,LONG,overheated_confirmed,ttl_expired,,4.41,4.41,4.41,,,0.0,0.0,,4.41,0.0,,,,,,,,,,ok,1787292000,2026-08-21T06:00:00+00:00,0.0,-1.3727315030246665,0.023596035865961436,2.794363506090279,2.8660138524002887,2.8660138524002887,0.0,1.3283485016789585,0.4767544588682077,-16.77694655251573,-113.67670725445672,0.6863657515123333,0.0
3602,1787298841,2026-08-21T07:54:01+00:00,FETUSDT,LONG,overheated_confirmed,ttl_expired,,0.151,0.151,0.151,,,0.0,0.0,,0.151,0.0,1787298866.092,25.092000007629395,,,,2.0,1,0,2.0,ok,1787292000,2026-08-21T06:00:00+00:00,0.0,0.5445881552076209,0.8879781420764997,1.500682128240095,2.338376891334241,2.544704264099043,0.0,0.6168195451447692,1.0398215044590007,111.52577532239829,141.73790270747332,-0.27229407760381047,0.0
3434,1787298865,2026-08-21T07:54:25+00:00,FETUSDT,LONG,overheated_confirmed,tp,tp,0.1504,0.14526785714285714,0.16066428571428573,0.16066428571428573,2.0,3.412329027355627,6.824658054711254,2.0,0.1504,0.0,1787298866.092,1.0920000076293945,,,,2.0,1,0,2.0,ok,1787292000,2026-08-21T06:00:00+00:00,0.0,0.5445881552076209,0.8879781420764997,1.500682128240095,2.338376891334241,2.544704264099043,0.0,0.6168195451447692,1.0398215044590007,111.52577532239829,141.73790270747332,-0.27229407760381047,0.0
3603,1787298874,2026-08-21T07:54:34+00:00,USELESSUSDT,LONG,overheated_confirmed,ttl_expired,,0.05337,0.05337,0.05337,,,0.0,0.0,,0.05337,0.0,,,,,,,,,,ok,1787292000,2026-08-21T06:00:00+00:00,0.0,1.8654494939472184,4.819277108433737,4.071399919775365,4.071399919775365,6.550308008213548,0.0,3.053052020745184,1.019258984960747,105.49782535093888,153.62470826254506,-0.9327247469736092,0.0
3436,1787298890,2026-08-21T07:54:50+00:00,COREUSDT,LONG,overheated_early,tp,tp,0.02501,0.023727500000000002,0.027575000000000002,0.02772,2.113060428849905,5.127948820471807,10.255897640943628,2.0000000000000027,0.02501,0.0,1787298889.232,0.7679998874664307,,15.8,56.3,,,,,ok,1787292000,2026-08-21T06:00:00+00:00,0.0,-0.807428340734755,-0.3245436105476541,1.5163934426229457,1.5163934426229457,2.3553719008264506,0.0,0.9825124224641272,0.1642451527121493,140.87561467515692,202.32018726200252,0.4037141703673775,0.0
3604,1787298910,2026-08-21T07:55:10+00:00,BRETTUSDT,LONG,overheated_confirmed,ttl_expired,,0.004921,0.004921,0.004921,,,0.0,0.0,,0.004921,0.0,,,,,,,,,,ok,1787292000,2026-08-21T06:00:00+00:00,0.0,-1.3411567476948831,3.0196936542669603,1.3809220310176322,3.3347769597228343,4.879120879120878,0.0,2.0371104729507588,2.7394831821802,8.034752798893823,-196.8097529410879,0.6705783738474416,0.0
3605,1787298927,2026-08-21T07:55:27+00:00,PYTHUSDT,LONG,overheated_confirmed,ttl_expired,,0.05023,0.05023,0.05023,,,0.0,0.0,,0.05023,0.0,,,,,,,,,,ok,1787292000,2026-08-21T06:00:00+00:00,0.0,2.985390641541396,7.183781401498471,3.2661717921527034,5.6869980464510475,7.768924302788843,0.0,0.7617253056020494,4.263400456069891,59.22379735068557,-153.98361248299352,-1.492695320770698,0.0
3606,1787298939,2026-08-21T07:55:39+00:00,BONKUSDT,LONG,overheated_confirmed,ttl_expired,,2.908e-06,2.908e-06,2.908e-06,,,0.0,0.0,,2.908e-06,0.0,,,,,,,,,,ok,1787292000,2026-08-21T06:00:00+00:00,0.0,2.2827687776141388,5.547112462006078,2.5046040515653787,4.9001130795326056,6.9561875480399715,0.0,0.5369236036712423,1.5756970076364807,-41.47181559250182,-405.9948925155787,-1.1413843888070694,0.0
3607,1787298954,2026-08-21T07:55:54+00:00,币安人生USDT,LONG,overheated_confirmed,ttl_expired,,0.52002,0.52002,0.52002,,,0.0,0.0,,0.52002,0.0,,,,,,,,,,ok,1787292000,2026-08-21T06:00:00+00:00,0.0,2.417064475194867,5.660494981609623,3.545522888432852,7.428643703360162,7.881199856051141,0.0,2.937036623913167,0.6939250482663776,-9.047420965058237,-182.85152119284868,-1.2085322375974334,0.0
3608,1787299001,2026-08-21T07:56:41+00:00,GALAUSDT,LONG,overheated_confirmed,ttl_expired,,0.00175,0.00175,0.00175,,,0.0,0.0,,0.00175,0.0,1787299049.324,48.323999881744385,,,,1.9,1,0,2.0,ok,1787292000,2026-08-21T06:00:00+00:00,0.0,-0.17996400719857117,1.7114914425427759,2.184466019417476,3.6307692307692325,3.6307692307692325,0.0,1.1393285219127491,1.3841738323062256,41.23408786121788,11.954457253571078,0.08998200359928558,0.0
3442,1787299013,2026-08-21T07:56:53+00:00,YBUSDT,LONG,overheated_early,tp,tp,0.0894,0.08608392857142856,0.09603214285714284,0.0965,2.1410877759827684,3.7092521572387382,7.418504314477461,1.9999999999999958,0.0894,0.0,1787299012.126,0.874000072479248,,15.1,68.6,,,,,ok,1787292000,2026-08-21T06:00:00+00:00,0.0,-0.11248593925759602,-3.1624863685932385,1.5837104072398172,6.78941311852703,8.285385500575371,0.0,2.3539499065810126,0.5092149095042908,-69.96104117327062,-28.07303289651005,0.05624296962879801,0.0
3443,1787299048,2026-08-21T07:57:28+00:00,GALAUSDT,LONG,overheated_confirmed,tp,tp,0.001752,0.0016681071428571428,0.0019197857142857146,0.001925,2.0621541081311165,4.788405088062628,9.576810176125257,2.0,0.001752,0.0,1787299049.324,1.3239998817443848,,,,1.9,1,0,2.0,ok,1787292000,2026-08-21T06:00:00+00:00,0.0,-0.17996400719857117,1.7114914425427759,2.184466019417476,3.6307692307692325,3.6307692307692325,0.0,1.1393285219127491,1.3841738323062256,41.23408786121788,11.954457253571078,0.08998200359928558,0.0
3448,1787299220,2026-08-21T08:00:20+00:00,BRETTUSDT,LONG,overheated_confirmed,tp,tp,0.004926,0.0047379107142857145,0.0053021785714285705,0.00546,2.8390771859869024,3.818296502523048,7.636593005046096,2.0,0.004926,0.0,1787299220.564,0.5639998912811279,,,,2.1,1,4,2.0,ok,1787295600,2026-08-21T07:00:00+00:00,0.0,4.630416312659291,5.685475219909883,4.796264855687599,4.907584448693423,8.218277449046669,0.0,2.9713702098084602,2.414320662999088,-2.890947321236357,-10.92570012013018,-2.3152081563296454,0.0
3449,1787299227,2026-08-21T08:00:27+00:00,ORDIUSDT,LONG,overheated_confirmed,sl,sl,4.495,4.321428571428571,4.842142857142858,4.313,-1.048559670781893,3.8614333386302317,7.7228666772604635,2.0,4.495,0.0,1787299227.598,0.5980000495910645,,,,2.3,1,6,2.0,ok,1787295600,2026-08-21T07:00:00+00:00,0.0,6.039160179287573,5.914231856738934,6.114258734655344,7.3561022211607305,7.3561022211607305,0.0,3.666631259132205,1.0934630963889405,129.1111970943222,145.88814364683793,-3.0195800896437865,0.0
3450,1787299228,2026-08-21T08:00:28+00:00,USELESSUSDT,LONG,overheated_confirmed,tp,tp,0.05527,0.05233,0.061149999999999996,0.06469,3.2040816326530623,5.319341414872441,10.638682829744882,2.0,0.05527,0.0,1787299229.475,1.4749999046325684,,,,2.6,1,5,2.0,ok,1787295600,2026-08-21T07:00:00+00:00,0.0,7.675823105396453,7.928139035344661,8.709297763828951,11.151223425591647,13.379705400981992,0.0,4.544870092712242,1.601837944767457,61.631075343767826,-43.866750007171056,-3.8379115526982264,0.0
3463,1787299975,2026-08-21T08:12:55+00:00,MINIMAXUSDT,LONG,ema_cross,sl,sl,44.23,42.710344827586205,47.26931034482758,42.09,-1.4082142046743784,3.435801882011739,6.871603764023478,2.0,44.23,0.0,1787299975.731,0.7309999465942383,0.442,,,,,,,ok,1787295600,2026-08-21T07:00:00+00:00,0.0,-1.7126334519573023,4.616477272727263,2.7418989349648784,4.628137232327879,7.754327721128755,0.0,2.9450708409867725,3.2776513258294013,15.724477127871268,44.83352393681196,0.8563167259786512,0.0
3623,1787299975,2026-08-21T08:12:55+00:00,MINIMAXUSDT,LONG,ema_cross_confirmed,ttl_expired,,44.23,44.23,44.23,,,0.0,0.0,,44.23,0.0,,,,,,,,,,ok,1787295600,2026-08-21T07:00:00+00:00,0.0,-1.7126334519573023,4.616477272727263,2.7418989349648784,4.628137232327879,7.754327721128755,0.0,2.9450708409867725,3.2776513258294013,15.724477127871268,44.83352393681196,0.8563167259786512,0.0
3464,1787300042,2026-08-21T08:14:02+00:00,GUAUSDT,SHORT,ema_cross,sl,sl,0.04239,0.0437203448275862,0.03972931034482758,0.0437203448275862,-1.0,3.138345901359295,6.276691802718607,2.0000000000000053,0.04239,0.0,1787300042.89,0.8900001049041748,0.208,,,,,,,ok,1787295600,2026-08-21T07:00:00+00:00,-0.0,0.35079513564077963,0.9990706319702598,1.1834319526627228,1.301775147928982,2.4852071005917047,0.0,0.8187925457328329,1.942676896441319,137.09621396318167,96.72566301242594,-0.17539756782038982,0.0
3624,1787300042,2026-08-21T08:14:02+00:00,GUAUSDT,SHORT,ema_cross_confirmed,ttl_expired,,0.04239,0.04239,0.04239,,,0.0,0.0,,0.04239,0.0,,,,,,,,,,ok,1787295600,2026-08-21T07:00:00+00:00,-0.0,0.35079513564077963,0.9990706319702598,1.1834319526627228,1.301775147928982,2.4852071005917047,0.0,0.8187925457328329,1.942676896441319,137.09621396318167,96.72566301242594,-0.17539756782038982,0.0
3465,1787300112,2026-08-21T08:15:12+00:00,VOLXUSDT,SHORT,ema_cross_confirmed,open,,16.107,17.254103448275863,13.812793103448271,,,7.121769716743429,14.243539433486857,2.0,16.107,0.0,1787300112.947,0.9470000267028809,,,,3.1,1,136,2.0,ok,1787295600,2026-08-21T07:00:00+00:00,-0.0,1.1103613275259028,1.2799314103741786,1.2406947890818814,4.21836228287841,4.21836228287841,0.0,0.7488563416574691,0.8692981156787688,-52.96142553406905,-3010.856162376174,-0.5551806637629514,0.0
3466,1787300128,2026-08-21T08:15:28+00:00,币安人生USDT,LONG,overheated_confirmed,tp,tp,0.5265,0.5012758928571428,0.5769482142857143,0.57737,2.01672153198117,4.790903540903545,9.58180708180709,2.0,0.5265,0.0,1787300129.134,1.1340000629425049,,,,1.8,1,19,2.0,ok,1787295600,2026-08-21T07:00:00+00:00,0.0,0.704073003323702,7.838594865530829,3.2502730070485444,5.658613893573367,10.082770592095528,0.0,1.880736479100632,1.0471461425883337,52.70981019894809,61.75723116400633,-0.352036501661851,0.0
3467,1787300166,2026-08-21T08:16:06+00:00,STABLEUSDT,LONG,ema_cross,sl,sl,0.03215,0.030827241379310342,0.03479551724137931,0.03081,-1.0130344108446272,4.114334745535478,8.228669491070956,2.0,0.03215,0.0,1787300166.937,0.937000036239624,0.673,,,,,,,ok,1787295600,2026-08-21T07:00:00+00:00,0.0,3.624118024374596,4.4616876818622675,4.885888781742207,5.4281098546042035,6.599150604377659,0.0,1.8235894543720794,1.9434586792555213,1465.3846153846152,1533.1410979099817,-1.812059012187298,0.0
3631,1787300166,2026-08-21T08:16:06+00:00,STABLEUSDT,LONG,ema_cross_confirmed,ttl_expired,,0.03215,0.03215,0.03215,,,0.0,0.0,,0.03215,0.0,,,,,,,,,,ok,1787295600,2026-08-21T07:00:00+00:00,0.0,3.624118024374596,4.4616876818622675,4.885888781742207,5.4281098546042035,6.599150604377659,0.0,1.8235894543720794,1.9434586792555213,1465.3846153846152,1533.1410979099817,-1.812059012187298,0.0
3468,1787300209,2026-08-21T08:16:49+00:00,COWUSDT,LONG,ema_cross,tp,tp,0.1144,0.11034137931034482,0.12251724137931035,0.1228,2.069668649107899,3.5477453580901916,7.095490716180371,1.9999999999999967,0.1144,0.0,1787300209.515,0.5150001049041748,0.316,,,,,,,ok,1787295600,2026-08-21T07:00:00+00:00,0.0,0.35118525021948865,0.2631578947368375,1.055408970976259,1.495162708883032,3.022222222222222,0.0,0.5326549746744528,0.7024136949924128,-7.5287948309766834,39.88860632122185,-0.17559262510974433,0.0
3632,1787300209,2026-08-21T08:16:49+00:00,COWUSDT,LONG,ema_cross_confirmed,ttl_expired,,0.1144,0.1144,0.1144,,,0.0,0.0,,0.1144,0.0,1787300251.607,42.60700011253357,,,,2.2,1,0,2.0,ok,1787295600,2026-08-21T07:00:00+00:00,0.0,0.35118525021948865,0.2631578947368375,1.055408970976259,1.495162708883032,3.022222222222222,0.0,0.5326549746744528,0.7024136949924128,-7.5287948309766834,39.88860632122185,-0.17559262510974433,0.0
3470,1787300251,2026-08-21T08:17:31+00:00,COWUSDT,LONG,ema_cross_confirmed,tp,tp,0.1147,0.10861206896551724,0.1268758620689655,0.1268758620689655,2.0,5.307699245407807,10.615398490815615,2.0,0.1147,0.0,1787300251.607,0.6070001125335693,,,,2.2,1,0,2.0,ok,1787295600,2026-08-21T07:00:00+00:00,0.0,0.35118525021948865,0.2631578947368375,1.055408970976259,1.495162708883032,3.022222222222222,0.0,0.5326549746744528,0.7024136949924128,-7.5287948309766834,39.88860632122185,-0.17559262510974433,0.0
3473,1787300972,2026-08-21T08:29:32+00:00,ASTEROIDUSDT,LONG,overheated_confirmed,sl,sl,7.51e-05,6.886964285714285e-05,8.756071428571428e-05,6.85e-05,-1.0593293207222694,8.296081415255852,16.592162830511704,2.0,7.51e-05,0.0,1787300972.713,0.7130000591278076,,,,5.8,1,0,2.0,ok,1787295600,2026-08-21T07:00:00+00:00,0.0,2.725968436154958,5.449189985272473,5.747126436781612,8.714918759231896,11.346444780635412,0.0,2.336123316725047,1.7685104998492844,303.48441184176056,359.219074952047,-1.362984218077479,0.0
3476,1787301093,2026-08-21T08:31:33+00:00,BERAUSDT,LONG,overheated_confirmed,sl,sl,0.192,0.18623035714285716,0.2035392857142857,0.1857,-1.0919220055710324,3.0050223214285667,6.0100446428571335,2.0,0.192,0.0,1787301093.895,0.8949999809265137,,,,3.5,1,0,2.0,ok,1787295600,2026-08-21T07:00:00+00:00,0.0,1.8296169239565514,1.3083048919226372,2.0594965675057164,3.9021549213744975,3.9021549213744975,0.0,1.5975466028245038,0.5969459362533925,-0.6689456002829021,4.633281335029929,-0.9148084619782757,0.0
3478,1787301154,2026-08-21T08:32:34+00:00,XRPUSDT,LONG,overheated_confirmed,tp,tp,1.3529,1.3112107142857143,1.4362785714285713,1.4546,2.439475713184273,3.0814757716228587,6.162951543245717,2.0,1.3529,0.0,1787301154.824,0.8239998817443848,,,,1.6,1,0,2.0,ok,1787295600,2026-08-21T07:00:00+00:00,0.0,1.2093668155908217,-0.01521954189178738,1.8498535532603513,1.9520098757811803,1.9520098757811803,0.0,1.0768189338758187,0.6579019659929211,-6.68694670701237,-34.00508134991411,-0.6046834077954109,0.0
3481,1787301906,2026-08-21T08:45:06+00:00,PEOPLEUSDT,LONG,overheated_confirmed,sl,sl,0.012361,0.011752214285714286,0.01357857142857143,0.011752214285714286,-1.0,4.92505229581518,9.85010459163036,2.0,0.012361,0.0,1787301906.976,0.9760000705718994,,,,2.1,1,15,2.0,ok,1787295600,2026-08-21T07:00:00+00:00,0.0,6.433604832067361,8.025264722273826,7.482619831686783,10.018726591760299,11.31110269041304,0.0,3.306074948941074,1.2454449303988981,79.83900434906602,56.097695674007156,-3.2168024160336803,0.0
3482,1787301910,2026-08-21T08:45:10+00:00,PTBUSDT,LONG,ema_cross_confirmed,tp,tp,0.0008975,0.0008530275862068965,0.000986444827586207,0.000986444827586207,2.000000000000002,4.955143598117377,9.910287196234764,2.000000000000002,0.0008975,0.0,1787301911.345,1.3450000286102295,,,,3.4,1,167,2.0,ok,1787295600,2026-08-21T07:00:00+00:00,0.0,-0.39023302486340977,-1.3362782992821554,0.8851540616246533,1.691876750700291,2.162464985994408,0.0,0.6445843205156918,0.47988242244348067,-40.277849506791306,-123.28144096290623,0.19511651243170489,0.0
3484,1787302804,2026-08-21T09:00:04+00:00,ENAUSDT,LONG,overheated_confirmed,sl,sl,0.14177,0.13679428571428573,0.1492335714285714,0.13674,-1.0109101349411456,3.509708884611891,5.264563326917826,1.4999999999999971,0.14177,0.0,1787302804.851,0.8510000705718994,,,,2.1,2,133,1.5,ok,1787299200,2026-08-21T08:00:00+00:00,0.0,8.171829696322293,8.527903238153572,10.552418739508607,11.944680522290044,15.625249381533784,0.0,4.477797281816517,3.278134737112859,19.43631810615048,-58.06180762013058,-4.0859148481611465,0.0
3485,1787302805,2026-08-21T09:00:05+00:00,TURBOUSDT,LONG,overheated_confirmed,sl,sl,0.0010584,0.001031180357142857,0.0010992294642857142,0.0010264,-1.1756215967985237,2.571772756721744,3.8576591350826055,1.499999999999996,0.0010584,0.0,1787302806.026,1.0260000228881836,,,,2.6,2,131,1.5,ok,1787299200,2026-08-21T08:00:00+00:00,0.0,5.481363364560487,9.45191313340227,6.964573268921089,10.604641481944014,13.960969333047396,0.0,2.747304763844173,2.3771919036855786,101.49240855762596,140.74405932798547,-2.7406816822802433,0.0
3486,1787302808,2026-08-21T09:00:08+00:00,STXUSDT,LONG,overheated_confirmed,sl,sl,0.1636,0.15926607142857144,0.1722678571428571,0.1587,-1.1306139266584267,2.6491005937827374,5.298201187565475,2.0,0.1636,0.0,1787302809.139,1.1389999389648438,,,,2.0,1,135,2.0,ok,1787299200,2026-08-21T08:00:00+00:00,0.0,3.2176656151419514,4.4699872286079225,3.9265357821405846,4.588910133843202,6.766428106701361,0.0,1.4806242150800404,1.5056483923869979,24.202036098952444,-28.0879687694144,-1.6088328075709757,0.0
3487,1787302812,2026-08-21T09:00:12+00:00,JELLYJELLYUSDT,LONG,ema_cross_confirmed,sl,sl,0.06021,0.058765862068965516,0.06309827586206897,0.058765862068965516,-1.0,2.398501795440099,4.797003590880198,2.0,0.06021,0.0,1787302812.406,0.40599989891052246,,,,3.0,1,182,2.0,ok,1787299200,2026-08-21T08:00:00+00:00,0.0,1.5688259109311746,1.8954137755965526,1.874366767983789,2.5497195308516085,2.9170931422722677,0.0,1.092582911445339,3.1038344503059134,134.45004198152813,183.6676260859071,-0.7844129554655873,0.0
3488,1787302815,2026-08-21T09:00:15+00:00,币安人生USDT,LONG,ema_cross_confirmed,sl,sl,0.5652,0.5387136206896552,0.5916863793103448,0.5387136206896552,-1.0,4.686195914781459,4.686195914781459,1.0,0.5652,0.0,1787302815.034,0.03399991989135742,,,,3.9,3,181,1.0,ok,1787299200,2026-08-21T08:00:00+00:00,0.0,10.379845718191588,13.843736781678654,11.322343174876664,12.89387471458354,19.859606222859313,0.0,4.883154043196393,3.1120577295991354,205.40581012279125,152.69599992384315,-5.189922859095794,0.0
3489,1787302816,2026-08-21T09:00:16+00:00,GALAUSDT,LONG,ema_cross_confirmed,sl,sl,0.001913,0.001830551724137931,0.001995448275862069,0.001830551724137931,-1.0,4.309894190385208,4.309894190385196,0.9999999999999973,0.001913,0.0,1787302816.364,0.3640000820159912,,,,1.7,3,179,1.0,ok,1787299200,2026-08-21T08:00:00+00:00,0.0,7.471910112359556,14.757048590281938,10.937500000000009,15.55153707052441,17.96923076923078,0.0,4.136120047975055,6.009151186002842,213.16942582988935,158.3795404182312,-3.735955056179778,0.0
3490,1787302818,2026-08-21T09:00:18+00:00,EIGENUSDT,LONG,overheated_confirmed,sl,sl,0.2135,0.2063375,0.22782499999999997,0.2063375,-1.0,3.3548009367681444,6.709601873536289,2.0,0.2135,0.0,1787302819.381,1.38100004196167,,,,2.0,1,163,2.0,ok,1787299200,2026-08-21T08:00:00+00:00,0.0,1.3770180436847035,2.644230769230772,2.380952380952383,3.0186871106851942,6.435643564356427,0.0,0.5463764335850878,1.5389795798637476,7.034513854152722,15.564018490733703,-0.6885090218423517,0.0
3491,1787302824,2026-08-21T09:00:24+00:00,ENSUSDT,LONG,overheated_confirmed,sl,sl,5.118,4.976678571428572,5.329982142857143,4.976678571428572,-1.0,2.7612627700552674,4.141894155082902,1.5,5.118,0.0,1787302824.988,0.9879999160766602,,,,2.2,2,100,1.5,ok,1787299200,2026-08-21T08:00:00+00:00,0.0,6.270764119601339,8.111533586818766,6.430201203069913,7.545587927059323,10.439087386999576,0.0,3.032348307263983,2.4189219315731663,25.04189126440959,-6.303569066519557,-3.1353820598006696,0.0
3492,1787302828,2026-08-21T09:00:28+00:00,FETUSDT,LONG,overheated_confirmed,sl,sl,0.1619,0.15676785714285713,0.16959821428571428,0.15676785714285713,-1.0,3.1699461748875004,4.754919262331251,1.5,0.1619,0.0,1787302828.649,0.6489999294281006,,,,3.9,2,66,1.5,ok,1787299200,2026-08-21T08:00:00+00:00,0.0,7.005948446794448,10.211027910142946,7.952286282306151,10.440677966101694,12.035763411279222,0.0,3.1965724692072555,3.5047538856994573,85.3262021077482,-13.101481552250235,-3.502974223397224,0.0
3493,1787303040,2026-08-21T09:04:00+00:00,BTWUSDT,LONG,overheated_early,open,,0.44905,0.33336994642857143,0.6804101071428572,,,25.76106303784179,51.5221260756836,2.0000000000000004,0.44905,0.0,1787303038.891,1.1089999675750732,,21.2,60.3,,,,,ok,1787299200,2026-08-21T08:00:00+00:00,0.0,-6.652235157641795,2.5326737899776113,13.019090909090911,19.699090909090916,28.334547616552918,0.0,6.869809670599115,1.0307291529452969,-27.159228302581084,-41.41148055483333,3.3261175788208974,0.0
3498,1787303315,2026-08-21T09:08:35+00:00,BBUSDT,LONG,overheated_confirmed,tp,tp,0.01077,0.009963214285714285,0.01238357142857143,0.01242,2.0451527224435586,7.49104655789893,14.98209311579786,2.0,0.01077,0.0,1787303315.806,0.8059999942779541,,,,2.8,1,0,2.0,ok,1787299200,2026-08-21T08:00:00+00:00,0.0,10.122699386503063,9.340101522842648,13.125000000000009,13.125000000000009,13.125000000000009,0.0,5.800206391839377,4.787911832235415,1058.4624587819897,1122.729478583247,-5.061349693251532,0.0
3501,1787303711,2026-08-21T09:15:11+00:00,GWEIUSDT,LONG,ema_cross_confirmed,sl,sl,0.024328,0.022618206896551724,0.02774758620689655,0.022618206896551724,-1.0,7.028087403190872,14.056174806381744,2.0,0.024328,0.0,1787303711.577,0.5769999027252197,,,,1.6,1,197,2.0,ok,1787299200,2026-08-21T08:00:00+00:00,0.0,-3.0333266813011384,0.42576058201057754,5.743961957201851,5.7981896300004125,10.09793988517392,0.0,2.8977610215851937,1.540412296202349,74.83467596489119,90.94038861745835,1.5166633406505692,0.0
3502,1787303714,2026-08-21T09:15:14+00:00,HEMIUSDT,LONG,overheated_confirmed,tp,tp,0.011241,0.009957160714285714,0.01380867857142857,0.01406,2.195757702204604,11.421041595180908,22.842083190361816,2.0,0.011241,0.0,1787303715.361,1.3610000610351562,,,,1.8,1,149,2.0,ok,1787299200,2026-08-21T08:00:00+00:00,0.0,1.2757426644796905,0.24352845675115886,3.809523809523823,7.7838742676462305,10.160631118714939,0.0,1.0474572245940814,0.7483317359883014,-38.66904433816973,-64.1266590469234,-0.6378713322398453,0.0
3520,1787304635,2026-08-21T09:30:35+00:00,BBUSDT,LONG,overheated_confirmed,sl,sl,0.01374,0.012933214285714286,0.014546785714285715,0.01267,-1.3262505533421858,5.871802869619467,5.871802869619467,1.0,0.01374,0.0,1787304636.189,1.188999891281128,,,,6.5,3,22,1.0,ok,1787299200,2026-08-21T08:00:00+00:00,0.0,10.122699386503063,9.340101522842648,13.125000000000009,13.125000000000009,13.125000000000009,0.0,5.800206391839377,4.787911832235415,1058.4624587819897,1122.729478583247,-5.061349693251532,0.0
3668,1787305094,2026-08-21T09:38:14+00:00,ONEUSDT,LONG,overheated_confirmed,ttl_expired,,0.000799,0.000799,0.000799,,,0.0,0.0,,0.000799,0.0,,,,,,,,,,ok,1787299200,2026-08-21T08:00:00+00:00,0.0,2.6143790849673274,5.795148247978431,3.0026109660574436,5.340453938584779,8.082191780821923,0.0,0.8459398985700904,2.744068503913961,60.77045478256512,85.09735472717668,-1.3071895424836637,0.0
3523,1787305130,2026-08-21T09:38:50+00:00,ASTEROIDUSDT,LONG,overheated_early,sl,sl,7.44e-05,6.816964285714286e-05,8.68607142857143e-05,6.816964285714286e-05,-1.0,8.37413594470046,16.74827188940092,2.0,7.44e-05,0.0,1787305128.739,1.2609999179840088,,15.2,60.1,,,,,ok,1787299200,2026-08-21T08:00:00+00:00,0.0,10.335195530726242,17.384843982169393,11.9549929676512,14.367816091954023,20.423600605143726,0.0,3.911754278063562,8.72885992903845,429.1409648724109,125.65655303065034,-5.167597765363121,0.0
3669,1787305191,2026-08-21T09:39:51+00:00,PIEVERSEUSDT,LONG,overheated_confirmed,ttl_expired,,1.0817,1.0817,1.0817,,,0.0,0.0,,1.0817,0.0,,,,,,,,,,ok,1787299200,2026-08-21T08:00:00+00:00,0.0,9.527695603386734,10.372121710526326,13.779325888740916,14.648497986992878,14.648497986992878,0.0,5.036954925861186,6.367102952714231,797.346251053075,775.7896714319793,-4.763847801693367,0.0
3525,1787305258,2026-08-21T09:40:58+00:00,SPKUSDT,LONG,overheated_early,sl,sl,0.01761,0.016961785714285714,0.018906428571428574,0.0169,-1.0953168044077155,3.680944268678516,7.361888537357032,2.0,0.01761,0.0,1787305257.102,0.8980000019073486,,19.3,69.5,,,,,ok,1787299200,2026-08-21T08:00:00+00:00,0.0,5.510440835266839,0.05500550055005276,6.852497096399539,8.94020130254589,18.378378378378358,0.0,5.928912842337195,3.289481258440897,-24.18972977385909,34.70348453582612,-2.7552204176334194,0.0
3533,1787305535,2026-08-21T09:45:35+00:00,PIEVERSEUSDT,LONG,overheated_confirmed,sl,sl,1.1008,1.0347089285714286,1.2329821428571428,1.0347089285714286,-1.0,6.003912738787373,12.007825477574746,2.0,1.1008,0.0,1787305535.993,0.9930000305175781,,,,2.1,1,5,2.0,ok,1787299200,2026-08-21T08:00:00+00:00,0.0,9.527695603386734,10.372121710526326,13.779325888740916,14.648497986992878,14.648497986992878,0.0,5.036954925861186,6.367102952714231,797.346251053075,775.7896714319793,-4.763847801693367,0.0
3534,1787305536,2026-08-21T09:45:36+00:00,IMXUSDT,LONG,overheated_confirmed,sl,sl,0.1247,0.1202107142857143,0.13367857142857142,0.1177,-1.5592680986475767,3.600068736395918,7.200137472791836,2.0,0.1247,0.0,1787305537.081,1.0810000896453857,,,,4.8,1,2,2.0,ok,1787299200,2026-08-21T08:00:00+00:00,0.0,3.388357949609037,5.966162065894922,3.642671292281002,5.845881310894592,7.271095152603229,0.0,1.3202904941239164,1.0756705295295623,50.814692074012704,11.30400049242919,-1.6941789748045184,0.0
3691,1787307149,2026-08-21T10:12:29+00:00,ROBOUSDT,LONG,overheated_confirmed,ttl_expired,,0.0152,0.0152,0.0152,,,0.0,0.0,,0.0152,0.0,,,,,,,,,,ok,1787302800,2026-08-21T09:00:00+00:00,0.0,-1.0781671159029678,11.296436694465504,5.314009661835748,14.650638617580755,17.29438893159107,0.0,5.902266281912524,2.057555888371507,12.85900883595851,-179.37648604458755,0.5390835579514839,0.0
3551,1787308214,2026-08-21T10:30:14+00:00,XPLUSDT,LONG,overheated_confirmed,sl,sl,0.1056,0.10218964285714285,0.10901035714285714,0.10218964285714285,-1.0,3.2295048701298725,3.2295048701298725,1.0,0.1056,0.0,1787308215.415,1.4149999618530273,,,,1.8,3,192,1.0,ok,1787302800,2026-08-21T09:00:00+00:00,0.0,0.7094324540367729,8.236683848797261,7.491344035253376,7.491344035253376,10.125765881973555,0.0,1.6891797191324636,4.3579516022818074,110.58690873256518,20.934276964455492,-0.35471622701838645,0.0
3565,1787309305,2026-08-21T10:48:25+00:00,VELVETUSDT,LONG,overheated_confirmed,sl,sl,0.77171,0.6621130357142857,0.9909039285714286,0.66131,-1.0073271711449259,14.201832849867735,28.40366569973547,2.0,0.77171,0.0,1787309305.905,0.9049999713897705,,,,2.3,1,0,2.0,ok,1787302800,2026-08-21T09:00:00+00:00,0.0,1.2101676704272362,5.725636140770601,4.246050185873596,6.964057436751189,8.87372530032983,0.0,0.939205512029518,1.553596104494308,-36.12012987012987,-365.38842255305667,-0.6050838352136181,0.0
3571,1787309366,2026-08-21T10:49:26+00:00,RIVERUSDT,LONG,overheated_confirmed,sl,sl,3.139,3.0104285714285712,3.396142857142857,2.961,-1.3844444444444441,4.09593592135803,8.19187184271606,2.0,3.139,0.0,1787309366.883,0.8829998970031738,,,,2.7,1,0,2.0,ok,1787302800,2026-08-21T09:00:00+00:00,0.0,2.954159592529718,8.247054623348799,5.496756572208946,8.802816901408452,10.871905274488695,0.0,0.8743713466139568,4.119702415781995,98.59767891682786,101.3258068566209,-1.477079796264859,0.0
3575,1787310020,2026-08-21T11:00:20+00:00,PUMPUSDT,LONG,overheated_confirmed,sl,sl,0.004098,0.0038494821428571428,0.004470776785714286,0.0038494821428571428,-1.0,6.064369378791052,9.096554068186583,1.5000000000000009,0.004098,0.0,1787310021.19,1.190000057220459,,,,3.6,2,115,1.5,ok,1787306400,2026-08-21T10:00:00+00:00,0.0,6.275933609958508,5.130836326321193,9.368475991649278,10.990466101694928,10.990466101694928,0.0,3.8766551990360933,2.4178043141042527,86.14981918871074,3.079293463487147,-3.137966804979254,0.0
3580,1787310918,2026-08-21T11:15:18+00:00,PENGUUSDT,LONG,overheated_confirmed,tp,tp,0.007863,0.00759225,0.0084045,0.008904,3.8448753462603866,3.443342235787869,6.886684471575738,2.0,0.007863,0.0,1787310919.52,1.5199999809265137,,,,1.6,1,162,2.0,ok,1787306400,2026-08-21T10:00:00+00:00,0.0,3.747690683557661,3.0406290956749618,4.608661104489463,8.353909465020578,8.353909465020578,0.0,2.913540229404187,1.573202500868357,-23.341325811001408,-156.77335834881475,-1.8738453417788306,0.0
3588,1787311575,2026-08-21T11:26:15+00:00,MVLLUSDT,LONG,overheated_early,sl,sl,35.22,32.355,40.95,32.355,-1.0,8.134582623509376,16.26916524701875,2.0,35.22,0.0,1787311573.74,1.2599999904632568,,17.0,64.1,,,,,ok,1787306400,2026-08-21T10:00:00+00:00,0.0,0.05667327854917293,-0.2824060999717434,1.0233086981239325,2.5981524249422594,4.188635032220269,0.0,1.116914305358078,0.3549203651595069,5.402765253982567,83.68818117278947,-0.028336639274586465,0.0
3592,1787311650,2026-08-21T11:27:30+00:00,USUALUSDT,LONG,overheated_confirmed,sl,sl,0.01181,0.011515892857142856,0.012398214285714285,0.011515892857142856,-1.0,2.4903229708479495,4.980645941695899,2.0,0.01181,0.0,1787311650.942,0.9419999122619629,,,,1.8,1,0,2.0,ok,1787306400,2026-08-21T10:00:00+00:00,0.0,8.207547169811313,13.45202769535114,14.583333333333332,19.094488188976367,20.158887785501474,0.0,3.323973120576287,313.64858469008516,4513.78731988584,4395.562989293388,-4.103773584905657,0.0
3594,1787311772,2026-08-21T11:29:32+00:00,XPLUSDT,LONG,overheated_confirmed,sl,sl,0.10553,0.10198517857142857,0.11261964285714286,0.10188,-1.029671049317414,3.3590651270457994,6.718130254091599,2.0,0.10553,0.0,1787311772.96,0.9600000381469727,,,,1.6,1,0,2.0,ok,1787306400,2026-08-21T10:00:00+00:00,0.0,4.266296259549557,9.116394974561308,5.203687184061854,11.36292099464903,14.092228313447272,0.0,1.9138055420721907,5.144796619011513,37.006006884294365,-73.58090184827081,-2.1331481297747783,0.0
3595,1787311804,2026-08-21T11:30:04+00:00,WIFUSDT,LONG,overheated_confirmed,sl,sl,0.1891,0.18405357142857143,0.19919285714285712,0.1838,-1.0502476999292303,2.668656039888188,5.337312079776376,2.0,0.1891,0.0,1787311804.926,0.9260001182556152,,,,1.5,1,217,2.0,ok,1787306400,2026-08-21T10:00:00+00:00,0.0,2.3968784838350046,4.67236467236468,4.296212549462971,7.7057793345008685,9.56057007125891,0.0,1.1420373479789745,1.1653007450844477,-28.38974084651051,-98.80543292235146,-1.1984392419175023,0.0
3596,1787311823,2026-08-21T11:30:23+00:00,STXUSDT,LONG,overheated_confirmed,tp,tp,0.1663,0.1616607142857143,0.17557857142857142,0.1762,2.133949191685914,2.789708787904815,5.57941757580963,2.0,0.1663,0.0,1787311823.589,0.5889999866485596,,,,1.9,1,41,2.0,ok,1787306400,2026-08-21T10:00:00+00:00,0.0,1.9975031210986145,3.0914826498422636,3.0264817150063044,4.209183673469385,4.65561224489796,0.0,2.7624386109123646,3.1537065006986262,-39.330594508123205,-381.5819870268001,-0.9987515605493072,0.0
3597,1787311828,2026-08-21T11:30:28+00:00,JASMYUSDT,LONG,overheated_confirmed,tp,tp,0.004359,0.004212857142857143,0.004651285714285714,0.004658,2.0459433040078228,3.3526693540458097,6.705338708091619,2.0,0.004359,0.0,1787311829.233,1.2330000400543213,,,,2.9,1,6,2.0,ok,1787306400,2026-08-21T10:00:00+00:00,0.0,1.5903156895324049,3.7072934334868033,1.8078020932445211,3.1325301204819254,4.619897335614763,0.0,2.0244325908842784,0.32427611613095864,-71.39509762526656,-20.0450559204331,-0.7951578447662024,0.0
3598,1787312731,2026-08-21T11:45:31+00:00,YGGUSDT,LONG,overheated_confirmed,sl,sl,0.02431,0.02364410714285714,0.025641785714285714,0.02364410714285714,-1.0,2.739172592113772,5.478345184227544,2.0,0.02431,0.0,1787312731.611,0.6110000610351562,,,,2.1,1,18,2.0,ok,1787306400,2026-08-21T10:00:00+00:00,0.0,3.7444933920704844,6.948228882833788,4.403346543372952,6.705670567056698,9.870250231696016,0.0,1.9992427992456676,4.3159968500860595,33.21608974874331,-90.98457762516557,-1.8722466960352422,0.0
3599,1787312732,2026-08-21T11:45:32+00:00,SSVUSDT,LONG,overheated_confirmed,sl,sl,2.899,2.797214285714286,3.1025714285714283,2.797214285714286,-1.0,3.511062928103282,7.022125856206564,2.0,2.899,0.0,1787312732.693,0.693000078201294,,,,2.6,1,17,2.0,ok,1787306400,2026-08-21T10:00:00+00:00,0.0,0.9762900976290108,-1.5635622025832856,3.4042553191489398,5.156869816083656,17.73437499999999,0.0,1.9962685086905712,1.241035873618353,-34.23271133811196,0.12046965309613711,-0.4881450488145054,0.0
3613,1787313621,2026-08-21T12:00:21+00:00,BCHUSDT,LONG,overheated_confirmed,tp,tp,263.34,256.5433928571428,276.9332142857143,292.51,4.291847297758847,2.580924714383371,5.161849428766742,2.0,263.34,0.0,1787313621.438,0.437999963760376,,,,1.8,1,71,2.0,ok,1787310000,2026-08-21T11:00:00+00:00,0.0,0.7190392411841183,-1.037204058624595,2.2761525679174723,2.2761525679174723,5.537918871252192,0.0,1.224815036154145,0.9076991195612829,17.11541198590716,80.21341875287433,-0.35951962059205916,0.0
3614,1787313624,2026-08-21T12:00:24+00:00,HEMIUSDT,LONG,overheated_confirmed,sl,sl,0.014375,0.013085642857142858,0.016953714285714287,0.012876,-1.1625948700903004,8.969440993788817,17.938881987577645,2.0000000000000013,0.014375,0.0,1787313624.461,0.4609999656677246,,,,6.6,1,66,2.0,ok,1787310000,2026-08-21T11:00:00+00:00,0.0,27.054976135761017,29.341371243476694,38.225880201188836,38.225880201188836,48.38994698605929,0.0,13.334530435411661,4.9296059287085,597.785147835332,658.45718572932,-13.527488067880508,0.0
3615,1787313625,2026-08-21T12:00:25+00:00,PLUMEUSDT,LONG,overheated_confirmed,sl,sl,0.015035,0.014366107142857142,0.016372785714285715,0.014355,-1.0166052645629768,4.44890493610148,8.89780987220296,2.0,0.015035,0.0,1787313625.571,0.5710000991821289,,,,1.8,1,66,2.0,ok,1787310000,2026-08-21T11:00:00+00:00,0.0,0.053237505822847725,3.689655172413786,2.4878312601406183,5.2777777777777795,8.247054623348802,0.0,2.645484585479212,2.2059365147325676,48.74813323417557,102.28420470287992,-0.026618752911423862,0.0
3616,1787313626,2026-08-21T12:00:26+00:00,CRVUSDT,LONG,overheated_confirmed,tp,tp,0.3239,0.31058214285714286,0.35053571428571434,0.35053571428571434,2.0,4.111718784457289,8.223437568914578,2.0,0.3239,0.0,1787313626.944,0.9440000057220459,,,,2.2,1,66,2.0,ok,1787310000,2026-08-21T11:00:00+00:00,0.0,1.3771517996870157,2.1122320302648294,2.7901077996195225,3.9322250639386116,5.108309085030708,0.0,1.0436751831170183,0.7743684634410282,116.34943838958162,174.06084621737375,-0.6885758998435079,0.0
3618,1787313697,2026-08-21T12:01:37+00:00,EDGEXUSDT,LONG,overheated_early,sl,sl,0.3778,0.35631250000000003,0.420775,0.3556,-1.0331588132635254,5.687533086289039,11.375066172578078,2.0,0.3778,0.0,1787313696.617,0.38299989700317383,,16.2,68.5,,,,,ok,1787310000,2026-08-21T11:00:00+00:00,0.0,5.276312135517917,6.548622821810001,5.435385468663341,8.566533409480288,11.364967779730522,0.0,3.0368636079112554,2.8111814959028303,163.63636363636365,203.69908413812766,-2.6381560677589584,0.0
3627,1787314510,2026-08-21T12:15:10+00:00,PIEVERSEUSDT,LONG,overheated_confirmed,sl,sl,1.1811,1.1150089285714286,1.2802366071428573,1.1007,-1.2165032017508317,5.5957219057295235,8.393582858594293,1.5000000000000018,1.1811,0.0,1787314511.386,1.3859999179840088,,,,2.1,2,155,1.5,ok,1787310000,2026-08-21T11:00:00+00:00,0.0,-5.987480722126468,-3.4832821085964514,12.372281234193219,17.096611026808286,18.584161458866923,0.0,6.141015804832032,6.448669001290187,43.61762015340229,63.639006314305014,2.993740361063234,0.0
3629,1787314512,2026-08-21T12:15:12+00:00,ROBOUSDT,LONG,overheated_confirmed,tp,tp,0.01609,0.015083392857142858,0.018103214285714285,0.01816,2.0564129856306543,6.256104057533514,12.512208115067027,2.0,0.01609,0.0,1787314513.188,1.187999963760376,,,,2.1,1,122,2.0,ok,1787310000,2026-08-21T11:00:00+00:00,0.0,-0.9096816114359942,2.7628032345013405,2.047556142668425,5.926430517711166,16.829451540195333,0.0,3.3047662365212367,0.575837589540972,-40.75562488432964,7.744572547692471,0.4548408057179971,0.0
3633,1787314724,2026-08-21T12:18:44+00:00,ROBOUSDT,LONG,ema_cross,tp,tp,0.01533,0.014604827586206896,0.016780344827586207,0.01736,2.7993342843556825,4.730413658141576,9.460827316283153,2.0,0.01533,0.0,1787314724.234,0.23399996757507324,0.61,,,,,,,ok,1787310000,2026-08-21T11:00:00+00:00,0.0,-0.9096816114359942,2.7628032345013405,2.047556142668425,5.926430517711166,16.829451540195333,0.0,3.3047662365212367,0.575837589540972,-40.75562488432964,7.744572547692471,0.4548408057179971,0.0
3634,1787314724,2026-08-21T12:18:44+00:00,SLXUSDT,LONG,ema_cross,sl,sl,0.07162,0.06969103448275862,0.07547793103448276,0.06969,-1.0005362888809444,2.6933335901164193,5.3866671802328385,2.0,0.07162,0.0,1787314725.011,1.0109999179840088,0.597,,,,,,,ok,1787310000,2026-08-21T11:00:00+00:00,0.0,1.1435832274459852,0.9582863585118377,2.3001561834445496,3.134841110793011,5.397893504973666,0.0,1.55592508871972,1.9086754831382264,66.4997309714002,120.26654625680558,-0.5717916137229926,0.0
3635,1787314747,2026-08-21T12:19:07+00:00,OPENUSDT,LONG,ema_cross,tp,tp,0.1733,0.16929310344827586,0.18131379310344828,0.1816,2.0714285714285663,2.3121157251726188,4.624231450345221,1.9999999999999931,0.1733,0.0,1787314747.312,0.312000036239624,0.574,,,,,,,ok,1787310000,2026-08-21T11:00:00+00:00,0.0,1.3481828839390366,0.64027939464493,2.061248527679625,2.061248527679625,3.8968824940047995,0.0,1.1085157371484529,1.735651952353653,60.81208687440982,103.5378846029117,-0.6740914419695183,0.0
3636,1787314768,2026-08-21T12:19:28+00:00,ROBOUSDT,LONG,ema_cross_confirmed,sl,sl,0.01609,0.015002241379310345,0.01826551724137931,0.01471,-1.2686638135996187,6.760463770600716,13.520927541201432,2.0,0.01609,0.0,1787314768.513,0.5130000114440918,,,,2.1,1,0,2.0,ok,1787310000,2026-08-21T11:00:00+00:00,0.0,-0.9096816114359942,2.7628032345013405,2.047556142668425,5.926430517711166,16.829451540195333,0.0,3.3047662365212367,0.575837589540972,-40.75562488432964,7.744572547692471,0.4548408057179971,0.0
3637,1787314769,2026-08-21T12:19:29+00:00,SLXUSDT,LONG,ema_cross_confirmed,sl,sl,0.07292,0.07002655172413792,0.07870689655172415,0.07001,-1.005720414730064,3.967976242268344,7.935952484536688,2.0,0.07292,0.0,1787314769.208,0.20799994468688965,,,,2.5,1,0,2.0,ok,1787310000,2026-08-21T11:00:00+00:00,0.0,1.1435832274459852,0.9582863585118377,2.3001561834445496,3.134841110793011,5.397893504973666,0.0,1.55592508871972,1.9086754831382264,66.4997309714002,120.26654625680558,-0.5717916137229926,0.0
3638,1787314884,2026-08-21T12:21:24+00:00,XNYUSDT,LONG,ema_cross,sl,sl,0.007671,0.007402379310344828,0.008208241379310345,0.007248,-1.5747111681643138,3.5017688652740477,7.003537730548107,2.000000000000003,0.007671,0.0,1787314884.618,0.6180000305175781,0.211,,,,,,,ok,1787310000,2026-08-21T11:00:00+00:00,0.0,0.2226879748493536,5.749827228749131,2.538205980066448,10.213645761543756,12.287600056171884,0.0,5.00290628845676,2.3615932223333527,-41.58735702436043,6.170705284630131,-0.1113439874246768,0.0
3639,1787314891,2026-08-21T12:21:31+00:00,AVAAIUSDT,SHORT,ema_cross,open,,0.00924,0.01075703448275862,0.006205931034482758,,,16.418122107777272,32.836244215554565,2.0000000000000013,0.00924,0.0,1787314891.984,0.9839999675750732,3.841,,,,,,,ok,1787310000,2026-08-21T11:00:00+00:00,-0.0,4.498378491474002,8.389362769693928,8.447848614552814,12.595018126534907,23.19027014384283,0.0,6.063571163987727,1.0816346449193412,-50.728889154967526,-77.47160649205898,-2.249189245737001,0.0
3641,1787318388,2026-08-21T13:19:48+00:00,TUTUSDT,LONG,overheated_confirmed,tp,tp,0.041357,0.03384285714285714,0.056385285714285714,0.056385285714285714,2.0,18.168974676941893,36.337949353883786,2.0,0.041357,0.0,1787318388.991,0.9909999370574951,,,,1.9,1,77,2.0,ok,1787313600,2026-08-21T12:00:00+00:00,0.0,6.311995230093766,13.310609780756236,9.110742888704786,10.372667337132643,22.311311993065463,0.0,3.195239821944455,2.421521784642583,15.491326401554991,-41.09195481587257,-3.155997615046883,0.0
3642,1787318392,2026-08-21T13:19:52+00:00,UAIUSDT,LONG,ema_cross_confirmed,sl,sl,0.2734,0.26112379310344824,0.29795241379310344,0.24179,-2.5748995814724265,4.490200035315192,8.980400070630385,2.0,0.2734,0.0,1787318392.988,0.9879999160766602,,,,1.7,1,59,2.0,ok,1787313600,2026-08-21T12:00:00+00:00,0.0,0.6343820307601518,0.16887550937991863,1.4369089834515383,2.195675635443421,3.34189274682743,0.0,0.5086994184961661,1.6045476693194738,-11.899835913533567,-321.0358545942108,-0.3171910153800759,0.0
3646,1787318813,2026-08-21T13:26:53+00:00,BBUSDT,LONG,overheated_early,sl,sl,0.01117,0.010143035714285714,0.01322392857142857,0.010143035714285714,-1.0,9.193950633073282,18.387901266146564,2.0,0.01117,0.0,1787318812.2,0.7999999523162842,,18.7,63.7,,,,,ok,1787313600,2026-08-21T12:00:00+00:00,0.0,1.0851419031719525,4.66724286949005,6.07594936708861,15.470085470085463,33.33333333333333,0.0,8.837730098982783,1.233432093574658,-66.18257671243175,-23.691337110399722,-0.5425709515859762,0.0
3647,1787318827,2026-08-21T13:27:07+00:00,BLESSUSDT,LONG,overheated_early,tp,tp,0.008313,0.007649089285714285,0.009640821428571427,0.009641,2.0002689690416653,7.986415425065731,15.972830850131462,2.0,0.008313,0.0,1787318826.303,0.6970000267028809,,18.5,66.1,,,,,ok,1787313600,2026-08-21T12:00:00+00:00,0.0,5.948402619970605,8.057259713701438,6.92111275366214,7.469944617047139,11.21051160190103,0.0,2.7915457531330974,1.5583333474290297,95.34993193470821,104.91559954099021,-2.9742013099853026,0.0
3653,1787318936,2026-08-21T13:28:56+00:00,MEUSDT,LONG,overheated_confirmed,sl,sl,0.0724,0.07038035714285715,0.07643928571428572,0.0687,-1.8320070733863867,2.789561957379639,5.579123914759278,2.0,0.0724,0.0,1787318936.843,0.8429999351501465,,,,1.7,1,0,2.0,ok,1787313600,2026-08-21T12:00:00+00:00,0.0,2.7181688125894117,4.057971014492749,4.291845493562235,5.043227665706056,7.6809453471196605,0.0,2.1374206135329974,6.652446563162605,111.01008722938002,155.40458912356186,-1.3590844062947058,0.0
3656,1787318962,2026-08-21T13:29:22+00:00,PEOPLEUSDT,LONG,overheated_early,sl,sl,0.011434,0.010706982142857143,0.012888035714285713,0.010401,-1.420872939847223,6.358386016642091,12.716772033284181,2.0,0.011434,0.0,1787318961.349,0.6510000228881836,,36.1,58.7,,,,,ok,1787313600,2026-08-21T12:00:00+00:00,0.0,-1.1094738666897777,-6.1991285044807976,6.360455727998561,6.618705035971228,21.537890733698166,0.0,4.340088873976253,1.0965829270325786,-35.16839419866332,-1.8853094983893897,0.5547369333448888,0.0
3663,1787319118,2026-08-21T13:31:58+00:00,SCRTUSDT,LONG,overheated_confirmed,sl,sl,0.02903,0.026894642857142857,0.03330071428571429,0.02655,-1.1613982271282817,7.355691156931256,14.711382313862511,2.0,0.02903,0.0,1787319118.492,0.49200010299682617,,,,3.4,1,0,2.0,ok,1787313600,2026-08-21T12:00:00+00:00,0.0,6.340183646698732,18.518518518518526,7.844865579550466,13.02540415704388,23.648307225871655,0.0,0.47153935523606544,1.337883593958926,-17.38579845795464,38.80020653624425,-3.170091823349366,0.0
3664,1787319121,2026-08-21T13:32:01+00:00,PIEVERSEUSDT,LONG,overheated_early,sl,sl,1.1631,1.0881642857142857,1.3129714285714287,1.0876,-1.0075302640358412,6.4427576550351935,12.885515310070387,2.0,1.1631,0.0,1787319120.47,0.5299999713897705,,22.5,69.6,,,,,ok,1787313600,2026-08-21T12:00:00+00:00,0.0,14.571070153430476,4.479056670186549,17.38501590974835,23.15629742033384,23.15629742033384,0.0,10.63089549043009,6.65179677819083,28.219701609544572,-15.39791854385772,-7.285535076715238,0.0
3665,1787319167,2026-08-21T13:32:47+00:00,FETUSDT,LONG,overheated_early,tp,tp,0.1581,0.152175,0.16995,0.17,2.008438818565409,3.7476280834914526,7.495256166982922,2.000000000000005,0.1581,0.0,1787319166.48,0.5199999809265137,,18.0,68.8,,,,,ok,1787313600,2026-08-21T12:00:00+00:00,0.0,1.9120458891013221,0.0,2.9525032092426144,4.4929396662387715,5.645684620376388,0.0,3.1446095132321616,1.2939116087760385,-24.252856261926382,-43.39810831987377,-0.9560229445506611,
3673,1787319940,2026-08-21T13:45:40+00:00,ENSUSDT,LONG,overheated_confirmed,tp,tp,5.082,4.910035714285714,5.425928571428572,6.172,6.338525441329168,3.3837915331421886,6.767583066284377,2.0,5.082,0.0,1787319940.991,0.9909999370574951,,,,2.1,1,19,2.0,ok,1787313600,2026-08-21T12:00:00+00:00,0.0,1.9635627530364277,-1.812865497076023,2.408906882591088,3.7413582757218413,6.018706791378614,0.0,2.4383359671877116,0.6970238975779663,-70.85582546108861,-101.20456551122274,-0.9817813765182138,0.0
3674,1787319956,2026-08-21T13:45:56+00:00,ZORAUSDT,LONG,overheated_confirmed,sl,sl,0.00717,0.006954107142857143,0.007601785714285715,0.00673,-2.038047973531845,3.0110579796772274,6.022115959354455,2.0,0.00717,0.0,1787319957.398,1.3980000019073486,,,,1.6,1,16,2.0,ok,1787313600,2026-08-21T12:00:00+00:00,0.0,23.611111111111097,22.547332185886397,27.65217391304348,28.998242530755718,29.681978798586574,0.0,12.495088309539428,59.686066226292404,16240.187662208027,16072.183381844196,-11.805555555555548,0.0
3676,1787320845,2026-08-21T14:00:45+00:00,GALAUSDT,LONG,overheated_confirmed,sl,sl,0.002018,0.0019165892857142856,0.0022208214285714283,0.0019165892857142856,-1.0,5.0253079428005085,10.050615885601017,2.0,0.002018,0.0,1787320845.8,0.7999999523162842,,,,1.7,1,30,2.0,ok,1787317200,2026-08-21T13:00:00+00:00,0.0,3.434136340338277,4.722366372599893,6.32514375326711,10.005408328826384,11.391018619934275,0.0,3.8583800121408296,2.14354493787908,4.77300392359365,-1.3816966719515733,-1.7170681701691386,0.0
3678,1787321123,2026-08-21T14:05:23+00:00,CRVUSDT,LONG,overheated_early,tp,tp,0.3178,0.3041232142857143,0.34515357142857145,0.3452,2.003394699046872,4.303582666546793,8.607165333093587,2.0,0.3178,0.0,1787321122.206,0.7939999103546143,,18.5,68.7,,,,,ok,1787317200,2026-08-21T13:00:00+00:00,0.0,-0.8408595453129805,-0.34428794992174955,2.051767676767661,4.861111111111101,6.202046035805617,0.0,1.2841248099055669,0.610209239251412,-66.72824402351483,-227.9913001997911,0.42042977265649023,0.0
3681,1787321162,2026-08-21T14:06:02+00:00,TURBOUSDT,LONG,overheated_early,sl,sl,0.0010362,0.0009992196428571427,0.0011101607142857141,0.000984,-1.4115601912212017,3.5688435768053672,7.137687153610714,1.9999999999999942,0.0010362,0.0,1787321161.595,0.4049999713897705,,16.5,68.9,,,,,ok,1787317200,2026-08-21T13:00:00+00:00,0.0,2.531027069285637,-2.5993316004456024,3.9576802507836883,5.445151033386331,10.582273449920514,0.0,3.251448957089971,1.4055654906404667,-41.28062339992151,-71.42873731873854,-1.2655135346428186,0.0
3683,1787321252,2026-08-21T14:07:32+00:00,AAVEUSDT,LONG,overheated_confirmed,tp,tp,110.88,107.46642857142857,117.70714285714286,123.19,3.606193764385854,3.078617810760669,6.157235621521338,2.0,110.88,0.0,1787321252.624,0.624000072479248,,,,1.6,1,0,2.0,ok,1787317200,2026-08-21T13:00:00+00:00,0.0,1.0848755583918295,-1.4575186633487387,3.012660567415216,3.012660567415216,4.999537935495805,0.0,2.031747371123205,1.796949382916298,40.642299019620445,95.54623547970509,-0.5424377791959147,0.0
3686,1787321402,2026-08-21T14:10:02+00:00,BLESSUSDT,LONG,overheated_confirmed,tp,tp,0.008432,0.007768089285714286,0.009759821428571428,0.009759821428571428,2.0,7.8737039170506895,15.747407834101379,2.0,0.008432,0.0,1787321402.467,0.46700000762939453,,,,2.2,1,0,2.0,ok,1787317200,2026-08-21T13:00:00+00:00,0.0,6.384052485490783,13.409549428379295,8.079017348360134,14.702324956323068,16.773840470652605,0.0,3.105186041603423,3.7714547815953043,151.6851517776316,56.335219842923394,-3.1920262427453916,0.0
3690,1787321522,2026-08-21T14:12:02+00:00,MINAUSDT,LONG,overheated_confirmed,tp,tp,0.05097,0.04961839285714286,0.05367321428571428,0.05374,2.0494120755714142,2.6517699487093203,5.3035398974186405,2.0,0.05097,0.0,1787321523.213,1.2130000591278076,,,,4.2,1,0,2.0,ok,1787317200,2026-08-21T13:00:00+00:00,0.0,1.0908369694565685,1.0908369694565685,3.295592397897304,3.295592397897304,3.295592397897304,0.0,1.029086848464206,3.0404431974286283,180.31417334129793,142.49808274390514,-0.5454184847282842,0.0
3698,1787340596,2026-08-21T19:29:56+00:00,PENGUUSDT,LONG,overheated_early,tp,tp,0.008243,0.007905553571428572,0.008917892857142857,0.008917892857142857,2.0,4.093733210862894,8.187466421725787,2.0,0.008243,0.0,1787340594.983,1.0169999599456787,,15.4,66.0,,,,,ok,1787335200,2026-08-21T18:00:00+00:00,0.0,-3.290482368203794,-0.5216547373529011,5.435847208619,5.435847208619,7.47535255210284,0.0,2.8143713798728336,1.8861750397018024,8.348937933853998,27.793191440788554,1.645241184101897,0.0
3699,1787340634,2026-08-21T19:30:34+00:00,ENAUSDT,LONG,overheated_early,tp,tp,0.13776,0.13070035714285713,0.15187928571428572,0.15187928571428572,2.0,5.124595569935295,10.24919113987059,2.0,0.13776,0.0,1787340632.736,1.2639999389648438,,26.8,58.0,,,,,ok,1787335200,2026-08-21T18:00:00+00:00,0.0,-5.463598438971866,-6.233315536572335,10.02632733655112,11.26224952464531,13.704841304665793,0.0,3.031995596124021,1.6732656042817151,89.01770849962371,136.06013892706807,2.731799219485933,0.0
3702,1787340694,2026-08-21T19:31:34+00:00,BPUSDT,LONG,overheated_early,sl,sl,0.5085,0.4785,0.5684999999999999,0.467,-1.3833333333333322,5.899705014749258,11.799410029498516,2.0,0.5085,0.0,1787340693.445,0.5550000667572021,,15.6,66.8,,,,,ok,1787335200,2026-08-21T18:00:00+00:00,0.0,-1.090767432800923,-0.2945218927940204,0.4332414336352855,2.360642729617144,3.0946240825233207,0.0,1.252434694357553,0.01936134453781513,-93.84615384615384,-253.84615384615384,0.5453837164004615,0.0
3704,1787340725,2026-08-21T19:32:05+00:00,TRBUSDT,LONG,overheated_early,tp,tp,16.85,16.37,17.810000000000002,18.06,2.5208333333333255,2.848664688427302,5.697329376854604,2.0,16.85,0.0,1787340723.899,1.1010000705718994,,16.3,69.7,,,,,ok,1787335200,2026-08-21T18:00:00+00:00,0.0,-2.4054982817869512,1.8529587567244394,3.5335689045936274,3.5335689045936274,6.287787182587662,0.0,2.6387033918215597,1.1686966779906407,10.086877462369937,-149.18499262668192,1.2027491408934756,0.0
3705,1787340740,2026-08-21T19:32:20+00:00,GPSUSDT,LONG,overheated_early,sl,sl,0.014113,0.011652517857142858,0.019033964285714286,0.011007,-1.2623542133873302,17.434153920903725,34.86830784180745,2.0,0.014113,0.0,1787340738.835,1.1649999618530273,,22.4,69.9,,,,,ok,1787335200,2026-08-21T18:00:00+00:00,0.0,5.31649182901592,11.188126271377987,5.860465116279072,8.715461493239268,16.78244395326807,0.0,1.4413670311196467,1.268777657525793,-16.57953757696856,7.4418775834282656,-2.65824591450796,0.0
3709,1787340814,2026-08-21T19:33:34+00:00,B3USDT,LONG,overheated_early,sl,sl,0.0005221,0.0005036660714285713,0.0005589678571428571,0.0005034,-1.0144337886273327,3.530727556297379,7.061455112594738,1.9999999999999942,0.0005221,0.0,1787340813.363,0.6370000839233398,,22.0,68.0,,,,,ok,1787335200,2026-08-21T18:00:00+00:00,0.0,-5.796089385474868,18.750000000000004,14.003520438098965,28.86779960273671,29.210002212878972,0.0,15.17129891614106,6.558441653761184,-45.59694513715711,-10024.73292942778,2.898044692737434,0.0
3711,1787340831,2026-08-21T19:33:51+00:00,RSRUSDT,LONG,overheated_early,sl,sl,0.001498,0.0014445357142857144,0.0016049285714285714,0.001428,-1.309285237140951,3.569044440205981,7.138088880411976,2.000000000000004,0.001498,0.0,1787340830.001,0.999000072479248,,16.1,67.4,,,,,ok,1787335200,2026-08-21T18:00:00+00:00,0.0,-1.4637391882900932,-0.4704301075268859,1.8906144496961534,2.0931802835921816,2.439024390243903,0.0,1.1988730096543574,0.3173324994136502,-78.94081481769719,-329.20659102050485,0.7318695941450466,0.0
3712,1787340835,2026-08-21T19:33:55+00:00,SSVUSDT,LONG,overheated_early,sl,sl,2.853,2.7279107142857146,3.103178571428572,2.717,-1.0872234118486817,4.3844824996244505,8.768964999248915,2.0000000000000036,2.853,0.0,1787340833.822,1.1779999732971191,,20.7,69.2,,,,,ok,1787335200,2026-08-21T18:00:00+00:00,0.0,0.5304101838755348,1.3547237076648775,1.9455252918287993,2.924393723252507,3.440860215053766,0.0,2.300840916447517,0.0916159745113931,-82.06591868425082,-114.22859645046657,-0.2652050919377674,0.0
3714,1787340881,2026-08-21T19:34:41+00:00,STABLEUSDT,LONG,overheated_early,sl,sl,0.0322,0.030352857142857143,0.03589428571428571,0.03029,-1.0340293890177878,5.736468500443653,11.472937000887306,2.0,0.0322,0.0,1787340880.599,0.4010000228881836,,16.7,59.9,,,,,ok,1787335200,2026-08-21T18:00:00+00:00,0.0,-0.09279307145065052,0.0,1.1472868217054333,2.2995649471721493,4.177215189873401,0.0,0.39436415896510707,0.3230711703851427,69.88764044943821,-51.505394376432434,0.04639653572532526,
3715,1787340887,2026-08-21T19:34:47+00:00,XPLUSDT,LONG,overheated_early,sl,sl,0.09944,0.09506589285714286,0.10818821428571428,0.09459,-1.1087977138191478,4.398740087346284,8.797480174692554,1.999999999999997,0.09944,0.0,1787340885.795,1.2049999237060547,,15.6,60.7,,,,,ok,1787335200,2026-08-21T18:00:00+00:00,0.0,-3.2035296374448587,-3.147792706333978,4.73590150913423,5.927323272438432,5.927323272438432,0.0,2.0901683033505245,0.3293511168583798,-36.27104889429905,-52.61983559999256,1.6017648187224294,0.0
3718,1787340962,2026-08-21T19:36:02+00:00,NILUSDT,LONG,overheated_early,sl,sl,0.04628,0.04234142857142857,0.05415714285714286,0.0423,-1.0105186797243388,8.5103099148043,17.0206198296086,2.0,0.04628,0.0,1787340961.627,0.372999906539917,,15.7,59.7,,,,,ok,1787335200,2026-08-21T18:00:00+00:00,0.0,-0.17425397516880142,-0.9723422644770937,1.6036906854130086,2.3230088495575276,3.783185840707972,0.0,0.1930071747484558,0.44238338165178687,-52.194355447625654,-104.00701151077585,0.08712698758440071,0.0
3719,1787340974,2026-08-21T19:36:14+00:00,BERAUSDT,LONG,overheated_early,sl,sl,0.1928,0.18506964285714286,0.20826071428571427,0.185,-1.00900900900901,4.009521339656191,8.019042679312381,2.0,0.1928,0.0,1787340973.153,0.8469998836517334,,17.4,65.4,,,,,ok,1787335200,2026-08-21T18:00:00+00:00,0.0,-1.7892644135188829,1.229508196721304,3.148806500761814,4.314329738058547,4.314329738058547,0.0,1.9163772816918034,0.4626489634058163,18.815295896086447,7.181255045065171,0.8946322067594414,0.0
3724,1787341522,2026-08-21T19:45:22+00:00,MAGMAUSDT,LONG,overheated_confirmed,tp,tp,0.2978,0.27512160714285716,0.3431567857142857,0.3431567857142857,2.0,7.6153098915859125,15.230619783171825,2.0,0.2978,0.0,1787341522.588,0.5880000591278076,,,,2.0,1,11,2.0,ok,1787335200,2026-08-21T18:00:00+00:00,0.0,8.064639364303186,0.5081011938601431,11.757358107580599,11.757358107580599,12.827586206896562,0.0,6.571933242235033,1.9907948726404205,264.0272896423403,331.46147802179223,-4.032319682151593,0.0
3726,1787341737,2026-08-21T19:48:57+00:00,B3USDT,LONG,overheated_early,sl,sl,0.0005063,0.00048786607142857144,0.0005431678571428571,0.0004811,-1.367044463818659,3.6409102451962396,7.281820490392479,2.0,0.0005063,0.0,1787341736.069,0.9309999942779541,,18.4,64.6,,,,,ok,1787335200,2026-08-21T18:00:00+00:00,0.0,-5.796089385474868,18.750000000000004,14.003520438098965,28.86779960273671,29.210002212878972,0.0,15.17129891614106,6.558441653761184,-45.59694513715711,-10024.73292942778,2.898044692737434,0.0
3728,1787342995,2026-08-21T20:09:55+00:00,COTIUSDT,LONG,overheated_confirmed,sl,sl,0.0123,0.011818928571428572,0.013262142857142856,0.01112,-2.4528582034150004,3.911149825783967,7.822299651567934,2.0,0.0123,0.0,1787342995.912,0.9119999408721924,,,,4.6,1,18,2.0,ok,1787338800,2026-08-21T19:00:00+00:00,0.0,15.276476101218364,14.206128133704738,17.873941674506103,18.096135721017905,19.447092469018116,0.0,8.51001964245895,26.479657505579443,13106.400539776527,13187.196186925414,-7.638238050609182,0.0
3729,1787343302,2026-08-21T20:15:02+00:00,ZECUSDT,LONG,overheated_confirmed,tp,tp,693.57,665.578392857143,749.5532142857143,749.5532142857143,2.0,4.035873400357152,8.071746800714305,2.0,693.57,0.0,1787343303.258,1.2579998970031738,,,,3.0,1,24,2.0,ok,1787338800,2026-08-21T19:00:00+00:00,0.0,0.8991231323906801,0.8676950459804078,2.775076669907989,4.073563496992923,5.620810528257786,0.0,0.9169432067823382,0.7675517062806482,36.026112998496664,74.51537597857715,-0.44956156619534005,0.0
3730,1787343304,2026-08-21T20:15:04+00:00,PROMUSDT,LONG,overheated_confirmed,tp,tp,2.65,2.452267857142857,3.0454642857142855,3.096,2.25557662783347,7.461590296495955,14.92318059299191,2.0,2.65,0.0,1787343305.021,1.0209999084472656,,,,2.0,1,24,2.0,ok,1787338800,2026-08-21T19:00:00+00:00,0.0,-0.7159005275056567,-2.982326951399131,4.105344694035644,9.06274206041828,13.710302091402019,0.0,0.6857227188829886,0.8189196138173316,-14.063711660440138,52.80817914626492,0.35795026375282835,0.0
3737,1787358806,2026-08-22T00:33:26+00:00,MELANIAUSDT,LONG,overheated_early,tp,tp,0.09258,0.08909892857142857,0.09954214285714286,0.12174,8.376731301939055,3.7600685121748008,7.5201370243496015,2.0,0.09258,0.0,1787358805.533,0.46700000762939453,,15.7,68.0,,,,,ok,1787353200,2026-08-21T23:00:00+00:00,0.0,0.16409583196586516,-3.6311967161351384,1.273885350318465,2.295189984625516,4.526477697209403,0.0,1.4685150521973396,0.17277877946188175,-85.82077383586852,-58.65029991548579,-0.08204791598293258,0.0
3739,1787358822,2026-08-22T00:33:42+00:00,TRUMPUSDT,LONG,overheated_early,tp,tp,1.901,1.7946071428571428,2.113785714285714,2.942,9.784491440080561,5.596678439918842,11.19335687983767,1.999999999999998,1.901,0.0,1787358821.452,0.5480000972747803,,15.7,64.0,,,,,ok,1787353200,2026-08-21T23:00:00+00:00,0.0,-1.0598834128245904,3.6646307606885102,2.9063509149623155,5.286343612334794,9.570200573065891,0.0,2.181302119029535,1.0228598677641227,31.84345091413624,-73.81603656460412,0.5299417064122952,0.0
3741,1787358875,2026-08-22T00:34:35+00:00,ENSUSDT,LONG,overheated_confirmed,sl,sl,6.22,5.989,6.6819999999999995,5.925,-1.2770562770562774,3.7138263665594833,7.427652733118967,2.0,6.22,0.0,1787358875.43,0.43000006675720215,,,,3.3,1,0,2.0,ok,1787353200,2026-08-21T23:00:00+00:00,0.0,2.39292526443558,7.81449698740186,3.629732546022918,5.293806246691368,14.244686961516365,0.0,2.5827096427585166,2.151110347493664,106.34617720025676,131.68070225887152,-1.19646263221779,0.0
3743,1787358897,2026-08-22T00:34:57+00:00,USUALUSDT,LONG,overheated_early,tp,tp,0.01213,0.011602321428571429,0.013185357142857143,0.013185357142857143,2.0,4.350194323401247,8.700388646802494,2.0,0.01213,0.0,1787358895.871,1.128999948501587,,21.1,62.8,,,,,ok,1787353200,2026-08-21T23:00:00+00:00,0.0,-0.16260162601626765,-1.3654618473895586,1.4003294892915983,3.6243822075782495,5.882352941176464,0.0,0.2824590378788884,0.06608100726105215,-67.83466952925285,-254.5740511440793,0.08130081300813383,0.0
3744,1787358921,2026-08-22T00:35:21+00:00,币安人生USDT,LONG,overheated_early,sl,sl,0.55655,0.5274585714285714,0.6147328571428572,0.52388,-1.1230111962286389,5.227100632724562,10.454201265449143,2.000000000000004,0.55655,0.0,1787358920.554,0.4460000991821289,,17.9,64.6,,,,,ok,1787353200,2026-08-21T23:00:00+00:00,0.0,2.914962974128994,4.824965453707979,4.54125586743832,6.400613967766704,7.339733663672976,0.0,1.224970625835627,0.7998526234697124,111.02863202545068,92.11312130666127,-1.457481487064497,0.0
3746,1787358938,2026-08-22T00:35:38+00:00,SUSDT,LONG,overheated_confirmed,sl,sl,0.02926,0.028284464285714288,0.03121107142857143,0.028284464285714288,-1.0,3.334024997558829,6.668049995117658,2.0,0.02926,0.0,1787358938.908,0.9079999923706055,,,,6.4,1,0,2.0,ok,1787353200,2026-08-21T23:00:00+00:00,0.0,-0.4197271773347395,2.0064493013256826,1.3708260105448207,3.2581453634085253,5.217074060561841,0.0,0.9473267003610514,0.29982549008201964,-85.68983396009546,-184.3224525822912,0.20986358866736976,0.0
3747,1787358940,2026-08-22T00:35:40+00:00,REDUSDT,LONG,overheated_confirmed,sl,sl,0.1261,0.11512857142857141,0.14804285714285714,0.1147,-1.039062499999999,8.700577772742726,17.40115554548545,2.0,0.1261,0.0,1787358941.258,1.2579998970031738,,,,2.0,1,0,2.0,ok,1787353200,2026-08-21T23:00:00+00:00,0.0,-0.8032128514056233,0.48820179007323294,1.1372867587327364,1.7973856209150387,3.0528052805280486,0.0,0.9307390168997416,0.16367773139753622,73.25882454474842,133.4258980089445,0.40160642570281163,0.0
3749,1787358988,2026-08-22T00:36:28+00:00,TUTUSDT,LONG,overheated_early,tp,tp,0.040705,0.03327142857142857,0.055572142857142855,0.056312,2.0995291630633233,18.262059768017266,36.52411953603453,2.0,0.040705,0.0,1787358987.151,0.8489999771118164,,21.4,59.6,,,,,ok,1787353200,2026-08-21T23:00:00+00:00,0.0,-1.2216953744919647,-2.718478985990668,2.8705155973809378,5.258047651056827,6.739363158811964,0.0,1.9622101197007937,0.3154897348563256,-34.72133966284155,-36.88271744571092,0.6108476872459824,0.0
3750,1787358998,2026-08-22T00:36:38+00:00,BRETTUSDT,LONG,overheated_early,sl,sl,0.005491,0.005225178571428572,0.006022642857142857,0.005215,-1.0382910116888358,4.84103858261571,9.682077165231403,1.9999999999999967,0.005491,0.0,1787358997.217,0.7829999923706055,,21.2,65.0,,,,,ok,1787353200,2026-08-21T23:00:00+00:00,0.0,1.1612661547106278,5.0778210116731675,3.022906496432589,5.600461893764426,9.302788844621505,0.0,1.1139083100999303,0.5593704697383627,-34.90769745445698,-58.2318730210352,-0.5806330773553139,0.0
3752,1787359037,2026-08-22T00:37:17+00:00,XRPUSDT,LONG,overheated_early,tp,tp,1.4688,1.410332142857143,1.5857357142857142,1.5857357142857142,1.9999999999999962,3.9806547619047645,7.961309523809514,1.9999999999999962,1.4688,0.0,1787359035.791,1.2090001106262207,,15.8,68.4,,,,,ok,1787353200,2026-08-21T23:00:00+00:00,0.0,0.6645898234683318,5.814291951680968,2.843403721513691,5.512655512655509,8.022838738013316,0.0,1.0752107919741023,1.3959882807595838,-14.957842387373846,-117.0296738984577,-0.3322949117341659,0.0
3753,1787359062,2026-08-22T00:37:42+00:00,THETAUSDT,LONG,overheated_confirmed,sl,sl,0.1889,0.18273928571428572,0.2012214285714286,0.1822,-1.0875362318840578,3.2613627769795115,6.522725553959023,2.0,0.1889,0.0,1787359062.638,0.6380000114440918,,,,1.7,1,0,2.0,ok,1787353200,2026-08-21T23:00:00+00:00,0.0,-0.5820105820105766,-0.5293806246691376,1.1714589989350412,2.2604951560818134,3.013993541442408,0.0,0.35327594238172816,0.5131911454357685,18.1042607013541,-23.535475142400287,0.2910052910052883,0.0
3756,1787359109,2026-08-22T00:38:29+00:00,GALAUSDT,LONG,overheated_early,sl,sl,0.002176,0.0020463035714285713,0.0024353928571428573,0.001973,-1.5651934462343378,5.960313813025215,11.92062762605043,2.0,0.002176,0.0,1787359108.052,0.9479999542236328,,33.1,69.9,,,,,ok,1787353200,2026-08-21T23:00:00+00:00,0.0,-0.856627592425605,-1.0351035103510358,3.774464119291701,4.9394221808015,10.218978102189787,0.0,2.005816059682667,1.424985774844492,19.766637180229026,53.346797925036434,0.4283137962128025,0.0
3761,1787359152,2026-08-22T00:39:12+00:00,POLUSDT,LONG,overheated_early,tp,tp,0.09526,0.09120517857142857,0.10336964285714285,0.10887,3.356497996212621,4.2565834857982665,8.513166971596533,2.0,0.09526,0.0,1787359150.799,1.2009999752044678,,17.9,60.1,,,,,ok,1787353200,2026-08-21T23:00:00+00:00,0.0,0.9341825902335369,5.410199556541015,1.7393148796266862,3.809111568012115,7.448476702508964,0.0,0.7698374029703746,0.445220321463828,-9.670831594896683,-69.3167562224164,-0.46709129511676845,0.0
3763,1787359175,2026-08-22T00:39:35+00:00,SHIBUSDT,LONG,overheated_early,sl,sl,5.967e-06,5.753785714285714e-06,6.393428571428572e-06,5.642e-06,-1.524288107202676,3.573224161459459,7.146448322918918,2.0,5.967e-06,0.0,1787359173.884,1.1159999370574951,,20.6,70.0,,,,,ok,1787353200,2026-08-21T23:00:00+00:00,0.0,-4.09423233143786,8.331804000734085,7.482287886642474,10.401135960241392,16.588566073102157,0.0,6.3330896453325005,4.675632422333125,12.424062758093253,-148.2472131662152,2.04711616571893,0.0
3764,1787359183,2026-08-22T00:39:43+00:00,BONKUSDT,LONG,overheated_early,tp,tp,3.138e-06,3.0092142857142855e-06,3.3955714285714286e-06,3.3955714285714286e-06,2.0,4.104069926249662,8.208139852499324,2.0,3.138e-06,0.0,1787359182.192,0.8080000877380371,,18.6,64.9,,,,,ok,1787353200,2026-08-21T23:00:00+00:00,0.0,-1.0191082802547726,1.7015706806282753,2.245362837617966,4.814936128398298,8.327691266079887,0.0,2.9321325115444847,0.7303972347315967,-58.65761636721677,-241.46484142327748,0.5095541401273863,0.0
3765,1787359185,2026-08-22T00:39:45+00:00,ETCUSDT,LONG,overheated_confirmed,sl,sl,8.589,8.347339285714286,9.07232142857143,8.265,-1.3407226778984682,2.8136071054338636,5.627214210867727,2.0,8.589,0.0,1787359185.907,0.9070000648498535,,,,2.4,1,0,2.0,ok,1787353200,2026-08-21T23:00:00+00:00,0.0,3.8944879930322114,8.82314609670272,4.110612855007474,5.864471184293869,11.084529505582145,0.0,1.8141738269979732,3.104643333412872,93.92953200645509,64.18856031008664,-1.9472439965161057,0.0
3766,1787359186,2026-08-22T00:39:46+00:00,BEATUSDT,LONG,overheated_confirmed,sl,sl,0.1701,0.1248642857142857,0.26057142857142856,0.1248642857142857,-1.0,26.593600403124217,53.18720080624843,1.9999999999999993,0.1701,0.0,1787359186.935,0.934999942779541,,,,2.0,1,0,2.0,ok,1787353200,2026-08-21T23:00:00+00:00,0.0,-1.0359536867763601,4.437299035369769,6.302250803858522,7.845659163987132,14.470989761092149,0.0,2.3636131885574545,0.527887145512264,22.854084285495816,49.865710169758835,0.5179768433881801,0.0
3767,1787359196,2026-08-22T00:39:56+00:00,FETUSDT,LONG,overheated_early,sl,sl,0.1701,0.16310357142857143,0.18409285714285714,0.16310357142857143,-1.0,4.113126732174351,8.226253464348702,2.0,0.1701,0.0,1787359194.925,1.0750000476837158,,17.6,63.3,,,,,ok,1787353200,2026-08-21T23:00:00+00:00,0.0,1.5402843601895682,3.1287605294825576,3.855278766310798,5.609167671893849,9.987437185929645,0.0,0.6442346103572509,1.7266548764148375,87.38713499102589,100.17251447160152,-0.7701421800947841,0.0
3769,1787359218,2026-08-22T00:40:18+00:00,AAVEUSDT,LONG,overheated_early,sl,sl,123.47,119.06857142857143,132.27285714285713,118.69,-1.0860110353781252,3.564775711855971,7.129551423711942,2.0,123.47,0.0,1787359217.234,0.7660000324249268,,24.7,69.7,,,,,ok,1787353200,2026-08-21T23:00:00+00:00,0.0,1.6744031830238693,5.323716297441184,2.465639316951277,3.006196616982083,12.010562739027511,0.0,2.5893255727783067,0.7330008286486691,-31.951558312777102,21.932047139458668,-0.8372015915119346,0.0
3771,1787359238,2026-08-22T00:40:38+00:00,USELESSUSDT,LONG,overheated_early,sl,sl,0.06462,0.060440357142857136,0.07297928571428572,0.06041,-1.007263094932922,6.468032895609503,12.936065791219006,2.0,0.06462,0.0,1787359237.163,0.8369998931884766,,30.6,65.4,,,,,ok,1787353200,2026-08-21T23:00:00+00:00,0.0,-1.6707168894289033,7.345382192007964,3.2936010037641226,5.683269476372915,12.451163580771185,0.0,3.5635182455905046,1.705575694839493,-50.49773464633327,-484.44412403868284,0.8353584447144516,0.0
3777,1787359323,2026-08-22T00:42:03+00:00,KMNOUSDT,LONG,overheated_early,sl,sl,0.02583,0.025016249999999997,0.0274575,0.02499,-1.032258064516127,3.1504065040650486,6.300813008130084,1.9999999999999958,0.02583,0.0,1787359322.066,0.9340000152587891,,23.4,68.9,,,,,ok,1787353200,2026-08-21T23:00:00+00:00,0.0,-1.9115442278860573,1.081498648126686,2.1497120921305237,3.339731285988481,7.895791583166331,0.0,1.998755682715053,0.648573348087259,10.615711252653929,30.03729984735861,0.9557721139430286,0.0
3784,1787359373,2026-08-22T00:42:53+00:00,RVNUSDT,LONG,overheated_confirmed,sl,sl,0.003507,0.0033685714285714287,0.003783857142857143,0.003367,-1.0113519091847258,3.9472076255651967,7.894415251130393,2.0,0.003507,0.0,1787359374.309,1.309000015258789,,,,2.3,1,0,2.0,ok,1787353200,2026-08-21T23:00:00+00:00,0.0,0.553451791436072,3.167961745367609,1.5515222482435498,2.4815361890694203,4.930429522081063,0.0,0.4238770222376144,0.3327199648656612,-8.095977677161208,-9.850457627875054,-0.276725895718036,0.0
3785,1787359551,2026-08-22T00:45:51+00:00,IOTAUSDT,LONG,overheated_confirmed,sl,sl,0.04591,0.04443732142857143,0.04885535714285714,0.04441,-1.0185522008002934,3.2077511902168796,6.415502380433759,2.0,0.04591,0.0,1787359551.833,0.8329999446868896,,,,2.1,1,4,2.0,ok,1787353200,2026-08-21T23:00:00+00:00,0.0,-1.2337371018393941,1.4983863531581323,1.6860332649806438,2.051048313582493,7.077953132472495,0.0,1.5808795899737702,0.7636062728030406,-50.83137721174531,-47.26369527415093,0.6168685509196971,0.0
3788,1787360450,2026-08-22T01:00:50+00:00,TRBUSDT,LONG,overheated_confirmed,tp,tp,18.34,17.74267857142857,19.53464285714286,19.55,2.02571001494768,3.256932544009978,6.513865088019956,2.0,18.34,0.0,1787360451.211,1.2109999656677246,,,,1.8,1,19,2.0,ok,1787356800,2026-08-22T00:00:00+00:00,0.0,1.4380530973451415,0.5482456140350955,2.6875699888017945,3.303471444568868,4.6511627906976765,0.0,1.0800444907663393,1.485131509951591,15.482437479317355,21.59845541016818,-0.7190265486725708,0.0
3789,1787360453,2026-08-22T01:00:53+00:00,FARTCOINUSDT,LONG,overheated_confirmed,sl,sl,0.20422,0.19435053571428573,0.22395892857142857,0.18755,-1.6890481101521677,4.8327608881178525,9.665521776235705,2.0,0.20422,0.0,1787360453.832,0.8320000171661377,,,,4.3,1,19,2.0,ok,1787356800,2026-08-22T00:00:00+00:00,0.0,3.9763759482714787,5.056844487885182,5.477969595465087,5.477969595465087,6.748722228017111,0.0,2.715751765815979,1.335131542179167,113.13421784739661,151.3247106724304,-1.9881879741357393,0.0
3790,1787360483,2026-08-22T01:01:23+00:00,BICOUSDT,LONG,ema_cross,sl,sl,0.0203,0.019130689655172412,0.02263862068965517,0.01845,-1.5821291654379215,5.760149481909293,11.520298963818586,2.0,0.0203,0.0,1787360483.147,0.14700007438659668,0.635,,,,,,,ok,1787356800,2026-08-22T00:00:00+00:00,0.0,-0.14619883040935078,-0.24342745861732212,2.8344107409249184,4.326205867727495,4.326205867727495,0.0,2.121321744962799,1.6872299923444924,350.73672561142126,360.63243898741877,0.07309941520467539,0.0
3791,1787360515,2026-08-22T01:01:55+00:00,BICOUSDT,LONG,ema_cross_confirmed,sl,sl,0.02049,0.01873603448275862,0.023997931034482764,0.01845,-1.1630787378354455,8.560105013379118,17.120210026758237,2.0,0.02049,0.0,1787360515.557,0.556999921798706,,,,2.0,1,0,2.0,ok,1787356800,2026-08-22T00:00:00+00:00,0.0,-0.14619883040935078,-0.24342745861732212,2.8344107409249184,4.326205867727495,4.326205867727495,0.0,2.121321744962799,1.6872299923444924,350.73672561142126,360.63243898741877,0.07309941520467539,0.0
3793,1787361343,2026-08-22T01:15:43+00:00,DASHUSDT,LONG,overheated_confirmed,tp,tp,39.7,38.46678571428572,42.16642857142857,42.29,2.1002027222704918,3.1063332133861024,6.212666426772205,2.0,39.7,0.0,1787361344.698,1.6979999542236328,,,,1.7,1,37,2.0,ok,1787356800,2026-08-22T00:00:00+00:00,0.0,2.3723568849922683,1.3789581205311703,4.722149752152367,5.133577789418546,11.841738645862357,0.0,1.7568388337628447,1.4601255998031664,-11.020118443495672,52.32863869945392,-1.1861784424961341,0.0
3797,1787361532,2026-08-22T01:18:52+00:00,YGGUSDT,LONG,overheated_early,sl,sl,0.02468,0.02377464285714286,0.026490714285714284,0.02377464285714286,-1.0,3.668383885158597,7.336767770317194,2.0,0.02468,0.0,1787361531.062,0.937999963760376,,16.4,58.2,,,,,ok,1787356800,2026-08-22T00:00:00+00:00,0.0,0.3276003276003284,-1.4084507042253507,2.6533996683250485,3.275290215588734,4.632721202003339,0.0,1.4153860634599984,1.5205119127779403,-1.0422656036491835,-106.74377775273379,-0.1638001638001642,0.0
3798,1787361537,2026-08-22T01:18:57+00:00,REUSDT,LONG,overheated_confirmed,sl,sl,0.58854,0.5452885714285713,0.6750428571428572,0.5375,-1.1800766283524888,7.348936108238796,14.697872216477592,2.0,0.58854,0.0,1787361537.556,0.5559999942779541,,,,1.8,1,0,2.0,ok,1787356800,2026-08-22T00:00:00+00:00,0.0,11.108357480555119,12.359268969771747,14.018013892069325,15.689197823687737,16.505800916447306,0.0,5.78937581043795,2.228711283652629,236.493374108053,231.98873250099166,-5.5541787402775595,0.0
3802,1787361578,2026-08-22T01:19:38+00:00,APRUSDT,LONG,overheated_early,sl,sl,0.21434,0.19658214285714284,0.24985571428571432,0.19455,-1.1144362656369404,8.284901158373218,16.569802316746436,2.0,0.21434,0.0,1787361577.251,0.749000072479248,,17.5,63.3,,,,,ok,1787356800,2026-08-22T00:00:00+00:00,0.0,-0.44102937164681216,-0.20963405186163617,1.7871910318845927,2.412980169185967,3.2589099986132304,0.0,0.4326267118349991,0.4919958877955647,-8.636363636363637,-9.516774494764224,0.22051468582340608,0.0
3803,1787361585,2026-08-22T01:19:45+00:00,TURBOUSDT,LONG,overheated_early,sl,sl,0.0010752,0.0010297285714285713,0.0011661428571428571,0.0010176,-1.2667295004712498,4.229113520408168,8.458227040816336,2.0,0.0010752,0.0,1787361584.022,0.9779999256134033,,15.3,59.9,,,,,ok,1787356800,2026-08-22T00:00:00+00:00,0.0,1.5946205571565668,2.9194239003503175,2.982184353214572,2.982184353214572,5.894066109119887,0.0,0.8578057892486578,0.42632420241676083,-35.34630350194553,-28.174344071772442,-0.7973102785782834,0.0
3813,1787361845,2026-08-22T01:24:05+00:00,VIRTUALUSDT,LONG,overheated_confirmed,sl,sl,0.7444,0.7122517857142856,0.8086964285714286,0.7047,-1.2349052935621803,4.318674675673609,8.637349351347218,2.0,0.7444,0.0,1787361845.709,0.7090001106262207,,,,2.1,1,0,2.0,ok,1787356800,2026-08-22T00:00:00+00:00,0.0,2.055172413793107,3.1219512195121917,3.5330261136712733,3.5330261136712733,5.327461287114644,0.0,0.9775305844489052,1.1729688030960161,80.83065188892861,114.37781273473522,-1.0275862068965536,0.0
3814,1787361874,2026-08-22T01:24:34+00:00,MOODENGUSDT,LONG,overheated_early,sl,sl,0.05016,0.04781517857142858,0.05484964285714286,0.04658,-1.5267687152539813,4.674683868762809,9.349367737525633,2.000000000000003,0.05016,0.0,1787361873.192,0.8080000877380371,,16.1,69.6,,,,,ok,1787356800,2026-08-22T00:00:00+00:00,0.0,1.0816326530612157,3.273561301084226,2.494331065759643,2.576788291074008,6.372549019607841,0.0,2.5112312668090224,1.3996655909662765,84.98544215874708,139.06063617398863,-0.5408163265306078,0.0
3819,1787362207,2026-08-22T01:30:07+00:00,SKYAIUSDT,LONG,overheated_confirmed,sl,sl,0.08677,0.07787071428571428,0.10456857142857144,0.0727,-1.5810257645075836,10.256178073396013,20.512356146792026,2.0,0.08677,0.0,1787362207.515,0.5150001049041748,,,,2.9,1,4,2.0,ok,1787356800,2026-08-22T00:00:00+00:00,0.0,0.8155812538040218,5.141551352037575,4.472962870670317,4.472962870670317,9.32203389830507,0.0,1.0408401647295955,1.4211702669405848,139.84837793931834,194.70355239668555,-0.4077906269020109,0.0
3821,1787362239,2026-08-22T01:30:39+00:00,SLPUSDT,LONG,overheated_confirmed,sl,sl,0.000685,0.0006645357142857142,0.0007259285714285715,0.000639,-2.24781849912739,2.987486965589163,5.974973931178326,2.0,0.000685,0.0,1787362240.08,1.0799999237060547,,,,1.9,1,54,2.0,ok,1787356800,2026-08-22T00:00:00+00:00,0.0,-0.1451378809869411,1.9259259259259243,1.7569546120058517,4.023845007451565,6.137724550898207,0.0,1.4860589822738586,0.5380755848304054,-61.33129802374865,-395.7251145540957,0.07256894049347055,0.0
3822,1787362247,2026-08-22T01:30:47+00:00,WIFUSDT,LONG,overheated_confirmed,sl,sl,0.2083,0.20036607142857144,0.22416785714285717,0.20036607142857144,-1.0,3.8088951375077182,7.6177902750154365,2.0,0.2083,0.0,1787362248.521,1.5209999084472656,,,,1.9,1,51,2.0,ok,1787356800,2026-08-22T00:00:00+00:00,0.0,4.068307383224509,5.822267620020425,4.737903225806461,5.643111337061514,8.625196027182444,0.0,3.115664352988657,1.0248327570302314,6.822945906977022,25.631682807142493,-2.0341536916122545,0.0
3823,1787362251,2026-08-22T01:30:51+00:00,ZECUSDT,LONG,overheated_confirmed,tp,tp,746.88,715.3564285714285,809.9271428571429,809.9271428571429,2.0,4.220700973191339,8.441401946382678,2.0,746.88,0.0,1787362251.494,0.4939999580383301,,,,2.0,1,50,2.0,ok,1787356800,2026-08-22T00:00:00+00:00,0.0,0.055840812824315016,1.3296551724137913,2.144878946934515,2.66738422476128,5.336108279533347,0.0,0.732954777518187,0.9499815468638008,2.9364193278889577,38.61488978043837,-0.027920406412157508,0.0
3824,1787380394,2026-08-22T06:33:14+00:00,POPCATUSDT,LONG,overheated_early,sl,sl,0.05625,0.05421267857142857,0.06032464285714286,0.05377,-1.2172845998772905,3.6219047619047644,7.243809523809529,2.0,0.05625,0.0,1787380392.806,1.194000005722046,,18.4,69.3,,,,,ok,1787374800,2026-08-22T05:00:00+00:00,0.0,-7.757334659373452,-0.5894962486602427,23.1969205834684,23.1969205834684,23.1969205834684,0.0,6.875526309204674,7.514606817643275,283.7121670440599,176.95400972302065,3.878667329686726,0.0
3826,1787380434,2026-08-22T06:33:54+00:00,MELANIAUSDT,LONG,overheated_early,sl,sl,0.1202,0.11539785714285715,0.1298042857142857,0.11539785714285715,-1.0,3.9951271690040366,7.990254338008073,2.0,0.1202,0.0,1787380433.166,0.8340001106262207,,47.0,68.7,,,,,ok,1787374800,2026-08-22T05:00:00+00:00,0.0,-6.886206157582691,31.255664082166952,39.00159946123409,47.113328581610816,75.49155064300137,0.0,14.045830105099771,31.947783236898573,70.56768915977078,-1380.9521468481312,3.4431030787913457,0.0
3829,1787380494,2026-08-22T06:34:54+00:00,AAVEUSDT,LONG,overheated_early,tp,tp,119.14,114.39571428571429,128.62857142857143,128.89,2.0551038843721763,3.982109882730996,7.964219765462005,2.000000000000003,119.14,0.0,1787380493.074,0.9260001182556152,,18.7,62.3,,,,,ok,1787374800,2026-08-22T05:00:00+00:00,0.0,-5.231181947293669,-4.644331533820257,14.270270270270274,15.477477477477484,16.225225225225216,0.0,3.2804462564748658,2.867152456435693,244.23467053410337,268.2297439686113,2.6155909736468343,0.0
3831,1787380571,2026-08-22T06:36:11+00:00,ENSUSDT,LONG,overheated_early,sl,sl,5.871,5.600035714285715,6.412928571428572,5.599,-1.0038223276657463,4.615300386889547,9.23060077377911,2.000000000000003,5.871,0.0,1787380570.168,0.8320000171661377,,23.6,61.2,,,,,ok,1787374800,2026-08-22T05:00:00+00:00,0.0,-4.988878296790581,-3.579490486939689,18.61210635489346,20.724118423533852,20.724118423533852,0.0,3.9703700623195903,4.569382880769718,336.84167445413806,355.4796374479334,2.4944391483952906,0.0
3833,1787380584,2026-08-22T06:36:24+00:00,MOVEUSDT,LONG,overheated_early,tp,tp,0.0086,0.008261964285714286,0.009276071428571429,0.009276071428571429,2.0,3.930647840531562,7.861295681063124,2.0,0.0086,0.0,1787380583.569,0.4309999942779541,,30.7,69.3,,,,,ok,1787374800,2026-08-22T05:00:00+00:00,0.0,-6.90754516471838,9.912170639899633,36.72883787661407,36.72883787661407,36.72883787661407,0.0,9.290922725435149,7.388118608965236,61.74299947724706,-103.63268170020692,3.45377258235919,0.0
3835,1787380623,2026-08-22T06:37:03+00:00,DASHUSDT,LONG,overheated_early,sl,sl,40.79,39.066607142857144,44.236785714285716,38.96,-1.0618588747280078,4.225037649283783,8.450075298567583,2.000000000000004,40.79,0.0,1787380623.308,0.3080000877380371,,20.7,63.4,,,,,ok,1787374800,2026-08-22T05:00:00+00:00,0.0,-6.9673055242390145,-11.969276722850438,26.836238925407258,31.06601886253214,36.38182337810802,0.0,2.579794757451236,6.3265059290996435,37.272152384504075,48.11541915533994,3.4836527621195073,0.0
3836,1787380631,2026-08-22T06:37:11+00:00,SUSDT,LONG,overheated_early,sl,sl,0.02906,0.027959107142857143,0.031261785714285714,0.027959107142857143,-1.0,3.7883443122603437,7.5766886245207,2.000000000000003,0.02906,0.0,1787380630.458,0.5420000553131104,,15.0,56.5,,,,,ok,1787374800,2026-08-22T05:00:00+00:00,0.0,-5.939315687540353,-4.176257809930945,15.164998146088246,15.684093437152383,15.684093437152383,0.0,4.071928319312621,5.8636766800087825,172.318271010942,104.16634278071946,2.9696578437701766,0.0
3837,1787380648,2026-08-22T06:37:28+00:00,RVNUSDT,LONG,overheated_early,sl,sl,0.003688,0.003544803571428571,0.003974392857142857,0.003443,-1.7109365257513387,3.8827665013944883,7.765533002788966,1.999999999999997,0.003688,0.0,1787380646.983,1.0169999599456787,,18.4,69.6,,,,,ok,1787374800,2026-08-22T05:00:00+00:00,0.0,-3.3884738527214497,-0.13789299503584657,14.874770922419058,14.874770922419058,14.874770922419058,0.0,3.448133822027357,2.6418566333517415,98.94479027790308,90.21642499808677,1.6942369263607249,0.0
3838,1787380657,2026-08-22T06:37:37+00:00,SUSHIUSDT,LONG,overheated_early,sl,sl,0.2151,0.20878928571428573,0.22772142857142857,0.2086,-1.0299943406904375,2.9338513648137052,5.8677027296274105,2.0,0.2151,0.0,1787380656.334,0.6659998893737793,,16.6,69.7,,,,,ok,1787374800,2026-08-22T05:00:00+00:00,0.0,-3.897294818890408,-1.872659176029964,16.05723370429252,16.11022787493375,16.11022787493375,0.0,2.8979388044570573,9.353590225037133,440.025318225239,431.09599145671626,1.948647409445204,0.0
3839,1787380673,2026-08-22T06:37:53+00:00,PEPEUSDT,LONG,overheated_early,sl,sl,3.996e-06,3.7903928571428576e-06,4.407214285714286e-06,3.789e-06,-1.0067743616466929,5.145323895323893,10.290647790647785,2.0,3.996e-06,0.0,1787380672.272,0.7279999256134033,,16.3,55.9,,,,,ok,1787374800,2026-08-22T05:00:00+00:00,0.0,-6.533700137551578,-2.789699570815448,21.96739430781983,25.946394031500418,25.946394031500418,0.0,5.160749145137344,4.844835783750076,192.43246925775793,135.54216474402864,3.266850068775789,0.0
3840,1787380683,2026-08-22T06:38:03+00:00,IOTAUSDT,LONG,overheated_early,sl,sl,0.04601,0.04434285714285714,0.049344285714285716,0.04434285714285714,-1.0,3.6234358990281677,7.24687179805632,1.9999999999999958,0.04601,0.0,1787380682.298,0.7019999027252197,,18.3,67.4,,,,,ok,1787374800,2026-08-22T05:00:00+00:00,0.0,-5.769230769230775,-1.8538248455146022,17.022285443338074,17.022285443338074,17.022285443338074,0.0,4.7461271865195025,6.673074644303378,547.7668743229463,604.234203695533,2.8846153846153877,0.0
3841,1787380704,2026-08-22T06:38:24+00:00,ETCUSDT,LONG,overheated_early,sl,sl,8.217,7.935642857142858,8.779714285714286,7.916,-1.0698146737750704,3.424085954206436,6.848171908412872,2.0,8.217,0.0,1787380703.236,0.7639999389648438,,15.9,65.2,,,,,ok,1787374800,2026-08-22T05:00:00+00:00,0.0,-4.992505476766976,-7.426131895292659,23.480232393368286,26.61187473430636,28.79410514382882,0.0,2.345072796667509,4.9982433702140705,230.38059044163538,244.26703051085534,2.496252738383488,0.0
3842,1787380711,2026-08-22T06:38:31+00:00,KSMUSDT,LONG,overheated_early,sl,sl,3.873,3.7583035714285717,4.102392857142857,3.7583035714285717,-1.0,2.9614363173619536,5.922872634723907,2.0,3.873,0.0,1787380709.842,1.1579999923706055,,19.9,68.1,,,,,ok,1787374800,2026-08-22T05:00:00+00:00,0.0,-2.862120457939268,0.48918640576725353,14.430951708556897,14.713357808528674,14.713357808528674,0.0,2.9175136158952832,4.835852588639602,43.69368372113618,-704.2319780021602,1.431060228969634,0.0
3844,1787380808,2026-08-22T06:40:08+00:00,ZAMAUSDT,LONG,overheated_early,tp,tp,0.05663,0.0539,0.06209,0.06214,2.0183150183150214,4.82076637824474,9.641532756489493,2.0000000000000027,0.05663,0.0,1787380806.859,1.1410000324249268,,23.1,69.0,,,,,ok,1787374800,2026-08-22T05:00:00+00:00,0.0,-5.556452915522531,6.502732240437166,35.14563106796116,35.14563106796116,35.14563106796116,0.0,8.82585125136313,12.427679231597827,292.57121832313845,254.68746099550742,2.7782264577612654,0.0
3845,1787380839,2026-08-22T06:40:39+00:00,MINAUSDT,LONG,overheated_early,tp,tp,0.05684,0.054678392857142856,0.06116321428571429,0.06116321428571429,2.0,3.802968231627631,7.605936463255262,2.0,0.05684,0.0,1787380838.464,0.5360000133514404,,19.3,64.1,,,,,ok,1787374800,2026-08-22T05:00:00+00:00,0.0,-3.28231292517007,0.07038535984514933,9.804651162790705,9.804651162790705,9.804651162790705,0.0,3.030852305082147,4.373744047771185,299.54290324332703,-41.88393476085412,1.641156462585035,0.0
3846,1787380847,2026-08-22T06:40:47+00:00,MAGMAUSDT,LONG,overheated_early,sl,sl,0.3074,0.2781430357142857,0.36591392857142857,0.2779,-1.0083069354671363,9.517555070173806,19.035110140347612,2.0,0.3074,0.0,1787380846.526,0.4739999771118164,,30.7,60.8,,,,,ok,1787374800,2026-08-22T05:00:00+00:00,0.0,-3.4234457928551425,2.36873272799052,18.495706677294315,19.03191913336474,20.60794898735555,0.0,4.52227020728018,4.781222159775585,859.3783240751684,926.4638294046634,1.7117228964275712,0.0
3847,1787380851,2026-08-22T06:40:51+00:00,TRBUSDT,LONG,overheated_early,sl,sl,18.71,17.845892857142857,20.438214285714288,17.79,-1.0646827856995258,4.618424066580137,9.236848133160274,2.0,18.71,0.0,1787380850.605,0.39499998092651367,,23.9,59.3,,,,,ok,1787374800,2026-08-22T05:00:00+00:00,0.0,-10.274963820549923,-11.68091168091167,32.935260842237575,32.935260842237575,43.99748585795098,0.0,5.963289385387785,10.87222177654423,301.51565146294456,348.1112911308788,5.137481910274961,0.0
3848,1787380856,2026-08-22T06:40:56+00:00,WIFUSDT,LONG,overheated_early,sl,sl,0.204,0.19471607142857142,0.22256785714285712,0.1947,-1.0017311021350237,4.550945378151259,9.101890756302518,2.0,0.204,0.0,1787380854.776,1.2239999771118164,,20.9,60.8,,,,,ok,1787374800,2026-08-22T05:00:00+00:00,0.0,-7.275953859804791,-2.473168455436304,22.680965147453087,23.217158176943702,23.217158176943702,0.0,5.903999963490305,3.504400581941016,205.21150529715553,230.39295656181585,3.6379769299023956,0.0
3862,1787381780,2026-08-22T06:56:20+00:00,NILUSDT,LONG,ema_cross,sl,sl,0.04751,0.04496862068965517,0.052592758620689656,0.04453,-1.1725915875169584,5.349146096284634,10.698292192569268,2.0,0.04751,0.0,1787381780.915,0.9149999618530273,1.007,,,,,,,ok,1787374800,2026-08-22T05:00:00+00:00,0.0,-9.112195121951208,-6.802721088435361,39.892328398384926,39.892328398384926,39.892328398384926,0.0,6.319421983809768,19.503524894277124,558.5341935245349,384.85581425056307,4.556097560975604,0.0
3863,1787381826,2026-08-22T06:57:06+00:00,FIGHTUSDT,LONG,ema_cross,sl,sl,0.003478,0.003360758620689655,0.0037124827586206897,0.003359,-1.0150000000000001,3.3709424758581075,6.7418849517162025,1.9999999999999962,0.003478,0.0,1787381826.821,0.8210000991821289,0.571,,,,,,,ok,1787374800,2026-08-22T05:00:00+00:00,0.0,-8.89863296363167,-7.22353559232992,26.597469996756406,26.694777813817723,26.694777813817723,0.0,5.958259314339608,15.484096898589998,2467.342102144804,2520.9025247730233,4.449316481815835,0.0
3864,1787381839,2026-08-22T06:57:19+00:00,ACUUSDT,SHORT,ema_cross,sl,sl,0.11632,0.12468241379310345,0.0995951724137931,0.12934,-1.5569667230217326,7.18914528292937,14.37829056585875,2.0000000000000018,0.11632,0.0,1787381839.869,0.8689999580383301,0.614,,,,,,,ok,1787374800,2026-08-22T05:00:00+00:00,-0.0,0.3592507056710322,2.0845591325544337,11.17297698589459,11.17297698589459,11.878247958426138,0.0,1.1270985683853731,9.849918000088648,442.6450478609103,416.51988360335446,-0.1796253528355161,0.0
3865,1787381865,2026-08-22T06:57:45+00:00,USARUSDT,LONG,ema_cross,sl,sl,19.07,18.569655172413793,20.070689655172416,18.54,-1.0592694693314961,2.6237274650561493,5.247454930112299,2.0,19.07,0.0,1787381866.126,1.125999927520752,0.324,,,,,,,ok,1787374800,2026-08-22T05:00:00+00:00,0.0,-0.6774361646691118,-1.1410788381742862,1.8528321863419688,2.1175224986765406,2.4880889359449383,0.0,0.34781558789114064,0.754520159758514,91.52462861610633,86.61977297306171,0.3387180823345559,0.0
3866,1787381921,2026-08-22T06:58:41+00:00,USARUSDT,LONG,ema_cross_confirmed,sl,sl,19.07,18.31948275862069,20.57103448275862,18.31948275862069,-1.0,3.9355911975842144,7.871182395168429,2.0,19.07,0.0,1787381921.172,0.17199993133544922,,,,1.5,1,0,2.0,ok,1787374800,2026-08-22T05:00:00+00:00,0.0,-0.6774361646691118,-1.1410788381742862,1.8528321863419688,2.1175224986765406,2.4880889359449383,0.0,0.34781558789114064,0.754520159758514,91.52462861610633,86.61977297306171,0.3387180823345559,0.0
3867,1787381942,2026-08-22T06:59:02+00:00,HOMEUSDT,LONG,ema_cross,open,,0.00616,0.005855862068965517,0.0067682758620689655,,,4.937304075235105,9.874608150470225,2.0000000000000027,0.00616,0.0,1787381942.926,0.9260001182556152,0.429,,,,,,,ok,1787374800,2026-08-22T05:00:00+00:00,0.0,-7.34632683658171,-6.363636363636367,25.703564727954987,25.703564727954987,25.703564727954987,0.0,4.71041384162561,7.30978607835414,457.84955937555384,410.90325652947683,3.673163418290855,0.0
3868,1787381972,2026-08-22T06:59:32+00:00,BBUSDT,LONG,ema_cross,open,,0.01026,0.009489655172413793,0.011800689655172414,,,7.5082341870000695,15.016468374000139,2.0,0.01026,0.0,1787381972.969,0.9690001010894775,0.739,,,,,,,ok,1787374800,2026-08-22T05:00:00+00:00,0.0,-7.740213523131666,-6.576576576576574,23.439211391018635,24.863088718510422,24.97261774370209,0.0,5.092014066929271,2.5001183722102263,769.367621917388,807.0572237342487,3.870106761565833,0.0
3869,1787381993,2026-08-22T06:59:53+00:00,JCTUSDT,LONG,ema_cross,sl,sl,0.002235,0.002060413793103448,0.0025841724137931035,0.002006,-1.3116729211929667,7.811463395818881,15.622926791637742,1.9999999999999976,0.002235,0.0,1787381993.761,0.7609999179840088,0.476,,,,,,,ok,1787374800,2026-08-22T05:00:00+00:00,0.0,-3.7020905923344958,-1.6021361815754345,35.15398024404415,35.15398024404415,35.15398024404415,0.0,3.0336202584368968,6.717561098513479,923.8863287250384,819.3301621892961,1.8510452961672479,0.0
3870,1787382015,2026-08-22T07:00:15+00:00,EVAAUSDT,LONG,ema_cross,sl,sl,0.7329,0.7102172413793103,0.7782655172413793,0.7102172413793103,-1.0,3.0949322718910754,6.189864543782136,1.9999999999999951,0.7329,0.0,1787382015.864,0.8640000820159912,0.152,,,,,,,ok,1787378400,2026-08-22T06:00:00+00:00,0.0,1.4136700521548142,-8.211180124223608,2.511730609991719,30.614886731391593,31.440129449838196,0.0,6.474499716459652,0.8754517836707475,-91.74691950190464,-1898.3259836943935,-0.7068350260774071,0.0
3871,1787382026,2026-08-22T07:00:26+00:00,TUTUSDT,LONG,ema_cross,tp,tp,0.037415,0.03252506896551724,0.04719486206896551,0.047272,2.0157748505020887,13.069440156308318,26.138880312616635,2.0,0.037415,0.0,1787382027.243,1.2430000305175781,0.315,,,,,,,ok,1787378400,2026-08-22T06:00:00+00:00,0.0,1.273818018446585,-8.572314739705108,5.926251097453913,22.47570893362981,29.983856720782182,0.0,3.776625098294422,0.5197548505270612,-84.24444050429736,-517.7453864367876,-0.6369090092232925,0.0
3872,1787382028,2026-08-22T07:00:28+00:00,XMRUSDT,LONG,ema_cross,sl,sl,430.23,420.4496551724138,449.7906896551724,418.63,-1.1860522511723062,2.2732828551207938,4.5465657102415875,2.0,430.23,0.0,1787382028.686,0.6860001087188721,0.838,,,,,,,ok,1787378400,2026-08-22T06:00:00+00:00,0.0,0.32019760766644034,-3.1614968539573893,3.619866958136468,12.033636187898708,12.659481925381803,0.0,3.898296255313795,2.762796278760454,-60.57467754846056,-520.7161215717573,-0.16009880383322017,0.0
3873,1787382138,2026-08-22T07:02:18+00:00,FHEUSDT,LONG,ema_cross,sl,sl,0.02386,0.02217655172413793,0.027226896551724136,0.0218,-1.2236788201556728,7.055525045524183,14.11105009104835,1.999999999999998,0.02386,0.0,1787382138.439,0.43899989128112793,0.461,,,,,,,ok,1787378400,2026-08-22T06:00:00+00:00,0.0,2.490339201373968,-15.861825872400425,3.806672369546614,87.16755319148938,89.96010638297875,0.0,11.18084229186735,0.9028628254991043,-91.36444301986506,-822.508042759956,-1.245169600686984,0.0
3948,1787383125,2026-08-22T07:18:45+00:00,ZAMAUSDT,LONG,overheated_confirmed,ttl_expired,,0.05761,0.05761,0.05761,,,0.0,0.0,,0.05761,0.0,,,,,,,,,,ok,1787378400,2026-08-22T06:00:00+00:00,0.0,-0.974858902001028,5.1007442367035765,6.492335437330928,35.14563106796116,35.14563106796116,0.0,8.98921282107198,1.6500075209251546,-80.08049977529606,-372.6517180984345,0.487429451000514,0.0
3949,1787383154,2026-08-22T07:19:14+00:00,UPUSDT,LONG,overheated_confirmed,ttl_expired,,0.4617,0.4617,0.4617,,,0.0,0.0,,0.4617,0.0,,,,,,,,,,ok,1787378400,2026-08-22T06:00:00+00:00,0.0,11.746559088751777,13.251563251563248,14.99760421657882,23.74323279195668,23.74323279195668,0.0,6.481366716860987,4.475633528265107,104.43213296398892,-31.73609133507648,-5.8732795443758885,0.0
3879,1787383181,2026-08-22T07:19:41+00:00,STXUSDT,LONG,overheated_early,tp,tp,0.1939,0.18561785714285714,0.21046428571428571,0.2105,2.0043122035360095,4.271347528180944,8.542695056361902,2.0000000000000036,0.1939,0.0,1787383179.738,1.2620000839233398,,22.5,68.1,,,,,ok,1787378400,2026-08-22T06:00:00+00:00,0.0,1.758014477766295,-5.11089681774349,4.265402843601893,16.283084004602983,22.324510932105866,0.0,3.026866977572796,0.7550085060253606,-78.85817035208095,-161.86153096257607,-0.8790072388831475,0.0
3950,1787383194,2026-08-22T07:19:54+00:00,MOVEUSDT,LONG,overheated_confirmed,ttl_expired,,0.00876,0.00876,0.00876,,,0.0,0.0,,0.00876,0.0,1787383248.213,54.21300005912781,,,,1.8,1,0,2.0,ok,1787378400,2026-08-22T06:00:00+00:00,0.0,-2.6255707762557194,1.0663507109004715,8.373786407766985,36.72883787661407,36.72883787661407,0.0,9.388579044299519,3.9461479033063016,-30.496229535479184,-92.23922901272624,1.3127853881278597,0.0
3881,1787383204,2026-08-22T07:20:04+00:00,PROMUSDT,LONG,overheated_early,tp,tp,2.814,2.5965535714285717,3.2488928571428572,3.541,3.3433522214010045,7.72730734084678,15.454614681693574,2.000000000000002,2.814,0.0,1787383203.202,0.7980000972747803,,19.4,62.3,,,,,ok,1787378400,2026-08-22T06:00:00+00:00,0.0,-0.1419446415897801,5.274971941638609,16.698436904308032,31.712564543889854,31.712564543889854,0.0,3.9250151307774885,1.8807419122326607,-41.01375397218918,-1006.0181762186904,0.07097232079489005,0.0
3952,1787383222,2026-08-22T07:20:22+00:00,PUMPUSDT,LONG,overheated_confirmed,ttl_expired,,0.00465,0.00465,0.00465,,,0.0,0.0,,0.00465,0.0,,,,,,,,,,ok,1787378400,2026-08-22T06:00:00+00:00,0.0,7.044553300676467,7.798919426826399,11.294117647058812,32.67882187938289,32.67882187938289,0.0,4.2058212743832515,1.8494745055746455,-64.48776005303522,-492.99974375808443,-3.5222766503382337,0.0
3953,1787383242,2026-08-22T07:20:42+00:00,ZRXUSDT,LONG,overheated_confirmed,ttl_expired,,0.1013,0.1013,0.1013,,,0.0,0.0,,0.1013,0.0,,,,,,,,,,ok,1787378400,2026-08-22T06:00:00+00:00,0.0,2.67558528428094,1.1380652890086873,3.345876131394286,10.942742721073703,11.061803225457307,0.0,3.2046414575790205,0.2574191677419084,-97.80139623974429,-1045.7444580231263,-1.33779264214047,0.0
3884,1787383247,2026-08-22T07:20:47+00:00,MOVEUSDT,LONG,overheated_confirmed,sl,sl,0.00875,0.008411964285714287,0.00942607142857143,0.008411964285714287,-1.0,3.8632653061224493,7.726530612244899,2.0,0.00875,0.0,1787383248.213,1.2130000591278076,,,,1.8,1,0,2.0,ok,1787378400,2026-08-22T06:00:00+00:00,0.0,-2.6255707762557194,1.0663507109004715,8.373786407766985,36.72883787661407,36.72883787661407,0.0,9.388579044299519,3.9461479033063016,-30.496229535479184,-92.23922901272624,1.3127853881278597,0.0
3885,1787383289,2026-08-22T07:21:29+00:00,MUBARAKUSDT,LONG,overheated_early,sl,sl,0.02554,0.023120714285714286,0.03037857142857143,0.023120714285714286,-1.0,9.472536077861058,18.945072155722116,2.0,0.02554,0.0,1787383287.945,1.0550000667572021,,15.9,67.4,,,,,ok,1787378400,2026-08-22T06:00:00+00:00,0.0,-0.15151515151514533,-4.699927693420098,3.904136064940087,18.889776357827483,21.659174499387017,0.0,5.435415158359365,0.9495363616285978,-84.00365563652409,-123.9388375191299,0.07575757575757266,0.0
3954,1787383310,2026-08-22T07:21:50+00:00,MAGMAUSDT,LONG,overheated_confirmed,ttl_expired,,0.33182,0.33182,0.33182,,,0.0,0.0,,0.33182,0.0,,,,,,,,,,ok,1787378400,2026-08-22T06:00:00+00:00,0.0,4.158632214937655,0.8965817819562896,8.85048442000524,20.488388101880382,20.488388101880382,0.0,3.7789538351648817,1.389727374785,-65.36902664679141,-924.7473507219598,-2.0793161074688276,0.0
3957,1787383344,2026-08-22T07:22:24+00:00,RECALLUSDT,LONG,overheated_confirmed,ttl_expired,,0.05619,0.05619,0.05619,,,0.0,0.0,,0.05619,0.0,,,,,,,,,,ok,1787378400,2026-08-22T06:00:00+00:00,0.0,7.672684458398751,4.813753581661893,8.97108007082432,12.28461382525847,12.28461382525847,0.0,5.134336509170622,2.601522294369544,-71.6458094430872,-849.28583278031,-3.8363422291993756,0.0
3889,1787383375,2026-08-22T07:22:55+00:00,USELESSUSDT,LONG,overheated_early,tp,tp,0.06441,0.06004928571428571,0.07313142857142857,0.07319,2.013431613431615,6.7702441945571925,13.540488389114385,2.0,0.06441,0.0,1787383374.538,0.46199989318847656,,25.8,55.2,,,,,ok,1787378400,2026-08-22T06:00:00+00:00,0.0,3.6825810656672724,-5.467241123161475,6.755407653910139,51.74468085106382,51.74468085106382,0.0,9.660585640113467,0.3843057047805206,-93.03733865631358,-336.0867652699194,-1.8412905328336362,0.0
3891,1787383850,2026-08-22T07:30:50+00:00,RECALLUSDT,LONG,overheated_confirmed,sl,sl,0.05711,0.05491946428571429,0.06149107142857143,0.05485,-1.0317110948072055,3.8356429947219652,7.6712859894439305,2.0,0.05711,0.0,1787383850.717,0.7170000076293945,,,,1.7,1,8,2.0,ok,1787378400,2026-08-22T06:00:00+00:00,0.0,7.672684458398751,4.813753581661893,8.97108007082432,12.28461382525847,12.28461382525847,0.0,5.134336509170622,2.601522294369544,-71.6458094430872,-849.28583278031,-3.8363422291993756,0.0
3893,1787384746,2026-08-22T07:45:46+00:00,ZAMAUSDT,LONG,overheated_confirmed,sl,sl,0.06476,0.06203,0.07021999999999999,0.06167,-1.1318681318681318,4.215565163681279,8.431130327362558,2.0,0.06476,0.0,1787384746.853,0.8529999256134033,,,,5.9,1,26,2.0,ok,1787378400,2026-08-22T06:00:00+00:00,0.0,-0.974858902001028,5.1007442367035765,6.492335437330928,35.14563106796116,35.14563106796116,0.0,8.98921282107198,1.6500075209251546,-80.08049977529606,-372.6517180984345,0.487429451000514,0.0
3971,1787385936,2026-08-22T08:05:36+00:00,BIGTIMEUSDT,LONG,overheated_confirmed,ttl_expired,,0.006873,0.006873,0.006873,,,0.0,0.0,,0.006873,0.0,1787386012.097,76.09699988365173,,,,2.4,1,0,2.0,ok,1787382000,2026-08-22T07:00:00+00:00,0.0,4.312052415054081,2.2554144884241856,6.338679827267117,10.055865921787715,19.064064928337075,0.0,5.842514754057588,5.195921836505281,51.365117616452615,115.61810819929812,-2.1560262075270407,0.0
3972,1787385944,2026-08-22T08:05:44+00:00,RVNUSDT,LONG,overheated_confirmed,ttl_expired,,0.003628,0.003628,0.003628,,,0.0,0.0,,0.003628,0.0,1787386012.966,68.96600008010864,,,,3.6,1,0,2.0,ok,1787382000,2026-08-22T07:00:00+00:00,0.0,1.561193197658212,-2.801494130202776,3.661971830985913,4.7605633802816865,14.874770922419058,0.0,2.498174773743803,13.004874911498096,159.81698139712228,8.735348332741609,-0.780596598829106,0.0
3896,1787386011,2026-08-22T08:06:51+00:00,BIGTIMEUSDT,LONG,overheated_confirmed,sl,sl,0.006846,0.006569625,0.007398749999999999,0.006558,-1.0420624151967448,4.037028921998243,8.074057843996487,2.0,0.006846,0.0,1787386012.097,1.0969998836517334,,,,2.4,1,0,2.0,ok,1787382000,2026-08-22T07:00:00+00:00,0.0,4.312052415054081,2.2554144884241856,6.338679827267117,10.055865921787715,19.064064928337075,0.0,5.842514754057588,5.195921836505281,51.365117616452615,115.61810819929812,-2.1560262075270407,0.0
3975,1787386064,2026-08-22T08:07:44+00:00,AAVEUSDT,LONG,overheated_confirmed,ttl_expired,,122.7,122.7,122.7,,,0.0,0.0,,122.7,0.0,,,,,,,,,,ok,1787382000,2026-08-22T07:00:00+00:00,0.0,0.8707795941838514,-3.1166166955972767,1.9577069221873487,4.566248729244324,15.477477477477484,0.0,3.7465888621982377,0.3113333624766242,-27.833914566293945,55.53433671106512,-0.4353897970919257,0.0
3900,1787386537,2026-08-22T08:15:37+00:00,KAIAUSDT,LONG,overheated_confirmed,sl,sl,0.03277,0.0314875,0.035335,0.03079,-1.5438596491228076,3.913640524870305,7.82728104974061,2.0,0.03277,0.0,1787386537.843,0.8429999351501465,,,,2.4,1,97,2.0,ok,1787382000,2026-08-22T07:00:00+00:00,0.0,-0.7992622194897119,-6.707140792136462,3.8641321283889,3.8641321283889,18.455228981544778,0.0,3.7960708005358437,0.8928491054825047,45.602649006622514,137.12326626076253,0.39963110974485594,0.0
3902,1787387151,2026-08-22T08:25:51+00:00,UAIUSDT,SHORT,ema_cross,tp,tp,0.24543,0.25744172413793104,0.22140655172413795,0.22105,2.029683642418329,4.894154805007957,9.788309610015913,2.0,0.24543,0.0,1787387151.97,0.9700000286102295,0.626,,,,,,,ok,1787382000,2026-08-22T07:00:00+00:00,-0.0,-1.948812311809969,14.69363474122547,2.636763781177946,3.42178184566294,48.150775154524275,0.0,9.007661573967633,1.0036963442514368,-39.918144611186904,37.25567534848581,0.9744061559049845,0.0
3903,1787387258,2026-08-22T08:27:38+00:00,ICXUSDT,LONG,ema_cross,sl,sl,0.01796,0.017240000000000002,0.0194,0.01706,-1.2500000000000049,4.008908685968811,8.01781737193764,2.000000000000005,0.01796,0.0,1787387258.927,0.9270000457763672,0.208,,,,,,,ok,1787382000,2026-08-22T07:00:00+00:00,0.0,2.931034482758621,-3.189189189189191,3.5118019573978088,5.702527924750139,23.112582781456943,0.0,6.099329288354807,0.32224556539495136,86.84573720118743,185.17580041196075,-1.4655172413793105,0.0
3977,1787387258,2026-08-22T08:27:38+00:00,ICXUSDT,LONG,ema_cross_confirmed,ttl_expired,,0.01796,0.01796,0.01796,,,0.0,0.0,,0.01796,0.0,,,,,,,,,,ok,1787382000,2026-08-22T07:00:00+00:00,0.0,2.931034482758621,-3.189189189189191,3.5118019573978088,5.702527924750139,23.112582781456943,0.0,6.099329288354807,0.32224556539495136,86.84573720118743,185.17580041196075,-1.4655172413793105,0.0
3904,1787387375,2026-08-22T08:29:35+00:00,BASUSDT,SHORT,ema_cross,tp,tp,0.025534,0.02633751724137931,0.02392696551724138,0.023851,2.094541241095189,3.146852202472425,6.293704404944863,2.0000000000000044,0.025534,0.0,1787387375.52,0.5199999809265137,0.269,,,,,,,ok,1787382000,2026-08-22T07:00:00+00:00,-0.0,-0.6212889780189608,4.486581314620575,1.1518283302433854,2.0576295470827035,16.837551373566946,0.0,3.5733503024741506,0.4796324655436447,-28.947368421052634,65.25507265638845,0.3106444890094804,0.0
3978,1787387375,2026-08-22T08:29:35+00:00,BASUSDT,SHORT,ema_cross_confirmed,ttl_expired,,0.025534,0.025534,0.025534,,,0.0,0.0,,0.025534,0.0,,,,,,,,,,ok,1787382000,2026-08-22T07:00:00+00:00,-0.0,-0.6212889780189608,4.486581314620575,1.1518283302433854,2.0576295470827035,16.837551373566946,0.0,3.5733503024741506,0.4796324655436447,-28.947368421052634,65.25507265638845,0.3106444890094804,0.0
3936,1787388336,2026-08-22T08:45:36+00:00,CCUSDT,LONG,overheated_confirmed,sl,sl,0.12134,0.11686035714285714,0.13029928571428573,0.11663,-1.0514231045204496,3.691810497068454,7.383620994136908,2.0,0.12134,0.0,1787388337.172,1.1719999313354492,,,,2.0,1,128,2.0,ok,1787382000,2026-08-22T07:00:00+00:00,0.0,0.49447832536674075,0.04102059233736022,1.9894675248683384,4.615770549377036,11.825169824812304,0.0,1.2808873070626219,0.7163121641056696,-15.47695605573419,62.266895474525114,-0.24723916268337037,0.0
3937,1787388339,2026-08-22T08:45:39+00:00,NILUSDT,LONG,ema_cross_confirmed,sl,sl,0.05091,0.04709793103448275,0.058534137931034486,0.04701,-1.0230664857530505,7.48785889907139,14.97571779814278,2.0,0.05091,0.0,1787388339.829,0.8289999961853027,,,,1.9,1,109,2.0,ok,1787382000,2026-08-22T07:00:00+00:00,0.0,3.781157583438952,-4.136585365853652,4.572396274343781,8.28583954405962,39.892328398384926,0.0,7.132047941192433,0.44924207713393055,-42.3010208209587,50.58659172656667,-1.890578791719476,0.0
3938,1787388341,2026-08-22T08:45:41+00:00,ACUUSDT,SHORT,ema_cross_confirmed,sl,sl,0.11525,0.1319748275862069,0.0818003448275862,0.1427,-1.6412725248443352,14.511780985862819,29.023561971725638,2.0,0.11525,0.0,1787388341.197,0.19700002670288086,,,,1.6,1,108,2.0,ok,1787382000,2026-08-22T07:00:00+00:00,-0.0,-0.5841422558199468,-0.15396458814472638,2.273910779378578,2.273910779378578,11.17297698589459,0.0,0.4824913616601537,0.7847351883054784,-25.29811924769908,59.70800070334131,0.2920711279099734,0.0
3939,1787388345,2026-08-22T08:45:45+00:00,TUTUSDT,LONG,ema_cross_confirmed,tp,tp,0.040262,0.03292710344827586,0.05493179310344828,0.05493179310344828,2.0,18.217914042333067,36.435828084666134,2.0,0.040262,0.0,1787388345.141,0.14100003242492676,,,,2.8,1,105,2.0,ok,1787382000,2026-08-22T07:00:00+00:00,0.0,1.599645103207125,-3.047960555804562,3.0918077610684525,7.583406496927117,27.924827145076307,0.0,4.260706336473254,0.38238433880868894,-25.788491722687834,58.45594878160952,-0.7998225516035625,0.0
3940,1787388354,2026-08-22T08:45:54+00:00,BASUSDT,SHORT,ema_cross_confirmed,tp,tp,0.025234,0.02684103448275862,0.022019931034482756,0.021814,2.1281435069951065,6.368528504234848,12.737057008469696,2.0,0.025234,0.0,1787388354.936,0.9360001087188721,,,,3.2,1,15,2.0,ok,1787382000,2026-08-22T07:00:00+00:00,-0.0,-0.6212889780189608,4.486581314620575,1.1518283302433854,2.0576295470827035,16.837551373566946,0.0,3.5733503024741506,0.4796324655436447,-28.947368421052634,65.25507265638845,0.3106444890094804,0.0
3943,1787389234,2026-08-22T09:00:34+00:00,POLUSDT,LONG,overheated_confirmed,sl,sl,0.11899,0.11441553571428571,0.12813892857142856,0.11362,-1.1739079517507904,3.844410694776272,7.6888213895525315,1.999999999999997,0.11899,0.0,1787389235.212,1.2119998931884766,,,,2.3,1,146,2.0,ok,1787385600,2026-08-22T08:00:00+00:00,0.0,5.226388397594622,10.626626998884339,9.755877034358042,11.859565057132318,22.331956061674894,0.0,2.4813056288046766,4.585175377818634,202.57109487465027,258.37460735319246,-2.613194198797311,0.0
3944,1787389242,2026-08-22T09:00:42+00:00,HOMEUSDT,LONG,ema_cross_confirmed,sl,sl,0.00646,0.0060037931034482754,0.007372413793103448,0.0060037931034482754,-1.0,7.0620262624105905,14.124052524821181,2.0,0.00646,0.0,1787389242.44,0.440000057220459,,,,1.7,1,121,2.0,ok,1787385600,2026-08-22T08:00:00+00:00,0.0,1.8927444794952595,4.530744336569578,4.166666666666663,5.008077544426486,25.703564727954987,0.0,0.5846413345771031,0.8907141550765926,30.00856164383562,37.83251276797162,-0.9463722397476297,0.0
3947,1787390124,2026-08-22T09:15:24+00:00,UAIUSDT,SHORT,ema_cross_confirmed,sl,sl,0.23495,0.25897344827586205,0.18690310344827588,0.27123,-1.510191192513064,10.224919461954483,20.449838923908967,2.0,0.23495,0.0,1787390124.135,0.13499999046325684,,,,3.2,1,49,2.0,ok,1787385600,2026-08-22T08:00:00+00:00,-0.0,1.4275166133398898,1.9223705154891604,2.9732449886773398,2.9732449886773398,46.33194852568648,0.0,2.2866667252367314,0.899178772449525,-7.311534968210717,32.60660964297619,-0.7137583066699449,0.0
3951,1787397609,2026-08-22T11:20:09+00:00,MOVEUSDT,LONG,overheated_early,sl,sl,0.00878,0.00831017857142857,0.009719642857142857,0.00824,-1.1493728620296433,5.351041327692811,10.702082655385622,2.0,0.00878,0.0,1787397608.067,0.9330000877380371,,27.2,65.0,,,,,ok,1787392800,2026-08-22T10:00:00+00:00,0.0,-1.5927189988623378,-6.788793103448279,6.031363088057885,10.615199034981892,13.027744270205059,0.0,2.2382805389102245,0.9765776599279742,-12.99200398218758,14.08644747022003,0.7963594994311689,0.0
3955,1787397753,2026-08-22T11:22:33+00:00,ZECUSDT,LONG,overheated_early,tp,tp,781.03,735.5591071428571,871.9717857142857,871.9717857142857,2.0,5.821913736622521,11.643827473245041,2.0,781.03,0.0,1787397751.771,1.2290000915527344,,20.2,63.2,,,,,ok,1787392800,2026-08-22T10:00:00+00:00,0.0,-0.7549871865735379,-2.5688774880990604,4.523064894448793,4.523064894448793,7.793849361480332,0.0,1.3863897769098856,0.7772103028399997,88.50432932821606,158.83580208184202,0.37749359328676896,0.0
4014,1787397769,2026-08-22T11:22:49+00:00,POLUSDT,LONG,overheated_confirmed,ttl_expired,,0.11064,0.11064,0.11064,,,0.0,0.0,,0.11064,0.0,,,,,,,,,,ok,1787392800,2026-08-22T10:00:00+00:00,0.0,-2.5183352478572103,-2.440749911567031,10.475911267467989,16.622691292875984,18.6260138766735,0.0,5.27122212292047,3.1575596677703794,26.175932943956486,57.71970049370621,1.2591676239286052,0.0
3959,1787397790,2026-08-22T11:23:10+00:00,MELANIAUSDT,LONG,overheated_early,sl,sl,0.11198,0.10428982142857142,0.12736035714285715,0.10428982142857142,-1.0,6.867457198989621,13.734914397979242,2.0,0.11198,0.0,1787397789.273,0.7269999980926514,,29.6,60.2,,,,,ok,1787392800,2026-08-22T10:00:00+00:00,0.0,7.315716272600829,3.274739002409202,12.025255907395005,12.025255907395005,17.10513728116331,0.0,5.457884484680357,1.0704542249686746,-5.924414821769783,32.52499608262963,-3.6578581363004146,0.0
3962,1787397854,2026-08-22T11:24:14+00:00,TRUMPUSDT,LONG,overheated_early,sl,sl,2.693,2.4815,3.116,2.4815,-1.0,7.853694764203491,15.707389528406981,2.0,2.693,0.0,1787397853.08,0.9200000762939453,,51.5,68.9,,,,,ok,1787392800,2026-08-22T10:00:00+00:00,0.0,7.367582636399843,-5.23725834797891,13.734439834024895,13.941908713692937,25.186721991701233,0.0,7.922256371926343,2.218274526256618,17.304155870277256,-41.02279045728438,-3.6837913181999213,0.0
3973,1787400469,2026-08-22T12:07:49+00:00,POLUSDT,LONG,overheated_early,sl,sl,0.10945,0.10347035714285716,0.12140928571428572,0.10234,-1.189034223257483,5.463355739737643,10.926711479475298,2.000000000000002,0.10945,0.0,1787400467.755,1.244999885559082,,20.8,66.8,,,,,ok,1787396400,2026-08-22T11:00:00+00:00,0.0,1.314358230601879,-6.067736784603752,2.3915613349095275,10.475911267467989,18.6260138766735,0.0,3.185764279218334,1.094183270538452,-62.31012263562668,-88.48605557958317,-0.6571791153009395,0.0
3974,1787400477,2026-08-22T12:07:57+00:00,LITUSDT,LONG,overheated_early,tp,tp,3.157,2.9219285714285714,3.6271428571428572,3.687,2.2546338498936485,7.446038282275216,14.892076564550432,2.0,3.157,0.0,1787400476.461,0.5390000343322754,,16.5,56.7,,,,,ok,1787396400,2026-08-22T11:00:00+00:00,0.0,2.230239422761563,1.8627450980392135,4.1583499667332005,4.1583499667332005,4.1583499667332005,0.0,1.4912739859160404,0.48429330415960703,-19.867761407816655,-14.642496871981594,-1.1151197113807816,0.0
3981,1787403287,2026-08-22T12:54:47+00:00,TAGUSDT,SHORT,ema_cross,tp,tp,0.0008588,0.000896603448275862,0.0007831931034482758,0.0007831931034482758,2.0,4.401891974366798,8.803783948733596,2.0,0.0008588,0.0,1787403289.273,2.2730000019073486,0.919,,,,,,,ok,1787396400,2026-08-22T11:00:00+00:00,-0.0,0.7080673244341249,3.995510662177329,1.7365623154164178,4.477259303012405,6.119314825753095,0.0,1.3553898926703793,0.41818181818181815,-60.38751345532831,-128.83719613891853,-0.35403366221706245,0.0
4057,1787403288,2026-08-22T12:54:48+00:00,TAGUSDT,SHORT,ema_cross_confirmed,ttl_expired,,0.0008588,0.0008588,0.0008588,,,0.0,0.0,,0.0008588,0.0,,,,,,,,,,ok,1787396400,2026-08-22T11:00:00+00:00,-0.0,0.7080673244341249,3.995510662177329,1.7365623154164178,4.477259303012405,6.119314825753095,0.0,1.3553898926703793,0.41818181818181815,-60.38751345532831,-128.83719613891853,-0.35403366221706245,0.0
3983,1787403352,2026-08-22T12:55:52+00:00,BSBUSDT,SHORT,ema_cross,tp,tp,0.11369,0.12086689655172414,0.09933620689655173,0.09933620689655173,1.999999999999998,6.3126893761317096,12.625378752263408,1.999999999999998,0.11369,0.0,1787403352.969,0.9690001010894775,0.184,,,,,,,ok,1787396400,2026-08-22T11:00:00+00:00,-0.0,-1.7004985754985709,1.7883243057346736,1.963233981795461,3.9628929118256337,5.503017202557858,0.0,2.2325812668399383,0.21439089035044667,-92.72534602478179,-927.0574634470503,0.8502492877492854,0.0
4058,1787403352,2026-08-22T12:55:52+00:00,BSBUSDT,SHORT,ema_cross_confirmed,ttl_expired,,0.11369,0.11369,0.11369,,,0.0,0.0,,0.11369,0.0,1787403625.564,273.5639998912811,,,,1.6,1,4,2.0,ok,1787396400,2026-08-22T11:00:00+00:00,-0.0,-1.7004985754985709,1.7883243057346736,1.963233981795461,3.9628929118256337,5.503017202557858,0.0,2.2325812668399383,0.21439089035044667,-92.72534602478179,-927.0574634470503,0.8502492877492854,0.0
3984,1787403405,2026-08-22T12:56:45+00:00,TRADOORUSDT,SHORT,ema_cross,sl,sl,0.579,0.6044827586206897,0.5280344827586206,0.605,-1.0202976995940445,4.401167292001679,8.802334584003338,1.9999999999999956,0.579,0.0,1787403406.655,1.6549999713897705,0.356,,,,,,,ok,1787396400,2026-08-22T11:00:00+00:00,-0.0,-0.17211703958691926,2.348993288590606,1.2110726643598628,3.6649214659685905,6.282722513089012,0.0,1.2561611457736976,0.2736813284438088,-71.37948680459097,-112.6331010135955,0.08605851979345963,0.0
4059,1787403406,2026-08-22T12:56:46+00:00,TRADOORUSDT,SHORT,ema_cross_confirmed,ttl_expired,,0.579,0.579,0.579,,,0.0,0.0,,0.579,0.0,1787403626.781,220.78099989891052,,,,1.7,1,3,2.0,ok,1787396400,2026-08-22T11:00:00+00:00,-0.0,-0.17211703958691926,2.348993288590606,1.2110726643598628,3.6649214659685905,6.282722513089012,0.0,1.2561611457736976,0.2736813284438088,-71.37948680459097,-112.6331010135955,0.08605851979345963,0.0
3985,1787403454,2026-08-22T12:57:34+00:00,POWERUSDT,SHORT,ema_cross,sl,sl,0.08109,0.08454413793103448,0.07418172413793103,0.08454413793103448,-1.0,4.259634888438132,8.519269776876264,2.0,0.08109,0.0,1787403456.408,2.4079999923706055,0.769,,,,,,,ok,1787396400,2026-08-22T11:00:00+00:00,-0.0,0.5650411497359072,2.9725518398657678,1.0053369740598128,2.409788987389189,5.144212760644274,0.0,1.2013556648892083,0.40288568257491675,-40.41896177599733,-25.36153940253923,-0.2825205748679536,0.0
4060,1787403455,2026-08-22T12:57:35+00:00,POWERUSDT,SHORT,ema_cross_confirmed,ttl_expired,,0.08109,0.08109,0.08109,,,0.0,0.0,,0.08109,0.0,,,,,,,,,,ok,1787396400,2026-08-22T11:00:00+00:00,-0.0,0.5650411497359072,2.9725518398657678,1.0053369740598128,2.409788987389189,5.144212760644274,0.0,1.2013556648892083,0.40288568257491675,-40.41896177599733,-25.36153940253923,-0.2825205748679536,0.0
3986,1787403562,2026-08-22T12:59:22+00:00,ESPORTSUSDT,SHORT,ema_cross,open,,0.01509,0.01585862068965517,0.013552758620689654,,,5.093576472201265,10.187152944402554,2.0000000000000044,0.01509,0.0,1787403563.269,1.2690000534057617,0.21,,,,,,,ok,1787396400,2026-08-22T11:00:00+00:00,-0.0,-0.6666666666666743,1.9480519480519474,1.3422818791946343,2.7063599458728085,4.66847090663058,0.0,1.2070141848994673,0.37444761449494174,-51.07342716635578,-116.06139650215121,0.33333333333333715,0.0
4061,1787403563,2026-08-22T12:59:23+00:00,ESPORTSUSDT,SHORT,ema_cross_confirmed,ttl_expired,,0.01509,0.01509,0.01509,,,0.0,0.0,,0.01509,0.0,,,,,,,,,,ok,1787396400,2026-08-22T11:00:00+00:00,-0.0,-0.6666666666666743,1.9480519480519474,1.3422818791946343,2.7063599458728085,4.66847090663058,0.0,1.2070141848994673,0.37444761449494174,-51.07342716635578,-116.06139650215121,0.33333333333333715,0.0
3987,1787403624,2026-08-22T13:00:24+00:00,BSBUSDT,SHORT,ema_cross_confirmed,open,,0.11241,0.12676379310344826,0.08370241379310346,,,12.769142517078791,25.538285034157582,2.0,0.11241,0.0,1787403625.564,1.563999891281128,,,,1.6,1,4,2.0,ok,1787400000,2026-08-22T12:00:00+00:00,-0.0,1.5932767224021729,2.658468998960862,2.343193157519595,2.507585222202385,5.178780509772126,0.0,2.313106279280426,0.2751924594776999,28.085867620751344,120.81121364553313,-0.7966383612010864,0.0
3988,1787403626,2026-08-22T13:00:26+00:00,TRADOORUSDT,SHORT,ema_cross_confirmed,sl,sl,0.572,0.6229655172413793,0.4700689655172413,0.623,-1.000676589986469,8.910055461779603,17.820110923559206,2.0,0.572,0.0,1787403626.781,0.7809998989105225,,,,1.7,1,3,2.0,ok,1787400000,2026-08-22T12:00:00+00:00,-0.0,1.7182130584192454,3.703703703703707,2.0979020979021,2.2727272727272747,4.720279720279725,0.0,1.2614129829225065,0.5591379985522552,100.5874840357599,171.96697084035088,-0.8591065292096227,0.0
3992,1787405422,2026-08-22T13:30:22+00:00,UPUSDT,LONG,overheated_confirmed,open,,0.4584,0.42005892857142857,0.5350821428571428,,,8.364108077786083,16.728216155572177,2.0000000000000013,0.4584,0.0,1787405422.86,0.8599998950958252,,,,2.6,1,50,2.0,ok,1787400000,2026-08-22T12:00:00+00:00,0.0,-0.37453183520600014,0.7126948775055636,1.7317939609236177,2.7584660237721415,8.504122497055365,0.0,1.1419324600802125,0.7176507397309256,-0.4464285714285714,81.36683259230621,0.18726591760300007,0.0
4067,1787406274,2026-08-22T13:44:34+00:00,PUMPUSDT,LONG,overheated_confirmed,ttl_expired,,0.004749,0.004749,0.004749,,,0.0,0.0,,0.004749,0.0,,,,,,,,,,ok,1787400000,2026-08-22T12:00:00+00:00,0.0,0.19396551724138636,6.19004111466424,4.219780219780208,7.236544549977387,14.320154291224686,0.0,1.57894944191522,1.3687495817118152,-3.6602261093079487,17.82614042675065,-0.09698275862069318,0.0
4068,1787406288,2026-08-22T13:44:48+00:00,UPUSDT,LONG,overheated_confirmed,ttl_expired,,0.4434,0.4434,0.4434,,,0.0,0.0,,0.4434,0.0,,,,,,,,,,ok,1787400000,2026-08-22T12:00:00+00:00,0.0,-0.37453183520600014,0.7126948775055636,1.7317939609236177,2.7584660237721415,8.504122497055365,0.0,1.1419324600802125,0.7176507397309256,-0.4464285714285714,81.36683259230621,0.18726591760300007,0.0
3997,1787406346,2026-08-22T13:45:46+00:00,TAGUSDT,SHORT,ema_cross_confirmed,open,,0.0008471,0.0009227068965517242,0.0006958862068965518,,,8.925380303591561,17.850760607183123,2.0,0.0008471,0.0,1787406346.866,0.8659999370574951,,,,2.7,1,50,2.0,ok,1787400000,2026-08-22T12:00:00+00:00,-0.0,0.3974748655599689,3.9458850056369768,1.7541794207675987,2.1027761370348492,5.3987005316007055,0.0,1.37293801351436,0.28779831456695704,-30.978260869565215,29.409252585763095,-0.19873743277998446,0.0
4069,1787407358,2026-08-22T14:02:38+00:00,TUTUSDT,LONG,ema_cross_confirmed,ttl_expired,,0.0443,0.0443,0.0443,,,0.0,0.0,,0.0443,0.0,,,,,,,,,,ok,1787403600,2026-08-22T13:00:00+00:00,0.0,1.9924633887672787,11.541593662858112,5.837486959545611,8.385365969468912,17.65024224306773,0.0,1.4445643451235144,1.528921756742003,70.05811416903718,76.50240622755338,-0.9962316943836393,0.0
4005,1787409049,2026-08-22T14:30:49+00:00,ESPORTSUSDT,SHORT,ema_cross_confirmed,open,,0.01503,0.016567241379310343,0.011955517241379313,,,10.227820221625706,20.45564044325141,2.0,0.01503,0.0,1787409049.467,0.46700000762939453,,,,1.5,1,91,2.0,ok,1787403600,2026-08-22T13:00:00+00:00,-0.0,-0.1328903654485111,-0.4666666666666708,1.0013351134846402,1.3351134846461985,2.7063599458728085,0.0,0.4984421222996377,0.393113045671334,-3.2004790737906714,-7.380431936677127,0.06644518272425555,0.0
4011,1787411748,2026-08-22T15:15:48+00:00,POWERUSDT,SHORT,ema_cross_confirmed,open,,0.08031,0.08721827586206897,0.06649344827586208,,,8.60201203096621,17.20402406193242,2.0,0.08031,0.0,1787411748.845,0.8450000286102295,,,,2.2,1,138,2.0,ok,1787407200,2026-08-22T14:00:00+00:00,-0.0,1.073825503355695,-0.14823965410748485,1.5476043085303963,1.980933514918911,2.234082164577381,0.0,0.9952620989108333,0.5597554156409084,11.891766345372199,49.046926176053844,-0.5369127516778475,0.0
4018,1787414135,2026-08-22T15:55:35+00:00,CVXUSDT,LONG,overheated_early,sl,sl,2.117,2.003589285714286,2.3438214285714283,2.003,-1.0051960321209261,5.3571428571428505,10.714285714285701,2.0,2.117,0.0,1787414134.416,0.5840001106262207,,15.9,58.3,,,,,ok,1787407200,2026-08-22T14:00:00+00:00,0.0,-1.7652671755725153,-1.436093824796544,3.625673689367971,3.625673689367971,7.071713147410354,0.0,1.297706356658282,2.63799007462521,675.3913043478261,757.2226996966633,0.8826335877862577,0.0
4019,1787414291,2026-08-22T15:58:11+00:00,TRUMPUSDT,LONG,overheated_early,tp,tp,2.423,2.1876607142857143,2.8936785714285715,2.899,2.0226117307838223,9.712723306408822,19.425446612817645,2.0,2.423,0.0,1787414289.912,1.0880000591278076,,28.9,59.3,,,,,ok,1787407200,2026-08-22T14:00:00+00:00,0.0,-4.340770791075042,-12.504638218923924,6.016330038676413,9.883970777825526,19.338203695745605,0.0,3.5316070375741755,1.320136627341524,17.885564150695917,4.886602611159864,2.170385395537521,0.0
4027,1787415331,2026-08-22T16:15:31+00:00,JELLYJELLYUSDT,SHORT,ema_cross,sl,sl,0.05496,0.05668,0.05152,0.05682,-1.0813953488372101,3.1295487627365346,6.259097525473069,2.0,0.05496,0.0,1787415333.164,2.1640000343322754,0.19,,,,,,,ok,1787410800,2026-08-22T15:00:00+00:00,-0.0,-0.5482456140350908,0.10893246187363391,1.5279823269513944,1.6028002947678626,2.4502579218865104,0.0,0.6020668124107976,0.37559228309762455,92.18436873747495,85.54416113558212,0.2741228070175454,0.0
4089,1787415332,2026-08-22T16:15:32+00:00,JELLYJELLYUSDT,SHORT,ema_cross_confirmed,ttl_expired,,0.05496,0.05496,0.05496,,,0.0,0.0,,0.05496,0.0,,,,,,,,,,ok,1787410800,2026-08-22T15:00:00+00:00,-0.0,-0.5482456140350908,0.10893246187363391,1.5279823269513944,1.6028002947678626,2.4502579218865104,0.0,0.6020668124107976,0.37559228309762455,92.18436873747495,85.54416113558212,0.2741228070175454,0.0
4028,1787415337,2026-08-22T16:15:37+00:00,RIVERUSDT,SHORT,ema_cross,tp,tp,2.477,2.6204827586206894,2.1900344827586204,2.184,2.0420571977889934,5.792602285857469,11.585204571714955,2.000000000000003,2.477,0.0,1787415338.417,1.4170000553131104,0.435,,,,,,,ok,1787410800,2026-08-22T15:00:00+00:00,-0.0,0.40209087253720266,1.978630787495064,1.752241238793794,2.485737571312141,3.911980440097785,0.0,0.3009536900305847,0.4128054224441084,-54.0632603406326,-440.26199851097965,-0.20104543626860133,0.0
4090,1787415338,2026-08-22T16:15:38+00:00,RIVERUSDT,SHORT,ema_cross_confirmed,ttl_expired,,2.477,2.477,2.477,,,0.0,0.0,,2.477,0.0,1787415350.761,12.760999917984009,,,,3.5,1,0,2.0,ok,1787410800,2026-08-22T15:00:00+00:00,-0.0,0.40209087253720266,1.978630787495064,1.752241238793794,2.485737571312141,3.911980440097785,0.0,0.3009536900305847,0.4128054224441084,-54.0632603406326,-440.26199851097965,-0.20104543626860133,0.0
4029,1787415342,2026-08-22T16:15:42+00:00,BLUAIUSDT,SHORT,ema_cross,sl,sl,0.012029,0.012517655172413792,0.011051689655172413,0.012517655172413792,-1.0,4.06230918957347,8.124618379146952,2.0000000000000036,0.012029,0.0,1787415343.383,1.3829998970031738,0.886,,,,,,,ok,1787410800,2026-08-22T15:00:00+00:00,-0.0,1.4459415050936641,4.2235528942115765,2.716525530309379,4.510773874402618,5.298901651714602,0.0,0.9012169730178203,1.0942539653715333,15.356069977027746,-82.71883376815951,-0.7229707525468321,0.0
4091,1787415343,2026-08-22T16:15:43+00:00,BLUAIUSDT,SHORT,ema_cross_confirmed,ttl_expired,,0.012029,0.012029,0.012029,,,0.0,0.0,,0.012029,0.0,,,,,,,,,,ok,1787410800,2026-08-22T15:00:00+00:00,-0.0,1.4459415050936641,4.2235528942115765,2.716525530309379,4.510773874402618,5.298901651714602,0.0,0.9012169730178203,1.0942539653715333,15.356069977027746,-82.71883376815951,-0.7229707525468321,0.0
4030,1787415350,2026-08-22T16:15:50+00:00,RIVERUSDT,SHORT,ema_cross_confirmed,tp,tp,2.45,2.7369655172413796,1.8760689655172413,1.751,2.4358327325162223,11.71287825475018,23.42575650950036,2.0,2.45,0.0,1787415350.761,0.7609999179840088,,,,3.5,1,0,2.0,ok,1787410800,2026-08-22T15:00:00+00:00,-0.0,0.40209087253720266,1.978630787495064,1.752241238793794,2.485737571312141,3.911980440097785,0.0,0.3009536900305847,0.4128054224441084,-54.0632603406326,-440.26199851097965,-0.20104543626860133,0.0
4031,1787415362,2026-08-22T16:16:02+00:00,B2USDT,SHORT,ema_cross,tp,tp,0.4409,0.45853793103448276,0.4056241379310345,0.4056241379310345,2.0,4.00043797561414,8.00087595122828,2.0,0.4409,0.0,1787415362.923,0.9230000972747803,0.491,,,,,,,ok,1787410800,2026-08-22T15:00:00+00:00,-0.0,0.4755434782608675,2.3767214571301616,0.8648156577150592,1.4792899408284037,2.8903049613108758,0.0,0.5650999964252174,0.3408875702291522,-46.996466431095406,-72.77424420887318,-0.23777173913043376,0.0
4092,1787415362,2026-08-22T16:16:02+00:00,B2USDT,SHORT,ema_cross_confirmed,ttl_expired,,0.4409,0.4409,0.4409,,,0.0,0.0,,0.4409,0.0,,,,,,,,,,ok,1787410800,2026-08-22T15:00:00+00:00,-0.0,0.4755434782608675,2.3767214571301616,0.8648156577150592,1.4792899408284037,2.8903049613108758,0.0,0.5650999964252174,0.3408875702291522,-46.996466431095406,-72.77424420887318,-0.23777173913043376,0.0
4032,1787415410,2026-08-22T16:16:50+00:00,COAIUSDT,SHORT,ema_cross,sl,sl,0.2847,0.29787586206896555,0.258348275862069,0.2983,-1.032190526040302,4.627981056889897,9.255962113779775,1.9999999999999958,0.2847,0.0,1787415411.103,1.1029999256134033,0.879,,,,,,,ok,1787410800,2026-08-22T15:00:00+00:00,-0.0,1.0431154381084848,2.467443454420831,1.9067796610169547,3.6016949152542326,5.120056497175145,0.0,0.9488951204403816,0.5082709242037693,-36.69536695366954,-390.60355553927747,-0.5215577190542424,0.0
4093,1787415411,2026-08-22T16:16:51+00:00,COAIUSDT,SHORT,ema_cross_confirmed,ttl_expired,,0.2847,0.2847,0.2847,,,0.0,0.0,,0.2847,0.0,,,,,,,,,,ok,1787410800,2026-08-22T15:00:00+00:00,-0.0,1.0431154381084848,2.467443454420831,1.9067796610169547,3.6016949152542326,5.120056497175145,0.0,0.9488951204403816,0.5082709242037693,-36.69536695366954,-390.60355553927747,-0.5215577190542424,0.0
4033,1787415422,2026-08-22T16:17:02+00:00,EDENUSDT,SHORT,ema_cross,sl,sl,0.05042,0.05451103448275862,0.042237931034482756,0.05455,-1.0095246122724217,8.113912103844939,16.227824207689892,2.0000000000000018,0.05042,0.0,1787415423.262,1.2620000839233398,0.449,,,,,,,ok,1787410800,2026-08-22T15:00:00+00:00,-0.0,0.19833399444665387,0.6319115323854677,1.9257773319959932,2.0060180541624897,4.132397191574723,0.0,0.7691719543831639,0.30844804630454936,49.540928488296906,110.27316837048855,-0.09916699722332693,0.0
4094,1787415423,2026-08-22T16:17:03+00:00,EDENUSDT,SHORT,ema_cross_confirmed,ttl_expired,,0.05042,0.05042,0.05042,,,0.0,0.0,,0.05042,0.0,,,,,,,,,,ok,1787410800,2026-08-22T15:00:00+00:00,-0.0,0.19833399444665387,0.6319115323854677,1.9257773319959932,2.0060180541624897,4.132397191574723,0.0,0.7691719543831639,0.30844804630454936,49.540928488296906,110.27316837048855,-0.09916699722332693,0.0
4034,1787415453,2026-08-22T16:17:33+00:00,SWARMSUSDT,SHORT,ema_cross,sl,sl,0.00776,0.008256827586206897,0.0067663448275862076,0.008274,-1.0345641310383118,6.402417348027016,12.804834696054032,2.0,0.00776,0.0,1787415454.282,1.2820000648498535,0.688,,,,,,,ok,1787410800,2026-08-22T15:00:00+00:00,-0.0,0.0258665287118503,1.3653183616179703,1.5539305301645363,2.90827740492171,5.0664561126464,0.0,0.673255684273618,0.2657445006611076,-72.49170028937293,-602.019404146927,-0.01293326435592515,0.0
4095,1787415454,2026-08-22T16:17:34+00:00,SWARMSUSDT,SHORT,ema_cross_confirmed,ttl_expired,,0.00776,0.00776,0.00776,,,0.0,0.0,,0.00776,0.0,,,,,,,,,,ok,1787410800,2026-08-22T15:00:00+00:00,-0.0,0.0258665287118503,1.3653183616179703,1.5539305301645363,2.90827740492171,5.0664561126464,0.0,0.673255684273618,0.2657445006611076,-72.49170028937293,-602.019404146927,-0.01293326435592515,0.0
4035,1787415457,2026-08-22T16:17:37+00:00,MUUUSDT,SHORT,ema_cross,tp,tp,30.91,32.346896551724136,28.036206896551725,28.036206896551725,2.0000000000000027,4.648646236571128,9.297292473142267,2.0000000000000027,30.91,0.0,1787415457.967,0.9670000076293945,0.192,,,,,,,ok,1787410800,2026-08-22T15:00:00+00:00,-0.0,0.3225806451612949,1.056676272814607,0.4860661049902856,0.9721322099805597,1.3609850939727859,0.0,0.05576607895290714,0.7600728025465886,76.50783519676028,60.8186550224983,-0.16129032258064746,0.0
4096,1787415457,2026-08-22T16:17:37+00:00,MUUUSDT,SHORT,ema_cross_confirmed,ttl_expired,,30.91,30.91,30.91,,,0.0,0.0,,30.91,0.0,,,,,,,,,,ok,1787410800,2026-08-22T15:00:00+00:00,-0.0,0.3225806451612949,1.056676272814607,0.4860661049902856,0.9721322099805597,1.3609850939727859,0.0,0.05576607895290714,0.7600728025465886,76.50783519676028,60.8186550224983,-0.16129032258064746,0.0
4036,1787415476,2026-08-22T16:17:56+00:00,MAVIAUSDT,SHORT,ema_cross,sl,sl,0.02925,0.030261724137931035,0.027226551724137932,0.03032,-1.057600545330606,3.458885941644558,6.917771883289127,2.0000000000000036,0.02925,0.0,1787415476.71,0.7100000381469727,0.495,,,,,,,ok,1787410800,2026-08-22T15:00:00+00:00,-0.0,0.9155645981688689,2.5999999999999983,1.4423076923076932,2.438186813186809,3.8118131868131866,0.0,0.3245577832899306,0.1657974479236954,37.74767995986957,58.55523912223266,-0.45778229908443446,0.0
4097,1787415476,2026-08-22T16:17:56+00:00,MAVIAUSDT,SHORT,ema_cross_confirmed,ttl_expired,,0.02925,0.02925,0.02925,,,0.0,0.0,,0.02925,0.0,,,,,,,,,,ok,1787410800,2026-08-22T15:00:00+00:00,-0.0,0.9155645981688689,2.5999999999999983,1.4423076923076932,2.438186813186809,3.8118131868131866,0.0,0.3245577832899306,0.1657974479236954,37.74767995986957,58.55523912223266,-0.45778229908443446,0.0
4037,1787415494,2026-08-22T16:18:14+00:00,SQDUSDT,SHORT,ema_cross,tp,tp,0.03501,0.03710862068965517,0.030812758620689655,0.02929,2.725599737101549,5.9943464428882285,11.988692885776477,2.000000000000003,0.03501,0.0,1787415494.762,0.7620000839233398,3.996,,,,,,,ok,1787410800,2026-08-22T15:00:00+00:00,-0.0,26.17250673854447,28.709005726184284,50.54457442517144,51.27067365873336,59.2577652279145,0.0,16.541475064067885,76.43917732264512,14001.89548205382,14073.67468246629,-13.086253369272235,0.0
4098,1787415494,2026-08-22T16:18:14+00:00,SQDUSDT,SHORT,ema_cross_confirmed,ttl_expired,,0.03501,0.03501,0.03501,,,0.0,0.0,,0.03501,0.0,,,,,,,,,,ok,1787410800,2026-08-22T15:00:00+00:00,-0.0,26.17250673854447,28.709005726184284,50.54457442517144,51.27067365873336,59.2577652279145,0.0,16.541475064067885,76.43917732264512,14001.89548205382,14073.67468246629,-13.086253369272235,0.0
4038,1787415507,2026-08-22T16:18:27+00:00,DOSUSDT,SHORT,ema_cross,sl,sl,0.2303,0.2453103448275862,0.2002793103448276,0.2487,-1.2258212726855047,6.51773548744516,13.03547097489032,2.0,0.2303,0.0,1787415508.183,1.183000087738037,0.432,,,,,,,ok,1787410800,2026-08-22T15:00:00+00:00,-0.0,-1.221107719145223,-0.1726370306430779,2.198768689533863,2.638522427440636,3.6059806508355376,0.0,1.295668697629665,0.2393889546640403,-70.2274047268016,-293.30765876837205,0.6105538595726115,0.0
4099,1787415508,2026-08-22T16:18:28+00:00,DOSUSDT,SHORT,ema_cross_confirmed,ttl_expired,,0.2303,0.2303,0.2303,,,0.0,0.0,,0.2303,0.0,,,,,,,,,,ok,1787410800,2026-08-22T15:00:00+00:00,-0.0,-1.221107719145223,-0.1726370306430779,2.198768689533863,2.638522427440636,3.6059806508355376,0.0,1.295668697629665,0.2393889546640403,-70.2274047268016,-293.30765876837205,0.6105538595726115,0.0
4039,1787415512,2026-08-22T16:18:32+00:00,FIGHTUSDT,SHORT,ema_cross,sl,sl,0.003367,0.0035047586206896552,0.0030914827586206897,0.003509,-1.0307884856070082,4.091435125917879,8.182870251835773,2.000000000000003,0.003367,0.0,1787415512.524,0.5239999294281006,0.683,,,,,,,ok,1787410800,2026-08-22T15:00:00+00:00,-0.0,0.5611340815121063,2.0936318697295726,1.2257100149476903,2.092675635276538,3.52765321375187,0.0,0.38877405300261925,0.6297687195814246,123.95392173471116,38.7327105643315,-0.28056704075605315,0.0
4100,1787415512,2026-08-22T16:18:32+00:00,FIGHTUSDT,SHORT,ema_cross_confirmed,ttl_expired,,0.003367,0.003367,0.003367,,,0.0,0.0,,0.003367,0.0,,,,,,,,,,ok,1787410800,2026-08-22T15:00:00+00:00,-0.0,0.5611340815121063,2.0936318697295726,1.2257100149476903,2.092675635276538,3.52765321375187,0.0,0.38877405300261925,0.6297687195814246,123.95392173471116,38.7327105643315,-0.28056704075605315,0.0
4040,1787415541,2026-08-22T16:19:01+00:00,BUSDT,SHORT,ema_cross,tp,tp,0.1445,0.1514655172413793,0.13056896551724137,0.1298,2.1103960396039594,4.820427156663882,9.640854313327765,2.0,0.1445,0.0,1787415541.695,0.6949999332427979,0.366,,,,,,,ok,1787410800,2026-08-22T15:00:00+00:00,-0.0,2.4489795918367294,1.3755158184319132,2.7894002789400303,2.7894002789400303,2.928870292887036,0.0,1.7689100467382188,0.4108193479544854,12.110849896701573,57.727060039663876,-1.2244897959183647,0.0
4101,1787415541,2026-08-22T16:19:01+00:00,BUSDT,SHORT,ema_cross_confirmed,ttl_expired,,0.1445,0.1445,0.1445,,,0.0,0.0,,0.1445,0.0,,,,,,,,,,ok,1787410800,2026-08-22T15:00:00+00:00,-0.0,2.4489795918367294,1.3755158184319132,2.7894002789400303,2.7894002789400303,2.928870292887036,0.0,1.7689100467382188,0.4108193479544854,12.110849896701573,57.727060039663876,-1.2244897959183647,0.0
4041,1787415567,2026-08-22T16:19:27+00:00,LABUSDT,SHORT,ema_cross,sl,sl,0.07161,0.07717379310344827,0.06048241379310344,0.07725,-1.0136969321351113,7.769575622745811,15.539151245491622,2.0,0.07161,0.0,1787415567.585,0.5850000381469727,0.846,,,,,,,ok,1787410800,2026-08-22T15:00:00+00:00,-0.0,1.3370089593383854,3.996781115879824,2.5130594380911897,5.645161290322571,8.50311262026031,0.0,1.5272697175971488,0.8413671650954446,10.785857124622389,-26.99700135820092,-0.6685044796691927,0.0
4102,1787415567,2026-08-22T16:19:27+00:00,LABUSDT,SHORT,ema_cross_confirmed,ttl_expired,,0.07161,0.07161,0.07161,,,0.0,0.0,,0.07161,0.0,1787415598.773,31.77300000190735,,,,2.4,1,0,2.0,ok,1787410800,2026-08-22T15:00:00+00:00,-0.0,1.3370089593383854,3.996781115879824,2.5130594380911897,5.645161290322571,8.50311262026031,0.0,1.5272697175971488,0.8413671650954446,10.785857124622389,-26.99700135820092,-0.6685044796691927,0.0
4042,1787415585,2026-08-22T16:19:45+00:00,INXUSDT,SHORT,ema_cross,tp,tp,0.00746,0.007877586206896551,0.006624827586206896,0.006624827586206896,2.000000000000002,5.597670333733932,11.195340667467875,2.000000000000002,0.00746,0.0,1787415585.581,0.5810000896453857,1.098,,,,,,,ok,1787410800,2026-08-22T15:00:00+00:00,-0.0,3.92156862745098,8.468244084682452,5.947441217150758,10.096818810511753,12.863070539419091,0.0,1.905418992112939,0.7130150626979597,-46.33311699805298,-201.44506431696172,-1.96078431372549,0.0
4103,1787415585,2026-08-22T16:19:45+00:00,INXUSDT,SHORT,ema_cross_confirmed,ttl_expired,,0.00746,0.00746,0.00746,,,0.0,0.0,,0.00746,0.0,,,,,,,,,,ok,1787410800,2026-08-22T15:00:00+00:00,-0.0,3.92156862745098,8.468244084682452,5.947441217150758,10.096818810511753,12.863070539419091,0.0,1.905418992112939,0.7130150626979597,-46.33311699805298,-201.44506431696172,-1.96078431372549,0.0
4043,1787415598,2026-08-22T16:19:58+00:00,LABUSDT,SHORT,ema_cross_confirmed,open,,0.0712,0.08232758620689655,0.0489448275862069,,,15.628632313056952,31.257264626113905,2.0,0.0712,0.0,1787415598.773,0.7730000019073486,,,,2.4,1,0,2.0,ok,1787410800,2026-08-22T15:00:00+00:00,-0.0,1.3370089593383854,3.996781115879824,2.5130594380911897,5.645161290322571,8.50311262026031,0.0,1.5272697175971488,0.8413671650954446,10.785857124622389,-26.99700135820092,-0.6685044796691927,0.0
4044,1787415646,2026-08-22T16:20:46+00:00,JCTUSDT,SHORT,ema_cross,sl,sl,0.001906,0.0021191379310344827,0.0014797241379310344,0.0021191379310344827,-1.0,11.18247277200854,22.36494554401708,2.0,0.001906,0.0,1787415647.259,1.2590000629425049,0.379,,,,,,,ok,1787410800,2026-08-22T15:00:00+00:00,-0.0,-0.8443271767810003,5.6762092793682175,1.5822784810126624,1.6895459345300905,13.823368074602307,0.0,3.4025555548894264,0.33356464182769296,-39.93656286043829,41.15498067590105,0.42216358839050017,0.0
4104,1787415647,2026-08-22T16:20:47+00:00,JCTUSDT,SHORT,ema_cross_confirmed,ttl_expired,,0.001906,0.001906,0.001906,,,0.0,0.0,,0.001906,0.0,,,,,,,,,,ok,1787410800,2026-08-22T15:00:00+00:00,-0.0,-0.8443271767810003,5.6762092793682175,1.5822784810126624,1.6895459345300905,13.823368074602307,0.0,3.4025555548894264,0.33356464182769296,-39.93656286043829,41.15498067590105,0.42216358839050017,0.0
4045,1787415657,2026-08-22T16:20:57+00:00,WLFIUSDT,SHORT,ema_cross,sl,sl,0.05894,0.061155172413793105,0.054509655172413796,0.061155172413793105,-1.0,3.7583515673449366,7.51670313468986,1.999999999999997,0.05894,0.0,1787415658.072,1.0720000267028809,0.168,,,,,,,ok,1787410800,2026-08-22T15:00:00+00:00,-0.0,0.050770011846328164,0.42151407857022466,1.856627127385246,2.1144920061887604,3.575726319408627,0.0,0.3136095231833676,0.2845379871976348,22.266856230803278,-25.691098946081333,-0.025385005923164082,0.0
4105,1787415658,2026-08-22T16:20:58+00:00,WLFIUSDT,SHORT,ema_cross_confirmed,ttl_expired,,0.05894,0.05894,0.05894,,,0.0,0.0,,0.05894,0.0,1787415720.553,62.55299997329712,,,,1.7,1,0,2.0,ok,1787410800,2026-08-22T15:00:00+00:00,-0.0,0.050770011846328164,0.42151407857022466,1.856627127385246,2.1144920061887604,3.575726319408627,0.0,0.3136095231833676,0.2845379871976348,22.266856230803278,-25.691098946081333,-0.025385005923164082,0.0
4046,1787415663,2026-08-22T16:21:03+00:00,ALLOUSDT,SHORT,ema_cross,tp,tp,0.28662,0.30133793103448275,0.25718413793103445,0.25425,2.1993580432032234,5.1349979186667944,10.269995837333589,2.0,0.28662,0.0,1787415663.678,0.6779999732971191,0.415,,,,,,,ok,1787410800,2026-08-22T15:00:00+00:00,-0.0,0.05222841225626165,1.1399641823942621,0.9277412127153009,1.4213695560845847,2.71320543341268,0.0,0.3426572639520298,0.2642726961677714,-6.217818475326338,-36.86872756623543,-0.026114206128130826,0.0
4107,1787415663,2026-08-22T16:21:03+00:00,ALLOUSDT,SHORT,ema_cross_confirmed,ttl_expired,,0.28662,0.28662,0.28662,,,0.0,0.0,,0.28662,0.0,,,,,,,,,,ok,1787410800,2026-08-22T15:00:00+00:00,-0.0,0.05222841225626165,1.1399641823942621,0.9277412127153009,1.4213695560845847,2.71320543341268,0.0,0.3426572639520298,0.2642726961677714,-6.217818475326338,-36.86872756623543,-0.026114206128130826,0.0
4047,1787415668,2026-08-22T16:21:08+00:00,OUSDT,SHORT,ema_cross,open,,0.4443,0.4687310344827586,0.3954379310344827,,,5.49876985882481,10.99753971764962,2.0,0.4443,0.0,1787415668.708,0.7079999446868896,0.626,,,,,,,ok,1787410800,2026-08-22T15:00:00+00:00,-0.0,0.33632286995515726,1.681044016810439,1.016949152542374,2.8998640688717665,3.919347530584499,0.0,1.2030162713579586,0.2197860316985818,-64.25044883303411,-137.56822401778712,-0.16816143497757863,0.0
4108,1787415668,2026-08-22T16:21:08+00:00,OUSDT,SHORT,ema_cross_confirmed,ttl_expired,,0.4443,0.4443,0.4443,,,0.0,0.0,,0.4443,0.0,,,,,,,,,,ok,1787410800,2026-08-22T15:00:00+00:00,-0.0,0.33632286995515726,1.681044016810439,1.016949152542374,2.8998640688717665,3.919347530584499,0.0,1.2030162713579586,0.2197860316985818,-64.25044883303411,-137.56822401778712,-0.16816143497757863,0.0
4049,1787415720,2026-08-22T16:22:00+00:00,WLFIUSDT,SHORT,ema_cross_confirmed,open,,0.05903,0.06346034482758621,0.05016931034482758,,,7.505242804652229,15.010485609304459,2.0,0.05903,0.0,1787415720.553,0.5529999732971191,,,,1.7,1,0,2.0,ok,1787410800,2026-08-22T15:00:00+00:00,-0.0,0.050770011846328164,0.42151407857022466,1.856627127385246,2.1144920061887604,3.575726319408627,0.0,0.3136095231833676,0.2845379871976348,22.266856230803278,-25.691098946081333,-0.025385005923164082,0.0
4051,1787416258,2026-08-22T16:30:58+00:00,INXUSDT,SHORT,ema_cross_confirmed,open,,0.00702,0.007855172413793104,0.005349655172413792,,,11.897042931525702,23.794085863051404,2.0,0.00702,0.0,1787416259.519,1.5190000534057617,,,,5.7,1,10,2.0,ok,1787410800,2026-08-22T15:00:00+00:00,-0.0,3.92156862745098,8.468244084682452,5.947441217150758,10.096818810511753,12.863070539419091,0.0,1.905418992112939,0.7130150626979597,-46.33311699805298,-201.44506431696172,-1.96078431372549,0.0
4052,1787416911,2026-08-22T16:41:51+00:00,PUMPUSDT,LONG,overheated_early,open,,0.004752,0.004362107142857143,0.005531785714285715,,,8.204816017316013,16.40963203463204,2.000000000000002,0.004752,0.0,1787416909.834,1.1659998893737793,,17.1,67.0,,,,,ok,1787410800,2026-08-22T15:00:00+00:00,0.0,-1.1844331641286059,0.4947300494729959,3.6199095022624377,7.106710671067096,7.744774477447741,0.0,3.374046446882562,0.6155752184947483,-56.28458057376914,-69.54228032778853,0.5922165820643029,0.0
4062,1787418944,2026-08-22T17:15:44+00:00,PUMPUSDT,LONG,overheated_confirmed,open,,0.004818,0.004441607142857143,0.005570785714285715,,,7.812222024550794,15.624444049101587,2.0,0.004818,0.0,1787418945.272,1.2720000743865967,,,,4.1,1,211,2.0,ok,1787414400,2026-08-22T16:00:00+00:00,0.0,2.8253424657534283,-0.7232899359371835,5.320304017372431,5.320304017372431,7.744774477447741,0.0,2.6825215158396283,0.9818314992356274,59.21170075609099,115.49628132986012,-1.4126712328767141,0.0
4063,1787418955,2026-08-22T17:15:55+00:00,BUSDT,SHORT,ema_cross_confirmed,open,,0.1435,0.1574310344827586,0.11563793103448275,,,9.708037967079179,19.416075934158357,2.0,0.1435,0.0,1787418955.916,0.9159998893737793,,,,1.6,1,56,2.0,ok,1787414400,2026-08-22T16:00:00+00:00,-0.0,-0.6973500697350076,1.5006821282401142,1.1896431070678846,3.1490552834149783,3.1490552834149783,0.0,1.7237776653316796,0.5447853625034487,22.863315752684755,10.752465855983182,0.3486750348675038,0.0
4064,1787419611,2026-08-22T17:26:51+00:00,UPUSDT,LONG,overheated_early,open,,0.4534,0.4140357142857143,0.5321285714285715,,,8.682021551452523,17.364043102905047,2.0,0.4534,0.0,1787419610.502,0.497999906539917,,25.5,65.8,,,,,ok,1787414400,2026-08-22T16:00:00+00:00,0.0,-0.3117345802716572,-0.11155734047300321,2.5050324312234373,3.1278127812781205,5.149236728184099,0.0,0.6802704197181058,1.7238235399691302,83.57798165137615,58.8640228413075,0.1558672901358286,0.0
4071,1787422411,2026-08-22T18:13:31+00:00,STXUSDT,LONG,overheated_early,tp,tp,0.218,0.2065357142857143,0.24092857142857144,0.242,2.0934579439252348,5.258846657929222,10.517693315858457,2.000000000000002,0.218,0.0,1787422410.334,0.6659998893737793,,26.4,63.4,,,,,ok,1787418000,2026-08-22T17:00:00+00:00,0.0,4.0611562350692685,10.166919575113813,7.184750733137825,12.059274399591201,13.862928348909659,0.0,3.8719507674130176,1.3679926800685156,36.679326773287386,-24.241037052772747,-2.0305781175346342,0.0
4156,1787424432,2026-08-22T18:47:12+00:00,TUTUSDT,LONG,overheated_confirmed,ttl_expired,,0.0537,0.0537,0.0537,,,0.0,0.0,,0.0537,0.0,,,,,,,,,,ok,1787418000,2026-08-22T17:00:00+00:00,0.0,15.017500605366841,18.30944455766138,15.671789459798156,18.792901011560687,24.375886524822697,0.0,7.352532967788057,2.84462195949994,250.9105242412298,266.36828088930923,-7.508750302683421,0.0
4076,1787425203,2026-08-22T19:00:03+00:00,SWARMSUSDT,SHORT,ema_cross_confirmed,sl,sl,0.007732,0.008725655172413794,0.005744689655172413,0.008774,-1.0486535258189893,12.851205023458274,25.702410046916548,2.0,0.00776,0.3608247422680444,1787425204.009,1.0090000629425049,,,,3.4,1,162,2.0,ok,1787421600,2026-08-22T18:00:00+00:00,-0.0,0.8717948717948651,-0.02587322121604483,1.549479166666669,1.6796874999999971,1.9717942021415524,0.0,0.768394484925007,0.1440536325613812,323.8861887403807,413.6170875466861,-0.4358974358974326,0.0
4077,1787426110,2026-08-22T19:15:10+00:00,ALLOUSDT,SHORT,ema_cross_confirmed,open,,0.28277,0.31220586206896556,0.22389827586206895,,,10.409824970458512,20.819649940917024,2.0,0.28662,1.3432419231037487,1787426111.414,1.4140000343322754,,,,1.9,1,173,2.0,ok,1787421600,2026-08-22T18:00:00+00:00,-0.0,1.2948691244879387,0.9475701097369795,1.634896585743976,1.9625805996969872,2.2937880976709826,0.0,0.8565471455776176,0.322491932010368,3.370179184346369,-29.947540783946486,-0.6474345622439693,0.0
4079,1787426970,2026-08-22T19:29:30+00:00,DASHUSDT,LONG,overheated_early,sl,sl,43.83,41.309999999999995,48.87,41.309999999999995,-1.0,5.749486652977421,11.498973305954824,1.9999999999999971,43.83,0.0,1787426968.871,1.128999948501587,,25.8,67.2,,,,,ok,1787421600,2026-08-22T18:00:00+00:00,0.0,2.441887767081472,11.187563710499491,3.6316164253500927,7.4575436869308245,12.670967741935474,0.0,1.0786329091459166,0.6697155415526096,-25.574141003480456,-265.7338152861403,-1.220943883540736,0.0
4083,1787428808,2026-08-22T20:00:08+00:00,FIGHTUSDT,SHORT,ema_cross_confirmed,sl,sl,0.003365,0.0036405172413793104,0.002813965517241379,0.003734,-1.3392991239048802,8.187733770559005,16.37546754111801,2.0,0.003367,0.059400059400067276,1787428808.865,0.8650000095367432,,,,1.6,1,221,2.0,ok,1787425200,2026-08-22T19:00:00+00:00,-0.0,0.029708853238268947,0.9711595055915256,0.5358737719559329,1.310694072088167,1.8170985999404186,0.0,0.56396542714316,0.08570212713468975,-5.853658536585367,59.196540364721706,-0.014854426619134473,0.0
4160,1787429623,2026-08-22T20:13:43+00:00,VVVUSDT,LONG,overheated_confirmed,ttl_expired,,17.48,17.48,17.48,,,0.0,0.0,,17.48,0.0,1787429712.797,89.79699993133545,,,,2.1,1,1,2.0,ok,1787425200,2026-08-22T19:00:00+00:00,0.0,-0.2866479390013226,-0.2866479390013226,1.9386757176551788,2.274039016506974,3.7132031477703316,0.0,0.8275500322988429,0.40091276827601874,-18.918612559510315,32.40123376306054,0.1433239695006613,0.0
4087,1787429712,2026-08-22T20:15:12+00:00,VVVUSDT,LONG,overheated_confirmed,sl,sl,17.413,16.19419642857143,19.85060714285714,16.19419642857143,-1.0,6.999388798188535,13.99877759637707,2.0,17.48,-0.38329519450801014,1787429712.797,0.7969999313354492,,,,2.1,1,1,2.0,ok,1787425200,2026-08-22T19:00:00+00:00,0.0,-0.2866479390013226,-0.2866479390013226,1.9386757176551788,2.274039016506974,3.7132031477703316,0.0,0.8275500322988429,0.40091276827601874,-18.918612559510315,32.40123376306054,0.1433239695006613,0.0
4110,1787430543,2026-08-22T20:29:03+00:00,PTBUSDT,SHORT,ema_cross,sl,sl,0.0008282,0.0008744551724137931,0.0007356896551724138,0.0008777,-1.0701505889369323,5.58502444020685,11.170048880413686,1.9999999999999976,0.0008282,0.0,1787430544.149,1.1489999294281006,0.333,,,,,,,ok,1787425200,2026-08-22T19:00:00+00:00,-0.0,0.7028830116750037,-1.6587388705939756,1.3994450476535114,2.1088352926917935,4.243999010146006,0.0,1.1648625280921938,0.1721981257834106,-30.712698889222455,-17.124445283328505,-0.35144150583750183,0.0
4111,1787430600,2026-08-22T20:30:00+00:00,PTBUSDT,SHORT,ema_cross_confirmed,open,,0.0008087,0.0009012103448275861,0.0006236793103448277,,,11.439389740025492,22.878779480050984,2.0,0.0008282,2.3545037430572306,1787430601.053,1.0529999732971191,,,,4.3,1,0,2.0,ok,1787425200,2026-08-22T19:00:00+00:00,-0.0,0.7028830116750037,-1.6587388705939756,1.3994450476535114,2.1088352926917935,4.243999010146006,0.0,1.1648625280921938,0.1721981257834106,-30.712698889222455,-17.124445283328505,-0.35144150583750183,0.0
4112,1787430656,2026-08-22T20:30:56+00:00,STBLUSDT,SHORT,ema_cross,sl,sl,0.02513,0.02614103448275862,0.02310793103448276,0.02631,-1.1671214188267423,4.023217201586227,8.046434403172467,2.0000000000000036,0.02513,0.0,1787430657.41,1.4100000858306885,0.711,,,,,,,ok,1787425200,2026-08-22T19:00:00+00:00,-0.0,0.3579952267303095,2.453271028037391,0.8399999999999935,1.559999999999992,3.359999999999988,0.0,0.4217199233314492,0.08950156597468825,-45.66581849024597,11.663171737767065,-0.17899761336515474,0.0
4113,1787430659,2026-08-22T20:30:59+00:00,TUTUSDT,LONG,overheated_confirmed,tp,tp,0.06352,0.05682533928571428,0.07690932142857142,0.07705,2.021013547576561,10.53945326556315,21.0789065311263,2.0,0.0537,18.286778398510233,1787430659.74,0.7400000095367432,,,,2.1,1,103,2.0,ok,1787425200,2026-08-22T19:00:00+00:00,0.0,0.012949054719005627,19.01512316463777,12.295914381688936,14.830051523744862,29.83200867052023,0.0,7.291485244971263,2.0292556622584756,-29.637303097081226,-48.91257099634661,-0.006474527359502814,0.0
4114,1787430667,2026-08-22T20:31:07+00:00,MOVRUSDT,SHORT,ema_cross,sl,sl,0.732,0.7650344827586206,0.6659310344827586,0.922,-5.751565762004185,4.51290748068588,9.025814961371776,2.0000000000000036,0.732,0.0,1787430667.641,0.6410000324249268,0.242,,,,,,,ok,1787425200,2026-08-22T19:00:00+00:00,-0.0,-0.13736263736263749,1.3531799729364018,0.5494505494505499,2.617079889807165,2.900552486187848,0.0,1.513453043941613,0.12621715147664855,-51.88769552641428,-594.8956696189315,0.06868131868131874,0.0
4115,1787430723,2026-08-22T20:32:03+00:00,GRASSUSDT,SHORT,ema_cross,sl,sl,0.3061,0.32342413793103447,0.271451724137931,0.3236,-1.0101512738853509,5.65963343058951,11.31926686117902,2.0,0.3061,0.0,1787430723.759,0.7590000629425049,0.41,,,,,,,ok,1787425200,2026-08-22T19:00:00+00:00,-0.0,-0.0,1.0048622366288464,0.9201445941504991,2.760433782451516,4.201124710552428,0.0,1.4698190930545876,0.08134209377189686,-74.23277359583092,-29.122062715441047,0.0,0.0
4116,1787430827,2026-08-22T20:33:47+00:00,TACUSDT,SHORT,ema_cross,tp,tp,0.001931,0.0020641379310344828,0.0016647241379310345,0.001532,2.996891996891997,6.8947659779638935,13.789531955927787,2.0,0.001931,0.0,1787430828.299,1.2990000247955322,2.652,,,,,,,ok,1787425200,2026-08-22T19:00:00+00:00,-0.0,16.403785488958995,15.672235481304703,36.93548387096772,37.31182795698923,37.31182795698923,0.0,10.602021667298356,106.5178998777555,18073.1103287569,18059.77630945841,-8.201892744479498,0.0
4117,1787430832,2026-08-22T20:33:52+00:00,HEIUSDT,SHORT,ema_cross,sl,sl,0.12993,0.13914896551724137,0.11149206896551722,0.13914896551724137,-1.0,7.095332499993369,14.190664999986739,2.0,0.12993,0.0,1787430832.733,0.7330000400543213,0.374,,,,,,,ok,1787425200,2026-08-22T19:00:00+00:00,-0.0,0.9422399264593085,1.5456068219887344,1.2721067328575881,2.226186782500763,3.4750232702451007,0.0,0.607631975943038,0.5596154559047042,-13.7896900936572,-39.260216510013365,-0.47111996322965427,0.0
4118,1787430843,2026-08-22T20:34:03+00:00,TACUSDT,SHORT,ema_cross_confirmed,sl,sl,0.001627,0.0018932758620689655,0.001094448275862069,0.0018932758620689655,-1.0,16.366064048492042,32.732128096984084,2.0,0.001931,15.743138270326257,1787430843.602,0.6019999980926514,,,,6.6,1,0,2.0,ok,1787425200,2026-08-22T19:00:00+00:00,-0.0,16.403785488958995,15.672235481304703,36.93548387096772,37.31182795698923,37.31182795698923,0.0,10.602021667298356,106.5178998777555,18073.1103287569,18059.77630945841,-8.201892744479498,0.0
4119,1787430864,2026-08-22T20:34:24+00:00,OPGUSDT,SHORT,ema_cross,open,,0.0981,0.10243103448275863,0.08943793103448276,,,4.414917923301347,8.829835846602695,2.0,0.0981,0.0,1787430865.015,1.0150001049041748,0.414,,,,,,,ok,1787425200,2026-08-22T19:00:00+00:00,-0.0,0.50761421319797,0.910010111223456,0.5107252298263538,1.3292433537832267,1.5353121801432974,0.0,0.3514237640926457,0.6965547271418542,553.8538538538538,634.3440403590779,-0.253807106598985,0.0
4121,1787431559,2026-08-22T20:45:59+00:00,TUTUSDT,LONG,overheated_confirmed,sl,sl,0.076101,0.06940633928571428,0.08614299107142859,0.06940633928571428,-1.0,8.797073250398443,13.195609875597672,1.500000000000001,0.0537,41.71508379888269,1787431560.467,1.4670000076293945,,,,3.5,2,118,1.5,ok,1787425200,2026-08-22T19:00:00+00:00,0.0,0.012949054719005627,19.01512316463777,12.295914381688936,14.830051523744862,29.83200867052023,0.0,7.291485244971263,2.0292556622584756,-29.637303097081226,-48.91257099634661,-0.006474527359502814,0.0
4124,1787432272,2026-08-22T20:57:52+00:00,CROSSUSDT,LONG,overheated_early,sl,sl,0.12468,0.11460375,0.14483249999999998,0.11398,-1.0619029897035115,8.08168912415784,16.16337824831567,1.9999999999999987,0.12468,0.0,1787432270.942,1.058000087738037,,17.2,67.5,,,,,ok,1787425200,2026-08-22T19:00:00+00:00,0.0,-0.7527661890077973,-0.9145237232886608,0.41148500365764995,0.9875640087783445,2.8621068032187345,0.0,0.42550713206563456,0.02589071910601553,-73.82629107981221,-202.85854914432832,0.3763830945038987,0.0
4133,1787433301,2026-08-22T21:15:01+00:00,STBLUSDT,SHORT,ema_cross_confirmed,sl,sl,0.02477,0.02679206896551724,0.02072586206896552,0.02852,-1.8545361527967261,8.16337894839419,16.32675789678838,2.0,0.02513,1.432550736171903,1787433302.146,1.1459999084472656,,,,1.7,1,44,2.0,ok,1787428800,2026-08-22T20:00:00+00:00,-0.0,-0.0798403193612742,1.2214342001576093,1.1618589743589827,1.1618589743589827,2.6842948717948736,0.0,0.5168588146307631,0.4795419706693057,428.22354043084607,473.889358921092,0.0399201596806371,0.0
4134,1787433302,2026-08-22T21:15:02+00:00,MOVRUSDT,SHORT,ema_cross_confirmed,sl,sl,0.719,0.7850689655172414,0.5868620689655172,0.922,-3.0725469728601253,9.18900772145221,18.37801544290442,2.0,0.732,1.775956284153007,1787433303.451,1.4509999752044678,,,,3.1,1,43,2.0,ok,1787428800,2026-08-22T20:00:00+00:00,-0.0,-0.6858710562414273,1.3440860215053776,1.0989010989010999,1.0989010989010999,2.617079889807165,0.0,1.5168951217134412,0.08146409494722381,-38.318527600324074,13.569167926090202,0.34293552812071365,0.0
4135,1787433304,2026-08-22T21:15:04+00:00,GRASSUSDT,SHORT,ema_cross_confirmed,sl,sl,0.2978,0.332448275862069,0.22850344827586205,0.3327,-1.0072651273885342,11.634746763622895,23.26949352724579,2.0,0.3061,2.7115321790264537,1787433304.525,0.5250000953674316,,,,4.4,1,42,2.0,ok,1787428800,2026-08-22T20:00:00+00:00,-0.0,1.1787819253438088,3.0828516377649313,1.6268260292164538,1.9588313413014475,4.482071713147395,0.0,0.9805348698768718,0.0603478552995251,-25.99250936329588,48.24026423253504,-0.5893909626719044,0.0
4136,1787433306,2026-08-22T21:15:06+00:00,OPGUSDT,SHORT,ema_cross_confirmed,open,,0.0962,0.10486206896551724,0.0788758620689655,,,9.00422969388487,18.00845938776974,2.0,0.0981,1.9367991845056194,1787433307.02,1.0199999809265137,,,,3.1,1,40,2.0,ok,1787428800,2026-08-22T20:00:00+00:00,-0.0,0.8163265306122541,1.8181818181818281,1.338825952626154,1.338825952626154,2.162718846549939,0.0,0.18017146184915692,0.26338170414075374,-62.07134109001837,-615.9251949438722,-0.40816326530612707,0.0
4153,1787437805,2026-08-22T22:30:05+00:00,ZROUSDT,LONG,overheated_confirmed,sl,sl,1.191,1.117232142857143,1.3385357142857142,1.117232142857143,-1.0,6.193774739114781,12.387549478229563,2.0,1.127,5.678793256433013,1787437805.6,0.5999999046325684,,,,2.0,1,91,2.0,ok,1787432400,2026-08-22T21:00:00+00:00,0.0,-2.456140350877176,0.8159564823209536,3.894927536231877,6.400742115027825,11.68451801363195,0.0,4.609314559553813,0.3902008967254856,-37.64507387903267,-71.73481439252117,1.228070175438588,0.0
4161,1787444102,2026-08-23T00:15:02+00:00,HEIUSDT,SHORT,ema_cross_confirmed,sl,sl,0.12761,0.14604793103448277,0.09073413793103446,0.14658,-1.0288573031606496,14.448656872096832,28.897313744193664,2.0,0.12993,1.785576849072569,1787444102.995,0.994999885559082,,,,2.1,1,221,2.0,ok,1787439600,2026-08-22T23:00:00+00:00,-0.0,-1.7274319375895377,1.0760179594364472,2.3840000000000083,2.5760000000000005,4.200000000000004,0.0,1.7990027265056394,0.7983771784897998,165.25541859130294,175.33897720521298,0.8637159687947689,0.0
4162,1787444151,2026-08-23T00:15:51+00:00,HOMEUSDT,SHORT,ema_cross,sl,sl,0.00604,0.00637344827586207,0.005373103448275862,0.00637344827586207,-1.0,5.520666818908433,11.041333637816852,1.9999999999999973,0.00604,0.0,1787444151.981,0.9809999465942383,0.291,,,,,,,ok,1787439600,2026-08-22T23:00:00+00:00,-0.0,-0.33277870216306243,1.4705882352941144,1.5100671140939563,2.181208053691274,3.0201342281879127,0.0,1.155072642971651,0.5607868746412931,61.69472557415337,116.33658562866611,0.16638935108153122,0.0
4163,1787444255,2026-08-23T00:17:35+00:00,ATUSDT,SHORT,ema_cross,tp,tp,0.14597,0.1512565517241379,0.13539689655172413,0.13539689655172413,2.0000000000000053,3.62167001722129,7.2433400344426,2.0000000000000053,0.14597,0.0,1787444256.401,1.4010000228881836,0.327,,,,,,,ok,1787439600,2026-08-22T23:00:00+00:00,-0.0,-0.419042385106821,-0.446643303786169,0.8684863523573277,1.2958367797077617,1.730582860307353,0.0,0.5769905397559378,0.31173636538832145,-52.96580600139568,-109.32150703794778,0.2095211925534105,0.0
4164,1787444290,2026-08-23T00:18:10+00:00,BASEDUSDT,SHORT,ema_cross,open,,0.07446,0.07910275862068965,0.06517448275862069,,,6.235238545110999,12.470477090222015,2.000000000000003,0.07446,0.0,1787444291.621,1.621000051498413,1.025,,,,,,,ok,1787439600,2026-08-22T23:00:00+00:00,-0.0,0.45527584359934803,0.6016847172081724,1.6319869441044563,3.5488308115543314,3.9586206896551888,0.0,1.9513156075013773,0.35616916005783,-47.774193866579864,-22.94659231833054,-0.22763792179967401,0.0
4165,1787444333,2026-08-23T00:18:53+00:00,XNYUSDT,SHORT,ema_cross,tp,tp,0.007139,0.007428758620689656,0.00655948275862069,0.00655948275862069,2.0,4.058812448377297,8.117624896754593,2.0,0.007139,0.0,1787444334.441,1.440999984741211,0.256,,,,,,,ok,1787439600,2026-08-22T23:00:00+00:00,-0.0,0.0841514726507704,1.7650303364589033,0.7029382820188345,0.7029382820188345,3.05075214396175,0.0,0.512572128116458,0.07540579412369015,4487.5,4577.743902439024,-0.0420757363253852,0.0
4166,1787444378,2026-08-23T00:19:38+00:00,4USDT,SHORT,ema_cross,sl,sl,0.01072,0.01139296551724138,0.009374068965517242,0.011394,-1.001537200245951,6.277663407102418,12.555326814204836,2.0,0.01072,0.0,1787444379.054,1.053999900817871,0.203,,,,,,,ok,1787439600,2026-08-22T23:00:00+00:00,-0.0,0.3639417693169009,2.207363986078035,1.0367577756833244,1.9604147031102719,5.6787095557022935,0.0,1.7333271787587465,0.09655040222455884,-67.64581143626339,-20.400215661985428,-0.18197088465845046,0.0
4167,1787444394,2026-08-23T00:19:54+00:00,COOKIEUSDT,SHORT,ema_cross,sl,sl,0.01056,0.011028275862068965,0.009623448275862069,0.011028275862068965,-1.0,4.434430512016718,8.868861024033436,2.0,0.01056,0.0,1787444394.44,0.440000057220459,0.482,,,,,,,ok,1787439600,2026-08-22T23:00:00+00:00,-0.0,0.09478672985781604,0.5660377358490499,1.4354066985646012,1.4354066985646012,2.2966507177033555,0.0,1.0009336286062585,0.1265088872521089,-64.94940627454604,-28.255244580384343,-0.04739336492890802,0.0
4168,1787444427,2026-08-23T00:20:27+00:00,SOONUSDT,SHORT,ema_cross,sl,sl,0.1915,0.19797241379310346,0.1785551724137931,0.19797241379310346,-1.0,3.3798505447015423,6.759701089403085,2.0,0.1915,0.0,1787444428.412,1.4119999408721924,0.59,,,,,,,ok,1787439600,2026-08-22T23:00:00+00:00,-0.0,0.677083333333331,1.5995872033023693,0.7341373885684239,2.2257551669316276,3.8155802861685126,0.0,1.623670785508349,0.1603402420864164,-44.59394521864488,-17.739815165920803,-0.3385416666666655,0.0
4169,1787444471,2026-08-23T00:21:11+00:00,SOONUSDT,SHORT,ema_cross_confirmed,sl,sl,0.1903,0.2032448275862069,0.16441034482758618,0.2058,-1.1973894512519978,6.8023266348959055,13.604653269791811,2.0,0.1915,0.6266318537859041,1787444472.07,1.0699999332427979,,,,2.2,1,0,2.0,ok,1787439600,2026-08-22T23:00:00+00:00,-0.0,0.677083333333331,1.5995872033023693,0.7341373885684239,2.2257551669316276,3.8155802861685126,0.0,1.623670785508349,0.1603402420864164,-44.59394521864488,-17.739815165920803,-0.3385416666666655,0.0
4170,1787462913,2026-08-23T05:28:33+00:00,TUTUSDT,LONG,overheated_early,tp,tp,0.0586,0.05036108928571428,0.07507782142857142,0.07524,2.0196844676502397,14.059574597757193,28.119149195514364,1.9999999999999982,0.0586,0.0,1787462911.989,1.0109999179840088,,51.3,63.2,,,,,ok,1787457600,2026-08-23T04:00:00+00:00,0.0,-11.105559593023248,1.1072843120372047,15.173112591880185,23.56254722813766,30.769370581071993,0.0,11.622239548314235,2.2271415239442254,-0.8622180739445009,14.02872187289341,5.552779796511624,0.0
4234,1787464079,2026-08-23T05:47:59+00:00,GUSDT,SHORT,ema_cross,sl,sl,0.003769,0.0038933793103448277,0.003520241379310345,0.0039,-1.053229830884389,3.3000612986157467,6.600122597231493,2.0,0.003769,0.0,1787464080.509,1.5090000629425049,0.667,,,,,,,ok,1787457600,2026-08-23T04:00:00+00:00,-0.0,0.7127771911298869,4.373251970505971,1.7938420348058846,4.230254350736282,7.416331994645245,0.0,1.128726753086076,0.5298417935067856,11.940121183319473,45.0642273330096,-0.35638859556494346,0.0
4235,1787464086,2026-08-23T05:48:06+00:00,BROCCOLIF3BUSDT,SHORT,ema_cross,open,,0.006292,0.006535482758620689,0.00580503448275862,,,3.8697196220707157,7.739439244141446,2.0000000000000036,0.006292,0.0,1787464087.379,1.378999948501587,0.266,,,,,,,ok,1787457600,2026-08-23T04:00:00+00:00,-0.0,-2.288218111002915,1.0673363679171302,2.4773316062176223,2.888672508925677,3.5864978902953557,0.0,2.602561596833634,1.5693707354056103,108.81407225269528,-467.27288426904386,1.1441090555014575,0.0
4236,1787464152,2026-08-23T05:49:12+00:00,STORJUSDT,SHORT,ema_cross,sl,sl,0.03935,0.04102379310344828,0.03600241379310345,0.04109,-1.0395550061804677,4.253603820707185,8.50720764141437,2.0,0.03935,0.0,1787464153.242,1.2420001029968262,0.196,,,,,,,ok,1787457600,2026-08-23T04:00:00+00:00,-0.0,0.28054067839836516,3.7893700787401565,1.4436710492395075,3.6091776230987334,6.084042278937874,0.0,1.0460629119011455,0.34568826958667936,31.92031547630424,99.58490842290938,-0.14027033919918258,0.0
4237,1787464157,2026-08-23T05:49:17+00:00,BANKUSDT,SHORT,ema_cross,sl,sl,0.03525,0.03651689655172413,0.03271620689655172,0.03653,-1.010342950462716,3.5940327708486106,7.18806554169724,2.0000000000000053,0.03525,0.0,1787464157.517,0.5169999599456787,0.189,,,,,,,ok,1787457600,2026-08-23T04:00:00+00:00,-0.0,0.8467400508044077,0.986471251409234,2.3054755043227524,2.449567723342929,3.112391930835728,0.0,0.4973698307460966,0.6584204646366267,28.137543484078137,-21.4621362597169,-0.42337002540220386,0.0
4238,1787464160,2026-08-23T05:49:20+00:00,RAVEUSDT,SHORT,ema_cross,sl,sl,0.2777,0.28864137931034484,0.25581724137931033,0.2942,-1.5080365584620237,3.9399997516546033,7.8799995033092065,2.0,0.2777,0.0,1787464160.513,0.5130000114440918,0.219,,,,,,,ok,1787457600,2026-08-23T04:00:00+00:00,-0.0,0.28828828828829656,1.354723707664893,2.0742358078602763,2.0742358078602763,3.8209606986899596,0.0,0.42027385039658616,0.449904006742941,34.883198562443845,17.694464685107704,-0.14414414414414828,0.0
4239,1787464182,2026-08-23T05:49:42+00:00,WETUSDT,SHORT,ema_cross,sl,sl,0.06686,0.06891758620689656,0.0627448275862069,0.06902,-1.0497737556561044,3.077454691738791,6.154909383477561,1.9999999999999933,0.06686,0.0,1787464182.864,0.8640000820159912,0.921,,,,,,,ok,1787457600,2026-08-23T04:00:00+00:00,-0.0,1.2058954890576021,4.6825624820453875,2.7486712224753105,4.100227790432792,9.587992035533775,0.0,0.5230492217644621,0.4811896963795698,-34.013109978150034,52.8305082663881,-0.6029477445288011,0.0
4240,1787464186,2026-08-23T05:49:46+00:00,DEEPUSDT,SHORT,ema_cross,sl,sl,0.01285,0.01352896551724138,0.011492068965517242,0.01353,-1.0015236160487546,5.283778344290895,10.567556688581776,1.9999999999999973,0.01285,0.0,1787464187.136,1.1359999179840088,1.06,,,,,,,ok,1787457600,2026-08-23T04:00:00+00:00,-0.0,1.081916537867075,2.735562310030389,2.4390243902438984,3.3044846577497915,5.114083398898501,0.0,0.6307572917378869,0.9287454037635067,124.98633132859487,143.11524806986614,-0.5409582689335375,0.0
4241,1787464216,2026-08-23T05:50:16+00:00,PARTIUSDT,SHORT,ema_cross,sl,sl,0.02255,0.023580344827586208,0.020489310344827587,0.02384,-1.2520080321285136,4.569156663353467,9.138313326706934,2.0,0.02255,0.0,1787464217.476,1.4760000705718994,0.188,,,,,,,ok,1787457600,2026-08-23T04:00:00+00:00,-0.0,0.8381120423467102,2.9779887785930064,1.8385650224215275,3.4529147982062773,5.784753363228697,0.0,0.34255915749504157,0.22932592679117617,-57.22125379301439,-189.52721554779504,-0.4190560211733551,0.0
4242,1787464218,2026-08-23T05:50:18+00:00,EPICUSDT,SHORT,ema_cross,open,,0.3371,0.35776551724137934,0.2957689655172414,,,6.130381857424897,12.260763714849778,1.9999999999999973,0.3371,0.0,1787464218.535,0.5350000858306885,0.299,,,,,,,ok,1787457600,2026-08-23T04:00:00+00:00,-0.0,1.9169329073482413,2.002321532211264,2.786836643937154,2.786836643937154,3.0536614289949693,0.0,1.8370075417957699,0.40347879081076493,13.151148346856251,29.496494356142122,-0.9584664536741206,0.0
4243,1787464239,2026-08-23T05:50:39+00:00,BMTUSDT,SHORT,ema_cross,sl,sl,0.01537,0.016380344827586206,0.013349310344827586,0.01648,-1.098634812286692,6.5734861911919715,13.146972382383954,2.0000000000000018,0.01537,0.0,1787464239.655,0.6549999713897705,0.429,,,,,,,ok,1787457600,2026-08-23T04:00:00+00:00,-0.0,1.1501597444089542,0.8333333333333328,3.059895833333333,3.059895833333333,4.557291666666672,0.0,0.8128893403480812,0.14265590362616465,2.641415399950162,-22.50411474557998,-0.5750798722044771,0.0
4244,1787464258,2026-08-23T05:50:58+00:00,STARUSDT,SHORT,ema_cross,sl,sl,0.12196,0.13388103448275862,0.09811793103448276,0.13602,-1.1794278441468284,9.774544508657447,19.549089017314895,2.0,0.12196,0.0,1787464258.802,0.8020000457763672,0.542,,,,,,,ok,1787457600,2026-08-23T04:00:00+00:00,-0.0,1.5502027188170817,4.92130518234165,1.786869340232862,3.755102040816321,7.020408163265303,0.0,0.2148515020871385,0.053733744469768065,-93.65501519756839,-695.521681864235,-0.7751013594085409,0.0
4245,1787464275,2026-08-23T05:51:15+00:00,PARTIUSDT,SHORT,ema_cross_confirmed,sl,sl,0.02242,0.024480689655172413,0.01829862068965517,0.02452,-1.019076305220884,9.191300870528162,18.382601741056323,2.0,0.02255,0.5764966740576569,1787464275.636,0.6359999179840088,,,,5.4,1,0,2.0,ok,1787457600,2026-08-23T04:00:00+00:00,-0.0,0.8381120423467102,2.9779887785930064,1.8385650224215275,3.4529147982062773,5.784753363228697,0.0,0.34255915749504157,0.22932592679117617,-57.22125379301439,-189.52721554779504,-0.4190560211733551,0.0
4246,1787464277,2026-08-23T05:51:17+00:00,STARUSDT,SHORT,ema_cross_confirmed,sl,sl,0.12298,0.14682206896551725,0.07529586206896552,0.14682206896551725,-1.0,19.386948256234543,38.773896512469086,2.0,0.12196,-0.8363397835355912,1787464277.974,0.9739999771118164,,,,4.7,1,0,2.0,ok,1787457600,2026-08-23T04:00:00+00:00,-0.0,1.5502027188170817,4.92130518234165,1.786869340232862,3.755102040816321,7.020408163265303,0.0,0.2148515020871385,0.053733744469768065,-93.65501519756839,-695.521681864235,-0.7751013594085409,0.0
4247,1787464282,2026-08-23T05:51:22+00:00,KGENUSDT,SHORT,ema_cross,sl,sl,0.16718,0.1751203448275862,0.15129931034482758,0.17552,-1.0503322186997885,4.749578195708942,9.499156391417884,2.0,0.16718,0.0,1787464283.288,1.2880001068115234,0.708,,,,,,,ok,1787457600,2026-08-23T04:00:00+00:00,-0.0,0.505801844689091,2.6435309188308,1.5355895459472457,2.19952867242734,4.991238141277413,0.0,0.4845681717378626,0.3995423226846708,-61.14954419085795,-74.21240968793397,-0.2529009223445455,0.0
4267,1787465712,2026-08-23T06:15:12+00:00,STORJUSDT,SHORT,ema_cross_confirmed,sl,sl,0.03899,0.04233758620689655,0.03229482758620689,0.04233758620689655,-1.0,8.585755852517455,17.17151170503491,2.0,0.03935,0.9148665819568136,1787465712.477,0.47699999809265137,,,,2.9,1,25,2.0,ok,1787461200,2026-08-23T05:00:00+00:00,-0.0,0.15345268542200635,2.7646326276463262,1.6008262328944034,1.6008262328944034,6.093467596178676,0.0,1.2439789822657343,0.43012548920376076,22.105624076417126,-9.814691399887113,-0.07672634271100318,0.0
4279,1787466335,2026-08-23T06:25:35+00:00,HOMEUSDT,SHORT,ema_cross,open,,0.00636,0.006685862068965517,0.005708275862068965,,,5.123617436564733,10.247234873129479,2.0000000000000027,0.00636,0.0,1787466336.102,1.1019999980926514,0.278,,,,,,,ok,1787461200,2026-08-23T05:00:00+00:00,-0.0,-3.7398373983739868,-2.5723472668810357,5.220228384991843,7.67946577629383,7.67946577629383,0.0,3.406707872283144,1.893400192206169,184.8700114795057,192.3126045119186,1.8699186991869934,0.0
4280,1787466378,2026-08-23T06:26:18+00:00,HOMEUSDT,SHORT,ema_cross_confirmed,open,,0.00634,0.006991724137931035,0.00503655172413793,,,10.279560535189825,20.55912107037965,2.0,0.00636,0.31446540880503226,1787466378.931,0.9309999942779541,,,,1.6,1,0,2.0,ok,1787461200,2026-08-23T05:00:00+00:00,-0.0,-3.7398373983739868,-2.5723472668810357,5.220228384991843,7.67946577629383,7.67946577629383,0.0,3.406707872283144,1.893400192206169,184.8700114795057,192.3126045119186,1.8699186991869934,0.0
4281,1787485723,2026-08-23T11:48:43+00:00,ZROUSDT,LONG,overheated_early,sl,sl,1.223,1.135357142857143,1.3982857142857144,1.135,-1.004074979625103,7.166218899661253,14.332437799322506,2.0,1.223,0.0,1787485722.68,0.31999993324279785,,21.9,67.1,,,,,ok,1787479200,2026-08-23T10:00:00+00:00,0.0,-1.7255546425636918,-2.6058631921824125,2.9535864978902886,6.413502109704627,8.054841473864597,0.0,1.3957131597664452,1.4064496217817557,-38.47700684673028,-58.5554666522639,0.8627773212818459,0.0
4282,1787486306,2026-08-23T11:58:26+00:00,ICXUSDT,SHORT,ema_cross,tp,tp,0.0172,0.018050689655172415,0.015498620689655173,0.01511,2.456830158086743,4.945870088211713,9.891740176423415,1.999999999999998,0.0172,0.0,1787486307.077,1.0769999027252197,0.289,,,,,,,ok,1787479200,2026-08-23T10:00:00+00:00,-0.0,0.35190615835775696,-1.3723150357995288,0.8240141259564318,1.3010053222944882,2.759448110377916,0.0,0.7048356811886581,0.2678401765874393,10.31594755386126,55.731799751351645,-0.17595307917887848,0.0
4317,1787486307,2026-08-23T11:58:27+00:00,ICXUSDT,SHORT,ema_cross_confirmed,ttl_expired,,0.0172,0.0172,0.0172,,,0.0,0.0,,0.0172,0.0,,,,,,,,,,ok,1787479200,2026-08-23T10:00:00+00:00,-0.0,0.35190615835775696,-1.3723150357995288,0.8240141259564318,1.3010053222944882,2.759448110377916,0.0,0.7048356811886581,0.2678401765874393,10.31594755386126,55.731799751351645,-0.17595307917887848,0.0
4283,1787486334,2026-08-23T11:58:54+00:00,OPNUSDT,SHORT,ema_cross,sl,sl,0.05592,0.05876034482758621,0.050239310344827585,0.05878,-1.0069199951438625,5.079300478516112,10.158600957032212,1.9999999999999976,0.05592,0.0,1787486334.76,0.7599999904632568,0.481,,,,,,,ok,1787479200,2026-08-23T10:00:00+00:00,-0.0,-1.2137681159420362,-2.2136845956824054,1.5434901035046242,1.6727272727272677,2.7941176470588247,0.0,0.41620335058483116,0.8560926874593999,790.7597535934292,885.1491545150882,0.6068840579710181,0.0
4318,1787486334,2026-08-23T11:58:54+00:00,OPNUSDT,SHORT,ema_cross_confirmed,ttl_expired,,0.05592,0.05592,0.05592,,,0.0,0.0,,0.05592,0.0,,,,,,,,,,ok,1787479200,2026-08-23T10:00:00+00:00,-0.0,-1.2137681159420362,-2.2136845956824054,1.5434901035046242,1.6727272727272677,2.7941176470588247,0.0,0.41620335058483116,0.8560926874593999,790.7597535934292,885.1491545150882,0.6068840579710181,0.0
4284,1787486495,2026-08-23T12:01:35+00:00,CYSUSDT,LONG,ema_cross,tp,tp,0.5765,0.5390275862068966,0.6514448275862069,0.6546,2.0841998711695973,6.499985046505359,12.999970093010738,2.000000000000003,0.5765,0.0,1787486497.108,2.1080000400543213,0.501,,,,,,,ok,1787482800,2026-08-23T11:00:00+00:00,0.0,-2.9535864978903072,0.5596362364463066,4.013319313003861,5.012267788293018,7.653611210923458,0.0,2.7759920376082876,0.9519871888193332,-40.93503865886263,-41.19585152563072,1.4767932489451536,0.0
4319,1787486497,2026-08-23T12:01:37+00:00,CYSUSDT,LONG,ema_cross_confirmed,ttl_expired,,0.5765,0.5765,0.5765,,,0.0,0.0,,0.5765,0.0,,,,,,,,,,ok,1787482800,2026-08-23T11:00:00+00:00,0.0,-2.9535864978903072,0.5596362364463066,4.013319313003861,5.012267788293018,7.653611210923458,0.0,2.7759920376082876,0.9519871888193332,-40.93503865886263,-41.19585152563072,1.4767932489451536,0.0
4289,1787489813,2026-08-23T12:56:53+00:00,FFUSDT,LONG,overheated_early,sl,sl,0.08669,0.08296732142857143,0.09413535714285715,0.08296732142857143,-1.0,4.294242209515028,8.58848441903004,1.9999999999999962,0.08669,0.0,1787489812.61,0.3900001049041748,,15.4,63.0,,,,,ok,1787482800,2026-08-23T11:00:00+00:00,0.0,-0.39941902687000364,-2.5461866414021777,3.494155682665995,7.020849032906303,8.66616428033158,0.0,0.973035949249096,0.6931630154212721,-58.74985229823939,-257.8618469967152,0.19970951343500182,0.0
4339,1787493352,2026-08-23T13:55:52+00:00,PENDLEUSDT,LONG,overheated_confirmed,ttl_expired,,1.93,1.93,1.93,,,0.0,0.0,,1.93,0.0,,,,,,,,,,ok,1787486400,2026-08-23T12:00:00+00:00,0.0,2.966343411294926,6.426886792452829,4.250430786904069,6.82754561506768,9.601449275362322,0.0,1.5957802670092023,3.696360129632461,68.31805929919138,34.37337015196053,-1.483171705647463,0.0
4300,1787494544,2026-08-23T14:15:44+00:00,PENDLEUSDT,LONG,overheated_confirmed,sl,sl,1.968,1.8630535714285714,2.177892857142857,1.8630535714285714,-1.0,5.332643728222996,10.665287456445991,2.0,1.93,1.9689119170984475,1787494545.489,1.4890000820159912,,,,2.3,1,19,2.0,ok,1787490000,2026-08-23T13:00:00+00:00,0.0,7.257617728531857,13.882352941176471,7.973421926910293,12.004595060310157,15.521327014218011,0.0,2.3161783684897204,8.071287630564255,138.0008327194696,69.68277342027822,-3.6288088642659284,0.0
4344,1787495123,2026-08-23T14:25:23+00:00,TRUMPUSDT,LONG,overheated_confirmed,ttl_expired,,2.855,2.855,2.855,,,0.0,0.0,,2.855,0.0,,,,,,,,,,ok,1787490000,2026-08-23T13:00:00+00:00,0.0,3.6697247706422047,9.708737864077678,7.421874999999997,8.695652173913052,12.843660237997545,0.0,0.7081311176774671,1.4394348519744629,95.19510360734911,123.2432473815795,-1.8348623853211024,0.0
4302,1787495445,2026-08-23T14:30:45+00:00,TRUMPUSDT,LONG,overheated_confirmed,sl,sl,2.917,2.598303571428571,3.554392857142857,2.598303571428571,-1.0,10.92548606689848,21.85097213379696,2.0,2.855,2.17162872154115,1787495446.103,1.1029999256134033,,,,2.6,1,5,2.0,ok,1787490000,2026-08-23T13:00:00+00:00,0.0,3.6697247706422047,9.708737864077678,7.421874999999997,8.695652173913052,12.843660237997545,0.0,0.7081311176774671,1.4394348519744629,95.19510360734911,123.2432473815795,-1.8348623853211024,0.0
4304,1787496342,2026-08-23T14:45:42+00:00,ICXUSDT,SHORT,ema_cross_confirmed,tp,tp,0.01711,0.018811379310344826,0.013707241379310349,0.013707241379310349,2.0,9.943771539128145,19.88754307825629,2.0,0.0172,0.5232558139534872,1787496342.589,0.5889999866485596,,,,4.5,1,167,2.0,ok,1787490000,2026-08-23T13:00:00+00:00,-0.0,-1.7502917152858906,-2.648616833431424,1.9230769230769051,2.042007001166859,2.942907592701571,0.0,1.361154144959128,0.6280101518734138,208.61857357152599,267.7373574858945,0.8751458576429453,0.0
4312,1787498628,2026-08-23T15:23:48+00:00,ENAUSDT,LONG,overheated_early,sl,sl,0.17331,0.15793714285714286,0.20405571428571428,0.1577,-1.0154260756435272,8.870150102623699,17.740300205247415,2.0000000000000018,0.17331,0.0,1787498626.963,1.0369999408721924,,16.4,67.3,,,,,ok,1787493600,2026-08-23T14:00:00+00:00,0.0,0.7115554248750302,-2.6157170476515375,3.5712127621004277,7.692307692307687,10.858662154812988,0.0,2.0739554171227903,1.645491817311725,-1.5605484026279581,26.31060153063915,-0.3557777124375151,0.0
4348,1787500459,2026-08-23T15:54:19+00:00,XPLUSDT,LONG,overheated_confirmed,ttl_expired,,0.1119,0.1119,0.1119,,,0.0,0.0,,0.1119,0.0,1787500486.685,27.68499994277954,,,,1.9,1,0,2.0,ok,1787493600,2026-08-23T14:00:00+00:00,0.0,-0.6214149139579329,-0.7826667939295613,7.955119781663804,9.08723339735166,12.627843873930287,0.0,1.8533676886984196,4.984303689310816,82.68212746121854,139.59312442661724,0.31070745697896646,0.0
4314,1787500486,2026-08-23T15:54:46+00:00,XPLUSDT,LONG,overheated_confirmed,sl,sl,0.11098,0.10287517857142857,0.12718964285714285,0.10285,-1.003106616432018,7.30295677470844,14.60591354941688,2.0,0.1119,-0.8221626452189492,1787500486.685,0.684999942779541,,,,1.9,1,0,2.0,ok,1787493600,2026-08-23T14:00:00+00:00,0.0,-0.6214149139579329,-0.7826667939295613,7.955119781663804,9.08723339735166,12.627843873930287,0.0,1.8533676886984196,4.984303689310816,82.68212746121854,139.59312442661724,0.31070745697896646,0.0
4349,1787500666,2026-08-23T15:57:46+00:00,AAVEUSDT,LONG,overheated_confirmed,ttl_expired,,140.47,140.47,140.47,,,0.0,0.0,,140.47,0.0,,,,,,,,,,ok,1787493600,2026-08-23T14:00:00+00:00,0.0,-3.0176383084224634,7.229010025062649,5.657992565055772,6.028501081847357,13.180949346925782,0.0,4.668484491340229,4.126697777271222,-18.931091968053572,-104.73447695541483,1.5088191542112317,0.0
4325,1787501252,2026-08-23T16:07:32+00:00,GRASSUSDT,LONG,ema_cross,tp,tp,0.3247,0.3065689655172414,0.36096206896551725,0.36096206896551725,2.000000000000003,5.583934241687281,11.16786848337458,2.000000000000003,0.3247,0.0,1787501253.436,1.436000108718872,0.198,,,,,,,ok,1787497200,2026-08-23T15:00:00+00:00,0.0,0.9591584158415816,2.384687794163789,2.474162229877864,3.832862079798928,5.974440894568688,0.0,1.7536603307209513,1.6834336963484946,-41.62638612453796,-147.99282297359179,-0.4795792079207908,0.0
4351,1787501253,2026-08-23T16:07:33+00:00,GRASSUSDT,LONG,ema_cross_confirmed,ttl_expired,,0.3247,0.3247,0.3247,,,0.0,0.0,,0.3247,0.0,,,,,,,,,,ok,1787497200,2026-08-23T15:00:00+00:00,0.0,0.9591584158415816,2.384687794163789,2.474162229877864,3.832862079798928,5.974440894568688,0.0,1.7536603307209513,1.6834336963484946,-41.62638612453796,-147.99282297359179,-0.4795792079207908,0.0
4326,1787501342,2026-08-23T16:09:02+00:00,MYXUSDT,LONG,ema_cross,sl,sl,0.0764,0.07287241379310344,0.0834551724137931,0.0728,-1.0205278592375335,4.617259433110673,9.234518866221347,2.0,0.0764,0.0,1787501342.697,0.6970000267028809,0.26,,,,,,,ok,1787497200,2026-08-23T15:00:00+00:00,0.0,0.39577836411608797,3.2564450474898226,2.913907284768222,4.7169811320754755,6.292749658002745,0.0,1.3999304318777834,1.6695369027306783,-11.311254199835176,-62.805327298287594,-0.19788918205804398,0.0
4352,1787501342,2026-08-23T16:09:02+00:00,MYXUSDT,LONG,ema_cross_confirmed,ttl_expired,,0.0764,0.0764,0.0764,,,0.0,0.0,,0.0764,0.0,,,,,,,,,,ok,1787497200,2026-08-23T15:00:00+00:00,0.0,0.39577836411608797,3.2564450474898226,2.913907284768222,4.7169811320754755,6.292749658002745,0.0,1.3999304318777834,1.6695369027306783,-11.311254199835176,-62.805327298287594,-0.19788918205804398,0.0
4327,1787501387,2026-08-23T16:09:47+00:00,UAIUSDT,LONG,ema_cross,sl,sl,0.28924,0.27344137931034485,0.32083724137931036,0.27344137931034485,-1.0,5.46211474542081,10.92422949084164,2.0000000000000036,0.28924,0.0,1787501387.932,0.931999921798706,0.255,,,,,,,ok,1787497200,2026-08-23T15:00:00+00:00,0.0,1.3506025765341318,6.178572724304318,3.898792813026393,6.965569565374478,12.840155499656985,0.0,1.3519549805281592,4.452784210391107,24.705838821875233,25.369891750079105,-0.6753012882670659,0.0
4353,1787501387,2026-08-23T16:09:47+00:00,UAIUSDT,LONG,ema_cross_confirmed,ttl_expired,,0.28924,0.28924,0.28924,,,0.0,0.0,,0.28924,0.0,,,,,,,,,,ok,1787497200,2026-08-23T15:00:00+00:00,0.0,1.3506025765341318,6.178572724304318,3.898792813026393,6.965569565374478,12.840155499656985,0.0,1.3519549805281592,4.452784210391107,24.705838821875233,25.369891750079105,-0.6753012882670659,0.0
4354,1787504083,2026-08-23T16:54:43+00:00,STXUSDT,LONG,overheated_confirmed,ttl_expired,,0.2423,0.2423,0.2423,,,0.0,0.0,,0.2423,0.0,,,,,,,,,,ok,1787497200,2026-08-23T15:00:00+00:00,0.0,0.43630017452007025,-2.457627118644068,2.4604569420035123,6.195079086115993,7.760141093474429,0.0,2.1798572844115047,0.7960060121206092,-51.38530537254873,-79.56228245726395,-0.21815008726003512,0.0
4357,1787506057,2026-08-23T17:27:37+00:00,ZROUSDT,LONG,overheated_confirmed,ttl_expired,,1.257,1.257,1.257,,,0.0,0.0,,1.257,0.0,,,,,,,,,,ok,1787500800,2026-08-23T16:00:00+00:00,0.0,0.0,1.1235955056179785,3.2546786004881865,4.475183075671272,6.2295081967213175,0.0,0.3319085196588256,0.7247721362102305,-33.028705381664366,-9.301479737813565,0.0,0.0
4336,1787506247,2026-08-23T17:30:47+00:00,SPKUSDT,LONG,overheated_confirmed,tp,tp,0.02061,0.019226785714285714,0.023376428571428572,0.023376428571428572,2.0,6.711374506134334,13.422749012268667,2.0,0.0205,0.5365853658536536,1787506247.974,0.9739999771118164,,,,1.6,1,65,2.0,ok,1787500800,2026-08-23T16:00:00+00:00,0.0,-1.4534883720930145,3.7755102040816384,2.7160493827160415,4.470115519839269,12.189859762675285,0.0,2.7086656695011033,3.109177502817601,-37.250528293026534,-1.527618543554759,0.7267441860465073,0.0
4345,1787510716,2026-08-23T18:45:16+00:00,GRASSUSDT,LONG,ema_cross_confirmed,open,,0.3353,0.30810344827586206,0.38969310344827585,,,8.111109968427655,16.22221993685531,2.0,0.3247,3.264551894056052,1787510717.272,1.2720000743865967,,,,3.7,1,157,2.0,ok,1787504400,2026-08-23T17:00:00+00:00,0.0,1.449722393584219,1.7636138613861505,1.7305315203955483,2.610316967060292,3.832862079798928,0.0,1.0910901777162423,0.5572758427922125,-59.97206703910615,-47.16154585060152,-0.7248611967921095,0.0
4346,1787510719,2026-08-23T18:45:19+00:00,SPKUSDT,LONG,overheated_confirmed,sl,sl,0.02311,0.021726785714285712,0.024493214285714285,0.02172,-1.0049057578104816,5.985349570377699,5.985349570377699,1.0,0.0205,12.731707317073159,1787510719.722,0.7219998836517334,,,,4.2,3,139,1.0,ok,1787504400,2026-08-23T17:00:00+00:00,0.0,6.243854473942971,8.92137096774194,8.803165182987144,8.803165182987144,15.122972265829409,0.0,3.88017426747775,9.54704585728487,244.38727782974743,281.63780612277395,-3.1219272369714854,0.0
4347,1787511270,2026-08-23T18:54:30+00:00,CYSUSDT,LONG,overheated_early,tp,tp,0.6015,0.5452875,0.713925,0.718,2.07249277295975,9.345386533665835,18.69077306733167,2.0,0.6015,0.0,1787511269.583,0.41700005531311035,,15.9,69.6,,,,,ok,1787504400,2026-08-23T17:00:00+00:00,0.0,-0.2698600101197394,5.401069518716576,2.726805007717377,3.4185082872928048,8.514492753623175,0.0,1.821497725929419,1.676006900112467,19.237340258320234,22.31721838787382,0.1349300050598697,0.0
4361,1787511953,2026-08-23T19:05:53+00:00,龙虾USDT,LONG,overheated_confirmed,ttl_expired,,0.025847,0.025847,0.025847,,,0.0,0.0,,0.025847,0.0,,,,,,,,,,ok,1787508000,2026-08-23T18:00:00+00:00,0.0,-0.6174733450947358,3.3955789641688514,3.907927168641175,7.990776814820711,10.994341147938547,0.0,4.979416926654486,3.2628258225974163,0.5900570497147514,18.19239937269745,0.3087366725473679,0.0
4360,1787523308,2026-08-23T22:15:08+00:00,UAIUSDT,LONG,overheated_early,tp,tp,0.27951,0.25466517857142856,0.3291996428571428,0.3291996428571428,2.0,8.88870574525828,17.77741149051656,2.0,0.27951,0.0,1787523307.518,0.48200011253356934,,19.1,69.8,,,,,ok,1787518800,2026-08-23T21:00:00+00:00,0.0,0.8878069735805963,0.30252340107485404,2.3590664272890356,3.1964958007529702,6.3694029850746166,0.0,0.6966898754955048,0.3713872397778472,-16.399748002254714,16.56088506952158,-0.4439034867902982,0.0
4363,1787530515,2026-08-24T00:15:15+00:00,UAIUSDT,LONG,overheated_confirmed,tp,tp,0.28,0.2551551785714286,0.32968964285714286,0.32968964285714286,2.0,8.873150510204077,17.746301020408154,2.0,0.28022,-0.0785097423452994,1787530516.685,1.684999942779541,,,,3.8,1,90,2.0,ok,1787526000,2026-08-23T23:00:00+00:00,0.0,-0.7424247806472172,0.028638934631640477,1.5279279279279154,1.8306306306306208,3.1964958007529702,0.0,0.8211012903232601,0.3040422487812033,20.636300417246176,52.19541674612414,0.3712123903236086,0.0
4364,1787530517,2026-08-24T00:15:17+00:00,SPKUSDT,LONG,overheated_confirmed,sl,sl,0.02356,0.02200964285714286,0.026660714285714284,0.02199,-1.0126698917300183,6.580463254911466,13.160926509822932,2.0,0.02189,7.6290543627227105,1787530517.844,0.8440001010894775,,,,2.0,1,198,2.0,ok,1787526000,2026-08-23T23:00:00+00:00,0.0,0.8722197993894559,6.003666361136582,7.253649635036502,7.253649635036502,13.03116147308781,0.0,0.9593837922091993,2.1532266959609343,12.60470124313062,33.54724853079216,-0.43610989969472796,0.0
4367,1787553210,2026-08-24T06:33:30+00:00,PENGUUSDT,LONG,overheated_early,open,,0.009575,0.008780375,0.01116425,,,8.298955613577025,16.59791122715405,2.0,0.009575,0.0,1787553208.713,1.2869999408721924,,17.1,56.7,,,,,ok,1787547600,2026-08-24T05:00:00+00:00,0.0,0.12547051442910767,0.6834191988224065,2.40695578411621,3.5981208626948593,4.165324745034884,0.0,1.390763603420169,0.795914548371971,-18.33755399970207,-20.667444551077885,-0.06273525721455384,0.0
4369,1787553329,2026-08-24T06:35:29+00:00,LITUSDT,LONG,overheated_early,sl,sl,3.64,3.305607142857143,4.308785714285714,3.286,-1.0586350528676716,9.186616954474092,18.373233908948194,2.0000000000000013,3.64,0.0,1787553328.529,0.47099995613098145,,17.3,64.9,,,,,ok,1787547600,2026-08-24T05:00:00+00:00,0.0,-0.9625668449197868,1.3961127840131442,4.24008810572687,7.465228498438828,8.54041702370751,0.0,3.901108244606379,1.8563303896632017,-52.118582528501925,-252.7607938214752,0.4812834224598934,0.0
4395,1787553357,2026-08-24T06:35:57+00:00,GRASSUSDT,LONG,overheated_confirmed,ttl_expired,,0.3688,0.3688,0.3688,,,0.0,0.0,,0.3688,0.0,,,,,,,,,,ok,1787547600,2026-08-24T05:00:00+00:00,0.0,3.6974789915966357,7.835712205068448,5.197740112994358,5.37634408602151,9.20821114369501,0.0,1.6055799549923042,2.6224012892828363,59.86309184255562,88.40346198142564,-1.8487394957983179,0.0
4371,1787553362,2026-08-24T06:36:02+00:00,SPKUSDT,LONG,overheated_early,sl,sl,0.02229,0.020418214285714286,0.02603357142857143,0.020418214285714286,-1.0,8.397423572389927,16.794847144779855,2.0,0.02229,0.0,1787553361.391,0.6089999675750732,,28.4,60.8,,,,,ok,1787547600,2026-08-24T05:00:00+00:00,0.0,2.8045977011494387,3.566465956461324,6.047819971870619,8.75000000000001,10.287664553876162,0.0,3.917674660892945,1.2080744889216137,-53.91274826005772,-74.36315572985043,-1.4022988505747194,0.0
4373,1787553531,2026-08-24T06:38:51+00:00,AAVEUSDT,LONG,overheated_early,sl,sl,141.72,133.08482142857142,158.99035714285714,133.08482142857142,-1.0,6.093126285230442,12.186252570460864,1.9999999999999967,141.72,0.0,1787553530.657,0.3429999351501465,,15.8,55.6,,,,,ok,1787547600,2026-08-24T05:00:00+00:00,0.0,1.5515903801396553,3.3816771970132162,2.5118853331441082,3.7710099123689127,6.447096964338344,0.0,0.9613157131695816,0.6918391964487884,-12.532022397305928,-113.59927734602998,-0.7757951900698277,0.0
4375,1787553658,2026-08-24T06:40:58+00:00,SCRTUSDT,LONG,overheated_early,sl,sl,0.01943,0.015920535714285713,0.026448928571428568,0.01468,-1.3534829288149388,18.062091022718917,36.12418204543782,1.9999999999999991,0.01943,0.0,1787553657.303,0.6970000267028809,,21.0,69.0,,,,,ok,1787547600,2026-08-24T05:00:00+00:00,0.0,3.6789297658862727,5.561861520998855,5.230596175478067,7.600680657969376,9.526558891454979,0.0,1.6452415732253638,0.7100066481448074,-53.26691407430471,-167.84989686894448,-1.8394648829431364,0.0
4379,1787553917,2026-08-24T06:45:17+00:00,SCRTUSDT,LONG,overheated_confirmed,sl,sl,0.02142,0.01791053571428572,0.028438928571428566,0.01787,-1.0115503994301136,16.38405362144856,32.76810724289712,2.0,0.01958,9.39734422880491,1787553918.377,1.377000093460083,,,,2.9,1,0,2.0,ok,1787547600,2026-08-24T05:00:00+00:00,0.0,3.6789297658862727,5.561861520998855,5.230596175478067,7.600680657969376,9.526558891454979,0.0,1.6452415732253638,0.7100066481448074,-53.26691407430471,-167.84989686894448,-1.8394648829431364,0.0
4381,1787553978,2026-08-24T06:46:18+00:00,RATSUSDT,LONG,overheated_confirmed,sl,sl,4.678e-05,4.3211607142857145e-05,5.391678571428572e-05,4.289e-05,-1.0901266076164753,7.628030904537959,15.256061809075918,2.0,4.687e-05,-0.1920204821847537,1787553979.115,1.1150000095367432,,,,2.9,1,0,2.0,ok,1787547600,2026-08-24T05:00:00+00:00,0.0,1.00640439158279,3.0090972708187453,1.4442916093535054,2.883050453382922,4.1666666666666625,0.0,0.35401594314033064,0.563360043068895,67.68024747776566,135.3140211292203,-0.503202195791395,0.0
4382,1787553979,2026-08-24T06:46:19+00:00,UAIUSDT,LONG,overheated_confirmed,tp,tp,0.32871,0.3032067857142857,0.37971642857142857,0.37971642857142857,2.0,7.758575731104707,15.517151462209414,2.0,0.32652,0.6707092980521945,1787553980.246,1.246000051498413,,,,2.4,1,0,2.0,ok,1787547600,2026-08-24T05:00:00+00:00,0.0,6.250000000000004,15.369508292115224,8.14040582868039,11.699957799971875,19.603117822043174,0.0,1.408895695623886,1.9466116469139356,70.71952779585699,24.446363309538192,-3.125000000000002,0.0
4383,1787555033,2026-08-24T07:03:53+00:00,GRASSUSDT,LONG,overheated_early,sl,sl,0.3675,0.33579642857142855,0.4309071428571429,0.3352,-1.018812661935338,8.626822157434406,17.25364431486881,2.0,0.3675,0.0,1787555032.511,0.4890000820159912,,24.9,69.1,,,,,ok,1787551200,2026-08-24T06:00:00+00:00,0.0,-1.053484602917331,3.299492385786799,2.7472527472527495,5.6497175141242995,9.1333527866939,0.0,2.3713292939381057,1.0881416064241707,-54.76258445142259,-114.62567629397822,0.5267423014586655,0.0
4384,1787555440,2026-08-24T07:10:40+00:00,MORPHOUSDT,LONG,overheated_early,sl,sl,2.7435,2.5482,3.1341,2.547,-1.0061443932411667,7.118644067796612,14.237288135593223,2.0,2.7435,0.0,1787555439.421,0.5789999961853027,,19.0,58.7,,,,,ok,1787551200,2026-08-24T06:00:00+00:00,0.0,-0.6573690709668049,1.9341134381754597,2.0553737544582065,2.595874544986571,3.983751956473131,0.0,1.846933377230258,0.4602670006341915,-42.999851345324814,-27.601305177354394,0.32868453548340243,0.0
4401,1787555964,2026-08-24T07:19:24+00:00,BTRUSDT,LONG,overheated_confirmed,ttl_expired,,0.03451,0.03451,0.03451,,,0.0,0.0,,0.03451,0.0,,,,,,,,,,ok,1787551200,2026-08-24T06:00:00+00:00,0.0,15.707671957671959,21.746694502435624,19.655857048312367,25.73018080667593,27.234342012667124,0.0,7.393435811006771,18.683640222394928,1857.7851907536178,1784.4909390030887,-7.8538359788359795,0.0
4387,1787557515,2026-08-24T07:45:15+00:00,GRASSUSDT,LONG,overheated_confirmed,sl,sl,0.3726,0.34089642857142854,0.43600714285714287,0.3384,-1.07874281851977,8.508741660915579,17.017483321831158,2.0,0.3688,1.0303687635574754,1787557515.947,0.9470000267028809,,,,1.6,1,69,2.0,ok,1787551200,2026-08-24T06:00:00+00:00,0.0,-1.053484602917331,3.299492385786799,2.7472527472527495,5.6497175141242995,9.1333527866939,0.0,2.3713292939381057,1.0881416064241707,-54.76258445142259,-114.62567629397822,0.5267423014586655,0.0
4388,1787557517,2026-08-24T07:45:17+00:00,PROMUSDT,LONG,overheated_confirmed,sl,sl,3.827,3.5153749999999997,4.4502500000000005,3.5153749999999997,-1.0,8.14280114972564,16.28560229945128,2.0,3.526,8.536585365853663,1787557518.842,1.8420000076293945,,,,1.9,1,61,2.0,ok,1787551200,2026-08-24T06:00:00+00:00,0.0,5.497076023391818,17.18090289054888,9.814323607427061,11.791179117911785,29.330093717459228,0.0,8.247599956711584,3.5742380239574008,-48.41063446609348,-41.82918579756912,-2.748538011695909,0.0
4425,1787561740,2026-08-24T08:55:40+00:00,RATSUSDT,LONG,overheated_confirmed,ttl_expired,,4.678e-05,4.678e-05,4.678e-05,,,0.0,0.0,,4.678e-05,0.0,,,,,,,,,,ok,1787554800,2026-08-24T07:00:00+00:00,0.0,0.6313956020030457,5.718206770356815,3.7740062527914224,6.442831215970962,9.09090909090908,0.0,1.8077597531812024,1.6771599160588868,-17.48881347139059,-305.4217275175122,-0.31569780100152284,0.0
4426,1787561783,2026-08-24T08:56:23+00:00,PTBUSDT,LONG,overheated_confirmed,ttl_expired,,0.0008824,0.0008824,0.0008824,,,0.0,0.0,,0.0008824,0.0,,,,,,,,,,ok,1787554800,2026-08-24T07:00:00+00:00,0.0,-1.3795501970786015,-1.2880018565792526,2.902499703826561,3.9483044818591413,6.8294996442968925,0.0,0.9549860123023154,1.3682406333700186,-4.7888404199223435,48.55932715697904,0.6897750985393007,0.0
4427,1787561789,2026-08-24T08:56:29+00:00,TUTUSDT,LONG,overheated_confirmed,ttl_expired,,0.082684,0.082684,0.082684,,,0.0,0.0,,0.082684,0.0,,,,,,,,,,ok,1787554800,2026-08-24T07:00:00+00:00,0.0,2.7299803607892152,18.028720431553634,8.151756638691056,14.653793258300812,28.356192361471138,0.0,2.609737401752722,1.0520608001497207,-8.216001584108886,31.06693299284656,-1.3649901803946076,0.0
4391,1787562277,2026-08-24T09:04:37+00:00,RATSUSDT,LONG,overheated_early,sl,sl,4.745e-05,4.379214285714286e-05,5.4765714285714284e-05,4.289e-05,-1.2466315172817823,7.70886647598976,15.41773295197952,2.0,4.745e-05,0.0,1787562276.418,0.5820000171661377,,18.8,65.6,,,,,ok,1787558400,2026-08-24T08:00:00+00:00,0.0,1.5144958892254363,6.250000000000002,3.7802197802197735,5.448861098704772,8.25309491059147,0.0,1.7100634257373235,2.669069978139264,68.42915340380661,85.9179668751972,-0.7572479446127182,0.0
4434,1787562321,2026-08-24T09:05:21+00:00,SCRTUSDT,LONG,overheated_confirmed,ttl_expired,,0.01922,0.01922,0.01922,,,0.0,0.0,,0.01922,0.0,,,,,,,,,,ok,1787558400,2026-08-24T08:00:00+00:00,0.0,4.679935449166233,4.623655913978512,5.567567567567567,10.526315789473667,28.522920203735136,0.0,2.6950375784203486,2.10168802278,-73.80280475760156,-82.35976265326565,-2.3399677245831163,0.0
4393,1787564085,2026-08-24T09:34:45+00:00,PTBUSDT,LONG,overheated_early,sl,sl,0.0008769,0.00079275,0.0010452,0.0007877,-1.0600118835412957,9.596305165925415,19.19261033185084,2.0000000000000013,0.0008769,0.0,1787564083.827,1.1730000972747803,,15.8,69.9,,,,,ok,1787558400,2026-08-24T08:00:00+00:00,0.0,3.5500176325379074,1.685328408172692,5.32782043709391,5.627295344153539,6.8294996442968925,0.0,2.5837201656395137,1.0886003486972964,-16.965993929542414,-12.17715350962007,-1.7750088162689537,0.0
4470,1787568086,2026-08-24T10:41:26+00:00,VELVETUSDT,LONG,overheated_confirmed,ttl_expired,,0.84429,0.84429,0.84429,,,0.0,0.0,,0.84429,0.0,,,,,,,,,,ok,1787562000,2026-08-24T09:00:00+00:00,0.0,31.02571223925978,32.01372626990089,80.58117547177092,80.58117547177092,80.58117547177092,0.0,15.393990115877171,168.56556776556778,13547.212336892053,13473.038783173044,-15.51285611962989,0.0
4399,1787569581,2026-08-24T11:06:21+00:00,TUTUSDT,LONG,overheated_early,sl,sl,0.079014,0.06737426785714286,0.10229346428571429,0.067365,-1.0007962259809005,14.73122755822657,29.46245511645314,2.0,0.079014,0.0,1787569579.781,1.2190001010894775,,23.0,66.7,,,,,ok,1787565600,2026-08-24T10:00:00+00:00,0.0,-2.4605757196495563,-1.3318815992707536,5.922168027335094,10.443438175661903,12.865282367179336,0.0,1.7872865346099343,0.871808358225359,-59.76938417314662,-131.75026366064958,1.2302878598247782,0.0
4402,1787572024,2026-08-24T11:47:04+00:00,ZAMAUSDT,LONG,overheated_early,sl,sl,0.06202,0.05651875,0.0730225,0.05614,-1.0688479890933873,8.87012254111577,17.74024508223155,2.0000000000000013,0.06202,0.0,1787572022.895,1.1050000190734863,,16.6,69.1,,,,,ok,1787565600,2026-08-24T10:00:00+00:00,0.0,2.105083005305485,5.164815794112454,2.878190851464795,5.313924938618025,7.887172116421125,0.0,0.49843644433917433,1.6926408207494361,126.3717386471575,113.24257326654316,-1.0525415026527425,0.0
4403,1787573328,2026-08-24T12:08:48+00:00,SUPERUSDT,LONG,overheated_early,tp,tp,0.1149,0.109425,0.12585000000000002,0.1266,2.136986301369858,4.765013054830294,9.530026109660588,2.0,0.1149,0.0,1787573326.718,1.2820000648498535,,15.1,59.5,,,,,ok,1787569200,2026-08-24T11:00:00+00:00,0.0,2.8854824165915187,4.487179487179476,3.807796917497742,5.142332415059695,5.142332415059695,0.0,1.3765781769914267,4.807819771227687,376.19166650643183,384.41838658266397,-1.4427412082957594,0.0
4406,1787574821,2026-08-24T12:33:41+00:00,PROMUSDT,LONG,overheated_early,tp,tp,3.577,3.196160714285714,4.338678571428572,4.338678571428572,2.0,10.64689085027358,21.29378170054716,2.0,3.577,0.0,1787574820.493,0.5069999694824219,,34.9,67.2,,,,,ok,1787569200,2026-08-24T11:00:00+00:00,0.0,-1.007302946361119,4.464522986978479,4.495556717198122,8.715473317243234,10.553586037632956,0.0,3.5836254396437295,2.5921822787933326,10.614262036379746,-54.116180379865895,0.5036514731805595,0.0
4424,1787576052,2026-08-24T12:54:12+00:00,PARTIUSDT,LONG,ema_cross,sl,sl,0.02587,0.024703793103448276,0.028202413793103447,0.024703793103448276,-1.0,4.507950895058851,9.015901790117688,1.9999999999999971,0.02587,0.0,1787576053.559,1.559000015258789,0.187,,,,,,,ok,1787569200,2026-08-24T11:00:00+00:00,0.0,-0.1577909270217035,3.559738134206216,2.6767878545745125,5.1985264019647985,9.82905982905983,0.0,1.5570049132457098,1.9230343111071952,-40.63496985076332,-303.72378895368445,0.07889546351085175,0.0
4504,1787576053,2026-08-24T12:54:13+00:00,PARTIUSDT,LONG,ema_cross_confirmed,ttl_expired,,0.02587,0.02587,0.02587,,,0.0,0.0,,0.02587,0.0,,,,,,,,,,ok,1787569200,2026-08-24T11:00:00+00:00,0.0,-0.1577909270217035,3.559738134206216,2.6767878545745125,5.1985264019647985,9.82905982905983,0.0,1.5570049132457098,1.9230343111071952,-40.63496985076332,-303.72378895368445,0.07889546351085175,0.0
4428,1787576344,2026-08-24T12:59:04+00:00,NGUSDT,LONG,ema_cross,sl,sl,2.881,2.8556896551724136,2.931620689655172,2.854,-1.0667574931879986,0.8785263737447486,1.7570527474894972,2.0,2.881,0.0,1787576345.067,1.066999912261963,0.262,,,,,,,ok,1787569200,2026-08-24T11:00:00+00:00,0.0,1.0919337794998287,2.026306434411658,1.3032758013384966,1.625441696113068,2.567760342368048,0.0,0.5061088793404169,3.7900259868828114,255.99776827227078,296.40561488647893,-0.5459668897499144,0.0
4505,1787576345,2026-08-24T12:59:05+00:00,NGUSDT,LONG,ema_cross_confirmed,ttl_expired,,2.881,2.881,2.881,,,0.0,0.0,,2.881,0.0,,,,,,,,,,ok,1787569200,2026-08-24T11:00:00+00:00,0.0,1.0919337794998287,2.026306434411658,1.3032758013384966,1.625441696113068,2.567760342368048,0.0,0.5061088793404169,3.7900259868828114,255.99776827227078,296.40561488647893,-0.5459668897499144,0.0
4429,1787576454,2026-08-24T13:00:54+00:00,SUPERUSDT,LONG,overheated_confirmed,sl,sl,0.1265,0.121025,0.13745000000000002,0.1207,-1.0593607305936057,4.328063241106726,8.656126482213452,2.0,0.1227,3.096984515077423,1787576455.128,1.128000020980835,,,,4.9,1,7,2.0,ok,1787572800,2026-08-24T12:00:00+00:00,0.0,10.867659947414557,15.736505032021967,14.462081128747794,17.679057116953768,19.191919191919194,0.0,4.7667005983244986,15.293926140242954,280.6426734180486,-95.54899308838321,-5.433829973707279,0.0
4535,1787582755,2026-08-24T14:45:55+00:00,COTIUSDT,LONG,overheated_confirmed,ttl_expired,,0.01385,0.01385,0.01385,,,0.0,0.0,,0.01385,0.0,,,,,,,,,,ok,1787576400,2026-08-24T13:00:00+00:00,0.0,-0.705329153605014,4.022988505747134,4.277643260694102,5.46938775510203,7.042253521126746,0.0,1.9878356766786298,1.1174309057054934,-4.509520003503624,-107.56849968404379,0.352664576802507,0.0
4543,1787584194,2026-08-24T15:09:54+00:00,SUPERUSDT,LONG,overheated_confirmed,ttl_expired,,0.1284,0.1284,0.1284,,,0.0,0.0,,0.1284,0.0,,,,,,,,,,ok,1787580000,2026-08-24T14:00:00+00:00,0.0,-1.453710788064279,12.883435582822091,7.276995305164322,11.282467532467528,24.297370806890303,0.0,5.928488488802226,11.567878563678086,-22.05618131311863,-335.94116581994126,0.7268553940321395,0.0
4546,1787585382,2026-08-24T15:29:42+00:00,PROMUSDT,LONG,overheated_confirmed,ttl_expired,,3.675,3.675,3.675,,,0.0,0.0,,3.675,0.0,,,,,,,,,,ok,1787580000,2026-08-24T14:00:00+00:00,0.0,1.0943912448700421,-6.003561434749432,4.796430563301733,5.443322109988776,14.753157290470732,0.0,5.883368447054062,0.9169962541508381,-40.31727071300421,14.24449575826764,-0.5471956224350211,0.0
4482,1787586340,2026-08-24T15:45:40+00:00,PROMUSDT,LONG,overheated_confirmed,tp,tp,3.717,3.3361607142857146,4.478678571428571,4.482,2.008721339147561,10.245878012221832,20.491756024443653,1.999999999999999,3.675,1.14285714285715,1787586340.679,0.6789999008178711,,,,1.8,1,15,2.0,ok,1787580000,2026-08-24T14:00:00+00:00,0.0,1.0943912448700421,-6.003561434749432,4.796430563301733,5.443322109988776,14.753157290470732,0.0,5.883368447054062,0.9169962541508381,-40.31727071300421,14.24449575826764,-0.5471956224350211,0.0
4484,1787587247,2026-08-24T16:00:47+00:00,BOMEUSDT,SHORT,ema_cross,open,,0.0011237,0.0012436827586206898,0.0008837344827586208,,,10.677472512297742,21.354945024595466,1.9999999999999982,0.0011237,0.0,1787587248.593,1.5929999351501465,0.231,,,,,,,ok,1787583600,2026-08-24T15:00:00+00:00,-0.0,0.40668375917248734,2.7118058554279303,2.280420452520931,2.699091394975951,3.821485836451097,0.0,1.0714030953501001,1.7533196778642577,79.1150465559062,124.1249786448002,-0.20334187958624367,0.0
4485,1787587248,2026-08-24T16:00:48+00:00,BICOUSDT,SHORT,ema_cross,sl,sl,0.01844,0.01972034482758621,0.015879310344827587,0.02033,-1.4761648262860212,6.943301668037999,13.886603336075998,2.0,0.01844,0.0,1787587249.409,1.4089999198913574,0.246,,,,,,,ok,1787583600,2026-08-24T15:00:00+00:00,-0.0,1.4446227929373965,1.0209564750134479,1.9021739130434763,2.010869565217385,2.6775956284153053,0.0,1.4460981065655583,2.0680900586072726,143.79110531084677,180.32921465875188,-0.7223113964686982,0.0
4548,1787587248,2026-08-24T16:00:48+00:00,BOMEUSDT,SHORT,ema_cross_confirmed,ttl_expired,,0.0011237,0.0011237,0.0011237,,,0.0,0.0,,0.0011237,0.0,,,,,,,,,,ok,1787583600,2026-08-24T15:00:00+00:00,-0.0,0.40668375917248734,2.7118058554279303,2.280420452520931,2.699091394975951,3.821485836451097,0.0,1.0714030953501001,1.7533196778642577,79.1150465559062,124.1249786448002,-0.20334187958624367,0.0
4549,1787587249,2026-08-24T16:00:49+00:00,BICOUSDT,SHORT,ema_cross_confirmed,ttl_expired,,0.01844,0.01844,0.01844,,,0.0,0.0,,0.01844,0.0,1787587294.819,45.819000005722046,,,,3.0,1,0,2.0,ok,1787583600,2026-08-24T15:00:00+00:00,-0.0,1.4446227929373965,1.0209564750134479,1.9021739130434763,2.010869565217385,2.6775956284153053,0.0,1.4460981065655583,2.0680900586072726,143.79110531084677,180.32921465875188,-0.7223113964686982,0.0
4488,1787587294,2026-08-24T16:01:34+00:00,BICOUSDT,SHORT,ema_cross_confirmed,sl,sl,0.01842,0.020980689655172413,0.01329862068965517,0.020980689655172413,-1.0,13.901681081283465,27.80336216256693,2.0,0.01844,0.10845986984817056,1787587294.819,0.8190000057220459,,,,3.0,1,0,2.0,ok,1787583600,2026-08-24T15:00:00+00:00,-0.0,1.4446227929373965,1.0209564750134479,1.9021739130434763,2.010869565217385,2.6775956284153053,0.0,1.4460981065655583,2.0680900586072726,143.79110531084677,180.32921465875188,-0.7223113964686982,0.0
4495,1787588140,2026-08-24T16:15:40+00:00,PIEVERSEUSDT,LONG,ema_cross,sl,sl,1.0578,0.9999310344827587,1.173537931034483,0.9999310344827587,-1.0,5.470690633129268,10.941381266258537,2.0,1.0578,0.0,1787588141.259,1.2590000629425049,0.516,,,,,,,ok,1787583600,2026-08-24T15:00:00+00:00,0.0,0.7082695252680009,-0.2181128496917941,2.9807692307692224,5.59006211180124,6.960465345558513,0.0,1.3278576322749132,1.1358002080076401,-25.89368022124347,41.435570523327016,-0.35413476263400046,0.0
4559,1787588141,2026-08-24T16:15:41+00:00,PIEVERSEUSDT,LONG,ema_cross_confirmed,ttl_expired,,1.0578,1.0578,1.0578,,,0.0,0.0,,1.0578,0.0,,,,,,,,,,ok,1787583600,2026-08-24T15:00:00+00:00,0.0,0.7082695252680009,-0.2181128496917941,2.9807692307692224,5.59006211180124,6.960465345558513,0.0,1.3278576322749132,1.1358002080076401,-25.89368022124347,41.435570523327016,-0.35413476263400046,0.0
4498,1787588436,2026-08-24T16:20:36+00:00,ONDSUSDT,SHORT,ema_cross,tp,tp,8.317,8.468,8.015,7.986,2.192052980132456,1.8155584946495107,3.6311169892990214,2.0,8.317,0.0,1787588436.649,0.6489999294281006,0.385,,,,,,,ok,1787583600,2026-08-24T15:00:00+00:00,-0.0,-0.0,3.0666977611940283,1.1260443152924078,1.9158023184868824,4.771201952410006,0.0,1.6046300893005179,1.0077161690577745,-18.99953249181861,17.11921078855411,0.0,0.0
4562,1787588436,2026-08-24T16:20:36+00:00,ONDSUSDT,SHORT,ema_cross_confirmed,ttl_expired,,8.317,8.317,8.317,,,0.0,0.0,,8.317,0.0,,,,,,,,,,ok,1787583600,2026-08-24T15:00:00+00:00,-0.0,-0.0,3.0666977611940283,1.1260443152924078,1.9158023184868824,4.771201952410006,0.0,1.6046300893005179,1.0077161690577745,-18.99953249181861,17.11921078855411,0.0,0.0
4499,1787588987,2026-08-24T16:29:47+00:00,STORJUSDT,LONG,overheated_early,tp,tp,0.04896,0.04481946428571428,0.057241071428571426,0.057241071428571426,2.0,8.456976540616248,16.913953081232496,2.0,0.04896,0.0,1787588986.617,0.38299989700317383,,18.3,66.1,,,,,ok,1787583600,2026-08-24T15:00:00+00:00,0.0,-3.5722160970231607,1.3676402410755686,9.448452408657205,11.686494051784466,12.394366197183098,0.0,4.617978002198756,1.7413435216172246,-40.37796518995448,-2004.0851662223383,1.7861080485115803,0.0
4564,1787589886,2026-08-24T16:44:46+00:00,STORJUSDT,LONG,overheated_confirmed,ttl_expired,,0.05315,0.05315,0.05315,,,0.0,0.0,,0.05315,0.0,1787589949.144,63.14400005340576,,,,3.0,1,0,2.0,ok,1787583600,2026-08-24T15:00:00+00:00,0.0,-3.5722160970231607,1.3676402410755686,9.448452408657205,11.686494051784466,12.394366197183098,0.0,4.617978002198756,1.7413435216172246,-40.37796518995448,-2004.0851662223383,1.7861080485115803,0.0
4501,1787589948,2026-08-24T16:45:48+00:00,STORJUSDT,LONG,overheated_confirmed,sl,sl,0.05329,0.04914946428571428,0.061571071428571426,0.04877,-1.091646181049725,7.769817440956493,15.539634881912987,2.0,0.05315,0.2634054562558688,1787589949.144,1.1440000534057617,,,,3.0,1,0,2.0,ok,1787583600,2026-08-24T15:00:00+00:00,0.0,-3.5722160970231607,1.3676402410755686,9.448452408657205,11.686494051784466,12.394366197183098,0.0,4.617978002198756,1.7413435216172246,-40.37796518995448,-2004.0851662223383,1.7861080485115803,0.0
4502,1787590185,2026-08-24T16:49:45+00:00,SUPERUSDT,LONG,overheated_early,sl,sl,0.1221,0.11551607142857143,0.13526785714285713,0.1135,-1.3062110116625973,5.392242892242894,10.784485784485778,1.999999999999998,0.1221,0.0,1787590184.364,0.6359999179840088,,19.1,69.8,,,,,ok,1787583600,2026-08-24T15:00:00+00:00,0.0,-1.319875776397521,0.4743083003952485,4.233226837060703,9.504792332268366,20.8994708994709,0.0,2.6928970353556045,5.913079662765453,-24.457505026237715,-2.401323713119087,0.6599378881987605,0.0
4518,1787592636,2026-08-24T17:30:36+00:00,BOMEUSDT,SHORT,ema_cross_confirmed,open,,0.0011053,0.0013452655172413793,0.0006253689655172415,,,21.710442164243123,43.420884328486245,2.0,0.0011237,1.6374477173622863,1787592637.452,1.4519999027252197,,,,2.6,1,89,2.0,ok,1787587200,2026-08-24T16:00:00+00:00,-0.0,0.3728362183754988,0.9706167828465683,1.872592061643214,2.876086372188869,4.022937012812458,0.0,0.11454943394893015,0.959199603325746,-45.83360636043947,-124.94865291634568,-0.1864181091877494,0.0
4574,1787596690,2026-08-24T18:38:10+00:00,UAIUSDT,LONG,overheated_confirmed,ttl_expired,,0.37201,0.37201,0.37201,,,0.0,0.0,,0.37201,0.0,,,,,,,,,,ok,1787590800,2026-08-24T17:00:00+00:00,0.0,-2.231496939343342,-4.435801898338272,4.24749551218946,6.702762174995658,11.981006427702813,0.0,0.6447470539316127,0.49157650245022405,-29.047288221944328,11.255634836262466,1.115748469671671,0.0
4534,1787597155,2026-08-24T18:45:55+00:00,UAIUSDT,LONG,overheated_confirmed,sl,sl,0.36573,0.33395142857142857,0.42928714285714287,0.32483,-1.2870307934367269,8.689079766103802,17.378159532207604,2.0,0.37201,-1.6881266632617422,1787597156.709,1.7090001106262207,,,,2.9,1,7,2.0,ok,1787590800,2026-08-24T17:00:00+00:00,0.0,-2.231496939343342,-4.435801898338272,4.24749551218946,6.702762174995658,11.981006427702813,0.0,0.6447470539316127,0.49157650245022405,-29.047288221944328,11.255634836262466,1.115748469671671,0.0
4536,1787597952,2026-08-24T18:59:12+00:00,PARTIUSDT,LONG,ema_cross,open,,0.02456,0.023347586206896552,0.026984827586206895,,,4.936538245535206,9.873076491070426,2.0000000000000027,0.02456,0.0,1787597952.678,0.6779999732971191,0.396,,,,,,,ok,1787590800,2026-08-24T17:00:00+00:00,0.0,-1.8584420719652102,-2.5137470542026774,2.2177419354838785,2.5806451612903296,6.814516129032261,0.0,1.2035720646223884,0.25496179537700037,-31.44020158945532,35.66220881738055,0.9292210359826051,0.0
4576,1787597952,2026-08-24T18:59:12+00:00,PARTIUSDT,LONG,ema_cross_confirmed,ttl_expired,,0.02456,0.02456,0.02456,,,0.0,0.0,,0.02456,0.0,,,,,,,,,,ok,1787590800,2026-08-24T17:00:00+00:00,0.0,-1.8584420719652102,-2.5137470542026774,2.2177419354838785,2.5806451612903296,6.814516129032261,0.0,1.2035720646223884,0.25496179537700037,-31.44020158945532,35.66220881738055,0.9292210359826051,0.0
4538,1787598191,2026-08-24T19:03:11+00:00,UAIUSDT,LONG,overheated_early,sl,sl,0.36315,0.33137142857142854,0.42670714285714284,0.32483,-1.2058440098898615,8.750811353041838,17.501622706083676,2.0,0.36315,0.0,1787598190.848,0.15199995040893555,,29.2,69.9,,,,,ok,1787594400,2026-08-24T18:00:00+00:00,0.0,2.621093972337639,-0.7950918895124913,9.526142848907583,10.020846603740798,10.020846603740798,0.0,2.5346745782850224,0.9183159496790013,81.96665665757145,111.01394487951578,-1.3105469861688195,0.0
4552,1787601873,2026-08-24T20:04:33+00:00,GIGGLEUSDT,SHORT,ema_cross,sl,sl,35.38,37.502068965517246,31.13586206896552,37.71,-1.0979850503737387,5.9979337634744025,11.995867526948793,1.9999999999999982,35.38,0.0,1787601873.877,0.877000093460083,0.156,,,,,,,ok,1787598000,2026-08-24T19:00:00+00:00,-0.0,0.30985915492957583,0.8127802690582936,1.080466306511218,1.6491327836224006,3.9484978540772397,0.0,0.45147878534729724,0.5938239396737712,94.22676597122634,175.7822267220796,-0.15492957746478792,0.0
4553,1787601873,2026-08-24T20:04:33+00:00,IONQUSDT,SHORT,ema_cross,sl,sl,41.52,42.499655172413796,39.56068965517242,42.499655172413796,-1.0,2.3594777755630845,4.718955551126169,2.0,41.52,0.0,1787601874.303,1.3029999732971191,0.414,,,,,,,ok,1787598000,2026-08-24T19:00:00+00:00,-0.0,0.9381765696415698,2.9002593727894292,2.141119221411181,2.530413625304134,3.8442822384428177,0.0,0.23579566174488356,0.5146424402375273,-77.18682505399568,-159.0675026871899,-0.4690882848207849,0.0
4554,1787601874,2026-08-24T20:04:34+00:00,HIMSUSDT,SHORT,ema_cross,sl,sl,31.049,31.796827586206895,29.553344827586205,32.367,-1.7624383271084056,2.4085400051753534,4.817080010350718,2.000000000000005,31.049,0.0,1787601874.712,0.7119998931884766,0.351,,,,,,,ok,1787598000,2026-08-24T19:00:00+00:00,-0.0,-1.712082598183354,0.3425424976790323,2.0287765068336,2.0287765068336,3.113631149421518,0.0,1.6069679490455822,0.44982295030935054,-22.768572955638696,-65.37528027271188,0.856041299091677,0.0
4555,1787602162,2026-08-24T20:09:22+00:00,PEOPLEUSDT,SHORT,ema_cross,tp,tp,0.009877,0.010710103448275863,0.008210793103448275,0.008162,2.0585678807947003,8.434782305111497,16.869564610222994,2.0,0.009877,0.0,1787602163.391,1.3910000324249268,0.422,,,,,,,ok,1787598000,2026-08-24T19:00:00+00:00,-0.0,0.574480951421082,1.0531594784352978,1.186492242166117,1.5617077375519686,2.468883901244653,0.0,0.19331668212789532,0.5517458496349668,34.66789285002177,81.19141824247433,-0.287240475710541,0.0
4556,1787602195,2026-08-24T20:09:55+00:00,PEOPLEUSDT,SHORT,ema_cross_confirmed,open,,0.009865,0.011531206896551724,0.006532586206896554,,,16.890085114563846,33.78017022912769,2.0,0.009877,0.12149438088488262,1787602196.187,1.187000036239624,,,,2.4,1,0,2.0,ok,1787598000,2026-08-24T19:00:00+00:00,-0.0,0.574480951421082,1.0531594784352978,1.186492242166117,1.5617077375519686,2.468883901244653,0.0,0.19331668212789532,0.5517458496349668,34.66789285002177,81.19141824247433,-0.287240475710541,0.0
4558,1787602465,2026-08-24T20:14:25+00:00,ZMUSDT,SHORT,ema_cross,tp,tp,104.46,105.88827586206895,101.60344827586206,101.41,2.135441815548054,1.3672945262004192,2.734589052400852,2.0000000000000098,104.46,0.0,1787602465.869,0.8689999580383301,0.273,,,,,,,ok,1787598000,2026-08-24T19:00:00+00:00,-0.0,-0.8364580328814444,-0.9140767824497147,0.9037592539178904,1.5088499854918291,2.425300737291424,0.0,0.5052520660372158,0.6984636091582067,-49.646971386101825,-42.52548035987081,0.4182290164407222,0.0
4560,1787602554,2026-08-24T20:15:54+00:00,HIMSUSDT,SHORT,ema_cross_confirmed,open,,30.938,32.43365517241379,27.94668965517241,,,4.83436283022107,9.66872566044214,2.0,31.049,0.3574994363747646,1787602554.939,0.9389998912811279,,,,3.6,1,11,2.0,ok,1787598000,2026-08-24T19:00:00+00:00,-0.0,-1.712082598183354,0.3425424976790323,2.0287765068336,2.0287765068336,3.113631149421518,0.0,1.6069679490455822,0.44982295030935054,-22.768572955638696,-65.37528027271188,0.856041299091677,0.0
4563,1787603602,2026-08-24T20:33:22+00:00,STORJUSDT,LONG,overheated_early,sl,sl,0.04907,0.04412375,0.0589625,0.04407,-1.0108668182966905,10.079987772569796,20.15997554513959,2.0,0.04907,0.0,1787603601.15,0.8499999046325684,,16.6,57.8,,,,,ok,1787598000,2026-08-24T19:00:00+00:00,0.0,0.9756097560975636,-13.899480069324088,4.684908789386412,8.6744432661718,36.64139673788192,0.0,12.495016890087152,1.0920448809164274,-50.703722453781985,13.950884542163102,-0.4878048780487818,0.0
4586,1787604693,2026-08-24T20:51:33+00:00,HOMEUSDT,LONG,ema_cross_confirmed,ttl_expired,,0.00626,0.00626,0.00626,,,0.0,0.0,,0.00626,0.0,,,,,,,,,,ok,1787598000,2026-08-24T19:00:00+00:00,0.0,1.269841269841273,2.9032258064516205,1.4285714285714255,3.0645161290322593,4.2414355628058695,0.0,0.8432809442437785,1.0811342859519957,51.220421939392835,41.62164235138159,-0.6349206349206366,0.0
4601,1787605538,2026-08-24T21:05:38+00:00,ONGUSDT,LONG,overheated_confirmed,ttl_expired,,0.08132,0.08132,0.08132,,,0.0,0.0,,0.08132,0.0,,,,,,,,,,ok,1787601600,2026-08-24T20:00:00+00:00,0.0,6.137468786962798,8.011234452320442,6.479169404652371,7.226045526733711,10.971099849335692,0.0,3.3646906970544546,1.241603598555719,82.0006203117641,63.01236154001412,-3.068734393481399,0.0
4571,1787609791,2026-08-24T22:16:31+00:00,AINUSDT,LONG,ema_cross,sl,sl,0.07973,0.07743,0.08433,0.07743,-1.0,2.884735983945813,5.7694719678916435,2.000000000000006,0.07973,0.0,1787609793.363,2.36299991607666,0.195,,,,,,,ok,1787605200,2026-08-24T21:00:00+00:00,0.0,0.5778894472361835,-0.024975024975015293,1.991680322702632,3.372939823687223,3.9573429268919433,0.0,1.1154472114950755,4.9718794254501315,147.94188861985472,182.2821111953714,-0.28894472361809176,0.0
4633,1787609793,2026-08-24T22:16:33+00:00,AINUSDT,LONG,ema_cross_confirmed,ttl_expired,,0.07973,0.07973,0.07973,,,0.0,0.0,,0.07973,0.0,,,,,,,,,,ok,1787605200,2026-08-24T21:00:00+00:00,0.0,0.5778894472361835,-0.024975024975015293,1.991680322702632,3.372939823687223,3.9573429268919433,0.0,1.1154472114950755,4.9718794254501315,147.94188861985472,182.2821111953714,-0.28894472361809176,0.0
4575,1787611505,2026-08-24T22:45:05+00:00,PARTIUSDT,LONG,ema_cross_confirmed,open,,0.02488,0.023061379310344826,0.028517241379310346,,,7.309568688324651,14.619137376649302,2.0,0.02456,1.3029315960912087,1787611505.703,0.7030000686645508,,,,2.6,1,225,2.0,ok,1787605200,2026-08-24T21:00:00+00:00,0.0,-0.44158972300281996,0.4048582995951393,0.685483870967742,1.7522412387938053,4.817762882279019,0.0,0.9334853026807242,0.03658766365385604,-89.78493154428443,-169.87745578268198,0.22079486150140998,0.0
4583,1787617708,2026-08-25T00:28:28+00:00,ONGUSDT,LONG,overheated_confirmed,tp,tp,0.08328,0.0633144642857143,0.12321107142857142,0.16878,4.282379457457943,23.973986208316166,47.94797241663233,2.0,0.08132,2.41023118544024,1787617708.492,0.49200010299682617,,,,2.2,1,202,2.0,ok,1787612400,2026-08-24T23:00:00+00:00,0.0,-0.41473530129298986,1.089648340762761,4.229263981820467,5.744224214114378,10.080168221842548,0.0,0.7171286849394471,1.2461086846079554,37.688234257293715,68.67455200085851,0.20736765064649493,0.0
4585,1787618097,2026-08-25T00:34:57+00:00,BEUSDT,LONG,ema_cross,tp,tp,207.0,202.74827586206897,215.50344827586207,215.50344827586207,2.0,2.0539730134932537,4.107946026986507,2.0,207.0,0.0,1787618098.581,1.5810000896453857,0.232,,,,,,,ok,1787612400,2026-08-24T23:00:00+00:00,0.0,0.8704061895551174,2.104747919725885,1.2094823415578133,1.850048685491715,2.7504911591355574,0.0,0.15152683652957968,1.22813936918933,-42.09325740175566,-603.8944026386114,-0.4352030947775587,0.0
4692,1787618098,2026-08-25T00:34:58+00:00,BEUSDT,LONG,ema_cross_confirmed,ttl_expired,,207.0,207.0,207.0,,,0.0,0.0,,207.0,0.0,,,,,,,,,,ok,1787612400,2026-08-24T23:00:00+00:00,0.0,0.8704061895551174,2.104747919725885,1.2094823415578133,1.850048685491715,2.7504911591355574,0.0,0.15152683652957968,1.22813936918933,-42.09325740175566,-603.8944026386114,-0.4352030947775587,0.0
4703,1787621318,2026-08-25T01:28:38+00:00,TACUSDT,LONG,overheated_confirmed,ttl_expired,,0.002225,0.002225,0.002225,,,0.0,0.0,,0.002225,0.0,,,,,,,,,,ok,1787616000,2026-08-25T00:00:00+00:00,0.0,7.418924922256777,17.207949587978664,13.013382556529752,17.96724470134873,25.14052120592743,0.0,3.00570762347234,5.947232143954977,114.57318680038084,30.061646628463308,-3.7094624611283886,0.0
4706,1787621937,2026-08-25T01:38:57+00:00,ONGUSDT,LONG,overheated_confirmed,ttl_expired,,0.08268,0.08268,0.08268,,,0.0,0.0,,0.08268,0.0,,,,,,,,,,ok,1787616000,2026-08-25T00:00:00+00:00,0.0,5.377266046055844,5.467696457030761,10.736081703823643,12.24592854437571,12.316826680141498,0.0,3.0340518464403723,3.4959143985643735,191.53382906249303,153.8455948051993,-2.688633023027922,0.0
4620,1787621993,2026-08-25T01:39:53+00:00,CTRUSDT,LONG,ema_cross,sl,sl,0.00899,0.008735862068965518,0.009498275862068965,0.00873,-1.0230664857530556,2.8268957845882308,5.65379156917648,2.0000000000000067,0.00899,0.0,1787621993.962,0.9619998931884766,0.291,,,,,,,ok,1787616000,2026-08-25T00:00:00+00:00,0.0,2.3391812865497137,0.9227220299884683,2.9308323563892174,2.9308323563892174,2.9308323563892174,0.0,1.7373162843518468,1.139036039947894,600.6410256410256,675.8987575997885,-1.1695906432748568,0.0
4707,1787621993,2026-08-25T01:39:53+00:00,CTRUSDT,LONG,ema_cross_confirmed,ttl_expired,,0.00899,0.00899,0.00899,,,0.0,0.0,,0.00899,0.0,1787622030.514,37.513999938964844,,,,6.6,1,0,2.0,ok,1787616000,2026-08-25T00:00:00+00:00,0.0,2.3391812865497137,0.9227220299884683,2.9308323563892174,2.9308323563892174,2.9308323563892174,0.0,1.7373162843518468,1.139036039947894,600.6410256410256,675.8987575997885,-1.1695906432748568,0.0
4621,1787622030,2026-08-25T01:40:30+00:00,CTRUSDT,LONG,ema_cross_confirmed,sl,sl,0.00904,0.008658793103448276,0.009802413793103447,0.0085,-1.4165535956580717,4.216890448581015,8.43378089716203,2.0,0.00899,0.5561735261401524,1787622030.514,0.5139999389648438,,,,6.6,1,0,2.0,ok,1787616000,2026-08-25T00:00:00+00:00,0.0,2.3391812865497137,0.9227220299884683,2.9308323563892174,2.9308323563892174,2.9308323563892174,0.0,1.7373162843518468,1.139036039947894,600.6410256410256,675.8987575997885,-1.1695906432748568,0.0
4708,1787622224,2026-08-25T01:43:44+00:00,CTRUSDT,LONG,overheated_confirmed,ttl_expired,,0.00893,0.00893,0.00893,,,0.0,0.0,,0.00893,0.0,1787622274.735,50.734999895095825,,,,6.6,1,0,2.0,ok,1787616000,2026-08-25T00:00:00+00:00,0.0,2.3391812865497137,0.9227220299884683,2.9308323563892174,2.9308323563892174,2.9308323563892174,0.0,1.7373162843518468,1.139036039947894,600.6410256410256,675.8987575997885,-1.1695906432748568,0.0
4623,1787622274,2026-08-25T01:44:34+00:00,CTRUSDT,LONG,overheated_confirmed,sl,sl,0.00904,0.008648392857142856,0.009823214285714286,0.0085,-1.3789329685362475,4.3319374209860975,8.663874841972195,2.0,0.00893,1.2318029115341431,1787622274.735,0.7349998950958252,,,,6.6,1,0,2.0,ok,1787616000,2026-08-25T00:00:00+00:00,0.0,2.3391812865497137,0.9227220299884683,2.9308323563892174,2.9308323563892174,2.9308323563892174,0.0,1.7373162843518468,1.139036039947894,600.6410256410256,675.8987575997885,-1.1695906432748568,0.0
4626,1787623416,2026-08-25T02:03:36+00:00,AEROUSDT,LONG,overheated_early,sl,sl,0.5389,0.5087017857142858,0.5992964285714286,0.5087017857142858,-1.0,5.603676801951054,11.207353603902128,2.0000000000000036,0.5389,0.0,1787623415.456,0.5439999103546143,,15.5,55.8,,,,,ok,1787619600,2026-08-25T01:00:00+00:00,0.0,-0.4839009864135579,-1.437788018433185,1.4661654135338191,2.4248120300751923,3.3082706766917194,0.0,0.886286586687419,0.6471338000810057,0.6810699588477367,-34.37520348842196,0.24195049320677894,0.0
4628,1787623431,2026-08-25T02:03:51+00:00,VIRTUALUSDT,LONG,overheated_early,sl,sl,0.8048,0.7435357142857142,0.9273285714285714,0.7299,-1.2225719948699996,7.612361545015628,15.224723090031242,1.9999999999999982,0.8048,0.0,1787623430.335,0.6649999618530273,,15.5,61.8,,,,,ok,1787619600,2026-08-25T01:00:00+00:00,0.0,0.5383074611917978,2.162574736038674,2.2581052100416334,3.5910543130990438,3.6440352896049055,0.0,0.15428582315565006,0.5203388619439075,-19.673930589184828,-82.85483881803322,-0.2691537305958989,0.0
4634,1787625027,2026-08-25T02:30:27+00:00,BEUSDT,LONG,ema_cross_confirmed,tp,tp,208.7,202.32241379310344,221.4551724137931,229.6,3.2771019194376865,3.055863060324175,6.11172612064835,2.0,207.0,0.8212560386473375,1787625027.821,0.8210000991821289,,,,3.7,1,115,2.0,ok,1787619600,2026-08-25T01:00:00+00:00,0.0,-0.04798464491362491,0.7253384912959381,0.9652509652509652,1.999024865919061,1.999024865919061,0.0,0.5424303850910855,0.5648889209660336,-70.2914310569813,-135.803941584298,0.023992322456812456,0.0
4641,1787626828,2026-08-25T03:00:28+00:00,TACUSDT,LONG,overheated_confirmed,sl,sl,0.002656,0.0023479642857142857,0.0032720714285714284,0.002346,-1.006376811594203,11.597730206540447,23.195460413080895,2.0,0.002225,19.37078651685393,1787626828.711,0.7109999656677246,,,,2.2,1,91,2.0,ok,1787623200,2026-08-25T02:00:00+00:00,0.0,15.881326352530529,17.992003553976012,22.922374429223737,24.284395198522624,29.672447013487464,0.0,10.145734343011009,6.511465227910359,36.367860877117444,16.7605008161325,-7.940663176265264,0.0
4671,1787628631,2026-08-25T03:30:31+00:00,PROMUSDT,LONG,overheated_confirmed,sl,sl,4.542,4.124732142857143,5.167901785714285,4.124732142857143,-1.0,9.186874882053214,13.780312323079821,1.5,4.179,8.686288585786063,1787628631.702,0.7019999027252197,,,,2.0,2,26,1.5,ok,1787623200,2026-08-25T02:00:00+00:00,0.0,9.792993630573243,14.15562913907283,14.999999999999996,17.674418604651173,20.408734602463607,0.0,4.936030102251466,2.4273898676027352,67.52662121232979,0.06458306428891092,-4.896496815286621,0.0
4674,1787630619,2026-08-25T04:03:39+00:00,STARUSDT,LONG,overheated_early,tp,tp,0.13767,0.12279267857142855,0.16742464285714287,0.17102,2.241666966739884,10.806509354668005,21.61301870933601,2.0,0.13767,0.0,1787630618.41,0.5899999141693115,,15.5,69.5,,,,,ok,1787626800,2026-08-25T03:00:00+00:00,0.0,-1.6684491978609686,10.24862099288512,6.212365986194739,10.2859321387724,16.758153051339995,0.0,4.435504222581299,0.6536361742029589,-2.825278810408922,29.073455366806268,0.8342245989304843,0.0
4676,1787630693,2026-08-25T04:04:53+00:00,TSTBSCUSDT,SHORT,ema_cross,sl,sl,0.015472,0.016532724137931033,0.01335055172413793,0.016532724137931033,-1.0,6.855766144848976,13.711532289697963,2.0000000000000018,0.015472,0.0,1787630694.861,1.8610000610351562,0.2,,,,,,,ok,1787626800,2026-08-25T03:00:00+00:00,-0.0,0.8151476251604645,0.8978387738087571,1.2249659731674114,1.8614944024993592,1.881020567560538,0.0,0.9529119855234371,0.4811574937241715,291.50574431679297,355.4997594549729,-0.40757381258023223,0.0
4778,1787630694,2026-08-25T04:04:54+00:00,TSTBSCUSDT,SHORT,ema_cross_confirmed,ttl_expired,,0.015472,0.015472,0.015472,,,0.0,0.0,,0.015472,0.0,,,,,,,,,,ok,1787626800,2026-08-25T03:00:00+00:00,-0.0,0.8151476251604645,0.8978387738087571,1.2249659731674114,1.8614944024993592,1.881020567560538,0.0,0.9529119855234371,0.4811574937241715,291.50574431679297,355.4997594549729,-0.40757381258023223,0.0
4684,1787630992,2026-08-25T04:09:52+00:00,AIAUSDT,LONG,ema_cross,open,,0.07614,0.07309896551724138,0.08222206896551724,,,3.994003786129003,7.988007572258006,2.0,0.07614,0.0,1787630993.593,1.5929999351501465,0.445,,,,,,,ok,1787626800,2026-08-25T03:00:00+00:00,0.0,0.6039123014310123,3.947368421052645,3.825787662165745,6.173006633274665,8.253968253968253,0.0,0.7139976698499833,2.4042384568821884,56.82883939038687,79.68662822149697,-0.30195615071550613,0.0
4785,1787630993,2026-08-25T04:09:53+00:00,AIAUSDT,LONG,ema_cross_confirmed,ttl_expired,,0.07614,0.07614,0.07614,,,0.0,0.0,,0.07614,0.0,,,,,,,,,,ok,1787626800,2026-08-25T03:00:00+00:00,0.0,0.6039123014310123,3.947368421052645,3.825787662165745,6.173006633274665,8.253968253968253,0.0,0.7139976698499833,2.4042384568821884,56.82883939038687,79.68662822149697,-0.30195615071550613,0.0
4688,1787631286,2026-08-25T04:14:46+00:00,BTWUSDT,LONG,ema_cross,sl,sl,0.467417,0.41966468965517245,0.5629216206896552,0.373483,-1.9671090115156018,10.216211722044251,20.432423444088514,2.0000000000000013,0.467417,0.0,1787631286.885,0.8849999904632568,0.216,,,,,,,ok,1787626800,2026-08-25T03:00:00+00:00,0.0,2.0242798681268117,3.056769533638976,3.479891551930798,5.106469002695426,5.7327431348757205,0.0,1.4096414953854726,0.6160714285714285,-29.554201411161003,-163.7261878925729,-1.0121399340634059,0.0
4790,1787631286,2026-08-25T04:14:46+00:00,BTWUSDT,LONG,ema_cross_confirmed,ttl_expired,,0.467417,0.467417,0.467417,,,0.0,0.0,,0.467417,0.0,,,,,,,,,,ok,1787626800,2026-08-25T03:00:00+00:00,0.0,2.0242798681268117,3.056769533638976,3.479891551930798,5.106469002695426,5.7327431348757205,0.0,1.4096414953854726,0.6160714285714285,-29.554201411161003,-163.7261878925729,-1.0121399340634059,0.0
4797,1787631830,2026-08-25T04:23:50+00:00,STARUSDT,LONG,overheated_confirmed,ttl_expired,,0.1387,0.1387,0.1387,,,0.0,0.0,,0.1387,0.0,,,,,,,,,,ok,1787626800,2026-08-25T03:00:00+00:00,0.0,-1.6684491978609686,10.24862099288512,6.212365986194739,10.2859321387724,16.758153051339995,0.0,4.435504222581299,0.6536361742029589,-2.825278810408922,29.073455366806268,0.8342245989304843,0.0
4695,1787634033,2026-08-25T05:00:33+00:00,STARUSDT,LONG,overheated_confirmed,tp,tp,0.14178,0.12690267857142856,0.17153464285714284,0.17153464285714284,2.0,10.493244060214014,20.986488120428028,2.0,0.1387,2.220620043258832,1787634034.252,1.252000093460083,,,,1.7,1,36,2.0,ok,1787630400,2026-08-25T04:00:00+00:00,0.0,2.8061779421361646,8.319963327985318,3.5949145111792924,6.212365986194739,14.475662841313813,0.0,4.295661883553731,0.32170128910419576,-50.03825554705432,-47.212976736645395,-1.4030889710680823,0.0
4812,1787634525,2026-08-25T05:08:45+00:00,SWARMSUSDT,LONG,overheated_confirmed,ttl_expired,,0.008711,0.008711,0.008711,,,0.0,0.0,,0.008711,0.0,,,,,,,,,,ok,1787630400,2026-08-25T04:00:00+00:00,0.0,-2.673736462093875,1.7214951067090973,4.67498822421102,4.804521902967504,6.663470757430479,0.0,2.8429195700734513,6.045338012186386,109.57473380034352,28.740317606776756,1.3368682310469375,0.0
4701,1787634935,2026-08-25T05:15:35+00:00,STXUSDT,LONG,overheated_confirmed,open,,0.2645,0.24223035714285715,0.30903928571428574,,,8.419524709694844,16.83904941938969,2.0,0.2666,-0.7876969242310542,1787634935.509,0.5090000629425049,,,,3.6,1,1,2.0,ok,1787630400,2026-08-25T04:00:00+00:00,0.0,7.044601917465599,8.7674714104193,7.544810337640685,8.860759493670894,9.927567106945043,0.0,3.4705107834353806,0.8815339968093935,118.39056870524925,152.51239840405498,-3.5223009587327994,0.0
4702,1787635421,2026-08-25T05:23:41+00:00,CTRUSDT,LONG,overheated_early,sl,sl,0.00899,0.00856732142857143,0.009835357142857142,0.0085,-1.1592733417828482,4.701652629906233,9.403305259812486,2.000000000000004,0.00899,0.0,1787635420.603,0.3970000743865967,,15.4,68.1,,,,,ok,1787630400,2026-08-25T04:00:00+00:00,0.0,0.6810442678774039,-0.4489337822671168,1.5891032917139558,2.5114155251141517,6.69745958429562,0.0,1.1514920872740175,0.5053483215994399,-84.52449018486755,-259.45244407535745,-0.34052213393870195,0.0
4710,1787637223,2026-08-25T05:53:43+00:00,ONGUSDT,LONG,overheated_early,tp,tp,0.0851,0.06445732142857144,0.12638535714285712,0.16878,4.053737489078629,24.2569665939231,48.51393318784621,2.000000000000001,0.0851,0.0,1787637222.276,0.7239999771118164,,21.6,68.9,,,,,ok,1787630400,2026-08-25T04:00:00+00:00,0.0,-1.2120550338501856,7.217350082958045,6.703397612488519,8.193668528864064,13.021276595744677,0.0,3.8748055908191446,3.158139506980149,11.963565976943903,-179.4434835506283,0.6060275169250928,0.0
4711,1787637818,2026-08-25T06:03:38+00:00,PROMUSDT,LONG,overheated_early,sl,sl,4.329,3.861267857142857,5.264464285714285,3.861267857142857,-1.0,10.804623304623306,21.60924660924661,2.0,4.329,0.0,1787637816.745,1.255000114440918,,26.2,65.8,,,,,ok,1787634000,2026-08-25T05:00:00+00:00,0.0,-11.113364429121884,5.946337926033369,17.610661589719186,18.6339838172299,33.288770053475936,0.0,11.909509665834639,3.3112880724191642,69.69610123345201,85.48771078409307,5.556682214560942,0.0
4830,1787637836,2026-08-25T06:03:56+00:00,WIFUSDT,LONG,overheated_confirmed,ttl_expired,,0.2295,0.2295,0.2295,,,0.0,0.0,,0.2295,0.0,,,,,,,,,,ok,1787634000,2026-08-25T05:00:00+00:00,0.0,3.6117381489842018,2.1816562778272557,5.21305530371714,5.740318906605923,12.234042553191484,0.0,2.5035713135749944,2.2969237925161847,-3.771036650653673,23.182457444434053,-1.8058690744921009,0.0
4713,1787637838,2026-08-25T06:03:58+00:00,牛来USDT,LONG,overheated_early,open,,0.04114,0.02646517857142857,0.07048964285714286,,,35.67044586429614,71.34089172859225,1.9999999999999996,0.04114,0.0,1787637837.385,0.6150000095367432,,16.9,63.6,,,,,ok,1787634000,2026-08-25T05:00:00+00:00,0.0,-1.1343584572724956,5.657327586206891,4.836601307189536,11.94863204913456,15.362485615650165,0.0,5.1506726005163825,0.541399355421675,-13.18075758327955,15.312825902405319,0.5671792286362478,0.0
4715,1787637883,2026-08-25T06:04:43+00:00,JASMYUSDT,LONG,overheated_confirmed,sl,sl,0.004939,0.004629410714285714,0.005558178571428571,0.004629410714285714,-1.0,6.268258467590311,12.536516935180622,2.0,0.004957,-0.36312285656646737,1787637883.788,0.7880001068115234,,,,2.3,1,0,2.0,ok,1787634000,2026-08-25T05:00:00+00:00,0.0,3.2183908045976937,5.556742893780718,4.550220171943808,6.265984654731457,7.503234152652011,0.0,1.4274387737724834,5.08813058993307,724.915439793054,417.24479999402683,-1.6091954022988468,0.0
4724,1787638186,2026-08-25T06:09:46+00:00,BRUSDT,LONG,overheated_confirmed,sl,sl,0.27079,0.25167892857142854,0.30901214285714285,0.25166,-1.0009904505615654,7.057524808364946,14.115049616729891,2.0,0.25896,4.568273092369459,1787638186.8,0.7999999523162842,,,,2.9,1,0,2.0,ok,1787634000,2026-08-25T05:00:00+00:00,0.0,5.963607904519654,15.215078926094536,9.600000000000009,15.126050420168081,23.46235299418737,0.0,2.6018545171961622,9.161040951651062,116.80624556422995,-79.16070584313596,-2.981803952259827,0.0
4728,1787642911,2026-08-25T07:28:31+00:00,AIAUSDT,LONG,ema_cross_confirmed,open,,0.07625,0.07168844827586207,0.08537310344827585,,,5.9823629169022,11.9647258338044,2.0,0.07614,0.14447071184659704,1787642912.162,1.1619999408721924,,,,3.4,1,198,2.0,ok,1787637600,2026-08-25T06:00:00+00:00,0.0,-0.9568106312292337,-2.7404410805167747,2.3483100312203007,3.3392154201167425,6.461246097461654,0.0,0.5777659689881741,1.1819617852584983,94.62732189043028,91.05980697505223,0.47840531561461686,0.0
4730,1787643227,2026-08-25T07:33:47+00:00,TACUSDT,LONG,overheated_early,tp,tp,0.002491,0.0021592857142857143,0.0031544285714285715,0.0031544285714285715,1.9999999999999987,13.316510867695136,26.633021735390255,1.9999999999999987,0.002491,0.0,1787643226.475,0.5250000953674316,,43.9,67.2,,,,,ok,1787637600,2026-08-25T06:00:00+00:00,0.0,-14.263862332695986,-14.329384791746271,35.31157270029675,35.31157270029675,37.63600395647873,0.0,9.378566894438759,5.787325290490887,103.91329123322402,131.34227595350558,7.131931166347993,0.0
4731,1787643230,2026-08-25T07:33:50+00:00,POLUSDT,LONG,overheated_early,sl,sl,0.12283,0.1141975,0.140095,0.11263,-1.1815812337098175,7.028006187413499,14.056012374826999,2.0,0.12283,0.0,1787643229.541,0.4590001106262207,,15.2,65.6,,,,,ok,1787637600,2026-08-25T06:00:00+00:00,0.0,0.458715596330271,2.2408963585434205,2.2446595460614134,5.293460513878146,6.845134286710844,0.0,1.9951699686897224,2.324393920693548,168.2433061544805,251.48027975273067,-0.2293577981651355,0.0
4839,1787643537,2026-08-25T07:38:57+00:00,牛来USDT,LONG,overheated_confirmed,ttl_expired,,0.04308,0.04308,0.04308,,,0.0,0.0,,0.04308,0.0,,,,,,,,,,ok,1787637600,2026-08-25T06:00:00+00:00,0.0,14.17644059153494,22.01634877384195,20.97186700767263,23.660130718954257,32.04913456169739,0.0,7.267605651343952,2.5532006786981336,373.2502287282708,386.4309863115504,-7.08822029576747,0.0
4749,1787644831,2026-08-25T08:00:31+00:00,TSTBSCUSDT,SHORT,ema_cross_confirmed,open,,0.015276,0.01739744827586207,0.011033103448275862,,,13.887459255446904,27.77491851089381,2.0,0.015472,1.2668045501551188,1787644831.717,0.7170000076293945,,,,7.7,1,235,2.0,ok,1787641200,2026-08-25T07:00:00+00:00,-0.0,1.3751694751113672,0.8051948051948107,3.1054674649648013,3.1054674649648013,3.1054674649648013,0.0,0.9767873549582617,2.3960036128761892,1224.1814927887146,1173.975926691308,-0.6875847375556836,0.0
4776,1787645087,2026-08-25T08:04:47+00:00,ONGUSDT,LONG,ema_cross,tp,tp,0.09653,0.08264793103448277,0.12429413793103447,0.16878,5.20455561627503,14.381092888757104,28.76218577751421,2.0,0.09653,0.0,1787645087.622,0.621999979019165,1.127,,,,,,,ok,1787641200,2026-08-25T07:00:00+00:00,0.0,6.300539083557956,4.620316126892896,13.00000000000001,19.0600213093406,20.7033125300048,0.0,7.189822081877234,5.214052947180504,372.3418196239364,414.36342325086645,-3.150269541778978,0.0
4800,1787646882,2026-08-25T08:34:42+00:00,JUSUNGUSDT,LONG,ema_cross,sl,sl,129.59,126.77413793103449,135.22172413793103,125.06,-1.6087435709037488,2.172900739999626,4.345801479999252,2.0,129.59,0.0,1787646883.628,1.628000020980835,0.445,,,,,,,ok,1787641200,2026-08-25T07:00:00+00:00,0.0,0.709441022842439,1.50872230080151,1.2551648865673852,3.7306930693069367,4.65079111395238,0.0,0.4486449069755175,0.514849519081601,-64.36082474226804,-136.04224067147157,-0.3547205114212195,0.0
4802,1787647535,2026-08-25T08:45:35+00:00,ONGUSDT,LONG,ema_cross_confirmed,tp,tp,0.09929,0.07846689655172415,0.14093620689655173,0.16878,3.3371586599764864,20.97200468151461,41.94400936302923,2.000000000000001,0.09653,2.8592147518906024,1787647536.08,1.0799999237060547,,,,1.6,1,40,2.0,ok,1787641200,2026-08-25T07:00:00+00:00,0.0,6.300539083557956,4.620316126892896,13.00000000000001,19.0600213093406,20.7033125300048,0.0,7.189822081877234,5.214052947180504,372.3418196239364,414.36342325086645,-3.150269541778978,0.0
4817,1787650236,2026-08-25T09:30:36+00:00,POPCATUSDT,LONG,overheated_confirmed,sl,sl,0.06476,0.063141,0.06799799999999999,0.063141,-1.0,2.4999999999999933,4.999999999999987,2.0,0.06578,-1.550623289753735,1787650236.993,0.9930000305175781,,,,6.3,1,11,2.0,ok,1787644800,2026-08-25T08:00:00+00:00,0.0,2.4622455679579796,-2.0094191522763,3.0807248764415216,3.7067545304777747,5.420098846787493,0.0,2.6945066854305284,2.9954899255944936,169.12051782595293,210.58671941363636,-1.2311227839789898,0.0
4848,1787676573,2026-08-25T16:49:33+00:00,OPUSDT,SHORT,ema_cross,tp,tp,0.10316,0.10797413793103448,0.09353172413793104,0.09352,2.0024353556335504,4.666671123530905,9.33334224706181,2.0,0.10316,0.0,1787676573.474,0.4739999771118164,0.162,,,,,,,ok,1787670000,2026-08-25T15:00:00+00:00,-0.0,-0.11602049695447064,1.013287448618671,1.1517813567593953,1.4446071254270327,3.127458693941766,0.0,1.270154099028967,0.2085347756993268,-90.06823096051546,-62.24547528616115,0.05801024847723532,0.0
4849,1787676573,2026-08-25T16:49:33+00:00,TACUSDT,LONG,ema_cross,tp,tp,0.00259,0.0023295172413793103,0.0031109655172413793,0.0031109655172413793,2.0000000000000018,10.05724936759419,20.114498735188395,2.0000000000000018,0.00259,0.0,1787676574.021,1.0209999084472656,0.603,,,,,,,ok,1787670000,2026-08-25T15:00:00+00:00,0.0,5.309734513274343,11.35686941726926,8.638956805215972,10.944652517686215,18.594306049822062,0.0,3.004183838897314,1.195711086857538,-15.221977307966524,-82.44326692161502,-2.6548672566371714,0.0
4850,1787676574,2026-08-25T16:49:34+00:00,TLMUSDT,LONG,ema_cross,sl,sl,0.001621,0.0015659310344827587,0.0017311379310344828,0.001534,-1.5798371947401388,3.397221808589844,6.794443617179688,2.0,0.001621,0.0,1787676574.562,0.562000036239624,0.895,,,,,,,ok,1787670000,2026-08-25T15:00:00+00:00,0.0,1.2292562999385404,12.653898768809855,5.723076923076922,17.18963165075033,20.392431674842314,0.0,4.3029742308581795,10.282184484886969,-10.041063666520083,-362.6568817138545,-0.6146281499692702,0.0
4851,1787676574,2026-08-25T16:49:34+00:00,HUSDT,LONG,ema_cross,sl,sl,0.0782,0.07279310344827586,0.08901379310344829,0.07279310344827586,-1.0,6.91418996384162,13.82837992768322,1.9999999999999973,0.0782,0.0,1787676575.055,1.0550000667572021,0.314,,,,,,,ok,1787670000,2026-08-25T15:00:00+00:00,0.0,-1.2376237623762387,0.03760812335464742,2.6793650793650805,2.9105236400610073,4.383137811009411,0.0,2.2703284757626414,1.2196717202376524,-25.168923789659846,-21.683253766422045,0.6188118811881194,0.0
4852,1787676575,2026-08-25T16:49:35+00:00,SUIUSDT,SHORT,ema_cross,open,,0.7883,0.8291275862068965,0.706644827586207,,,5.179193987935625,10.35838797587125,2.0,0.7883,0.0,1787676575.463,0.4630000591278076,0.243,,,,,,,ok,1787670000,2026-08-25T15:00:00+00:00,-0.0,0.02523340903355766,1.0613060307154392,0.9545628102329213,1.5145729922362252,3.307167674687935,0.0,1.0903989349056218,0.6883170435175278,-27.92445895943135,26.19401467536259,-0.01261670451677883,0.0
4853,1787676575,2026-08-25T16:49:35+00:00,XLMUSDT,SHORT,ema_cross,open,,0.19123,0.19931620689655175,0.17505758620689657,,,4.228524236025589,8.457048472051163,1.9999999999999967,0.19123,0.0,1787676575.839,0.8389999866485596,0.194,,,,,,,ok,1787670000,2026-08-25T15:00:00+00:00,-0.0,0.5443886097152353,1.2730579371265305,1.1703648784621035,1.8535190382884092,2.6802807913209894,0.0,0.8252991496325198,0.9502888554386424,-30.580050871801458,-10.099591468387835,-0.27219430485761764,0.0
4856,1787676856,2026-08-25T16:54:16+00:00,DELLUSDT,LONG,ema_cross,tp,tp,449.73,443.64482758620693,461.9003448275862,464.06,2.354904516348391,1.35307237982636,2.70614475965272,2.0,449.73,0.0,1787676857.028,1.0280001163482666,0.175,,,,,,,ok,1787670000,2026-08-25T15:00:00+00:00,0.0,-0.583116137297342,1.871760631917262,1.0144153764014956,1.8765200705089513,4.0767604192719595,0.0,1.8369710317304693,1.0526111373299945,-39.63982162002579,15.193884841525623,0.291558068648671,0.0
4857,1787676857,2026-08-25T16:54:17+00:00,USARUSDT,LONG,ema_cross,tp,tp,18.95,18.549310344827585,19.751379310344827,19.77,2.0464716006884682,2.114457283231736,4.228914566463472,2.0,18.95,0.0,1787676857.424,0.4240000247955322,0.2,,,,,,,ok,1787670000,2026-08-25T15:00:00+00:00,0.0,0.21141649048625338,2.2653721682847987,2.175066312997348,5.766062602965407,7.238307349665927,0.0,1.5193897082413108,1.9775338970047889,-28.125293509908893,6.108843340161371,-0.10570824524312669,0.0
4858,1787676857,2026-08-25T16:54:17+00:00,MRNAUSDT,LONG,ema_cross,sl,sl,157.3,152.12241379310345,167.6551724137931,147.63,-1.8676656676656664,3.2915360501567474,6.583072100313476,1.9999999999999944,157.3,0.0,1787676857.825,0.8250000476837158,0.851,,,,,,,ok,1787670000,2026-08-25T15:00:00+00:00,0.0,-0.9732052578362111,10.011232799775339,2.619354838709679,4.893168029543666,12.808510638297873,0.0,3.9722417342021847,1.0840264658404126,-65.25273740719253,8.286641928615168,0.4866026289181056,0.0
4860,1787677162,2026-08-25T16:59:22+00:00,MUBARAKUSDT,SHORT,ema_cross,sl,sl,0.01969,0.021628965517241378,0.01581206896551724,0.02163,-1.0005335230304113,9.847463266842961,19.694926533685923,2.0,0.01969,0.0,1787677163.504,1.503999948501587,1.148,,,,,,,ok,1787670000,2026-08-25T15:00:00+00:00,-0.0,-0.6539235412474932,2.911208151382823,2.023267577137082,3.3889731917046055,6.626201315123936,0.0,1.420214638885302,0.3624400067965362,-67.81003699533537,-44.13766754848663,0.3269617706237466,0.0
4861,1787677163,2026-08-25T16:59:23+00:00,METUSDT,SHORT,ema_cross,sl,sl,0.213,0.2266344827586207,0.1857310344827586,0.2267,-1.0048052604957012,6.401165614375914,12.802331228751829,2.0,0.213,0.0,1787677163.958,0.9579999446868896,0.307,,,,,,,ok,1787670000,2026-08-25T15:00:00+00:00,-0.0,-0.0,0.7459207459207414,0.6140765233821425,1.983939537080779,2.858504049547406,0.0,0.4322717576135561,0.2561546659203204,-79.30602661100966,-35.603577699360436,0.0,0.0
4868,1787682940,2026-08-25T18:35:40+00:00,KASUSDT,SHORT,ema_cross,sl,sl,0.02823,0.029294827586206898,0.02610034482758621,0.02933,-1.0330310880828988,3.7719716124934335,7.543943224986867,2.0,0.02823,0.0,1787682941.097,1.0969998836517334,0.154,,,,,,,ok,1787677200,2026-08-25T17:00:00+00:00,-0.0,0.46001415428167597,0.03553660270078036,0.9663564781674997,1.6105941302791662,2.45398773006135,0.0,0.39067553557503654,0.27600666743544855,-62.957960492993415,-123.27735418632133,-0.23000707714083798,0.0
4869,1787683163,2026-08-25T18:39:23+00:00,ZROUSDT,LONG,overheated_early,sl,sl,1.261,1.138642857142857,1.5057142857142858,1.133,-1.0461179217746637,9.70318341452362,19.406366829047254,2.0000000000000018,1.261,0.0,1787683162.375,0.625,,15.4,68.4,,,,,ok,1787677200,2026-08-25T17:00:00+00:00,0.0,-4.400606980273144,3.874690849134372,8.003233629749392,8.407437348423594,15.90319792566983,0.0,5.092150136119279,2.533145772014919,42.64849194484743,60.251493502259294,2.200303490136572,0.0
4870,1787683171,2026-08-25T18:39:31+00:00,JASMYUSDT,LONG,overheated_early,sl,sl,0.005172,0.004825553571428572,0.005864892857142858,0.004825553571428572,-1.0,6.698500165727545,13.39700033145509,2.0,0.005172,0.0,1787683170.071,0.9289999008178711,,16.0,67.1,,,,,ok,1787677200,2026-08-25T17:00:00+00:00,0.0,-1.1708253358925198,0.8026624902114378,3.1139835487661456,3.5448491970231046,9.21297252633754,0.0,1.276772807031259,0.7936080167554261,-29.982695030016444,24.818213600077513,0.5854126679462599,0.0
4875,1787719036,2026-08-26T04:37:16+00:00,龙虾USDT,LONG,overheated_early,tp,tp,0.033298,0.02885307142857143,0.042187857142857145,0.042682,2.1111700332642327,13.348935586006883,26.697871172013766,2.0,0.033298,0.0,1787719035.377,0.622999906539917,,28.6,59.0,,,,,ok,1787713200,2026-08-26T03:00:00+00:00,0.0,2.801306538227313,-12.758110362000528,11.301909935167332,22.86957537527013,38.747736697622784,0.0,8.78441516529856,2.334741044807003,-15.942411497267015,-93.01363708390383,-1.4006532691136564,0.0
4880,1787719067,2026-08-26T04:37:47+00:00,BMTUSDT,LONG,overheated_early,tp,tp,0.0223,0.020203214285714286,0.02649357142857143,0.02691,2.1986033043774484,9.4026265214606,18.8052530429212,2.0,0.0223,0.0,1787719066.412,0.5880000591278076,,47.5,68.3,,,,,ok,1787713200,2026-08-26T03:00:00+00:00,0.0,-17.766880422482078,-3.625110521662251,31.8916349809886,31.8916349809886,31.8916349809886,0.0,16.065873416257865,7.820328114929963,160.41516699421067,-122.19474605280914,8.883440211241039,0.0
4888,1787719139,2026-08-26T04:38:59+00:00,币安人生USDT,LONG,ema_cross,sl,sl,0.5348,0.5100624137931035,0.5842751724137932,0.49507,-1.6060580716207356,4.6255770768318225,9.251154153663645,2.0,0.5348,0.0,1787719139.927,0.9270000457763672,0.372,,,,,,,ok,1787713200,2026-08-26T03:00:00+00:00,0.0,-0.08745487700494407,1.88224579245964,1.0396104750625146,2.099453800637237,3.1829069656031455,0.0,0.6478828313287597,1.595411716509627,-25.58850504432895,-12.375451183888515,0.04372743850247204,0.0
4889,1787719139,2026-08-26T04:38:59+00:00,KORUUSDT,LONG,ema_cross,sl,sl,21.261,20.56565517241379,22.65168965517241,20.564,-1.0023803620133869,3.2705179793340298,6.541035958668043,1.999999999999995,21.261,0.0,1787719140.312,1.312000036239624,0.525,,,,,,,ok,1787713200,2026-08-26T03:00:00+00:00,0.0,2.281788922515259,6.780341023069209,3.1233431339470754,6.083895279650934,7.40461847389557,0.0,0.33376994854666303,1.098759394368868,-45.046898894299545,-194.2539728831652,-1.1408944612576295,0.0
4890,1787719140,2026-08-26T04:39:00+00:00,DASHUSDT,SHORT,ema_cross,open,,38.62,41.31103448275862,33.237931034482756,,,6.967981571099494,13.93596314219897,1.9999999999999973,38.62,0.0,1787719140.694,0.6940000057220459,0.482,,,,,,,ok,1787713200,2026-08-26T03:00:00+00:00,-0.0,0.05173305742368345,-0.7299270072992731,1.0403120936280845,2.048857368006307,3.050397877984081,0.0,0.6502623804676273,0.32080694053360376,-46.310925804013365,1.1096531555004958,-0.025866528711841724,0.0
4892,1787719409,2026-08-26T04:43:29+00:00,FLUIDUSDT,LONG,ema_cross,sl,sl,1.584,1.5358620689655174,1.6802758620689655,1.508,-1.5787965616045874,3.0390107976314846,6.078021595262969,2.0,1.584,0.0,1787719409.929,0.9289999008178711,1.184,,,,,,,ok,1787713200,2026-08-26T03:00:00+00:00,0.0,19.36459909228442,20.27439024390244,21.168437025796656,22.563315425940143,23.130300693909025,0.0,10.03567798104671,203.8422419900811,130678.18181818181,130516.27705627705,-9.68229954614221,0.0
4902,1787724743,2026-08-26T06:12:23+00:00,FARTCOINUSDT,LONG,ema_cross,open,,0.20341,0.1885596551724138,0.23311068965517243,,,7.30069555458739,14.60139110917478,2.0,0.20341,0.0,1787724744.361,1.3610000610351562,0.578,,,,,,,ok,1787720400,2026-08-26T05:00:00+00:00,0.0,0.18198809699474164,-0.15686274509803283,1.895195210054926,4.029486477063299,6.333367274208318,0.0,1.0389826828471067,1.0175100569517266,-34.108418899645,-92.64476149280154,-0.09099404849737082,0.0
4905,1787726416,2026-08-26T06:40:16+00:00,EDENUSDT,LONG,overheated_early,tp,tp,0.05526,0.051514821428571424,0.06275035714285714,0.06283,2.021265436513612,6.777377074608348,13.554754149216683,1.9999999999999982,0.05526,0.0,1787726415.345,0.6549999713897705,,16.2,68.9,,,,,ok,1787720400,2026-08-26T05:00:00+00:00,0.0,5.195520469983475,9.122071986288317,9.046819623204627,9.496160329649744,11.628795111705172,0.0,3.112701291786702,3.660090789048642,163.33056072022703,213.24110651342852,-2.5977602349917377,0.0
4963,1787726717,2026-08-26T06:45:17+00:00,EDENUSDT,LONG,overheated_confirmed,ttl_expired,,0.05555,0.05555,0.05555,,,0.0,0.0,,0.05555,0.0,,,,,,,,,,ok,1787720400,2026-08-26T05:00:00+00:00,0.0,5.195520469983475,9.122071986288317,9.046819623204627,9.496160329649744,11.628795111705172,0.0,3.112701291786702,3.660090789048642,163.33056072022703,213.24110651342852,-2.5977602349917377,0.0
4915,1787732053,2026-08-26T08:14:13+00:00,FARTCOINUSDT,LONG,ema_cross_confirmed,open,,0.20656,0.1842844827586207,0.2511110344827586,,,10.784042041721195,21.568084083442404,2.0000000000000013,0.20341,1.5485964308539335,1787732053.961,0.9609999656677246,,,,1.9,1,121,2.0,ok,1787727600,2026-08-26T07:00:00+00:00,0.0,2.9095257074531604,1.5985440952240435,3.584999999999991,5.039801247274758,5.89666886376312,0.0,2.1866878572862243,0.7341932476330933,-5.784213270999137,17.934610431266286,-1.4547628537265802,0.0
4916,1787732369,2026-08-26T08:19:29+00:00,LIGHTUSDT,LONG,overheated_early,tp,tp,0.1735,0.16023035714285713,0.2000392857142857,0.2000392857142857,2.0,7.648209139563606,15.296418279127211,2.0,0.1735,0.0,1787732367.732,1.2679998874664307,,17.6,66.2,,,,,ok,1787727600,2026-08-26T07:00:00+00:00,0.0,2.1412037037036926,12.063492063492056,5.11764705882352,19.691895512391167,20.824881676808648,0.0,10.021201855720156,4.196059247722969,-66.00458118006367,-130.49675634566066,-1.0706018518518463,0.0
4918,1787732456,2026-08-26T08:20:56+00:00,HEIUSDT,LONG,ema_cross,tp,tp,0.13338,0.12739655172413794,0.14534689655172414,0.14534689655172414,2.0000000000000044,4.486016101261102,8.972032202522225,2.0000000000000044,0.13338,0.0,1787732457.142,1.1419999599456787,0.388,,,,,,,ok,1787727600,2026-08-26T07:00:00+00:00,0.0,-1.7677493532624444,0.3450047713425811,4.321215249612863,8.155740727085012,8.862168782008467,0.0,1.802935960784204,1.5373729596316343,-72.56396274660173,-394.0442030132391,0.8838746766312222,0.0
4919,1787732457,2026-08-26T08:20:57+00:00,FIGHTUSDT,LONG,ema_cross,tp,tp,0.003597,0.0034738275862068965,0.003843344827586207,0.003843344827586207,2.0,3.4243095299722954,6.848619059944591,2.0,0.003597,0.0,1787732457.523,0.5230000019073486,0.19,,,,,,,ok,1787727600,2026-08-26T07:00:00+00:00,0.0,2.149321266968329,2.1782178217821855,1.861252115059224,2.149321266968329,2.9940119760479056,0.0,1.5247084958384804,0.2624797689695662,-64.73071510809774,-95.18799147658906,-1.0746606334841644,0.0
4920,1787732457,2026-08-26T08:20:57+00:00,EDENUSDT,LONG,ema_cross,sl,sl,0.05911,0.05641827586206897,0.06449344827586206,0.05569,-1.2705611068408915,4.553754251279029,9.107508502558046,1.9999999999999973,0.05911,0.0,1787732457.918,0.9179999828338623,1.652,,,,,,,ok,1787727600,2026-08-26T07:00:00+00:00,0.0,6.678507992895202,10.26252983293557,10.564139417894351,12.176449143273786,15.26503090466379,0.0,4.400932575618891,8.59256138923791,78.29882147270699,24.186464427398136,-3.339253996447601,0.0
4921,1787732457,2026-08-26T08:20:57+00:00,TAKEUSDT,SHORT,ema_cross,sl,sl,0.04877,0.05246793103448276,0.041374137931034484,0.05246793103448276,-1.0,7.582388834289026,15.164777668578052,2.0,0.04877,0.0,1787732458.297,1.2969999313354492,0.173,,,,,,,ok,1787727600,2026-08-26T07:00:00+00:00,-0.0,3.0636764116940265,21.361273554256,6.541274817136888,6.541274817136888,30.261233019853726,0.0,11.97947460288004,1.6606751073241954,-18.404308900469744,70.77534836136192,-1.5318382058470132,0.0
4922,1787732458,2026-08-26T08:20:58+00:00,MONUSDT,SHORT,ema_cross,open,,0.02769,0.029445862068965517,0.024178275862068964,,,6.341141455274532,12.682282910549064,2.0,0.02769,0.0,1787732458.685,0.684999942779541,0.506,,,,,,,ok,1787727600,2026-08-26T07:00:00+00:00,-0.0,-0.28964518464880595,-0.07225433526011267,1.2332245194051505,2.615328732292052,4.629629629629633,0.0,0.31605948292737723,0.4742368110438941,-36.86555075593952,-27.2116049253587,0.14482259232440298,0.0
4923,1787732458,2026-08-26T08:20:58+00:00,SPKUSDT,SHORT,ema_cross,sl,sl,0.01827,0.019563103448275863,0.01568379310344828,0.01995,-1.299199999999999,7.077741917218725,14.15548383443745,2.0,0.01827,0.0,1787732459.17,1.1700000762939453,0.222,,,,,,,ok,1787727600,2026-08-26T07:00:00+00:00,-0.0,-0.22026431718062686,-0.7194244604316639,0.7186290768380412,1.2742382271468202,1.720310765815748,0.0,0.961862033015103,0.46432787194862835,-25.803531009506564,-13.115783973933443,0.11013215859031343,0.0
4924,1787732459,2026-08-26T08:20:59+00:00,XANUSDT,LONG,ema_cross,sl,sl,0.012651,0.012117517241379312,0.01371796551724138,0.012117,-1.0009695559433822,4.216921655368658,8.433843310737329,2.000000000000003,0.012651,0.0,1787732459.56,0.559999942779541,0.172,,,,,,,ok,1787727600,2026-08-26T07:00:00+00:00,0.0,1.456271622817595,1.2526096033402914,1.9751693002257371,1.9751693002257371,2.487441257494733,0.0,0.9614901779095877,0.5371903980460253,-13.346466387589265,-188.48196774260282,-0.7281358114087975,0.0
4925,1787732479,2026-08-26T08:21:19+00:00,XANUSDT,LONG,ema_cross_confirmed,sl,sl,0.012691,0.011890775862068964,0.01429144827586207,0.011890775862068964,-1.0,6.305445890245333,12.610891780490666,2.0,0.012651,0.31618053908780624,1787732480.344,1.3440001010894775,,,,1.5,1,0,2.0,ok,1787727600,2026-08-26T07:00:00+00:00,0.0,1.456271622817595,1.2526096033402914,1.9751693002257371,1.9751693002257371,2.487441257494733,0.0,0.9614901779095877,0.5371903980460253,-13.346466387589265,-188.48196774260282,-0.7281358114087975,0.0
4928,1787732747,2026-08-26T08:25:47+00:00,KMNOUSDT,SHORT,ema_cross,sl,sl,0.02367,0.024726206896551722,0.021557586206896552,0.02789,-3.995429317662431,4.462217560421302,8.924435120842618,2.000000000000003,0.02367,0.0,1787732748.428,1.4279999732971191,0.335,,,,,,,ok,1787727600,2026-08-26T07:00:00+00:00,-0.0,0.12562814070351247,0.6663890045814261,0.7553503986571531,1.3894736842105282,2.273684210526311,0.0,0.13385092842026589,0.06255807190631893,-93.82508611274469,-73.37995845601431,-0.06281407035175623,0.0
4929,1787732748,2026-08-26T08:25:48+00:00,STORJUSDT,SHORT,ema_cross,open,,0.03853,0.042730000000000004,0.030129999999999997,,,10.900596937451343,21.801193874902687,2.0,0.03853,0.0,1787732748.997,0.996999979019165,0.322,,,,,,,ok,1787727600,2026-08-26T07:00:00+00:00,-0.0,0.5200594353640462,-6.185567010309264,4.785181373810138,10.421576328881898,12.573411639081684,0.0,2.825284780178777,1.4918758688057736,-42.775025031191554,-205.4075369569622,-0.2600297176820231,0.0
4930,1787732748,2026-08-26T08:25:48+00:00,HANAUSDT,SHORT,ema_cross,sl,sl,0.01813,0.01943758620689655,0.015514827586206897,0.01991,-1.361286919831224,7.212279133461398,14.424558266922796,2.0,0.01813,0.0,1787732749.45,1.4500000476837158,0.336,,,,,,,ok,1787727600,2026-08-26T07:00:00+00:00,-0.0,0.7123287671232776,4.531085353003159,2.2777777777777812,4.888888888888903,6.666666666666665,0.0,1.1124249005613043,0.26596737240179974,-48.93003533568905,7.707620952616914,-0.3561643835616388,0.0
4932,1787732781,2026-08-26T08:26:21+00:00,STORJUSDT,SHORT,ema_cross_confirmed,open,,0.03779,0.04619,0.020989999999999988,,,22.22810267266474,44.45620534532948,2.0,0.03853,1.9205813651700092,1787732781.715,0.7149999141693115,,,,2.0,1,0,2.0,ok,1787727600,2026-08-26T07:00:00+00:00,-0.0,0.5200594353640462,-6.185567010309264,4.785181373810138,10.421576328881898,12.573411639081684,0.0,2.825284780178777,1.4918758688057736,-42.775025031191554,-205.4075369569622,-0.2600297176820231,0.0
4933,1787740203,2026-08-26T10:30:03+00:00,BOBUSDT,LONG,overheated_confirmed,sl,sl,0.006084,0.005881125,0.00648975,0.005879,-1.0104744300677777,3.3345660749506894,6.669132149901379,2.0,0.004669,30.306275433711704,1787740203.48,0.48000001907348633,,,,2.5,1,125,2.0,ok,1787734800,2026-08-26T09:00:00+00:00,0.0,5.55669890924059,5.448190789473676,10.10853373058097,12.698758440426927,18.261259242661882,0.0,4.23379701787041,2.0366929344583036,-13.066673252898973,36.3372481197064,-2.778349454620295,0.0
4937,1787740531,2026-08-26T10:35:31+00:00,BMTUSDT,LONG,overheated_early,sl,sl,0.02615,0.02392142857142857,0.030607142857142857,0.02392142857142857,-1.0,8.522261677137402,17.04452335427479,1.9999999999999984,0.02615,0.0,1787740530.191,0.8090000152587891,,73.1,60.8,,,,,ok,1787734800,2026-08-26T09:00:00+00:00,0.0,2.870028700287014,15.462494247583994,8.432708688245311,16.503558718861218,27.75609756097561,0.0,1.7146782340382585,1.0181312921149412,-53.89784277725084,-209.3934311957864,-1.435014350143507,0.0
4949,1787740603,2026-08-26T10:36:43+00:00,LYNUSDT,LONG,ema_cross,open,,0.03495,0.03382689655172414,0.037196206896551724,,,3.213457648857972,6.426915297715944,2.0,0.03495,0.0,1787740604.095,1.0950000286102295,0.485,,,,,,,ok,1787734800,2026-08-26T09:00:00+00:00,0.0,-0.4544163589889248,-0.39784029553850875,1.3463191062732889,2.005156115726171,3.8983540282991536,0.0,0.8667458416400953,1.1474470406291586,123.91914654688377,189.4992534849756,0.2272081794944624,0.0
4950,1787740604,2026-08-26T10:36:44+00:00,ALCHUSDT,LONG,ema_cross,open,,0.03,0.02877862068965517,0.032442758620689655,,,4.071264367816093,8.142528735632187,2.0,0.03,0.0,1787740604.508,0.5079998970031738,0.23,,,,,,,ok,1787734800,2026-08-26T09:00:00+00:00,0.0,-4.069952305246423,8.681556195965415,13.754385964912267,17.473684210526322,21.260412893879042,0.0,6.039029571224574,13.777937763753474,-26.518047957963258,-4754.061824578881,2.0349761526232113,0.0
4951,1787740604,2026-08-26T10:36:44+00:00,SLXUSDT,SHORT,ema_cross,sl,sl,0.06646,0.0695796551724138,0.06022068965517242,0.07017,-1.189234000221066,4.694034264841695,9.3880685296834,2.000000000000002,0.06646,0.0,1787740605.097,1.0969998836517334,0.196,,,,,,,ok,1787734800,2026-08-26T09:00:00+00:00,-0.0,0.7081735025081265,1.5794091839719182,1.6020362329690094,2.290762090133259,2.859709537355884,0.0,0.4397234255456312,1.2602465987697646,139.7565071368598,158.7544667831985,-0.35408675125406325,0.0
4952,1787740605,2026-08-26T10:36:45+00:00,FOLKSUSDT,LONG,ema_cross,open,,2.044,1.959,2.214,,,4.158512720156554,8.317025440313108,2.0,2.044,0.0,1787740605.477,0.47699999809265137,0.659,,,,,,,ok,1787734800,2026-08-26T09:00:00+00:00,0.0,0.8457711442786243,-1.5063168124392468,2.0885131775236108,8.782742681047756,9.006690684508483,0.0,3.1836909807915483,1.0342379746100414,-68.62216584747107,-132.10065210978314,-0.42288557213931216,0.0
4960,1787741112,2026-08-26T10:45:12+00:00,BOBUSDT,LONG,overheated_confirmed,tp,tp,0.006438,0.006235125,0.0067423125,0.0067423125,1.5,3.151211556383969,4.726817334575953,1.5,0.004669,37.888198757763966,1787741113.187,1.187000036239624,,,,2.7,2,140,1.5,ok,1787734800,2026-08-26T09:00:00+00:00,0.0,5.55669890924059,5.448190789473676,10.10853373058097,12.698758440426927,18.261259242661882,0.0,4.23379701787041,2.0366929344583036,-13.066673252898973,36.3372481197064,-2.778349454620295,0.0
4961,1787741117,2026-08-26T10:45:17+00:00,SLXUSDT,SHORT,ema_cross_confirmed,open,,0.06655,0.07278931034482758,0.054071379310344836,,,9.375372418974576,18.750744837949153,2.0,0.06646,-0.13541980138428056,1787741118.154,1.1540000438690186,,,,2.2,1,8,2.0,ok,1787734800,2026-08-26T09:00:00+00:00,-0.0,0.7081735025081265,1.5794091839719182,1.6020362329690094,2.290762090133259,2.859709537355884,0.0,0.4397234255456312,1.2602465987697646,139.7565071368598,158.7544667831985,-0.35408675125406325,0.0
4967,1787741788,2026-08-26T10:56:28+00:00,BICOUSDT,LONG,ema_cross,tp,tp,0.02088,0.01969896551724138,0.02324206896551724,0.02329,2.0405839416058447,5.656295415510627,11.31259083102127,2.000000000000003,0.02088,0.0,1787741789.124,1.124000072479248,0.858,,,,,,,ok,1787734800,2026-08-26T09:00:00+00:00,0.0,-0.0987654320987614,-1.9864341085271182,2.2432701894317,5.633100697906276,6.281156530408759,0.0,3.336811005286981,1.362010530698029,3.400522294370293,63.412547570083525,0.0493827160493807,0.0
4973,1787744700,2026-08-26T11:45:00+00:00,FIGHTUSDT,LONG,ema_cross_confirmed,open,,0.003783,0.0035982413793103447,0.00415251724137931,,,4.883918072684515,9.76783614536903,2.0,0.003597,5.170975813177647,1787744700.676,0.6760001182556152,,,,1.7,1,204,2.0,ok,1787738400,2026-08-26T10:00:00+00:00,0.0,-0.3488996242619428,2.796234772978958,1.7934782608695674,2.3776988248155306,6.006768189509308,0.0,2.196562140937785,1.0937587801562771,-28.276068120705112,-3.648765503941611,0.1744498121309714,0.0
4974,1787744703,2026-08-26T11:45:03+00:00,SPKUSDT,SHORT,ema_cross_confirmed,open,,0.018,0.02058620689655172,0.012827586206896554,,,14.367816091954014,28.735632183908027,2.0,0.01827,1.4778325123152865,1787744703.81,0.809999942779541,,,,2.2,1,203,2.0,ok,1787738400,2026-08-26T10:00:00+00:00,-0.0,-0.7198228128460777,0.0549450549450527,0.7751937984496192,2.395543175487464,2.395543175487464,0.0,0.8073041460980451,0.26416617505511225,-67.44719926538109,-183.09076362181673,0.35991140642303887,0.0
4975,1787744710,2026-08-26T11:45:10+00:00,BICOUSDT,LONG,ema_cross_confirmed,tp,tp,0.02206,0.02028844827586207,0.02560310344827586,0.0266,2.5627250608272516,8.03060618376215,16.0612123675243,2.0,0.02088,5.651340996168585,1787744711.646,1.6459999084472656,,,,3.0,1,48,2.0,ok,1787738400,2026-08-26T10:00:00+00:00,0.0,3.2624814631734917,-1.135825840037864,3.5608308605341343,4.386839481555327,6.281156530408759,0.0,3.740127819046041,0.7331315012454555,-44.64169662033711,-48.0422189147074,-1.6312407315867459,0.0
4976,1787744712,2026-08-26T11:45:12+00:00,FARTCOINUSDT,LONG,overheated_confirmed,sl,sl,0.215,0.19272446428571427,0.2595510714285715,0.19198,-1.0334207129858977,10.360714285714291,20.721428571428596,2.0000000000000013,0.20918,2.782292762214357,1787744712.717,0.7170000076293945,,,,2.0,1,36,2.0,ok,1787738400,2026-08-26T10:00:00+00:00,0.0,1.2119147279275733,0.6729279628195208,4.01655906559558,4.957979014371678,5.529999999999993,0.0,1.5771759603223967,1.1377373749338264,26.42682332190926,60.385586356759255,-0.6059573639637866,0.0
5059,1787745013,2026-08-26T11:50:13+00:00,BOBUSDT,LONG,overheated_confirmed,ttl_expired,,0.006108,0.006108,0.006108,,,0.0,0.0,,0.006108,0.0,,,,,,,,,,ok,1787738400,2026-08-26T10:00:00+00:00,0.0,30.902710079937616,42.06517139229793,35.23181454836131,44.009363694403056,48.106806741081186,0.0,13.250393098127107,20.981460322140723,1011.8756747542474,1024.9423480071464,-15.451355039968808,0.0
5060,1787745025,2026-08-26T11:50:25+00:00,FARTCOINUSDT,LONG,overheated_confirmed,ttl_expired,,0.21497,0.21497,0.21497,,,0.0,0.0,,0.21497,0.0,1787745089.109,64.10899996757507,,,,2.0,1,0,2.0,ok,1787738400,2026-08-26T10:00:00+00:00,0.0,1.2119147279275733,0.6729279628195208,4.01655906559558,4.957979014371678,5.529999999999993,0.0,1.5771759603223967,1.1377373749338264,26.42682332190926,60.385586356759255,-0.6059573639637866,0.0
4983,1787745619,2026-08-26T12:00:19+00:00,LYNUSDT,LONG,ema_cross_confirmed,open,,0.03501,0.03332534482758621,0.03837931034482758,,,4.811925656708917,9.623851313417834,2.0,0.03495,0.17167381974248225,1787745620.423,1.4230000972747803,,,,1.7,1,83,2.0,ok,1787742000,2026-08-26T11:00:00+00:00,0.0,0.4879448909299556,-0.5680204487361511,1.0098095787651358,1.788805539526819,2.7409117137911116,0.0,0.5904842235506831,1.8816760827844627,-24.191415173740534,-132.74206712960813,-0.2439724454649778,0.0
4984,1787745622,2026-08-26T12:00:22+00:00,FOLKSUSDT,LONG,ema_cross_confirmed,open,,2.049,1.9215,2.304,,,6.222547584187406,12.445095168374811,2.0,2.044,0.24461839530332158,1787745622.805,0.8050000667572021,,,,2.2,1,83,2.0,ok,1787742000,2026-08-26T11:00:00+00:00,0.0,0.7870142646335472,1.9402985074626942,2.5691699604743103,3.232222774738933,8.782742681047756,0.0,0.3002006556187039,0.6970776022976947,-44.578788277040346,-72.7411598451724,-0.3935071323167736,0.0
4985,1787745691,2026-08-26T12:01:31+00:00,BLESSUSDT,LONG,ema_cross,tp,tp,0.009884,0.009209,0.011234000000000001,0.011234000000000001,2.0,6.829218939700528,13.658437879401056,2.0,0.009884,0.0,1787745692.932,1.931999921798706,0.957,,,,,,,ok,1787742000,2026-08-26T11:00:00+00:00,0.0,1.992155243600317,7.122723330442321,3.5230352303523014,9.867256637168147,12.256637168141609,0.0,3.0328300938491353,1.3445226135514436,-69.2514460362181,-46.457000595414634,-0.9960776218001585,0.0
4986,1787745692,2026-08-26T12:01:32+00:00,SAGAUSDT,LONG,ema_cross,open,,0.01552,0.014745517241379312,0.01706896551724138,,,4.99022396018485,9.980447920369711,2.000000000000002,0.01552,0.0,1787745693.576,1.5759999752044678,0.394,,,,,,,ok,1787742000,2026-08-26T11:00:00+00:00,0.0,0.19367333763718858,1.4379084967320357,1.946787800129774,4.108681245858178,4.524284763805711,0.0,1.425631605767233,2.008051562232679,-54.34315878255559,-693.8989112652355,-0.09683666881859429,0.0
5075,1787745692,2026-08-26T12:01:32+00:00,BLESSUSDT,LONG,ema_cross_confirmed,ttl_expired,,0.009884,0.009884,0.009884,,,0.0,0.0,,0.009884,0.0,,,,,,,,,,ok,1787742000,2026-08-26T11:00:00+00:00,0.0,1.992155243600317,7.122723330442321,3.5230352303523014,9.867256637168147,12.256637168141609,0.0,3.0328300938491353,1.3445226135514436,-69.2514460362181,-46.457000595414634,-0.9960776218001585,0.0
4987,1787745693,2026-08-26T12:01:33+00:00,ARXUSDT,SHORT,ema_cross,sl,sl,0.1276,0.13538620689655173,0.11202758620689654,0.1354,-1.0017714791851178,6.102043022375972,12.204086044751921,1.9999999999999964,0.1276,0.0,1787745694.118,1.1180000305175781,0.288,,,,,,,ok,1787742000,2026-08-26T11:00:00+00:00,-0.0,1.7719568567026167,1.5444015444015458,1.5686274509803935,2.039215686274503,3.689167974882246,0.0,1.2084585110295274,0.2725188339338356,-71.01449275362319,-22.49225459006508,-0.8859784283513084,0.0
5076,1787745693,2026-08-26T12:01:33+00:00,SAGAUSDT,LONG,ema_cross_confirmed,ttl_expired,,0.01552,0.01552,0.01552,,,0.0,0.0,,0.01552,0.0,,,,,,,,,,ok,1787742000,2026-08-26T11:00:00+00:00,0.0,0.19367333763718858,1.4379084967320357,1.946787800129774,4.108681245858178,4.524284763805711,0.0,1.425631605767233,2.008051562232679,-54.34315878255559,-693.8989112652355,-0.09683666881859429,0.0
4988,1787745694,2026-08-26T12:01:34+00:00,ARIAUSDT,LONG,ema_cross,open,,0.03453,0.03307206896551724,0.03744586206896552,,,4.222215564676396,8.444431129352791,2.0,0.03453,0.0,1787745694.586,0.5859999656677246,0.594,,,,,,,ok,1787742000,2026-08-26T11:00:00+00:00,0.0,-0.9137635636779006,8.200810726535703,7.290436835891382,12.018489984591682,22.020812353138634,0.0,3.1848909601770967,11.56378132118451,26.73032515758597,-69.89502764643906,0.4568817818389503,0.0
5077,1787745694,2026-08-26T12:01:34+00:00,ARXUSDT,SHORT,ema_cross_confirmed,ttl_expired,,0.1276,0.1276,0.1276,,,0.0,0.0,,0.1276,0.0,,,,,,,,,,ok,1787742000,2026-08-26T11:00:00+00:00,-0.0,1.7719568567026167,1.5444015444015458,1.5686274509803935,2.039215686274503,3.689167974882246,0.0,1.2084585110295274,0.2725188339338356,-71.01449275362319,-22.49225459006508,-0.8859784283513084,0.0
5078,1787745694,2026-08-26T12:01:34+00:00,ARIAUSDT,LONG,ema_cross_confirmed,ttl_expired,,0.03453,0.03453,0.03453,,,0.0,0.0,,0.03453,0.0,,,,,,,,,,ok,1787742000,2026-08-26T11:00:00+00:00,0.0,-0.9137635636779006,8.200810726535703,7.290436835891382,12.018489984591682,22.020812353138634,0.0,3.1848909601770967,11.56378132118451,26.73032515758597,-69.89502764643906,0.4568817818389503,0.0
4991,1787745913,2026-08-26T12:05:13+00:00,BICOUSDT,LONG,overheated_early,tp,tp,0.02289,0.021041785714285714,0.02658642857142857,0.0266,2.0073429951690804,8.074330649691072,16.148661299382127,1.9999999999999982,0.02289,0.0,1787745913.309,0.30900001525878906,,20.2,68.7,,,,,ok,1787742000,2026-08-26T11:00:00+00:00,0.0,13.786500718046915,17.38271604938271,16.50625601539942,19.732937685459945,20.68793619142571,0.0,6.7639541692248715,5.6383097413342975,674.503644960083,719.1453415804201,-6.893250359023457,0.0
4992,1787746213,2026-08-26T12:10:13+00:00,BOBUSDT,LONG,overheated_early,sl,sl,0.005647,0.005323535714285715,0.006293928571428572,0.004862,-2.4268521585513994,5.728073060284848,11.456146120569713,2.0000000000000027,0.005647,0.0,1787746212.921,0.07899999618530273,,39.6,68.2,,,,,ok,1787742000,2026-08-26T11:00:00+00:00,0.0,-9.725945784927017,24.73760032928588,17.33714862817707,39.30855315747402,51.84055761272055,0.0,18.657608257363975,4.856720214461362,-56.62015341452072,-1068.4958281687682,4.8629728924635085,0.0
4993,1787746226,2026-08-26T12:10:26+00:00,TACUSDT,LONG,overheated_early,tp,tp,0.003679,0.003158285714285714,0.004720428571428572,0.004720428571428572,2.0,14.153690832136064,28.30738166427213,2.0,0.003679,0.0,1787746225.545,0.4549999237060547,,57.4,68.1,,,,,ok,1787742000,2026-08-26T11:00:00+00:00,0.0,-3.4267912772585647,13.938365846762778,11.673553719008257,27.514007667354758,32.923455272056565,0.0,7.411287729940641,1.9968106994458614,-11.835459317826121,20.684801786940426,1.7133956386292823,0.0
4994,1787758269,2026-08-26T15:31:09+00:00,BICOUSDT,LONG,overheated_confirmed,sl,sl,0.02663,0.024781785714285715,0.030326428571428574,0.024781785714285715,-1.0,6.940346547931981,13.880693095863961,2.0,0.02288,16.389860139860136,1787758270.448,1.4479999542236328,,,,2.2,1,200,2.0,ok,1787752800,2026-08-26T14:00:00+00:00,0.0,2.0142677297524036,2.2717711400925484,7.0934256055363285,9.606020362992483,19.153031761308956,0.0,2.9716583959187206,6.536210805259547,157.29243904072442,211.6071883916165,-1.0071338648762018,0.0
5038,1787758692,2026-08-26T15:38:12+00:00,HUMAUSDT,LONG,ema_cross,tp,tp,0.02305,0.022482068965517243,0.024185862068965516,0.02599,5.17668488160292,2.4639090433091435,4.927818086618287,2.0,0.02305,0.0,1787758692.88,0.880000114440918,0.502,,,,,,,ok,1787752800,2026-08-26T14:00:00+00:00,0.0,-0.043327556325821456,-0.043327556325821456,1.0845986984815628,2.0506108202443354,3.0809859154929544,0.0,0.4761288341425025,5.864676086376966,153.71839822845544,155.2448383520244,0.021663778162910728,0.0
5039,1787758692,2026-08-26T15:38:12+00:00,FIDAUSDT,LONG,ema_cross,open,,0.01997,0.019151034482758622,0.02160793103448276,,,4.100979054789081,8.201958109578163,2.0,0.01997,0.0,1787758693.284,1.2839999198913574,0.34,,,,,,,ok,1787752800,2026-08-26T14:00:00+00:00,0.0,-3.7524366471734885,-2.0823004462072396,8.299180327868852,10.553278688524587,12.045690550363442,0.0,3.6211116605770073,4.391468782843515,17.764387912672625,86.65348716811005,1.8762183235867442,0.0
5072,1787759964,2026-08-26T15:59:24+00:00,MASKUSDT,LONG,ema_cross,open,,0.4265,0.4104965517241379,0.4585068965517241,,,3.7522739216558234,7.5045478433116335,1.9999999999999964,0.4265,0.0,1787759965.349,1.3489999771118164,0.319,,,,,,,ok,1787752800,2026-08-26T14:00:00+00:00,0.0,-0.9781089892873734,-4.255798243638814,2.6581980710421154,2.706519180983763,6.377971287361735,0.0,1.708270102566341,2.7385872853515227,763.3396751061027,852.469279871068,0.4890544946436867,0.0
5088,1787760245,2026-08-26T16:04:05+00:00,EDGEXUSDT,SHORT,ema_cross,sl,sl,0.3655,0.3821793103448276,0.3321413793103448,0.3864,-1.2530494107918129,4.563422802962411,9.126845605924808,1.9999999999999967,0.3655,0.0,1787760245.948,0.9479999542236328,0.162,,,,,,,ok,1787756400,2026-08-26T15:00:00+00:00,-0.0,-0.7135016465422589,0.2988318391741347,1.9358407079646038,2.0464601769911552,3.9517937219730945,0.0,0.9325371399193116,0.2616977225672878,-30.08849557522124,-59.08392936517558,0.35675082327112945,0.0
5089,1787760245,2026-08-26T16:04:05+00:00,FETUSDT,SHORT,ema_cross,sl,sl,0.1603,0.16916896551724137,0.14256206896551724,0.1692,-1.0034992223950236,5.532729580312768,11.065459160625554,2.000000000000003,0.1603,0.0,1787760246.508,1.5079998970031738,0.378,,,,,,,ok,1787756400,2026-08-26T15:00:00+00:00,-0.0,-1.3265950726468672,0.18668326073430144,1.965757767913755,1.965757767913755,3.043753963221305,0.0,1.220764467095967,0.6251181376382872,-58.4337227373531,-69.0525250942539,0.6632975363234336,0.0
5090,1787760246,2026-08-26T16:04:06+00:00,ARUSDT,SHORT,ema_cross,open,,2.13,2.2341724137931034,1.921655172413793,,,4.89072365225838,9.78144730451676,2.0,2.13,0.0,1787760246.892,0.8919999599456787,0.352,,,,,,,ok,1787756400,2026-08-26T15:00:00+00:00,-0.0,-0.5668398677373646,2.159926470588242,1.7077798861480091,4.4117647058823515,4.4117647058823515,0.0,1.244899691497068,0.7494408989560085,-71.20901268701067,-74.57817261393296,0.2834199338686823,0.0
5091,1787760246,2026-08-26T16:04:06+00:00,PARTIUSDT,SHORT,ema_cross,sl,sl,0.02349,0.02472896551724138,0.021012068965517244,0.02472896551724138,-1.0,5.2744381321472105,10.548876264294407,1.9999999999999971,0.02349,0.0,1787760247.414,1.4140000343322754,0.349,,,,,,,ok,1787756400,2026-08-26T15:00:00+00:00,-0.0,-0.34173430158052204,3.2138442521631623,1.376344086021509,4.258064516129037,5.505376344086021,0.0,1.771589388137048,1.4938762119997084,-38.0200535365909,-224.8628437500214,0.17086715079026102,0.0
5092,1787760247,2026-08-26T16:04:07+00:00,CAKEUSDT,SHORT,ema_cross,sl,sl,1.7042,1.7459103448275861,1.6207793103448276,1.7465,-1.0141369047619055,2.4475029238109482,4.8950058476218965,2.0,1.7042,0.0,1787760247.784,0.7839999198913574,0.186,,,,,,,ok,1787756400,2026-08-26T15:00:00+00:00,-0.0,-0.04705882352941964,1.6764943924153033,0.8347640755431887,1.9773844058966237,3.0252797347699913,0.0,0.7591081597946264,10.325633063726917,1181.5252501378711,1207.9042304754385,0.02352941176470982,0.0
5093,1787760247,2026-08-26T16:04:07+00:00,WUSDT,SHORT,ema_cross,sl,sl,0.009261,0.009672758620689656,0.00843748275862069,0.009672758620689656,-1.0,4.446157225889816,8.892314451779612,1.9999999999999958,0.009261,0.0,1787760248.179,1.178999900817871,0.166,,,,,,,ok,1787756400,2026-08-26T15:00:00+00:00,-0.0,-0.3240440699935059,3.6214589602573453,1.304064333840473,4.4012171267115745,8.052597261464904,0.0,1.648124937717301,1.726657872404757,63.80848804992362,79.454497914048,0.16202203499675294,0.0
5102,1787760549,2026-08-26T16:09:09+00:00,REDUSDT,SHORT,ema_cross,open,,0.1088,0.11478620689655172,0.09682758620689655,,,5.502028397565928,11.004056795131843,1.9999999999999978,0.1088,0.0,1787760550.443,1.443000078201294,0.523,,,,,,,ok,1787756400,2026-08-26T15:00:00+00:00,-0.0,-0.2764976958525297,2.5962399283795885,1.6728624535315948,2.3234200743494444,6.877323420074354,0.0,1.2302547957235994,0.6266082229350833,-40.68758344459279,-8.631794806425198,0.13824884792626485,0.0
5103,1787760550,2026-08-26T16:09:10+00:00,UNIUSDT,SHORT,ema_cross,sl,sl,4.228,4.423689655172414,3.836620689655172,4.449,-1.129339207048458,4.628421361693801,9.256842723387601,2.0,4.228,0.0,1787760550.875,0.875,0.159,,,,,,,ok,1787756400,2026-08-26T15:00:00+00:00,-0.0,-0.9097438352884908,1.7482517482517526,1.8278018278018184,3.030303030303017,4.665704665704664,0.0,1.6113767945879156,1.199764234031598,7.0237145550801365,-7.314120621486785,0.4548719176442454,0.0
5104,1787760550,2026-08-26T16:09:10+00:00,CHILLGUYUSDT,LONG,ema_cross,tp,tp,0.012334,0.011695586206896551,0.013610827586206896,0.013610827586206896,2.0,5.176048265797376,10.352096531594752,2.0,0.012334,0.0,1787760551.272,1.2720000743865967,0.217,,,,,,,ok,1787756400,2026-08-26T15:00:00+00:00,0.0,4.168780652798921,2.5984842175397667,4.967419818904974,5.341825902335451,5.341825902335451,0.0,2.8770876104134975,3.2123642310065668,70.44921329761642,32.60431654148811,-2.0843903263994603,0.0
5105,1787760551,2026-08-26T16:09:11+00:00,HOLOUSDT,SHORT,ema_cross,open,,0.06529,0.06864758620689655,0.0585748275862069,,,5.142573452131339,10.285146904262678,2.0,0.06529,0.0,1787760551.662,0.6619999408721924,0.188,,,,,,,ok,1787756400,2026-08-26T15:00:00+00:00,-0.0,-0.7561728395061795,1.16560702391764,1.2838360402165465,2.645011600928079,3.325599381283835,0.0,1.025456538723164,0.36801450683921805,15.07734482083415,64.80912295952209,0.37808641975308976,0.0
5106,1787760840,2026-08-26T16:14:00+00:00,TURBOUSDT,SHORT,ema_cross,sl,sl,0.0009634,0.0010163448275862068,0.0008575103448275862,0.0010173,-1.018040901393777,5.495622543720862,10.991245087441746,2.000000000000004,0.0009634,0.0,1787760841.038,1.0380001068115234,0.376,,,,,,,ok,1787756400,2026-08-26T15:00:00+00:00,-0.0,-0.06214396685655252,2.8947632927932396,1.6640502354788076,3.4641548927263317,4.877027734170585,0.0,0.9558224984208026,1.714152374285381,-5.196592962230061,-259.4483454767074,0.03107198342827626,0.0
5107,1787760946,2026-08-26T16:15:46+00:00,REDUSDT,SHORT,ema_cross_confirmed,open,,0.1084,0.12037241379310344,0.0844551724137931,,,11.044662170759636,22.089324341519273,2.0,0.1088,0.3676470588235272,1787760947.02,1.0199999809265137,,,,1.5,1,6,2.0,ok,1787756400,2026-08-26T15:00:00+00:00,-0.0,-0.2764976958525297,2.5962399283795885,1.6728624535315948,2.3234200743494444,6.877323420074354,0.0,1.2302547957235994,0.6266082229350833,-40.68758344459279,-8.631794806425198,0.13824884792626485,0.0
5112,1787761142,2026-08-26T16:19:02+00:00,币安人生USDT,SHORT,ema_cross,open,,0.49271,0.516286551724138,0.4455568965517241,,,4.785076764047406,9.570153528094801,1.9999999999999976,0.49271,0.0,1787761143.243,1.2430000305175781,0.439,,,,,,,ok,1787756400,2026-08-26T15:00:00+00:00,-0.0,0.8143649963805997,2.803940886699501,1.4911063968668374,3.8593342036553393,5.7604438642297735,0.0,0.9978752413908762,1.2879366011153508,7.7074128620520375,-74.98317009758922,-0.40718249819029984,0.0
5113,1787761143,2026-08-26T16:19:03+00:00,FLEXUSDT,LONG,ema_cross,tp,tp,111.14,109.12517241379311,115.1696551724138,115.29,2.059729590963554,1.8128734804812772,3.6257469609625668,2.000000000000007,111.14,0.0,1787761143.628,0.628000020980835,0.226,,,,,,,ok,1787756400,2026-08-26T15:00:00+00:00,0.0,0.4998661072926915,3.3789367367551253,1.2840082607524401,2.294368368549924,4.415440155512354,0.0,1.507535030344141,0.9420939423800291,-13.644133644133644,52.76764180801554,-0.24993305364634574,0.0
5116,1787831159,2026-08-27T11:45:59+00:00,BTRUSDT,LONG,overheated_early,open,,0.15978,0.14187910714285715,0.19558178571428572,,,11.203462797060244,22.406925594120487,2.0,0.15978,0.0,1787831158.358,0.6419999599456787,,37.6,60.1,,,,,ok,1787824800,2026-08-27T10:00:00+00:00,0.0,3.95801893263822,-6.916037098458337,11.061507936507946,14.115646258503398,21.641156462585045,0.0,5.733619932341594,0.8360046821227718,-24.41445728371596,-77.79277561936962,-1.97900946631911,0.0
5248,1787831164,2026-08-27T11:46:04+00:00,VETUSDT,LONG,overheated_confirmed,ttl_expired,,0.006999,0.006999,0.006999,,,0.0,0.0,,0.006999,0.0,1787831206.125,42.125,,,,3.9,1,0,2.0,ok,1787824800,2026-08-27T10:00:00+00:00,0.0,-1.9199765499047345,-1.5158204562178041,2.6489075127207435,2.6489075127207435,4.898699727850009,0.0,1.245037326320753,1.2621947356937233,87.64439979909594,146.6449832496914,0.9599882749523673,0.0
5249,1787831173,2026-08-27T11:46:13+00:00,MAGMAUSDT,LONG,overheated_confirmed,ttl_expired,,0.30728,0.30728,0.30728,,,0.0,0.0,,0.30728,0.0,,,,,,,,,,ok,1787824800,2026-08-27T10:00:00+00:00,0.0,-0.9924339196226891,-0.2343311660450802,2.8624870570159398,3.948027656234342,3.975811032040348,0.0,1.1248956062430298,0.7556115510395299,-29.625864172427818,-82.81072634342922,0.49621695981134456,0.0
5250,1787831181,2026-08-27T11:46:21+00:00,HEMIUSDT,LONG,overheated_confirmed,ttl_expired,,0.00928,0.00928,0.00928,,,0.0,0.0,,0.00928,0.0,,,,,,,,,,ok,1787824800,2026-08-27T10:00:00+00:00,0.0,3.7833081950729124,1.9634477648802318,5.046161628936364,6.582830745540864,6.685486975490834,0.0,2.711167337650727,0.8893372965294348,9.131623439692076,61.77387216200894,-1.8916540975364562,0.0
5122,1787831183,2026-08-27T11:46:23+00:00,TUTUSDT,LONG,overheated_early,open,,0.058282,0.04429642857142857,0.08625314285714286,,,23.996382122390155,47.99276424478031,2.0,0.058282,0.0,1787831182.648,0.35199999809265137,,27.8,70.0,,,,,ok,1787824800,2026-08-27T10:00:00+00:00,0.0,7.522247719258958,1.2971262852623175,8.935336135245661,19.039662799749383,19.039662799749383,0.0,6.844307106087976,2.143672878789909,-18.768378470586324,-196.34673247284113,-3.761123859629479,0.0
5251,1787831188,2026-08-27T11:46:28+00:00,KMNOUSDT,LONG,overheated_confirmed,ttl_expired,,0.02789,0.02789,0.02789,,,0.0,0.0,,0.02789,0.0,,,,,,,,,,ok,1787824800,2026-08-27T10:00:00+00:00,0.0,0.3243243243243236,1.9780219780219734,2.0765027322404412,2.3315118397085675,3.768008865903214,0.0,0.9683981750377888,0.9910009058354426,-35.940372997110586,-13.980653835526002,-0.1621621621621618,0.0
5252,1787831195,2026-08-27T11:46:35+00:00,牛来USDT,LONG,overheated_confirmed,ttl_expired,,0.05738,0.05738,0.05738,,,0.0,0.0,,0.05738,0.0,,,,,,,,,,ok,1787824800,2026-08-27T10:00:00+00:00,0.0,0.5730659025787966,0.2857142857142916,9.428815004262574,11.626694473409792,28.20512820512821,0.0,4.615477468084072,1.2530174108500678,-41.226086169820384,-15.349280070479118,-0.2865329512893983,0.0
5125,1787831198,2026-08-27T11:46:38+00:00,RUNEUSDT,LONG,overheated_early,sl,sl,0.5662,0.5429392857142857,0.6127214285714286,0.5393,-1.1564563181329657,4.108215168794472,8.216430337588944,2.0,0.5662,0.0,1787831197.201,0.7990000247955322,,17.1,69.2,,,,,ok,1787824800,2026-08-27T10:00:00+00:00,0.0,-2.318636922536446,-8.776246719160104,5.054945054945047,7.124542124542112,14.597069597069595,0.0,3.6833332348742496,1.4615699082240408,-8.726280985275396,69.76290882406654,1.159318461268223,0.0
5126,1787831201,2026-08-27T11:46:41+00:00,MOVRUSDT,LONG,overheated_early,tp,tp,0.917,0.8477321428571429,1.0555357142857142,1.056,2.006702758442899,7.5537466895154965,15.107493379030993,2.0,0.917,0.0,1787831200.169,0.8310000896453857,,25.3,67.8,,,,,ok,1787824800,2026-08-27T10:00:00+00:00,0.0,2.690582959641258,-8.76494023904382,8.073817762399084,10.034602076124562,26.75893886966551,0.0,5.17777048446441,0.6622362075438533,2.250318606191668,49.89096887375648,-1.345291479820629,0.0
5128,1787831205,2026-08-27T11:46:45+00:00,VETUSDT,LONG,overheated_confirmed,open,,0.006999,0.006662732142857143,0.007671535714285714,,,4.804512889596471,9.609025779192942,2.0,0.006999,0.0,1787831206.125,1.125,,,,3.9,1,0,2.0,ok,1787824800,2026-08-27T10:00:00+00:00,0.0,-1.9199765499047345,-1.5158204562178041,2.6489075127207435,2.6489075127207435,4.898699727850009,0.0,1.245037326320753,1.2621947356937233,87.64439979909594,146.6449832496914,0.9599882749523673,0.0
5253,1787831205,2026-08-27T11:46:45+00:00,BEAMXUSDT,LONG,overheated_confirmed,ttl_expired,,0.001932,0.001932,0.001932,,,0.0,0.0,,0.001932,0.0,,,,,,,,,,ok,1787824800,2026-08-27T10:00:00+00:00,0.0,-3.083043262058687,25.9857789269554,9.470304975922957,17.44248261102193,45.364238410596016,0.0,21.951021753664534,8.981184828401313,-36.207060636798964,-114.59473889570017,1.5415216310293436,0.0
5129,1787831208,2026-08-27T11:46:48+00:00,BICOUSDT,LONG,overheated_early,open,,0.02682,0.024251785714285715,0.03195642857142857,,,9.575743048897408,19.15148609779483,2.0000000000000013,0.02682,0.0,1787831206.78,1.2200000286102295,,21.8,63.7,,,,,ok,1787824800,2026-08-27T10:00:00+00:00,0.0,4.962962962962966,4.53707119144228,11.05527638190954,11.05527638190954,12.095200936402648,0.0,3.511398076874168,1.2498981520661894,153.11390980214682,207.45587354151002,-2.481481481481483,0.0
5135,1787831268,2026-08-27T11:47:48+00:00,POLUSDT,SHORT,ema_cross,open,,0.10581,0.11118103448275862,0.09506793103448276,,,5.076112354936794,10.152224709873588,2.0,0.10581,0.0,1787831268.955,0.9549999237060547,0.63,,,,,,,ok,1787824800,2026-08-27T10:00:00+00:00,-0.0,1.0705057216685072,-0.12141589614271515,2.8277153558052386,2.8838951310861414,5.04018912529551,0.0,1.3105791565422313,1.4825546673258414,33.318401172853335,94.88557703211583,-0.5352528608342536,0.0
5136,1787831268,2026-08-27T11:47:48+00:00,GIGGLEUSDT,LONG,ema_cross,open,,36.38,34.96448275862069,39.21103448275862,,,3.8909214991185057,7.781842998236992,1.999999999999995,36.38,0.0,1787831269.351,1.3510000705718994,0.405,,,,,,,ok,1787824800,2026-08-27T10:00:00+00:00,0.0,-1.2716450216450186,-2.302543507362783,2.3500138236107313,3.5388443461432155,4.561791539950231,0.0,0.6225380341836996,1.0733164489423885,12.428849030971092,31.564175091476017,0.6358225108225093,0.0
5256,1787831268,2026-08-27T11:47:48+00:00,POLUSDT,SHORT,ema_cross_confirmed,ttl_expired,,0.10581,0.10581,0.10581,,,0.0,0.0,,0.10581,0.0,,,,,,,,,,ok,1787824800,2026-08-27T10:00:00+00:00,-0.0,1.0705057216685072,-0.12141589614271515,2.8277153558052386,2.8838951310861414,5.04018912529551,0.0,1.3105791565422313,1.4825546673258414,33.318401172853335,94.88557703211583,-0.5352528608342536,0.0
5137,1787831269,2026-08-27T11:47:49+00:00,SKUUUSDT,LONG,ema_cross,sl,sl,23.561,22.743620689655174,25.195758620689656,22.596,-1.1806024299696274,3.469204661707169,6.938409323414353,2.0000000000000044,23.561,0.0,1787831269.804,0.8039999008178711,0.331,,,,,,,ok,1787824800,2026-08-27T10:00:00+00:00,0.0,0.349739827689146,0.551305611350903,0.6330196749358413,1.1895083650678289,2.423277234967498,0.0,1.2954781033165936,0.5042474547694702,-79.76896659381829,-1179.3944347586123,-0.174869913844573,0.0
5257,1787831269,2026-08-27T11:47:49+00:00,GIGGLEUSDT,LONG,ema_cross_confirmed,ttl_expired,,36.38,36.38,36.38,,,0.0,0.0,,36.38,0.0,,,,,,,,,,ok,1787824800,2026-08-27T10:00:00+00:00,0.0,-1.2716450216450186,-2.302543507362783,2.3500138236107313,3.5388443461432155,4.561791539950231,0.0,0.6225380341836996,1.0733164489423885,12.428849030971092,31.564175091476017,0.6358225108225093,0.0
5258,1787831269,2026-08-27T11:47:49+00:00,SKUUUSDT,LONG,ema_cross_confirmed,ttl_expired,,23.561,23.561,23.561,,,0.0,0.0,,23.561,0.0,,,,,,,,,,ok,1787824800,2026-08-27T10:00:00+00:00,0.0,0.349739827689146,0.551305611350903,0.6330196749358413,1.1895083650678289,2.423277234967498,0.0,1.2954781033165936,0.5042474547694702,-79.76896659381829,-1179.3944347586123,-0.174869913844573,0.0
5261,1787831465,2026-08-27T11:51:05+00:00,TUTUSDT,LONG,overheated_confirmed,ttl_expired,,0.058481,0.058481,0.058481,,,0.0,0.0,,0.058481,0.0,,,,,,,,,,ok,1787824800,2026-08-27T10:00:00+00:00,0.0,7.522247719258958,1.2971262852623175,8.935336135245661,19.039662799749383,19.039662799749383,0.0,6.844307106087976,2.143672878789909,-18.768378470586324,-196.34673247284113,-3.761123859629479,0.0
5139,1787831467,2026-08-27T11:51:07+00:00,HEMIUSDT,LONG,overheated_early,tp,tp,0.009106,0.008260803571428572,0.010796392857142857,0.010798,2.00190150218673,9.28175300429857,18.563506008597162,2.000000000000002,0.009106,0.0,1787831467.273,0.27300000190734863,,28.2,68.6,,,,,ok,1787824800,2026-08-27T10:00:00+00:00,0.0,3.7833081950729124,1.9634477648802318,5.046161628936364,6.582830745540864,6.685486975490834,0.0,2.711167337650727,0.8893372965294348,9.131623439692076,61.77387216200894,-1.8916540975364562,0.0
5140,1787831472,2026-08-27T11:51:12+00:00,VETUSDT,LONG,overheated_early,tp,tp,0.00694,0.006603732142857143,0.007612535714285714,0.007612535714285714,2.0,4.845358172087277,9.690716344174554,2.0,0.00694,0.0,1787831471.693,0.30699992179870605,,23.2,68.6,,,,,ok,1787824800,2026-08-27T10:00:00+00:00,0.0,-1.9199765499047345,-1.5158204562178041,2.6489075127207435,2.6489075127207435,4.898699727850009,0.0,1.245037326320753,1.2621947356937233,87.64439979909594,146.6449832496914,0.9599882749523673,0.0
5145,1787831532,2026-08-27T11:52:12+00:00,EDGEXUSDT,LONG,ema_cross,open,,0.3871,0.37121724137931034,0.4188655172413793,,,4.103011785246619,8.206023570493238,2.0,0.3871,0.0,1787831532.721,0.7209999561309814,0.237,,,,,,,ok,1787824800,2026-08-27T10:00:00+00:00,0.0,-0.4206098843322793,-1.354166666666662,1.5699840340606601,2.4215007982969654,3.8850452368281005,0.0,0.2121358215347853,0.33506559890952464,-47.539015606242494,-54.37954574732843,0.21030494216613965,0.0
5146,1787831532,2026-08-27T11:52:12+00:00,INTWUSDT,LONG,ema_cross,tp,tp,18.56,18.039310344827584,19.601379310344825,19.63,2.0549668874172147,2.8054399524375806,5.610879904875142,1.9999999999999931,18.56,0.0,1787831533.128,1.128000020980835,0.167,,,,,,,ok,1787824800,2026-08-27T10:00:00+00:00,0.0,-1.0405827263267393,2.2031166039763574,1.7932489451476785,2.5423728813559343,4.535637149028077,0.0,1.6972295756433151,0.8357762424858907,-48.57196957742923,-97.94031123859638,0.5202913631633697,0.0
5262,1787831532,2026-08-27T11:52:12+00:00,EDGEXUSDT,LONG,ema_cross_confirmed,ttl_expired,,0.3871,0.3871,0.3871,,,0.0,0.0,,0.3871,0.0,,,,,,,,,,ok,1787824800,2026-08-27T10:00:00+00:00,0.0,-0.4206098843322793,-1.354166666666662,1.5699840340606601,2.4215007982969654,3.8850452368281005,0.0,0.2121358215347853,0.33506559890952464,-47.539015606242494,-54.37954574732843,0.21030494216613965,0.0
5147,1787831533,2026-08-27T11:52:13+00:00,ZBTUSDT,LONG,ema_cross,open,,0.07895,0.07681,0.08323,,,2.710576314122866,5.421152628245715,1.9999999999999936,0.07895,0.0,1787831533.528,0.5280001163482666,0.163,,,,,,,ok,1787824800,2026-08-27T10:00:00+00:00,0.0,-0.21356783919598424,-0.10061627468242579,1.3865920366365523,2.162574736038681,2.162574736038681,0.0,0.688191515978339,1.4023792862141358,33.26493388052896,9.497738113333192,0.10678391959799212,0.0
5148,1787831533,2026-08-27T11:52:13+00:00,ESPUSDT,SHORT,ema_cross,sl,sl,0.08538,0.08902931034482758,0.07808137931034483,0.08902931034482758,-1.0,4.274198108254375,8.54839621650875,2.0,0.08538,0.0,1787831533.934,0.9340000152587891,0.191,,,,,,,ok,1787824800,2026-08-27T10:00:00+00:00,-0.0,1.7703132092601066,0.31095243579408766,2.6190752114961153,3.8243133619191063,4.212114179624036,0.0,1.985108007897694,1.3427883960593816,107.94150731158605,167.32564473848663,-0.8851566046300533,0.0
5263,1787831533,2026-08-27T11:52:13+00:00,INTWUSDT,LONG,ema_cross_confirmed,ttl_expired,,18.56,18.56,18.56,,,0.0,0.0,,18.56,0.0,,,,,,,,,,ok,1787824800,2026-08-27T10:00:00+00:00,0.0,-1.0405827263267393,2.2031166039763574,1.7932489451476785,2.5423728813559343,4.535637149028077,0.0,1.6972295756433151,0.8357762424858907,-48.57196957742923,-97.94031123859638,0.5202913631633697,0.0
5264,1787831533,2026-08-27T11:52:13+00:00,ZBTUSDT,LONG,ema_cross_confirmed,ttl_expired,,0.07895,0.07895,0.07895,,,0.0,0.0,,0.07895,0.0,,,,,,,,,,ok,1787824800,2026-08-27T10:00:00+00:00,0.0,-0.21356783919598424,-0.10061627468242579,1.3865920366365523,2.162574736038681,2.162574736038681,0.0,0.688191515978339,1.4023792862141358,33.26493388052896,9.497738113333192,0.10678391959799212,0.0
5265,1787831533,2026-08-27T11:52:13+00:00,ESPUSDT,SHORT,ema_cross_confirmed,ttl_expired,,0.08538,0.08538,0.08538,,,0.0,0.0,,0.08538,0.0,,,,,,,,,,ok,1787824800,2026-08-27T10:00:00+00:00,-0.0,1.7703132092601066,0.31095243579408766,2.6190752114961153,3.8243133619191063,4.212114179624036,0.0,1.985108007897694,1.3427883960593816,107.94150731158605,167.32564473848663,-0.8851566046300533,0.0
5152,1787832016,2026-08-27T12:00:16+00:00,ESPUSDT,SHORT,ema_cross_confirmed,open,,0.08481,0.09210862068965517,0.07021275862068965,,,8.605849180114577,17.211698360229153,2.0,0.08538,0.6676036542515824,1787832016.799,0.7990000247955322,,,,3.0,1,7,2.0,ok,1787828400,2026-08-27T11:00:00+00:00,-0.0,2.0217190388170074,4.3424317617866075,3.388625592417063,4.917061611374408,6.409952606635069,0.0,0.7633333014991168,2.4478857045001408,80.42662916080637,-27.51487815077968,-1.0108595194085037,0.0
5154,1787832050,2026-08-27T12:00:50+00:00,MAGMAUSDT,LONG,overheated_confirmed,sl,sl,0.31841,0.2914346428571429,0.3723607142857143,0.28932,-1.0783916537580596,8.471893829608726,16.943787659217453,2.0,0.30728,3.622103618849267,1787832051.151,1.1510000228881836,,,,3.2,1,14,2.0,ok,1787828400,2026-08-27T11:00:00+00:00,0.0,5.336112213841482,5.524623848346264,5.930105930105925,7.21800995357227,7.246667334870197,0.0,3.1436385634213706,1.826331423721621,148.6997977463161,178.32566191874392,-2.668056106920741,0.0
5270,1787832061,2026-08-27T12:01:01+00:00,RUNEUSDT,LONG,overheated_confirmed,ttl_expired,,0.5716,0.5716,0.5716,,,0.0,0.0,,0.5716,0.0,,,,,,,,,,ok,1787828400,2026-08-27T11:00:00+00:00,0.0,2.6613918360007056,0.4928709734201573,3.6567704561911647,5.054945054945047,14.597069597069595,0.0,2.486601400478055,0.5011503458058216,-63.656734227306835,-54.93045324203144,-1.3306959180003528,0.0
5156,1787832066,2026-08-27T12:01:06+00:00,KMNOUSDT,LONG,overheated_early,tp,tp,0.02778,0.026338392857142855,0.030663214285714287,0.03069,2.0185804533630605,5.189370564640546,10.378741129281092,2.0,0.02778,0.0,1787832065.727,0.27300000190734863,,16.9,68.6,,,,,ok,1787828400,2026-08-27T11:00:00+00:00,0.0,-0.21551724137931402,0.0,1.3024602026049175,2.0765027322404412,2.9692082111437013,0.0,0.2855423407591026,0.3794807471129351,-60.328036904151716,-24.38766390704113,0.10775862068965701,
5157,1787832131,2026-08-27T12:02:11+00:00,LINKUSDT,LONG,ema_cross,open,,11.739,11.453793103448277,12.309413793103449,,,2.4295672250764464,4.859134450152893,2.0,11.739,0.0,1787832132.525,1.5250000953674316,0.227,,,,,,,ok,1787828400,2026-08-27T11:00:00+00:00,0.0,0.1279208596281664,-0.9365507931150916,0.8567511994516762,2.319189142758988,2.327778732176609,0.0,0.6848188169077785,0.6798024818033155,-47.333904683832024,-46.17558930530782,-0.0639604298140832,0.0
5158,1787832132,2026-08-27T12:02:12+00:00,BEAMXUSDT,LONG,ema_cross,sl,sl,0.001895,0.0018319999999999999,0.0020210000000000002,0.0018319999999999999,-1.0,3.324538258575204,6.649076517150408,2.0,0.001895,0.0,1787832133.229,1.2290000915527344,2.226,,,,,,,ok,1787828400,2026-08-27T11:00:00+00:00,0.0,-2.0523345305284706,-11.250581125058114,9.283819628647228,10.21936864633495,42.347600518806736,0.0,2.440979478223066,7.115587450131694,8.86776044566218,45.07482108246114,1.0261672652642353,0.0
5277,1787832132,2026-08-27T12:02:12+00:00,LINKUSDT,LONG,ema_cross_confirmed,ttl_expired,,11.739,11.739,11.739,,,0.0,0.0,,11.739,0.0,,,,,,,,,,ok,1787828400,2026-08-27T11:00:00+00:00,0.0,0.1279208596281664,-0.9365507931150916,0.8567511994516762,2.319189142758988,2.327778732176609,0.0,0.6848188169077785,0.6798024818033155,-47.333904683832024,-46.17558930530782,-0.0639604298140832,0.0
5159,1787832133,2026-08-27T12:02:13+00:00,FIIUSDT,LONG,ema_cross,tp,tp,9.464,9.328655172413793,9.734689655172414,9.997,3.9380891719745015,1.4301017285102227,2.860203457020426,1.999999999999987,9.464,0.0,1787832133.892,0.8919999599456787,0.177,,,,,,,ok,1787828400,2026-08-27T11:00:00+00:00,0.0,0.0,-0.05280388636602604,0.0,0.0,0.05283178360100386,0.0,0.030494389827897143,0.0,,,0.0,0.0
5278,1787832133,2026-08-27T12:02:13+00:00,BEAMXUSDT,LONG,ema_cross_confirmed,ttl_expired,,0.001895,0.001895,0.001895,,,0.0,0.0,,0.001895,0.0,,,,,,,,,,ok,1787828400,2026-08-27T11:00:00+00:00,0.0,-2.0523345305284706,-11.250581125058114,9.283819628647228,10.21936864633495,42.347600518806736,0.0,2.440979478223066,7.115587450131694,8.86776044566218,45.07482108246114,1.0261672652642353,0.0
5279,1787832133,2026-08-27T12:02:13+00:00,FIIUSDT,LONG,ema_cross_confirmed,ttl_expired,,9.464,9.464,9.464,,,0.0,0.0,,9.464,0.0,,,,,,,,,,ok,1787828400,2026-08-27T11:00:00+00:00,0.0,0.0,-0.05280388636602604,0.0,0.0,0.05283178360100386,0.0,0.030494389827897143,0.0,,,0.0,0.0
5161,1787832365,2026-08-27T12:06:05+00:00,MAGMAUSDT,LONG,overheated_early,tp,tp,0.30416,0.2778017857142857,0.35687642857142854,0.35687642857142854,2.0,8.665904223341096,17.331808446682192,2.0,0.30416,0.0,1787832364.774,0.22600007057189941,,25.6,59.5,,,,,ok,1787828400,2026-08-27T11:00:00+00:00,0.0,5.336112213841482,5.524623848346264,5.930105930105925,7.21800995357227,7.246667334870197,0.0,3.1436385634213706,1.826331423721621,148.6997977463161,178.32566191874392,-2.668056106920741,0.0
5166,1787832428,2026-08-27T12:07:08+00:00,STARUSDT,SHORT,ema_cross,open,,0.11911,0.13023482758620689,0.0968603448275862,,,9.339961032832585,18.679922065665185,2.0000000000000013,0.11911,0.0,1787832429.039,1.0390000343322754,0.176,,,,,,,ok,1787828400,2026-08-27T11:00:00+00:00,-0.0,1.451318626637918,3.4608822812576165,2.244241192411924,4.640921409214091,5.335365853658536,0.0,1.0835610361508718,0.2578404279593337,-53.485181119648736,-154.6999795735416,-0.725659313318959,0.0
5167,1787832429,2026-08-27T12:07:09+00:00,UBERUSDT,SHORT,ema_cross,tp,tp,78.32,79.21310344827586,76.53379310344828,76.53379310344828,1.999999999999984,1.1403261596985013,2.2806523193969848,1.999999999999984,78.32,0.0,1787832429.452,0.4519999027252197,0.186,,,,,,,ok,1787828400,2026-08-27T11:00:00+00:00,-0.0,0.7884028484232001,0.9395632300660348,0.7563132931675287,0.8075887706704209,1.3459812844507077,0.0,0.41995016798346646,0.7976979187579468,77.17003567181926,125.16014080478155,-0.39420142421160004,0.0
5290,1787832429,2026-08-27T12:07:09+00:00,STARUSDT,SHORT,ema_cross_confirmed,ttl_expired,,0.11911,0.11911,0.11911,,,0.0,0.0,,0.11911,0.0,,,,,,,,,,ok,1787828400,2026-08-27T11:00:00+00:00,-0.0,1.451318626637918,3.4608822812576165,2.244241192411924,4.640921409214091,5.335365853658536,0.0,1.0835610361508718,0.2578404279593337,-53.485181119648736,-154.6999795735416,-0.725659313318959,0.0
5291,1787832429,2026-08-27T12:07:09+00:00,UBERUSDT,SHORT,ema_cross_confirmed,ttl_expired,,78.32,78.32,78.32,,,0.0,0.0,,78.32,0.0,,,,,,,,,,ok,1787828400,2026-08-27T11:00:00+00:00,-0.0,0.7884028484232001,0.9395632300660348,0.7563132931675287,0.8075887706704209,1.3459812844507077,0.0,0.41995016798346646,0.7976979187579468,77.17003567181926,125.16014080478155,-0.39420142421160004,0.0
5292,1787832670,2026-08-27T12:11:10+00:00,CLOUSDT,LONG,overheated_confirmed,ttl_expired,,0.10432,0.10432,0.10432,,,0.0,0.0,,0.10432,0.0,,,,,,,,,,ok,1787828400,2026-08-27T11:00:00+00:00,0.0,0.7563025210084081,7.085442095861872,2.9935581659719555,8.575106446182792,12.64838313548915,0.0,5.4881931636333645,0.9512995990389519,-61.8717262251193,-45.61323973283696,-0.37815126050420406,0.0
5169,1787832730,2026-08-27T12:12:10+00:00,NILUSDT,SHORT,ema_cross,open,,0.04309,0.04490655172413793,0.039456896551724144,,,4.215715303174587,8.431430606349174,2.0,0.04309,0.0,1787832730.783,0.7829999923706055,0.242,,,,,,,ok,1787828400,2026-08-27T11:00:00+00:00,-0.0,0.6944444444444482,2.455661664392901,1.0955710955710913,2.2456140350877085,3.508771929824548,0.0,0.28036357866443434,0.24277364004902424,-54.558128044046015,-80.19572384045878,-0.3472222222222241,0.0
5170,1787832730,2026-08-27T12:12:10+00:00,KERNELUSDT,LONG,ema_cross,open,,0.03884,0.03738655172413793,0.04174689655172414,,,3.7421428317767056,7.484285663553393,1.9999999999999951,0.03884,0.0,1787832731.194,1.194000005722046,0.38,,,,,,,ok,1787828400,2026-08-27T11:00:00+00:00,0.0,-2.5896414342629464,-1.6096579476861037,4.5267489711934275,20.730452674897133,25.97301504929944,0.0,15.670519631141119,1.9962951759256982,-69.03163415963928,-17.594437702527124,1.2948207171314732,0.0
5293,1787832730,2026-08-27T12:12:10+00:00,NILUSDT,SHORT,ema_cross_confirmed,ttl_expired,,0.04309,0.04309,0.04309,,,0.0,0.0,,0.04309,0.0,,,,,,,,,,ok,1787828400,2026-08-27T11:00:00+00:00,-0.0,0.6944444444444482,2.455661664392901,1.0955710955710913,2.2456140350877085,3.508771929824548,0.0,0.28036357866443434,0.24277364004902424,-54.558128044046015,-80.19572384045878,-0.3472222222222241,0.0
5294,1787832731,2026-08-27T12:12:11+00:00,KERNELUSDT,LONG,ema_cross_confirmed,ttl_expired,,0.03884,0.03884,0.03884,,,0.0,0.0,,0.03884,0.0,,,,,,,,,,ok,1787828400,2026-08-27T11:00:00+00:00,0.0,-2.5896414342629464,-1.6096579476861037,4.5267489711934275,20.730452674897133,25.97301504929944,0.0,15.670519631141119,1.9962951759256982,-69.03163415963928,-17.594437702527124,1.2948207171314732,0.0
5172,1787832968,2026-08-27T12:16:08+00:00,PROMUSDT,LONG,overheated_early,open,,4.571,3.9467857142857143,5.8194285714285705,,,13.655967746976271,27.311935493952543,2.0,4.571,0.0,1787832967.366,0.6340000629425049,,15.2,58.7,,,,,ok,1787828400,2026-08-27T11:00:00+00:00,0.0,-0.3913043478260825,2.9662921348314533,3.495102404274266,5.928764652840394,7.553215838864731,0.0,1.4200922082842575,0.7693174982409815,-47.03606725343845,-72.86850077962598,0.19565217391304124,0.0
5176,1787833628,2026-08-27T12:27:08+00:00,CROUSDT,LONG,ema_cross,sl,sl,0.06165,0.060005172413793106,0.06493965517241379,0.05989,-1.0700209643605896,2.66800906116285,5.336018122325688,1.9999999999999958,0.06165,0.0,1787833628.58,0.5799999237060547,0.315,,,,,,,ok,1787828400,2026-08-27T11:00:00+00:00,0.0,0.7769879318895655,0.6605019815059404,0.7422068283028187,1.4112568487464778,2.260170768458068,0.0,0.5879926681412626,0.7211564978010866,-40.586884775434065,-164.51448076965033,-0.38849396594478275,0.0
5303,1787833628,2026-08-27T12:27:08+00:00,CROUSDT,LONG,ema_cross_confirmed,ttl_expired,,0.06165,0.06165,0.06165,,,0.0,0.0,,0.06165,0.0,1787833681.231,53.23099994659424,,,,4.8,1,0,2.0,ok,1787828400,2026-08-27T11:00:00+00:00,0.0,0.7769879318895655,0.6605019815059404,0.7422068283028187,1.4112568487464778,2.260170768458068,0.0,0.5879926681412626,0.7211564978010866,-40.586884775434065,-164.51448076965033,-0.38849396594478275,0.0
5177,1787833680,2026-08-27T12:28:00+00:00,CROUSDT,LONG,ema_cross_confirmed,sl,sl,0.0618,0.05933275862068966,0.06673448275862068,0.05933275862068966,-1.0,3.992299966521589,7.9845999330431665,1.9999999999999971,0.06165,0.24330900243308573,1787833681.231,1.2309999465942383,,,,4.8,1,0,2.0,ok,1787828400,2026-08-27T11:00:00+00:00,0.0,0.7769879318895655,0.6605019815059404,0.7422068283028187,1.4112568487464778,2.260170768458068,0.0,0.5879926681412626,0.7211564978010866,-40.586884775434065,-164.51448076965033,-0.38849396594478275,0.0
5178,1787833833,2026-08-27T12:30:33+00:00,UBERUSDT,SHORT,ema_cross_confirmed,open,,78.0,79.94999999999999,74.10000000000002,,,2.499999999999986,4.999999999999972,2.0,78.32,0.4085801838610741,1787833834.164,1.1640000343322754,,,,2.4,1,22,2.0,ok,1787828400,2026-08-27T11:00:00+00:00,-0.0,0.7884028484232001,0.9395632300660348,0.7563132931675287,0.8075887706704209,1.3459812844507077,0.0,0.41995016798346646,0.7976979187579468,77.17003567181926,125.16014080478155,-0.39420142421160004,0.0
5179,1787834469,2026-08-27T12:41:09+00:00,KITEUSDT,LONG,overheated_early,open,,0.1302,0.1241619642857143,0.14227607142857143,,,4.6375082290980885,9.275016458196177,2.0,0.1302,0.0,1787834468.079,0.9210000038146973,,15.5,64.0,,,,,ok,1787828400,2026-08-27T11:00:00+00:00,0.0,-0.6616402523465145,0.8277369982820594,1.3091641490433008,2.604738741565995,4.828562441019193,0.0,0.8491469988435358,0.5517155798225476,-77.213243584925,0.194606968936597,0.33082012617325723,0.0
5180,1787834811,2026-08-27T12:46:51+00:00,KMNOUSDT,LONG,overheated_confirmed,tp,tp,0.02814,0.026714464285714286,0.030991071428571423,0.030991071428571423,2.0,5.065869631434658,10.131739262869315,2.0,0.02789,0.8963786303334411,1787834812.409,1.4089999198913574,,,,3.1,1,60,2.0,ok,1787828400,2026-08-27T11:00:00+00:00,0.0,-0.21551724137931402,0.0,1.3024602026049175,2.0765027322404412,2.9692082111437013,0.0,0.2855423407591026,0.3794807471129351,-60.328036904151716,-24.38766390704113,0.10775862068965701,
5181,1787834816,2026-08-27T12:46:56+00:00,POLUSDT,SHORT,ema_cross_confirmed,open,,0.106,0.11674206896551724,0.08451586206896551,,,10.134027325959662,20.268054651919325,2.0,0.10581,-0.17956714866269324,1787834817.259,1.2590000629425049,,,,1.8,1,58,2.0,ok,1787828400,2026-08-27T11:00:00+00:00,-0.0,0.979477611940307,2.318947271556095,1.8444948921679978,3.8781687476352698,5.069996216420738,0.0,0.43235697293346403,0.8158209246337625,-45.69905611387726,-79.0174572867306,-0.4897388059701535,0.0
5183,1787835603,2026-08-27T13:00:03+00:00,TUTUSDT,LONG,overheated_confirmed,sl,sl,0.063821,0.04983542857142857,0.09179214285714286,0.049688,-1.010541476419575,21.913745363706976,43.82749072741395,2.0,0.058481,9.131170807612737,1787835603.715,0.7149999141693115,,,,1.6,1,68,2.0,ok,1787832000,2026-08-27T12:00:00+00:00,0.0,9.56582945629968,19.066808455066138,10.57050148505503,14.465475873100505,22.280658451840747,0.0,4.2233328228070155,1.6896257745994987,11.227823289943208,31.64061916198449,-4.78291472814984,0.0
5189,1787836266,2026-08-27T13:11:06+00:00,BEAMXUSDT,LONG,overheated_early,sl,sl,0.00181,0.0017158214285714285,0.001998357142857143,0.001708,-1.0830489192263921,5.2032359905288095,10.406471981057619,2.0,0.00181,0.0,1787836265.458,0.5420000553131104,,27.3,67.2,,,,,ok,1787832000,2026-08-27T12:00:00+00:00,0.0,-0.05238344683080842,-5.121829935355556,5.493333333333346,9.866666666666681,17.44248261102193,0.0,1.5645035089431218,2.6957739330885477,-50.88213602140834,-59.74989646707052,0.02619172341540421,0.0
5194,1787836870,2026-08-27T13:21:10+00:00,CHIPUSDT,LONG,overheated_early,tp,tp,0.03813,0.03548571428571429,0.043418571428571424,0.043418571428571424,2.0000000000000027,6.93492188378104,13.869843767562099,2.0000000000000027,0.03813,0.0,1787836868.792,1.2079999446868896,,16.0,62.8,,,,,ok,1787832000,2026-08-27T12:00:00+00:00,0.0,-2.947424322889007,-0.30005455537370157,3.9426523297491065,4.549214226633597,4.635761589403976,0.0,2.5378187073838943,0.42915668022964165,-49.897510980966324,-75.83481890966945,1.4737121614445035,0.0
5195,1787837425,2026-08-27T13:30:25+00:00,LINKUSDT,LONG,ema_cross_confirmed,open,,11.797,11.369189655172415,12.652620689655173,,,3.626433371429906,7.252866742859812,2.0,11.739,0.4940795638470042,1787837426.413,1.4130001068115234,,,,3.7,1,87,2.0,ok,1787832000,2026-08-27T12:00:00+00:00,0.0,-0.093688782897532,-1.0627530364372422,0.8461538461538478,1.088074023303623,2.327778732176609,0.0,0.6558264948747008,0.5781218244490011,-15.303523418706666,32.03038126512536,0.046844391448766,0.0
5196,1787837432,2026-08-27T13:30:32+00:00,FIIUSDT,LONG,ema_cross_confirmed,sl,sl,9.716,9.512982758620689,10.12203448275862,9.5,-1.063949044585984,2.089514629264207,4.179029258528414,2.0,9.464,2.6627218934911125,1787837432.562,0.562000036239624,,,,10.0,1,87,2.0,ok,1787832000,2026-08-27T12:00:00+00:00,0.0,0.0,0.0,0.0,0.0,0.05283178360100386,0.0,0.0,0.0,,,0.0,
5197,1787837467,2026-08-27T13:31:07+00:00,OKTAUSDT,LONG,overheated_early,sl,sl,162.93,158.13964285714286,172.5107142857143,158.13964285714286,-1.0,2.9401320461898646,5.880264092379729,2.0,162.93,0.0,1787837466.289,0.7109999656677246,,27.3,56.4,,,,,ok,1787832000,2026-08-27T12:00:00+00:00,0.0,0.2670566541616249,-0.6739732930209078,1.6151775413408418,2.0382002307396347,2.6022304832713767,0.0,0.7236143196037329,1.3797108181870972,-39.325842696629216,-60.249755740107474,-0.13352832708081244,0.0
5198,1787837509,2026-08-27T13:31:49+00:00,MAGMAUSDT,LONG,overheated_confirmed,tp,tp,0.34965,0.32267464285714287,0.39011303571428574,0.39011303571428574,1.5,7.714959857817001,11.572439786725502,1.5,0.30728,13.788726894038017,1787837510.298,1.2980000972747803,,,,1.8,2,105,1.5,ok,1787832000,2026-08-27T12:00:00+00:00,0.0,0.07537451713198783,4.369329533916335,14.15420428893905,14.15420428893905,14.15420428893905,0.0,3.311320923847462,5.1856948845631505,204.98402555910542,56.28422781278931,-0.03768725856599391,0.0
5199,1787838072,2026-08-27T13:41:12+00:00,CRMUSDT,LONG,overheated_early,tp,tp,239.06,233.24428571428572,250.6914285714286,250.6914285714286,2.000000000000005,2.4327425272794607,4.865485054558933,2.000000000000005,239.06,0.0,1787838071.291,0.7090001106262207,,16.7,61.8,,,,,ok,1787832000,2026-08-27T12:00:00+00:00,0.0,-0.08811737233995182,-1.0990448776658301,1.241714538223598,1.6465276855663253,1.9342274155711967,0.0,0.9365651331258747,0.24738291420673103,-66.80469289164941,-139.61327965372453,0.04405868616997591,0.0
5201,1787838308,2026-08-27T13:45:08+00:00,INTWUSDT,LONG,ema_cross_confirmed,sl,sl,19.02,18.23896551724138,20.58206896551724,18.19,-1.0626931567328897,4.106385293157837,8.212770586315674,2.0,18.56,2.4784482758620734,1787838308.836,0.8359999656677246,,,,3.0,1,112,2.0,ok,1787832000,2026-08-27T12:00:00+00:00,0.0,-1.1802575107296076,-4.162330905306957,2.1739130434782727,4.347826086956526,5.2173913043478315,0.0,0.5252325725142951,0.81286124056597,-34.482211557529844,-89.20116099297414,0.5901287553648038,0.0
5202,1787838417,2026-08-27T13:46:57+00:00,GIGGLEUSDT,LONG,ema_cross_confirmed,open,,36.61,34.486724137931034,40.85655172413793,,,5.7997155478529505,11.599431095705901,2.0,36.38,0.6322155030236307,1787838417.736,0.7360000610351562,,,,1.7,1,118,2.0,ok,1787832000,2026-08-27T12:00:00+00:00,0.0,0.02756339581035835,-1.8127705627705673,0.9410462219761868,2.2030117122141637,4.433909648633585,0.0,0.6542904437517549,0.4083686409025989,-70.60260866572598,-103.93543214745162,-0.013781697905179175,0.0
5329,1787838984,2026-08-27T13:56:24+00:00,4USDT,LONG,overheated_confirmed,ttl_expired,,0.0126,0.0126,0.0126,,,0.0,0.0,,0.0126,0.0,,,,,,,,,,ok,1787832000,2026-08-27T12:00:00+00:00,0.0,0.007770611547123051,1.5464730945242229,2.6319912266959204,4.665281993928752,5.338478855121414,0.0,1.6769691661707,0.718917991681636,-13.679601610572867,13.49567572360079,-0.0038853057735615255,0.0
5204,1787839207,2026-08-27T14:00:07+00:00,ZBTUSDT,LONG,ema_cross_confirmed,open,,0.07923,0.07601999999999999,0.08565,,,4.051495645588798,8.102991291177595,2.0,0.07895,0.3546548448384909,1787839209.123,2.122999906539917,,,,1.7,1,127,2.0,ok,1787835600,2026-08-27T13:00:00+00:00,0.0,0.1516875237011694,-0.2517940324814374,0.7861037149740199,0.7861037149740199,1.47563923164991,0.0,0.5570719322768087,0.730015995006437,49.06201457760784,102.78865396719095,-0.0758437618505847,0.0
5205,1787839240,2026-08-27T14:00:40+00:00,KERNELUSDT,LONG,ema_cross_confirmed,open,,0.04004,0.037859827586206894,0.04440034482758621,,,5.444986048434329,10.889972096868657,2.0,0.03884,3.089598352214211,1787839240.494,0.4939999580383301,,,,2.4,1,107,2.0,ok,1787835600,2026-08-27T13:00:00+00:00,0.0,1.7276422764227644,-0.29880478087649914,3.0094363682734007,4.474909467149515,21.417485773409215,0.0,2.2541462013205478,1.0523592727473485,215.75323015760327,297.6517870282099,-0.8638211382113822,0.0
5334,1787839577,2026-08-27T14:06:17+00:00,MOVRUSDT,LONG,overheated_confirmed,ttl_expired,,0.986,0.986,0.986,,,0.0,0.0,,0.986,0.0,1787839643.155,66.15499997138977,,,,2.8,1,0,2.0,ok,1787835600,2026-08-27T13:00:00+00:00,0.0,11.148648648648646,7.751091703056763,13.097949886104782,15.734265734265735,15.734265734265735,0.0,7.249549989226159,1.0918712020630994,97.87208554105993,124.37266020584774,-5.574324324324323,0.0
5213,1787839642,2026-08-27T14:07:22+00:00,MOVRUSDT,LONG,overheated_confirmed,tp,tp,0.987,0.9111964285714286,1.138607142857143,1.138607142857143,2.0000000000000013,7.680199739470255,15.36039947894052,2.0000000000000013,0.986,0.10141987829614613,1787839643.155,1.1549999713897705,,,,2.8,1,0,2.0,ok,1787835600,2026-08-27T13:00:00+00:00,0.0,11.148648648648646,7.751091703056763,13.097949886104782,15.734265734265735,15.734265734265735,0.0,7.249549989226159,1.0918712020630994,97.87208554105993,124.37266020584774,-5.574324324324323,0.0
5335,1787839862,2026-08-27T14:11:02+00:00,BLESSUSDT,LONG,overheated_confirmed,ttl_expired,,0.011106,0.011106,0.011106,,,0.0,0.0,,0.011106,0.0,,,,,,,,,,ok,1787835600,2026-08-27T13:00:00+00:00,0.0,1.9992762800796156,3.5258470296575215,3.3229870366989203,5.3719392980169385,8.337321719153827,0.0,0.8655307713629432,0.7029663705879654,-21.444008644841112,18.92673516963186,-0.9996381400398078,0.0
5336,1787839867,2026-08-27T14:11:07+00:00,CRMUSDT,LONG,overheated_confirmed,ttl_expired,,245.45,245.45,245.45,,,0.0,0.0,,245.45,0.0,1787840160.153,293.15300011634827,,,,5.7,1,3,2.0,ok,1787835600,2026-08-27T13:00:00+00:00,0.0,7.2672752127706435,5.668983492615123,8.102118606506515,8.102118606506515,8.102118606506515,0.0,4.532349425772765,1.6774138591933219,582.3284823284823,649.1331752201318,-3.6336376063853217,0.0
5217,1787840159,2026-08-27T14:15:59+00:00,CRMUSDT,LONG,overheated_confirmed,open,,246.92,241.1042857142857,258.5514285714286,,,2.355303047835039,4.710606095670091,2.000000000000005,245.45,0.598899979629252,1787840160.153,1.1530001163482666,,,,5.7,1,3,2.0,ok,1787835600,2026-08-27T13:00:00+00:00,0.0,7.2672752127706435,5.668983492615123,8.102118606506515,8.102118606506515,8.102118606506515,0.0,4.532349425772765,1.6774138591933219,582.3284823284823,649.1331752201318,-3.6336376063853217,0.0
5222,1787841054,2026-08-27T14:30:54+00:00,4USDT,LONG,overheated_confirmed,tp,tp,0.012692,0.011911357142857144,0.014253285714285713,0.014306,2.067526763656328,6.150668587636751,12.301337175273503,2.0,0.0126,0.7301587301587307,1787841054.859,0.8589999675750732,,,,2.4,1,33,2.0,ok,1787835600,2026-08-27T13:00:00+00:00,0.0,-2.37762237762237,-0.01591596371160485,4.170342449274211,5.076589943058799,5.338478855121414,0.0,2.394527000452832,1.3226723325144414,76.30695769645786,89.98655930703072,1.188811188811185,0.0
5224,1787841059,2026-08-27T14:30:59+00:00,BLESSUSDT,LONG,overheated_confirmed,sl,sl,0.01151,0.010686125,0.01315775,0.010686125,-1.0,7.157906168549087,14.315812337098174,2.0,0.011106,3.6376733297316757,1787841059.639,0.6389999389648438,,,,1.6,1,18,2.0,ok,1787835600,2026-08-27T13:00:00+00:00,0.0,1.9992762800796156,3.5258470296575215,3.3229870366989203,5.3719392980169385,8.337321719153827,0.0,0.8655307713629432,0.7029663705879654,-21.444008644841112,18.92673516963186,-0.9996381400398078,0.0
5225,1787841062,2026-08-27T14:31:02+00:00,INTWUSDT,LONG,overheated_early,sl,sl,19.63,18.794821428571428,21.30035714285714,18.77,-1.0297199059225997,4.254603012881157,8.509206025762314,2.0,19.63,0.0,1787841061.135,0.8650000095367432,,15.5,69.7,,,,,ok,1787835600,2026-08-27T13:00:00+00:00,0.0,-1.1943539630836177,-4.31125131440589,6.592797783933505,6.592797783933505,6.925207756232686,0.0,0.4756250042977901,2.029661343744333,145.60808765663782,180.09029921416766,0.5971769815418089,0.0
5226,1787841371,2026-08-27T14:36:11+00:00,DGAIUSDT,LONG,overheated_early,open,,0.7906,0.7100285714285713,0.9517428571428572,,,10.191174876224213,20.382349752448427,2.0,0.7906,0.0,1787841370.446,0.5539999008178711,,15.8,68.0,,,,,ok,1787835600,2026-08-27T13:00:00+00:00,0.0,1.203715818395916,-0.5784061696658174,3.247703979768399,3.3674963396778903,6.468787435112483,0.0,1.2168961262857114,0.8787163014207573,107.50816522574446,140.68658718379,-0.601857909197958,0.0
5227,1787841668,2026-08-27T14:41:08+00:00,CASHCATUSDT,LONG,overheated_early,sl,sl,0.251,0.204545,0.34391,0.20453,-1.0003228931223769,18.507968127490038,37.015936254980076,2.0,0.251,0.0,1787841666.889,1.1110000610351562,,20.0,55.8,,,,,ok,1787835600,2026-08-27T13:00:00+00:00,0.0,-1.2265268144138106,2.6955718745877473,3.6546564622925355,5.764879916463633,10.495454545454546,0.0,1.9754876126169199,0.6541283179938642,-32.070035460992905,-766.9629775704299,0.6132634072069053,0.0
5343,1787841965,2026-08-27T14:46:05+00:00,CHIPUSDT,LONG,overheated_confirmed,ttl_expired,,0.04013,0.04013,0.04013,,,0.0,0.0,,0.04013,0.0,1787842049.966,84.96600008010864,,,,2.2,1,0,2.0,ok,1787835600,2026-08-27T13:00:00+00:00,0.0,5.9644322845417275,3.8059501474135553,6.403940886699493,7.196029776674942,7.196029776674942,0.0,4.400802433722999,1.5446299368227863,255.25034093122932,305.1478519121956,-2.9822161422708637,0.0
5230,1787842049,2026-08-27T14:47:29+00:00,CHIPUSDT,LONG,overheated_confirmed,sl,sl,0.04012,0.03747571428571429,0.04540857142857142,0.03735,-1.0475418692598617,6.590941461330284,13.181882922660568,2.0,0.04013,-0.02491901320706734,1787842049.966,0.9660000801086426,,,,2.2,1,0,2.0,ok,1787835600,2026-08-27T13:00:00+00:00,0.0,5.9644322845417275,3.8059501474135553,6.403940886699493,7.196029776674942,7.196029776674942,0.0,4.400802433722999,1.5446299368227863,255.25034093122932,305.1478519121956,-2.9822161422708637,0.0
5235,1787843163,2026-08-27T15:06:03+00:00,USELESSUSDT,LONG,overheated_early,sl,sl,0.07186,0.06651357142857142,0.08255285714285714,0.06651357142857142,-1.0,7.440062025366785,14.88012405073357,2.0,0.07186,0.0,1787843162.396,0.6040000915527344,,15.5,68.6,,,,,ok,1787839200,2026-08-27T14:00:00+00:00,0.0,1.091269841269851,3.5418783568006926,4.4476327116212415,8.333333333333345,8.430145963658026,0.0,3.696847577762448,3.793665680686819,60.45404613694617,-323.7658120190822,-0.5456349206349255,0.0
5238,1787843762,2026-08-27T15:16:02+00:00,CLOUSDT,LONG,overheated_early,sl,sl,0.10676,0.09804232142857142,0.12419535714285714,0.09804232142857142,-1.0,8.165678691858917,16.33135738371782,1.9999999999999984,0.10676,0.0,1787843761.653,0.3469998836517334,,27.3,69.9,,,,,ok,1787839200,2026-08-27T14:00:00+00:00,0.0,3.6675284879823806,0.3243443610415987,4.5306200806296815,9.811434909750936,9.999999999999993,0.0,5.758539234854753,1.3298408246994364,47.23715608199407,109.64793260318346,-1.8337642439911903,0.0
5239,1787843777,2026-08-27T15:16:17+00:00,BSBUSDT,LONG,overheated_early,open,,0.10596,0.09986946428571428,0.11814107142857143,,,5.747957450250776,11.495914900501539,1.9999999999999978,0.10596,0.0,1787843776.606,0.3940000534057617,,15.1,69.4,,,,,ok,1787839200,2026-08-27T14:00:00+00:00,0.0,-0.06765245965014073,1.4521193092621754,0.9238549061557837,1.7930228025725925,4.494717958939606,0.0,1.1734427758735615,0.7946258704566806,-39.66618979494516,-12.18157813438772,0.033826229825070366,0.0
5242,1787844646,2026-08-27T15:30:46+00:00,NILUSDT,SHORT,ema_cross_confirmed,open,,0.04325,0.046883103448275856,0.03598379310344828,,,8.400239186764994,16.800478373529987,2.0,0.04309,-0.371315850545355,1787844647.054,1.053999900817871,,,,2.8,1,197,2.0,ok,1787839200,2026-08-27T14:00:00+00:00,-0.0,-1.6964908203578932,-2.004662004662004,1.8608978832286627,1.932029795158297,2.074592074592079,0.0,0.9459832342430535,0.5352754307540466,4.362758685966561,-98.95412539491429,0.8482454101789466,0.0
5243,1787844712,2026-08-27T15:31:52+00:00,牛来USDT,LONG,overheated_confirmed,sl,sl,0.05804,0.04608392857142857,0.08195214285714286,0.04608392857142857,-1.0,20.59970955990943,41.19941911981885,1.9999999999999993,0.05738,1.1502265597769272,1787844713.002,1.002000093460083,,,,2.5,1,225,2.0,ok,1787839200,2026-08-27T14:00:00+00:00,0.0,1.681928611474487,-7.701441899915186,6.942053930005726,11.799579269458777,17.900172117039588,0.0,5.455699030883751,0.841663894641703,-20.15415060931153,-111.85100448420813,-0.8409643057372435,0.0
5245,1787844967,2026-08-27T15:36:07+00:00,HFTUSDT,LONG,overheated_early,tp,tp,0.00678,0.006345535714285714,0.007648928571428571,0.008,2.8080558980682317,6.408027812895066,12.816055625790144,2.0000000000000018,0.00678,0.0,1787844966.534,0.4660000801086426,,15.9,67.3,,,,,ok,1787839200,2026-08-27T14:00:00+00:00,0.0,0.6250000000000016,0.31152647975077963,1.5748031496063033,3.492063492063487,3.492063492063487,0.0,0.5476244689420617,0.21446316369109725,-74.7601065280159,-143.11235192262242,-0.3125000000000008,0.0
5246,1787845510,2026-08-27T15:45:10+00:00,EDGEXUSDT,LONG,ema_cross_confirmed,open,,0.3872,0.3633758620689655,0.434848275862069,,,6.152928184667999,12.305856369335999,2.0,0.3871,0.025833118057346675,1787845510.634,0.6340000629425049,,,,1.6,1,232,2.0,ok,1787839200,2026-08-27T14:00:00+00:00,0.0,0.6575486586007371,-0.6747988580326996,1.714135021097048,1.8484288354898355,2.6406126221283364,0.0,0.8207206331237981,0.08592499212102112,-1.0452961672473868,10.647011525060305,-0.32877432930036854,0.0
5247,1787845574,2026-08-27T15:46:14+00:00,SKRUSDT,LONG,overheated_early,tp,tp,0.008882,0.008469285714285714,0.00970742857142857,0.00970742857142857,2.0,4.646636857850544,9.293273715701089,2.0,0.008882,0.0,1787845572.91,1.0899999141693115,,15.0,69.5,,,,,ok,1787839200,2026-08-27T14:00:00+00:00,0.0,-0.3079730808714609,-0.8845543207076428,1.5805260729118593,1.949700046146735,2.898886827458259,0.0,1.2528240447611547,0.9778051635960319,42.43860404997846,114.97114842867668,0.15398654043573046,0.0
5259,1787845879,2026-08-27T15:51:19+00:00,MELANIAUSDT,LONG,overheated_early,open,,0.1201,0.11118571428571428,0.13792857142857143,,,7.422386106815755,14.844772213631499,1.9999999999999984,0.1201,0.0,1787845877.98,1.0199999809265137,,15.2,64.3,,,,,ok,1787839200,2026-08-27T14:00:00+00:00,0.0,4.444444444444447,4.111212397447584,6.883069649027103,7.923246419390377,7.923246419390377,0.0,2.6386142886017274,9.082705024065678,3543.9892640203416,3588.0254717006387,-2.2222222222222237,0.0
5266,1787846167,2026-08-27T15:56:07+00:00,ACUUSDT,LONG,overheated_early,sl,sl,0.1499,0.14012910714285715,0.16944178571428573,0.14012910714285715,-1.0,6.518274087486898,13.036548174973795,2.0,0.1499,0.0,1787846166.466,0.5339999198913574,,15.3,62.2,,,,,ok,1787839200,2026-08-27T14:00:00+00:00,0.0,2.0090687129403513,1.626242268399478,3.525098702763681,3.525098702763681,3.525098702763681,0.0,1.276560251544232,0.26785993434422384,-69.181654676259,-204.4259956959332,-1.0045343564701756,0.0
5268,1787846483,2026-08-27T16:01:23+00:00,ENAUSDT,LONG,overheated_early,open,,0.16242,0.14847589285714285,0.1903082142857143,,,8.58521557865851,17.170431157317005,1.999999999999998,0.16242,0.0,1787846481.787,1.2130000591278076,,16.6,68.1,,,,,ok,1787842800,2026-08-27T15:00:00+00:00,0.0,6.178489702517154,11.638138447789924,7.373271889400914,8.78409924631494,12.99709020368574,0.0,4.732498584818554,1.0059434109594438,-78.54670063684314,-313.3075256143021,-3.089244851258577,0.0
5271,1787846544,2026-08-27T16:02:24+00:00,2ZUSDT,LONG,ema_cross,open,,0.05795,0.05641655172413793,0.06101689655172414,,,2.646157507958704,5.292315015917408,2.0,0.05795,0.0,1787846545.305,1.3050000667572021,0.32,,,,,,,ok,1787842800,2026-08-27T15:00:00+00:00,0.0,2.2378854625550666,2.291960507757409,2.5555163905534015,2.8455284552845534,3.0823737821080575,0.0,1.2918334066022108,2.1425263699511192,300.38461538461536,229.331983805668,-1.1189427312775333,0.0
5272,1787846545,2026-08-27T16:02:25+00:00,RATSUSDT,SHORT,ema_cross,sl,sl,4.085e-05,4.276e-05,3.7029999999999996e-05,4.276e-05,-1.0,4.675642594859243,9.351285189718485,2.0,4.085e-05,0.0,1787846545.737,0.7369999885559082,0.594,,,,,,,ok,1787842800,2026-08-27T15:00:00+00:00,-0.0,3.4482758620689564,3.242603550295847,4.05206286836935,5.058939096267183,5.058939096267183,0.0,2.115477340735603,5.7654049573373465,107.09056662394656,-171.37639890849997,-1.7241379310344782,0.0
5273,1787846545,2026-08-27T16:02:25+00:00,TXNUSDT,LONG,ema_cross,sl,sl,267.7,264.70344827586206,273.69310344827585,264.7,-1.0011507479861912,1.1193693403578373,2.2387386807156746,2.0,267.7,0.0,1787846546.183,1.183000087738037,0.213,,,,,,,ok,1787842800,2026-08-27T15:00:00+00:00,0.0,0.7906626506023967,0.90463626083678,1.018099547511308,2.525832376578632,2.5650842266462437,0.0,1.6312650192631664,0.8968968968968969,-40.150595093514696,16.370684872690823,-0.39533132530119836,0.0
5359,1787846545,2026-08-27T16:02:25+00:00,2ZUSDT,LONG,ema_cross_confirmed,ttl_expired,,0.05795,0.05795,0.05795,,,0.0,0.0,,0.05795,0.0,1787846574.014,29.013999938964844,,,,2.5,1,0,2.0,ok,1787842800,2026-08-27T15:00:00+00:00,0.0,2.2378854625550666,2.291960507757409,2.5555163905534015,2.8455284552845534,3.0823737821080575,0.0,1.2918334066022108,2.1425263699511192,300.38461538461536,229.331983805668,-1.1189427312775333,0.0
5360,1787846545,2026-08-27T16:02:25+00:00,RATSUSDT,SHORT,ema_cross_confirmed,ttl_expired,,4.085e-05,4.085e-05,4.085e-05,,,0.0,0.0,,4.085e-05,0.0,,,,,,,,,,ok,1787842800,2026-08-27T15:00:00+00:00,-0.0,3.4482758620689564,3.242603550295847,4.05206286836935,5.058939096267183,5.058939096267183,0.0,2.115477340735603,5.7654049573373465,107.09056662394656,-171.37639890849997,-1.7241379310344782,0.0
5274,1787846546,2026-08-27T16:02:26+00:00,CLOUSDT,LONG,ema_cross,sl,sl,0.10723,0.10125068965517242,0.11918862068965518,0.10048,-1.128892733564015,5.5761543829409534,11.152308765881907,2.0,0.10723,0.0,1787846546.597,0.5969998836517334,1.156,,,,,,,ok,1787842800,2026-08-27T15:00:00+00:00,0.0,-0.8590430445224463,6.183221210922034,3.452504480709377,5.26972547513919,10.777777777777777,0.0,2.484969953274671,0.9738039661988686,-24.258252218653283,-71.49540830064736,0.42952152226122314,0.0
5275,1787846546,2026-08-27T16:02:26+00:00,COINXUSDT,LONG,ema_cross,sl,sl,192.71,188.49827586206897,201.13344827586207,188.44,-1.0138365809726548,2.1855244346069442,4.371048869213874,1.9999999999999933,192.71,0.0,1787846547.047,1.0469999313354492,0.47,,,,,,,ok,1787842800,2026-08-27T15:00:00+00:00,0.0,0.7475951484734457,4.654067557293376,1.3705079248836138,3.442937973737583,7.362880886426589,0.0,0.8616809595893425,1.6682683723926999,-39.59865092748735,-14.753904190974318,-0.37379757423672283,0.0
5361,1787846546,2026-08-27T16:02:26+00:00,TXNUSDT,LONG,ema_cross_confirmed,ttl_expired,,267.7,267.7,267.7,,,0.0,0.0,,267.7,0.0,,,,,,,,,,ok,1787842800,2026-08-27T15:00:00+00:00,0.0,0.7906626506023967,0.90463626083678,1.018099547511308,2.525832376578632,2.5650842266462437,0.0,1.6312650192631664,0.8968968968968969,-40.150595093514696,16.370684872690823,-0.39533132530119836,0.0
5362,1787846546,2026-08-27T16:02:26+00:00,CLOUSDT,LONG,ema_cross_confirmed,ttl_expired,,0.10723,0.10723,0.10723,,,0.0,0.0,,0.10723,0.0,,,,,,,,,,ok,1787842800,2026-08-27T15:00:00+00:00,0.0,-0.8590430445224463,6.183221210922034,3.452504480709377,5.26972547513919,10.777777777777777,0.0,2.484969953274671,0.9738039661988686,-24.258252218653283,-71.49540830064736,0.42952152226122314,0.0
5276,1787846547,2026-08-27T16:02:27+00:00,USELESSUSDT,LONG,ema_cross,sl,sl,0.07133,0.06769344827586207,0.07860310344827587,0.06769344827586207,-1.0,5.098207940751341,10.196415881502682,2.0,0.07133,0.0,1787846547.455,0.4549999237060547,0.85,,,,,,,ok,1787842800,2026-08-27T15:00:00+00:00,0.0,0.07009673349221153,6.236047030808154,2.1646859083191705,4.4476327116212415,8.430145963658026,0.0,2.543130730235593,1.3062767218769087,-61.587808712409355,-122.04185484935553,-0.035048366746105765,0.0
5363,1787846547,2026-08-27T16:02:27+00:00,COINXUSDT,LONG,ema_cross_confirmed,ttl_expired,,192.71,192.71,192.71,,,0.0,0.0,,192.71,0.0,,,,,,,,,,ok,1787842800,2026-08-27T15:00:00+00:00,0.0,0.7475951484734457,4.654067557293376,1.3705079248836138,3.442937973737583,7.362880886426589,0.0,0.8616809595893425,1.6682683723926999,-39.59865092748735,-14.753904190974318,-0.37379757423672283,0.0
5364,1787846547,2026-08-27T16:02:27+00:00,USELESSUSDT,LONG,ema_cross_confirmed,ttl_expired,,0.07133,0.07133,0.07133,,,0.0,0.0,,0.07133,0.0,,,,,,,,,,ok,1787842800,2026-08-27T15:00:00+00:00,0.0,0.07009673349221153,6.236047030808154,2.1646859083191705,4.4476327116212415,8.430145963658026,0.0,2.543130730235593,1.3062767218769087,-61.587808712409355,-122.04185484935553,-0.035048366746105765,0.0
5280,1787846573,2026-08-27T16:02:53+00:00,2ZUSDT,LONG,ema_cross_confirmed,open,,0.05802,0.0557198275862069,0.0626203448275862,,,3.964447455693037,7.928894911386074,2.0,0.05795,0.12079378774805974,1787846574.014,1.0139999389648438,,,,2.5,1,0,2.0,ok,1787842800,2026-08-27T15:00:00+00:00,0.0,2.2378854625550666,2.291960507757409,2.5555163905534015,2.8455284552845534,3.0823737821080575,0.0,1.2918334066022108,2.1425263699511192,300.38461538461536,229.331983805668,-1.1189427312775333,0.0
5366,1787846776,2026-08-27T16:06:16+00:00,USELESSUSDT,LONG,overheated_confirmed,ttl_expired,,0.07233,0.07233,0.07233,,,0.0,0.0,,0.07233,0.0,,,,,,,,,,ok,1787842800,2026-08-27T15:00:00+00:00,0.0,0.07009673349221153,6.236047030808154,2.1646859083191705,4.4476327116212415,8.430145963658026,0.0,2.543130730235593,1.3062767218769087,-61.587808712409355,-122.04185484935553,-0.035048366746105765,0.0
5283,1787846783,2026-08-27T16:06:23+00:00,NVDLUSDT,LONG,overheated_early,open,,36.75,35.503392857142856,39.24321428571429,,,3.392128279883385,6.78425655976677,2.0,36.75,0.0,1787846782.03,0.9700000286102295,,15.1,67.7,,,,,ok,1787842800,2026-08-27T15:00:00+00:00,0.0,-0.13635124079630287,2.8074115665356545,1.9613259668508114,3.1005586592178758,4.768663071246096,0.0,1.2048800584451835,0.20068113658313425,-80.71512309495897,-18.18492322674021,0.06817562039815143,0.0
5286,1787846848,2026-08-27T16:07:28+00:00,MRNAUSDT,SHORT,ema_cross,open,,139.86,144.77275862068967,130.0344827586207,,,3.5126259264190316,7.025251852838063,2.0,139.86,0.0,1787846849.894,1.8940000534057617,0.277,,,,,,,ok,1787842800,2026-08-27T15:00:00+00:00,-0.0,1.9491942861163958,3.061082510087662,2.7463418150364034,4.930440423844881,6.948749369278466,0.0,0.8752716250484442,1.1182460486456145,-19.219839142091153,50.463337865890374,-0.9745971430581979,0.0
5287,1787846849,2026-08-27T16:07:29+00:00,BROCCOLIUSDT,LONG,ema_cross,sl,sl,0.01824,0.017542758620689654,0.01963448275862069,0.017542758620689654,-1.0,3.822595281306715,7.64519056261343,2.0,0.01824,0.0,1787846851.096,2.0959999561309814,0.196,,,,,,,ok,1787842800,2026-08-27T15:00:00+00:00,0.0,-0.055187637969092665,0.3880266075388061,1.5126050420168033,2.2408963585434036,2.2408963585434036,0.0,0.3194200107315859,0.8630766803236319,9.341568324693945,-29.66954704517957,0.027593818984546332,0.0
5370,1787846849,2026-08-27T16:07:29+00:00,MRNAUSDT,SHORT,ema_cross_confirmed,ttl_expired,,139.86,139.86,139.86,,,0.0,0.0,,139.86,0.0,,,,,,,,,,ok,1787842800,2026-08-27T15:00:00+00:00,-0.0,1.9491942861163958,3.061082510087662,2.7463418150364034,4.930440423844881,6.948749369278466,0.0,0.8752716250484442,1.1182460486456145,-19.219839142091153,50.463337865890374,-0.9745971430581979,0.0
5371,1787846850,2026-08-27T16:07:30+00:00,BROCCOLIUSDT,LONG,ema_cross_confirmed,ttl_expired,,0.01824,0.01824,0.01824,,,0.0,0.0,,0.01824,0.0,,,,,,,,,,ok,1787842800,2026-08-27T15:00:00+00:00,0.0,-0.055187637969092665,0.3880266075388061,1.5126050420168033,2.2408963585434036,2.2408963585434036,0.0,0.3194200107315859,0.8630766803236319,9.341568324693945,-29.66954704517957,0.027593818984546332,0.0
5288,1787846851,2026-08-27T16:07:31+00:00,SEIUSDT,LONG,ema_cross,open,,0.04818,0.04694172413793103,0.05065655172413793,,,2.570103491218283,5.140206982436552,1.9999999999999944,0.04818,0.0,1787846851.741,0.7409999370574951,0.285,,,,,,,ok,1787842800,2026-08-27T15:00:00+00:00,0.0,0.29136316337147616,1.1544920235096452,0.6448928645724937,0.7285595337219049,2.1101498206372673,0.0,0.7031533657123705,1.4085587264504378,187.37535277516463,253.3637062659178,-0.14568158168573808,0.0
5289,1787846851,2026-08-27T16:07:31+00:00,AMATUSDT,SHORT,ema_cross,sl,sl,477.2,484.7689655172414,462.0620689655172,484.7689655172414,-1.0,1.586120183830971,3.172240367661942,2.0,477.2,0.0,1787846852.359,1.3589999675750732,0.184,,,,,,,ok,1787842800,2026-08-27T15:00:00+00:00,-0.0,-0.4432249894470168,2.279260780287479,0.8035525481074248,1.1438254607074725,3.9448568398727515,0.0,1.8830414288578685,0.6993093287834239,-76.65102668886534,-30.575449247833703,0.2216124947235084,0.0
5372,1787846851,2026-08-27T16:07:31+00:00,SEIUSDT,LONG,ema_cross_confirmed,ttl_expired,,0.04818,0.04818,0.04818,,,0.0,0.0,,0.04818,0.0,,,,,,,,,,ok,1787842800,2026-08-27T15:00:00+00:00,0.0,0.29136316337147616,1.1544920235096452,0.6448928645724937,0.7285595337219049,2.1101498206372673,0.0,0.7031533657123705,1.4085587264504378,187.37535277516463,253.3637062659178,-0.14568158168573808,0.0
5373,1787846852,2026-08-27T16:07:32+00:00,AMATUSDT,SHORT,ema_cross_confirmed,ttl_expired,,477.2,477.2,477.2,,,0.0,0.0,,477.2,0.0,,,,,,,,,,ok,1787842800,2026-08-27T15:00:00+00:00,-0.0,-0.4432249894470168,2.279260780287479,0.8035525481074248,1.1438254607074725,3.9448568398727515,0.0,1.8830414288578685,0.6993093287834239,-76.65102668886534,-30.575449247833703,0.2216124947235084,0.0
5295,1787847361,2026-08-27T16:16:01+00:00,SKRUSDT,LONG,overheated_confirmed,tp,tp,0.008962,0.008545910714285714,0.00979417857142857,0.010039,2.588386764516547,4.642817292058528,9.285634584117055,2.0,0.0089,0.6966292134831411,1787847361.689,0.6889998912811279,,,,6.8,1,14,2.0,ok,1787842800,2026-08-27T15:00:00+00:00,0.0,1.7620137299771323,2.4300357019463448,1.8281535648994565,2.814951545916006,2.814951545916006,0.0,1.037143206997378,0.7283265829700807,-22.716273442226257,-65.15487749220472,-0.8810068649885662,0.0
5379,1787847365,2026-08-27T16:16:05+00:00,MELANIAUSDT,LONG,overheated_confirmed,ttl_expired,,0.1213,0.1213,0.1213,,,0.0,0.0,,0.1213,0.0,,,,,,,,,,ok,1787842800,2026-08-27T15:00:00+00:00,0.0,4.447946764731624,8.44545454545454,5.894736842105254,9.765411893071468,10.83363936834373,0.0,2.8537560832392947,4.059090465141665,-40.08704905449724,-3584.0763130748387,-2.223973382365812,0.0
5299,1787847444,2026-08-27T16:17:24+00:00,PLTRXUSDT,LONG,ema_cross,open,,185.44,183.01103448275862,190.29793103448276,,,1.309839040790218,2.619678081580436,2.0,185.44,0.0,1787847445.039,1.0390000343322754,0.262,,,,,,,ok,1787842800,2026-08-27T15:00:00+00:00,0.0,0.5030289917784546,5.018934041711408,1.4389273450700468,2.1347821314894166,5.420867792001825,0.0,1.9748854779795597,1.5296197488586398,-39.30669234472797,-0.7357989559234284,-0.2515144958892273,0.0
5380,1787847445,2026-08-27T16:17:25+00:00,PLTRXUSDT,LONG,ema_cross_confirmed,ttl_expired,,185.44,185.44,185.44,,,0.0,0.0,,185.44,0.0,,,,,,,,,,ok,1787842800,2026-08-27T15:00:00+00:00,0.0,0.5030289917784546,5.018934041711408,1.4389273450700468,2.1347821314894166,5.420867792001825,0.0,1.9748854779795597,1.5296197488586398,-39.30669234472797,-0.7357989559234284,-0.2515144958892273,0.0
5384,1787847974,2026-08-27T16:26:14+00:00,WIFUSDT,LONG,overheated_confirmed,ttl_expired,,0.2276,0.2276,0.2276,,,0.0,0.0,,0.2276,0.0,,,,,,,,,,ok,1787842800,2026-08-27T15:00:00+00:00,0.0,4.351895180159103,6.190476190476196,5.342080599812555,7.098618389709384,7.817745803357319,0.0,1.962522952269379,3.242896068012861,107.44257240147743,45.562520478829086,-2.1759475900795513,0.0
5305,1787848348,2026-08-27T16:32:28+00:00,HFTUSDT,LONG,overheated_confirmed,tp,tp,0.00687,0.006421607142857143,0.007766785714285715,0.008,2.5201115093588204,6.5268247036806,13.0536494073612,2.0,0.00687,0.0,1787848349.323,1.3229999542236328,,,,3.4,1,0,2.0,ok,1787842800,2026-08-27T15:00:00+00:00,0.0,5.124223602484465,5.9467918622848215,7.142857142857134,8.661417322834648,9.52380952380952,0.0,2.670379470420476,3.6783130114353106,1623.9156171843786,1698.6757237123945,-2.5621118012422324,0.0
5306,1787848869,2026-08-27T16:41:09+00:00,BLESSUSDT,LONG,overheated_early,tp,tp,0.010998,0.010145892857142859,0.012702214285714285,0.012715,2.015004819984074,7.74783726911386,15.49567453822772,2.0,0.010998,0.0,1787848867.966,1.0339999198913574,,15.8,65.8,,,,,ok,1787842800,2026-08-27T15:00:00+00:00,0.0,-1.3960190939385808,-0.9589288945178234,4.081250585041661,7.984648506973693,7.984648506973693,0.0,1.9935809585823652,1.1714910894259545,-16.674630326892327,-116.59693519748535,0.6980095469692904,0.0
5308,1787849142,2026-08-27T16:45:42+00:00,SEIUSDT,LONG,ema_cross_confirmed,open,,0.04845,0.04659258620689655,0.052164827586206906,,,3.833671399594331,7.667342799188662,2.0,0.04818,0.5603985056039839,1787849142.974,0.9739999771118164,,,,3.3,1,37,2.0,ok,1787842800,2026-08-27T15:00:00+00:00,0.0,0.29136316337147616,1.1544920235096452,0.6448928645724937,0.7285595337219049,2.1101498206372673,0.0,0.7031533657123705,1.4085587264504378,187.37535277516463,253.3637062659178,-0.14568158168573808,0.0
5310,1787850069,2026-08-27T17:01:09+00:00,4USDT,LONG,overheated_early,tp,tp,0.012625,0.01184269642857143,0.014189607142857143,0.014306,2.1487822137003807,6.196463932107492,12.392927864214984,2.0,0.012625,0.0,1787850068.628,0.37199997901916504,,17.3,67.6,,,,,ok,1787846400,2026-08-27T16:00:00+00:00,0.0,-1.4980104548646287,0.4855141674625938,2.2660411862924428,3.27764518695307,4.7317347020611145,0.0,1.4499698192410821,0.3168804160656616,-82.20464706337486,-98.8881923609098,0.7490052274323143,0.0
5311,1787850073,2026-08-27T17:01:13+00:00,MOVRUSDT,LONG,overheated_early,sl,sl,1.033,0.9491071428571428,1.2007857142857141,0.9491071428571428,-1.0,8.121283363296913,16.242566726593825,2.0,1.033,0.0,1787850072.617,0.38299989700317383,,48.9,67.4,,,,,ok,1787846400,2026-08-27T16:00:00+00:00,0.0,3.819095477386927,4.660587639311037,8.70010235414535,11.907270811380412,20.95671981776766,0.0,2.1323751554071713,0.8645555548545489,-25.675046132173136,18.380863044420543,-1.9095477386934634,0.0
5392,1787850082,2026-08-27T17:01:22+00:00,MUBARAKUSDT,LONG,overheated_confirmed,ttl_expired,,0.022,0.022,0.022,,,0.0,0.0,,0.022,0.0,,,,,,,,,,ok,1787846400,2026-08-27T16:00:00+00:00,0.0,2.037037037037034,1.3799448022079193,3.009259259259249,4.68164794007491,6.4272211720226675,0.0,2.8476673988683423,1.0692128224443973,-27.31085918854415,-3.684653316511266,-1.018518518518517,0.0
5322,1787851280,2026-08-27T17:21:20+00:00,CHIPUSDT,LONG,overheated_early,sl,sl,0.04117,0.03820535714285714,0.04709928571428571,0.03820535714285714,-1.0,7.20097852111455,14.401957042229082,1.9999999999999976,0.04117,0.0,1787851279.068,0.931999921798706,,24.4,62.1,,,,,ok,1787846400,2026-08-27T16:00:00+00:00,0.0,-5.087476979742165,6.454944487477414,6.70103092783506,9.12035883379019,19.84126984126984,0.0,6.655376103445714,3.907093311334522,-16.45924040458169,-152.58792571395787,2.5437384898710826,0.0
5324,1787851888,2026-08-27T17:31:28+00:00,OKTAUSDT,LONG,overheated_early,open,,169.47,163.81178571428572,180.78642857142856,,,3.338770452418882,6.677540904837764,2.0,169.47,0.0,1787851886.885,1.1150000095367432,,31.1,64.3,,,,,ok,1787846400,2026-08-27T16:00:00+00:00,0.0,-0.8849557522123894,3.3909779063326915,1.9924609585352793,7.185479860765789,10.19938650306749,0.0,2.9014609742006683,2.2865232026446067,-54.084253166519694,-113.63677813791469,0.4424778761061947,0.0
5402,1787852474,2026-08-27T17:41:14+00:00,NVDLUSDT,LONG,overheated_confirmed,ttl_expired,,37.6,37.6,37.6,,,0.0,0.0,,37.6,0.0,,,,,,,,,,ok,1787846400,2026-08-27T16:00:00+00:00,0.0,2.5395958492626973,4.712771890685994,2.5578231292516946,4.116022099447499,6.982685211467503,0.0,1.4540190562992736,0.46930257266449116,134.95440729483283,215.66953038979182,-1.2697979246313487,0.0
5328,1787852772,2026-08-27T17:46:12+00:00,CRMUSDT,LONG,overheated_early,open,,251.49,244.4742857142857,265.5214285714286,,,2.7896593445919504,5.579318689183901,2.0,251.49,0.0,1787852771.506,0.4939999580383301,,23.1,68.2,,,,,ok,1787846400,2026-08-27T16:00:00+00:00,0.0,2.084698558322413,2.466598150051387,2.2082018927444738,2.73381294964029,10.761457317613687,0.0,2.6682221727261286,1.4311564568489397,7.542579075425791,62.71640320630514,-1.0423492791612066,0.0
5332,1787853754,2026-08-27T18:02:34+00:00,OKTAUSDT,LONG,overheated_confirmed,open,,172.0,166.34178571428572,183.31642857142856,,,3.289659468438535,6.57931893687707,2.0,172.0,0.0,1787853754.787,0.7869999408721924,,,,2.0,1,0,2.0,ok,1787850000,2026-08-27T17:00:00+00:00,0.0,2.380952380952381,6.081164425804869,4.345741173649823,4.345741173649823,8.800000000000008,0.0,2.684894729560484,2.455834858780609,17.6276910088645,71.71194417538419,-1.1904761904761905,0.0
5337,1787854543,2026-08-27T18:15:43+00:00,PROMUSDT,LONG,overheated_confirmed,sl,sl,5.147,4.498035714285715,6.444928571428571,4.46,-1.0586098728743611,12.608593077798433,25.217186155596867,2.0,4.986,3.229041315683925,1787854544.595,1.5950000286102295,,,,2.4,1,13,2.0,ok,1787850000,2026-08-27T17:00:00+00:00,0.0,1.0948905109488924,3.379639228695819,3.560403375180079,4.420004150238641,7.320675105485222,0.0,0.5594075721584912,0.7278815238670016,-22.28531064307052,0.03781650299738715,-0.5474452554744462,0.0
5339,1787855413,2026-08-27T18:30:13+00:00,CLOUSDT,LONG,ema_cross_confirmed,sl,sl,0.10706,0.09809103448275862,0.12499793103448277,0.09809103448275862,-1.0,8.377513092883788,16.755026185767576,2.0,0.10723,-0.15853772265224608,1787855413.501,0.500999927520752,,,,1.9,1,147,2.0,ok,1787850000,2026-08-27T17:00:00+00:00,0.0,1.2345679012345636,-1.5333456493626407,2.189988623435715,4.318904849127541,5.726405090137859,0.0,1.5968873501085943,0.545008366644744,-33.17216825634038,-21.149739795396833,-0.6172839506172818,0.0
5416,1787855494,2026-08-27T18:31:34+00:00,VETUSDT,LONG,overheated_confirmed,ttl_expired,,0.00747,0.00747,0.00747,,,0.0,0.0,,0.00747,0.0,,,,,,,,,,ok,1787850000,2026-08-27T17:00:00+00:00,0.0,-1.3834788448623325,1.8590455049944448,4.030261348005499,4.736186123805571,9.831542259657283,0.0,1.9568183709539144,1.628844134847608,-29.634626845904243,-67.90792744451474,0.6917394224311663,0.0
5418,1787855576,2026-08-27T18:32:56+00:00,STARUSDT,SHORT,ema_cross_confirmed,ttl_expired,,0.12046,0.12046,0.12046,,,0.0,0.0,,0.12046,0.0,,,,,,,,,,ok,1787850000,2026-08-27T17:00:00+00:00,-0.0,1.3222733245729192,0.1744765702891226,0.9408825978351423,2.274062263992619,2.618506356824115,0.0,1.28126113125284,0.5309486613155201,185.51564310544612,208.25512385746043,-0.6611366622864596,0.0
5420,1787856105,2026-08-27T18:41:45+00:00,DFDVXUSDT,LONG,overheated_confirmed,ttl_expired,,5.097,5.097,5.097,,,0.0,0.0,,5.097,0.0,,,,,,,,,,ok,1787850000,2026-08-27T17:00:00+00:00,0.0,-0.40176009183087635,3.8499900259325854,2.268321054672353,3.914240755310794,10.255876846265851,0.0,1.695776496491112,1.313275625402695,-48.23778818125607,-32.39627762520493,0.20088004591543818,0.0
5422,1787856394,2026-08-27T18:46:34+00:00,PROMUSDT,LONG,overheated_confirmed,ttl_expired,,5.091,5.091,5.091,,,0.0,0.0,,5.091,0.0,,,,,,,,,,ok,1787850000,2026-08-27T17:00:00+00:00,0.0,1.0948905109488924,3.379639228695819,3.560403375180079,4.420004150238641,7.320675105485222,0.0,0.5594075721584912,0.7278815238670016,-22.28531064307052,0.03781650299738715,-0.5474452554744462,0.0
5345,1787857257,2026-08-27T19:00:57+00:00,HEMIUSDT,LONG,overheated_confirmed,tp,tp,0.009371,0.008448875000000002,0.01121525,0.011316,2.1092585061678193,9.840198484686793,19.680396969373586,2.0,0.008978,4.377366896859,1787857257.605,0.6050000190734863,,,,5.3,1,28,2.0,ok,1787853600,2026-08-27T18:00:00+00:00,0.0,6.731207289293864,8.21016166281757,9.274563820018383,10.659072416598875,15.059221658206438,0.0,3.4902166631771667,0.9731360440144855,337.52358895179276,376.6097242288521,-3.365603644646932,0.0
5427,1787857590,2026-08-27T19:06:30+00:00,SKRUSDT,LONG,overheated_confirmed,ttl_expired,,0.009085,0.009085,0.009085,,,0.0,0.0,,0.009085,0.0,,,,,,,,,,ok,1787853600,2026-08-27T18:00:00+00:00,0.0,-0.15438906043229073,1.798965594782985,0.7548845470692757,1.8775145283862482,4.159049360146269,0.0,1.296811410782636,0.13972573913653422,-87.17156105100463,-9.610543146639088,0.07719453021614536,0.0
5349,1787859019,2026-08-27T19:30:19+00:00,MRNAUSDT,SHORT,ema_cross_confirmed,open,,139.64,149.4655172413793,119.98896551724135,,,7.03631999525875,14.0726399905175,2.0,139.86,0.1573001573001768,1787859019.995,0.994999885559082,,,,2.5,1,202,2.0,ok,1787853600,2026-08-27T18:00:00+00:00,-0.0,0.4130495659479161,-2.0884168221616166,1.4215341308937441,1.8156128576474695,3.885244719959645,0.0,1.0425540377838063,0.3743142058590111,-35.12848551120831,-61.83440861477603,-0.20652478297395804,0.0
5350,1787859089,2026-08-27T19:31:29+00:00,VETUSDT,LONG,overheated_early,open,,0.007075,0.006721749999999999,0.007781499999999999,,,4.992932862190816,9.98586572438162,1.9999999999999976,0.007075,0.0,1787859087.948,1.0520000457763672,,22.0,60.8,,,,,ok,1787853600,2026-08-27T18:00:00+00:00,0.0,2.329065649686736,3.4848484848484818,2.754670666848492,4.030261348005499,7.033682422870083,0.0,2.1979546038070126,1.0342250054296678,-32.77847706659451,-3.1438502206902683,-1.164532824843368,0.0
5352,1787860889,2026-08-27T20:01:29+00:00,BLESSUSDT,LONG,overheated_confirmed,sl,sl,0.011619,0.010766892857142859,0.013323214285714285,0.010766892857142859,-1.0,7.333739072701112,14.667478145402224,2.0,0.011593,0.2242732683516063,1787860890.726,1.7260000705718994,,,,1.7,1,8,2.0,ok,1787857200,2026-08-27T19:00:00+00:00,0.0,4.2343231362698495,6.713813372520212,5.409066281379798,7.595170061756845,8.879768678294933,0.0,2.0195258252927877,1.0071516510463299,86.82133075559851,68.79509002542167,-2.1171615681349247,0.0
5356,1787860965,2026-08-27T20:02:45+00:00,POLYXUSDT,LONG,ema_cross,sl,sl,0.03566,0.034689310344827584,0.037601379310344824,0.03463,-1.0611012433392508,2.722068578722415,5.44413715744483,2.0,0.03566,0.0,1787860966.183,1.183000087738037,0.274,,,,,,,ok,1787857200,2026-08-27T19:00:00+00:00,0.0,0.1122964626614216,-0.14001680201624597,0.3648610721302222,0.8737316798196301,2.170236753100338,0.0,0.32467436479434814,0.0687904665619824,16.122004357298476,108.66465261075095,-0.0561482313307108,0.0
5367,1787861267,2026-08-27T20:07:47+00:00,HEMIUSDT,LONG,ema_cross,sl,sl,0.010171,0.009511241379310344,0.011490517241379311,0.009511241379310344,-1.0,6.486664248251459,12.973328496502917,2.0,0.010171,0.0,1787861267.545,0.5450000762939453,0.733,,,,,,,ok,1787857200,2026-08-27T19:00:00+00:00,0.0,7.000320136591596,16.066674383609197,10.894152795561238,19.295224977043162,22.66021479995279,0.0,2.901779105087122,6.641554746294588,589.485653789223,251.9620648374302,-3.500160068295798,0.0
5369,1787861272,2026-08-27T20:07:52+00:00,ASTEROIDUSDT,LONG,overheated_confirmed,sl,sl,7.32e-05,6.659464285714286e-05,8.641071428571428e-05,6.659464285714286e-05,-1.0,9.023711943793906,18.04742388758781,2.0,7.02e-05,4.273504273504281,1787861273.461,1.4609999656677246,,,,6.2,1,0,2.0,ok,1787857200,2026-08-27T19:00:00+00:00,0.0,38.89943074003796,33.33333333333334,61.22840690978886,90.04524886877829,90.04524886877829,0.0,20.165582465741494,30.030302169553536,100.09175353728055,-12629.453701008173,-19.44971537001898,0.0
5374,1787861707,2026-08-27T20:15:07+00:00,PROMUSDT,LONG,overheated_confirmed,open,,4.964,4.315035714285715,6.261928571428571,,,13.073414297225733,26.146828594451467,2.0,5.091,-2.4945983107444465,1787861707.777,0.7769999504089355,,,,1.5,1,88,2.0,ok,1787857200,2026-08-27T19:00:00+00:00,0.0,-5.011068625477974,-4.298459042984603,14.027459954233398,21.281464530892443,21.281464530892443,0.0,3.26325112710469,2.327254935837925,9.496068030299904,-213.21713231662116,2.505534312738987,0.0
5375,1787861732,2026-08-27T20:15:32+00:00,ASTEROIDUSDT,LONG,overheated_early,sl,sl,6.5e-05,5.839464285714285e-05,7.821071428571429e-05,5.83e-05,-1.0143281968099471,10.16208791208792,20.32417582417584,2.0,6.5e-05,0.0,1787861730.755,1.244999885559082,,15.0,63.8,,,,,ok,1787857200,2026-08-27T19:00:00+00:00,0.0,38.89943074003796,33.33333333333334,61.22840690978886,90.04524886877829,90.04524886877829,0.0,20.165582465741494,30.030302169553536,100.09175353728055,-12629.453701008173,-19.44971537001898,0.0
5376,1787861797,2026-08-27T20:16:37+00:00,CAPUSDT,SHORT,ema_cross,open,,0.0673,0.0696551724137931,0.06258965517241379,,,3.4995132448634467,6.999026489726915,2.0000000000000058,0.0673,0.0,1787861797.574,0.5739998817443848,0.246,,,,,,,ok,1787857200,2026-08-27T19:00:00+00:00,-0.0,0.6211180124223658,0.8118081180811938,1.4319809069212448,3.186646433990902,4.658573596358123,0.0,1.511847199926917,0.9326064735945485,-51.60708602948977,-111.27849524358192,-0.3105590062111829,0.0
5382,1787862079,2026-08-27T20:21:19+00:00,BOTUSDT,SHORT,ema_cross,open,,27.19,27.888275862068966,25.79344827586207,,,2.5681348365905277,5.136269673181068,2.000000000000005,27.19,0.0,1787862079.814,0.8139998912811279,0.307,,,,,,,ok,1787857200,2026-08-27T19:00:00+00:00,-0.0,0.8902077151335385,1.8729342636797708,2.0973782771535667,2.327327327327331,2.890390390390389,0.0,1.0806398044053542,0.6015285190927676,94.46415897799858,161.71195070277776,-0.44510385756676923,0.0
5385,1787862613,2026-08-27T20:30:13+00:00,POLYXUSDT,LONG,ema_cross_confirmed,open,,0.03576,0.03430396551724138,0.03867206896551724,,,4.071684795186297,8.143369590372593,2.0,0.03566,0.2804262478968112,1787862613.831,0.8310000896453857,,,,1.6,1,27,2.0,ok,1787857200,2026-08-27T19:00:00+00:00,0.0,0.1122964626614216,-0.14001680201624597,0.3648610721302222,0.8737316798196301,2.170236753100338,0.0,0.32467436479434814,0.0687904665619824,16.122004357298476,108.66465261075095,-0.0561482313307108,0.0
5389,1787863739,2026-08-27T20:48:59+00:00,UAIUSDT,LONG,ema_cross,sl,sl,0.31791,0.29316655172413797,0.3673968965517242,0.27962,-1.5474803500752576,7.783161358831762,15.566322717663542,2.000000000000002,0.31791,0.0,1787863739.901,0.9010000228881836,0.529,,,,,,,ok,1787857200,2026-08-27T19:00:00+00:00,0.0,-1.7061524892795241,6.452356641744342,3.6803135888501766,8.018669173176022,10.930998901574423,0.0,4.18144044361413,1.2919870903481596,-34.846083093602616,-398.9605245104963,0.8530762446397621,0.0
5460,1787863739,2026-08-27T20:48:59+00:00,UAIUSDT,LONG,ema_cross_confirmed,ttl_expired,,0.31791,0.31791,0.31791,,,0.0,0.0,,0.31791,0.0,,,,,,,,,,ok,1787857200,2026-08-27T19:00:00+00:00,0.0,-1.7061524892795241,6.452356641744342,3.6803135888501766,8.018669173176022,10.930998901574423,0.0,4.18144044361413,1.2919870903481596,-34.846083093602616,-398.9605245104963,0.8530762446397621,0.0
5391,1787864418,2026-08-27T21:00:18+00:00,CAPUSDT,SHORT,ema_cross_confirmed,open,,0.06705,0.07176034482758621,0.05762931034482757,,,7.025122785363481,14.050245570726961,2.0,0.0673,0.37147102526003006,1787864419.601,1.6010000705718994,,,,1.5,1,43,2.0,ok,1787860800,2026-08-27T20:00:00+00:00,-0.0,0.2232142857142818,-0.5398110661268545,1.0906917675182946,1.5986851934857333,3.641881638846736,0.0,1.0628759489237019,1.1681613590984468,26.10697062691802,77.71405665640779,-0.1116071428571409,0.0
5470,1787864626,2026-08-27T21:03:46+00:00,KMNOUSDT,LONG,overheated_confirmed,ttl_expired,,0.03018,0.03018,0.03018,,,0.0,0.0,,0.03018,0.0,,,,,,,,,,ok,1787860800,2026-08-27T20:00:00+00:00,0.0,-0.7236842105263206,-2.20349967595593,0.9615384615384683,2.8390113560454244,5.0556117290192155,0.0,2.3425005011467963,0.2024155419628614,-69.90451103062233,-0.25705831593327844,0.3618421052631603,0.0
5397,1787864696,2026-08-27T21:04:56+00:00,JELLYJELLYUSDT,LONG,ema_cross,open,,0.05623,0.05500793103448276,0.05867413793103449,,,2.173339792845887,4.346679585691774,2.0,0.05623,0.0,1787864696.575,0.5750000476837158,0.255,,,,,,,ok,1787860800,2026-08-27T20:00:00+00:00,0.0,0.07114905727498821,0.5900232433398837,0.4449190247374982,1.0021474588403685,1.9140483929216296,0.0,0.4160451038788979,1.2265814873967085,27.11571675302245,36.66110028684529,-0.03557452863749411,0.0
5471,1787864696,2026-08-27T21:04:56+00:00,JELLYJELLYUSDT,LONG,ema_cross_confirmed,ttl_expired,,0.05623,0.05623,0.05623,,,0.0,0.0,,0.05623,0.0,,,,,,,,,,ok,1787860800,2026-08-27T20:00:00+00:00,0.0,0.07114905727498821,0.5900232433398837,0.4449190247374982,1.0021474588403685,1.9140483929216296,0.0,0.4160451038788979,1.2265814873967085,27.11571675302245,36.66110028684529,-0.03557452863749411,0.0
5399,1787865312,2026-08-27T21:15:12+00:00,ENAUSDT,LONG,overheated_confirmed,open,,0.17019,0.15624589285714285,0.19807821428571432,,,8.193258794792381,16.386517589584763,2.0,0.16796,1.3276970707311324,1787865313.383,1.3829998970031738,,,,1.6,1,83,2.0,ok,1787860800,2026-08-27T20:00:00+00:00,0.0,0.7254631572636349,-0.5681818181818115,3.0439273345889877,3.9249043076736267,5.10360002444838,0.0,0.8422045956361497,0.5395223035014831,-17.958669700101,-29.776321130311423,-0.36273157863181743,0.0
5401,1787866222,2026-08-27T21:30:22+00:00,JELLYJELLYUSDT,LONG,ema_cross_confirmed,open,,0.0568,0.05496689655172414,0.06046620689655173,,,3.2272948033025766,6.454589606605153,2.0,0.05623,1.013693757780546,1787866222.987,0.9869999885559082,,,,1.9,1,25,2.0,ok,1787860800,2026-08-27T20:00:00+00:00,0.0,0.07114905727498821,0.5900232433398837,0.4449190247374982,1.0021474588403685,1.9140483929216296,0.0,0.4160451038788979,1.2265814873967085,27.11571675302245,36.66110028684529,-0.03557452863749411,0.0
5404,1787867373,2026-08-27T21:49:33+00:00,MEMEUSDT,LONG,ema_cross,open,,0.0005576,0.0005412620689655173,0.0005902758620689655,,,2.9300450205313395,5.860090041062679,2.0,0.0005576,0.0,1787867375.242,2.242000102996826,0.369,,,,,,,ok,1787860800,2026-08-27T20:00:00+00:00,0.0,-0.5633802816901545,1.949458483754501,3.9327851269217,5.7283142389525485,6.19178082191781,0.0,2.0429913445581933,3.680239327941512,-73.33173869486224,-34749.68603907997,0.28169014084507726,0.0
5488,1787867375,2026-08-27T21:49:35+00:00,MEMEUSDT,LONG,ema_cross_confirmed,ttl_expired,,0.0005576,0.0005576,0.0005576,,,0.0,0.0,,0.0005576,0.0,,,,,,,,,,ok,1787860800,2026-08-27T20:00:00+00:00,0.0,-0.5633802816901545,1.949458483754501,3.9327851269217,5.7283142389525485,6.19178082191781,0.0,2.0429913445581933,3.680239327941512,-73.33173869486224,-34749.68603907997,0.28169014084507726,0.0
5408,1787868205,2026-08-27T22:03:25+00:00,KMNOUSDT,LONG,overheated_early,sl,sl,0.02993,0.02837910714285714,0.033031785714285715,0.02798,-1.2573402417961974,5.181733568803402,10.363467137606804,2.0,0.02993,0.0,1787868204.362,0.6380000114440918,,15.3,69.0,,,,,ok,1787864400,2026-08-27T21:00:00+00:00,0.0,-1.2259774685221962,-0.367647058823526,2.0483546004029534,2.2498321020819354,4.308313699091214,0.0,1.5061519291642722,0.2961150313123152,44.52954048140044,114.43405151202276,0.6129887342610981,0.0
5412,1787868910,2026-08-27T22:15:10+00:00,DFDVXUSDT,LONG,overheated_confirmed,open,,5.134,4.8985,5.605,,,4.587066614725361,9.174133229450723,2.0,5.097,0.7259172061997238,1787868910.637,0.6370000839233398,,,,3.7,1,213,2.0,ok,1787864400,2026-08-27T21:00:00+00:00,0.0,0.0,-0.23524799059007187,0.6128904705417276,0.6128904705417276,3.973902728351137,0.0,0.1359804991748272,0.09481063445174376,,,0.0,0.0
5507,1787869707,2026-08-27T22:28:27+00:00,MERLUSDT,LONG,overheated_confirmed,ttl_expired,,0.02391,0.02391,0.02391,,,0.0,0.0,,0.02391,0.0,,,,,,,,,,ok,1787864400,2026-08-27T21:00:00+00:00,0.0,4.04721753794266,8.05604203152365,4.651162790697676,7.749238136700044,10.195903829029387,0.0,1.2829568906847746,14.443786188839164,642.8209113248121,628.2102093046482,-2.02360876897133,0.0
5423,1787871209,2026-08-27T22:53:29+00:00,MOVRUSDT,LONG,overheated_early,open,,0.98,0.8916607142857143,1.1566785714285714,,,9.01421282798834,18.02842565597668,2.0,0.98,0.0,1787871208.037,0.9630000591278076,,40.8,55.2,,,,,ok,1787864400,2026-08-27T21:00:00+00:00,0.0,-4.128902316213498,-5.179282868525901,9.277238403451978,9.277238403451978,10.89536138079827,0.0,2.7568560120313794,0.41950611681932914,56.386922438874365,102.69200045906305,2.064451158106749,0.0
5431,1787872521,2026-08-27T23:15:21+00:00,BTRUSDT,LONG,overheated_confirmed,sl,sl,0.17267,0.1512875,0.215435,0.14991,-1.064421840289957,12.383448195980773,24.766896391961545,2.0,0.17306,-0.2253553680804354,1787872523.122,2.121999979019165,,,,2.9,1,11,2.0,ok,1787868000,2026-08-27T22:00:00+00:00,0.0,2.7710697899058094,7.495579691841368,3.8935912938331327,8.163907597406672,10.18209797383945,0.0,1.8962964124505164,0.32659238868648477,62.044795565779076,-10.221852085672019,-1.3855348949529047,0.0
5434,1787873413,2026-08-27T23:30:13+00:00,HEMIUSDT,LONG,ema_cross_confirmed,open,,0.01071,0.009720362068965517,0.012689275862068968,,,9.240316816381732,18.480633632763464,2.0,0.010171,5.299380591878884,1787873413.983,0.9830000400543213,,,,2.0,1,202,2.0,ok,1787868000,2026-08-27T22:00:00+00:00,0.0,6.3896789922795545,4.4479904258502065,7.736156351791534,10.59561128526645,12.932138284250955,0.0,4.424810830656837,1.5285005634058206,43.98711590197837,106.83683816386127,-3.1948394961397772,0.0
5436,1787877358,2026-08-28T00:35:58+00:00,TRUMPUSDT,LONG,overheated_confirmed,open,,2.673,2.427107142857143,3.1647857142857143,,,9.199134199134198,18.398268398268396,2.0,2.575,3.8058252427184414,1787877359.607,1.6070001125335693,,,,5.3,1,228,2.0,ok,1787871600,2026-08-27T23:00:00+00:00,0.0,0.19669551534226346,-0.8949416342412331,1.3064133016627222,2.0585906571654813,2.8605482717520885,0.0,0.48904077551414377,0.36762771703113933,-4.058334115946299,33.22132611201909,-0.09834775767113173,0.0
5437,1787877364,2026-08-28T00:36:04+00:00,HFTUSDT,LONG,overheated_confirmed,sl,sl,0.00792,0.007448035714285714,0.00862794642857143,0.00743,-1.038214150586455,5.959145021645021,8.938717532467543,1.5000000000000018,0.00704,12.499999999999996,1787877365.418,1.4179999828338623,,,,4.9,2,142,1.5,ok,1787871600,2026-08-27T23:00:00+00:00,0.0,1.3986013986014023,4.768786127167636,4.539007092198581,9.34718100890207,9.836065573770492,0.0,1.7850978476755437,0.9394229146583212,29.92244670314348,-31.544830682152693,-0.6993006993007012,0.0
5438,1787877698,2026-08-28T00:41:38+00:00,BLESSUSDT,LONG,overheated_early,sl,sl,0.01149,0.010567982142857143,0.013334035714285715,0.010567982142857143,-1.0,8.024524431182396,16.049048862364792,2.0,0.01149,0.0,1787877697.086,0.9140000343322754,,20.8,61.3,,,,,ok,1787871600,2026-08-27T23:00:00+00:00,0.0,1.3416589317357135,4.24442322715042,8.488964346349738,9.708987895956735,12.72823498279968,0.0,1.0156926938815722,4.367737131944526,628.1574875817703,655.5829746491224,-0.6708294658678567,0.0
5444,1787877755,2026-08-28T00:42:35+00:00,TRUMPUSDT,LONG,ema_cross,open,,2.679,2.5182413793103446,3.00051724137931,,,6.000695061204001,12.001390122408003,2.0,2.679,0.0,1787877756.117,1.1170001029968262,0.522,,,,,,,ok,1787871600,2026-08-27T23:00:00+00:00,0.0,0.19669551534226346,-0.8949416342412331,1.3064133016627222,2.0585906571654813,2.8605482717520885,0.0,0.48904077551414377,0.36762771703113933,-4.058334115946299,33.22132611201909,-0.09834775767113173,0.0
5445,1787877756,2026-08-28T00:42:36+00:00,ENAUSDT,LONG,ema_cross,sl,sl,0.17183,0.16263241379310345,0.1902251724137931,0.16263241379310345,-1.0,5.352724324562976,10.705448649125938,1.999999999999997,0.17183,0.0,1787877756.498,0.497999906539917,0.98,,,,,,,ok,1787871600,2026-08-27T23:00:00+00:00,0.0,0.14129282938890275,1.2499999999999944,1.6838995568685324,2.4977698483496935,5.0428337080017025,0.0,0.5138603848212294,0.272698127575987,-33.96965680462346,-0.28929382160005446,-0.07064641469445138,0.0
5446,1787877756,2026-08-28T00:42:36+00:00,IRENUSDT,SHORT,ema_cross,open,,37.41,38.47103448275862,35.28793103448275,,,2.83623224474371,5.67246448948742,2.0,37.41,0.0,1787877756.902,0.9019999504089355,1.045,,,,,,,ok,1787871600,2026-08-27T23:00:00+00:00,-0.0,1.5119363395225471,6.919027325144142,2.080518778708466,3.962831374692527,14.184203334244321,0.0,2.564852816997653,1.6992683773920074,-19.82101638963752,28.091774190885445,-0.7559681697612736,0.0
5447,1787877756,2026-08-28T00:42:36+00:00,ONEUSDT,LONG,ema_cross,open,,0.000752,0.0007290344827586207,0.0007979310344827585,,,3.053925165077034,6.107850330154068,2.0,0.000752,0.0,1787877757.526,1.5260000228881836,0.233,,,,,,,ok,1787871600,2026-08-27T23:00:00+00:00,0.0,0.5361930294906151,0.8064516129032309,0.5361930294906151,0.9408602150537718,2.17096336499321,0.0,0.8348975141114461,0.39188628303491807,-50.65266382573552,-50.5195916411812,-0.26809651474530755,0.0
5448,1787877757,2026-08-28T00:42:37+00:00,ARCUSDT,SHORT,ema_cross,open,,0.06809,0.07048448275862068,0.06330103448275862,,,3.5166437929515104,7.033287585903042,2.0000000000000058,0.06809,0.0,1787877757.985,0.9849998950958252,0.364,,,,,,,ok,1787871600,2026-08-27T23:00:00+00:00,-0.0,0.26706231454005874,1.5235862877234094,0.6994047619047592,1.3541666666666787,2.6934523809523903,0.0,0.2432123914781192,0.45316163431441386,-74.60380982871779,-713.019885478836,-0.13353115727002937,0.0
5449,1787877757,2026-08-28T00:42:37+00:00,FOGOUSDT,LONG,ema_cross,sl,sl,0.00941,0.009170689655172414,0.009888620689655172,0.009170689655172414,-1.0,2.5431492542782803,5.086298508556561,2.0,0.00941,0.0,1787877758.402,1.4019999504089355,0.226,,,,,,,ok,1787871600,2026-08-27T23:00:00+00:00,0.0,-0.6376195536663049,0.6458557588805277,1.2847965738758065,1.7204301075268862,2.1598272138228998,0.0,1.0530639953746517,1.2905810538283502,3.7066040198381627,-112.85642594059145,0.3188097768331524,0.0
5450,1787877758,2026-08-28T00:42:38+00:00,TSTBSCUSDT,LONG,ema_cross,open,,0.016217,0.015527310344827586,0.017596379310344825,,,4.252880650998416,8.505761301996833,2.0,0.016217,0.0,1787877758.779,0.7790000438690186,0.193,,,,,,,ok,1787871600,2026-08-27T23:00:00+00:00,0.0,-0.06191950464396032,2.03565558224809,0.7650681097219513,2.953853955375261,3.346907610078892,0.0,0.6490180800227708,0.29328492488740343,-58.171073307371735,-699.4726686479644,0.03095975232198016,0.0
5452,1787877787,2026-08-28T00:43:07+00:00,TRUMPUSDT,LONG,ema_cross_confirmed,open,,2.673,2.431862068965517,3.155275862068966,,,9.021246952281443,18.042493904562885,2.0,2.679,-0.22396416573347458,1787877788.188,1.187999963760376,,,,5.3,1,0,2.0,ok,1787871600,2026-08-27T23:00:00+00:00,0.0,0.19669551534226346,-0.8949416342412331,1.3064133016627222,2.0585906571654813,2.8605482717520885,0.0,0.48904077551414377,0.36762771703113933,-4.058334115946299,33.22132611201909,-0.09834775767113173,0.0
5453,1787877792,2026-08-28T00:43:12+00:00,TSTBSCUSDT,LONG,ema_cross_confirmed,open,,0.016194,0.015159465517241379,0.018263068965517243,,,6.388381392853041,12.776762785706081,2.0,0.016217,-0.14182647838687007,1787877792.446,0.4460000991821289,,,,3.0,1,0,2.0,ok,1787871600,2026-08-27T23:00:00+00:00,0.0,-0.06191950464396032,2.03565558224809,0.7650681097219513,2.953853955375261,3.346907610078892,0.0,0.6490180800227708,0.29328492488740343,-58.171073307371735,-699.4726686479644,0.03095975232198016,0.0
5454,1787877967,2026-08-28T00:46:07+00:00,4USDT,LONG,overheated_confirmed,sl,sl,0.014282,0.013465142857142856,0.015915714285714287,0.013465142857142856,-1.0,5.71948706663733,11.43897413327466,2.0,0.013995,2.0507324044301467,1787877967.74,0.7400000095367432,,,,2.4,1,4,2.0,ok,1787871600,2026-08-27T23:00:00+00:00,0.0,-1.0424904737939413,0.16009314510260114,1.9695416605652376,2.504026943915656,5.1919753550229215,0.0,0.95435906846996,0.7883143705321765,-27.862192724583835,5.8635880865274075,0.5212452368969707,0.0
5455,1787878037,2026-08-28T00:47:17+00:00,SHAZUSDT,SHORT,ema_cross,open,,57.88,59.682068965517246,54.275862068965516,,,3.1134570931534955,6.226914186306991,2.0,57.88,0.0,1787878038.1,1.0999999046325684,0.264,,,,,,,ok,1787871600,2026-08-27T23:00:00+00:00,-0.0,0.6043861163874881,2.9178613594197955,2.2646850672328274,8.506651676972082,11.0923739928799,0.0,6.124163407407653,5.474693021862834,1.0167992926613616,-119.23636526430066,-0.30219305819374404,0.0
5665,1787878037,2026-08-28T00:47:17+00:00,SHAZUSDT,SHORT,ema_cross_confirmed,ttl_expired,,57.88,57.88,57.88,,,0.0,0.0,,57.88,0.0,,,,,,,,,,ok,1787871600,2026-08-27T23:00:00+00:00,-0.0,0.6043861163874881,2.9178613594197955,2.2646850672328274,8.506651676972082,11.0923739928799,0.0,6.124163407407653,5.474693021862834,1.0167992926613616,-119.23636526430066,-0.30219305819374404,0.0
5456,1787878038,2026-08-28T00:47:18+00:00,LABUSDT,LONG,ema_cross,open,,0.07209,0.06917448275862069,0.07792103448275861,,,4.044274159216689,8.08854831843336,1.9999999999999953,0.07209,0.0,1787878038.495,0.49499988555908203,0.194,,,,,,,ok,1787871600,2026-08-27T23:00:00+00:00,0.0,1.1228070175438725,0.3901351539640553,1.4456140350877238,1.8982002249718841,3.315781983776859,0.0,1.1030315803912774,1.302438226942196,81.9529029638652,108.49629693940949,-0.5614035087719362,0.0
5457,1787878038,2026-08-28T00:47:18+00:00,MUUSDT,SHORT,ema_cross,open,,925.1,944.4124137931035,886.4751724137931,,,2.087602831380767,4.175205662761534,2.0,925.1,0.0,1787878038.898,0.8980000019073486,0.238,,,,,,,ok,1787871600,2026-08-27T23:00:00+00:00,-0.0,0.46941755448595734,0.8308905940167174,0.6177538990276847,0.6830095925869503,1.6716333500097886,0.0,0.22971305306856676,0.6397972226898047,134.38700578709333,161.35634401368264,-0.23470877724297867,0.0
5666,1787878038,2026-08-28T00:47:18+00:00,LABUSDT,LONG,ema_cross_confirmed,ttl_expired,,0.07209,0.07209,0.07209,,,0.0,0.0,,0.07209,0.0,,,,,,,,,,ok,1787871600,2026-08-27T23:00:00+00:00,0.0,1.1228070175438725,0.3901351539640553,1.4456140350877238,1.8982002249718841,3.315781983776859,0.0,1.1030315803912774,1.302438226942196,81.9529029638652,108.49629693940949,-0.5614035087719362,0.0
5667,1787878038,2026-08-28T00:47:18+00:00,MUUSDT,SHORT,ema_cross_confirmed,ttl_expired,,925.1,925.1,925.1,,,0.0,0.0,,925.1,0.0,,,,,,,,,,ok,1787871600,2026-08-27T23:00:00+00:00,-0.0,0.46941755448595734,0.8308905940167174,0.6177538990276847,0.6830095925869503,1.6716333500097886,0.0,0.22971305306856676,0.6397972226898047,134.38700578709333,161.35634401368264,-0.23470877724297867,0.0
5683,1787878584,2026-08-28T00:56:24+00:00,CHILLGUYUSDT,LONG,overheated_confirmed,ttl_expired,,0.0143,0.0143,0.0143,,,0.0,0.0,,0.0143,0.0,,,,,,,,,,ok,1787871600,2026-08-27T23:00:00+00:00,0.0,7.039739211425022,10.151757188498399,7.939346811819591,10.932630064732674,11.68235578083513,0.0,3.308126869929666,4.864552216213569,294.1486969175817,186.03218030184973,-3.519869605712511,0.0
5462,1787878857,2026-08-28T01:00:57+00:00,MUUSDT,SHORT,ema_cross_confirmed,open,,923.52,962.1448275862069,846.2703448275861,,,4.1823487944177655,8.364697588835531,2.0,925.1,0.17079234677332622,1787878860.453,3.453000068664551,,,,4.6,1,12,2.0,ok,1787875200,2026-08-28T00:00:00+00:00,-0.0,-0.3597005031460151,0.1351687446608346,0.9085864136407681,0.9085864136407681,1.0152229029063928,0.0,0.4151986970177825,1.931522319203033,200.90047098367117,66.51346519657784,0.17985025157300755,0.0
5687,1787878875,2026-08-28T01:01:15+00:00,HEMIUSDT,LONG,overheated_confirmed,ttl_expired,,0.010869,0.010869,0.010869,,,0.0,0.0,,0.010869,0.0,,,,,,,,,,ok,1787875200,2026-08-28T00:00:00+00:00,0.0,3.3764504470230112,10.41243396993092,5.960073295399755,7.1588803277089665,14.806687565308252,0.0,2.901606331130002,1.3445695898763157,-24.509467440294255,-55.36173920466119,-1.6882252235115056,0.0
5472,1787879171,2026-08-28T01:06:11+00:00,4USDT,LONG,overheated_early,sl,sl,0.013762,0.012945142857142856,0.015395714285714285,0.012877,-1.0834207764952777,5.935599061598194,11.871198123196375,1.9999999999999978,0.013762,0.0,1787879171.08,0.07999992370605469,,21.5,64.1,,,,,ok,1787875200,2026-08-28T00:00:00+00:00,0.0,3.3565823888404576,2.863340563991327,10.260093754725546,10.260093754725546,10.260093754725546,0.0,2.198382639194399,1.5629015548178595,103.90204571450002,131.76423843908384,-1.6782911944202288,0.0
5694,1787879180,2026-08-28T01:06:20+00:00,MAGMAUSDT,LONG,overheated_confirmed,ttl_expired,,0.35744,0.35744,0.35744,,,0.0,0.0,,0.35744,0.0,,,,,,,,,,ok,1787875200,2026-08-28T00:00:00+00:00,0.0,-0.2540945121109113,2.0255381659980816,2.817696716451619,8.698721025438324,10.425928581672162,0.0,0.8131891777575548,0.378213449611113,-56.730134551916734,-185.7151362959,0.12704725605545564,0.0
5695,1787879192,2026-08-28T01:06:32+00:00,HFTUSDT,LONG,overheated_confirmed,ttl_expired,,0.00759,0.00759,0.00759,,,0.0,0.0,,0.00759,0.0,,,,,,,,,,ok,1787875200,2026-08-28T00:00:00+00:00,0.0,5.517241379310335,10.709117221418223,14.16666666666667,16.595744680851066,22.503725782414307,0.0,1.9908536072544578,4.161212068518518,358.6586694939873,328.73622279084384,-2.7586206896551677,0.0
5477,1787879772,2026-08-28T01:16:12+00:00,BMTUSDT,LONG,overheated_early,sl,sl,0.02631,0.023466964285714285,0.03199607142857143,0.02346,-1.0024495948746932,10.805913015149047,21.611826030298094,2.0,0.02631,0.0,1787879770.883,1.1170001029968262,,24.9,68.6,,,,,ok,1787875200,2026-08-28T00:00:00+00:00,0.0,-0.14798372179059702,-7.187070151306744,6.528301886792462,8.828064764841944,24.60840890354493,0.0,6.924077107852285,0.8042792572874642,-19.74201600088095,44.66785893488863,0.07399186089529851,0.0
5478,1787879785,2026-08-28T01:16:25+00:00,MUBARAKUSDT,LONG,overheated_early,open,,0.022,0.020205357142857143,0.02558928571428571,,,8.157467532467527,16.314935064935053,2.0,0.022,0.0,1787879784.33,0.6700000762939453,,15.2,60.7,,,,,ok,1787875200,2026-08-28T00:00:00+00:00,0.0,0.7414272474513458,1.779026217228457,1.113689095127613,1.6324626865671623,2.637776731040987,0.0,0.6189357748188137,0.36566687450371466,-69.45142623334112,-322.03920993635785,-0.3707136237256729,0.0
5479,1787879848,2026-08-28T01:17:28+00:00,UBUSDT,LONG,ema_cross,open,,0.13095,0.12482689655172415,0.14319620689655174,,,4.6759094679464415,9.351818935892883,2.0,0.13095,0.0,1787879848.708,0.7079999446868896,0.241,,,,,,,ok,1787875200,2026-08-28T00:00:00+00:00,0.0,1.622211823428481,3.577106518282992,3.214453308305962,3.214453308305962,4.912950155020264,0.0,1.379459210789108,2.4144194494900098,139.20265780730895,156.05348653659073,-0.8111059117142405,0.0
5699,1787879848,2026-08-28T01:17:28+00:00,UBUSDT,LONG,ema_cross_confirmed,ttl_expired,,0.13095,0.13095,0.13095,,,0.0,0.0,,0.13095,0.0,,,,,,,,,,ok,1787875200,2026-08-28T00:00:00+00:00,0.0,1.622211823428481,3.577106518282992,3.214453308305962,3.214453308305962,4.912950155020264,0.0,1.379459210789108,2.4144194494900098,139.20265780730895,156.05348653659073,-0.8111059117142405,0.0
5483,1787880625,2026-08-28T01:30:25+00:00,ENAUSDT,LONG,ema_cross_confirmed,sl,sl,0.1859,0.17210362068965518,0.21349275862068967,0.17210362068965518,-1.0,7.421398230416799,14.842796460833599,2.0,0.17183,8.188325670721062,1787880626.296,1.2960000038146973,,,,4.0,1,47,2.0,ok,1787875200,2026-08-28T00:00:00+00:00,0.0,0.9994121105232259,1.2374779021803293,3.367860313702279,3.367860313702279,4.287591066523344,0.0,0.5067271229130403,0.3537884767893792,26.986428468113775,60.95608527273724,-0.49970605526161294,0.0
5484,1787880631,2026-08-28T01:30:31+00:00,ONEUSDT,LONG,ema_cross_confirmed,open,,0.000754,0.0007195517241379311,0.0008228965517241379,,,4.568736851733281,9.137473703466561,2.0,0.000752,0.26595744680851713,1787880632.257,1.2569999694824219,,,,1.6,1,47,2.0,ok,1787875200,2026-08-28T00:00:00+00:00,0.0,0.0,-0.13315579227696728,0.6693440428380059,0.8042895442359154,1.482479784366569,0.0,0.6026117275651987,0.5384874110272456,31.406639961410203,82.05930378714572,0.0,0.0
5486,1787881554,2026-08-28T01:45:54+00:00,UBUSDT,LONG,ema_cross_confirmed,open,,0.13105,0.12186534482758621,0.14941931034482758,,,7.008512149876987,14.017024299753974,2.0,0.13095,0.07636502481862464,1787881558.321,4.321000099182129,,,,1.6,1,27,2.0,ok,1787875200,2026-08-28T00:00:00+00:00,0.0,1.622211823428481,3.577106518282992,3.214453308305962,3.214453308305962,4.912950155020264,0.0,1.379459210789108,2.4144194494900098,139.20265780730895,156.05348653659073,-0.8111059117142405,0.0
5491,1787882178,2026-08-28T01:56:18+00:00,HFTUSDT,LONG,overheated_early,tp,tp,0.00727,0.006773928571428572,0.008262142857142857,0.008262142857142857,2.0,6.823540970721158,13.647081941442316,2.0,0.00727,0.0,1787882177.312,0.687999963760376,,17.4,69.3,,,,,ok,1787875200,2026-08-28T00:00:00+00:00,0.0,5.517241379310335,10.709117221418223,14.16666666666667,16.595744680851066,22.503725782414307,0.0,1.9908536072544578,4.161212068518518,358.6586694939873,328.73622279084384,-2.7586206896551677,0.0
5493,1787882496,2026-08-28T02:01:36+00:00,MAGMAUSDT,LONG,overheated_early,tp,tp,0.34268,0.31313642857142854,0.4017671428571428,0.4017671428571428,1.9999999999999982,8.621329353499315,17.24265870699861,1.9999999999999982,0.34268,0.0,1787882494.836,1.1640000343322754,,16.6,61.4,,,,,ok,1787878800,2026-08-28T01:00:00+00:00,0.0,-5.1142184687802965,-4.42349528643946,5.900976167443508,6.75402339284144,12.860199923782728,0.0,3.298491578198502,0.3820700248075892,1.4315888289134004,58.16172338083013,2.5571092343901483,0.0
5708,1787882777,2026-08-28T02:06:17+00:00,DFDVXUSDT,LONG,overheated_confirmed,ttl_expired,,5.43,5.43,5.43,,,0.0,0.0,,5.43,0.0,1787882855.138,78.13800001144409,,,,1.7,1,0,2.0,ok,1787878800,2026-08-28T01:00:00+00:00,0.0,7.066795740561475,7.066795740561475,7.765482430596007,7.786407766990287,8.779149519890268,0.0,3.9423042709979117,0.7562405035815064,1835.5555555555554,810.5555555555554,-3.5333978702807376,0.0
5709,1787883092,2026-08-28T02:11:32+00:00,BLESSUSDT,LONG,overheated_confirmed,ttl_expired,,0.012201,0.012201,0.012201,,,0.0,0.0,,0.012201,0.0,,,,,,,,,,ok,1787878800,2026-08-28T01:00:00+00:00,0.0,4.602725636410382,2.978651590583066,6.938739840950796,7.9005378714399015,12.688475443082615,0.0,3.7114446802963066,1.4609125801827274,-44.692329670276905,-22.322282645090564,-2.301362818205191,0.0
5506,1787883673,2026-08-28T02:21:13+00:00,TRUMPUSDT,LONG,overheated_early,open,,2.694,2.4615,3.159,,,8.630289532293984,17.26057906458797,2.0,2.694,0.0,1787883672.244,0.7560000419616699,,18.4,68.4,,,,,ok,1787878800,2026-08-28T01:00:00+00:00,0.0,2.6745913818721996,8.733280881195908,8.986260675826216,15.642237982663525,16.191607284243876,0.0,2.67338006094143,3.493522007089508,64.92448837267996,-439.8263741036111,-1.3372956909360998,0.0
5508,1787884228,2026-08-28T02:30:28+00:00,ARCUSDT,SHORT,ema_cross_confirmed,open,,0.06682,0.07160896551724139,0.05724206896551724,,,7.166964258068513,14.333928516137027,2.0,0.06809,1.8651784402995937,1787884229.589,1.5889999866485596,,,,2.3,1,107,2.0,ok,1787878800,2026-08-28T01:00:00+00:00,-0.0,0.5153121319198899,-0.252225519287839,1.3615509841645554,1.828724353256014,1.9196428571428565,0.0,0.833822549061372,0.8140832346513984,-30.012594458438286,-180.24896382496837,-0.25765606595994495,0.0
5509,1787884284,2026-08-28T02:31:24+00:00,HEMIUSDT,LONG,overheated_early,tp,tp,0.01043,0.009416267857142857,0.012457464285714285,0.012457464285714285,2.0,9.719387755102037,19.438775510204074,2.0,0.01043,0.0,1787884283.572,0.42799997329711914,,35.4,67.2,,,,,ok,1787878800,2026-08-28T01:00:00+00:00,0.0,-2.1529119514214723,1.5468347178458959,6.928857226505325,7.22162584170978,11.838355048859944,0.0,2.7505575377683136,2.0375132808519445,56.724611946764114,81.23407938705837,1.0764559757107361,0.0
5715,1787884293,2026-08-28T02:31:33+00:00,MOVEUSDT,LONG,overheated_confirmed,ttl_expired,,0.00963,0.00963,0.00963,,,0.0,0.0,,0.00963,0.0,,,,,,,,,,ok,1787878800,2026-08-28T01:00:00+00:00,0.0,4.223864836325249,5.561497326203204,5.662393162393154,6.458557588805165,7.03463203463203,0.0,2.031378082503038,1.6926321908366244,-7.423080195417277,-92.54611311933166,-2.1119324181626244,0.0
5512,1787884585,2026-08-28T02:36:25+00:00,SKRUSDT,LONG,overheated_early,open,,0.010715,0.010238535714285716,0.011667928571428572,,,4.4467035530964525,8.893407106192921,2.0000000000000036,0.010715,0.0,1787884584.705,0.2950000762939453,,29.8,68.4,,,,,ok,1787878800,2026-08-28T01:00:00+00:00,0.0,-1.5016954626190755,19.54924056834885,10.203726275465796,22.453323014414238,26.02548785344484,0.0,10.28082663602821,12.354801497861466,-31.278331464312224,-7412.873604728714,0.7508477313095377,0.0
5515,1787885489,2026-08-28T02:51:29+00:00,DFDVXUSDT,LONG,overheated_early,open,,5.239,4.9874285714285715,5.742142857142857,,,4.801897854007031,9.60379570801408,2.0000000000000036,5.239,0.0,1787885488.238,0.7620000839233398,,16.5,67.6,,,,,ok,1787878800,2026-08-28T01:00:00+00:00,0.0,7.066795740561475,7.066795740561475,7.765482430596007,7.786407766990287,8.779149519890268,0.0,3.9423042709979117,0.7562405035815064,1835.5555555555554,810.5555555555554,-3.5333978702807376,0.0
5726,1787886444,2026-08-28T03:07:24+00:00,UAIUSDT,LONG,ema_cross_confirmed,ttl_expired,,0.30293,0.30293,0.30293,,,0.0,0.0,,0.30293,0.0,,,,,,,,,,ok,1787882400,2026-08-28T02:00:00+00:00,0.0,-1.7809010396611473,-3.814850894007491,2.6579919573675177,2.841076274234162,4.995586360218399,0.0,0.6514067917163174,0.6138515461792994,21.592794501066603,-7.983372575100471,0.8904505198305737,0.0
5673,1787892610,2026-08-28T04:50:10+00:00,PLAYUSDT,SHORT,ema_cross,sl,sl,0.03656,0.037930000000000005,0.03382,0.037930000000000005,-1.0,3.747264770240709,7.494529540481398,1.999999999999995,0.03656,0.0,1787892612.875,2.875,0.332,,,,,,,ok,1787886000,2026-08-28T03:00:00+00:00,-0.0,-1.0866536639732556,-2.0821609454136114,2.2581544466127634,3.380281690140864,4.379977246871465,0.0,0.6924465839709312,0.3317305403475363,-75.03582688449413,-87.76603690064921,0.5433268319866278,0.0
5674,1787892612,2026-08-28T04:50:12+00:00,AEONUSDT,LONG,ema_cross,open,,0.06047,0.057447931034482765,0.06651413793103449,,,4.997633480266642,9.995266960533295,2.000000000000002,0.06047,0.0,1787892613.258,1.2579998970031738,0.487,,,,,,,ok,1787886000,2026-08-28T03:00:00+00:00,0.0,0.34443168771526145,-1.5765765765765791,2.114552114552115,4.362304362304357,5.344655344655352,0.0,1.0041871736955565,0.6359018387350648,-65.2051362355152,-127.2041215221717,-0.17221584385763072,0.0
5675,1787892613,2026-08-28T04:50:13+00:00,ETCUSDT,SHORT,ema_cross,open,,7.696,7.911413793103448,7.2651724137931035,,,2.7990357731737077,5.598071546347405,1.9999999999999958,7.696,0.0,1787892613.666,0.6659998893737793,0.158,,,,,,,ok,1787886000,2026-08-28T03:00:00+00:00,-0.0,-0.3128666405944469,1.3335042954224912,1.1128567687876403,2.0162346163917246,3.6527886881382554,0.0,0.9981224162998513,1.1945778915584093,-23.977760014838434,-70.36588031170172,0.15643332029722345,0.0
5679,1787892911,2026-08-28T04:55:11+00:00,INJUSDT,SHORT,ema_cross,open,,5.341,5.568586206896552,4.885827586206896,,,4.261116025024377,8.522232050048753,2.0,5.341,0.0,1787892911.877,0.877000093460083,0.211,,,,,,,ok,1787886000,2026-08-28T03:00:00+00:00,-0.0,-0.39473684210526144,2.5364963503649673,1.0213731794968843,3.283355475422282,5.883469349022578,0.0,1.2762315988337163,0.7993237157945038,-67.01023996772898,-155.8684607899019,0.19736842105263072,0.0
5680,1787892911,2026-08-28T04:55:11+00:00,ASTEROIDUSDT,SHORT,ema_cross,open,,5.54e-05,6.0489655172413795e-05,4.522068965517241e-05,,,9.187103199302884,18.374206398605754,1.9999999999999987,5.54e-05,0.0,1787892912.266,1.2660000324249268,0.919,,,,,,,ok,1787886000,2026-08-28T03:00:00+00:00,-0.0,3.4671532846715305,3.642987249544629,4.58891013384322,6.500956022944554,9.369024856596567,0.0,2.307995699761501,0.3240173643439508,375.0948509485095,240.36202652102855,-1.7335766423357652,0.0
5681,1787892912,2026-08-28T04:55:12+00:00,MVLLUSDT,SHORT,ema_cross,open,,26.57,28.18344827586207,23.343103448275862,,,6.072443642687501,12.144887285375003,2.0,26.57,0.0,1787892912.928,0.9279999732971191,0.908,,,,,,,ok,1787886000,2026-08-28T03:00:00+00:00,-0.0,-0.4109077325364192,-0.2985074626865608,1.3508442776735572,1.7709118311982006,2.7987897125567263,0.0,0.3625356643903367,0.5360011645894567,-12.856669245220468,50.39522724768901,0.2054538662682096,0.0
5682,1787892955,2026-08-28T04:55:55+00:00,ASTEROIDUSDT,SHORT,ema_cross_confirmed,open,,5.56e-05,6.577931034482759e-05,3.524137931034483e-05,,,18.30811213098487,36.61622426196974,2.0,5.54e-05,-0.36101083032491854,1787892956.195,1.1949999332427979,,,,4.5,1,0,2.0,ok,1787886000,2026-08-28T03:00:00+00:00,-0.0,3.4671532846715305,3.642987249544629,4.58891013384322,6.500956022944554,9.369024856596567,0.0,2.307995699761501,0.3240173643439508,375.0948509485095,240.36202652102855,-1.7335766423357652,0.0
5686,1787893209,2026-08-28T05:00:09+00:00,AXTIUSDT,SHORT,ema_cross,open,,65.36,67.56137931034483,60.95724137931035,,,3.368083400160394,6.736166800320767,1.9999999999999936,65.36,0.0,1787893210.604,1.6040000915527344,0.185,,,,,,,ok,1787889600,2026-08-28T04:00:00+00:00,-0.0,0.47198538367844434,0.06115272894051681,0.7507277462846778,1.1797150298759158,1.8655565834104129,0.0,0.7049556897514972,0.15440417859698197,-22.366900858704135,-43.15214638936718,-0.23599269183922217,0.0
5697,1787894107,2026-08-28T05:15:07+00:00,AXTIUSDT,SHORT,ema_cross_confirmed,open,,64.65,69.05275862068966,55.8444827586207,,,6.810144811584923,13.620289623169846,2.0,65.36,1.086291309669513,1787894109.613,2.61299991607666,,,,2.7,1,14,2.0,ok,1787889600,2026-08-28T04:00:00+00:00,-0.0,0.47198538367844434,0.06115272894051681,0.7507277462846778,1.1797150298759158,1.8655565834104129,0.0,0.7049556897514972,0.15440417859698197,-22.366900858704135,-43.15214638936718,-0.23599269183922217,0.0
5698,1787894113,2026-08-28T05:15:13+00:00,FLOCKUSDT,LONG,ema_cross,open,,0.03247,0.03153413793103448,0.03434172413793103,,,2.882236122468483,5.764472244936966,2.0,0.03247,0.0,1787894114.311,1.311000108718872,0.217,,,,,,,ok,1787889600,2026-08-28T04:00:00+00:00,0.0,-0.33434650455926745,-2.5267538644470973,0.9208103130755115,1.872314303253528,5.5248618784530485,0.0,0.4814161355572327,0.7402377955422513,61.85169842584921,113.93823641026839,0.16717325227963373,0.0
5700,1787894355,2026-08-28T05:19:15+00:00,BMTUSDT,LONG,overheated_early,open,,0.02635,0.02323267857142857,0.032584642857142854,,,11.830441854161016,23.660883708322032,2.0,0.02635,0.0,1787894354.698,0.3020000457763672,,30.1,63.2,,,,,ok,1787889600,2026-08-28T04:00:00+00:00,0.0,9.840996991834983,-3.437854174537216,11.891426109435582,13.50524475524475,19.361888111888113,0.0,10.198517277977386,2.063424748618897,210.4909292451654,274.4084162298169,-4.920498495917491,0.0
5701,1787894714,2026-08-28T05:25:14+00:00,MRVLUSDT,SHORT,ema_cross,open,,221.31,227.6003448275862,208.72931034482758,,,2.842322907950933,5.684645815901866,2.0,221.31,0.0,1787894715.577,1.5769999027252197,0.328,,,,,,,ok,1787889600,2026-08-28T04:00:00+00:00,-0.0,0.4115226337448631,0.1659118425182748,0.7022598361393726,0.8508148014765531,1.0145188925962665,0.0,0.32252365680688655,0.6289293311273931,34.165248629230476,53.145028040995186,-0.20576131687243154,0.0
5703,1787895004,2026-08-28T05:30:04+00:00,MVLLUSDT,SHORT,ema_cross_confirmed,open,,26.14,29.36689655172414,19.686206896551724,,,12.3446692873915,24.689338574783,2.0,26.57,1.6183665788483241,1787895005.415,1.4149999618530273,,,,3.1,1,34,2.0,ok,1787889600,2026-08-28T04:00:00+00:00,-0.0,0.8556547619047635,0.2619760479041927,1.508864579403993,1.886080724254998,2.1558245083207273,0.0,0.6777265691765949,0.5268228655106523,-0.23840925230800444,12.618259992912463,-0.42782738095238176,0.0
5704,1787895011,2026-08-28T05:30:11+00:00,FLOCKUSDT,LONG,ema_cross_confirmed,open,,0.03247,0.031066206896551724,0.03527758620689655,,,4.323354183702724,8.646708367405449,2.0,0.03247,0.0,1787895013.679,2.678999900817871,,,,5.2,1,14,2.0,ok,1787889600,2026-08-28T04:00:00+00:00,0.0,-0.33434650455926745,-2.5267538644470973,0.9208103130755115,1.872314303253528,5.5248618784530485,0.0,0.4814161355572327,0.7402377955422513,61.85169842584921,113.93823641026839,0.16717325227963373,0.0
5705,1787895015,2026-08-28T05:30:15+00:00,MRVLUSDT,SHORT,ema_cross_confirmed,open,,220.73,233.3106896551724,195.56862068965515,,,5.699583044974594,11.399166089949189,2.0,221.31,0.26207582124622136,1787895015.496,0.4960000514984131,,,,1.6,1,4,2.0,ok,1787889600,2026-08-28T04:00:00+00:00,-0.0,0.4115226337448631,0.1659118425182748,0.7022598361393726,0.8508148014765531,1.0145188925962665,0.0,0.32252365680688655,0.6289293311273931,34.165248629230476,53.145028040995186,-0.20576131687243154,0.0
5707,1787897085,2026-08-28T06:04:45+00:00,龙虾USDT,LONG,overheated_confirmed,open,,0.041086,0.03481471428571428,0.05362857142857143,,,15.263802059790965,30.52760411958193,2.0,0.038556,6.5618840128643985,1787897086.321,1.321000099182129,,,,1.6,1,60,2.0,ok,1787893200,2026-08-28T05:00:00+00:00,0.0,5.908130123214918,24.39748092527551,8.579873917706449,17.582573225313006,26.20169651272385,0.0,1.7330106512830037,2.761389120543411,-12.599291012932449,-12.879071138668928,-2.954065061607459,0.0
5711,1787897740,2026-08-28T06:15:40+00:00,PLAYUSDT,SHORT,ema_cross_confirmed,open,,0.03657,0.03931,0.03109,,,7.492480175006835,14.98496035001367,2.0,0.03656,-0.027352297592987206,1787897740.881,0.8810000419616699,,,,1.7,1,85,2.0,ok,1787893200,2026-08-28T05:00:00+00:00,-0.0,-0.2465753424657529,-1.9504040122596804,0.9589041095890496,2.5895316804407806,4.901408450704241,0.0,0.4186467086471727,0.9356470313594272,40.041928721174,-24.251986319009703,0.12328767123287646,0.0
5716,1787899659,2026-08-28T06:47:39+00:00,HEMIUSDT,LONG,overheated_confirmed,open,,0.011896,0.010828482142857143,0.014031035714285715,,,8.973754683447018,17.947509366894035,2.0,0.01075,10.660465116279081,1787899660.423,1.4230000972747803,,,,3.5,1,32,2.0,ok,1787893200,2026-08-28T05:00:00+00:00,0.0,0.009433962264144013,6.8110831234256874,4.637175009701213,6.286953094205751,14.624141113731929,0.0,3.8616473772935973,0.9750882999965682,-19.708299451547603,8.003011047503119,-0.004716981132072006,0.0
5717,1787899970,2026-08-28T06:52:50+00:00,HFTUSDT,LONG,overheated_early,tp,tp,0.00819,0.007634464285714285,0.009301071428571428,0.00932,2.034072645451625,6.783097854526425,13.56619570905285,2.0,0.00819,0.0,1787899968.96,1.0399999618530273,,31.0,69.7,,,,,ok,1787893200,2026-08-28T05:00:00+00:00,0.0,0.6973500697350027,2.266288951841353,4.687499999999994,6.811594202898549,8.892128279883387,0.0,2.343803132138277,0.9340219437522974,-23.60755401594409,-223.3287687036493,-0.34867503486750134,0.0
5723,1787900440,2026-08-28T07:00:40+00:00,HFTUSDT,LONG,overheated_confirmed,sl,sl,0.0093,0.008744464285714286,0.010411071428571426,0.0086,-1.2600450016072011,5.9735023041474555,11.947004608294911,2.0,0.00916,1.528384279475977,1787900441.098,1.0980000495910645,,,,4.7,1,2,2.0,ok,1787896800,2026-08-28T06:00:00+00:00,0.0,28.80886426592797,33.81294964028776,32.67326732673267,33.23863636363635,36.73469387755102,0.0,13.57005095765579,11.707100952439037,1194.9163332303594,1218.5238872463035,-14.404432132963985,0.0
5728,1787901469,2026-08-28T07:17:49+00:00,GWEIUSDT,LONG,overheated_early,open,,0.027853,0.02629080357142857,0.030977392857142856,,,5.608718732529459,11.217437465058905,1.9999999999999978,0.027853,0.0,1787901468.13,0.869999885559082,,15.1,67.5,,,,,ok,1787896800,2026-08-28T06:00:00+00:00,0.0,3.253968253968256,1.016786216076318,3.3889980353634654,5.039920159680646,8.629661751951431,0.0,3.4921381980704638,1.373643426946173,14.24082323284644,53.11622690973607,-1.626984126984128,0.0
5732,1787903141,2026-08-28T07:45:41+00:00,GWEIUSDT,LONG,overheated_confirmed,open,,0.02874,0.02717780357142857,0.03186439285714286,,,5.435617357590223,10.871234715180446,2.0,0.028774,-0.11816222979078093,1787903142.855,1.8550000190734863,,,,2.2,1,2,2.0,ok,1787896800,2026-08-28T06:00:00+00:00,0.0,3.253968253968256,1.016786216076318,3.3889980353634654,5.039920159680646,8.629661751951431,0.0,3.4921381980704638,1.373643426946173,14.24082323284644,53.11622690973607,-1.626984126984128,0.0
5733,1787903283,2026-08-28T07:48:03+00:00,HEMIUSDT,LONG,overheated_early,open,,0.0112,0.010132482142857143,0.013335035714285714,,,9.53140943877551,19.06281887755102,2.0,0.0112,0.0,1787903282.045,0.9549999237060547,,38.0,65.7,,,,,ok,1787896800,2026-08-28T06:00:00+00:00,0.0,16.375813602490346,16.299019607843153,17.138542846357115,20.411331005044627,27.211232960951104,0.0,8.774936982124665,2.845108122582282,200.87959351660714,220.58789296815473,-8.187906801245173,0.0
5735,1787904038,2026-08-28T08:00:38+00:00,HEIUSDT,LONG,overheated_confirmed,open,,0.16812,0.15613821428571428,0.1920835714285714,,,7.1269246456612585,14.253849291322517,2.0,0.15847,6.089480658799768,1787904039.218,1.2179999351501465,,,,2.2,1,105,2.0,ok,1787900400,2026-08-28T07:00:00+00:00,0.0,-0.4160977829790012,-3.5635585216898558,0.511307767944938,5.342510652245178,7.2959685349065895,0.0,2.9203185046640163,0.03842624986157911,-96.95875669666204,-106.26510969363035,0.2080488914895006,0.0
5736,1787904178,2026-08-28T08:02:58+00:00,QUSDT,LONG,overheated_early,sl,sl,0.027111,0.025987285714285713,0.02935842857142857,0.025626,-1.3215102974828363,4.144864762326314,8.289729524652614,1.999999999999997,0.027111,0.0,1787904177.641,0.35899996757507324,,18.4,68.9,,,,,ok,1787900400,2026-08-28T07:00:00+00:00,0.0,-0.18945252087844275,2.4079657251666133,0.6449858180829137,3.6093756217915622,8.320852055250466,0.0,1.4560886957485966,0.3971195647638995,-82.04454907642159,-119.80181488657502,0.09472626043922137,0.0
5741,1787904260,2026-08-28T08:04:20+00:00,CROUSDT,SHORT,ema_cross,open,,0.0585,0.06008103448275862,0.055337931034482764,,,2.7026230474506323,5.405246094901265,2.0,0.0585,0.0,1787904260.655,0.6549999713897705,0.263,,,,,,,ok,1787900400,2026-08-28T07:00:00+00:00,-0.0,0.10198878123406009,-0.06810829218458252,0.01701548409051578,0.5297334244702628,1.8348623853210984,0.0,0.5732316362733413,0.042422051302983835,-92.0413521496554,-68.35753709179836,-0.050994390617030046,0.0
5745,1787904545,2026-08-28T08:09:05+00:00,XPDUSDT,LONG,ema_cross,open,,1383.69,1368.7689655172414,1413.5320689655173,,,1.0783509660949067,2.1567019321898133,2.0,1383.69,0.0,1787904546.003,1.003000020980835,0.216,,,,,,,ok,1787900400,2026-08-28T07:00:00+00:00,0.0,-0.7338182289081249,1.771686938049963,1.2010504644886253,2.59068885922671,2.856171118882678,0.0,1.7224321950794381,1.09386268075709,-83.76011380812662,-2863.91376297586,0.36690911445406243,0.0
