id,ts_open,ts_open_utc,symbol,direction,alert_type,is_shadow,signal_price,fix_cohort,entry_price,sl_price,tp_price,outcome,exit_ts,exit_ts_utc,r,reason,opposite_within_60m,opposite_ts,opposite_alert_type,range_24h_pct,range_bucket,status_existing,ts_close_existing,exit_price_existing,rsi_1h,rsi_bucket,up_count_12,trend_streak_candles,rsi_oversold_bucket,trend_start_ts,trend_delay_hours,trend_delay_bucket,rsi_source
1638,1786620062,2026-08-13T11:21:02+00:00,POWERUSDT,SHORT,ema_cross,1,0.09365,pre_fix,0.09365,0.09846379310344827,0.08402241379310345,unresolved,1786707000,2026-08-14T11:30:00+00:00,1.634885386819485,window_close,no,,,9.197,below_50%,tp,1786707630,0.084,,missing,,0,missing,,,no_consecutive_trend,reconstructed
1639,1786620156,2026-08-13T11:22:36+00:00,AVNTUSDT,LONG,ema_cross,1,0.0971,pre_fix,0.0971,0.09436206896551724,0.10257586206896552,tp_first,1786623300,2026-08-13T12:15:00+00:00,1.999999999999995,target_touch,no,,,24.1808,below_50%,tp,1786624439,0.10257586206896552,,missing,,0,missing,,,no_consecutive_trend,reconstructed
1640,1786620213,2026-08-13T11:23:33+00:00,CBRSUSDT,SHORT,ema_cross,1,215.6,pre_fix,215.6,221.48620689655172,203.82758620689654,sl_first,1786622400,2026-08-13T12:00:00+00:00,-1.0,stop_touch,yes,1786618199,oversold_24h,25.4726,below_50%,sl,1786622214,222.5,,missing,,0,missing,,,no_consecutive_trend,reconstructed
1641,1786620228,2026-08-13T11:23:48+00:00,GIGADEVUSDT,SHORT,ema_cross,1,63.68,pre_fix,63.68,65.45137931034483,60.13724137931034,sl_first,1786631400,2026-08-13T14:30:00+00:00,-1.0,stop_touch,no,,,8.7855,below_50%,sl,1786631783,65.53,,missing,,0,missing,,,no_consecutive_trend,reconstructed
1648,1786623292,2026-08-13T12:14:52+00:00,B2USDT,LONG,ema_cross,1,0.4841,pre_fix,0.4841,0.4706862068965517,0.5109275862068965,sl_first,1786649400,2026-08-13T19:30:00+00:00,-1.0,stop_touch,no,,,4.8048,below_50%,sl,1786649546,0.4706862068965517,,missing,,0,missing,,,no_consecutive_trend,reconstructed
1649,1786623324,2026-08-13T12:15:24+00:00,ZHIPUUSDT,LONG,ema_cross,1,167.3,pre_fix,167.3,162.79068965517243,176.31862068965518,tp_first,1786671900,2026-08-14T01:45:00+00:00,2.0,target_touch,no,,,9.5643,below_50%,tp,1786683796,176.31862068965518,,missing,,0,missing,,,no_consecutive_trend,reconstructed
1650,1786623342,2026-08-13T12:15:42+00:00,GPSUSDT,LONG,ema_cross,1,0.011161,pre_fix,0.011161,0.010899931034482759,0.011683137931034484,tp_first,1786629600,2026-08-13T14:00:00+00:00,1.9999999999999933,target_touch,no,,,26.0152,below_50%,sl,1786634280,0.010802,,missing,,0,missing,,,no_consecutive_trend,reconstructed
1651,1786623403,2026-08-13T12:16:43+00:00,CLOUSDT,SHORT,ema_cross,1,0.10946,pre_fix,0.10946,0.11667172413793103,0.09503655172413794,sl_first,1786675500,2026-08-14T02:45:00+00:00,-1.0,stop_touch,no,,,12.0324,below_50%,sl,1786684124,0.11685,,missing,,0,missing,,,no_consecutive_trend,reconstructed
1652,1786623455,2026-08-13T12:17:35+00:00,BANKUSDT,LONG,ema_cross,1,0.04354,pre_fix,0.04354,0.04105275862068966,0.04851448275862069,sl_first,1786626900,2026-08-13T13:15:00+00:00,-1.0,stop_touch,no,,,32.1155,below_50%,sl,1786626661,0.04105275862068966,,missing,,0,missing,,,no_consecutive_trend,reconstructed
1653,1786623554,2026-08-13T12:19:14+00:00,BUSDT,LONG,ema_cross,1,0.1646,pre_fix,0.1646,0.15816896551724138,0.17746206896551725,sl_first,1786624200,2026-08-13T12:30:00+00:00,-1.0,stop_touch,no,,,12.2783,below_50%,sl,1786623994,0.1573,,missing,,0,missing,,,no_consecutive_trend,reconstructed
1709,1786637841,2026-08-13T16:17:21+00:00,BSPUSDT,SHORT,ema_cross,1,39.64,pre_fix,39.64,42.20724137931035,34.50551724137931,sl_first,1786716900,2026-08-14T14:15:00+00:00,-1.0,stop_touch,yes,1786636558,oversold_24h,28.1027,below_50%,sl,1787169411,42.20724137931035,,missing,,0,missing,,,no_consecutive_trend,reconstructed
1710,1786637843,2026-08-13T16:17:23+00:00,SWARMSUSDT,LONG,ema_cross,1,0.008211,pre_fix,0.008211,0.007886827586206896,0.008859344827586206,sl_first,1786650300,2026-08-13T19:45:00+00:00,-1.0,stop_touch,no,,,10.2698,below_50%,sl,1786650319,0.007861,,missing,,0,missing,,,no_consecutive_trend,reconstructed
1711,1786637864,2026-08-13T16:17:44+00:00,MVLLUSDT,LONG,ema_cross,1,28.88,pre_fix,28.88,27.768965517241377,31.10206896551724,sl_first,1786650300,2026-08-13T19:45:00+00:00,-1.0,stop_touch,no,,,13.974,below_50%,sl,1786650709,27.768965517241377,,missing,,0,missing,,,no_consecutive_trend,reconstructed
1712,1786637923,2026-08-13T16:18:43+00:00,MRVLUSDT,LONG,ema_cross,1,226.92,pre_fix,226.92,222.2506896551724,236.25862068965517,sl_first,1786650300,2026-08-13T19:45:00+00:00,-1.0,stop_touch,no,,,7.1209,below_50%,sl,1786650709,222.2506896551724,,missing,,0,missing,,,no_consecutive_trend,reconstructed
1713,1786638059,2026-08-13T16:20:59+00:00,COTIUSDT,LONG,ema_cross,1,0.01238,pre_fix,0.01238,0.011524827586206897,0.014090344827586207,sl_first,1786642200,2026-08-13T17:30:00+00:00,-1.0,stop_touch,no,,,47.0711,below_50%,sl,1786641621,0.011524827586206897,,missing,,0,missing,,,no_consecutive_trend,reconstructed
1714,1786638060,2026-08-13T16:21:00+00:00,JCTUSDT,SHORT,ema_cross,1,0.003491,pre_fix,0.003491,0.0037027241379310348,0.003067551724137931,unresolved,1786725000,2026-08-14T16:30:00+00:00,0.661237785016288,window_close,no,,,11.1945,below_50%,tp,1786780582,0.002548,,missing,,0,missing,,,no_consecutive_trend,reconstructed
1715,1786638064,2026-08-13T16:21:04+00:00,GIGGLEUSDT,SHORT,ema_cross,1,33.24,pre_fix,33.24,34.85586206896552,30.008275862068967,unresolved,1786725000,2026-08-14T16:30:00+00:00,1.0211267605633803,window_close,no,,,10.4015,below_50%,sl,1786890421,36.42,,missing,,0,missing,,,no_consecutive_trend,reconstructed
1737,1786651213,2026-08-13T20:00:13+00:00,AAOIUSDT,SHORT,ema_cross,1,130.43,pre_fix,130.43,135.54724137931035,120.19551724137932,sl_first,1786715100,2026-08-14T13:45:00+00:00,-1.0,stop_touch,no,,,11.2939,below_50%,sl,1786715021,139.7,,missing,,0,missing,,,no_consecutive_trend,reconstructed
1738,1786651306,2026-08-13T20:01:46+00:00,PLUMEUSDT,LONG,ema_cross,1,0.012506,pre_fix,0.012506,0.012101310344827585,0.013315379310344827,tp_first,1786696200,2026-08-14T08:30:00+00:00,1.9999999999999958,target_touch,no,,,12.651,below_50%,tp,1786695778,0.013323,,missing,,0,missing,,,no_consecutive_trend,reconstructed
1739,1786651321,2026-08-13T20:02:01+00:00,PLTRXUSDT,LONG,ema_cross,1,179.01,pre_fix,179.01,176.35206896551722,184.3258620689655,sl_first,1786716900,2026-08-14T14:15:00+00:00,-1.0,stop_touch,no,,,5.818,below_50%,sl,1786718636,176.35,,missing,,0,missing,,,no_consecutive_trend,reconstructed
1740,1786651362,2026-08-13T20:02:42+00:00,ROBOUSDT,LONG,ema_cross,1,0.01416,pre_fix,0.01416,0.013428620689655174,0.015622758620689656,tp_first,1786710600,2026-08-14T12:30:00+00:00,2.000000000000002,target_touch,no,,,9.9231,below_50%,tp,1786710418,0.01565,,missing,,0,missing,,,no_consecutive_trend,reconstructed
1741,1786651433,2026-08-13T20:03:53+00:00,AEONUSDT,LONG,ema_cross,1,0.0622,pre_fix,0.0622,0.058888965517241376,0.06882206896551724,tp_first,1786664700,2026-08-13T23:45:00+00:00,1.999999999999998,target_touch,no,,,18.3167,below_50%,tp,1786780582,0.07129,,missing,,0,missing,,,no_consecutive_trend,reconstructed
1742,1786651454,2026-08-13T20:04:14+00:00,GLWUSDT,SHORT,ema_cross,1,158.55,pre_fix,158.55,161.41758620689657,152.81482758620692,sl_first,1786695300,2026-08-14T08:15:00+00:00,-1.0,stop_touch,no,,,6.7835,below_50%,sl,1786695060,161.41758620689657,,missing,,0,missing,,,no_consecutive_trend,reconstructed
1743,1786651464,2026-08-13T20:04:24+00:00,ETHFIUSDT,LONG,ema_cross,1,0.4268,pre_fix,0.4268,0.4164896551724138,0.44742068965517245,tp_first,1786657500,2026-08-13T21:45:00+00:00,2.0000000000000053,target_touch,no,,,17.3866,below_50%,tp,1786735615,0.44742068965517245,,missing,,0,missing,,,no_consecutive_trend,reconstructed
1749,1786652159,2026-08-13T20:15:59+00:00,QUSDT,SHORT,ema_cross,1,0.021634,pre_fix,0.021634,0.022590793103448276,0.01972041379310345,unresolved,1786739400,2026-08-14T20:30:00+00:00,-0.11601254189642131,window_close,no,,,7.1757,below_50%,sl,1786780582,0.024029,,missing,,0,missing,,,no_consecutive_trend,reconstructed
1764,1786681433,2026-08-14T04:23:53+00:00,SWARMSUSDT,LONG,ema_cross,1,0.008749,pre_fix,0.008749,0.008398413793103448,0.009450172413793104,sl_first,1786681800,2026-08-14T04:30:00+00:00,-1.0,stop_touch,no,,,20.9077,below_50%,sl,1786685589,0.008317,,missing,,0,missing,,,no_consecutive_trend,reconstructed
1765,1786681532,2026-08-14T04:25:32+00:00,NESUSDT,LONG,ema_cross,1,0.2148,pre_fix,0.2148,0.21121724137931033,0.2219655172413793,sl_first,1786681800,2026-08-14T04:30:00+00:00,-1.0,stop_touch,no,,,9.9085,below_50%,sl,1786682002,0.2105,,missing,,0,missing,,,no_consecutive_trend,reconstructed
1766,1786681622,2026-08-14T04:27:02+00:00,SLXUSDT,LONG,ema_cross,1,0.07939,pre_fix,0.07939,0.07734551724137931,0.08347896551724138,sl_first,1786700700,2026-08-14T09:45:00+00:00,-1.0,stop_touch,no,,,6.331,below_50%,sl,1786700785,0.07698,,missing,,0,missing,,,no_consecutive_trend,reconstructed
1767,1786681631,2026-08-14T04:27:11+00:00,MUSDT,LONG,ema_cross,1,1.1723,pre_fix,1.1723,1.1381793103448274,1.2405413793103448,sl_first,1786693500,2026-08-14T07:45:00+00:00,-1.0,stop_touch,no,,,13.4797,below_50%,sl,1786694309,1.127,,missing,,0,missing,,,no_consecutive_trend,reconstructed
1787,1786693126,2026-08-14T07:38:46+00:00,CHIPUSDT,SHORT,ema_cross,1,0.02188,pre_fix,0.02188,0.02262103448275862,0.020397931034482758,sl_first,1786693500,2026-08-14T07:45:00+00:00,-1.0,stop_touch,no,,,12.981,below_50%,sl,1786693509,0.02265,,missing,,0,missing,,,no_consecutive_trend,reconstructed
1788,1786693160,2026-08-14T07:39:20+00:00,ACEUSDT,LONG,ema_cross,1,0.1311,pre_fix,0.1311,0.12324482758620689,0.1468103448275862,tp_first,1786694400,2026-08-14T08:00:00+00:00,2.0,target_touch,no,,,40.9441,below_50%,tp,1786693985,0.1468103448275862,,missing,,0,missing,,,no_consecutive_trend,reconstructed
1793,1786694601,2026-08-14T08:03:21+00:00,CROSSUSDT,LONG,ema_cross,1,0.10934,pre_fix,0.10934,0.10595758620689656,0.1161048275862069,tp_first,1786698900,2026-08-14T09:15:00+00:00,2.0,target_touch,no,,,20.6512,below_50%,tp,1786698985,0.1161048275862069,,missing,,0,missing,,,no_consecutive_trend,reconstructed
1794,1786694729,2026-08-14T08:05:29+00:00,CROUSDT,LONG,ema_cross,1,0.049,pre_fix,0.049,0.048388275862068966,0.05022344827586207,sl_first,1786702500,2026-08-14T10:15:00+00:00,-1.0,stop_touch,no,,,7.0492,below_50%,sl,1786706548,0.04831,,missing,,0,missing,,,no_consecutive_trend,reconstructed
1849,1786708937,2026-08-14T12:02:17+00:00,ORDIUSDT,SHORT,ema_cross,1,3.408,pre_fix,3.408,3.4855862068965515,3.2528275862068963,unresolved,1786796100,2026-08-15T12:15:00+00:00,0.05155555555555568,window_close,no,,,4.5775,below_50%,sl,1786815887,3.4855862068965515,,missing,,0,missing,,,no_consecutive_trend,reconstructed
1850,1786708982,2026-08-14T12:03:02+00:00,PIXELUSDT,LONG,ema_cross,1,0.004778,pre_fix,0.004778,0.004652068965517241,0.005029862068965518,sl_first,1786712400,2026-08-14T13:00:00+00:00,-1.0,stop_touch,no,,,13.076,below_50%,sl,1786732222,0.004617,,missing,,0,missing,,,no_consecutive_trend,reconstructed
1851,1786709001,2026-08-14T12:03:21+00:00,AIAUSDT,SHORT,ema_cross,1,0.06593,pre_fix,0.06593,0.06845172413793103,0.060886551724137934,sl_first,1786717800,2026-08-14T14:30:00+00:00,-1.0,stop_touch,no,,,13.1355,below_50%,sl,1786718015,0.06859,,missing,,0,missing,,,no_consecutive_trend,reconstructed
1852,1786709063,2026-08-14T12:04:23+00:00,TLMUSDT,LONG,ema_cross,1,0.001659,pre_fix,0.001659,0.0016151724137931035,0.001746655172413793,sl_first,1786710600,2026-08-14T12:30:00+00:00,-1.0,stop_touch,no,,,11.7843,below_50%,sl,1786710781,0.001599,,missing,,0,missing,,,no_consecutive_trend,reconstructed
1902,1786723334,2026-08-14T16:02:14+00:00,AAOIUSDT,LONG,ema_cross,1,149.24,pre_fix,149.24,143.47103448275863,160.77793103448275,unresolved,1786810500,2026-08-15T16:15:00+00:00,0.5009563658099195,window_close,no,,,18.546,below_50%,tp,1786988015,160.77793103448275,,missing,,0,missing,,,no_consecutive_trend,reconstructed
1905,1786732549,2026-08-14T18:35:49+00:00,USARUSDT,LONG,ema_cross,1,20.23,pre_fix,20.23,19.66103448275862,21.36793103448276,sl_first,1786733100,2026-08-14T18:45:00+00:00,-1.0,stop_touch,no,,,10.5717,below_50%,sl,1786975332,18.9,,missing,,0,missing,,,no_consecutive_trend,reconstructed
1907,1786736861,2026-08-14T19:47:41+00:00,ONGUSDT,LONG,ema_cross,1,0.0433,pre_fix,0.0433,0.04241724137931034,0.04506551724137931,tp_first,1786737600,2026-08-14T20:00:00+00:00,2.0,target_touch,no,,,23.4443,below_50%,tp,1786737684,0.04507,,missing,,0,missing,,,no_consecutive_trend,reconstructed
1908,1786736914,2026-08-14T19:48:34+00:00,ALICEUSDT,LONG,ema_cross,1,0.1382,pre_fix,0.1382,0.13488965517241377,0.1448206896551724,tp_first,1786743000,2026-08-14T21:30:00+00:00,1.9999999999999916,target_touch,no,,,33.3624,below_50%,tp,1786743546,0.1448206896551724,,missing,,0,missing,,,no_consecutive_trend,reconstructed
1909,1786736980,2026-08-14T19:49:40+00:00,INJUSDT,SHORT,ema_cross,1,4.22,pre_fix,4.22,4.318413793103448,4.0231724137931035,unresolved,1786824000,2026-08-15T20:00:00+00:00,0.3353188507358031,window_close,no,,,11.5014,below_50%,tp,1787022599,4.0231724137931035,,missing,,0,missing,,,no_consecutive_trend,reconstructed
1910,1786737004,2026-08-14T19:50:04+00:00,GRVTUSDT,SHORT,ema_cross,1,0.3056,pre_fix,0.3056,0.3297448275862069,0.2573103448275862,unresolved,1786824000,2026-08-15T20:00:00+00:00,0.3313339045986864,window_close,no,,,25.493,below_50%,sl,1787154235,0.3298,,missing,,0,missing,,,no_consecutive_trend,reconstructed
1911,1786737707,2026-08-14T20:01:47+00:00,ZAMAUSDT,SHORT,ema_cross,1,0.04467,pre_fix,0.04467,0.04593758620689655,0.0421348275862069,sl_first,1786745700,2026-08-14T22:15:00+00:00,-1.0,stop_touch,no,,,8.8565,below_50%,tp,1786852910,0.04211,,missing,,0,missing,,,no_consecutive_trend,reconstructed
1912,1786737827,2026-08-14T20:03:47+00:00,SCRTUSDT,SHORT,ema_cross,1,0.02838,pre_fix,0.02838,0.030837241379310345,0.02346551724137931,unresolved,1786824900,2026-08-15T20:15:00+00:00,0.3540555711479086,window_close,no,,,49.64,below_50%,tp,1787207222,0.02199,,missing,,0,missing,,,no_consecutive_trend,reconstructed
1913,1786737854,2026-08-14T20:04:14+00:00,PRLUSDT,LONG,ema_cross,1,0.35131,pre_fix,0.35131,0.3393186206896552,0.37529275862068967,tp_first,1786758300,2026-08-15T01:45:00+00:00,2.0,target_touch,no,,,20.4159,below_50%,tp,1786765905,0.38302,,missing,,0,missing,,,no_consecutive_trend,reconstructed
1914,1786737856,2026-08-14T20:04:16+00:00,GLWUSDT,LONG,ema_cross,1,166.12,pre_fix,166.12,162.83344827586208,172.69310344827588,unresolved,1786824900,2026-08-15T20:15:00+00:00,0.3651243311299944,window_close,no,,,5.876,below_50%,tp,1786977808,172.9,,missing,,0,missing,,,no_consecutive_trend,reconstructed
1917,1786739898,2026-08-14T20:38:18+00:00,MAVIAUSDT,LONG,ema_cross,1,0.0317,pre_fix,0.0317,0.030905172413793102,0.03328965517241379,sl_first,1786761000,2026-08-15T02:30:00+00:00,-1.0,stop_touch,no,,,11.6279,below_50%,sl,1786765905,0.0307,,missing,,0,missing,,,no_consecutive_trend,reconstructed
1927,1786769407,2026-08-15T04:50:07+00:00,NEARUSDT,LONG,ema_cross,1,1.6457,pre_fix,1.6457,1.6146310344827586,1.7078379310344827,sl_first,1786837500,2026-08-15T23:45:00+00:00,-1.0,stop_touch,no,,,5.4769,below_50%,sl,1786838854,1.6146310344827586,,missing,,0,missing,,,no_consecutive_trend,reconstructed
1928,1786769524,2026-08-15T04:52:04+00:00,COTIUSDT,SHORT,ema_cross,1,0.01042,pre_fix,0.01042,0.011262068965517243,0.008735862068965518,unresolved,1786856400,2026-08-16T05:00:00+00:00,0.23751023751023792,window_close,no,,,13.417,below_50%,sl,1786869898,0.011262068965517243,,missing,,0,missing,,,no_consecutive_trend,reconstructed
1929,1786769544,2026-08-15T04:52:24+00:00,THETAUSDT,LONG,ema_cross,1,0.1452,pre_fix,0.1452,0.14296206896551725,0.14967586206896552,sl_first,1786773600,2026-08-15T06:00:00+00:00,-1.0,stop_touch,no,,,12.357,below_50%,sl,1786780582,0.1396,,missing,,0,missing,,,no_consecutive_trend,reconstructed
1958,1786781688,2026-08-15T08:14:48+00:00,DOLOUSDT,SHORT,ema_cross,1,0.0216,pre_fix,0.0216,0.022743793103448276,0.01931241379310345,sl_first,1786840200,2026-08-16T00:30:00+00:00,-1.0,stop_touch,no,,,62.0741,at_or_above_50%,sl,1786839601,0.022743793103448276,,missing,,0,missing,,,no_consecutive_trend,reconstructed
1959,1786781783,2026-08-15T08:16:23+00:00,STBLUSDT,LONG,ema_cross,1,0.02433,pre_fix,0.02433,0.02377896551724138,0.02543206896551724,unresolved,1786869000,2026-08-16T08:30:00+00:00,0.5262828535669567,window_close,no,,,6.9706,below_50%,tp,1786898301,0.02548,,missing,,0,missing,,,no_consecutive_trend,reconstructed
1960,1786781863,2026-08-15T08:17:43+00:00,SATSUSDT,LONG,ema_cross,1,1.05e-08,pre_fix,1.05e-08,1.0286896551724138e-08,1.0926206896551723e-08,sl_first,1786804200,2026-08-15T14:30:00+00:00,-1.0,stop_touch,no,,,7.322,below_50%,sl,1786861279,1.027e-08,,missing,,0,missing,,,no_consecutive_trend,reconstructed
1961,1786781868,2026-08-15T08:17:48+00:00,YGGUSDT,LONG,ema_cross,1,0.01955,pre_fix,0.01955,0.019141034482758622,0.02036793103448276,unresolved,1786869000,2026-08-16T08:30:00+00:00,0.6602023608768963,window_close,no,,,12.5958,below_50%,sl,1787031289,0.01914,,missing,,0,missing,,,no_consecutive_trend,reconstructed
1970,1786786916,2026-08-15T09:41:56+00:00,HEMIUSDT,LONG,ema_cross,1,0.00552,pre_fix,0.00552,0.005356931034482758,0.0058461379310344825,sl_first,1786787100,2026-08-15T09:45:00+00:00,-1.0,stop_touch,yes,1786784775,pump_24h_fade,41.9108,below_50%,sl,1786787069,0.005321,,missing,,0,missing,,,no_consecutive_trend,reconstructed
1989,1786811177,2026-08-15T16:26:17+00:00,XAIUSDT,LONG,ema_cross,1,0.006735,pre_fix,0.006735,0.006500965517241379,0.007203068965517241,tp_first,1786859100,2026-08-16T05:45:00+00:00,2.0,target_touch,no,,,9.9021,below_50%,tp,1786865484,0.007203068965517241,,missing,,0,missing,,,no_consecutive_trend,reconstructed
1990,1786811191,2026-08-15T16:26:31+00:00,BTRUSDT,LONG,ema_cross,1,0.02954,pre_fix,0.02954,0.02667655172413793,0.03526689655172414,unresolved,1786897800,2026-08-16T16:30:00+00:00,0.18159922928709035,window_close,no,,,12.3461,below_50%,open,,,,missing,,0,missing,,,no_consecutive_trend,reconstructed
1991,1786811199,2026-08-15T16:26:39+00:00,HOMEUSDT,SHORT,ema_cross,1,0.00882,pre_fix,0.00882,0.009526551724137931,0.007406896551724137,tp_first,1786893300,2026-08-16T15:15:00+00:00,1.9999999999999987,target_touch,no,,,18.4758,below_50%,tp,1786911829,0.00718,,missing,,0,missing,,,no_consecutive_trend,reconstructed
1992,1786811228,2026-08-15T16:27:08+00:00,NOMUSDT,LONG,ema_cross,1,0.001637,pre_fix,0.001637,0.0015990344827586207,0.0017129310344827587,tp_first,1786863600,2026-08-16T07:00:00+00:00,2.0,target_touch,no,,,12.3449,below_50%,tp,1786862797,0.0017129310344827587,,missing,,0,missing,,,no_consecutive_trend,reconstructed
1993,1786811257,2026-08-15T16:27:37+00:00,OUSDT,LONG,ema_cross,1,0.4619,pre_fix,0.4619,0.45136896551724137,0.4829620689655172,tp_first,1786871700,2026-08-16T09:15:00+00:00,2.0,target_touch,no,,,5.8301,below_50%,tp,1786871357,0.4859,,missing,,0,missing,,,no_consecutive_trend,reconstructed
1994,1786811322,2026-08-15T16:28:42+00:00,SLPUSDT,LONG,ema_cross,1,0.000537,pre_fix,0.000537,0.0005248275862068966,0.0005613448275862069,sl_first,1786842900,2026-08-16T01:15:00+00:00,-1.0,stop_touch,no,,,11.5234,below_50%,sl,1786842598,0.0005248275862068966,,missing,,0,missing,,,no_consecutive_trend,reconstructed
1995,1786811408,2026-08-15T16:30:08+00:00,BIRBUSDT,LONG,ema_cross,1,0.05424,pre_fix,0.05424,0.0522951724137931,0.05812965517241379,sl_first,1786839300,2026-08-16T00:15:00+00:00,-1.0,stop_touch,no,,,7.1914,below_50%,sl,1786838854,0.05197,,missing,,0,missing,,,no_consecutive_trend,reconstructed
2042,1786839706,2026-08-16T00:21:46+00:00,BANKUSDT,SHORT,ema_cross,1,0.03692,pre_fix,0.03692,0.03922448275862069,0.03231103448275862,unresolved,1786926600,2026-08-17T00:30:00+00:00,0.7116564417177922,window_close,no,,,7.4328,below_50%,sl,1787360776,0.03922448275862069,,missing,,0,missing,,,no_consecutive_trend,reconstructed
2043,1786839711,2026-08-16T00:21:51+00:00,AIGENSYNUSDT,LONG,ema_cross,1,0.02151,pre_fix,0.02151,0.021040689655172414,0.022448620689655172,sl_first,1786846500,2026-08-16T02:15:00+00:00,-1.0,stop_touch,no,,,9.6192,below_50%,sl,1786846470,0.021040689655172414,,missing,,0,missing,,,no_consecutive_trend,reconstructed
2044,1786839749,2026-08-16T00:22:29+00:00,PROVEUSDT,LONG,ema_cross,1,0.1527,pre_fix,0.1527,0.15035517241379312,0.1573896551724138,sl_first,1786858200,2026-08-16T05:30:00+00:00,-1.0,stop_touch,no,,,9.2669,below_50%,sl,1786861279,0.15,,missing,,0,missing,,,no_consecutive_trend,reconstructed
2045,1786839830,2026-08-16T00:23:50+00:00,EDENUSDT,SHORT,ema_cross,1,0.04335,pre_fix,0.04335,0.04905551724137931,0.031938965517241374,unresolved,1786926600,2026-08-17T00:30:00+00:00,-0.2383657681614891,window_close,no,,,43.9776,below_50%,sl,1786979380,0.04905551724137931,,missing,,0,missing,,,no_consecutive_trend,reconstructed
2046,1786839912,2026-08-16T00:25:12+00:00,CHILLGUYUSDT,LONG,ema_cross,1,0.011019,pre_fix,0.011019,0.010652137931034481,0.011752724137931034,unresolved,1786926600,2026-08-17T00:30:00+00:00,-0.11448444402669025,window_close,no,,,5.7476,below_50%,sl,1787023815,0.010652137931034481,,missing,,0,missing,,,no_consecutive_trend,reconstructed
2115,1786862293,2026-08-16T06:38:13+00:00,FHEUSDT,LONG,ema_cross,1,0.02668,pre_fix,0.02668,0.025132758620689654,0.02977448275862069,unresolved,1786949100,2026-08-17T06:45:00+00:00,-0.4394918653889013,window_close,no,,,14.5833,below_50%,tp,1786982524,0.03021,,missing,,0,missing,,,no_consecutive_trend,reconstructed
2127,1786867096,2026-08-16T07:58:16+00:00,RONUSDT,LONG,ema_cross,1,0.05126,pre_fix,0.05126,0.05004344827586207,0.05369310344827586,tp_first,1786869000,2026-08-16T08:30:00+00:00,1.9999999999999942,target_touch,no,,,17.6596,below_50%,tp,1786869172,0.05369310344827586,,missing,,0,missing,,,no_consecutive_trend,reconstructed
2133,1786868303,2026-08-16T08:18:23+00:00,龙虾USDT,LONG,ema_cross,1,0.020317,pre_fix,0.020317,0.018579241379310347,0.02379251724137931,unresolved,1786955400,2026-08-17T08:30:00+00:00,0.45978767734894205,window_close,no,,,24.7869,below_50%,tp,1787258586,0.02379251724137931,,missing,,0,missing,,,no_consecutive_trend,reconstructed
2134,1786868334,2026-08-16T08:18:54+00:00,ESPUSDT,SHORT,ema_cross,1,0.06966,pre_fix,0.06966,0.07232310344827586,0.06433379310344828,sl_first,1786887000,2026-08-16T13:30:00+00:00,-1.0,stop_touch,no,,,8.612,below_50%,sl,1786886969,0.07234,,missing,,0,missing,,,no_consecutive_trend,reconstructed
2135,1786868350,2026-08-16T08:19:10+00:00,DOLOUSDT,LONG,ema_cross,1,0.02481,pre_fix,0.02481,0.023406206896551724,0.02761758620689655,sl_first,1786869000,2026-08-16T08:30:00+00:00,-1.0,stop_touch,no,,,32.0475,below_50%,sl,1786868666,0.02334,,missing,,0,missing,,,no_consecutive_trend,reconstructed
2163,1786882200,2026-08-16T12:10:00+00:00,ARCUSDT,SHORT,ema_cross,1,0.06951,pre_fix,0.06951,0.07269827586206896,0.06313344827586206,sl_first,1786893300,2026-08-16T15:15:00+00:00,-1.0,stop_touch,no,,,8.2948,below_50%,sl,1786893116,0.07269827586206896,,missing,,0,missing,,,no_consecutive_trend,reconstructed
2164,1786882292,2026-08-16T12:11:32+00:00,MORPHOUSDT,LONG,ema_cross,1,1.9956,pre_fix,1.9956,1.9717655172413793,2.0432689655172416,tp_first,1786940100,2026-08-17T04:15:00+00:00,2.0,target_touch,no,,,3.5528,below_50%,tp,1786949826,2.0475,,missing,,0,missing,,,no_consecutive_trend,reconstructed
2165,1786882334,2026-08-16T12:12:14+00:00,ACTUSDT,LONG,ema_cross,1,0.01025,pre_fix,0.01025,0.009927586206896552,0.010894827586206897,sl_first,1786916700,2026-08-16T21:45:00+00:00,-1.0,stop_touch,no,,,9.3071,below_50%,sl,1786916991,0.00985,,missing,,0,missing,,,no_consecutive_trend,reconstructed
2166,1786882388,2026-08-16T12:13:08+00:00,TOWNSUSDT,LONG,ema_cross,1,0.002357,pre_fix,0.002357,0.0022984137931034484,0.0024741724137931037,sl_first,1786916700,2026-08-16T21:45:00+00:00,-1.0,stop_touch,no,,,9.7912,below_50%,sl,1786916554,0.002296,,missing,,0,missing,,,no_consecutive_trend,reconstructed
2167,1786882448,2026-08-16T12:14:08+00:00,UAIUSDT,LONG,ema_cross,1,0.26287,pre_fix,0.26287,0.254011724137931,0.28058655172413793,unresolved,1786968900,2026-08-17T12:15:00+00:00,-0.12304877574058663,window_close,no,,,14.4591,below_50%,sl,1787380071,0.24179,,missing,,0,missing,,,no_consecutive_trend,reconstructed
2203,1786913869,2026-08-16T20:57:49+00:00,EPICUSDT,LONG,ema_cross,1,0.3629,pre_fix,0.3629,0.33853793103448276,0.4116241379310345,unresolved,1787000400,2026-08-17T21:00:00+00:00,-0.20523708421797615,window_close,no,,,16.1922,below_50%,sl,1787031857,0.33853793103448276,,missing,,0,missing,,,no_consecutive_trend,reconstructed
2231,1786958861,2026-08-17T09:27:41+00:00,MUBARAKUSDT,LONG,ema_cross,1,0.01732,pre_fix,0.01732,0.01640241379310345,0.019155172413793102,sl_first,1787029200,2026-08-18T05:00:00+00:00,-1.0,stop_touch,no,,,16.4478,below_50%,sl,1787029946,0.01640241379310345,,missing,,0,missing,,,no_consecutive_trend,reconstructed
2232,1786958874,2026-08-17T09:27:54+00:00,KSTRUSDT,LONG,ema_cross,1,25.78,pre_fix,25.78,25.504827586206897,26.33034482758621,sl_first,1787018400,2026-08-18T02:00:00+00:00,-1.0,stop_touch,no,,,5.4789,below_50%,sl,1787022599,25.26,,missing,,0,missing,,,no_consecutive_trend,reconstructed
2233,1786958880,2026-08-17T09:28:00+00:00,ONDOUSDT,LONG,ema_cross,1,0.3368,pre_fix,0.3368,0.3316965517241379,0.3470068965517241,sl_first,1787018400,2026-08-18T02:00:00+00:00,-1.0,stop_touch,no,,,4.5945,below_50%,sl,1787022599,0.3298,,missing,,0,missing,,,no_consecutive_trend,reconstructed
2234,1786958953,2026-08-17T09:29:13+00:00,ONUSDT,SHORT,ema_cross,1,0.36373,pre_fix,0.36373,0.38603793103448275,0.3191141379310345,sl_first,1786968900,2026-08-17T12:15:00+00:00,-1.0,stop_touch,no,,,18.1645,below_50%,tp,1787029946,0.31582,,missing,,0,missing,,,no_consecutive_trend,reconstructed
2235,1786958959,2026-08-17T09:29:19+00:00,MOVEUSDT,SHORT,ema_cross,1,0.00616,pre_fix,0.00616,0.006397586206896551,0.005684827586206896,unresolved,1787045400,2026-08-18T09:30:00+00:00,0.5892597968069646,window_close,no,,,5.7096,below_50%,sl,1787244214,0.0064,,missing,,0,missing,,,no_consecutive_trend,reconstructed
2236,1786958984,2026-08-17T09:29:44+00:00,TLMUSDT,SHORT,ema_cross,1,0.001448,pre_fix,0.001448,0.0015021034482758623,0.001339793103448276,sl_first,1786969800,2026-08-17T12:30:00+00:00,-1.0,stop_touch,no,,,15.093,below_50%,tp,1786978274,0.001334,,missing,,0,missing,,,no_consecutive_trend,reconstructed
2237,1786959021,2026-08-17T09:30:21+00:00,PNUTUSDT,LONG,ema_cross,1,0.04168,pre_fix,0.04168,0.040842068965517245,0.043355862068965516,sl_first,1786977900,2026-08-17T14:45:00+00:00,-1.0,stop_touch,no,,,5.25,below_50%,sl,1786993324,0.04084,,missing,,0,missing,,,no_consecutive_trend,reconstructed
2238,1786959031,2026-08-17T09:30:31+00:00,PUMPUSDT,LONG,ema_cross,1,0.00289,pre_fix,0.00289,0.0027897241379310346,0.0030905517241379315,sl_first,1786998600,2026-08-17T20:30:00+00:00,-1.0,stop_touch,no,,,13.0369,below_50%,sl,1786998035,0.0027897241379310346,,missing,,0,missing,,,no_consecutive_trend,reconstructed
2239,1786959075,2026-08-17T09:31:15+00:00,LAUSDT,LONG,ema_cross,1,0.04974,pre_fix,0.04974,0.04836758620689655,0.05248482758620689,tp_first,1787044500,2026-08-18T09:15:00+00:00,2.0,target_touch,no,,,7.8556,below_50%,tp,1787044281,0.05252,,missing,,0,missing,,,no_consecutive_trend,reconstructed
2240,1786959078,2026-08-17T09:31:18+00:00,ARCUSDT,LONG,ema_cross,1,0.0765,pre_fix,0.0765,0.0733006896551724,0.08289862068965517,sl_first,1786968900,2026-08-17T12:15:00+00:00,-1.0,stop_touch,no,,,13.3275,below_50%,sl,1786981173,0.0733006896551724,,missing,,0,missing,,,no_consecutive_trend,reconstructed
2259,1786968478,2026-08-17T12:07:58+00:00,EVAAUSDT,LONG,ema_cross,1,0.8252,pre_fix,0.8252,0.8014275862068966,0.872744827586207,sl_first,1786978800,2026-08-17T15:00:00+00:00,-1.0,stop_touch,no,,,10.0223,below_50%,sl,1786978036,0.8014275862068966,,missing,,0,missing,,,no_consecutive_trend,reconstructed
2298,1786968479,2026-08-17T12:07:59+00:00,EVAAUSDT,LONG,ema_cross_confirmed,1,0.8252,pre_fix,0.8252,0.8252,0.8252,ambiguous,1786968900,2026-08-17T12:15:00+00:00,nan,both_barriers_same_candle,no,,,10.0223,below_50%,ttl_expired,,,,missing,,0,missing,,,no_consecutive_trend,reconstructed
2260,1786968577,2026-08-17T12:09:37+00:00,币安人生USDT,SHORT,ema_cross,1,0.46769,pre_fix,0.46769,0.4817196551724138,0.43963068965517244,unresolved,1787055300,2026-08-18T12:15:00+00:00,0.35923905028756775,window_close,no,,,15.3843,below_50%,tp,1787151653,0.42548,,missing,,0,missing,,,no_consecutive_trend,reconstructed
2303,1786968578,2026-08-17T12:09:38+00:00,币安人生USDT,SHORT,ema_cross_confirmed,1,0.46769,pre_fix,0.46769,0.46769,0.46769,ambiguous,1786968900,2026-08-17T12:15:00+00:00,nan,both_barriers_same_candle,no,,,15.3843,below_50%,ttl_expired,,,,missing,,0,missing,,,no_consecutive_trend,reconstructed
2261,1786975212,2026-08-17T14:00:12+00:00,币安人生USDT,SHORT,ema_cross_confirmed,1,0.46175,pre_fix,0.46175,0.48980931034482755,0.4056313793103449,unresolved,1787062500,2026-08-18T14:15:00+00:00,-0.050607088433368946,window_close,no,,,16.8165,below_50%,sl,1787220564,0.48980931034482755,,missing,,0,missing,,,no_consecutive_trend,reconstructed
2268,1786976703,2026-08-17T14:25:03+00:00,ATUSDT,SHORT,ema_cross,1,0.15172,pre_fix,0.15172,0.15869896551724139,0.13776206896551724,unresolved,1787063400,2026-08-18T14:30:00+00:00,0.3711151736745853,window_close,no,,,6.3256,below_50%,sl,1787311979,0.15884,,missing,,0,missing,,,no_consecutive_trend,reconstructed
2337,1786976704,2026-08-17T14:25:04+00:00,ATUSDT,SHORT,ema_cross_confirmed,1,0.15172,pre_fix,0.15172,0.15172,0.15172,ambiguous,1786977000,2026-08-17T14:30:00+00:00,nan,both_barriers_same_candle,no,,,6.3256,below_50%,ttl_expired,,,,missing,,0,missing,,,no_consecutive_trend,reconstructed
2269,1786976826,2026-08-17T14:27:06+00:00,ACEUSDT,LONG,ema_cross,1,0.1832,pre_fix,0.1832,0.1450344827586207,0.2595310344827586,unresolved,1787063400,2026-08-18T14:30:00+00:00,1.228857968919407,window_close,no,,,55.5217,at_or_above_50%,tp,1787238249,0.2595310344827586,,missing,,0,missing,,,no_consecutive_trend,reconstructed
2338,1786976827,2026-08-17T14:27:07+00:00,ACEUSDT,LONG,ema_cross_confirmed,1,0.1832,pre_fix,0.1832,0.1832,0.1832,ambiguous,1786977000,2026-08-17T14:30:00+00:00,nan,both_barriers_same_candle,no,,,55.5217,at_or_above_50%,ttl_expired,,,,missing,,0,missing,,,no_consecutive_trend,reconstructed
2292,1786982860,2026-08-17T16:07:40+00:00,B2USDT,SHORT,ema_cross,1,0.4654,pre_fix,0.4654,0.4801620689655172,0.4358758620689655,unresolved,1787069700,2026-08-18T16:15:00+00:00,-0.6706377014716203,window_close,no,,,11.9238,below_50%,tp,1787249077,0.4358758620689655,,missing,,0,missing,,,no_consecutive_trend,reconstructed
2354,1786982860,2026-08-17T16:07:40+00:00,B2USDT,SHORT,ema_cross_confirmed,1,0.4654,pre_fix,0.4654,0.4654,0.4654,ambiguous,1786983300,2026-08-17T16:15:00+00:00,nan,both_barriers_same_candle,no,,,11.9238,below_50%,ttl_expired,,,,missing,,0,missing,,,no_consecutive_trend,reconstructed
2293,1786982861,2026-08-17T16:07:41+00:00,CBRSUSDT,LONG,ema_cross,1,254.1,pre_fix,254.1,247.32758620689654,267.6448275862069,sl_first,1787018400,2026-08-18T02:00:00+00:00,-1.0,stop_touch,no,,,17.8943,below_50%,sl,1787022599,246.0,,missing,,0,missing,,,no_consecutive_trend,reconstructed
2355,1786982862,2026-08-17T16:07:42+00:00,CBRSUSDT,LONG,ema_cross_confirmed,1,254.1,pre_fix,254.1,254.1,254.1,sl_first,1786983300,2026-08-17T16:15:00+00:00,nan,stop_touch,no,,,17.8943,below_50%,ttl_expired,,,,missing,,0,missing,,,no_consecutive_trend,reconstructed
2294,1786982871,2026-08-17T16:07:51+00:00,JELLYJELLYUSDT,SHORT,ema_cross,1,0.05757,pre_fix,0.05757,0.05857620689655173,0.055557586206896555,unresolved,1787069700,2026-08-18T16:15:00+00:00,1.0137080191912269,window_close,no,,,3.3351,below_50%,tp,1787151653,0.05467,,missing,,0,missing,,,no_consecutive_trend,reconstructed
2356,1786982871,2026-08-17T16:07:51+00:00,JELLYJELLYUSDT,SHORT,ema_cross_confirmed,1,0.05757,pre_fix,0.05757,0.05757,0.05757,tp_first,1786983300,2026-08-17T16:15:00+00:00,nan,target_touch,no,,,3.3351,below_50%,ttl_expired,,,,missing,,0,missing,,,no_consecutive_trend,reconstructed
2295,1786982877,2026-08-17T16:07:57+00:00,B2USDT,SHORT,ema_cross_confirmed,1,0.4637,pre_fix,0.4637,0.4932241379310345,0.40465172413793105,unresolved,1787069700,2026-08-18T16:15:00+00:00,-0.3928988554076151,window_close,no,,,11.9238,below_50%,sl,1787308255,0.4939,,missing,,0,missing,,,no_consecutive_trend,reconstructed
2296,1786982898,2026-08-17T16:08:18+00:00,ACUUSDT,LONG,ema_cross,1,0.12462,pre_fix,0.12462,0.11257482758620689,0.14871034482758622,unresolved,1787069700,2026-08-18T16:15:00+00:00,-0.2689874323666651,window_close,no,,,28.6571,below_50%,sl,1787428750,0.1114,,missing,,0,missing,,,no_consecutive_trend,reconstructed
2357,1786982898,2026-08-17T16:08:18+00:00,ACUUSDT,LONG,ema_cross_confirmed,1,0.12462,pre_fix,0.12462,0.12462,0.12462,ambiguous,1786983300,2026-08-17T16:15:00+00:00,nan,both_barriers_same_candle,no,,,28.6571,below_50%,ttl_expired,,,,missing,,0,missing,,,no_consecutive_trend,reconstructed
2297,1786982928,2026-08-17T16:08:48+00:00,IDOLUSDT,SHORT,ema_cross,1,0.01629,pre_fix,0.01629,0.016628379310344825,0.015613241379310343,unresolved,1787069700,2026-08-18T16:15:00+00:00,-0.3753184551105756,window_close,no,,,8.2157,below_50%,sl,1787305133,0.016708,,missing,,0,missing,,,no_consecutive_trend,reconstructed
2359,1786982929,2026-08-17T16:08:49+00:00,IDOLUSDT,SHORT,ema_cross_confirmed,1,0.01629,pre_fix,0.01629,0.01629,0.01629,ambiguous,1786983300,2026-08-17T16:15:00+00:00,nan,both_barriers_same_candle,no,,,8.2157,below_50%,ttl_expired,,,,missing,,0,missing,,,no_consecutive_trend,reconstructed
2299,1786982930,2026-08-17T16:08:50+00:00,FLNCUSDT,SHORT,ema_cross,1,12.57,pre_fix,12.57,12.748310344827587,12.213379310344827,sl_first,1786986900,2026-08-17T17:15:00+00:00,-1.0,stop_touch,no,,,6.8403,below_50%,sl,1786986337,12.748310344827587,,missing,,0,missing,,,no_consecutive_trend,reconstructed
2360,1786982931,2026-08-17T16:08:51+00:00,FLNCUSDT,SHORT,ema_cross_confirmed,1,12.57,pre_fix,12.57,12.57,12.57,ambiguous,1786983300,2026-08-17T16:15:00+00:00,nan,both_barriers_same_candle,no,,,6.8403,below_50%,ttl_expired,,,,missing,,0,missing,,,no_consecutive_trend,reconstructed
2300,1786982942,2026-08-17T16:09:02+00:00,SPCXUSDT,LONG,ema_cross,1,148.86,pre_fix,148.86,146.59862068965518,153.38275862068966,sl_first,1786990500,2026-08-17T18:15:00+00:00,-1.0,stop_touch,no,,,7.586,below_50%,sl,1786989937,146.59,,missing,,0,missing,,,no_consecutive_trend,reconstructed
2361,1786982943,2026-08-17T16:09:03+00:00,SPCXUSDT,LONG,ema_cross_confirmed,1,148.86,pre_fix,148.86,148.86,148.86,ambiguous,1786983300,2026-08-17T16:15:00+00:00,nan,both_barriers_same_candle,no,,,7.586,below_50%,ttl_expired,,,,missing,,0,missing,,,no_consecutive_trend,reconstructed
2301,1786982969,2026-08-17T16:09:29+00:00,QUSDT,SHORT,ema_cross,1,0.0202,pre_fix,0.0202,0.021431379310344827,0.017737241379310344,unresolved,1787069700,2026-08-18T16:15:00+00:00,-0.45558667040045014,window_close,yes,1786981188,oversold_24h,38.8914,below_50%,sl,1787290361,0.02192,,missing,,0,missing,,,no_consecutive_trend,reconstructed
2362,1786982970,2026-08-17T16:09:30+00:00,QUSDT,SHORT,ema_cross_confirmed,1,0.0202,pre_fix,0.0202,0.0202,0.0202,ambiguous,1786983300,2026-08-17T16:15:00+00:00,nan,both_barriers_same_candle,yes,1786981188,oversold_24h,38.8914,below_50%,ttl_expired,,,,missing,,0,missing,,,no_consecutive_trend,reconstructed
2302,1786982976,2026-08-17T16:09:36+00:00,CRCLXUSDT,LONG,ema_cross,1,75.02,pre_fix,75.02,73.7706896551724,77.51862068965517,sl_first,1787020200,2026-08-18T02:30:00+00:00,-1.0,stop_touch,no,,,6.4352,below_50%,sl,1787022599,73.09,,missing,,0,missing,,,no_consecutive_trend,reconstructed
2363,1786982977,2026-08-17T16:09:37+00:00,CRCLXUSDT,LONG,ema_cross_confirmed,1,75.02,pre_fix,75.02,75.02,75.02,ambiguous,1786983300,2026-08-17T16:15:00+00:00,nan,both_barriers_same_candle,no,,,6.4352,below_50%,ttl_expired,,,,missing,,0,missing,,,no_consecutive_trend,reconstructed
2304,1786982999,2026-08-17T16:09:59+00:00,AWEUSDT,SHORT,ema_cross,1,0.05892,pre_fix,0.05892,0.06062,0.05552,sl_first,1787032800,2026-08-18T06:00:00+00:00,-1.0,stop_touch,no,,,15.0927,below_50%,sl,1787032819,0.06068,,missing,,0,missing,,,no_consecutive_trend,reconstructed
2366,1786982999,2026-08-17T16:09:59+00:00,AWEUSDT,SHORT,ema_cross_confirmed,1,0.05892,pre_fix,0.05892,0.05892,0.05892,tp_first,1786983300,2026-08-17T16:15:00+00:00,nan,target_touch,no,,,15.0927,below_50%,ttl_expired,,,,missing,,0,missing,,,no_consecutive_trend,reconstructed
2305,1786983002,2026-08-17T16:10:02+00:00,CRDOUSDT,LONG,ema_cross,1,281.12,pre_fix,281.12,276.46758620689656,290.4248275862069,sl_first,1787021100,2026-08-18T02:45:00+00:00,-1.0,stop_touch,no,,,8.3333,below_50%,sl,1787023329,275.5,,missing,,0,missing,,,no_consecutive_trend,reconstructed
2367,1786983002,2026-08-17T16:10:02+00:00,CRDOUSDT,LONG,ema_cross_confirmed,1,281.12,pre_fix,281.12,281.12,281.12,tp_first,1786983300,2026-08-17T16:15:00+00:00,nan,target_touch,no,,,8.3333,below_50%,ttl_expired,,,,missing,,0,missing,,,no_consecutive_trend,reconstructed
2306,1786983027,2026-08-17T16:10:27+00:00,VELVETUSDT,SHORT,ema_cross,1,0.61961,pre_fix,0.61961,0.7629268965517242,0.3329762068965517,unresolved,1787069700,2026-08-18T16:15:00+00:00,-0.37664784333728735,window_close,yes,1786980948,oversold_24h,75.842,at_or_above_50%,sl,1787307805,0.7629268965517242,,missing,,0,missing,,,no_consecutive_trend,reconstructed
2368,1786983027,2026-08-17T16:10:27+00:00,VELVETUSDT,SHORT,ema_cross_confirmed,1,0.61961,pre_fix,0.61961,0.61961,0.61961,sl_first,1786983300,2026-08-17T16:15:00+00:00,nan,stop_touch,yes,1786980948,oversold_24h,75.842,at_or_above_50%,ttl_expired,,,,missing,,0,missing,,,no_consecutive_trend,reconstructed
2307,1786983028,2026-08-17T16:10:28+00:00,COHRUSDT,LONG,ema_cross,1,357.56,pre_fix,357.56,348.57068965517243,375.5386206896552,sl_first,1787017500,2026-08-18T01:45:00+00:00,-1.0,stop_touch,no,,,9.7344,below_50%,sl,1787022599,339.59,,missing,,0,missing,,,no_consecutive_trend,reconstructed
2369,1786983029,2026-08-17T16:10:29+00:00,COHRUSDT,LONG,ema_cross_confirmed,1,357.56,pre_fix,357.56,357.56,357.56,tp_first,1786983300,2026-08-17T16:15:00+00:00,nan,target_touch,no,,,9.7344,below_50%,ttl_expired,,,,missing,,0,missing,,,no_consecutive_trend,reconstructed
2308,1786983053,2026-08-17T16:10:53+00:00,HEIUSDT,LONG,ema_cross,1,0.136,pre_fix,0.136,0.12592206896551725,0.15615586206896553,unresolved,1787069700,2026-08-18T16:15:00+00:00,-0.06548963251899206,window_close,no,,,6.1973,below_50%,sl,1787210162,0.12573,,missing,,0,missing,,,no_consecutive_trend,reconstructed
2375,1786983053,2026-08-17T16:10:53+00:00,HEIUSDT,LONG,ema_cross_confirmed,1,0.136,pre_fix,0.136,0.136,0.136,sl_first,1786983300,2026-08-17T16:15:00+00:00,nan,stop_touch,no,,,6.1973,below_50%,ttl_expired,,,,missing,,0,missing,,,no_consecutive_trend,reconstructed
2309,1786983063,2026-08-17T16:11:03+00:00,VELVETUSDT,SHORT,ema_cross_confirmed,1,0.62704,pre_fix,0.62704,0.9136737931034483,0.05377241379310349,unresolved,1787069700,2026-08-18T16:15:00+00:00,-0.16240234445489732,window_close,yes,1786980948,oversold_24h,75.842,at_or_above_50%,open,,,,missing,,0,missing,,,no_consecutive_trend,reconstructed
2310,1786983301,2026-08-17T16:15:01+00:00,QUSDT,SHORT,ema_cross_confirmed,1,0.019991,pre_fix,0.019991,0.022453758620689653,0.015065482758620689,unresolved,1787070600,2026-08-18T16:30:00+00:00,-0.31956034724167026,window_close,yes,1786981188,oversold_24h,40.8503,below_50%,sl,1787304626,0.022462,,missing,,0,missing,,,no_consecutive_trend,reconstructed
2311,1786983302,2026-08-17T16:15:02+00:00,AWEUSDT,SHORT,ema_cross_confirmed,1,0.05873,pre_fix,0.05873,0.06213,0.05193,unresolved,1787070600,2026-08-18T16:30:00+00:00,-0.13823529411764857,window_close,no,,,15.0927,below_50%,sl,1787173781,0.06213,,missing,,0,missing,,,no_consecutive_trend,reconstructed
2320,1786986004,2026-08-17T17:00:04+00:00,CRDOUSDT,LONG,ema_cross_confirmed,1,284.99,pre_fix,284.99,278.01137931034486,298.9472413793103,sl_first,1787018400,2026-08-18T02:00:00+00:00,-1.0,stop_touch,no,,,9.1916,below_50%,sl,1787022599,277.53,,missing,,0,missing,,,no_consecutive_trend,reconstructed
2321,1786986049,2026-08-17T17:00:49+00:00,ATUSDT,SHORT,ema_cross_confirmed,1,0.15055,pre_fix,0.15055,0.16450793103448275,0.12263413793103448,unresolved,1787073300,2026-08-18T17:15:00+00:00,-0.13612332625129794,window_close,no,,,6.9904,below_50%,open,,,,missing,,0,missing,,,no_consecutive_trend,reconstructed
2330,1786988759,2026-08-17T17:45:59+00:00,IDOLUSDT,SHORT,ema_cross_confirmed,1,0.016278,pre_fix,0.016278,0.016954758620689656,0.01492448275862069,unresolved,1787076000,2026-08-18T18:00:00+00:00,-0.17879343727708072,window_close,no,,,8.1846,below_50%,open,,,,missing,,0,missing,,,no_consecutive_trend,reconstructed
2333,1786989657,2026-08-17T18:00:57+00:00,CBRSUSDT,LONG,ema_cross_confirmed,1,255.1,pre_fix,255.1,244.94137931034481,275.4172413793103,sl_first,1787021100,2026-08-18T02:45:00+00:00,-1.0,stop_touch,no,,,17.8943,below_50%,sl,1787023003,244.9,,missing,,0,missing,,,no_consecutive_trend,reconstructed
2349,1786995057,2026-08-17T19:30:57+00:00,CRCLXUSDT,LONG,ema_cross_confirmed,1,75.53,pre_fix,75.53,73.65603448275863,79.27793103448275,sl_first,1787020200,2026-08-18T02:30:00+00:00,-1.0,stop_touch,no,,,6.7316,below_50%,sl,1787022599,73.09,,missing,,0,missing,,,no_consecutive_trend,reconstructed
2353,1786996853,2026-08-17T20:00:53+00:00,FLNCUSDT,SHORT,ema_cross_confirmed,1,12.632,pre_fix,12.632,12.988620689655173,11.918758620689653,tp_first,1787061600,2026-08-18T14:00:00+00:00,2.0,target_touch,no,,,7.4391,below_50%,tp,1787060966,11.903,,missing,,0,missing,,,no_consecutive_trend,reconstructed
2358,1786997357,2026-08-17T20:09:17+00:00,TUTUSDT,LONG,ema_cross,1,0.045118,pre_fix,0.045118,0.03868013793103448,0.05799372413793104,sl_first,1787030100,2026-08-18T05:15:00+00:00,-1.0,stop_touch,no,,,87.3761,at_or_above_50%,sl,1787029996,0.03868013793103448,,missing,,0,missing,,,no_consecutive_trend,reconstructed
2364,1786997408,2026-08-17T20:10:08+00:00,PLUMEUSDT,SHORT,ema_cross,1,0.012316,pre_fix,0.012316,0.012873068965517242,0.011201862068965517,unresolved,1787084100,2026-08-18T20:15:00+00:00,0.2836273599504799,window_close,no,,,7.459,below_50%,sl,1787152229,0.012877,,missing,,0,missing,,,no_consecutive_trend,reconstructed
2365,1786997431,2026-08-17T20:10:31+00:00,ALLOUSDT,LONG,ema_cross,1,0.29927,pre_fix,0.29927,0.2889920689655172,0.3198258620689655,sl_first,1787004900,2026-08-17T22:15:00+00:00,-1.0,stop_touch,no,,,15.6624,below_50%,sl,1787022599,0.28697,,missing,,0,missing,,,no_consecutive_trend,reconstructed
2370,1786997449,2026-08-17T20:10:49+00:00,AMATUSDT,LONG,ema_cross,1,537.4,pre_fix,537.4,529.4827586206897,553.2344827586206,sl_first,1787018400,2026-08-18T02:00:00+00:00,-1.0,stop_touch,no,,,6.2119,below_50%,sl,1787022599,524.5,,missing,,0,missing,,,no_consecutive_trend,reconstructed
2371,1786997451,2026-08-17T20:10:51+00:00,FIGHTUSDT,SHORT,ema_cross,1,0.003865,pre_fix,0.003865,0.003995310344827586,0.0036043793103448275,tp_first,1787028300,2026-08-18T04:45:00+00:00,2.000000000000003,target_touch,no,,,13.6304,below_50%,tp,1787029946,0.00356,,missing,,0,missing,,,no_consecutive_trend,reconstructed
2372,1786997454,2026-08-17T20:10:54+00:00,PLUMEUSDT,SHORT,ema_cross_confirmed,1,0.012315,pre_fix,0.012315,0.013429137931034483,0.010086724137931033,unresolved,1787084100,2026-08-18T20:15:00+00:00,0.1409161250386869,window_close,no,,,7.459,below_50%,sl,1787223239,0.013476,,missing,,0,missing,,,no_consecutive_trend,reconstructed
2373,1786997473,2026-08-17T20:11:13+00:00,WALUSDT,SHORT,ema_cross,1,0.02076,pre_fix,0.02076,0.02168793103448276,0.018904137931034484,sl_first,1787066100,2026-08-18T15:15:00+00:00,-1.0,stop_touch,no,,,5.7571,below_50%,sl,1787065401,0.02174,,missing,,0,missing,,,no_consecutive_trend,reconstructed
2374,1786997496,2026-08-17T20:11:36+00:00,GIGGLEUSDT,LONG,ema_cross,1,34.85,pre_fix,34.85,33.66172413793104,37.226551724137934,sl_first,1787016600,2026-08-18T01:30:00+00:00,-1.0,stop_touch,no,,,15.0531,below_50%,sl,1787015842,33.58,,missing,,0,missing,,,no_consecutive_trend,reconstructed
2376,1786997515,2026-08-17T20:11:55+00:00,AMATUSDT,LONG,ema_cross_confirmed,1,535.7,pre_fix,535.7,523.8241379310346,559.451724137931,sl_first,1787020200,2026-08-18T02:30:00+00:00,-1.0,stop_touch,no,,,6.2119,below_50%,sl,1787022733,523.8241379310346,,missing,,0,missing,,,no_consecutive_trend,reconstructed
2377,1786997525,2026-08-17T20:12:05+00:00,BEUSDT,SHORT,ema_cross,1,233.1,pre_fix,233.1,237.89310344827587,223.51379310344828,tp_first,1787040900,2026-08-18T08:15:00+00:00,1.999999999999994,target_touch,no,,,6.6696,below_50%,tp,1787044206,221.8,,missing,,0,missing,,,no_consecutive_trend,reconstructed
2386,1786998725,2026-08-17T20:32:05+00:00,ACEUSDT,LONG,ema_cross_confirmed,1,0.1676,pre_fix,0.1676,0.1676,0.1676,sl_first,1786999500,2026-08-17T20:45:00+00:00,nan,stop_touch,no,,,55.5217,at_or_above_50%,ttl_expired,,,,missing,,0,missing,,,no_consecutive_trend,reconstructed
2387,1787013345,2026-08-18T00:35:45+00:00,BMTUSDT,LONG,ema_cross,1,0.01676,pre_fix,0.01676,0.015608275862068966,0.01906344827586207,sl_first,1787025600,2026-08-18T04:00:00+00:00,-1.0,stop_touch,no,,,25.8503,below_50%,sl,1787029946,0.01518,,missing,,0,missing,,,no_consecutive_trend,reconstructed
2388,1787013513,2026-08-18T00:38:33+00:00,SKYAIUSDT,LONG,ema_cross,1,0.07542,pre_fix,0.07542,0.07040103448275863,0.08545793103448275,sl_first,1787022900,2026-08-18T03:15:00+00:00,-1.0,stop_touch,no,,,19.0272,below_50%,sl,1787022673,0.07040103448275863,,missing,,0,missing,,,no_consecutive_trend,reconstructed
2389,1787013550,2026-08-18T00:39:10+00:00,ARMUSDT,SHORT,ema_cross,1,273.77,pre_fix,273.77,277.863448275862,265.58310344827584,tp_first,1787022000,2026-08-18T03:00:00+00:00,2.0000000000000138,target_touch,no,,,5.9493,below_50%,tp,1787022599,265.08,,missing,,0,missing,,,no_consecutive_trend,reconstructed
2395,1787022596,2026-08-18T03:09:56+00:00,ARMUSDT,SHORT,ema_cross_confirmed,1,264.94,pre_fix,264.94,273.12689655172414,248.5662068965517,tp_first,1787066100,2026-08-18T15:15:00+00:00,2.0,target_touch,no,,,8.8959,below_50%,tp,1787151923,248.5662068965517,,missing,,0,missing,,,no_consecutive_trend,reconstructed
2415,1787023814,2026-08-18T03:30:14+00:00,SOPHUSDT,SHORT,ema_cross,1,0.003412,pre_fix,0.003412,0.0035423448275862073,0.0031513103448275862,unresolved,1787111100,2026-08-19T03:45:00+00:00,0.8362433862433858,window_close,no,,,10.2402,below_50%,sl,1787172758,0.003552,,missing,,0,missing,,,no_consecutive_trend,reconstructed
2424,1787031106,2026-08-18T05:31:46+00:00,SANDUSDT,SHORT,ema_cross,1,0.0382,pre_fix,0.0382,0.03890172413793103,0.03679655172413793,sl_first,1787042700,2026-08-18T08:45:00+00:00,-1.0,stop_touch,no,,,8.8581,below_50%,sl,1787044206,0.03892,,missing,,0,missing,,,no_consecutive_trend,reconstructed
2475,1787031107,2026-08-18T05:31:47+00:00,SANDUSDT,SHORT,ema_cross_confirmed,1,0.0382,pre_fix,0.0382,0.0382,0.0382,ambiguous,1787031900,2026-08-18T05:45:00+00:00,nan,both_barriers_same_candle,no,,,8.8581,below_50%,ttl_expired,,,,missing,,0,missing,,,no_consecutive_trend,reconstructed
2425,1787031108,2026-08-18T05:31:48+00:00,INTWUSDT,SHORT,ema_cross,1,23.93,pre_fix,23.93,24.63241379310345,22.525172413793104,tp_first,1787045400,2026-08-18T09:30:00+00:00,1.999999999999995,target_touch,no,,,11.0072,below_50%,tp,1787045053,22.48,,missing,,0,missing,,,no_consecutive_trend,reconstructed
2476,1787031108,2026-08-18T05:31:48+00:00,INTWUSDT,SHORT,ema_cross_confirmed,1,23.93,pre_fix,23.93,23.93,23.93,tp_first,1787031900,2026-08-18T05:45:00+00:00,nan,target_touch,no,,,11.0072,below_50%,ttl_expired,,,,missing,,0,missing,,,no_consecutive_trend,reconstructed
2426,1787031109,2026-08-18T05:31:49+00:00,CHILLGUYUSDT,SHORT,ema_cross,1,0.010714,pre_fix,0.010714,0.011025379310344828,0.010091241379310344,sl_first,1787071500,2026-08-18T16:45:00+00:00,-1.0,stop_touch,no,,,7.5395,below_50%,sl,1787151653,0.011074,,missing,,0,missing,,,no_consecutive_trend,reconstructed
2477,1787031110,2026-08-18T05:31:50+00:00,CHILLGUYUSDT,SHORT,ema_cross_confirmed,1,0.010714,pre_fix,0.010714,0.010714,0.010714,ambiguous,1787031900,2026-08-18T05:45:00+00:00,nan,both_barriers_same_candle,no,,,7.5395,below_50%,ttl_expired,,,,missing,,0,missing,,,no_consecutive_trend,reconstructed
2427,1787031113,2026-08-18T05:31:53+00:00,LINEAUSDT,SHORT,ema_cross,1,0.002093,pre_fix,0.002093,0.002122965517241379,0.002033068965517241,unresolved,1787118300,2026-08-19T05:45:00+00:00,0.46720368239354476,window_close,no,,,4.508,below_50%,sl,1787151972,0.002139,,missing,,0,missing,,,no_consecutive_trend,reconstructed
2478,1787031114,2026-08-18T05:31:54+00:00,LINEAUSDT,SHORT,ema_cross_confirmed,1,0.002093,pre_fix,0.002093,0.002093,0.002093,tp_first,1787031900,2026-08-18T05:45:00+00:00,nan,target_touch,no,,,4.508,below_50%,ttl_expired,,,,missing,,0,missing,,,no_consecutive_trend,reconstructed
2428,1787031137,2026-08-18T05:32:17+00:00,GUAUSDT,LONG,ema_cross,1,0.04281,pre_fix,0.04281,0.041028620689655175,0.04637275862068966,unresolved,1787118300,2026-08-19T05:45:00+00:00,0.8420441347270632,window_close,no,,,8.9947,below_50%,tp,1787173781,0.04637275862068966,,missing,,0,missing,,,no_consecutive_trend,reconstructed
2479,1787031138,2026-08-18T05:32:18+00:00,GUAUSDT,LONG,ema_cross_confirmed,1,0.04281,pre_fix,0.04281,0.04281,0.04281,ambiguous,1787031900,2026-08-18T05:45:00+00:00,nan,both_barriers_same_candle,no,,,8.9947,below_50%,ttl_expired,,,,missing,,0,missing,,,no_consecutive_trend,reconstructed
2429,1787031153,2026-08-18T05:32:33+00:00,LINEAUSDT,SHORT,ema_cross_confirmed,1,0.002084,pre_fix,0.002084,0.0021439310344827586,0.0019641379310344825,unresolved,1787118300,2026-08-19T05:45:00+00:00,0.08342922899884574,window_close,no,,,4.508,below_50%,sl,1787152748,0.002145,,missing,,0,missing,,,no_consecutive_trend,reconstructed
2430,1787031168,2026-08-18T05:32:48+00:00,CRWVUSDT,SHORT,ema_cross,1,103.9,pre_fix,103.9,106.05758620689656,99.5848275862069,tp_first,1787060700,2026-08-18T13:45:00+00:00,2.0,target_touch,no,,,8.4953,below_50%,tp,1787059918,99.29,,missing,,0,missing,,,no_consecutive_trend,reconstructed
2480,1787031168,2026-08-18T05:32:48+00:00,CRWVUSDT,SHORT,ema_cross_confirmed,1,103.9,pre_fix,103.9,103.9,103.9,ambiguous,1787031900,2026-08-18T05:45:00+00:00,nan,both_barriers_same_candle,no,,,8.4953,below_50%,ttl_expired,,,,missing,,0,missing,,,no_consecutive_trend,reconstructed
2431,1787031176,2026-08-18T05:32:56+00:00,SQQQUSDT,LONG,ema_cross,1,37.25,pre_fix,37.25,36.86379310344827,38.022413793103446,tp_first,1787060700,2026-08-18T13:45:00+00:00,1.9999999999999816,target_touch,no,,,5.0394,below_50%,tp,1787060065,38.022413793103446,,missing,,0,missing,,,no_consecutive_trend,reconstructed
2432,1787031177,2026-08-18T05:32:57+00:00,NOTUSDT,SHORT,ema_cross,1,0.0003768,pre_fix,0.0003768,0.0003867586206896552,0.00035688275862068964,unresolved,1787118300,2026-08-19T05:45:00+00:00,-0.30124653739612356,window_close,no,,,4.9041,below_50%,sl,1787153958,0.0003903,,missing,,0,missing,,,no_consecutive_trend,reconstructed
2484,1787031177,2026-08-18T05:32:57+00:00,SQQQUSDT,LONG,ema_cross_confirmed,1,37.25,pre_fix,37.25,37.25,37.25,ambiguous,1787031900,2026-08-18T05:45:00+00:00,nan,both_barriers_same_candle,no,,,5.0394,below_50%,ttl_expired,,,,missing,,0,missing,,,no_consecutive_trend,reconstructed
2485,1787031178,2026-08-18T05:32:58+00:00,NOTUSDT,SHORT,ema_cross_confirmed,1,0.0003768,pre_fix,0.0003768,0.0003768,0.0003768,tp_first,1787031900,2026-08-18T05:45:00+00:00,nan,target_touch,no,,,4.9041,below_50%,ttl_expired,,,,missing,,0,missing,,,no_consecutive_trend,reconstructed
2433,1787031201,2026-08-18T05:33:21+00:00,BLURUSDT,SHORT,ema_cross,1,0.0129,pre_fix,0.0129,0.013050689655172414,0.012598620689655173,sl_first,1787041800,2026-08-18T08:30:00+00:00,-1.0,stop_touch,no,,,3.5294,below_50%,sl,1787044468,0.01306,,missing,,0,missing,,,no_consecutive_trend,reconstructed
2486,1787031201,2026-08-18T05:33:21+00:00,BLURUSDT,SHORT,ema_cross_confirmed,1,0.0129,pre_fix,0.0129,0.0129,0.0129,tp_first,1787031900,2026-08-18T05:45:00+00:00,nan,target_touch,no,,,3.5294,below_50%,ttl_expired,,,,missing,,0,missing,,,no_consecutive_trend,reconstructed
2434,1787031214,2026-08-18T05:33:34+00:00,CRWVUSDT,SHORT,ema_cross_confirmed,1,103.75,pre_fix,103.75,108.0651724137931,95.11965517241379,tp_first,1787074200,2026-08-18T17:30:00+00:00,2.0,target_touch,no,,,8.4953,below_50%,tp,1787078374,94.48,,missing,,0,missing,,,no_consecutive_trend,reconstructed
2435,1787031218,2026-08-18T05:33:38+00:00,MANTAUSDT,SHORT,ema_cross,1,0.05612,pre_fix,0.05612,0.05696793103448276,0.05442413793103448,unresolved,1787118300,2026-08-19T05:45:00+00:00,0.7193981293208684,window_close,no,,,5.4785,below_50%,sl,1787153958,0.05739,,missing,,0,missing,,,no_consecutive_trend,reconstructed
2487,1787031218,2026-08-18T05:33:38+00:00,MANTAUSDT,SHORT,ema_cross_confirmed,1,0.05612,pre_fix,0.05612,0.05612,0.05612,tp_first,1787031900,2026-08-18T05:45:00+00:00,nan,target_touch,no,,,5.4785,below_50%,ttl_expired,,,,missing,,0,missing,,,no_consecutive_trend,reconstructed
2436,1787031232,2026-08-18T05:33:52+00:00,JUSUNGUSDT,LONG,ema_cross,1,130.8,pre_fix,130.8,127.32344827586208,137.75310344827588,sl_first,1787031900,2026-08-18T05:45:00+00:00,-1.0,stop_touch,no,,,10.1774,below_50%,sl,1787031260,127.32344827586208,,missing,,0,missing,,,no_consecutive_trend,reconstructed
2488,1787031232,2026-08-18T05:33:52+00:00,JUSUNGUSDT,LONG,ema_cross_confirmed,1,130.8,pre_fix,130.8,130.8,130.8,sl_first,1787031900,2026-08-18T05:45:00+00:00,nan,stop_touch,no,,,10.1774,below_50%,ttl_expired,,,,missing,,0,missing,,,no_consecutive_trend,reconstructed
2437,1787031277,2026-08-18T05:34:37+00:00,INTCUSDT,SHORT,ema_cross,1,101.41,pre_fix,101.41,102.8503448275862,98.52931034482758,tp_first,1787045400,2026-08-18T09:30:00+00:00,2.0000000000000098,target_touch,no,,,5.3971,below_50%,tp,1787044941,98.52931034482758,,missing,,0,missing,,,no_consecutive_trend,reconstructed
2490,1787031278,2026-08-18T05:34:38+00:00,INTCUSDT,SHORT,ema_cross_confirmed,1,101.41,pre_fix,101.41,101.41,101.41,tp_first,1787031900,2026-08-18T05:45:00+00:00,nan,target_touch,no,,,5.3971,below_50%,ttl_expired,,,,missing,,0,missing,,,no_consecutive_trend,reconstructed
2438,1787031280,2026-08-18T05:34:40+00:00,BSVUSDT,SHORT,ema_cross,1,14.88,pre_fix,14.88,15.152758620689657,14.334482758620691,tp_first,1787084100,2026-08-18T20:15:00+00:00,1.9999999999999936,target_touch,no,,,5.4054,below_50%,sl,1787153958,15.26,,missing,,0,missing,,,no_consecutive_trend,reconstructed
2491,1787031280,2026-08-18T05:34:40+00:00,BSVUSDT,SHORT,ema_cross_confirmed,1,14.88,pre_fix,14.88,14.88,14.88,tp_first,1787031900,2026-08-18T05:45:00+00:00,nan,target_touch,no,,,5.4054,below_50%,ttl_expired,,,,missing,,0,missing,,,no_consecutive_trend,reconstructed
2439,1787031308,2026-08-18T05:35:08+00:00,TQQQXUSDT,SHORT,ema_cross,1,74.73,pre_fix,74.73,75.44275862068966,73.3044827586207,tp_first,1787058000,2026-08-18T13:00:00+00:00,2.0,target_touch,no,,,5.0818,below_50%,tp,1787057153,73.29,,missing,,0,missing,,,no_consecutive_trend,reconstructed
2496,1787031308,2026-08-18T05:35:08+00:00,TQQQXUSDT,SHORT,ema_cross_confirmed,1,74.73,pre_fix,74.73,74.73,74.73,ambiguous,1787031900,2026-08-18T05:45:00+00:00,nan,both_barriers_same_candle,no,,,5.0818,below_50%,ttl_expired,,,,missing,,0,missing,,,no_consecutive_trend,reconstructed
2440,1787031343,2026-08-18T05:35:43+00:00,COWUSDT,SHORT,ema_cross,1,0.1051,pre_fix,0.1051,0.11308620689655172,0.08912758620689655,unresolved,1787118300,2026-08-19T05:45:00+00:00,0.10017271157167477,window_close,no,,,9.4556,below_50%,sl,1787238522,0.11308620689655172,,missing,,0,missing,,,no_consecutive_trend,reconstructed
2497,1787031344,2026-08-18T05:35:44+00:00,COWUSDT,SHORT,ema_cross_confirmed,1,0.1051,pre_fix,0.1051,0.1051,0.1051,ambiguous,1787031900,2026-08-18T05:45:00+00:00,nan,both_barriers_same_candle,no,,,9.4556,below_50%,ttl_expired,,,,missing,,0,missing,,,no_consecutive_trend,reconstructed
2441,1787031355,2026-08-18T05:35:55+00:00,EIGENUSDT,SHORT,ema_cross,1,0.1677,pre_fix,0.1677,0.17084137931034482,0.16141724137931032,sl_first,1787035500,2026-08-18T06:45:00+00:00,-1.0,stop_touch,no,,,4.9787,below_50%,sl,1787035298,0.1709,,missing,,0,missing,,,no_consecutive_trend,reconstructed
2498,1787031355,2026-08-18T05:35:55+00:00,EIGENUSDT,SHORT,ema_cross_confirmed,1,0.1677,pre_fix,0.1677,0.1677,0.1677,tp_first,1787031900,2026-08-18T05:45:00+00:00,nan,target_touch,no,,,4.9787,below_50%,ttl_expired,,,,missing,,0,missing,,,no_consecutive_trend,reconstructed
2446,1787031929,2026-08-18T05:45:29+00:00,SOPHUSDT,SHORT,ema_cross_confirmed,1,0.003368,pre_fix,0.003368,0.0036286896551724138,0.002846620689655172,unresolved,1787119200,2026-08-19T06:00:00+00:00,0.12275132275132238,window_close,no,,,8.7387,below_50%,sl,1787271577,0.003631,,missing,,0,missing,,,no_consecutive_trend,reconstructed
2447,1787031935,2026-08-18T05:45:35+00:00,SQQQUSDT,LONG,ema_cross_confirmed,1,37.24,pre_fix,37.24,36.66068965517241,38.39862068965518,tp_first,1787065200,2026-08-18T15:00:00+00:00,2.0,target_touch,no,,,5.0394,below_50%,tp,1787065163,38.4,,missing,,0,missing,,,no_consecutive_trend,reconstructed
2448,1787031940,2026-08-18T05:45:40+00:00,TQQQXUSDT,SHORT,ema_cross_confirmed,1,74.67,pre_fix,74.67,76.53675,70.93650000000001,unresolved,1787119200,2026-08-19T06:00:00+00:00,1.607071112896749,window_close,no,,,5.0818,below_50%,tp,1787226593,70.93650000000001,,missing,,0,missing,,,no_consecutive_trend,reconstructed
2454,1787033484,2026-08-18T06:11:24+00:00,KATUSDT,SHORT,ema_cross,1,0.0042,pre_fix,0.0042,0.0042641379310344825,0.004071724137931034,sl_first,1787044500,2026-08-18T09:15:00+00:00,-1.0,stop_touch,no,,,5.9809,below_50%,sl,1787044206,0.00427,,missing,,0,missing,,,no_consecutive_trend,reconstructed
2457,1787034682,2026-08-18T06:31:22+00:00,NOTUSDT,SHORT,ema_cross_confirmed,1,0.0003755,pre_fix,0.0003755,0.0003954172413793104,0.0003356655172413793,unresolved,1787121900,2026-08-19T06:45:00+00:00,-0.15062326869805906,window_close,no,,,4.8141,below_50%,sl,1787172758,0.0003961,,missing,,0,missing,,,no_consecutive_trend,reconstructed
2459,1787035525,2026-08-18T06:45:25+00:00,BSVUSDT,SHORT,ema_cross_confirmed,1,14.85,pre_fix,14.85,15.39551724137931,13.75896551724138,unresolved,1787122800,2026-08-19T07:00:00+00:00,1.1182048040455124,window_close,no,,,4.8649,below_50%,sl,1787207222,15.87,,missing,,0,missing,,,no_consecutive_trend,reconstructed
2460,1787044201,2026-08-18T09:10:01+00:00,GUAUSDT,LONG,ema_cross_confirmed,1,0.04353,pre_fix,0.04353,0.04085793103448276,0.048874137931034484,unresolved,1787130900,2026-08-19T09:15:00+00:00,0.5014840624596724,window_close,no,,,8.9947,below_50%,sl,1787395810,0.04072,,missing,,0,missing,,,no_consecutive_trend,reconstructed
2473,1787045459,2026-08-18T09:30:59+00:00,CHILLGUYUSDT,SHORT,ema_cross_confirmed,1,0.010611,pre_fix,0.010611,0.011233758620689656,0.00936548275862069,unresolved,1787132700,2026-08-19T09:45:00+00:00,-0.18466223698781642,window_close,no,,,7.5395,below_50%,sl,1787153958,0.011242,,missing,,0,missing,,,no_consecutive_trend,reconstructed
2481,1787045578,2026-08-18T09:32:58+00:00,BSBUSDT,SHORT,ema_cross,1,0.1197,pre_fix,0.1197,0.12531103448275863,0.10847793103448276,sl_first,1787063400,2026-08-18T14:30:00+00:00,-1.0,stop_touch,no,,,13.8195,below_50%,sl,1787063240,0.12531103448275863,,missing,,0,missing,,,no_consecutive_trend,reconstructed
2539,1787045578,2026-08-18T09:32:58+00:00,BSBUSDT,SHORT,ema_cross_confirmed,1,0.1197,pre_fix,0.1197,0.1197,0.1197,sl_first,1787046300,2026-08-18T09:45:00+00:00,nan,stop_touch,no,,,13.8195,below_50%,ttl_expired,,,,missing,,0,missing,,,no_consecutive_trend,reconstructed
2482,1787045584,2026-08-18T09:33:04+00:00,WUSDT,SHORT,ema_cross,1,0.008118,pre_fix,0.008118,0.008256655172413793,0.007840689655172414,unresolved,1787132700,2026-08-19T09:45:00+00:00,0.32454613280278494,window_close,no,,,4.6992,below_50%,sl,1787151854,0.008269,,missing,,0,missing,,,no_consecutive_trend,reconstructed
2540,1787045584,2026-08-18T09:33:04+00:00,WUSDT,SHORT,ema_cross_confirmed,1,0.008118,pre_fix,0.008118,0.008118,0.008118,sl_first,1787046300,2026-08-18T09:45:00+00:00,nan,stop_touch,no,,,4.6992,below_50%,ttl_expired,,,,missing,,0,missing,,,no_consecutive_trend,reconstructed
2483,1787045605,2026-08-18T09:33:25+00:00,GFSUSDT,SHORT,ema_cross,1,52.01,pre_fix,52.01,52.69,50.65,tp_first,1787047200,2026-08-18T10:00:00+00:00,2.0,target_touch,no,,,8.4677,below_50%,tp,1787046920,50.65,,missing,,0,missing,,,no_consecutive_trend,reconstructed
2541,1787045605,2026-08-18T09:33:25+00:00,GFSUSDT,SHORT,ema_cross_confirmed,1,52.01,pre_fix,52.01,52.01,52.01,tp_first,1787046300,2026-08-18T09:45:00+00:00,nan,target_touch,no,,,8.4677,below_50%,ttl_expired,,,,missing,,0,missing,,,no_consecutive_trend,reconstructed
2489,1787045664,2026-08-18T09:34:24+00:00,BIRBUSDT,SHORT,ema_cross,1,0.05044,pre_fix,0.05044,0.05180655172413793,0.04770689655172414,unresolved,1787132700,2026-08-19T09:45:00+00:00,0.28538985616956963,window_close,no,,,8.3567,below_50%,sl,1787151972,0.05194,,missing,,0,missing,,,no_consecutive_trend,reconstructed
2542,1787045664,2026-08-18T09:34:24+00:00,BIRBUSDT,SHORT,ema_cross_confirmed,1,0.05044,pre_fix,0.05044,0.05044,0.05044,sl_first,1787046300,2026-08-18T09:45:00+00:00,nan,stop_touch,no,,,8.3567,below_50%,ttl_expired,,,,missing,,0,missing,,,no_consecutive_trend,reconstructed
2492,1787045703,2026-08-18T09:35:03+00:00,JPN225USDT,SHORT,ema_cross,1,420.88,pre_fix,420.88,427.2679310344828,408.1041379310345,unresolved,1787132700,2026-08-19T09:45:00+00:00,0.7748987854250956,window_close,no,,,4.9159,below_50%,tp,1787259932,408.1041379310345,,missing,,0,missing,,,no_consecutive_trend,reconstructed
2543,1787045704,2026-08-18T09:35:04+00:00,JPN225USDT,SHORT,ema_cross_confirmed,1,420.88,pre_fix,420.88,420.88,420.88,sl_first,1787046300,2026-08-18T09:45:00+00:00,nan,stop_touch,no,,,4.9159,below_50%,ttl_expired,,,,missing,,0,missing,,,no_consecutive_trend,reconstructed
2493,1787045710,2026-08-18T09:35:10+00:00,ARCUSDT,SHORT,ema_cross,1,0.07073,pre_fix,0.07073,0.07398068965517242,0.06422862068965518,unresolved,1787132700,2026-08-19T09:45:00+00:00,-0.5321947597326807,window_close,no,,,12.5923,below_50%,open,,,,missing,,0,missing,,,no_consecutive_trend,reconstructed
2544,1787045710,2026-08-18T09:35:10+00:00,ARCUSDT,SHORT,ema_cross_confirmed,1,0.07073,pre_fix,0.07073,0.07073,0.07073,tp_first,1787046300,2026-08-18T09:45:00+00:00,nan,target_touch,no,,,12.5923,below_50%,ttl_expired,,,,missing,,0,missing,,,no_consecutive_trend,reconstructed
2494,1787045719,2026-08-18T09:35:19+00:00,TACUSDT,SHORT,ema_cross,1,0.002627,pre_fix,0.002627,0.002720551724137931,0.002439896551724138,sl_first,1787067000,2026-08-18T15:30:00+00:00,-1.0,stop_touch,no,,,9.1118,below_50%,tp,1787151653,0.002419,,missing,,0,missing,,,no_consecutive_trend,reconstructed
2545,1787045719,2026-08-18T09:35:19+00:00,TACUSDT,SHORT,ema_cross_confirmed,1,0.002627,pre_fix,0.002627,0.002627,0.002627,ambiguous,1787046300,2026-08-18T09:45:00+00:00,nan,both_barriers_same_candle,no,,,9.1118,below_50%,ttl_expired,,,,missing,,0,missing,,,no_consecutive_trend,reconstructed
2495,1787045727,2026-08-18T09:35:27+00:00,INUSDT,SHORT,ema_cross,1,0.03095,pre_fix,0.03095,0.03151724137931034,0.02981551724137931,sl_first,1787055300,2026-08-18T12:15:00+00:00,-1.0,stop_touch,no,,,5.0814,below_50%,sl,1787055022,0.03156,,missing,,0,missing,,,no_consecutive_trend,reconstructed
2546,1787045728,2026-08-18T09:35:28+00:00,INUSDT,SHORT,ema_cross_confirmed,1,0.03095,pre_fix,0.03095,0.03095,0.03095,ambiguous,1787046300,2026-08-18T09:45:00+00:00,nan,both_barriers_same_candle,no,,,5.0814,below_50%,ttl_expired,,,,missing,,0,missing,,,no_consecutive_trend,reconstructed
2499,1787045764,2026-08-18T09:36:04+00:00,WLDUSDT,SHORT,ema_cross,1,0.3224,pre_fix,0.3224,0.33250689655172416,0.30218620689655173,unresolved,1787132700,2026-08-19T09:45:00+00:00,0.45513476629136723,window_close,no,,,15.1056,below_50%,sl,1787153958,0.3439,,missing,,0,missing,,,no_consecutive_trend,reconstructed
2547,1787045765,2026-08-18T09:36:05+00:00,WLDUSDT,SHORT,ema_cross_confirmed,1,0.3224,pre_fix,0.3224,0.3224,0.3224,ambiguous,1787046300,2026-08-18T09:45:00+00:00,nan,both_barriers_same_candle,no,,,15.1056,below_50%,ttl_expired,,,,missing,,0,missing,,,no_consecutive_trend,reconstructed
2500,1787045780,2026-08-18T09:36:20+00:00,IRENUSDT,SHORT,ema_cross,1,43.49,pre_fix,43.49,44.384827586206896,41.70034482758621,sl_first,1787060700,2026-08-18T13:45:00+00:00,-1.0,stop_touch,no,,,8.2443,below_50%,sl,1787059888,44.44,,missing,,0,missing,,,no_consecutive_trend,reconstructed
2548,1787045781,2026-08-18T09:36:21+00:00,IRENUSDT,SHORT,ema_cross_confirmed,1,43.49,pre_fix,43.49,43.49,43.49,tp_first,1787046300,2026-08-18T09:45:00+00:00,nan,target_touch,no,,,8.2443,below_50%,ttl_expired,,,,missing,,0,missing,,,no_consecutive_trend,reconstructed
2501,1787045791,2026-08-18T09:36:31+00:00,PENDLEUSDT,LONG,ema_cross,1,1.358,pre_fix,1.358,1.3366206896551724,1.4007586206896554,sl_first,1787061600,2026-08-18T14:00:00+00:00,-1.0,stop_touch,no,,,6.089,below_50%,sl,1787061205,1.336,,missing,,0,missing,,,no_consecutive_trend,reconstructed
2549,1787045792,2026-08-18T09:36:32+00:00,PENDLEUSDT,LONG,ema_cross_confirmed,1,1.358,pre_fix,1.358,1.358,1.358,sl_first,1787046300,2026-08-18T09:45:00+00:00,nan,stop_touch,no,,,6.089,below_50%,ttl_expired,,,,missing,,0,missing,,,no_consecutive_trend,reconstructed
2503,1787045825,2026-08-18T09:37:05+00:00,IRENUSDT,SHORT,ema_cross_confirmed,1,43.14,pre_fix,43.14,44.929655172413796,39.56068965517241,sl_first,1787060700,2026-08-18T13:45:00+00:00,-1.0,stop_touch,no,,,8.2443,below_50%,sl,1787059946,44.96,,missing,,0,missing,,,no_consecutive_trend,reconstructed
2507,1787047208,2026-08-18T10:00:08+00:00,GFSUSDT,SHORT,ema_cross_confirmed,1,51.28,pre_fix,51.28,52.64,48.56,unresolved,1787134500,2026-08-19T10:15:00+00:00,1.1250000000000013,window_close,no,,,10.3537,below_50%,tp,1787161349,48.54,,missing,,0,missing,,,no_consecutive_trend,reconstructed
2518,1787055154,2026-08-18T12:12:34+00:00,IONQUSDT,SHORT,ema_cross,1,45.04,pre_fix,45.04,45.742758620689656,43.634482758620685,sl_first,1787060700,2026-08-18T13:45:00+00:00,-1.0,stop_touch,no,,,6.7808,below_50%,sl,1787060424,45.77,,missing,,0,missing,,,no_consecutive_trend,reconstructed
2519,1787055156,2026-08-18T12:12:36+00:00,KORUUSDT,SHORT,ema_cross,1,20.205,pre_fix,20.205,20.97513793103448,18.66472413793103,tp_first,1787065200,2026-08-18T15:00:00+00:00,2.0,target_touch,no,,,28.2116,below_50%,tp,1787064984,18.66472413793103,,missing,,0,missing,,,no_consecutive_trend,reconstructed
2520,1787055221,2026-08-18T12:13:41+00:00,SOXLUSDT,SHORT,ema_cross,1,135.94,pre_fix,135.94,139.0948275862069,129.6303448275862,tp_first,1787061600,2026-08-18T14:00:00+00:00,2.0,target_touch,yes,1787052980,oversold_24h,16.3153,below_50%,tp,1787061324,129.52,,missing,,0,missing,,,no_consecutive_trend,reconstructed
2521,1787055228,2026-08-18T12:13:48+00:00,SOXSUSDT,LONG,ema_cross,1,42.44,pre_fix,42.44,41.571379310344824,44.177241379310345,tp_first,1787061600,2026-08-18T14:00:00+00:00,2.0,target_touch,no,,,15.9306,below_50%,tp,1787061352,44.24,,missing,,0,missing,,,no_consecutive_trend,reconstructed
2522,1787055248,2026-08-18T12:14:08+00:00,BLUAIUSDT,LONG,ema_cross,1,0.013249,pre_fix,0.013249,0.012628034482758621,0.014490931034482759,unresolved,1787141700,2026-08-19T12:15:00+00:00,-0.3414038205242121,window_close,no,,,7.2694,below_50%,sl,1787231202,0.012628034482758621,,missing,,0,missing,,,no_consecutive_trend,reconstructed
2523,1787055254,2026-08-18T12:14:14+00:00,SOXSUSDT,LONG,ema_cross_confirmed,1,42.48,pre_fix,42.48,41.177068965517236,45.08586206896552,tp_first,1787065200,2026-08-18T15:00:00+00:00,2.0,target_touch,no,,,15.9306,below_50%,tp,1787064866,45.08586206896552,,missing,,0,missing,,,no_consecutive_trend,reconstructed
2524,1787055261,2026-08-18T12:14:21+00:00,HUSDT,SHORT,ema_cross,1,0.11478,pre_fix,0.11478,0.13083551724137932,0.08266896551724137,unresolved,1787141700,2026-08-19T12:15:00+00:00,1.252528940529626,window_close,no,,,14.3035,below_50%,tp,1787208867,0.08262,,missing,,0,missing,,,no_consecutive_trend,reconstructed
2525,1787055271,2026-08-18T12:14:31+00:00,POWERUSDT,LONG,ema_cross,1,0.08997,pre_fix,0.08997,0.0870406896551724,0.09582862068965517,sl_first,1787065200,2026-08-18T15:00:00+00:00,-1.0,stop_touch,no,,,14.7921,below_50%,sl,1787065191,0.08699,,missing,,0,missing,,,no_consecutive_trend,reconstructed
2526,1787055307,2026-08-18T12:15:07+00:00,AMDUSDT,SHORT,ema_cross,1,489.86,pre_fix,489.86,495.55620689655177,478.46758620689656,tp_first,1787062500,2026-08-18T14:15:00+00:00,1.99999999999999,target_touch,no,,,5.853,below_50%,tp,1787062313,478.31,,missing,,0,missing,,,no_consecutive_trend,reconstructed
2527,1787055343,2026-08-18T12:15:43+00:00,RIVERUSDT,SHORT,ema_cross,1,2.589,pre_fix,2.589,2.678896551724138,2.409206896551724,sl_first,1787088600,2026-08-18T21:30:00+00:00,-1.0,stop_touch,no,,,10.4338,below_50%,sl,1787167516,2.678896551724138,,missing,,0,missing,,,no_consecutive_trend,reconstructed
2528,1787055377,2026-08-18T12:16:17+00:00,RIVERUSDT,SHORT,ema_cross_confirmed,1,2.583,pre_fix,2.583,2.762793103448276,2.2234137931034486,unresolved,1787142600,2026-08-19T12:30:00+00:00,0.12792481779823628,window_close,no,,,10.4338,below_50%,sl,1787240886,2.762793103448276,,missing,,0,missing,,,no_consecutive_trend,reconstructed
2530,1787056661,2026-08-18T12:37:41+00:00,OUSTUSDT,SHORT,ema_cross,1,46.25,pre_fix,46.25,47.430689655172415,43.88862068965517,tp_first,1787062500,2026-08-18T14:15:00+00:00,2.0,target_touch,no,,,13.9785,below_50%,tp,1787062400,43.87,,missing,,0,missing,,,no_consecutive_trend,reconstructed
2531,1787057117,2026-08-18T12:45:17+00:00,AMDUSDT,SHORT,ema_cross_confirmed,1,489.04,pre_fix,489.04,501.26599999999996,464.58800000000014,unresolved,1787144400,2026-08-19T13:00:00+00:00,-0.05480124325208263,window_close,no,,,5.9093,below_50%,tp,1787151762,464.54,,missing,,0,missing,,,no_consecutive_trend,reconstructed
2534,1787058912,2026-08-18T13:15:12+00:00,IONQUSDT,SHORT,ema_cross_confirmed,1,44.55,pre_fix,44.55,45.95551724137931,41.73896551724137,sl_first,1787060700,2026-08-18T13:45:00+00:00,-1.0,stop_touch,no,,,6.7808,below_50%,sl,1787060424,45.95551724137931,,missing,,0,missing,,,no_consecutive_trend,reconstructed
2538,1787059813,2026-08-18T13:30:13+00:00,KORUUSDT,SHORT,ema_cross_confirmed,1,19.968,pre_fix,19.968,21.508275862068967,16.887448275862067,tp_first,1787099400,2026-08-19T00:30:00+00:00,2.0,target_touch,no,,,28.2116,below_50%,sl,1787290361,21.731,,missing,,0,missing,,,no_consecutive_trend,reconstructed
2555,1787060706,2026-08-18T13:45:06+00:00,SOXLUSDT,SHORT,ema_cross_confirmed,1,132.4,pre_fix,132.4,138.7096551724138,119.78068965517244,unresolved,1787148000,2026-08-19T14:00:00+00:00,1.6546070608809749,window_close,no,,,18.3624,below_50%,tp,1787162899,119.65,,missing,,0,missing,,,no_consecutive_trend,reconstructed
2570,1787063407,2026-08-18T14:30:07+00:00,BLUAIUSDT,LONG,ema_cross_confirmed,1,0.01327,pre_fix,0.01327,0.012338551724137932,0.015132896551724138,unresolved,1787150700,2026-08-19T14:45:00+00:00,-0.21471938397749205,window_close,no,,,6.9834,below_50%,sl,1787408037,0.012175,,missing,,0,missing,,,no_consecutive_trend,reconstructed
2575,1787064308,2026-08-18T14:45:08+00:00,HUSDT,SHORT,ema_cross_confirmed,1,0.10989,pre_fix,0.10989,0.14200103448275864,0.04566793103448273,unresolved,1787151600,2026-08-19T15:00:00+00:00,0.4929769549623072,window_close,no,,,18.7609,below_50%,open,,,,missing,,0,missing,,,no_consecutive_trend,reconstructed
2655,1787158802,2026-08-19T17:00:02+00:00,AEROUSDT,LONG,ema_cross,1,0.4226,pre_fix,0.4226,0.41750344827586205,0.4327931034482758,sl_first,1787161500,2026-08-19T17:45:00+00:00,-1.0,stop_touch,no,,,7.758,below_50%,sl,1787160675,0.4175,,missing,,0,missing,,,no_consecutive_trend,reconstructed
2724,1787158803,2026-08-19T17:00:03+00:00,AEROUSDT,LONG,ema_cross_confirmed,1,0.4226,pre_fix,0.4226,0.4226,0.4226,sl_first,1787159700,2026-08-19T17:15:00+00:00,nan,stop_touch,no,,,7.758,below_50%,ttl_expired,,,,missing,,0,missing,,,no_consecutive_trend,reconstructed
2656,1787158815,2026-08-19T17:00:15+00:00,RESOLVUSDT,LONG,ema_cross,1,0.01759,pre_fix,0.01759,0.017245172413793104,0.018279655172413794,tp_first,1787238900,2026-08-20T15:15:00+00:00,1.99999999999999,target_touch,no,,,4.6976,below_50%,tp,1787238309,0.01832,,missing,,0,missing,,,no_consecutive_trend,reconstructed
2725,1787158815,2026-08-19T17:00:15+00:00,RESOLVUSDT,LONG,ema_cross_confirmed,1,0.01759,pre_fix,0.01759,0.01759,0.01759,tp_first,1787159700,2026-08-19T17:15:00+00:00,nan,target_touch,no,,,4.6976,below_50%,ttl_expired,,,,missing,,0,missing,,,no_consecutive_trend,reconstructed
2657,1787158834,2026-08-19T17:00:34+00:00,AXTIUSDT,SHORT,ema_cross,1,76.37,pre_fix,76.37,79.60896551724139,69.89206896551725,tp_first,1787233500,2026-08-20T13:45:00+00:00,1.9999999999999956,target_touch,no,,,21.3523,below_50%,tp,1787232944,69.89206896551725,,missing,,0,missing,,,no_consecutive_trend,reconstructed
2726,1787158834,2026-08-19T17:00:34+00:00,AXTIUSDT,SHORT,ema_cross_confirmed,1,76.37,pre_fix,76.37,76.37,76.37,tp_first,1787159700,2026-08-19T17:15:00+00:00,nan,target_touch,no,,,21.3523,below_50%,ttl_expired,,,,missing,,0,missing,,,no_consecutive_trend,reconstructed
2676,1787167198,2026-08-19T19:19:58+00:00,AEROUSDT,LONG,ema_cross_confirmed,1,0.4198,pre_fix,0.4198,0.4121551724137931,0.43508965517241377,tp_first,1787173200,2026-08-19T21:00:00+00:00,2.0,target_touch,no,,,7.758,below_50%,tp,1787172758,0.43508965517241377,,missing,,0,missing,,,no_consecutive_trend,reconstructed
2683,1787168514,2026-08-19T19:41:54+00:00,LUNCUSDT,LONG,ema_cross,1,4.914e-05,pre_fix,4.914e-05,4.8477931034482756e-05,5.0464137931034483e-05,tp_first,1787173200,2026-08-19T21:00:00+00:00,1.9999999999999898,target_touch,no,,,5.359,below_50%,tp,1787173177,5.0464137931034483e-05,,missing,,0,missing,,,no_consecutive_trend,reconstructed
2684,1787168517,2026-08-19T19:41:57+00:00,DASHUSDT,LONG,ema_cross,1,30.8,pre_fix,30.8,30.453793103448277,31.49241379310345,tp_first,1787173200,2026-08-19T21:00:00+00:00,2.0,target_touch,no,,,5.7432,below_50%,tp,1787172814,31.49241379310345,,missing,,0,missing,,,no_consecutive_trend,reconstructed
2685,1787168530,2026-08-19T19:42:10+00:00,GDXUSDT,LONG,ema_cross,1,96.72,pre_fix,96.72,95.18068965517242,99.79862068965517,sl_first,1787228100,2026-08-20T12:15:00+00:00,-1.0,stop_touch,no,,,10.2257,below_50%,sl,1787227497,95.18068965517242,,missing,,0,missing,,,no_consecutive_trend,reconstructed
2686,1787168532,2026-08-19T19:42:12+00:00,TRUMPUSDT,LONG,ema_cross,1,1.453,pre_fix,1.453,1.4323103448275862,1.4943793103448277,tp_first,1787169600,2026-08-19T20:00:00+00:00,2.0,target_touch,no,,,5.6916,below_50%,tp,1787169261,1.4943793103448277,,missing,,0,missing,,,no_consecutive_trend,reconstructed
2687,1787168537,2026-08-19T19:42:17+00:00,JUPUSDT,LONG,ema_cross,1,0.1778,pre_fix,0.1778,0.17567241379310347,0.18205517241379313,tp_first,1787174100,2026-08-19T21:15:00+00:00,2.000000000000013,target_touch,no,,,7.5483,below_50%,tp,1787173662,0.1823,,missing,,0,missing,,,no_consecutive_trend,reconstructed
2688,1787168542,2026-08-19T19:42:22+00:00,VETUSDT,LONG,ema_cross,1,0.004687,pre_fix,0.004687,0.004638241379310345,0.00478451724137931,tp_first,1787174100,2026-08-19T21:15:00+00:00,1.9999999999999822,target_touch,no,,,9.408,below_50%,tp,1787173414,0.004794,,missing,,0,missing,,,no_consecutive_trend,reconstructed
2689,1787168558,2026-08-19T19:42:38+00:00,TRBUSDT,LONG,ema_cross,1,13.68,pre_fix,13.68,13.525862068965518,13.988275862068965,tp_first,1787174100,2026-08-19T21:15:00+00:00,2.0000000000000115,target_touch,no,,,6.0957,below_50%,tp,1787173540,13.988275862068965,,missing,,0,missing,,,no_consecutive_trend,reconstructed
2690,1787168563,2026-08-19T19:42:43+00:00,AMATUSDT,SHORT,ema_cross,1,495.4,pre_fix,495.4,502.64827586206894,480.90344827586205,sl_first,1787185800,2026-08-20T00:30:00+00:00,-1.0,stop_touch,no,,,6.8944,below_50%,sl,1787207697,502.9,,missing,,0,missing,,,no_consecutive_trend,reconstructed
2691,1787168577,2026-08-19T19:42:57+00:00,ONDOUSDT,LONG,ema_cross,1,0.3385,pre_fix,0.3385,0.3327931034482759,0.3499137931034483,tp_first,1787174100,2026-08-19T21:15:00+00:00,2.0,target_touch,no,,,8.797,below_50%,tp,1787173504,0.3499137931034483,,missing,,0,missing,,,no_consecutive_trend,reconstructed
2692,1787168586,2026-08-19T19:43:06+00:00,GDXUSDT,LONG,ema_cross_confirmed,1,96.61,pre_fix,96.61,94.30103448275862,101.22793103448275,unresolved,1787255100,2026-08-20T19:45:00+00:00,1.2776284348865026,window_close,no,,,10.2257,below_50%,tp,1787299322,101.26,,missing,,0,missing,,,no_consecutive_trend,reconstructed
2693,1787168587,2026-08-19T19:43:07+00:00,TRUMPUSDT,LONG,ema_cross_confirmed,1,1.455,pre_fix,1.455,1.4239655172413794,1.5170689655172414,tp_first,1787170500,2026-08-19T20:15:00+00:00,2.0,target_touch,no,,,5.6916,below_50%,tp,1787172043,1.539,,missing,,0,missing,,,no_consecutive_trend,reconstructed
2694,1787168590,2026-08-19T19:43:10+00:00,GRVTUSDT,LONG,ema_cross,1,0.3124,pre_fix,0.3124,0.2999,0.3374,sl_first,1787171400,2026-08-19T20:30:00+00:00,-1.0,stop_touch,no,,,20.7394,below_50%,sl,1787207222,0.2951,,missing,,0,missing,,,no_consecutive_trend,reconstructed
2695,1787168590,2026-08-19T19:43:10+00:00,AMATUSDT,SHORT,ema_cross_confirmed,1,495.1,pre_fix,495.1,509.59655172413795,466.10689655172416,unresolved,1787255100,2026-08-20T19:45:00+00:00,0.0827783063748842,window_close,no,,,6.8944,below_50%,open,,,,missing,,0,missing,,,no_consecutive_trend,reconstructed
2696,1787168596,2026-08-19T19:43:16+00:00,COINXUSDT,LONG,ema_cross,1,157.88,pre_fix,157.88,156.12724137931033,161.38551724137932,tp_first,1787170500,2026-08-19T20:15:00+00:00,2.0,target_touch,no,,,13.5454,below_50%,tp,1787172043,161.59,,missing,,0,missing,,,no_consecutive_trend,reconstructed
2697,1787168612,2026-08-19T19:43:32+00:00,MSTRXUSDT,LONG,ema_cross,1,103.4,pre_fix,103.4,101.86172413793103,106.47655172413793,tp_first,1787173200,2026-08-19T21:00:00+00:00,1.9999999999999907,target_touch,no,,,15.9209,below_50%,tp,1787172697,106.47655172413793,,missing,,0,missing,,,no_consecutive_trend,reconstructed
2698,1787168635,2026-08-19T19:43:55+00:00,TIAUSDT,LONG,ema_cross,1,0.3208,pre_fix,0.3208,0.3155034482758621,0.3313931034482758,tp_first,1787174100,2026-08-19T21:15:00+00:00,2.0000000000000107,target_touch,no,,,8.353,below_50%,tp,1787173962,0.3313931034482758,,missing,,0,missing,,,no_consecutive_trend,reconstructed
2699,1787168653,2026-08-19T19:44:13+00:00,TIAUSDT,LONG,ema_cross_confirmed,1,0.3211,pre_fix,0.3211,0.3131551724137931,0.3369896551724138,tp_first,1787177700,2026-08-19T22:15:00+00:00,2.0,target_touch,no,,,8.353,below_50%,tp,1787235008,0.3369896551724138,,missing,,0,missing,,,no_consecutive_trend,reconstructed
2700,1787168653,2026-08-19T19:44:13+00:00,KSMUSDT,LONG,ema_cross,1,2.95,pre_fix,2.95,2.914034482758621,3.021931034482759,tp_first,1787173200,2026-08-19T21:00:00+00:00,2.0000000000000124,target_touch,no,,,5.6101,below_50%,tp,1787172758,3.028,,missing,,0,missing,,,no_consecutive_trend,reconstructed
2701,1787168659,2026-08-19T19:44:19+00:00,TSTBSCUSDT,LONG,ema_cross,1,0.015106,pre_fix,0.015106,0.014368965517241379,0.016580068965517242,unresolved,1787255100,2026-08-20T19:45:00+00:00,-0.3174885374754373,window_close,no,,,16.5473,below_50%,tp,1787389757,0.016580068965517242,,missing,,0,missing,,,no_consecutive_trend,reconstructed
2702,1787168678,2026-08-19T19:44:38+00:00,CRCLXUSDT,LONG,ema_cross,1,77.53,pre_fix,77.53,76.27586206896552,80.03827586206896,tp_first,1787173200,2026-08-19T21:00:00+00:00,2.0,target_touch,no,,,15.6589,below_50%,tp,1787172697,80.03827586206896,,missing,,0,missing,,,no_consecutive_trend,reconstructed
2703,1787168693,2026-08-19T19:44:53+00:00,XLMUSDT,LONG,ema_cross,1,0.16523,pre_fix,0.16523,0.16312827586206896,0.16943344827586207,tp_first,1787173200,2026-08-19T21:00:00+00:00,2.0000000000000133,target_touch,no,,,9.5526,below_50%,tp,1787172814,0.16943344827586207,,missing,,0,missing,,,no_consecutive_trend,reconstructed
2704,1787168714,2026-08-19T19:45:14+00:00,KSMUSDT,LONG,ema_cross_confirmed,1,2.957,pre_fix,2.957,2.903051724137931,3.0648965517241376,tp_first,1787174100,2026-08-19T21:15:00+00:00,2.0,target_touch,no,,,5.6101,below_50%,tp,1787173600,3.071,,missing,,0,missing,,,no_consecutive_trend,reconstructed
2705,1787168726,2026-08-19T19:45:26+00:00,TREEUSDT,LONG,ema_cross,1,0.04188,pre_fix,0.04188,0.040724482758620686,0.04419103448275862,sl_first,1787175900,2026-08-19T21:45:00+00:00,-1.0,stop_touch,no,,,46.4668,below_50%,sl,1787207222,0.03781,,missing,,0,missing,,,no_consecutive_trend,reconstructed
2706,1787168735,2026-08-19T19:45:35+00:00,ZKUSDT,LONG,ema_cross,1,0.00796,pre_fix,0.00796,0.007808275862068966,0.008263448275862069,tp_first,1787173200,2026-08-19T21:00:00+00:00,2.0,target_touch,no,,,8.2432,below_50%,tp,1787173235,0.00827,,missing,,0,missing,,,no_consecutive_trend,reconstructed
2707,1787168736,2026-08-19T19:45:36+00:00,ALGOUSDT,LONG,ema_cross,1,0.08071,pre_fix,0.08071,0.07970862068965517,0.08271275862068966,tp_first,1787175000,2026-08-19T21:30:00+00:00,2.0,target_touch,no,,,6.1789,below_50%,tp,1787207222,0.0841,,missing,,0,missing,,,no_consecutive_trend,reconstructed
2708,1787168744,2026-08-19T19:45:44+00:00,ADBEUSDT,LONG,ema_cross,1,273.5,pre_fix,273.5,270.0289655172414,280.44206896551725,sl_first,1787236200,2026-08-20T14:30:00+00:00,-1.0,stop_touch,no,,,6.575,below_50%,sl,1787235853,270.0289655172414,,missing,,0,missing,,,no_consecutive_trend,reconstructed
2709,1787168759,2026-08-19T19:45:59+00:00,TRIAUSDT,SHORT,ema_cross,1,0.00762,pre_fix,0.00762,0.00799448275862069,0.006871034482758621,sl_first,1787193900,2026-08-20T02:45:00+00:00,-1.0,stop_touch,no,,,49.2476,below_50%,sl,1787360776,0.00799448275862069,,missing,,0,missing,,,no_consecutive_trend,reconstructed
2710,1787168781,2026-08-19T19:46:21+00:00,FARTCOINUSDT,LONG,ema_cross,1,0.1523,pre_fix,0.1523,0.14864310344827586,0.15961379310344825,tp_first,1787175000,2026-08-19T21:30:00+00:00,2.0,target_touch,no,,,10.4289,below_50%,tp,1787238249,0.16028,,missing,,0,missing,,,no_consecutive_trend,reconstructed
2713,1787169603,2026-08-19T20:00:03+00:00,RESOLVUSDT,LONG,ema_cross_confirmed,1,0.01768,pre_fix,0.01768,0.017162758620689656,0.01871448275862069,unresolved,1787256900,2026-08-20T20:15:00+00:00,0.7539999999999956,window_close,no,,,4.6976,below_50%,tp,1787302213,0.01876,,missing,,0,missing,,,no_consecutive_trend,reconstructed
2714,1787169619,2026-08-19T20:00:19+00:00,MSTRXUSDT,LONG,ema_cross_confirmed,1,104.19,pre_fix,104.19,101.88258620689655,108.8048275862069,tp_first,1787175000,2026-08-19T21:30:00+00:00,2.0,target_touch,no,,,15.9209,below_50%,tp,1787208748,108.8048275862069,,missing,,0,missing,,,no_consecutive_trend,reconstructed
2715,1787172057,2026-08-19T20:40:57+00:00,ZKUSDT,LONG,ema_cross_confirmed,1,0.00806,pre_fix,0.00806,0.007832413793103447,0.008515172413793104,tp_first,1787226300,2026-08-20T11:45:00+00:00,2.0,target_touch,no,,,9.1892,below_50%,tp,1787225876,0.008515172413793104,,missing,,0,missing,,,no_consecutive_trend,reconstructed
2717,1787172354,2026-08-19T20:45:54+00:00,TRUMPUSDT,LONG,ema_cross_confirmed,1,1.545,pre_fix,1.545,1.5139655172413793,1.591551724137931,tp_first,1787174100,2026-08-19T21:15:00+00:00,1.5,target_touch,no,,,11.5994,below_50%,tp,1787173324,1.597,,missing,,0,missing,,,no_consecutive_trend,reconstructed
2728,1787173242,2026-08-19T21:00:42+00:00,LUNCUSDT,LONG,ema_cross_confirmed,1,5.008e-05,pre_fix,5.008e-05,4.908689655172414e-05,5.206620689655172e-05,tp_first,1787240700,2026-08-20T15:45:00+00:00,2.0,target_touch,no,,,7.1807,below_50%,tp,1787239986,5.206620689655172e-05,,missing,,0,missing,,,no_consecutive_trend,reconstructed
2729,1787173243,2026-08-19T21:00:43+00:00,DASHUSDT,LONG,ema_cross_confirmed,1,31.34,pre_fix,31.34,30.820689655172416,32.378620689655165,tp_first,1787214600,2026-08-20T08:30:00+00:00,1.9999999999999931,target_touch,no,,,6.4189,below_50%,tp,1787213901,32.378620689655165,,missing,,0,missing,,,no_consecutive_trend,reconstructed
2730,1787173245,2026-08-19T21:00:45+00:00,JUPUSDT,LONG,ema_cross_confirmed,1,0.1798,pre_fix,0.1798,0.17660862068965516,0.18618275862068964,tp_first,1787213700,2026-08-20T08:15:00+00:00,2.0,target_touch,no,,,8.6353,below_50%,tp,1787213297,0.18618275862068964,,missing,,0,missing,,,no_consecutive_trend,reconstructed
2731,1787173246,2026-08-19T21:00:46+00:00,VETUSDT,LONG,ema_cross_confirmed,1,0.00477,pre_fix,0.00477,0.004696862068965517,0.004916275862068966,tp_first,1787216400,2026-08-20T09:00:00+00:00,2.0,target_touch,no,,,9.6145,below_50%,tp,1787216123,0.004927,,missing,,0,missing,,,no_consecutive_trend,reconstructed
2732,1787173247,2026-08-19T21:00:47+00:00,龙虾USDT,LONG,ema_cross_confirmed,1,0.02081,pre_fix,0.02081,0.018967793103448274,0.024494413793103447,unresolved,1787260500,2026-08-20T21:15:00+00:00,1.7761305780173706,window_close,no,,,20.1916,below_50%,tp,1787465969,0.024603,,missing,,0,missing,,,no_consecutive_trend,reconstructed
2733,1787173249,2026-08-19T21:00:49+00:00,TRBUSDT,LONG,ema_cross_confirmed,1,13.91,pre_fix,13.91,13.678793103448276,14.372413793103448,tp_first,1787216400,2026-08-20T09:00:00+00:00,2.0,target_touch,no,,,7.716,below_50%,tp,1787216183,14.372413793103448,,missing,,0,missing,,,no_consecutive_trend,reconstructed
2734,1787173250,2026-08-19T21:00:50+00:00,ONDOUSDT,LONG,ema_cross_confirmed,1,0.3475,pre_fix,0.3475,0.33893965517241376,0.3646206896551724,unresolved,1787260500,2026-08-20T21:15:00+00:00,0.2453172205438117,window_close,no,,,8.797,below_50%,tp,1787291583,0.3649,,missing,,0,missing,,,no_consecutive_trend,reconstructed
2735,1787173256,2026-08-19T21:00:56+00:00,XLMUSDT,LONG,ema_cross_confirmed,1,0.16834,pre_fix,0.16834,0.16518741379310345,0.17464517241379307,tp_first,1787215500,2026-08-20T08:45:00+00:00,2.0,target_touch,no,,,10.3796,below_50%,tp,1787215221,0.17478,,missing,,0,missing,,,no_consecutive_trend,reconstructed
2736,1787173259,2026-08-19T21:00:59+00:00,ALGOUSDT,LONG,ema_cross_confirmed,1,0.0816,pre_fix,0.0816,0.08009793103448276,0.0846041379310345,tp_first,1787213700,2026-08-20T08:15:00+00:00,2.0,target_touch,no,,,6.1789,below_50%,tp,1787213570,0.08475,,missing,,0,missing,,,no_consecutive_trend,reconstructed
2737,1787173261,2026-08-19T21:01:01+00:00,FARTCOINUSDT,LONG,ema_cross_confirmed,1,0.15388,pre_fix,0.15388,0.1483946551724138,0.16485068965517238,sl_first,1787194800,2026-08-20T03:00:00+00:00,-1.0,stop_touch,no,,,11.2298,below_50%,tp,1787244452,0.16488,,missing,,0,missing,,,no_consecutive_trend,reconstructed
2738,1787173427,2026-08-19T21:03:47+00:00,TAIKOUSDT,LONG,ema_cross,1,0.0733,pre_fix,0.0733,0.07213793103448277,0.07562413793103448,unresolved,1787260500,2026-08-20T21:15:00+00:00,0.17210682492580953,window_close,no,,,7.402,below_50%,tp,1787301972,0.0757,,missing,,0,missing,,,no_consecutive_trend,reconstructed
2739,1787173436,2026-08-19T21:03:56+00:00,PRLUSDT,SHORT,ema_cross,1,0.32226,pre_fix,0.32226,0.3549958620689655,0.256788275862069,tp_first,1787258700,2026-08-20T20:45:00+00:00,2.0,target_touch,no,,,57.0358,at_or_above_50%,tp,1787258586,0.256788275862069,,missing,,0,missing,,,no_consecutive_trend,reconstructed
2740,1787173437,2026-08-19T21:03:57+00:00,BNBUSDT,LONG,ema_cross,1,618.3,pre_fix,618.3,614.8913793103447,625.1172413793103,tp_first,1787174100,2026-08-19T21:15:00+00:00,1.9999999999999667,target_touch,no,,,3.843,below_50%,tp,1787173504,625.1172413793103,,missing,,0,missing,,,no_consecutive_trend,reconstructed
2741,1787173457,2026-08-19T21:04:17+00:00,RAYUSDT,LONG,ema_cross,1,0.6393,pre_fix,0.6393,0.6332379310344828,0.6514241379310345,tp_first,1787174100,2026-08-19T21:15:00+00:00,2.000000000000018,target_touch,no,,,6.5402,below_50%,tp,1787173662,0.654,,missing,,0,missing,,,no_consecutive_trend,reconstructed
2742,1787173469,2026-08-19T21:04:29+00:00,HIMSUSDT,LONG,ema_cross,1,31.071,pre_fix,31.071,30.580689655172414,32.051620689655174,sl_first,1787184900,2026-08-20T00:15:00+00:00,-1.0,stop_touch,no,,,15.3051,below_50%,sl,1787214291,30.456,,missing,,0,missing,,,no_consecutive_trend,reconstructed
2743,1787173480,2026-08-19T21:04:40+00:00,MNTUSDT,LONG,ema_cross,1,0.4549,pre_fix,0.4549,0.44944137931034484,0.46581724137931035,tp_first,1787181300,2026-08-19T23:15:00+00:00,1.9999999999999898,target_touch,no,,,7.9511,below_50%,tp,1787207222,0.4843,,missing,,0,missing,,,no_consecutive_trend,reconstructed
2744,1787173485,2026-08-19T21:04:45+00:00,KASUSDT,LONG,ema_cross,1,0.02648,pre_fix,0.02648,0.02608758620689655,0.027264827586206897,tp_first,1787214600,2026-08-20T08:30:00+00:00,2.0,target_touch,no,,,6.7384,below_50%,tp,1787213901,0.027264827586206897,,missing,,0,missing,,,no_consecutive_trend,reconstructed
2745,1787173488,2026-08-19T21:04:48+00:00,PYTHUSDT,LONG,ema_cross,1,0.04126,pre_fix,0.04126,0.04049137931034483,0.04279724137931035,tp_first,1787192100,2026-08-20T02:15:00+00:00,2.000000000000009,target_touch,no,,,10.1708,below_50%,tp,1787209135,0.0428,,missing,,0,missing,,,no_consecutive_trend,reconstructed
2746,1787173495,2026-08-19T21:04:55+00:00,IBMUSDT,LONG,ema_cross,1,236.95,pre_fix,236.95,235.39,240.07,sl_first,1787229000,2026-08-20T12:30:00+00:00,-1.0,stop_touch,no,,,3.2859,below_50%,sl,1787228244,235.39,,missing,,0,missing,,,no_consecutive_trend,reconstructed
2747,1787173498,2026-08-19T21:04:58+00:00,TAIKOUSDT,LONG,ema_cross_confirmed,1,0.0737,pre_fix,0.0737,0.07195689655172414,0.07718620689655172,unresolved,1787260500,2026-08-20T21:15:00+00:00,-0.11473788328388099,window_close,no,,,7.402,below_50%,tp,1787309338,0.0772,,missing,,0,missing,,,no_consecutive_trend,reconstructed
2748,1787173500,2026-08-19T21:05:00+00:00,BNBUSDT,LONG,ema_cross_confirmed,1,623.75,pre_fix,623.75,618.6370689655173,633.9758620689654,tp_first,1787175900,2026-08-19T21:45:00+00:00,2.0,target_touch,no,,,3.843,below_50%,tp,1787213421,634.9,,missing,,0,missing,,,no_consecutive_trend,reconstructed
2749,1787173533,2026-08-19T21:05:33+00:00,REUSDT,LONG,ema_cross,1,0.52357,pre_fix,0.52357,0.5060413793103448,0.5586272413793103,sl_first,1787179500,2026-08-19T22:45:00+00:00,-1.0,stop_touch,no,,,40.7065,below_50%,tp,1787213510,0.56372,,missing,,0,missing,,,no_consecutive_trend,reconstructed
2750,1787173551,2026-08-19T21:05:51+00:00,UBERUSDT,LONG,ema_cross,1,78.04,pre_fix,78.04,77.03103448275863,80.05793103448276,tp_first,1787233500,2026-08-20T13:45:00+00:00,2.0,target_touch,no,,,8.0468,below_50%,tp,1787232767,80.05793103448276,,missing,,0,missing,,,no_consecutive_trend,reconstructed
2751,1787173552,2026-08-19T21:05:52+00:00,XANUSDT,LONG,ema_cross,1,0.010965,pre_fix,0.010965,0.010652172413793104,0.011590655172413793,unresolved,1787260500,2026-08-20T21:15:00+00:00,0.12147266313932906,window_close,no,,,8.3521,below_50%,tp,1787340203,0.011598,,missing,,0,missing,,,no_consecutive_trend,reconstructed
2752,1787173562,2026-08-19T21:06:02+00:00,MNTUSDT,LONG,ema_cross_confirmed,1,0.4584,pre_fix,0.4584,0.45021206896551724,0.47477586206896544,tp_first,1787191200,2026-08-20T02:00:00+00:00,2.0,target_touch,no,,,7.9511,below_50%,tp,1787207222,0.4843,,missing,,0,missing,,,no_consecutive_trend,reconstructed
2753,1787173563,2026-08-19T21:06:03+00:00,KASUSDT,LONG,ema_cross_confirmed,1,0.02674,pre_fix,0.02674,0.02615137931034483,0.027917241379310342,tp_first,1787220900,2026-08-20T10:15:00+00:00,2.0,target_touch,no,,,6.7384,below_50%,tp,1787220803,0.02796,,missing,,0,missing,,,no_consecutive_trend,reconstructed
2754,1787173588,2026-08-19T21:06:28+00:00,SATSUSDT,LONG,ema_cross,1,1.062e-08,pre_fix,1.062e-08,1.0366896551724138e-08,1.1126206896551724e-08,tp_first,1787214600,2026-08-20T08:30:00+00:00,1.9999999999999936,target_touch,no,,,5.2838,below_50%,tp,1787213840,1.113e-08,,missing,,0,missing,,,no_consecutive_trend,reconstructed
2755,1787173611,2026-08-19T21:06:51+00:00,XPLUSDT,LONG,ema_cross,1,0.07977,pre_fix,0.07977,0.0780996551724138,0.0831106896551724,tp_first,1787213700,2026-08-20T08:15:00+00:00,2.0000000000000084,target_touch,no,,,9.1751,below_50%,tp,1787213600,0.08315,,missing,,0,missing,,,no_consecutive_trend,reconstructed
2756,1787173624,2026-08-19T21:07:04+00:00,MRVLUSDT,LONG,ema_cross,1,237.41,pre_fix,237.41,232.0151724137931,248.1996551724138,sl_first,1787227200,2026-08-20T12:00:00+00:00,-1.0,stop_touch,no,,,18.2827,below_50%,sl,1787227041,232.0151724137931,,missing,,0,missing,,,no_consecutive_trend,reconstructed
2757,1787173626,2026-08-19T21:07:06+00:00,XANUSDT,LONG,ema_cross_confirmed,1,0.010998,pre_fix,0.010998,0.010528758620689657,0.011936482758620689,unresolved,1787260500,2026-08-20T21:15:00+00:00,0.010655496766607462,window_close,no,,,8.3521,below_50%,tp,1787342979,0.012106,,missing,,0,missing,,,no_consecutive_trend,reconstructed
2758,1787173627,2026-08-19T21:07:07+00:00,SATSUSDT,LONG,ema_cross_confirmed,1,1.072e-08,pre_fix,1.072e-08,1.0340344827586206e-08,1.1479310344827585e-08,tp_first,1787220900,2026-08-20T10:15:00+00:00,2.0,target_touch,no,,,5.2838,below_50%,tp,1787220079,1.149e-08,,missing,,0,missing,,,no_consecutive_trend,reconstructed
2759,1787173637,2026-08-19T21:07:17+00:00,AVAXUSDT,LONG,ema_cross,1,6.611,pre_fix,6.611,6.498931034482759,6.835137931034483,tp_first,1787174100,2026-08-19T21:15:00+00:00,2.000000000000008,target_touch,no,,,7.6139,below_50%,tp,1787173724,6.846,,missing,,0,missing,,,no_consecutive_trend,reconstructed
2760,1787173651,2026-08-19T21:07:31+00:00,NOWUSDT,LONG,ema_cross,1,127.03,pre_fix,127.03,125.10448275862069,130.88103448275862,tp_first,1787241600,2026-08-20T16:00:00+00:00,2.0,target_touch,no,,,10.9324,below_50%,tp,1787240945,130.95,,missing,,0,missing,,,no_consecutive_trend,reconstructed
2761,1787173663,2026-08-19T21:07:43+00:00,FLOKIUSDT,LONG,ema_cross,1,2.136e-05,pre_fix,2.136e-05,2.1115172413793102e-05,2.1849655172413792e-05,tp_first,1787174100,2026-08-19T21:15:00+00:00,2.0,target_touch,no,,,10.3674,below_50%,tp,1787173724,2.22e-05,,missing,,0,missing,,,no_consecutive_trend,reconstructed
2762,1787173671,2026-08-19T21:07:51+00:00,MOODENGUSDT,LONG,ema_cross,1,0.03697,pre_fix,0.03697,0.03642931034482759,0.03805137931034483,tp_first,1787174100,2026-08-19T21:15:00+00:00,2.0,target_touch,no,,,8.2879,below_50%,tp,1787173724,0.03826,,missing,,0,missing,,,no_consecutive_trend,reconstructed
2763,1787173688,2026-08-19T21:08:08+00:00,AVAXUSDT,LONG,ema_cross_confirmed,1,6.707,pre_fix,6.707,6.538896551724138,7.043206896551724,tp_first,1787238900,2026-08-20T15:15:00+00:00,2.0,target_touch,no,,,7.6139,below_50%,tp,1787238784,7.044,,missing,,0,missing,,,no_consecutive_trend,reconstructed
2764,1787173693,2026-08-19T21:08:13+00:00,MVLLUSDT,LONG,ema_cross,1,30.99,pre_fix,30.99,29.659655172413792,33.650689655172414,sl_first,1787227200,2026-08-20T12:00:00+00:00,-1.0,stop_touch,no,,,37.397,below_50%,sl,1787226533,29.659655172413792,,missing,,0,missing,,,no_consecutive_trend,reconstructed
2765,1787173700,2026-08-19T21:08:20+00:00,MANAUSDT,LONG,ema_cross,1,0.06543,pre_fix,0.06543,0.06475896551724138,0.06677206896551724,tp_first,1787174100,2026-08-19T21:15:00+00:00,1.9999999999999793,target_touch,no,,,5.6847,below_50%,tp,1787173781,0.06731,,missing,,0,missing,,,no_consecutive_trend,reconstructed
2766,1787173710,2026-08-19T21:08:30+00:00,ZAMAUSDT,LONG,ema_cross,1,0.04433,pre_fix,0.04433,0.04308137931034483,0.046827241379310346,tp_first,1787184000,2026-08-20T00:00:00+00:00,2.0,target_touch,no,,,15.4394,below_50%,tp,1787235338,0.04683,,missing,,0,missing,,,no_consecutive_trend,reconstructed
2767,1787173714,2026-08-19T21:08:34+00:00,VANAUSDT,LONG,ema_cross,1,0.888,pre_fix,0.888,0.8750689655172413,0.9138620689655172,tp_first,1787218200,2026-08-20T09:30:00+00:00,1.9999999999999913,target_touch,no,,,5.8824,below_50%,tp,1787217800,0.9138620689655172,,missing,,0,missing,,,no_consecutive_trend,reconstructed
2768,1787173720,2026-08-19T21:08:40+00:00,UVXYUSDT,SHORT,ema_cross,1,19.61,pre_fix,19.61,19.88344827586207,19.06310344827586,sl_first,1787228100,2026-08-20T12:15:00+00:00,-1.0,stop_touch,no,,,7.2382,below_50%,sl,1787227340,19.88344827586207,,missing,,0,missing,,,no_consecutive_trend,reconstructed
2769,1787173727,2026-08-19T21:08:47+00:00,BONKUSDT,LONG,ema_cross,1,2.404e-06,pre_fix,2.404e-06,2.3650689655172415e-06,2.4818620689655176e-06,tp_first,1787174100,2026-08-19T21:15:00+00:00,2.0,target_touch,no,,,7.2648,below_50%,tp,1787173902,2.4818620689655176e-06,,missing,,0,missing,,,no_consecutive_trend,reconstructed
2770,1787173750,2026-08-19T21:09:10+00:00,FLOKIUSDT,LONG,ema_cross_confirmed,1,2.179e-05,pre_fix,2.179e-05,2.1422758620689653e-05,2.2524482758620693e-05,tp_first,1787213700,2026-08-20T08:15:00+00:00,2.0,target_touch,no,,,10.3674,below_50%,tp,1787213750,2.254e-05,,missing,,0,missing,,,no_consecutive_trend,reconstructed
2771,1787173751,2026-08-19T21:09:11+00:00,MOODENGUSDT,LONG,ema_cross_confirmed,1,0.0376,pre_fix,0.0376,0.03678896551724138,0.03922206896551724,tp_first,1787174100,2026-08-19T21:15:00+00:00,2.0,target_touch,no,,,8.2879,below_50%,tp,1787174047,0.03922206896551724,,missing,,0,missing,,,no_consecutive_trend,reconstructed
2772,1787173754,2026-08-19T21:09:14+00:00,ZAMAUSDT,LONG,ema_cross_confirmed,1,0.04515,pre_fix,0.04515,0.043277068965517244,0.04889586206896552,unresolved,1787260500,2026-08-20T21:15:00+00:00,0.37908496732025904,window_close,no,,,15.4394,below_50%,tp,1787358456,0.0515,,missing,,0,missing,,,no_consecutive_trend,reconstructed
2773,1787173755,2026-08-19T21:09:15+00:00,VANAUSDT,LONG,ema_cross_confirmed,1,0.9,pre_fix,0.9,0.8806034482758621,0.9387931034482758,unresolved,1787260500,2026-08-20T21:15:00+00:00,1.3404444444444477,window_close,no,,,5.8824,below_50%,tp,1787268424,0.9387931034482758,,missing,,0,missing,,,no_consecutive_trend,reconstructed
2774,1787173814,2026-08-19T21:10:14+00:00,BONKUSDT,LONG,ema_cross_confirmed,1,2.44e-06,pre_fix,2.44e-06,2.381603448275862e-06,2.5567931034482756e-06,tp_first,1787214600,2026-08-20T08:30:00+00:00,2.0,target_touch,no,,,7.2648,below_50%,tp,1787214623,2.56e-06,,missing,,0,missing,,,no_consecutive_trend,reconstructed
2775,1787174101,2026-08-19T21:15:01+00:00,RAYUSDT,LONG,ema_cross_confirmed,1,0.6506,pre_fix,0.6506,0.6415068965517241,0.6687862068965517,tp_first,1787207400,2026-08-20T06:30:00+00:00,2.0,target_touch,no,,,7.6848,below_50%,tp,1787207368,0.6693,,missing,,0,missing,,,no_consecutive_trend,reconstructed
2776,1787174116,2026-08-19T21:15:16+00:00,UVXYUSDT,SHORT,ema_cross_confirmed,1,19.54,pre_fix,19.54,20.086896551724138,18.446206896551722,sl_first,1787228100,2026-08-20T12:15:00+00:00,-1.0,stop_touch,no,,,7.2382,below_50%,sl,1787227732,20.11,,missing,,0,missing,,,no_consecutive_trend,reconstructed
2778,1787174142,2026-08-19T21:15:42+00:00,TRUMPUSDT,LONG,ema_cross_confirmed,1,1.687,pre_fix,1.687,1.6559655172413794,1.7180344827586207,tp_first,1787175000,2026-08-19T21:30:00+00:00,1.0,target_touch,no,,,21.8143,below_50%,sl,1787207222,1.6559655172413794,,missing,,0,missing,,,no_consecutive_trend,reconstructed
2779,1787174151,2026-08-19T21:15:51+00:00,TSTBSCUSDT,LONG,ema_cross_confirmed,1,0.015152,pre_fix,0.015152,0.014046448275862069,0.017363103448275866,unresolved,1787261400,2026-08-20T21:30:00+00:00,-0.27497582732915404,window_close,no,,,16.5473,below_50%,tp,1787430612,0.017363103448275866,,missing,,0,missing,,,no_consecutive_trend,reconstructed
2811,1787209029,2026-08-20T06:57:09+00:00,HEIUSDT,SHORT,ema_cross,1,0.12873,pre_fix,0.12873,0.13682862068965518,0.11253275862068966,sl_first,1787239800,2026-08-20T15:30:00+00:00,-1.0,stop_touch,no,,,24.9461,below_50%,sl,1787239325,0.137,,missing,,0,missing,,,no_consecutive_trend,reconstructed
2956,1787209030,2026-08-20T06:57:10+00:00,HEIUSDT,SHORT,ema_cross_confirmed,1,0.12873,pre_fix,0.12873,0.12873,0.12873,tp_first,1787209200,2026-08-20T07:00:00+00:00,nan,target_touch,no,,,24.9461,below_50%,ttl_expired,,,,missing,,0,missing,,,no_consecutive_trend,reconstructed
2812,1787209064,2026-08-20T06:57:44+00:00,GPSUSDT,SHORT,ema_cross,1,0.011987,pre_fix,0.011987,0.013556241379310344,0.008848517241379309,unresolved,1787295600,2026-08-21T07:00:00+00:00,-0.021666520172278075,window_close,no,,,15.2034,below_50%,sl,1787305855,0.013654,,missing,,0,missing,,,no_consecutive_trend,reconstructed
2957,1787209064,2026-08-20T06:57:44+00:00,GPSUSDT,SHORT,ema_cross_confirmed,1,0.011987,pre_fix,0.011987,0.011987,0.011987,tp_first,1787209200,2026-08-20T07:00:00+00:00,nan,target_touch,no,,,15.2034,below_50%,ttl_expired,,,,missing,,0,missing,,,no_consecutive_trend,reconstructed
2813,1787209107,2026-08-20T06:58:27+00:00,CHIPUSDT,LONG,ema_cross,1,0.0294,pre_fix,0.0294,0.027422758620689654,0.03335448275862069,tp_first,1787278500,2026-08-21T02:15:00+00:00,2.0000000000000018,target_touch,no,,,18.856,below_50%,tp,1787294223,0.03356,,missing,,0,missing,,,no_consecutive_trend,reconstructed
2958,1787209108,2026-08-20T06:58:28+00:00,CHIPUSDT,LONG,ema_cross_confirmed,1,0.0294,pre_fix,0.0294,0.0294,0.0294,ambiguous,1787209200,2026-08-20T07:00:00+00:00,nan,both_barriers_same_candle,no,,,18.856,below_50%,ttl_expired,,,,missing,,0,missing,,,no_consecutive_trend,reconstructed
2814,1787209120,2026-08-20T06:58:40+00:00,CROUSDT,LONG,ema_cross,1,0.0496,pre_fix,0.0496,0.04907344827586207,0.05065310344827586,tp_first,1787215500,2026-08-20T08:45:00+00:00,2.0,target_touch,no,,,9.7289,below_50%,tp,1787214803,0.05079,,missing,,0,missing,,,no_consecutive_trend,reconstructed
2959,1787209120,2026-08-20T06:58:40+00:00,CROUSDT,LONG,ema_cross_confirmed,1,0.0496,pre_fix,0.0496,0.0496,0.0496,sl_first,1787209200,2026-08-20T07:00:00+00:00,nan,stop_touch,no,,,9.7289,below_50%,ttl_expired,,,,missing,,0,missing,,,no_consecutive_trend,reconstructed
2815,1787209142,2026-08-20T06:59:02+00:00,DYDXUSDT,LONG,ema_cross,1,0.11107,pre_fix,0.11107,0.10866172413793103,0.11588655172413793,tp_first,1787269500,2026-08-20T23:45:00+00:00,1.9999999999999942,target_touch,no,,,11.885,below_50%,tp,1787268811,0.11598,,missing,,0,missing,,,no_consecutive_trend,reconstructed
2960,1787209143,2026-08-20T06:59:03+00:00,DYDXUSDT,LONG,ema_cross_confirmed,1,0.11107,pre_fix,0.11107,0.11107,0.11107,ambiguous,1787209200,2026-08-20T07:00:00+00:00,nan,both_barriers_same_candle,no,,,11.885,below_50%,ttl_expired,,,,missing,,0,missing,,,no_consecutive_trend,reconstructed
2816,1787209145,2026-08-20T06:59:05+00:00,EPICUSDT,SHORT,ema_cross,1,0.3295,pre_fix,0.3295,0.3459896551724138,0.2965206896551724,sl_first,1787254200,2026-08-20T19:30:00+00:00,-1.0,stop_touch,no,,,17.5573,below_50%,sl,1787253365,0.3459896551724138,,missing,,0,missing,,,no_consecutive_trend,reconstructed
2961,1787209146,2026-08-20T06:59:06+00:00,EPICUSDT,SHORT,ema_cross_confirmed,1,0.3295,pre_fix,0.3295,0.3295,0.3295,ambiguous,1787209200,2026-08-20T07:00:00+00:00,nan,both_barriers_same_candle,no,,,17.5573,below_50%,ttl_expired,,,,missing,,0,missing,,,no_consecutive_trend,reconstructed
2817,1787209183,2026-08-20T06:59:43+00:00,SKYAIUSDT,LONG,ema_cross,1,0.07223,pre_fix,0.07223,0.06663896551724138,0.08341206896551724,unresolved,1787295600,2026-08-21T07:00:00+00:00,0.1895892438633265,window_close,no,,,40.5974,below_50%,tp,1787358795,0.08341206896551724,,missing,,0,missing,,,no_consecutive_trend,reconstructed
2962,1787209183,2026-08-20T06:59:43+00:00,SKYAIUSDT,LONG,ema_cross_confirmed,1,0.07223,pre_fix,0.07223,0.07223,0.07223,ambiguous,1787209200,2026-08-20T07:00:00+00:00,nan,both_barriers_same_candle,no,,,40.5974,below_50%,ttl_expired,,,,missing,,0,missing,,,no_consecutive_trend,reconstructed
2819,1787209280,2026-08-20T07:01:20+00:00,AVAAIUSDT,LONG,ema_cross,1,0.014495,pre_fix,0.014495,0.013552689655172413,0.01637962068965517,tp_first,1787213700,2026-08-20T08:15:00+00:00,1.9999999999999982,target_touch,no,,,16.8685,below_50%,tp,1787213540,0.01637962068965517,,missing,,0,missing,,,no_consecutive_trend,reconstructed
2820,1787209287,2026-08-20T07:01:27+00:00,WLDUSDT,LONG,ema_cross,1,0.3589,pre_fix,0.3589,0.34737241379310346,0.38195517241379306,unresolved,1787296500,2026-08-21T07:15:00+00:00,1.3012264433143914,window_close,no,,,18.078,below_50%,tp,1787300409,0.38195517241379306,,missing,,0,missing,,,no_consecutive_trend,reconstructed
2963,1787209287,2026-08-20T07:01:27+00:00,WLDUSDT,LONG,ema_cross_confirmed,1,0.3589,pre_fix,0.3589,0.3589,0.3589,tp_first,1787210100,2026-08-20T07:15:00+00:00,nan,target_touch,no,,,18.078,below_50%,ttl_expired,,,,missing,,0,missing,,,no_consecutive_trend,reconstructed
2821,1787209301,2026-08-20T07:01:41+00:00,BANANAS31USDT,LONG,ema_cross,1,0.008966,pre_fix,0.008966,0.008750310344827586,0.009397379310344827,unresolved,1787296500,2026-08-21T07:15:00+00:00,0.7742605915267786,window_close,no,,,10.0538,below_50%,tp,1787358456,0.009523,,missing,,0,missing,,,no_consecutive_trend,reconstructed
2964,1787209302,2026-08-20T07:01:42+00:00,BANANAS31USDT,LONG,ema_cross_confirmed,1,0.008966,pre_fix,0.008966,0.008966,0.008966,sl_first,1787210100,2026-08-20T07:15:00+00:00,nan,stop_touch,no,,,10.0538,below_50%,ttl_expired,,,,missing,,0,missing,,,no_consecutive_trend,reconstructed
2822,1787209329,2026-08-20T07:02:09+00:00,DIAUSDT,LONG,ema_cross,1,0.1311,pre_fix,0.1311,0.1261103448275862,0.14107931034482757,unresolved,1787296500,2026-08-21T07:15:00+00:00,1.2425708362128578,window_close,no,,,5.7325,below_50%,tp,1787302689,0.1413,,missing,,0,missing,,,no_consecutive_trend,reconstructed
2965,1787209329,2026-08-20T07:02:09+00:00,DIAUSDT,LONG,ema_cross_confirmed,1,0.1311,pre_fix,0.1311,0.1311,0.1311,sl_first,1787210100,2026-08-20T07:15:00+00:00,nan,stop_touch,no,,,5.7325,below_50%,ttl_expired,,,,missing,,0,missing,,,no_consecutive_trend,reconstructed
2823,1787210111,2026-08-20T07:15:11+00:00,GPSUSDT,SHORT,ema_cross_confirmed,1,0.01178,pre_fix,0.01178,0.01491848275862069,0.00550303448275862,unresolved,1787297400,2026-08-21T07:30:00+00:00,-0.08379845301924914,window_close,no,,,15.2034,below_50%,open,,,,missing,,0,missing,,,no_consecutive_trend,reconstructed
2824,1787210116,2026-08-20T07:15:16+00:00,AVAAIUSDT,LONG,ema_cross_confirmed,1,0.015147,pre_fix,0.015147,0.013733534482758622,0.01797393103448276,tp_first,1787217300,2026-08-20T09:15:00+00:00,2.0,target_touch,no,,,19.5202,below_50%,tp,1787216995,0.01797393103448276,,missing,,0,missing,,,no_consecutive_trend,reconstructed
2837,1787211014,2026-08-20T07:30:14+00:00,EPICUSDT,SHORT,ema_cross_confirmed,1,0.3294,pre_fix,0.3294,0.3623793103448276,0.26344137931034484,sl_first,1787263200,2026-08-20T22:00:00+00:00,-1.0,stop_touch,no,,,17.5573,below_50%,sl,1787262961,0.3623793103448276,,missing,,0,missing,,,no_consecutive_trend,reconstructed
2839,1787211277,2026-08-20T07:34:37+00:00,WETUSDT,LONG,ema_cross,1,0.07326,pre_fix,0.07326,0.07217862068965518,0.07542275862068966,tp_first,1787239800,2026-08-20T15:30:00+00:00,2.0,target_touch,no,,,5.1114,below_50%,tp,1787238996,0.07542275862068966,,missing,,0,missing,,,no_consecutive_trend,reconstructed
2978,1787211277,2026-08-20T07:34:37+00:00,WETUSDT,LONG,ema_cross_confirmed,1,0.07326,pre_fix,0.07326,0.07326,0.07326,sl_first,1787211900,2026-08-20T07:45:00+00:00,nan,stop_touch,no,,,5.1114,below_50%,ttl_expired,,,,missing,,0,missing,,,no_consecutive_trend,reconstructed
2846,1787212805,2026-08-20T08:00:05+00:00,HEIUSDT,SHORT,ema_cross_confirmed,1,0.12606,pre_fix,0.12606,0.14225724137931034,0.09366551724137934,sl_first,1787240700,2026-08-20T15:45:00+00:00,-1.0,stop_touch,no,,,24.9461,below_50%,sl,1787240286,0.1423,,missing,,0,missing,,,no_consecutive_trend,reconstructed
2854,1787213700,2026-08-20T08:15:00+00:00,CROUSDT,LONG,ema_cross_confirmed,1,0.0504,pre_fix,0.0504,0.049610172413793105,0.05197965517241379,tp_first,1787220000,2026-08-20T10:00:00+00:00,2.0,target_touch,no,,,9.8757,below_50%,tp,1787219238,0.05213,,missing,,0,missing,,,no_consecutive_trend,reconstructed
2855,1787213701,2026-08-20T08:15:01+00:00,DYDXUSDT,LONG,ema_cross_confirmed,1,0.11219,pre_fix,0.11219,0.10857758620689655,0.1194148275862069,tp_first,1787299200,2026-08-21T08:00:00+00:00,2.0,target_touch,no,,,11.885,below_50%,tp,1787298630,0.1194148275862069,,missing,,0,missing,,,no_consecutive_trend,reconstructed
2856,1787213704,2026-08-20T08:15:04+00:00,WLDUSDT,LONG,ema_cross_confirmed,1,0.3663,pre_fix,0.3663,0.3490086206896552,0.4008827586206896,unresolved,1787301000,2026-08-21T08:30:00+00:00,0.9195333532755007,window_close,no,,,17.8911,below_50%,tp,1787310567,0.4015,,missing,,0,missing,,,no_consecutive_trend,reconstructed
2859,1787213712,2026-08-20T08:15:12+00:00,WETUSDT,LONG,ema_cross_confirmed,1,0.07354,pre_fix,0.07354,0.07191793103448275,0.07678413793103447,tp_first,1787297400,2026-08-21T07:30:00+00:00,2.0,target_touch,no,,,5.197,below_50%,tp,1787296891,0.0768,,missing,,0,missing,,,no_consecutive_trend,reconstructed
2864,1787214000,2026-08-20T08:20:00+00:00,IOSTUSDT,LONG,ema_cross,1,0.000557,pre_fix,0.000557,0.0005468275862068966,0.0005773448275862068,tp_first,1787263200,2026-08-20T22:00:00+00:00,2.0,target_touch,no,,,7.2106,below_50%,tp,1787262514,0.000578,,missing,,0,missing,,,no_consecutive_trend,reconstructed
3019,1787214001,2026-08-20T08:20:01+00:00,IOSTUSDT,LONG,ema_cross_confirmed,1,0.000557,pre_fix,0.000557,0.000557,0.000557,tp_first,1787214600,2026-08-20T08:30:00+00:00,nan,target_touch,no,,,7.2106,below_50%,ttl_expired,,,,missing,,0,missing,,,no_consecutive_trend,reconstructed
2865,1787214072,2026-08-20T08:21:12+00:00,IOSTUSDT,LONG,ema_cross_confirmed,1,0.000564,pre_fix,0.000564,0.0005487413793103449,0.0005945172413793103,unresolved,1787301000,2026-08-21T08:30:00+00:00,1.4418079096045218,window_close,no,,,7.2106,below_50%,tp,1787302750,0.000595,,missing,,0,missing,,,no_consecutive_trend,reconstructed
2866,1787214111,2026-08-20T08:21:51+00:00,SPKUSDT,LONG,ema_cross,1,0.0146,pre_fix,0.0146,0.014361034482758621,0.01507793103448276,tp_first,1787256900,2026-08-20T20:15:00+00:00,2.000000000000007,target_touch,no,,,13.891,below_50%,tp,1787256333,0.01508,,missing,,0,missing,,,no_consecutive_trend,reconstructed
3025,1787214112,2026-08-20T08:21:52+00:00,SPKUSDT,LONG,ema_cross_confirmed,1,0.0146,pre_fix,0.0146,0.0146,0.0146,tp_first,1787214600,2026-08-20T08:30:00+00:00,nan,target_touch,no,,,13.891,below_50%,ttl_expired,,,,missing,,0,missing,,,no_consecutive_trend,reconstructed
2867,1787214137,2026-08-20T08:22:17+00:00,IDUSDT,LONG,ema_cross,1,0.02907,pre_fix,0.02907,0.0286251724137931,0.029959655172413793,tp_first,1787236200,2026-08-20T14:30:00+00:00,2.0,target_touch,no,,,7.9649,below_50%,tp,1787236095,0.029959655172413793,,missing,,0,missing,,,no_consecutive_trend,reconstructed
3027,1787214137,2026-08-20T08:22:17+00:00,IDUSDT,LONG,ema_cross_confirmed,1,0.02907,pre_fix,0.02907,0.02907,0.02907,tp_first,1787214600,2026-08-20T08:30:00+00:00,nan,target_touch,no,,,7.9649,below_50%,ttl_expired,,,,missing,,0,missing,,,no_consecutive_trend,reconstructed
2868,1787214185,2026-08-20T08:23:05+00:00,VOLXUSDT,SHORT,ema_cross,1,16.908,pre_fix,16.908,17.350758620689657,16.02248275862069,sl_first,1787214600,2026-08-20T08:30:00+00:00,-1.0,stop_touch,no,,,11.5676,below_50%,sl,1787214230,17.67,,missing,,0,missing,,,no_consecutive_trend,reconstructed
3030,1787214185,2026-08-20T08:23:05+00:00,VOLXUSDT,SHORT,ema_cross_confirmed,1,16.908,pre_fix,16.908,16.908,16.908,ambiguous,1787214600,2026-08-20T08:30:00+00:00,nan,both_barriers_same_candle,no,,,11.5676,below_50%,ttl_expired,,,,missing,,0,missing,,,no_consecutive_trend,reconstructed
2869,1787214188,2026-08-20T08:23:08+00:00,CHILLGUYUSDT,LONG,ema_cross,1,0.011594,pre_fix,0.011594,0.011282206896551725,0.012217586206896553,tp_first,1787220900,2026-08-20T10:15:00+00:00,2.0000000000000058,target_touch,no,,,10.9211,below_50%,tp,1787220202,0.012217586206896553,,missing,,0,missing,,,no_consecutive_trend,reconstructed
3031,1787214189,2026-08-20T08:23:09+00:00,CHILLGUYUSDT,LONG,ema_cross_confirmed,1,0.011594,pre_fix,0.011594,0.011594,0.011594,tp_first,1787214600,2026-08-20T08:30:00+00:00,nan,target_touch,no,,,10.9211,below_50%,ttl_expired,,,,missing,,0,missing,,,no_consecutive_trend,reconstructed
2870,1787214194,2026-08-20T08:23:14+00:00,IDUSDT,LONG,ema_cross_confirmed,1,0.02953,pre_fix,0.02953,0.028862758620689655,0.030864482758620693,tp_first,1787299200,2026-08-21T08:00:00+00:00,2.0,target_touch,no,,,7.9649,below_50%,tp,1787298513,0.03089,,missing,,0,missing,,,no_consecutive_trend,reconstructed
2871,1787214201,2026-08-20T08:23:21+00:00,RVNUSDT,LONG,ema_cross,1,0.002837,pre_fix,0.002837,0.0027534137931034485,0.0030041724137931033,tp_first,1787246100,2026-08-20T17:15:00+00:00,2.0,target_touch,no,,,9.4785,below_50%,tp,1787245744,0.0030041724137931033,,missing,,0,missing,,,no_consecutive_trend,reconstructed
3032,1787214202,2026-08-20T08:23:22+00:00,RVNUSDT,LONG,ema_cross_confirmed,1,0.002837,pre_fix,0.002837,0.002837,0.002837,tp_first,1787214600,2026-08-20T08:30:00+00:00,nan,target_touch,no,,,9.4785,below_50%,ttl_expired,,,,missing,,0,missing,,,no_consecutive_trend,reconstructed
2872,1787214206,2026-08-20T08:23:26+00:00,DOSUSDT,SHORT,ema_cross,1,0.2369,pre_fix,0.2369,0.24995517241379311,0.21078965517241377,unresolved,1787301000,2026-08-21T08:30:00+00:00,0.03063919704173355,window_close,no,,,18.7713,below_50%,sl,1787320398,0.2508,,missing,,0,missing,,,no_consecutive_trend,reconstructed
3033,1787214206,2026-08-20T08:23:26+00:00,DOSUSDT,SHORT,ema_cross_confirmed,1,0.2369,pre_fix,0.2369,0.2369,0.2369,ambiguous,1787214600,2026-08-20T08:30:00+00:00,nan,both_barriers_same_candle,no,,,18.7713,below_50%,ttl_expired,,,,missing,,0,missing,,,no_consecutive_trend,reconstructed
2873,1787214210,2026-08-20T08:23:30+00:00,GRIFFAINUSDT,LONG,ema_cross,1,0.012839,pre_fix,0.012839,0.012422586206896551,0.013671827586206897,unresolved,1787301000,2026-08-21T08:30:00+00:00,0.9557800596223931,window_close,no,,,15.0545,below_50%,tp,1787384567,0.013683,,missing,,0,missing,,,no_consecutive_trend,reconstructed
3034,1787214210,2026-08-20T08:23:30+00:00,GRIFFAINUSDT,LONG,ema_cross_confirmed,1,0.012839,pre_fix,0.012839,0.012839,0.012839,tp_first,1787214600,2026-08-20T08:30:00+00:00,nan,target_touch,no,,,15.0545,below_50%,ttl_expired,,,,missing,,0,missing,,,no_consecutive_trend,reconstructed
2874,1787214255,2026-08-20T08:24:15+00:00,CHILLGUYUSDT,LONG,ema_cross_confirmed,1,0.011724,pre_fix,0.011724,0.011256310344827587,0.012659379310344826,tp_first,1787296500,2026-08-21T07:15:00+00:00,2.0,target_touch,no,,,10.9211,below_50%,tp,1787296469,0.012693,,missing,,0,missing,,,no_consecutive_trend,reconstructed
2875,1787214256,2026-08-20T08:24:16+00:00,RVNUSDT,LONG,ema_cross_confirmed,1,0.002876,pre_fix,0.002876,0.0027506206896551724,0.0031267586206896554,tp_first,1787294700,2026-08-21T06:45:00+00:00,2.0,target_touch,no,,,9.4785,below_50%,tp,1787294726,0.0031267586206896554,,missing,,0,missing,,,no_consecutive_trend,reconstructed
2876,1787214272,2026-08-20T08:24:32+00:00,BSVUSDT,LONG,ema_cross,1,15.86,pre_fix,15.86,15.554137931034482,16.471724137931034,tp_first,1787293800,2026-08-21T06:30:00+00:00,2.0,target_touch,no,,,14.557,below_50%,tp,1787293026,16.471724137931034,,missing,,0,missing,,,no_consecutive_trend,reconstructed
3037,1787214272,2026-08-20T08:24:32+00:00,BSVUSDT,LONG,ema_cross_confirmed,1,15.86,pre_fix,15.86,15.86,15.86,tp_first,1787214600,2026-08-20T08:30:00+00:00,nan,target_touch,no,,,14.557,below_50%,ttl_expired,,,,missing,,0,missing,,,no_consecutive_trend,reconstructed
2877,1787214274,2026-08-20T08:24:34+00:00,FUSDT,LONG,ema_cross,1,0.002809,pre_fix,0.002809,0.0027572758620689653,0.0029124482758620686,tp_first,1787245200,2026-08-20T17:00:00+00:00,1.9999999999999916,target_touch,no,,,9.0527,below_50%,tp,1787244572,0.0029124482758620686,,missing,,0,missing,,,no_consecutive_trend,reconstructed
3038,1787214274,2026-08-20T08:24:34+00:00,FUSDT,LONG,ema_cross_confirmed,1,0.002809,pre_fix,0.002809,0.002809,0.002809,tp_first,1787214600,2026-08-20T08:30:00+00:00,nan,target_touch,no,,,9.0527,below_50%,ttl_expired,,,,missing,,0,missing,,,no_consecutive_trend,reconstructed
2878,1787214284,2026-08-20T08:24:44+00:00,BIRBUSDT,LONG,ema_cross,1,0.05435,pre_fix,0.05435,0.05307655172413793,0.05689689655172414,unresolved,1787301000,2026-08-21T08:30:00+00:00,0.8559436772271846,window_close,no,,,9.964,below_50%,tp,1787305736,0.05715,,missing,,0,missing,,,no_consecutive_trend,reconstructed
3039,1787214285,2026-08-20T08:24:45+00:00,BIRBUSDT,LONG,ema_cross_confirmed,1,0.05435,pre_fix,0.05435,0.05435,0.05435,tp_first,1787214600,2026-08-20T08:30:00+00:00,nan,target_touch,no,,,9.964,below_50%,ttl_expired,,,,missing,,0,missing,,,no_consecutive_trend,reconstructed
2879,1787214311,2026-08-20T08:25:11+00:00,NESUSDT,LONG,ema_cross,1,0.2169,pre_fix,0.2169,0.21131379310344828,0.22807241379310347,unresolved,1787301000,2026-08-21T08:30:00+00:00,0.5370370370370368,window_close,no,,,6.0621,below_50%,sl,1787395810,0.2087,,missing,,0,missing,,,no_consecutive_trend,reconstructed
3041,1787214311,2026-08-20T08:25:11+00:00,NESUSDT,LONG,ema_cross_confirmed,1,0.2169,pre_fix,0.2169,0.2169,0.2169,ambiguous,1787214600,2026-08-20T08:30:00+00:00,nan,both_barriers_same_candle,no,,,6.0621,below_50%,ttl_expired,,,,missing,,0,missing,,,no_consecutive_trend,reconstructed
2880,1787214318,2026-08-20T08:25:18+00:00,BSVUSDT,LONG,ema_cross_confirmed,1,15.97,pre_fix,15.97,15.511206896551725,16.88758620689655,tp_first,1787296500,2026-08-21T07:15:00+00:00,1.9999999999999962,target_touch,no,,,14.557,below_50%,tp,1787295871,16.91,,missing,,0,missing,,,no_consecutive_trend,reconstructed
2881,1787214319,2026-08-20T08:25:19+00:00,BIRBUSDT,LONG,ema_cross_confirmed,1,0.05496,pre_fix,0.05496,0.053049827586206896,0.05878034482758621,unresolved,1787301000,2026-08-21T08:30:00+00:00,0.2512862171676148,window_close,no,,,9.964,below_50%,tp,1787358456,0.06043,,missing,,0,missing,,,no_consecutive_trend,reconstructed
2882,1787214605,2026-08-20T08:30:05+00:00,DIAUSDT,LONG,ema_cross_confirmed,1,0.1336,pre_fix,0.1336,0.12611551724137932,0.14856896551724136,unresolved,1787301900,2026-08-21T08:45:00+00:00,0.8818244644091227,window_close,no,,,6.3694,below_50%,open,,,,missing,,0,missing,,,no_consecutive_trend,reconstructed
2883,1787214620,2026-08-20T08:30:20+00:00,FUSDT,LONG,ema_cross_confirmed,1,0.00285,pre_fix,0.00285,0.0027724137931034484,0.0030051724137931035,tp_first,1787301900,2026-08-21T08:45:00+00:00,2.0,target_touch,no,,,9.2437,below_50%,tp,1787301487,0.003018,,missing,,0,missing,,,no_consecutive_trend,reconstructed
2896,1787216264,2026-08-20T08:57:44+00:00,KAIAUSDT,LONG,ema_cross,1,0.02506,pre_fix,0.02506,0.024593448275862066,0.02599310344827586,tp_first,1787262300,2026-08-20T21:45:00+00:00,1.9999999999999927,target_touch,no,,,13.2644,below_50%,tp,1787261972,0.02601,,missing,,0,missing,,,no_consecutive_trend,reconstructed
3072,1787216264,2026-08-20T08:57:44+00:00,KAIAUSDT,LONG,ema_cross_confirmed,1,0.02506,pre_fix,0.02506,0.02506,0.02506,tp_first,1787216400,2026-08-20T09:00:00+00:00,nan,target_touch,no,,,13.2644,below_50%,ttl_expired,,,,missing,,0,missing,,,no_consecutive_trend,reconstructed
2897,1787216306,2026-08-20T08:58:26+00:00,KAIAUSDT,LONG,ema_cross_confirmed,1,0.02514,pre_fix,0.02514,0.024440172413793104,0.02653965517241379,tp_first,1787268600,2026-08-20T23:30:00+00:00,2.0,target_touch,no,,,13.2644,below_50%,tp,1787268004,0.02655,,missing,,0,missing,,,no_consecutive_trend,reconstructed
2898,1787216407,2026-08-20T09:00:07+00:00,BANANAS31USDT,LONG,ema_cross_confirmed,1,0.009079,pre_fix,0.009079,0.008755465517241379,0.009726068965517243,unresolved,1787303700,2026-08-21T09:15:00+00:00,0.31217692512656575,window_close,no,,,10.9089,below_50%,sl,1787407714,0.008742,,missing,,0,missing,,,no_consecutive_trend,reconstructed
2899,1787216420,2026-08-20T09:00:20+00:00,GRIFFAINUSDT,LONG,ema_cross_confirmed,1,0.01297,pre_fix,0.01297,0.012345379310344828,0.014219241379310346,unresolved,1787303700,2026-08-21T09:15:00+00:00,-0.06243789334216761,window_close,no,,,15.0545,below_50%,sl,1787462705,0.012329,,missing,,0,missing,,,no_consecutive_trend,reconstructed
2920,1787218202,2026-08-20T09:30:02+00:00,SKYAIUSDT,LONG,ema_cross_confirmed,1,0.07428,pre_fix,0.07428,0.06589344827586208,0.09105310344827584,unresolved,1787305500,2026-08-21T09:45:00+00:00,-0.04054109617203162,window_close,no,,,33.1232,below_50%,sl,1787489263,0.06589344827586208,,missing,,0,missing,,,no_consecutive_trend,reconstructed
2928,1787219174,2026-08-20T09:46:14+00:00,SPKUSDT,LONG,ema_cross_confirmed,1,0.01476,pre_fix,0.01476,0.014401551724137932,0.015476896551724137,tp_first,1787258700,2026-08-20T20:45:00+00:00,2.0,target_touch,no,,,14.0445,below_50%,tp,1787258614,0.01549,,missing,,0,missing,,,no_consecutive_trend,reconstructed
2930,1787220008,2026-08-20T10:00:08+00:00,AVAAIUSDT,LONG,ema_cross_confirmed,1,0.017606,pre_fix,0.017606,0.01619253448275862,0.01901946551724138,tp_first,1787237100,2026-08-20T14:45:00+00:00,1.0,target_touch,no,,,42.3053,below_50%,tp,1787237174,0.01901946551724138,,missing,,0,missing,,,no_consecutive_trend,reconstructed
2951,1787222472,2026-08-20T10:41:12+00:00,ILVUSDT,LONG,ema_cross,1,3.149,pre_fix,3.149,3.0932758620689653,3.260448275862069,tp_first,1787243400,2026-08-20T16:30:00+00:00,1.999999999999992,target_touch,no,,,10.3352,below_50%,tp,1787243405,3.261,,missing,,0,missing,,,no_consecutive_trend,reconstructed
3128,1787222473,2026-08-20T10:41:13+00:00,ILVUSDT,LONG,ema_cross_confirmed,1,3.149,pre_fix,3.149,3.149,3.149,tp_first,1787222700,2026-08-20T10:45:00+00:00,nan,target_touch,no,,,10.3352,below_50%,ttl_expired,,,,missing,,0,missing,,,no_consecutive_trend,reconstructed
2988,1787227215,2026-08-20T12:00:15+00:00,NESUSDT,LONG,ema_cross_confirmed,1,0.218,pre_fix,0.218,0.20962068965517242,0.23475862068965517,unresolved,1787314500,2026-08-21T12:15:00+00:00,0.5728395061728395,window_close,no,,,5.4484,below_50%,sl,1787395810,0.2087,,missing,,0,missing,,,no_consecutive_trend,reconstructed
3064,1787230435,2026-08-20T12:53:55+00:00,AEONUSDT,SHORT,ema_cross,1,0.07252,pre_fix,0.07252,0.07964586206896551,0.058268275862068966,unresolved,1787317200,2026-08-21T13:00:00+00:00,-0.34802806677957876,window_close,no,,,17.1594,below_50%,open,,,,missing,,0,missing,,,no_consecutive_trend,reconstructed
3175,1787230436,2026-08-20T12:53:56+00:00,AEONUSDT,SHORT,ema_cross_confirmed,1,0.07252,pre_fix,0.07252,0.07252,0.07252,sl_first,1787230800,2026-08-20T13:00:00+00:00,nan,stop_touch,no,,,17.1594,below_50%,ttl_expired,,,,missing,,0,missing,,,no_consecutive_trend,reconstructed
3065,1787230457,2026-08-20T12:54:17+00:00,POPMARTUSDT,SHORT,ema_cross,1,18.977,pre_fix,18.977,19.30941379310345,18.312172413793103,tp_first,1787275800,2026-08-21T01:30:00+00:00,2.0,target_touch,no,,,7.2171,below_50%,open,,,,missing,,0,missing,,,no_consecutive_trend,reconstructed
3176,1787230457,2026-08-20T12:54:17+00:00,POPMARTUSDT,SHORT,ema_cross_confirmed,1,18.977,pre_fix,18.977,18.977,18.977,sl_first,1787230800,2026-08-20T13:00:00+00:00,nan,stop_touch,no,,,7.2171,below_50%,ttl_expired,,,,missing,,0,missing,,,no_consecutive_trend,reconstructed
3066,1787230497,2026-08-20T12:54:57+00:00,CLOUSDT,SHORT,ema_cross,1,0.1052,pre_fix,0.1052,0.11221275862068966,0.0911744827586207,sl_first,1787274900,2026-08-21T01:15:00+00:00,-1.0,stop_touch,no,,,27.0795,below_50%,sl,1787290361,0.11413,,missing,,0,missing,,,no_consecutive_trend,reconstructed
3177,1787230497,2026-08-20T12:54:57+00:00,CLOUSDT,SHORT,ema_cross_confirmed,1,0.1052,pre_fix,0.1052,0.1052,0.1052,sl_first,1787230800,2026-08-20T13:00:00+00:00,nan,stop_touch,no,,,27.0795,below_50%,ttl_expired,,,,missing,,0,missing,,,no_consecutive_trend,reconstructed
3067,1787230504,2026-08-20T12:55:04+00:00,FILUSDT,LONG,ema_cross,1,0.6912,pre_fix,0.6912,0.6770793103448276,0.7194413793103448,tp_first,1787239800,2026-08-20T15:30:00+00:00,1.9999999999999922,target_touch,no,,,10.5455,below_50%,tp,1787239236,0.7199,,missing,,0,missing,,,no_consecutive_trend,reconstructed
3178,1787230504,2026-08-20T12:55:04+00:00,FILUSDT,LONG,ema_cross_confirmed,1,0.6912,pre_fix,0.6912,0.6912,0.6912,ambiguous,1787230800,2026-08-20T13:00:00+00:00,nan,both_barriers_same_candle,no,,,10.5455,below_50%,ttl_expired,,,,missing,,0,missing,,,no_consecutive_trend,reconstructed
3068,1787230530,2026-08-20T12:55:30+00:00,WALUSDT,LONG,ema_cross,1,0.0227,pre_fix,0.0227,0.022027241379310347,0.02404551724137931,tp_first,1787302800,2026-08-21T09:00:00+00:00,2.0,target_touch,no,,,7.4493,below_50%,tp,1787302213,0.02405,,missing,,0,missing,,,no_consecutive_trend,reconstructed
3179,1787230530,2026-08-20T12:55:30+00:00,WALUSDT,LONG,ema_cross_confirmed,1,0.0227,pre_fix,0.0227,0.0227,0.0227,sl_first,1787230800,2026-08-20T13:00:00+00:00,nan,stop_touch,no,,,7.4493,below_50%,ttl_expired,,,,missing,,0,missing,,,no_consecutive_trend,reconstructed
3069,1787230574,2026-08-20T12:56:14+00:00,AIGENSYNUSDT,LONG,ema_cross,1,0.02066,pre_fix,0.02066,0.020216551724137933,0.021546896551724138,sl_first,1787250600,2026-08-20T18:30:00+00:00,-1.0,stop_touch,no,,,7.4687,below_50%,sl,1787250175,0.02019,,missing,,0,missing,,,no_consecutive_trend,reconstructed
3180,1787230575,2026-08-20T12:56:15+00:00,AIGENSYNUSDT,LONG,ema_cross_confirmed,1,0.02066,pre_fix,0.02066,0.02066,0.02066,sl_first,1787230800,2026-08-20T13:00:00+00:00,nan,stop_touch,no,,,7.4687,below_50%,ttl_expired,,,,missing,,0,missing,,,no_consecutive_trend,reconstructed
3070,1787230612,2026-08-20T12:56:52+00:00,OKBUSDT,LONG,ema_cross,1,105.8,pre_fix,105.8,103.60448275862069,110.19103448275862,unresolved,1787317200,2026-08-21T13:00:00+00:00,0.6376629495837951,window_close,no,,,9.6189,below_50%,sl,1787340424,103.60448275862069,,missing,,0,missing,,,no_consecutive_trend,reconstructed
3181,1787230613,2026-08-20T12:56:53+00:00,OKBUSDT,LONG,ema_cross_confirmed,1,105.8,pre_fix,105.8,105.8,105.8,sl_first,1787230800,2026-08-20T13:00:00+00:00,nan,stop_touch,no,,,9.6189,below_50%,ttl_expired,,,,missing,,0,missing,,,no_consecutive_trend,reconstructed
3071,1787230631,2026-08-20T12:57:11+00:00,DEEPUSDT,LONG,ema_cross,1,0.01449,pre_fix,0.01449,0.01415655172413793,0.015156896551724138,tp_first,1787246100,2026-08-20T17:15:00+00:00,2.0,target_touch,no,,,15.8986,below_50%,tp,1787245444,0.01542,,missing,,0,missing,,,no_consecutive_trend,reconstructed
3182,1787230631,2026-08-20T12:57:11+00:00,DEEPUSDT,LONG,ema_cross_confirmed,1,0.01449,pre_fix,0.01449,0.01449,0.01449,sl_first,1787230800,2026-08-20T13:00:00+00:00,nan,stop_touch,no,,,15.8986,below_50%,ttl_expired,,,,missing,,0,missing,,,no_consecutive_trend,reconstructed
3073,1787230686,2026-08-20T12:58:06+00:00,MANTRAUSDT,LONG,ema_cross,1,0.005019,pre_fix,0.005019,0.004928931034482759,0.0051991379310344825,sl_first,1787253300,2026-08-20T19:15:00+00:00,-1.0,stop_touch,no,,,10.5435,below_50%,sl,1787253154,0.004928931034482759,,missing,,0,missing,,,no_consecutive_trend,reconstructed
3183,1787230687,2026-08-20T12:58:07+00:00,MANTRAUSDT,LONG,ema_cross_confirmed,1,0.005019,pre_fix,0.005019,0.005019,0.005019,ambiguous,1787230800,2026-08-20T13:00:00+00:00,nan,both_barriers_same_candle,no,,,10.5435,below_50%,ttl_expired,,,,missing,,0,missing,,,no_consecutive_trend,reconstructed
3074,1787230692,2026-08-20T12:58:12+00:00,COOKIEUSDT,LONG,ema_cross,1,0.01142,pre_fix,0.01142,0.01103103448275862,0.012197931034482757,tp_first,1787317200,2026-08-21T13:00:00+00:00,1.9999999999999956,target_touch,no,,,11.2703,below_50%,tp,1787360658,0.0122,,missing,,0,missing,,,no_consecutive_trend,reconstructed
3184,1787230693,2026-08-20T12:58:13+00:00,COOKIEUSDT,LONG,ema_cross_confirmed,1,0.01142,pre_fix,0.01142,0.01142,0.01142,ambiguous,1787230800,2026-08-20T13:00:00+00:00,nan,both_barriers_same_candle,no,,,11.2703,below_50%,ttl_expired,,,,missing,,0,missing,,,no_consecutive_trend,reconstructed
3084,1787232628,2026-08-20T13:30:28+00:00,AEONUSDT,SHORT,ema_cross_confirmed,1,0.0724,pre_fix,0.0724,0.08665172413793104,0.043896551724137936,unresolved,1787319900,2026-08-21T13:45:00+00:00,-0.16278732155818937,window_close,no,,,18.1223,below_50%,open,,,,missing,,0,missing,,,no_consecutive_trend,reconstructed
3220,1787233225,2026-08-20T13:40:25+00:00,CHIPUSDT,LONG,ema_cross_confirmed,1,0.03058,pre_fix,0.03058,0.03058,0.03058,ambiguous,1787233500,2026-08-20T13:45:00+00:00,nan,both_barriers_same_candle,no,,,15.0685,below_50%,ttl_expired,,,,missing,,0,missing,,,no_consecutive_trend,reconstructed
3095,1787233527,2026-08-20T13:45:27+00:00,POPMARTUSDT,SHORT,ema_cross_confirmed,1,18.928,pre_fix,18.928,19.592827586206898,17.598344827586207,unresolved,1787320800,2026-08-21T14:00:00+00:00,-0.14139004149377227,window_close,no,,,7.2171,below_50%,open,,,,missing,,0,missing,,,no_consecutive_trend,reconstructed
3096,1787233529,2026-08-20T13:45:29+00:00,FILUSDT,LONG,ema_cross_confirmed,1,0.6939,pre_fix,0.6939,0.6727189655172413,0.7362620689655173,tp_first,1787244300,2026-08-20T16:45:00+00:00,2.0,target_touch,no,,,10.5455,below_50%,tp,1787244154,0.7369,,missing,,0,missing,,,no_consecutive_trend,reconstructed
3101,1787234409,2026-08-20T14:00:09+00:00,ILVUSDT,LONG,ema_cross_confirmed,1,3.185,pre_fix,3.185,3.1014137931034482,3.3521724137931037,tp_first,1787302800,2026-08-21T09:00:00+00:00,2.0,target_touch,no,,,11.0879,below_50%,tp,1787302213,3.354,,missing,,0,missing,,,no_consecutive_trend,reconstructed
3115,1787235330,2026-08-20T14:15:30+00:00,DEEPUSDT,LONG,ema_cross_confirmed,1,0.01471,pre_fix,0.01471,0.014209827586206897,0.01571034482758621,tp_first,1787292900,2026-08-21T06:15:00+00:00,2.0,target_touch,no,,,15.103,below_50%,tp,1787292667,0.01574,,missing,,0,missing,,,no_consecutive_trend,reconstructed
3137,1787238928,2026-08-20T15:15:28+00:00,OKBUSDT,LONG,ema_cross_confirmed,1,105.88,pre_fix,105.88,102.58672413793103,112.46655172413793,unresolved,1787326200,2026-08-21T15:30:00+00:00,-0.03947437306947141,window_close,no,,,6.811,below_50%,tp,1787381053,112.5,,missing,,0,missing,,,no_consecutive_trend,reconstructed
3138,1787238930,2026-08-20T15:15:30+00:00,MANTRAUSDT,LONG,ema_cross_confirmed,1,0.005018,pre_fix,0.005018,0.004882896551724138,0.005288206896551724,sl_first,1787253300,2026-08-20T19:15:00+00:00,-1.0,stop_touch,no,,,7.7218,below_50%,sl,1787253154,0.004882896551724138,,missing,,0,missing,,,no_consecutive_trend,reconstructed
3142,1787239831,2026-08-20T15:30:31+00:00,CHIPUSDT,LONG,ema_cross_confirmed,1,0.03067,pre_fix,0.03067,0.02759603448275862,0.03681793103448276,unresolved,1787327100,2026-08-21T15:45:00+00:00,0.5985753547590996,window_close,no,,,13.2364,below_50%,open,,,,missing,,0,missing,,,no_consecutive_trend,reconstructed
3150,1787241627,2026-08-20T16:00:27+00:00,WALUSDT,LONG,ema_cross_confirmed,1,0.02272,pre_fix,0.02272,0.021710862068965518,0.024738275862068965,tp_first,1787310900,2026-08-21T11:15:00+00:00,2.0,target_touch,no,,,5.1176,below_50%,tp,1787310207,0.02474,,missing,,0,missing,,,no_consecutive_trend,reconstructed
3152,1787241691,2026-08-20T16:01:31+00:00,CXMTUSDT,SHORT,ema_cross,1,8.264,pre_fix,8.264,8.491965517241379,7.808068965517241,sl_first,1787276700,2026-08-21T01:45:00+00:00,-1.0,stop_touch,no,,,5.3497,below_50%,sl,1787292846,8.491965517241379,,missing,,0,missing,,,no_consecutive_trend,reconstructed
3255,1787241691,2026-08-20T16:01:31+00:00,CXMTUSDT,SHORT,ema_cross_confirmed,1,8.264,pre_fix,8.264,8.264,8.264,tp_first,1787242500,2026-08-20T16:15:00+00:00,nan,target_touch,no,,,5.3497,below_50%,ttl_expired,,,,missing,,0,missing,,,no_consecutive_trend,reconstructed
3153,1787241753,2026-08-20T16:02:33+00:00,KAITOUSDT,LONG,ema_cross,1,0.3618,pre_fix,0.3618,0.3443137931034483,0.39677241379310346,sl_first,1787259600,2026-08-20T21:00:00+00:00,-1.0,stop_touch,no,,,9.4595,below_50%,sl,1787259063,0.3443137931034483,,missing,,0,missing,,,no_consecutive_trend,reconstructed
3256,1787241753,2026-08-20T16:02:33+00:00,KAITOUSDT,LONG,ema_cross_confirmed,1,0.3618,pre_fix,0.3618,0.3618,0.3618,ambiguous,1787242500,2026-08-20T16:15:00+00:00,nan,both_barriers_same_candle,no,,,9.4595,below_50%,ttl_expired,,,,missing,,0,missing,,,no_consecutive_trend,reconstructed
3154,1787241848,2026-08-20T16:04:08+00:00,SWARMSUSDT,LONG,ema_cross,1,0.009114,pre_fix,0.009114,0.008815586206896552,0.009710827586206897,sl_first,1787303700,2026-08-21T09:15:00+00:00,-1.0,stop_touch,no,,,14.4992,below_50%,sl,1787303541,0.008815586206896552,,missing,,0,missing,,,no_consecutive_trend,reconstructed
3259,1787241848,2026-08-20T16:04:08+00:00,SWARMSUSDT,LONG,ema_cross_confirmed,1,0.009114,pre_fix,0.009114,0.009114,0.009114,ambiguous,1787242500,2026-08-20T16:15:00+00:00,nan,both_barriers_same_candle,no,,,14.4992,below_50%,ttl_expired,,,,missing,,0,missing,,,no_consecutive_trend,reconstructed
3155,1787241896,2026-08-20T16:04:56+00:00,UBUSDT,SHORT,ema_cross,1,0.11427,pre_fix,0.11427,0.11888793103448275,0.10503413793103449,sl_first,1787243400,2026-08-20T16:30:00+00:00,-1.0,stop_touch,no,,,10.844,below_50%,sl,1787242774,0.11893,,missing,,0,missing,,,no_consecutive_trend,reconstructed
3262,1787241896,2026-08-20T16:04:56+00:00,UBUSDT,SHORT,ema_cross_confirmed,1,0.11427,pre_fix,0.11427,0.11427,0.11427,sl_first,1787242500,2026-08-20T16:15:00+00:00,nan,stop_touch,no,,,10.844,below_50%,ttl_expired,,,,missing,,0,missing,,,no_consecutive_trend,reconstructed
3156,1787241907,2026-08-20T16:05:07+00:00,BASEDUSDT,LONG,ema_cross,1,0.08241,pre_fix,0.08241,0.07954310344827586,0.08814379310344828,tp_first,1787311800,2026-08-21T11:30:00+00:00,2.000000000000005,target_touch,no,,,7.5699,below_50%,tp,1787311709,0.08814379310344828,,missing,,0,missing,,,no_consecutive_trend,reconstructed
3263,1787241907,2026-08-20T16:05:07+00:00,BASEDUSDT,LONG,ema_cross_confirmed,1,0.08241,pre_fix,0.08241,0.08241,0.08241,ambiguous,1787242500,2026-08-20T16:15:00+00:00,nan,both_barriers_same_candle,no,,,7.5699,below_50%,ttl_expired,,,,missing,,0,missing,,,no_consecutive_trend,reconstructed
3157,1787241941,2026-08-20T16:05:41+00:00,RIVERUSDT,LONG,ema_cross,1,2.749,pre_fix,2.749,2.663344827586207,2.9203103448275862,tp_first,1787301900,2026-08-21T08:45:00+00:00,2.0,target_touch,no,,,6.582,below_50%,tp,1787301610,2.9203103448275862,,missing,,0,missing,,,no_consecutive_trend,reconstructed
3264,1787241941,2026-08-20T16:05:41+00:00,RIVERUSDT,LONG,ema_cross_confirmed,1,2.749,pre_fix,2.749,2.749,2.749,tp_first,1787242500,2026-08-20T16:15:00+00:00,nan,target_touch,no,,,6.582,below_50%,ttl_expired,,,,missing,,0,missing,,,no_consecutive_trend,reconstructed
3165,1787243424,2026-08-20T16:30:24+00:00,CLOUSDT,SHORT,ema_cross_confirmed,1,0.10503,pre_fix,0.10503,0.1190555172413793,0.07697896551724139,sl_first,1787312700,2026-08-21T11:45:00+00:00,-1.0,stop_touch,no,,,23.7018,below_50%,sl,1787312338,0.11915,,missing,,0,missing,,,no_consecutive_trend,reconstructed
3210,1787247055,2026-08-20T17:30:55+00:00,SWARMSUSDT,LONG,ema_cross_confirmed,1,0.009202,pre_fix,0.009202,0.008754379310344828,0.010097241379310345,unresolved,1787334300,2026-08-21T17:45:00+00:00,-0.18989292042215541,window_close,no,,,14.8574,below_50%,sl,1787380071,0.008201,,missing,,0,missing,,,no_consecutive_trend,reconstructed
3233,1787249750,2026-08-20T18:15:50+00:00,CXMTUSDT,SHORT,ema_cross_confirmed,1,8.216,pre_fix,8.216,8.671931034482759,7.3041379310344805,unresolved,1787337000,2026-08-21T18:30:00+00:00,-0.6141279685372878,window_close,no,,,5.3497,below_50%,open,,,,missing,,0,missing,,,no_consecutive_trend,reconstructed
3243,1787251933,2026-08-20T18:52:13+00:00,ROBOUSDT,LONG,ema_cross,1,0.01326,pre_fix,0.01326,0.012623448275862068,0.014533103448275861,tp_first,1787301900,2026-08-21T08:45:00+00:00,2.0,target_touch,no,,,24.6032,below_50%,tp,1787301669,0.014533103448275861,,missing,,0,missing,,,no_consecutive_trend,reconstructed
3328,1787251933,2026-08-20T18:52:13+00:00,ROBOUSDT,LONG,ema_cross_confirmed,1,0.01326,pre_fix,0.01326,0.01326,0.01326,sl_first,1787252400,2026-08-20T19:00:00+00:00,nan,stop_touch,no,,,24.6032,below_50%,ttl_expired,,,,missing,,0,missing,,,no_consecutive_trend,reconstructed
3251,1787255117,2026-08-20T19:45:17+00:00,BASEDUSDT,LONG,ema_cross_confirmed,1,0.08314,pre_fix,0.08314,0.0788396551724138,0.09174068965517242,tp_first,1787315400,2026-08-21T12:30:00+00:00,2.0,target_touch,no,,,7.6893,below_50%,tp,1787315070,0.09174068965517242,,missing,,0,missing,,,no_consecutive_trend,reconstructed
3253,1787256068,2026-08-20T20:01:08+00:00,APRUSDT,SHORT,ema_cross,1,0.18548,pre_fix,0.18548,0.2018706896551724,0.15269862068965517,sl_first,1787314500,2026-08-21T12:15:00+00:00,-1.0,stop_touch,no,,,13.269,below_50%,sl,1787314229,0.20427,,missing,,0,missing,,,no_consecutive_trend,reconstructed
3341,1787256068,2026-08-20T20:01:08+00:00,APRUSDT,SHORT,ema_cross_confirmed,1,0.18548,pre_fix,0.18548,0.18548,0.18548,tp_first,1787256900,2026-08-20T20:15:00+00:00,nan,target_touch,no,,,13.269,below_50%,ttl_expired,,,,missing,,0,missing,,,no_consecutive_trend,reconstructed
3254,1787256083,2026-08-20T20:01:23+00:00,PLAYUSDT,SHORT,ema_cross,1,0.03634,pre_fix,0.03634,0.03695241379310345,0.0351151724137931,tp_first,1787258700,2026-08-20T20:45:00+00:00,2.0,target_touch,no,,,6.3347,below_50%,sl,1787312727,0.03697,,missing,,0,missing,,,no_consecutive_trend,reconstructed
3342,1787256083,2026-08-20T20:01:23+00:00,PLAYUSDT,SHORT,ema_cross_confirmed,1,0.03634,pre_fix,0.03634,0.03634,0.03634,sl_first,1787256900,2026-08-20T20:15:00+00:00,nan,stop_touch,no,,,6.3347,below_50%,ttl_expired,,,,missing,,0,missing,,,no_consecutive_trend,reconstructed
3257,1787256204,2026-08-20T20:03:24+00:00,DEXEUSDT,LONG,ema_cross,1,1.941,pre_fix,1.941,1.8790689655172415,2.0648620689655175,tp_first,1787321700,2026-08-21T14:15:00+00:00,2.0000000000000036,target_touch,no,,,5.7051,below_50%,tp,1787321595,2.0648620689655175,,missing,,0,missing,,,no_consecutive_trend,reconstructed
3343,1787256204,2026-08-20T20:03:24+00:00,DEXEUSDT,LONG,ema_cross_confirmed,1,1.941,pre_fix,1.941,1.941,1.941,ambiguous,1787256900,2026-08-20T20:15:00+00:00,nan,both_barriers_same_candle,no,,,5.7051,below_50%,ttl_expired,,,,missing,,0,missing,,,no_consecutive_trend,reconstructed
3258,1787256247,2026-08-20T20:04:07+00:00,IMXUSDT,LONG,ema_cross,1,0.1091,pre_fix,0.1091,0.10647241379310345,0.1143551724137931,tp_first,1787297400,2026-08-21T07:30:00+00:00,1.9999999999999947,target_touch,no,,,12.8514,below_50%,tp,1787297068,0.1144,,missing,,0,missing,,,no_consecutive_trend,reconstructed
3344,1787256247,2026-08-20T20:04:07+00:00,IMXUSDT,LONG,ema_cross_confirmed,1,0.1091,pre_fix,0.1091,0.1091,0.1091,ambiguous,1787256900,2026-08-20T20:15:00+00:00,nan,both_barriers_same_candle,no,,,12.8514,below_50%,ttl_expired,,,,missing,,0,missing,,,no_consecutive_trend,reconstructed
3260,1787256266,2026-08-20T20:04:26+00:00,JASMYUSDT,LONG,ema_cross,1,0.003888,pre_fix,0.003888,0.0038010344827586204,0.004061931034482759,tp_first,1787292900,2026-08-21T06:15:00+00:00,2.0,target_touch,no,,,11.0333,below_50%,tp,1787292276,0.004061931034482759,,missing,,0,missing,,,no_consecutive_trend,reconstructed
3345,1787256266,2026-08-20T20:04:26+00:00,JASMYUSDT,LONG,ema_cross_confirmed,1,0.003888,pre_fix,0.003888,0.003888,0.003888,sl_first,1787256900,2026-08-20T20:15:00+00:00,nan,stop_touch,no,,,11.0333,below_50%,ttl_expired,,,,missing,,0,missing,,,no_consecutive_trend,reconstructed
3346,1787256276,2026-08-20T20:04:36+00:00,DOSUSDT,SHORT,ema_cross_confirmed,1,0.2335,pre_fix,0.2335,0.2335,0.2335,ambiguous,1787256900,2026-08-20T20:15:00+00:00,nan,both_barriers_same_candle,no,,,13.4315,below_50%,ttl_expired,,,,missing,,0,missing,,,no_consecutive_trend,reconstructed
3261,1787256292,2026-08-20T20:04:52+00:00,GRVTUSDT,SHORT,ema_cross,1,0.2814,pre_fix,0.2814,0.2940758620689655,0.25604827586206896,unresolved,1787343300,2026-08-21T20:15:00+00:00,0.28400435255712625,window_close,no,,,12.4457,below_50%,tp,1787380138,0.2557,,missing,,0,missing,,,no_consecutive_trend,reconstructed
3347,1787256292,2026-08-20T20:04:52+00:00,GRVTUSDT,SHORT,ema_cross_confirmed,1,0.2814,pre_fix,0.2814,0.2814,0.2814,tp_first,1787256900,2026-08-20T20:15:00+00:00,nan,target_touch,no,,,12.4457,below_50%,ttl_expired,,,,missing,,0,missing,,,no_consecutive_trend,reconstructed
3268,1787256935,2026-08-20T20:15:35+00:00,APRUSDT,SHORT,ema_cross_confirmed,1,0.18477,pre_fix,0.18477,0.2175513793103448,0.11920724137931038,sl_first,1787323500,2026-08-21T14:45:00+00:00,-1.0,stop_touch,no,,,13.269,below_50%,sl,1787340203,0.22024,,missing,,0,missing,,,no_consecutive_trend,reconstructed
3274,1787258732,2026-08-20T20:45:32+00:00,PLAYUSDT,SHORT,ema_cross_confirmed,1,0.03588,pre_fix,0.03588,0.0371048275862069,0.0334303448275862,sl_first,1787317200,2026-08-21T13:00:00+00:00,-1.0,stop_touch,no,,,14.2687,below_50%,sl,1787318377,0.03751,,missing,,0,missing,,,no_consecutive_trend,reconstructed
3286,1787260535,2026-08-20T21:15:35+00:00,GRVTUSDT,SHORT,ema_cross_confirmed,1,0.2788,pre_fix,0.2788,0.304151724137931,0.22809655172413795,unresolved,1787347800,2026-08-21T21:30:00+00:00,-0.03155603917301507,window_close,no,,,12.4457,below_50%,tp,1787486525,0.22809655172413795,,missing,,0,missing,,,no_consecutive_trend,reconstructed
3287,1787261434,2026-08-20T21:30:34+00:00,DOSUSDT,SHORT,ema_cross_confirmed,1,0.2289,pre_fix,0.2289,0.25536896551724136,0.17596206896551725,unresolved,1787348700,2026-08-21T21:45:00+00:00,-0.8160500260552377,window_close,no,,,14.4812,below_50%,sl,1787362186,0.2572,,missing,,0,missing,,,no_consecutive_trend,reconstructed
3310,1787265027,2026-08-20T22:30:27+00:00,JASMYUSDT,LONG,ema_cross_confirmed,1,0.003892,pre_fix,0.003892,0.003761551724137931,0.004152896551724138,tp_first,1787297400,2026-08-21T07:30:00+00:00,2.000000000000003,target_touch,no,,,10.0777,below_50%,tp,1787297368,0.004155,,missing,,0,missing,,,no_consecutive_trend,reconstructed
3338,1787269516,2026-08-20T23:45:16+00:00,DEXEUSDT,LONG,ema_cross_confirmed,1,1.951,pre_fix,1.951,1.858103448275862,2.136793103448276,unresolved,1787356800,2026-08-22T00:00:00+00:00,0.6566443949517433,window_close,no,,,5.2207,below_50%,sl,1787462600,1.845,,missing,,0,missing,,,no_consecutive_trend,reconstructed
3375,1787291830,2026-08-21T05:57:10+00:00,TRADOORUSDT,LONG,ema_cross,1,0.653,pre_fix,0.653,0.6324827586206897,0.6940344827586208,sl_first,1787375700,2026-08-22T05:15:00+00:00,-1.0,stop_touch,no,,,7.4074,below_50%,sl,1787380071,0.607,,missing,,0,missing,,,no_consecutive_trend,reconstructed
3535,1787291830,2026-08-21T05:57:10+00:00,TRADOORUSDT,LONG,ema_cross_confirmed,1,0.653,pre_fix,0.653,0.653,0.653,ambiguous,1787292000,2026-08-21T06:00:00+00:00,nan,both_barriers_same_candle,no,,,7.4074,below_50%,ttl_expired,,,,missing,,0,missing,,,no_consecutive_trend,reconstructed
3376,1787291869,2026-08-21T05:57:49+00:00,PTBUSDT,LONG,ema_cross,1,0.000902,pre_fix,0.000902,0.0008723517241379311,0.000961296551724138,tp_first,1787320800,2026-08-21T14:00:00+00:00,2.0000000000000036,target_touch,no,,,6.9937,below_50%,tp,1787320339,0.000961296551724138,,missing,,0,missing,,,no_consecutive_trend,reconstructed
3536,1787291869,2026-08-21T05:57:49+00:00,PTBUSDT,LONG,ema_cross_confirmed,1,0.000902,pre_fix,0.000902,0.000902,0.000902,tp_first,1787292000,2026-08-21T06:00:00+00:00,nan,target_touch,no,,,6.9937,below_50%,ttl_expired,,,,missing,,0,missing,,,no_consecutive_trend,reconstructed
3377,1787291872,2026-08-21T05:57:52+00:00,JELLYJELLYUSDT,LONG,ema_cross,1,0.05881,pre_fix,0.05881,0.05784724137931035,0.060735517241379315,sl_first,1787314500,2026-08-21T12:15:00+00:00,-1.0,stop_touch,no,,,6.164,below_50%,sl,1787313689,0.05783,,missing,,0,missing,,,no_consecutive_trend,reconstructed
3537,1787291872,2026-08-21T05:57:52+00:00,JELLYJELLYUSDT,LONG,ema_cross_confirmed,1,0.05881,pre_fix,0.05881,0.05881,0.05881,tp_first,1787292000,2026-08-21T06:00:00+00:00,nan,target_touch,no,,,6.164,below_50%,ttl_expired,,,,missing,,0,missing,,,no_consecutive_trend,reconstructed
3378,1787291880,2026-08-21T05:58:00+00:00,GWEIUSDT,LONG,ema_cross,1,0.024388,pre_fix,0.024388,0.02324813793103448,0.026667724137931035,sl_first,1787339700,2026-08-21T19:15:00+00:00,-1.0,stop_touch,no,,,27.8071,below_50%,sl,1787340203,0.022904,,missing,,0,missing,,,no_consecutive_trend,reconstructed
3538,1787291880,2026-08-21T05:58:00+00:00,GWEIUSDT,LONG,ema_cross_confirmed,1,0.024388,pre_fix,0.024388,0.024388,0.024388,sl_first,1787292000,2026-08-21T06:00:00+00:00,nan,stop_touch,no,,,27.8071,below_50%,ttl_expired,,,,missing,,0,missing,,,no_consecutive_trend,reconstructed
3379,1787291922,2026-08-21T05:58:42+00:00,SENTUSDT,LONG,ema_cross,1,0.01275,pre_fix,0.01275,0.012532413793103448,0.013185172413793102,tp_first,1787301900,2026-08-21T08:45:00+00:00,2.000000000000008,target_touch,no,,,6.4677,below_50%,tp,1787301791,0.01319,,missing,,0,missing,,,no_consecutive_trend,reconstructed
3539,1787291922,2026-08-21T05:58:42+00:00,SENTUSDT,LONG,ema_cross_confirmed,1,0.01275,pre_fix,0.01275,0.01275,0.01275,ambiguous,1787292000,2026-08-21T06:00:00+00:00,nan,both_barriers_same_candle,no,,,6.4677,below_50%,ttl_expired,,,,missing,,0,missing,,,no_consecutive_trend,reconstructed
3380,1787291932,2026-08-21T05:58:52+00:00,VOLXUSDT,SHORT,ema_cross,1,16.3,pre_fix,16.3,16.873551724137933,15.152896551724137,tp_first,1787357700,2026-08-22T00:15:00+00:00,2.0,target_touch,no,,,16.9184,below_50%,tp,1787420308,15.152896551724137,,missing,,0,missing,,,no_consecutive_trend,reconstructed
3540,1787291932,2026-08-21T05:58:52+00:00,VOLXUSDT,SHORT,ema_cross_confirmed,1,16.3,pre_fix,16.3,16.3,16.3,tp_first,1787292000,2026-08-21T06:00:00+00:00,nan,target_touch,no,,,16.9184,below_50%,ttl_expired,,,,missing,,0,missing,,,no_consecutive_trend,reconstructed
3381,1787291937,2026-08-21T05:58:57+00:00,币安人生USDT,LONG,ema_cross,1,0.4865,pre_fix,0.4865,0.46884241379310343,0.521815172413793,tp_first,1787300100,2026-08-21T08:15:00+00:00,1.999999999999997,target_touch,no,,,14.3084,below_50%,tp,1787299990,0.52617,,missing,,0,missing,,,no_consecutive_trend,reconstructed
3382,1787291939,2026-08-21T05:58:59+00:00,FHEUSDT,LONG,ema_cross,1,0.02725,pre_fix,0.02725,0.025679655172413794,0.030390689655172415,sl_first,1787303700,2026-08-21T09:15:00+00:00,-1.0,stop_touch,no,,,10.8357,below_50%,sl,1787303305,0.025679655172413794,,missing,,0,missing,,,no_consecutive_trend,reconstructed
3541,1787291939,2026-08-21T05:58:59+00:00,FHEUSDT,LONG,ema_cross_confirmed,1,0.02725,pre_fix,0.02725,0.02725,0.02725,tp_first,1787292000,2026-08-21T06:00:00+00:00,nan,target_touch,no,,,10.8357,below_50%,ttl_expired,,,,missing,,0,missing,,,no_consecutive_trend,reconstructed
3383,1787291991,2026-08-21T05:59:51+00:00,币安人生USDT,LONG,ema_cross_confirmed,1,0.4867,pre_fix,0.4867,0.4602136206896552,0.5396727586206896,tp_first,1787302800,2026-08-21T09:00:00+00:00,2.0,target_touch,no,,,14.3084,below_50%,tp,1787302032,0.54483,,missing,,0,missing,,,no_consecutive_trend,reconstructed
3384,1787292016,2026-08-21T06:00:16+00:00,GALAUSDT,LONG,ema_cross,1,0.001656,pre_fix,0.001656,0.0016010344827586205,0.0017659310344827585,tp_first,1787299200,2026-08-21T08:00:00+00:00,1.999999999999996,target_touch,no,,,19.5994,below_50%,tp,1787298994,0.0017659310344827585,,missing,,0,missing,,,no_consecutive_trend,reconstructed
3385,1787292085,2026-08-21T06:01:25+00:00,JUSUNGUSDT,SHORT,ema_cross,1,121.08,pre_fix,121.08,125.44758620689655,112.34482758620689,unresolved,1787379300,2026-08-22T06:15:00+00:00,-0.059529448918365355,window_close,no,,,8.5162,below_50%,open,,,,missing,,0,missing,,,no_consecutive_trend,reconstructed
3542,1787292085,2026-08-21T06:01:25+00:00,JUSUNGUSDT,SHORT,ema_cross_confirmed,1,121.08,pre_fix,121.08,121.08,121.08,ambiguous,1787292900,2026-08-21T06:15:00+00:00,nan,both_barriers_same_candle,no,,,8.5162,below_50%,ttl_expired,,,,missing,,0,missing,,,no_consecutive_trend,reconstructed
3576,1787295814,2026-08-21T07:03:34+00:00,DOSUSDT,SHORT,ema_cross_confirmed,1,0.2338,pre_fix,0.2338,0.2338,0.2338,sl_first,1787296500,2026-08-21T07:15:00+00:00,nan,stop_touch,no,,,8.3444,below_50%,ttl_expired,,,,missing,,0,missing,,,no_consecutive_trend,reconstructed
3426,1787297413,2026-08-21T07:30:13+00:00,SENTUSDT,LONG,ema_cross_confirmed,1,0.01292,pre_fix,0.01292,0.012593620689655171,0.013572758620689655,tp_first,1787355900,2026-08-21T23:45:00+00:00,2.0,target_touch,no,,,6.5128,below_50%,tp,1787358456,0.01361,,missing,,0,missing,,,no_consecutive_trend,reconstructed
3427,1787297415,2026-08-21T07:30:15+00:00,GALAUSDT,LONG,ema_cross_confirmed,1,0.001725,pre_fix,0.001725,0.001642551724137931,0.001889896551724138,tp_first,1787302800,2026-08-21T09:00:00+00:00,2.0,target_touch,no,,,22.8693,below_50%,tp,1787302689,0.001891,,missing,,0,missing,,,no_consecutive_trend,reconstructed
3463,1787299975,2026-08-21T08:12:55+00:00,MINIMAXUSDT,LONG,ema_cross,1,44.23,pre_fix,44.23,42.710344827586205,47.26931034482758,sl_first,1787327100,2026-08-21T15:45:00+00:00,-1.0,stop_touch,no,,,18.7663,below_50%,sl,1787340203,42.09,,missing,,0,missing,,,no_consecutive_trend,reconstructed
3623,1787299975,2026-08-21T08:12:55+00:00,MINIMAXUSDT,LONG,ema_cross_confirmed,1,44.23,pre_fix,44.23,44.23,44.23,ambiguous,1787300100,2026-08-21T08:15:00+00:00,nan,both_barriers_same_candle,no,,,18.7663,below_50%,ttl_expired,,,,missing,,0,missing,,,no_consecutive_trend,reconstructed
3464,1787300042,2026-08-21T08:14:02+00:00,GUAUSDT,SHORT,ema_cross,1,0.04239,pre_fix,0.04239,0.0437203448275862,0.03972931034482758,sl_first,1787328900,2026-08-21T16:15:00+00:00,-1.0,stop_touch,no,,,7.9053,below_50%,sl,1787358456,0.0437203448275862,,missing,,0,missing,,,no_consecutive_trend,reconstructed
3624,1787300042,2026-08-21T08:14:02+00:00,GUAUSDT,SHORT,ema_cross_confirmed,1,0.04239,pre_fix,0.04239,0.04239,0.04239,ambiguous,1787300100,2026-08-21T08:15:00+00:00,nan,both_barriers_same_candle,no,,,7.9053,below_50%,ttl_expired,,,,missing,,0,missing,,,no_consecutive_trend,reconstructed
3465,1787300112,2026-08-21T08:15:12+00:00,VOLXUSDT,SHORT,ema_cross_confirmed,1,16.107,pre_fix,16.107,17.254103448275863,13.812793103448271,unresolved,1787387400,2026-08-22T08:30:00+00:00,0.17348043046954806,window_close,no,,,15.1813,below_50%,open,,,,missing,,0,missing,,,no_consecutive_trend,reconstructed
3467,1787300166,2026-08-21T08:16:06+00:00,STABLEUSDT,LONG,ema_cross,1,0.03215,pre_fix,0.03215,0.030827241379310342,0.03479551724137931,unresolved,1787387400,2026-08-22T08:30:00+00:00,0.1814389989572501,window_close,no,,,21.426,below_50%,sl,1787411580,0.03081,,missing,,0,missing,,,no_consecutive_trend,reconstructed
3631,1787300166,2026-08-21T08:16:06+00:00,STABLEUSDT,LONG,ema_cross_confirmed,1,0.03215,pre_fix,0.03215,0.03215,0.03215,tp_first,1787301000,2026-08-21T08:30:00+00:00,nan,target_touch,no,,,21.426,below_50%,ttl_expired,,,,missing,,0,missing,,,no_consecutive_trend,reconstructed
3468,1787300209,2026-08-21T08:16:49+00:00,COWUSDT,LONG,ema_cross,1,0.1144,pre_fix,0.1144,0.11034137931034482,0.12251724137931035,tp_first,1787328000,2026-08-21T16:00:00+00:00,1.9999999999999967,target_touch,no,,,7.0175,below_50%,tp,1787358456,0.1228,,missing,,0,missing,,,no_consecutive_trend,reconstructed
3632,1787300209,2026-08-21T08:16:49+00:00,COWUSDT,LONG,ema_cross_confirmed,1,0.1144,pre_fix,0.1144,0.1144,0.1144,ambiguous,1787301000,2026-08-21T08:30:00+00:00,nan,both_barriers_same_candle,no,,,7.0175,below_50%,ttl_expired,,,,missing,,0,missing,,,no_consecutive_trend,reconstructed
3470,1787300251,2026-08-21T08:17:31+00:00,COWUSDT,LONG,ema_cross_confirmed,1,0.1147,pre_fix,0.1147,0.10861206896551724,0.1268758620689655,tp_first,1787374800,2026-08-22T05:00:00+00:00,2.0,target_touch,no,,,7.0175,below_50%,open,,,,missing,,0,missing,,,no_consecutive_trend,reconstructed
3482,1787301910,2026-08-21T08:45:10+00:00,PTBUSDT,LONG,ema_cross_confirmed,1,0.0008975,pre_fix,0.0008975,0.0008530275862068965,0.000986444827586207,tp_first,1787336100,2026-08-21T18:15:00+00:00,2.000000000000002,target_touch,no,,,6.3572,below_50%,tp,1787340244,0.000986444827586207,,missing,,0,missing,,,no_consecutive_trend,reconstructed
3487,1787302812,2026-08-21T09:00:12+00:00,JELLYJELLYUSDT,LONG,ema_cross_confirmed,1,0.06021,pre_fix,0.06021,0.058765862068965516,0.06309827586206897,sl_first,1787303700,2026-08-21T09:15:00+00:00,-1.0,stop_touch,no,,,5.9164,below_50%,sl,1787303305,0.058765862068965516,,missing,,0,missing,,,no_consecutive_trend,reconstructed
3488,1787302815,2026-08-21T09:00:15+00:00,币安人生USDT,LONG,ema_cross_confirmed,1,0.5652,pre_fix,0.5652,0.5387136206896552,0.5916863793103448,sl_first,1787303700,2026-08-21T09:15:00+00:00,-1.0,stop_touch,no,,,26.5051,below_50%,sl,1787303305,0.5387136206896552,,missing,,0,missing,,,no_consecutive_trend,reconstructed
3489,1787302816,2026-08-21T09:00:16+00:00,GALAUSDT,LONG,ema_cross_confirmed,1,0.001913,pre_fix,0.001913,0.001830551724137931,0.001995448275862069,sl_first,1787304600,2026-08-21T09:30:00+00:00,-1.0,stop_touch,no,,,33.4958,below_50%,sl,1787303783,0.001830551724137931,,missing,,0,missing,,,no_consecutive_trend,reconstructed
3501,1787303711,2026-08-21T09:15:11+00:00,GWEIUSDT,LONG,ema_cross_confirmed,1,0.024328,pre_fix,0.024328,0.022618206896551724,0.02774758620689655,sl_first,1787375700,2026-08-22T05:15:00+00:00,-1.0,stop_touch,no,,,25.2254,below_50%,sl,1787387238,0.022618206896551724,,missing,,0,missing,,,no_consecutive_trend,reconstructed
3633,1787314724,2026-08-21T12:18:44+00:00,ROBOUSDT,LONG,ema_cross,1,0.01533,pre_fix,0.01533,0.014604827586206896,0.016780344827586207,tp_first,1787322600,2026-08-21T14:30:00+00:00,2.0,target_touch,no,,,28.4921,below_50%,tp,1787340203,0.01736,,missing,,0,missing,,,no_consecutive_trend,reconstructed
3634,1787314724,2026-08-21T12:18:44+00:00,SLXUSDT,LONG,ema_cross,1,0.07162,pre_fix,0.07162,0.06969103448275862,0.07547793103448276,tp_first,1787368500,2026-08-22T03:15:00+00:00,2.0,target_touch,no,,,12.4095,below_50%,sl,1787380434,0.06969,,missing,,0,missing,,,no_consecutive_trend,reconstructed
3635,1787314747,2026-08-21T12:19:07+00:00,OPENUSDT,LONG,ema_cross,1,0.1733,pre_fix,0.1733,0.16929310344827586,0.18131379310344828,tp_first,1787360400,2026-08-22T01:00:00+00:00,1.9999999999999931,target_touch,no,,,9.6142,below_50%,tp,1787360119,0.1816,,missing,,0,missing,,,no_consecutive_trend,reconstructed
3636,1787314768,2026-08-21T12:19:28+00:00,ROBOUSDT,LONG,ema_cross_confirmed,1,0.01609,pre_fix,0.01609,0.015002241379310345,0.01826551724137931,tp_first,1787344200,2026-08-21T20:30:00+00:00,2.0,target_touch,no,,,28.4921,below_50%,sl,1787380071,0.01471,,missing,,0,missing,,,no_consecutive_trend,reconstructed
3637,1787314769,2026-08-21T12:19:29+00:00,SLXUSDT,LONG,ema_cross_confirmed,1,0.07292,pre_fix,0.07292,0.07002655172413792,0.07870689655172415,sl_first,1787375700,2026-08-22T05:15:00+00:00,-1.0,stop_touch,no,,,12.4095,below_50%,sl,1787380225,0.07001,,missing,,0,missing,,,no_consecutive_trend,reconstructed
3638,1787314884,2026-08-21T12:21:24+00:00,XNYUSDT,LONG,ema_cross,1,0.007671,pre_fix,0.007671,0.007402379310344828,0.008208241379310345,sl_first,1787375700,2026-08-22T05:15:00+00:00,-1.0,stop_touch,no,,,12.2876,below_50%,sl,1787380071,0.007248,,missing,,0,missing,,,no_consecutive_trend,reconstructed
3639,1787314891,2026-08-21T12:21:31+00:00,AVAAIUSDT,SHORT,ema_cross,1,0.00924,pre_fix,0.00924,0.01075703448275862,0.006205931034482758,unresolved,1787401800,2026-08-22T12:30:00+00:00,0.22807655589398504,window_close,no,,,153.6078,at_or_above_50%,open,,,,missing,,0,missing,,,no_consecutive_trend,reconstructed
3642,1787318392,2026-08-21T13:19:52+00:00,UAIUSDT,LONG,ema_cross_confirmed,1,0.2734,pre_fix,0.2734,0.26112379310344824,0.29795241379310344,sl_first,1787375700,2026-08-22T05:15:00+00:00,-1.0,stop_touch,no,,,7.9288,below_50%,sl,1787380071,0.24179,,missing,,0,missing,,,no_consecutive_trend,reconstructed
3790,1787360483,2026-08-22T01:01:23+00:00,BICOUSDT,LONG,ema_cross,1,0.0203,pre_fix,0.0203,0.019130689655172412,0.02263862068965517,sl_first,1787375700,2026-08-22T05:15:00+00:00,-1.0,stop_touch,no,,,24.9032,below_50%,sl,1787462600,0.01845,,missing,,0,missing,,,no_consecutive_trend,reconstructed
3791,1787360515,2026-08-22T01:01:55+00:00,BICOUSDT,LONG,ema_cross_confirmed,1,0.02049,pre_fix,0.02049,0.01873603448275862,0.023997931034482764,sl_first,1787375700,2026-08-22T05:15:00+00:00,-1.0,stop_touch,no,,,24.9032,below_50%,sl,1787462600,0.01845,,missing,,0,missing,,,no_consecutive_trend,reconstructed
3862,1787381780,2026-08-22T06:56:20+00:00,NILUSDT,LONG,ema_cross,1,0.04751,pre_fix,0.04751,0.04496862068965517,0.052592758620689656,sl_first,1787411700,2026-08-22T15:15:00+00:00,-1.0,stop_touch,no,,,39.8923,below_50%,sl,1787411613,0.04453,,missing,,0,missing,,,no_consecutive_trend,reconstructed
3863,1787381826,2026-08-22T06:57:06+00:00,FIGHTUSDT,LONG,ema_cross,1,0.003478,pre_fix,0.003478,0.003360758620689655,0.0037124827586206897,sl_first,1787412600,2026-08-22T15:30:00+00:00,-1.0,stop_touch,no,,,26.6948,below_50%,sl,1787411734,0.003359,,missing,,0,missing,,,no_consecutive_trend,reconstructed
3864,1787381839,2026-08-22T06:57:19+00:00,ACUUSDT,SHORT,ema_cross,1,0.11632,pre_fix,0.11632,0.12468241379310345,0.0995951724137931,unresolved,1787468400,2026-08-23T07:00:00+00:00,1.2974722691847782,window_close,no,,,22.3645,below_50%,open,,,,missing,,0,missing,,,no_consecutive_trend,reconstructed
3865,1787381865,2026-08-22T06:57:45+00:00,USARUSDT,LONG,ema_cross,1,19.07,pre_fix,19.07,18.569655172413793,20.070689655172416,unresolved,1787468400,2026-08-23T07:00:00+00:00,-0.07994486560992237,window_close,no,,,13.0208,below_50%,open,,,,missing,,0,missing,,,no_consecutive_trend,reconstructed
3866,1787381921,2026-08-22T06:58:41+00:00,USARUSDT,LONG,ema_cross_confirmed,1,19.07,pre_fix,19.07,18.31948275862069,20.57103448275862,unresolved,1787468400,2026-08-23T07:00:00+00:00,-0.0532965770732817,window_close,no,,,13.0208,below_50%,open,,,,missing,,0,missing,,,no_consecutive_trend,reconstructed
3867,1787381942,2026-08-22T06:59:02+00:00,HOMEUSDT,LONG,ema_cross,1,0.00616,pre_fix,0.00616,0.005855862068965517,0.0067682758620689655,unresolved,1787468400,2026-08-23T07:00:00+00:00,0.49319727891156495,window_close,no,,,26.454,below_50%,open,,,,missing,,0,missing,,,no_consecutive_trend,reconstructed
3868,1787381972,2026-08-22T06:59:32+00:00,BBUSDT,LONG,ema_cross,1,0.01026,pre_fix,0.01026,0.009489655172413793,0.011800689655172414,sl_first,1787461200,2026-08-23T05:00:00+00:00,-1.0,stop_touch,no,,,53.3406,at_or_above_50%,open,,,,missing,,0,missing,,,no_consecutive_trend,reconstructed
3869,1787381993,2026-08-22T06:59:53+00:00,JCTUSDT,LONG,ema_cross,1,0.002235,pre_fix,0.002235,0.002060413793103448,0.0025841724137931035,sl_first,1787391900,2026-08-22T09:45:00+00:00,-1.0,stop_touch,no,,,36.3161,below_50%,sl,1787395810,0.002006,,missing,,0,missing,,,no_consecutive_trend,reconstructed
3870,1787382015,2026-08-22T07:00:15+00:00,EVAAUSDT,LONG,ema_cross,1,0.7329,pre_fix,0.7329,0.7102172413793103,0.7782655172413793,sl_first,1787405400,2026-08-22T13:30:00+00:00,-1.0,stop_touch,no,,,31.4401,below_50%,sl,1787404866,0.7102172413793103,,missing,,0,missing,,,no_consecutive_trend,reconstructed
3871,1787382026,2026-08-22T07:00:26+00:00,TUTUSDT,LONG,ema_cross,1,0.037415,pre_fix,0.037415,0.03252506896551724,0.04719486206896551,tp_first,1787419800,2026-08-22T17:30:00+00:00,2.0,target_touch,no,,,42.7716,below_50%,tp,1787418924,0.047272,,missing,,0,missing,,,no_consecutive_trend,reconstructed
3872,1787382028,2026-08-22T07:00:28+00:00,XMRUSDT,LONG,ema_cross,1,430.23,pre_fix,430.23,420.4496551724138,449.7906896551724,sl_first,1787392800,2026-08-22T10:00:00+00:00,-1.0,stop_touch,no,,,15.4235,below_50%,sl,1787408850,418.63,,missing,,0,missing,,,no_consecutive_trend,reconstructed
3873,1787382138,2026-08-22T07:02:18+00:00,FHEUSDT,LONG,ema_cross,1,0.02386,pre_fix,0.02386,0.02217655172413793,0.027226896551724136,sl_first,1787393700,2026-08-22T10:15:00+00:00,-1.0,stop_touch,no,,,89.9601,at_or_above_50%,sl,1787395810,0.0218,,missing,,0,missing,,,no_consecutive_trend,reconstructed
3902,1787387151,2026-08-22T08:25:51+00:00,UAIUSDT,SHORT,ema_cross,1,0.24543,pre_fix,0.24543,0.25744172413793104,0.22140655172413795,tp_first,1787414400,2026-08-22T16:00:00+00:00,2.0,target_touch,no,,,48.1508,below_50%,tp,1787413617,0.22105,,missing,,0,missing,,,no_consecutive_trend,reconstructed
3903,1787387258,2026-08-22T08:27:38+00:00,ICXUSDT,LONG,ema_cross,1,0.01796,pre_fix,0.01796,0.017240000000000002,0.0194,sl_first,1787392800,2026-08-22T10:00:00+00:00,-1.0,stop_touch,no,,,23.1126,below_50%,sl,1787395810,0.01706,,missing,,0,missing,,,no_consecutive_trend,reconstructed
3977,1787387258,2026-08-22T08:27:38+00:00,ICXUSDT,LONG,ema_cross_confirmed,1,0.01796,pre_fix,0.01796,0.01796,0.01796,sl_first,1787387400,2026-08-22T08:30:00+00:00,nan,stop_touch,no,,,23.1126,below_50%,ttl_expired,,,,missing,,0,missing,,,no_consecutive_trend,reconstructed
3904,1787387375,2026-08-22T08:29:35+00:00,BASUSDT,SHORT,ema_cross,1,0.025534,pre_fix,0.025534,0.02633751724137931,0.02392696551724138,tp_first,1787440500,2026-08-22T23:15:00+00:00,2.0000000000000044,target_touch,no,,,18.6026,below_50%,tp,1787440273,0.023851,,missing,,0,missing,,,no_consecutive_trend,reconstructed
3978,1787387375,2026-08-22T08:29:35+00:00,BASUSDT,SHORT,ema_cross_confirmed,1,0.025534,pre_fix,0.025534,0.025534,0.025534,ambiguous,1787387400,2026-08-22T08:30:00+00:00,nan,both_barriers_same_candle,no,,,18.6026,below_50%,ttl_expired,,,,missing,,0,missing,,,no_consecutive_trend,reconstructed
3937,1787388339,2026-08-22T08:45:39+00:00,NILUSDT,LONG,ema_cross_confirmed,1,0.05091,pre_fix,0.05091,0.04709793103448275,0.058534137931034486,sl_first,1787406300,2026-08-22T13:45:00+00:00,-1.0,stop_touch,yes,1787387548,high_rejection_short,39.8923,below_50%,sl,1787405666,0.04701,,missing,,0,missing,,,no_consecutive_trend,reconstructed
3938,1787388341,2026-08-22T08:45:41+00:00,ACUUSDT,SHORT,ema_cross_confirmed,1,0.11525,pre_fix,0.11525,0.1319748275862069,0.0818003448275862,unresolved,1787475600,2026-08-23T09:00:00+00:00,0.4352810193394091,window_close,no,,,22.3645,below_50%,open,,,,missing,,0,missing,,,no_consecutive_trend,reconstructed
3939,1787388345,2026-08-22T08:45:45+00:00,TUTUSDT,LONG,ema_cross_confirmed,1,0.040262,pre_fix,0.040262,0.03292710344827586,0.05493179310344828,tp_first,1787427000,2026-08-22T19:30:00+00:00,2.0,target_touch,no,,,40.239,below_50%,tp,1787426230,0.05493179310344828,,missing,,0,missing,,,no_consecutive_trend,reconstructed
3940,1787388354,2026-08-22T08:45:54+00:00,BASUSDT,SHORT,ema_cross_confirmed,1,0.025234,pre_fix,0.025234,0.02684103448275862,0.022019931034482756,unresolved,1787475600,2026-08-23T09:00:00+00:00,0.8904600463479514,window_close,no,,,17.7244,below_50%,open,,,,missing,,0,missing,,,no_consecutive_trend,reconstructed
3944,1787389242,2026-08-22T09:00:42+00:00,HOMEUSDT,LONG,ema_cross_confirmed,1,0.00646,pre_fix,0.00646,0.0060037931034482754,0.007372413793103448,sl_first,1787433300,2026-08-22T21:15:00+00:00,-1.0,stop_touch,no,,,26.454,below_50%,sl,1787433166,0.0060037931034482754,,missing,,0,missing,,,no_consecutive_trend,reconstructed
3947,1787390124,2026-08-22T09:15:24+00:00,UAIUSDT,SHORT,ema_cross_confirmed,1,0.23495,pre_fix,0.23495,0.25897344827586205,0.18690310344827588,unresolved,1787477400,2026-08-23T09:30:00+00:00,-0.9274272262731827,window_close,no,,,48.1508,below_50%,sl,1787485200,0.27123,,missing,,0,missing,,,no_consecutive_trend,reconstructed
3981,1787403287,2026-08-22T12:54:47+00:00,TAGUSDT,SHORT,ema_cross,1,0.0008588,pre_fix,0.0008588,0.000896603448275862,0.0007831931034482758,unresolved,1787490000,2026-08-23T13:00:00+00:00,0.02116209066861026,window_close,no,,,29.0461,below_50%,open,,,,missing,,0,missing,,,no_consecutive_trend,reconstructed
4057,1787403288,2026-08-22T12:54:48+00:00,TAGUSDT,SHORT,ema_cross_confirmed,1,0.0008588,pre_fix,0.0008588,0.0008588,0.0008588,tp_first,1787403600,2026-08-22T13:00:00+00:00,nan,target_touch,no,,,29.0461,below_50%,ttl_expired,,,,missing,,0,missing,,,no_consecutive_trend,reconstructed
3983,1787403352,2026-08-22T12:55:52+00:00,BSBUSDT,SHORT,ema_cross,1,0.11369,pre_fix,0.11369,0.12086689655172414,0.09933620689655173,tp_first,1787436000,2026-08-22T22:00:00+00:00,1.999999999999998,target_touch,no,,,66.3844,at_or_above_50%,tp,1787435296,0.09933620689655173,,missing,,0,missing,,,no_consecutive_trend,reconstructed
4058,1787403352,2026-08-22T12:55:52+00:00,BSBUSDT,SHORT,ema_cross_confirmed,1,0.11369,pre_fix,0.11369,0.11369,0.11369,tp_first,1787403600,2026-08-22T13:00:00+00:00,nan,target_touch,no,,,66.3844,at_or_above_50%,ttl_expired,,,,missing,,0,missing,,,no_consecutive_trend,reconstructed
3984,1787403405,2026-08-22T12:56:45+00:00,TRADOORUSDT,SHORT,ema_cross,1,0.579,pre_fix,0.579,0.6044827586206897,0.5280344827586206,unresolved,1787490000,2026-08-23T13:00:00+00:00,0.8633288227334179,window_close,no,,,35.0294,below_50%,open,,,,missing,,0,missing,,,no_consecutive_trend,reconstructed
4059,1787403406,2026-08-22T12:56:46+00:00,TRADOORUSDT,SHORT,ema_cross_confirmed,1,0.579,pre_fix,0.579,0.579,0.579,tp_first,1787403600,2026-08-22T13:00:00+00:00,nan,target_touch,no,,,35.0294,below_50%,ttl_expired,,,,missing,,0,missing,,,no_consecutive_trend,reconstructed
3985,1787403454,2026-08-22T12:57:34+00:00,POWERUSDT,SHORT,ema_cross,1,0.08109,pre_fix,0.08109,0.08454413793103448,0.07418172413793103,sl_first,1787430600,2026-08-22T20:30:00+00:00,-1.0,stop_touch,no,,,28.508,below_50%,sl,1787430131,0.08454413793103448,,missing,,0,missing,,,no_consecutive_trend,reconstructed
4060,1787403455,2026-08-22T12:57:35+00:00,POWERUSDT,SHORT,ema_cross_confirmed,1,0.08109,pre_fix,0.08109,0.08109,0.08109,sl_first,1787403600,2026-08-22T13:00:00+00:00,nan,stop_touch,no,,,28.508,below_50%,ttl_expired,,,,missing,,0,missing,,,no_consecutive_trend,reconstructed
3986,1787403562,2026-08-22T12:59:22+00:00,ESPORTSUSDT,SHORT,ema_cross,1,0.01509,pre_fix,0.01509,0.01585862068965517,0.013552758620689654,unresolved,1787490000,2026-08-23T13:00:00+00:00,-0.11709286675639523,window_close,no,,,33.123,below_50%,open,,,,missing,,0,missing,,,no_consecutive_trend,reconstructed
4061,1787403563,2026-08-22T12:59:23+00:00,ESPORTSUSDT,SHORT,ema_cross_confirmed,1,0.01509,pre_fix,0.01509,0.01509,0.01509,ambiguous,1787403600,2026-08-22T13:00:00+00:00,nan,both_barriers_same_candle,no,,,33.123,below_50%,ttl_expired,,,,missing,,0,missing,,,no_consecutive_trend,reconstructed
3987,1787403624,2026-08-22T13:00:24+00:00,BSBUSDT,SHORT,ema_cross_confirmed,1,0.11241,pre_fix,0.11241,0.12676379310344826,0.08370241379310346,unresolved,1787490900,2026-08-23T13:15:00+00:00,0.7377840772594058,window_close,no,,,66.3844,at_or_above_50%,open,,,,missing,,0,missing,,,no_consecutive_trend,reconstructed
3988,1787403626,2026-08-22T13:00:26+00:00,TRADOORUSDT,SHORT,ema_cross_confirmed,1,0.572,pre_fix,0.572,0.6229655172413793,0.4700689655172413,unresolved,1787490900,2026-08-23T13:15:00+00:00,0.3335588633288208,window_close,no,,,35.0294,below_50%,open,,,,missing,,0,missing,,,no_consecutive_trend,reconstructed
3997,1787406346,2026-08-22T13:45:46+00:00,TAGUSDT,SHORT,ema_cross_confirmed,1,0.0008471,pre_fix,0.0008471,0.0009227068965517242,0.0006958862068965518,unresolved,1787493600,2026-08-23T14:00:00+00:00,-0.1507798960138642,window_close,no,,,29.0461,below_50%,open,,,,missing,,0,missing,,,no_consecutive_trend,reconstructed
4069,1787407358,2026-08-22T14:02:38+00:00,TUTUSDT,LONG,ema_cross_confirmed,1,0.0443,pre_fix,0.0443,0.0443,0.0443,ambiguous,1787408100,2026-08-22T14:15:00+00:00,nan,both_barriers_same_candle,no,,,39.0546,below_50%,ttl_expired,,,,missing,,0,missing,,,no_consecutive_trend,reconstructed
4005,1787409049,2026-08-22T14:30:49+00:00,ESPORTSUSDT,SHORT,ema_cross_confirmed,1,0.01503,pre_fix,0.01503,0.016567241379310343,0.011955517241379313,unresolved,1787496300,2026-08-23T14:45:00+00:00,0.08456707043517274,window_close,no,,,33.123,below_50%,open,,,,missing,,0,missing,,,no_consecutive_trend,reconstructed
4011,1787411748,2026-08-22T15:15:48+00:00,POWERUSDT,SHORT,ema_cross_confirmed,1,0.08031,pre_fix,0.08031,0.08721827586206897,0.06649344827586208,unresolved,1787499000,2026-08-23T15:30:00+00:00,-0.2373964260756698,window_close,no,,,28.508,below_50%,open,,,,missing,,0,missing,,,no_consecutive_trend,reconstructed
4027,1787415331,2026-08-22T16:15:31+00:00,JELLYJELLYUSDT,SHORT,ema_cross,1,0.05496,pre_fix,0.05496,0.05668,0.05152,unresolved,1787502600,2026-08-23T16:30:00+00:00,0.023255813953491467,window_close,no,,,31.9356,below_50%,open,,,,missing,,0,missing,,,no_consecutive_trend,reconstructed
4089,1787415332,2026-08-22T16:15:32+00:00,JELLYJELLYUSDT,SHORT,ema_cross_confirmed,1,0.05496,pre_fix,0.05496,0.05496,0.05496,sl_first,1787416200,2026-08-22T16:30:00+00:00,nan,stop_touch,no,,,31.9356,below_50%,ttl_expired,,,,missing,,0,missing,,,no_consecutive_trend,reconstructed
4028,1787415337,2026-08-22T16:15:37+00:00,RIVERUSDT,SHORT,ema_cross,1,2.477,pre_fix,2.477,2.6204827586206894,2.1900344827586204,unresolved,1787502600,2026-08-23T16:30:00+00:00,0.8781542898341748,window_close,no,,,68.3775,at_or_above_50%,open,,,,missing,,0,missing,,,no_consecutive_trend,reconstructed
4090,1787415338,2026-08-22T16:15:38+00:00,RIVERUSDT,SHORT,ema_cross_confirmed,1,2.477,pre_fix,2.477,2.477,2.477,tp_first,1787416200,2026-08-22T16:30:00+00:00,nan,target_touch,no,,,68.3775,at_or_above_50%,ttl_expired,,,,missing,,0,missing,,,no_consecutive_trend,reconstructed
4029,1787415342,2026-08-22T16:15:42+00:00,BLUAIUSDT,SHORT,ema_cross,1,0.012029,pre_fix,0.012029,0.012517655172413792,0.011051689655172413,sl_first,1787436900,2026-08-22T22:15:00+00:00,-1.0,stop_touch,no,,,22.9318,below_50%,sl,1787436554,0.012517655172413792,,missing,,0,missing,,,no_consecutive_trend,reconstructed
4091,1787415343,2026-08-22T16:15:43+00:00,BLUAIUSDT,SHORT,ema_cross_confirmed,1,0.012029,pre_fix,0.012029,0.012029,0.012029,sl_first,1787416200,2026-08-22T16:30:00+00:00,nan,stop_touch,no,,,22.9318,below_50%,ttl_expired,,,,missing,,0,missing,,,no_consecutive_trend,reconstructed
4030,1787415350,2026-08-22T16:15:50+00:00,RIVERUSDT,SHORT,ema_cross_confirmed,1,2.45,pre_fix,2.45,2.7369655172413796,1.8760689655172413,unresolved,1787502600,2026-08-23T16:30:00+00:00,0.3449891852919977,window_close,no,,,68.3775,at_or_above_50%,open,,,,missing,,0,missing,,,no_consecutive_trend,reconstructed
4031,1787415362,2026-08-22T16:16:02+00:00,B2USDT,SHORT,ema_cross,1,0.4409,pre_fix,0.4409,0.45853793103448276,0.4056241379310345,unresolved,1787502600,2026-08-23T16:30:00+00:00,0.48758553274682326,window_close,no,,,14.5581,below_50%,open,,,,missing,,0,missing,,,no_consecutive_trend,reconstructed
4092,1787415362,2026-08-22T16:16:02+00:00,B2USDT,SHORT,ema_cross_confirmed,1,0.4409,pre_fix,0.4409,0.4409,0.4409,sl_first,1787416200,2026-08-22T16:30:00+00:00,nan,stop_touch,no,,,14.5581,below_50%,ttl_expired,,,,missing,,0,missing,,,no_consecutive_trend,reconstructed
4032,1787415410,2026-08-22T16:16:50+00:00,COAIUSDT,SHORT,ema_cross,1,0.2847,pre_fix,0.2847,0.29787586206896555,0.258348275862069,sl_first,1787483700,2026-08-23T11:15:00+00:00,-1.0,stop_touch,yes,1787411823,oversold_24h,45.3261,below_50%,open,,,,missing,,0,missing,,,no_consecutive_trend,reconstructed
4093,1787415411,2026-08-22T16:16:51+00:00,COAIUSDT,SHORT,ema_cross_confirmed,1,0.2847,pre_fix,0.2847,0.2847,0.2847,sl_first,1787416200,2026-08-22T16:30:00+00:00,nan,stop_touch,yes,1787411823,oversold_24h,45.3261,below_50%,ttl_expired,,,,missing,,0,missing,,,no_consecutive_trend,reconstructed
4033,1787415422,2026-08-22T16:17:02+00:00,EDENUSDT,SHORT,ema_cross,1,0.05042,pre_fix,0.05042,0.05451103448275862,0.042237931034482756,unresolved,1787502600,2026-08-23T16:30:00+00:00,0.3935434929197576,window_close,no,,,28.0,below_50%,open,,,,missing,,0,missing,,,no_consecutive_trend,reconstructed
4094,1787415423,2026-08-22T16:17:03+00:00,EDENUSDT,SHORT,ema_cross_confirmed,1,0.05042,pre_fix,0.05042,0.05042,0.05042,sl_first,1787416200,2026-08-22T16:30:00+00:00,nan,stop_touch,no,,,28.0,below_50%,ttl_expired,,,,missing,,0,missing,,,no_consecutive_trend,reconstructed
4034,1787415453,2026-08-22T16:17:33+00:00,SWARMSUSDT,SHORT,ema_cross,1,0.00776,pre_fix,0.00776,0.008256827586206897,0.0067663448275862076,unresolved,1787502600,2026-08-23T16:30:00+00:00,0.3119794558578581,window_close,no,,,67.7545,at_or_above_50%,open,,,,missing,,0,missing,,,no_consecutive_trend,reconstructed
4095,1787415454,2026-08-22T16:17:34+00:00,SWARMSUSDT,SHORT,ema_cross_confirmed,1,0.00776,pre_fix,0.00776,0.00776,0.00776,tp_first,1787416200,2026-08-22T16:30:00+00:00,nan,target_touch,no,,,67.7545,at_or_above_50%,ttl_expired,,,,missing,,0,missing,,,no_consecutive_trend,reconstructed
4035,1787415457,2026-08-22T16:17:37+00:00,MUUUSDT,SHORT,ema_cross,1,30.91,pre_fix,30.91,32.346896551724136,28.036206896551725,unresolved,1787502600,2026-08-23T16:30:00+00:00,-0.4941204703623724,window_close,no,,,4.9521,below_50%,open,,,,missing,,0,missing,,,no_consecutive_trend,reconstructed
4096,1787415457,2026-08-22T16:17:37+00:00,MUUUSDT,SHORT,ema_cross_confirmed,1,30.91,pre_fix,30.91,30.91,30.91,sl_first,1787416200,2026-08-22T16:30:00+00:00,nan,stop_touch,no,,,4.9521,below_50%,ttl_expired,,,,missing,,0,missing,,,no_consecutive_trend,reconstructed
4036,1787415476,2026-08-22T16:17:56+00:00,MAVIAUSDT,SHORT,ema_cross,1,0.02925,pre_fix,0.02925,0.030261724137931035,0.027226551724137932,sl_first,1787425200,2026-08-22T19:00:00+00:00,-1.0,stop_touch,no,,,40.3838,below_50%,sl,1787424999,0.03032,,missing,,0,missing,,,no_consecutive_trend,reconstructed
4097,1787415476,2026-08-22T16:17:56+00:00,MAVIAUSDT,SHORT,ema_cross_confirmed,1,0.02925,pre_fix,0.02925,0.02925,0.02925,ambiguous,1787416200,2026-08-22T16:30:00+00:00,nan,both_barriers_same_candle,no,,,40.3838,below_50%,ttl_expired,,,,missing,,0,missing,,,no_consecutive_trend,reconstructed
4037,1787415494,2026-08-22T16:18:14+00:00,SQDUSDT,SHORT,ema_cross,1,0.03501,pre_fix,0.03501,0.03710862068965517,0.030812758620689655,tp_first,1787416200,2026-08-22T16:30:00+00:00,2.000000000000003,target_touch,yes,1787414313,oversold_24h,75.4336,at_or_above_50%,tp,1787415536,0.02929,,missing,,0,missing,,,no_consecutive_trend,reconstructed
4098,1787415494,2026-08-22T16:18:14+00:00,SQDUSDT,SHORT,ema_cross_confirmed,1,0.03501,pre_fix,0.03501,0.03501,0.03501,tp_first,1787416200,2026-08-22T16:30:00+00:00,nan,target_touch,yes,1787414313,oversold_24h,75.4336,at_or_above_50%,ttl_expired,,,,missing,,0,missing,,,no_consecutive_trend,reconstructed
4038,1787415507,2026-08-22T16:18:27+00:00,DOSUSDT,SHORT,ema_cross,1,0.2303,pre_fix,0.2303,0.2453103448275862,0.2002793103448276,unresolved,1787502600,2026-08-23T16:30:00+00:00,0.37307603951297924,window_close,no,,,39.8871,below_50%,open,,,,missing,,0,missing,,,no_consecutive_trend,reconstructed
4099,1787415508,2026-08-22T16:18:28+00:00,DOSUSDT,SHORT,ema_cross_confirmed,1,0.2303,pre_fix,0.2303,0.2303,0.2303,sl_first,1787416200,2026-08-22T16:30:00+00:00,nan,stop_touch,no,,,39.8871,below_50%,ttl_expired,,,,missing,,0,missing,,,no_consecutive_trend,reconstructed
4039,1787415512,2026-08-22T16:18:32+00:00,FIGHTUSDT,SHORT,ema_cross,1,0.003367,pre_fix,0.003367,0.0035047586206896552,0.0030914827586206897,sl_first,1787474700,2026-08-23T08:45:00+00:00,-1.0,stop_touch,no,,,26.6948,below_50%,sl,1787502658,0.003509,,missing,,0,missing,,,no_consecutive_trend,reconstructed
4100,1787415512,2026-08-22T16:18:32+00:00,FIGHTUSDT,SHORT,ema_cross_confirmed,1,0.003367,pre_fix,0.003367,0.003367,0.003367,ambiguous,1787416200,2026-08-22T16:30:00+00:00,nan,both_barriers_same_candle,no,,,26.6948,below_50%,ttl_expired,,,,missing,,0,missing,,,no_consecutive_trend,reconstructed
4040,1787415541,2026-08-22T16:19:01+00:00,BUSDT,SHORT,ema_cross,1,0.1445,pre_fix,0.1445,0.1514655172413793,0.13056896551724137,unresolved,1787502600,2026-08-23T16:30:00+00:00,0.8900990099009878,window_close,no,,,31.5595,below_50%,open,,,,missing,,0,missing,,,no_consecutive_trend,reconstructed
4101,1787415541,2026-08-22T16:19:01+00:00,BUSDT,SHORT,ema_cross_confirmed,1,0.1445,pre_fix,0.1445,0.1445,0.1445,ambiguous,1787416200,2026-08-22T16:30:00+00:00,nan,both_barriers_same_candle,no,,,31.5595,below_50%,ttl_expired,,,,missing,,0,missing,,,no_consecutive_trend,reconstructed
4041,1787415567,2026-08-22T16:19:27+00:00,LABUSDT,SHORT,ema_cross,1,0.07161,pre_fix,0.07161,0.07717379310344827,0.06048241379310344,sl_first,1787421600,2026-08-22T18:00:00+00:00,-1.0,stop_touch,no,,,72.4364,at_or_above_50%,sl,1787420847,0.07725,,missing,,0,missing,,,no_consecutive_trend,reconstructed
4102,1787415567,2026-08-22T16:19:27+00:00,LABUSDT,SHORT,ema_cross_confirmed,1,0.07161,pre_fix,0.07161,0.07161,0.07161,ambiguous,1787416200,2026-08-22T16:30:00+00:00,nan,both_barriers_same_candle,no,,,72.4364,at_or_above_50%,ttl_expired,,,,missing,,0,missing,,,no_consecutive_trend,reconstructed
4042,1787415585,2026-08-22T16:19:45+00:00,INXUSDT,SHORT,ema_cross,1,0.00746,pre_fix,0.00746,0.007877586206896551,0.006624827586206896,tp_first,1787455800,2026-08-23T03:30:00+00:00,2.000000000000002,target_touch,no,,,71.8182,at_or_above_50%,open,,,,missing,,0,missing,,,no_consecutive_trend,reconstructed
4103,1787415585,2026-08-22T16:19:45+00:00,INXUSDT,SHORT,ema_cross_confirmed,1,0.00746,pre_fix,0.00746,0.00746,0.00746,tp_first,1787416200,2026-08-22T16:30:00+00:00,nan,target_touch,no,,,71.8182,at_or_above_50%,ttl_expired,,,,missing,,0,missing,,,no_consecutive_trend,reconstructed
4043,1787415598,2026-08-22T16:19:58+00:00,LABUSDT,SHORT,ema_cross_confirmed,1,0.0712,pre_fix,0.0712,0.08232758620689655,0.0489448275862069,unresolved,1787502600,2026-08-23T16:30:00+00:00,-0.1725441586612958,window_close,no,,,72.4364,at_or_above_50%,open,,,,missing,,0,missing,,,no_consecutive_trend,reconstructed
4044,1787415646,2026-08-22T16:20:46+00:00,JCTUSDT,SHORT,ema_cross,1,0.001906,pre_fix,0.001906,0.0021191379310344827,0.0014797241379310344,unresolved,1787502600,2026-08-23T16:30:00+00:00,-0.6427762497977683,window_close,no,,,44.7995,below_50%,open,,,,missing,,0,missing,,,no_consecutive_trend,reconstructed
4104,1787415647,2026-08-22T16:20:47+00:00,JCTUSDT,SHORT,ema_cross_confirmed,1,0.001906,pre_fix,0.001906,0.001906,0.001906,sl_first,1787416200,2026-08-22T16:30:00+00:00,nan,stop_touch,no,,,44.7995,below_50%,ttl_expired,,,,missing,,0,missing,,,no_consecutive_trend,reconstructed
4045,1787415657,2026-08-22T16:20:57+00:00,WLFIUSDT,SHORT,ema_cross,1,0.05894,pre_fix,0.05894,0.061155172413793105,0.054509655172413796,unresolved,1787502600,2026-08-23T16:30:00+00:00,-0.15348692403486913,window_close,no,,,29.0534,below_50%,open,,,,missing,,0,missing,,,no_consecutive_trend,reconstructed
4105,1787415658,2026-08-22T16:20:58+00:00,WLFIUSDT,SHORT,ema_cross_confirmed,1,0.05894,pre_fix,0.05894,0.05894,0.05894,sl_first,1787416200,2026-08-22T16:30:00+00:00,nan,stop_touch,no,,,29.0534,below_50%,ttl_expired,,,,missing,,0,missing,,,no_consecutive_trend,reconstructed
4046,1787415663,2026-08-22T16:21:03+00:00,ALLOUSDT,SHORT,ema_cross,1,0.28662,pre_fix,0.28662,0.30133793103448275,0.25718413793103445,unresolved,1787502600,2026-08-23T16:30:00+00:00,0.8927885291223451,window_close,no,,,23.4488,below_50%,open,,,,missing,,0,missing,,,no_consecutive_trend,reconstructed
4107,1787415663,2026-08-22T16:21:03+00:00,ALLOUSDT,SHORT,ema_cross_confirmed,1,0.28662,pre_fix,0.28662,0.28662,0.28662,sl_first,1787416200,2026-08-22T16:30:00+00:00,nan,stop_touch,no,,,23.4488,below_50%,ttl_expired,,,,missing,,0,missing,,,no_consecutive_trend,reconstructed
4047,1787415668,2026-08-22T16:21:08+00:00,OUSDT,SHORT,ema_cross,1,0.4443,pre_fix,0.4443,0.4687310344827586,0.3954379310344827,unresolved,1787502600,2026-08-23T16:30:00+00:00,0.3970359915314037,window_close,no,,,31.1552,below_50%,open,,,,missing,,0,missing,,,no_consecutive_trend,reconstructed
4108,1787415668,2026-08-22T16:21:08+00:00,OUSDT,SHORT,ema_cross_confirmed,1,0.4443,pre_fix,0.4443,0.4443,0.4443,sl_first,1787416200,2026-08-22T16:30:00+00:00,nan,stop_touch,no,,,31.1552,below_50%,ttl_expired,,,,missing,,0,missing,,,no_consecutive_trend,reconstructed
4049,1787415720,2026-08-22T16:22:00+00:00,WLFIUSDT,SHORT,ema_cross_confirmed,1,0.05903,pre_fix,0.05903,0.06346034482758621,0.05016931034482758,unresolved,1787502600,2026-08-23T16:30:00+00:00,-0.056429016189290165,window_close,no,,,29.0534,below_50%,open,,,,missing,,0,missing,,,no_consecutive_trend,reconstructed
4051,1787416258,2026-08-22T16:30:58+00:00,INXUSDT,SHORT,ema_cross_confirmed,1,0.00702,pre_fix,0.00702,0.007855172413793104,0.005349655172413792,unresolved,1787503500,2026-08-23T16:45:00+00:00,0.07184145334434364,window_close,no,,,71.8182,at_or_above_50%,open,,,,missing,,0,missing,,,no_consecutive_trend,reconstructed
4063,1787418955,2026-08-22T17:15:55+00:00,BUSDT,SHORT,ema_cross_confirmed,1,0.1435,pre_fix,0.1435,0.1574310344827586,0.11563793103448275,unresolved,1787506200,2026-08-23T17:30:00+00:00,0.37326732673267204,window_close,no,,,31.5595,below_50%,open,,,,missing,,0,missing,,,no_consecutive_trend,reconstructed
4076,1787425203,2026-08-22T19:00:03+00:00,SWARMSUSDT,SHORT,ema_cross_confirmed,1,0.00776,post_fix,0.007732,0.008725655172413794,0.005744689655172413,unresolved,1787512500,2026-08-23T19:15:00+00:00,0.03220433092726252,window_close,no,,,67.7545,at_or_above_50%,open,,,,missing,,0,missing,,,no_consecutive_trend,reconstructed
4077,1787426110,2026-08-22T19:15:10+00:00,ALLOUSDT,SHORT,ema_cross_confirmed,1,0.28662,post_fix,0.28277,0.31220586206896556,0.22389827586206895,unresolved,1787513400,2026-08-23T19:30:00+00:00,0.3145822595004934,window_close,no,,,23.4488,below_50%,open,,,,missing,,0,missing,,,no_consecutive_trend,reconstructed
4083,1787428808,2026-08-22T20:00:08+00:00,FIGHTUSDT,SHORT,ema_cross_confirmed,1,0.003367,post_fix,0.003365,0.0036405172413793104,0.002813965517241379,window_not_elapsed,1787514300,2026-08-23T19:45:00+00:00,-0.6097622027534421,analysis_run_before_window_end,no,,,26.6948,below_50%,open,,,,missing,,0,missing,,,no_consecutive_trend,reconstructed
4110,1787430543,2026-08-22T20:29:03+00:00,PTBUSDT,SHORT,ema_cross,1,0.0008282,post_fix,0.0008282,0.0008744551724137931,0.0007356896551724138,tp_first,1787454900,2026-08-23T03:15:00+00:00,1.9999999999999976,target_touch,no,,,39.4412,below_50%,open,,,,missing,,0,missing,,,no_consecutive_trend,reconstructed
4111,1787430600,2026-08-22T20:30:00+00:00,PTBUSDT,SHORT,ema_cross_confirmed,1,0.0008282,post_fix,0.0008087,0.0009012103448275861,0.0006236793103448277,window_not_elapsed,1787514300,2026-08-23T19:45:00+00:00,0.10593409870284806,analysis_run_before_window_end,no,,,39.4412,below_50%,open,,,,missing,,0,missing,,,no_consecutive_trend,reconstructed
4112,1787430656,2026-08-22T20:30:56+00:00,STBLUSDT,SHORT,ema_cross,1,0.02513,post_fix,0.02513,0.02614103448275862,0.02310793103448276,window_not_elapsed,1787514300,2026-08-23T19:45:00+00:00,0.3956343792633033,analysis_run_before_window_end,no,,,18.0995,below_50%,open,,,,missing,,0,missing,,,no_consecutive_trend,reconstructed
4114,1787430667,2026-08-22T20:31:07+00:00,MOVRUSDT,SHORT,ema_cross,1,0.732,post_fix,0.732,0.7650344827586206,0.6659310344827586,window_not_elapsed,1787514300,2026-08-23T19:45:00+00:00,0.514613778705638,analysis_run_before_window_end,no,,,40.2244,below_50%,open,,,,missing,,0,missing,,,no_consecutive_trend,reconstructed
4115,1787430723,2026-08-22T20:32:03+00:00,GRASSUSDT,SHORT,ema_cross,1,0.3061,post_fix,0.3061,0.32342413793103447,0.271451724137931,sl_first,1787492700,2026-08-23T13:45:00+00:00,-1.0,stop_touch,no,,,36.8543,below_50%,sl,1787491984,0.3236,,missing,,0,missing,,,no_consecutive_trend,reconstructed
4116,1787430827,2026-08-22T20:33:47+00:00,TACUSDT,SHORT,ema_cross,1,0.001931,post_fix,0.001931,0.0020641379310344828,0.0016647241379310345,tp_first,1787431500,2026-08-22T20:45:00+00:00,2.0,target_touch,yes,1787429743,oversold_24h,171.3876,at_or_above_50%,tp,1787430853,0.001532,,missing,,0,missing,,,no_consecutive_trend,reconstructed
4117,1787430832,2026-08-22T20:33:52+00:00,HEIUSDT,SHORT,ema_cross,1,0.12993,post_fix,0.12993,0.13914896551724137,0.11149206896551722,window_not_elapsed,1787514300,2026-08-23T19:45:00+00:00,0.06182906302599446,analysis_run_before_window_end,no,,,29.8468,below_50%,open,,,,missing,,0,missing,,,no_consecutive_trend,reconstructed
4118,1787430843,2026-08-22T20:34:03+00:00,TACUSDT,SHORT,ema_cross_confirmed,1,0.001931,post_fix,0.001627,0.0018932758620689655,0.001094448275862069,sl_first,1787433300,2026-08-22T21:15:00+00:00,-1.0,stop_touch,yes,1787429743,oversold_24h,171.3876,at_or_above_50%,sl,1787433196,0.0018932758620689655,,missing,,0,missing,,,no_consecutive_trend,reconstructed
4119,1787430864,2026-08-22T20:34:24+00:00,OPGUSDT,SHORT,ema_cross,1,0.0981,post_fix,0.0981,0.10243103448275863,0.08943793103448276,window_not_elapsed,1787514300,2026-08-23T19:45:00+00:00,0.4386942675159264,analysis_run_before_window_end,no,,,34.0936,below_50%,open,,,,missing,,0,missing,,,no_consecutive_trend,reconstructed
4133,1787433301,2026-08-22T21:15:01+00:00,STBLUSDT,SHORT,ema_cross_confirmed,1,0.02513,post_fix,0.02477,0.02679206896551724,0.02072586206896552,window_not_elapsed,1787514300,2026-08-23T19:45:00+00:00,0.019781718963165988,analysis_run_before_window_end,no,,,18.0995,below_50%,open,,,,missing,,0,missing,,,no_consecutive_trend,reconstructed
4134,1787433302,2026-08-22T21:15:02+00:00,MOVRUSDT,SHORT,ema_cross_confirmed,1,0.732,post_fix,0.719,0.7850689655172414,0.5868620689655172,window_not_elapsed,1787514300,2026-08-23T19:45:00+00:00,0.06054279749478083,analysis_run_before_window_end,no,,,40.2244,below_50%,open,,,,missing,,0,missing,,,no_consecutive_trend,reconstructed
4135,1787433304,2026-08-22T21:15:04+00:00,GRASSUSDT,SHORT,ema_cross_confirmed,1,0.3061,post_fix,0.2978,0.332448275862069,0.22850344827586205,sl_first,1787510700,2026-08-23T18:45:00+00:00,-1.0,stop_touch,no,,,36.8543,below_50%,sl,1787509855,0.3327,,missing,,0,missing,,,no_consecutive_trend,reconstructed
4136,1787433306,2026-08-22T21:15:06+00:00,OPGUSDT,SHORT,ema_cross_confirmed,1,0.0981,post_fix,0.0962,0.10486206896551724,0.0788758620689655,window_not_elapsed,1787514300,2026-08-23T19:45:00+00:00,0.0,analysis_run_before_window_end,no,,,34.0936,below_50%,open,,,,missing,,0,missing,,,no_consecutive_trend,reconstructed
4161,1787444102,2026-08-23T00:15:02+00:00,HEIUSDT,SHORT,ema_cross_confirmed,1,0.12993,post_fix,0.12761,0.14604793103448277,0.09073413793103446,window_not_elapsed,1787514300,2026-08-23T19:45:00+00:00,-0.09491303534692354,analysis_run_before_window_end,no,,,29.8468,below_50%,open,,,,missing,,0,missing,,,no_consecutive_trend,reconstructed
4162,1787444151,2026-08-23T00:15:51+00:00,HOMEUSDT,SHORT,ema_cross,1,0.00604,post_fix,0.00604,0.00637344827586207,0.005373103448275862,sl_first,1787463900,2026-08-23T05:45:00+00:00,-1.0,stop_touch,no,,,25.7036,below_50%,sl,1787463757,0.00637344827586207,,missing,,0,missing,,,no_consecutive_trend,reconstructed
4163,1787444255,2026-08-23T00:17:35+00:00,ATUSDT,SHORT,ema_cross,1,0.14597,post_fix,0.14597,0.1512565517241379,0.13539689655172413,window_not_elapsed,1787514300,2026-08-23T19:45:00+00:00,1.0271345639553855,analysis_run_before_window_end,no,,,14.2183,below_50%,open,,,,missing,,0,missing,,,no_consecutive_trend,reconstructed
4164,1787444290,2026-08-23T00:18:10+00:00,BASEDUSDT,SHORT,ema_cross,1,0.07446,post_fix,0.07446,0.07910275862068965,0.06517448275862069,window_not_elapsed,1787514300,2026-08-23T19:45:00+00:00,-0.01292335115864626,analysis_run_before_window_end,no,,,82.2218,at_or_above_50%,open,,,,missing,,0,missing,,,no_consecutive_trend,reconstructed
4165,1787444333,2026-08-23T00:18:53+00:00,XNYUSDT,SHORT,ema_cross,1,0.007139,post_fix,0.007139,0.007428758620689656,0.00655948275862069,window_not_elapsed,1787514300,2026-08-23T19:45:00+00:00,-0.5866952278947993,analysis_run_before_window_end,no,,,27.4951,below_50%,open,,,,missing,,0,missing,,,no_consecutive_trend,reconstructed
4166,1787444378,2026-08-23T00:19:38+00:00,4USDT,SHORT,ema_cross,1,0.01072,post_fix,0.01072,0.01139296551724138,0.009374068965517242,sl_first,1787513400,2026-08-23T19:30:00+00:00,-1.0,stop_touch,no,,,50.3245,at_or_above_50%,sl,1787512594,0.011394,,missing,,0,missing,,,no_consecutive_trend,reconstructed
4167,1787444394,2026-08-23T00:19:54+00:00,COOKIEUSDT,SHORT,ema_cross,1,0.01056,post_fix,0.01056,0.011028275862068965,0.009623448275862069,window_not_elapsed,1787514300,2026-08-23T19:45:00+00:00,-0.14948453608247556,analysis_run_before_window_end,no,,,32.7064,below_50%,open,,,,missing,,0,missing,,,no_consecutive_trend,reconstructed
4168,1787444427,2026-08-23T00:20:27+00:00,SOONUSDT,SHORT,ema_cross,1,0.1915,post_fix,0.1915,0.19797241379310346,0.1785551724137931,sl_first,1787470200,2026-08-23T07:30:00+00:00,-1.0,stop_touch,no,,,17.7202,below_50%,open,,,,missing,,0,missing,,,no_consecutive_trend,reconstructed
4169,1787444471,2026-08-23T00:21:11+00:00,SOONUSDT,SHORT,ema_cross_confirmed,1,0.1915,post_fix,0.1903,0.2032448275862069,0.16441034482758618,window_not_elapsed,1787514300,2026-08-23T19:45:00+00:00,-0.46350559403303143,analysis_run_before_window_end,no,,,17.7202,below_50%,open,,,,missing,,0,missing,,,no_consecutive_trend,reconstructed
4234,1787464079,2026-08-23T05:47:59+00:00,GUSDT,SHORT,ema_cross,1,0.003769,post_fix,0.003769,0.0038933793103448277,0.003520241379310345,sl_first,1787493600,2026-08-23T14:00:00+00:00,-1.0,stop_touch,no,,,10.845,below_50%,sl,1787493034,0.0039,,missing,,0,missing,,,no_consecutive_trend,reconstructed
4235,1787464086,2026-08-23T05:48:06+00:00,BROCCOLIF3BUSDT,SHORT,ema_cross,1,0.006292,post_fix,0.006292,0.006535482758620689,0.00580503448275862,window_not_elapsed,1787514300,2026-08-23T19:45:00+00:00,-0.11910494264268684,analysis_run_before_window_end,no,,,5.5988,below_50%,open,,,,missing,,0,missing,,,no_consecutive_trend,reconstructed
4236,1787464152,2026-08-23T05:49:12+00:00,STORJUSDT,SHORT,ema_cross,1,0.03935,post_fix,0.03935,0.04102379310344828,0.03600241379310345,sl_first,1787492700,2026-08-23T13:45:00+00:00,-1.0,stop_touch,no,,,9.9664,below_50%,sl,1787491894,0.04109,,missing,,0,missing,,,no_consecutive_trend,reconstructed
4237,1787464157,2026-08-23T05:49:17+00:00,BANKUSDT,SHORT,ema_cross,1,0.03525,post_fix,0.03525,0.03651689655172413,0.03271620689655172,window_not_elapsed,1787514300,2026-08-23T19:45:00+00:00,-0.4262384322264617,analysis_run_before_window_end,no,,,7.4063,below_50%,open,,,,missing,,0,missing,,,no_consecutive_trend,reconstructed
4238,1787464160,2026-08-23T05:49:20+00:00,RAVEUSDT,SHORT,ema_cross,1,0.2777,post_fix,0.2777,0.28864137931034484,0.25581724137931033,sl_first,1787483700,2026-08-23T11:15:00+00:00,-1.0,stop_touch,no,,,16.3623,below_50%,sl,1787485200,0.2942,,missing,,0,missing,,,no_consecutive_trend,reconstructed
4239,1787464182,2026-08-23T05:49:42+00:00,WETUSDT,SHORT,ema_cross,1,0.06686,post_fix,0.06686,0.06891758620689656,0.0627448275862069,sl_first,1787485500,2026-08-23T11:45:00+00:00,-1.0,stop_touch,no,,,14.8721,below_50%,sl,1787485200,0.06902,,missing,,0,missing,,,no_consecutive_trend,reconstructed
4240,1787464186,2026-08-23T05:49:46+00:00,DEEPUSDT,SHORT,ema_cross,1,0.01285,post_fix,0.01285,0.01352896551724138,0.011492068965517242,sl_first,1787486400,2026-08-23T12:00:00+00:00,-1.0,stop_touch,no,,,22.7707,below_50%,sl,1787485686,0.01353,,missing,,0,missing,,,no_consecutive_trend,reconstructed
4241,1787464216,2026-08-23T05:50:16+00:00,PARTIUSDT,SHORT,ema_cross,1,0.02255,post_fix,0.02255,0.023580344827586208,0.020489310344827587,sl_first,1787494500,2026-08-23T14:15:00+00:00,-1.0,stop_touch,no,,,11.2657,below_50%,sl,1787493722,0.02384,,missing,,0,missing,,,no_consecutive_trend,reconstructed
4242,1787464218,2026-08-23T05:50:18+00:00,EPICUSDT,SHORT,ema_cross,1,0.3371,post_fix,0.3371,0.35776551724137934,0.2957689655172414,window_not_elapsed,1787514300,2026-08-23T19:45:00+00:00,-0.20807608877023034,analysis_run_before_window_end,no,,,13.3094,below_50%,open,,,,missing,,0,missing,,,no_consecutive_trend,reconstructed
4243,1787464239,2026-08-23T05:50:39+00:00,BMTUSDT,SHORT,ema_cross,1,0.01537,post_fix,0.01537,0.016380344827586206,0.013349310344827586,window_not_elapsed,1787514300,2026-08-23T19:45:00+00:00,0.14846416382252656,analysis_run_before_window_end,no,,,12.5,below_50%,open,,,,missing,,0,missing,,,no_consecutive_trend,reconstructed
4244,1787464258,2026-08-23T05:50:58+00:00,STARUSDT,SHORT,ema_cross,1,0.12196,post_fix,0.12196,0.13388103448275862,0.09811793103448276,window_not_elapsed,1787514300,2026-08-23T19:45:00+00:00,0.039426108588122837,analysis_run_before_window_end,no,,,27.9484,below_50%,open,,,,missing,,0,missing,,,no_consecutive_trend,reconstructed
4245,1787464275,2026-08-23T05:51:15+00:00,PARTIUSDT,SHORT,ema_cross_confirmed,1,0.02255,post_fix,0.02242,0.024480689655172413,0.01829862068965517,sl_first,1787500800,2026-08-23T16:00:00+00:00,-1.0,stop_touch,no,,,11.2657,below_50%,sl,1787499988,0.02452,,missing,,0,missing,,,no_consecutive_trend,reconstructed
4246,1787464277,2026-08-23T05:51:17+00:00,STARUSDT,SHORT,ema_cross_confirmed,1,0.12196,post_fix,0.12298,0.14682206896551725,0.07529586206896552,window_not_elapsed,1787514300,2026-08-23T19:45:00+00:00,0.062494576379046235,analysis_run_before_window_end,no,,,27.9484,below_50%,open,,,,missing,,0,missing,,,no_consecutive_trend,reconstructed
4247,1787464282,2026-08-23T05:51:22+00:00,KGENUSDT,SHORT,ema_cross,1,0.16718,post_fix,0.16718,0.1751203448275862,0.15129931034482758,sl_first,1787485500,2026-08-23T11:45:00+00:00,-1.0,stop_touch,no,,,15.6626,below_50%,sl,1787485686,0.17552,,missing,,0,missing,,,no_consecutive_trend,reconstructed
4267,1787465712,2026-08-23T06:15:12+00:00,STORJUSDT,SHORT,ema_cross_confirmed,1,0.03935,post_fix,0.03899,0.04233758620689655,0.03229482758620689,sl_first,1787506200,2026-08-23T17:30:00+00:00,-1.0,stop_touch,no,,,10.194,below_50%,sl,1787506050,0.04233758620689655,,missing,,0,missing,,,no_consecutive_trend,reconstructed
4279,1787466335,2026-08-23T06:25:35+00:00,HOMEUSDT,SHORT,ema_cross,1,0.00636,post_fix,0.00636,0.006685862068965517,0.005708275862068965,window_not_elapsed,1787514300,2026-08-23T19:45:00+00:00,0.27619047619047576,analysis_run_before_window_end,yes,1787466033,bb_squeeze,9.0604,below_50%,open,,,,missing,,0,missing,,,no_consecutive_trend,reconstructed
4280,1787466378,2026-08-23T06:26:18+00:00,HOMEUSDT,SHORT,ema_cross_confirmed,1,0.00636,post_fix,0.00634,0.006991724137931035,0.00503655172413793,window_not_elapsed,1787514300,2026-08-23T19:45:00+00:00,0.10740740740740697,analysis_run_before_window_end,yes,1787466033,bb_squeeze,9.0604,below_50%,open,,,,missing,,0,missing,,,no_consecutive_trend,reconstructed
4282,1787486306,2026-08-23T11:58:26+00:00,ICXUSDT,SHORT,ema_cross,1,0.0172,post_fix,0.0172,0.018050689655172415,0.015498620689655173,window_not_elapsed,1787514300,2026-08-23T19:45:00+00:00,-0.15281718686664145,analysis_run_before_window_end,no,,,11.5221,below_50%,open,,,,missing,,0,missing,,,no_consecutive_trend,reconstructed
4317,1787486307,2026-08-23T11:58:27+00:00,ICXUSDT,SHORT,ema_cross_confirmed,1,0.0172,post_fix,0.0172,0.0172,0.0172,sl_first,1787486400,2026-08-23T12:00:00+00:00,nan,stop_touch,no,,,11.5221,below_50%,ttl_expired,,,,missing,,0,missing,,,no_consecutive_trend,reconstructed
4283,1787486334,2026-08-23T11:58:54+00:00,OPNUSDT,SHORT,ema_cross,1,0.05592,post_fix,0.05592,0.05876034482758621,0.050239310344827585,sl_first,1787499900,2026-08-23T15:45:00+00:00,-1.0,stop_touch,no,,,10.8627,below_50%,sl,1787499266,0.05878,,missing,,0,missing,,,no_consecutive_trend,reconstructed
4318,1787486334,2026-08-23T11:58:54+00:00,OPNUSDT,SHORT,ema_cross_confirmed,1,0.05592,post_fix,0.05592,0.05592,0.05592,ambiguous,1787486400,2026-08-23T12:00:00+00:00,nan,both_barriers_same_candle,no,,,10.8627,below_50%,ttl_expired,,,,missing,,0,missing,,,no_consecutive_trend,reconstructed
4284,1787486495,2026-08-23T12:01:35+00:00,CYSUSDT,LONG,ema_cross,1,0.5765,post_fix,0.5765,0.5390275862068966,0.6514448275862069,window_not_elapsed,1787514300,2026-08-23T19:45:00+00:00,0.4723474740038639,analysis_run_before_window_end,no,,,18.3858,below_50%,open,,,,missing,,0,missing,,,no_consecutive_trend,reconstructed
4319,1787486497,2026-08-23T12:01:37+00:00,CYSUSDT,LONG,ema_cross_confirmed,1,0.5765,post_fix,0.5765,0.5765,0.5765,sl_first,1787487300,2026-08-23T12:15:00+00:00,nan,stop_touch,no,,,18.3858,below_50%,ttl_expired,,,,missing,,0,missing,,,no_consecutive_trend,reconstructed
4304,1787496342,2026-08-23T14:45:42+00:00,ICXUSDT,SHORT,ema_cross_confirmed,1,0.0172,post_fix,0.01711,0.018811379310344826,0.013707241379310349,window_not_elapsed,1787514300,2026-08-23T19:45:00+00:00,-0.12930685042561915,analysis_run_before_window_end,no,,,9.9454,below_50%,open,,,,missing,,0,missing,,,no_consecutive_trend,reconstructed
4325,1787501252,2026-08-23T16:07:32+00:00,GRASSUSDT,LONG,ema_cross,1,0.3247,post_fix,0.3247,0.3065689655172414,0.36096206896551725,window_not_elapsed,1787514300,2026-08-23T19:45:00+00:00,1.3071510079878295,analysis_run_before_window_end,no,,,13.7907,below_50%,open,,,,missing,,0,missing,,,no_consecutive_trend,reconstructed
4326,1787501342,2026-08-23T16:09:02+00:00,MYXUSDT,LONG,ema_cross,1,0.0764,post_fix,0.0764,0.07287241379310344,0.0834551724137931,window_not_elapsed,1787514300,2026-08-23T19:45:00+00:00,-0.2551319648093834,analysis_run_before_window_end,no,,,11.3181,below_50%,open,,,,missing,,0,missing,,,no_consecutive_trend,reconstructed
4327,1787501387,2026-08-23T16:09:47+00:00,UAIUSDT,LONG,ema_cross,1,0.28924,post_fix,0.28924,0.27344137931034485,0.32083724137931036,sl_first,1787508000,2026-08-23T18:00:00+00:00,-1.0,stop_touch,yes,1787500702,pump_24h_fade,34.8777,below_50%,sl,1787507430,0.27344137931034485,,missing,,0,missing,,,no_consecutive_trend,reconstructed
4345,1787510716,2026-08-23T18:45:16+00:00,GRASSUSDT,LONG,ema_cross_confirmed,1,0.3247,post_fix,0.3353,0.30810344827586206,0.38969310344827585,window_not_elapsed,1787514300,2026-08-23T19:45:00+00:00,0.4816787118042349,analysis_run_before_window_end,no,,,16.1235,below_50%,open,,,,missing,,0,missing,,,no_consecutive_trend,reconstructed
